ID,Other_ID,Frame,Distance,Repulsion_Force_ID1,Repulsion_Force_ID2
1,2,2456,11.990514261169746,-5.3258748545966865,-0.8373521051359275
1,3,152,1.612074663982704,-5.148331061993073,-6.009969701906305
1,3,154,10.769696687923997,-4.300690469547757,-4.906805025475645
1,3,199,12.937567226325026,-1.7217599980391352,5.063746270102665
1,3,207,3.757061516718953,-1.0160946987644268,-3.6369267514421355
1,3,208,8.387551028582221,-1.0534597457245591,-3.7916510195957294
1,3,209,11.697726976098364,-0.7748349313014505,-2.573771753447386
1,3,210,14.502495249286833,-1.2031059470742274,-1.6122621739455627
1,3,2180,3.940915933908811,-0.643487045133596,0.17533725723231391
1,3,2181,4.486926680763217,-0.9129039964298818,0.27813988388829464
1,3,2183,4.875774569377026,-1.0185673242757332,0.20491190529686654
1,3,2184,5.7741752623066365,-1.0448407941926117,0.12101207258419511
1,3,2193,8.793498237665156,-1.926300196266604,-0.41851940421792755
1,3,2198,12.317496715344507,-2.2601582127651705,-0.22248230255629464
1,3,2199,14.61361660788132,-2.1852924265392426,-0.1756820972050933
1,3,2270,3.486439327737756,-4.053827824839319,-4.912212237222117
1,3,2272,13.472247416039263,-2.7311356505488735,-3.8584730457857703
1,3,2293,1.042466871630521,-0.011990305287507108,-1.4212452808046634
1,3,2294,2.795935173256974,1.4187513279485786,-3.808636172533772
1,3,2295,4.0995709405177765,1.9881926765810634,-3.303666758859517
1,3,2296,5.181060425947577,1.303929525261019,-2.3860796708206156
1,3,2297,6.344882134700016,0.7165818465908478,-1.892482102600003
1,3,2298,7.3379156365821165,0.4148386378267645,-1.4080634795966773
1,3,2299,8.816238224018342,-0.5768567239020024,-0.9085341574331374
1,3,2300,11.457019065216514,-1.934205195409462,-0.7114947589132811
1,3,2310,3.0202190831410496,-0.6877011741491698,0.5700498349401241
1,3,2311,4.784954292307883,-2.4555656382402633,0.6621222714060597
1,3,2312,6.6188584084635655,-2.6599499038443137,0.8247653682684382
1,3,2313,8.357768035301936,-2.564206639042264,0.8194893393777609
1,3,2314,10.421146497701386,-2.7061393936553335,0.641463966955961
1,3,2315,12.031075667132116,-2.112758733368978,0.502689135430565
1,3,2324,3.388305929463515,-0.7313932222781203,0.2255582964145939
1,3,2325,4.3919311850094145,-1.3833146867827302,0.0255711036549016
1,3,2326,6.171707493679715,-2.086601380014386,0.1374023108443143
1,3,2327,7.902932225995567,-1.7563185746034642,-0.11353946108741558
1,3,2328,9.619584669142274,-1.4591294088783693,-0.2987283563397564
1,3,2329,11.341331858566193,-1.4032044601120965,-0.360278528841762
1,3,2330,12.640176138050155,-0.9496026252200229,-0.38006702601140163
1,3,2363,3.9187277469809665,2.008871095302982,-0.8571095863322278
1,3,2610,9.317680075131259,-0.5709664798708293,3.777083958571436
1,7,5775,4.8992453164371526,2.2155595326758273,-0.6909456602593371
1,7,5782,3.6041190376738546,-0.8499625005844734,2.225242367337748
1,7,5809,8.999396682448566,-3.295278635523378,-1.004755990887739
1,7,5810,12.504846087229252,-2.786317179809856,-0.7212593328474076
1,8,2268,3.1338490513093498,-5.034087525323179,-2.3010155491077815
1,8,2269,9.616360934343803,-4.691263473833657,-1.855987388752815
1,8,2290,1.901336869567092,-1.246039901628882,-1.0893831364937223
1,8,2291,4.0356025942228655,-1.4400002164952992,-0.7046729869347144
1,8,2292,5.869028417943049,-1.5101232966943114,-0.323367062530597
1,8,2293,7.156781892937221,-0.9861981182862309,-0.32841623516491714
1,8,2294,7.657777464160303,0.8636668037196054,-1.5085819915801455
1,8,2295,6.937289493216464,1.5914834891134422,-0.9073478715722014
1,8,2299,5.206790510490144,-0.5285701688481813,-0.34463767836516346
1,8,2300,7.390572726938985,-1.8557707784593998,-0.33333776283966066
1,8,2301,10.832712948907492,-3.384231575979439,-0.2413072476397961
1,8,2302,13.863343571147372,-2.895239769914999,-0.2594703933657446
1,8,2311,2.4090476405677843,-2.229113300351988,0.5650222432318259
1,8,2312,4.4444682816955225,-2.609318192899308,0.563893226616783
1,8,2313,6.4312276055873125,-2.5382065532934237,0.5492829091802309
1,8,2314,8.46240968319453,-2.6420924091210836,0.6035495114403127
1,8,2315,10.526048995196334,-2.0793235195825748,0.014660422204977
1,8,2321,6.1770430776656,0.9705185625233496,-1.9008129335644994
1,8,2322,6.4746461681120175,1.3801937042735082,-2.1430377696947076
1,8,2323,6.876296082564628,0.6193241520700518,-1.3005744339259966
1,8,2324,7.761451877373835,0.7915519155861528,-1.768943390592399
1,8,2325,9.181415693674332,0.4133278698644499,-1.9035383653049158
1,8,2326,8.28872965471538,2.0663028506694303,-1.210944346930445
1,8,2327,7.284571226391256,1.8602034102857743,-0.9262737952477775
1,8,2328,6.760268837206449,1.3758962046559835,-0.890673991314903
1,8,2329,6.278642338172461,1.3509968522164917,-0.9201779458698602
1,8,2330,5.84112643988023,0.930111056300676,-0.5444591501979589
1,8,2334,5.232956968352929,0.30229111745164816,-0.5656076331718933
1,8,2335,5.530727612467792,0.442428269693783,-0.7784190559517199
1,8,2336,5.690495807118794,0.748229800359358,-0.9336024244416483
1,8,2337,5.713613159411381,0.7625792409184361,-0.8089580397877892
1,8,2338,5.296822630429433,1.5202687100225794,-1.1108916818737182
1,8,2343,0.7090326358302836,1.598077556668681,-1.0291559827705141
1,8,2344,0.3872312331990264,-1.9114851795896748,0.881154509152365
1,8,2345,1.2908010988102787,-1.4265797249798202,0.5145654113098151
1,8,2346,1.7746461446793818,-0.6053263926504674,0.11389183936346334
1,8,2347,2.1861437119244833,-0.7238455686025853,0.3118757602994834
1,8,2348,2.4976021648285407,-1.117017433227622,0.8043763423990412
1,8,2350,2.9833690590512316,0.7598305056700178,-0.8331611087606822
1,8,2352,3.394739857903238,0.12569794221104352,-0.514760089740671
1,8,2353,4.485268966162588,0.08419291210728114,-1.1771732757079607
1,8,2354,6.280159828940902,-0.01514668474535133,-1.804335959193007
1,8,2355,8.1339285439184,-0.18826057696556148,-1.6701256493569918
1,8,2356,9.063972333202976,0.05235863478859236,-0.9825223380261824
1,8,2357,10.127282709535239,-0.037733890260195094,-1.035906511810347
1,8,2358,11.072634319363091,-0.026792861227072026,-0.9204072618558129
1,8,2359,12.708210819812425,-0.08291844949715639,-1.580469915343952
1,10,2276,10.167450597183084,-1.3396101606847632,-36.14610593035923
1,10,2304,7.431053504777865,-2.1897152861223748,2.4523381390246017
1,10,2305,6.546923807289535,-1.724000616138975,2.6031919135042685
1,10,2306,6.679558699695313,-1.780587734858057,1.6458658148134775
1,10,2307,8.299055127904365,-1.6530323240662457,0.03249710203450515
1,10,2308,9.08352259595505,-0.9754820863299989,0.18940330450948464
1,10,2311,7.8966038885701675,2.447282240653019,-1.8543198526581401
1,10,2312,6.97390780950034,2.6542357255835993,-1.7579512156555386
1,10,2313,6.231205747948177,2.476996876405506,-1.7774533028649584
1,10,2314,5.202652130553965,2.663830529418084,-1.6591193936787425
1,10,2315,4.550405926028633,1.984177222645681,-1.3707760450361248
1,10,2316,5.412378805426227,0.4262587384393594,-1.323636171634848
1,10,2318,7.988723154684239,-0.33098861818151315,-1.1680539757293662
1,10,2319,8.973131908116708,0.054496534641857886,-1.0396961894204908
1,10,2320,10.65020824637827,-0.10581901017517056,-1.571267385564079
1,10,2321,9.664715530798706,-0.9259228086613711,1.890998327406154
1,10,2322,7.7069662877150416,-1.9728192182665754,3.8477414019855045
1,10,2323,5.447053311165195,-0.9591314636120336,3.000886674166985
1,10,2324,4.382729299755494,-1.658771423363879,2.469889336625791
1,10,2325,4.5967067021016375,-1.5006096115191951,1.0872841768703145
1,10,2326,6.511115037530848,-2.0663012518956414,-0.06910674617641183
1,10,2327,8.279385471660541,-1.7369603650981396,-0.21005881183664588
1,10,2328,10.11928837481987,-1.4609118293926,-0.42212107315834
1,10,2329,11.817851750159141,-1.401295360286635,-0.3456078874629039
1,10,2330,13.059816428141843,-0.9417732091020927,-0.3132026101278181
1,10,2340,10.263044680326225,-1.0149992023150047,0.7677955508896965
1,10,2341,10.414316421534346,-1.098621262878357,0.7834915261840211
1,10,2343,11.840672913310362,-1.3916390875110944,-0.5731415377465269
1,10,2344,14.736221317187956,-1.8922148466302082,-1.0859029731311924
2,3,2421,2.4155795790873356,0.5220791826320899,-7.087310579607067
2,3,2422,7.292799422925984,0.664125922159029,-5.550422831335338
2,3,2423,11.163070360048398,1.03877801643245,-4.909130935153632
2,3,2446,12.628681610988092,-2.6199220844911606,-1.6585505209864237
2,3,3666,14.50332548603949,5.502775701816212,-0.5272249961136612
2,3,3677,6.775294321322789,-0.6147363123685562,-4.682020989515214
2,3,3678,12.325107781349434,3.2265736383820496,-9.214583376024237
2,3,3679,14.415802597697356,4.431074344432394,-6.6132522371642555
2,3,3680,12.132930468438746,4.016979896416373,-1.7374985491304795
2,3,3681,10.339498717849468,3.535659095158228,-1.748602469945353
2,3,3682,7.456142585344974,4.617135752121615,-1.7371713768268802
2,3,3683,4.431797464404805,4.683683079652935,-2.2195306480033916
2,3,3684,2.3256313030275244,2.371462774153649,-0.5618910993028917
2,3,3698,8.07497730475405,-3.5195652444990424,3.951257320416165
2,3,3699,8.14628640311201,-3.2832383570770665,3.1980851763179823
2,3,3700,7.492439475942836,-2.7488173116953147,3.396160334006261
2,3,3701,7.173064149530016,-2.344297314340394,2.64419273090187
2,3,3702,9.454281193987601,-2.031558690203578,-0.26077819189975826
2,3,3703,13.99411922905754,-1.355891330836418,-3.1839492568228116
2,3,3766,9.14635310524718,-4.509756761284585,-2.9515594197895902
2,3,3791,7.388718380047366,-0.775496535384084,2.240724953036095
2,3,3792,6.72182335283532,-1.2620002605763283,1.3951817992374742
2,3,3793,6.746320121319141,-1.2148974929289185,0.84542896009771
2,3,3794,6.8986793760083645,-0.9523259415253539,0.6175828490607089
2,3,3795,7.3579609929305,-1.1748257018650081,0.6555861026496759
2,3,3796,7.694124066295682,-1.2070443869012017,0.8515688060605278
2,3,3797,7.82674944060552,-1.0136268644329969,0.8668881444394657
2,3,3798,8.442715258322554,-0.7937202326062577,0.16826449797731882
2,3,3799,9.023796687744769,-0.6300186029961132,0.039454385267627914
2,3,3800,9.717406020411822,-0.7616295603436518,0.06772207566100709
2,3,3801,10.642780809781453,-0.9701306463365322,0.03860437395914114
2,3,3821,12.419155919002904,0.08438049953935521,-0.5380779969584568
2,3,3822,13.332441861008355,0.16025118439272265,-1.5511157578053143
2,3,3823,14.266004091492533,0.33046206697562,-1.504216536726329
2,3,3826,14.603084572020867,0.3026163153868789,-2.523886460997133
2,3,3842,13.350594033249065,-0.7311567321519682,-0.2566525798654258
2,3,3866,10.050268694375623,-0.5140673155379337,-0.14459633253550797
2,3,3867,9.823101857390846,-0.6491997947415346,0.2122622892202497
2,3,3869,12.409161772878553,1.1403928324612116,-4.215244355858173
2,3,3890,5.1061208777548135,-1.1166838373663264,2.4536521151150263
2,3,3891,4.245001316201616,-1.3607660762330396,2.001706332517385
2,3,3895,3.202975174168004,-0.33019033366859063,-0.5749080427607602
2,3,3897,2.5191749684044105,-0.22884469466576318,-0.6745233550405969
2,3,3898,3.933377613428817,-1.651661678049312,-0.34218797564200953
2,3,3899,5.829753020447615,-1.746953136055272,-0.2639789843361419
2,3,3900,7.8046875133282105,-1.4675284763003453,-0.5477876395428106
2,3,3901,9.141255366763245,-0.618257793746074,-0.7383022300237918
2,3,3902,9.401701292627472,0.45347619367843095,-0.732412132222349
2,3,3914,0.5855271609402732,-0.21534448223699518,-0.5727933113680502
2,3,3915,4.054549192915445,-2.8314182994432198,-0.6408919222111178
2,3,3916,9.837798563194566,-5.932816750921937,0.02926373721522274
2,3,3957,6.9898662266893465,-1.4847801551634041,-7.141263609326658
2,3,3958,14.176341781286808,-1.2506770752812066,-5.936976357414423
2,3,4577,12.433975590176006,0.24067534855043998,-1.3410667462463868
2,3,4578,13.697676721270808,0.1172323139022185,-1.4762668822831013
2,3,4656,3.91290741383599,-0.9767358178297754,5.430863505732747
2,3,4657,1.5047575045852821,0.3625195410986186,-2.866486184232325
2,3,4658,4.622041798889659,0.4398261621971772,-4.302914118362106
2,3,4659,7.367248118970981,0.12501600413581393,-3.091602648398156
2,3,4660,9.866918801060278,-0.7656305043681719,-1.9916152345054616
2,3,4661,11.785950449292313,-1.564521742854389,-0.5004245013963607
2,3,4662,12.730161792653494,-1.7756468197344657,0.6444044906521993
2,3,4663,13.878613864325722,-1.7965956934707914,0.507802311126875
2,3,4664,14.000637145847978,-1.2285481378579324,1.106481147419069
2,3,4665,14.606767715891731,-1.4673601459120316,0.8473042290304753
2,3,4686,8.94612050158116,-2.2470271282701413,-5.4825803197774885
2,3,5263,3.914885626673004,-2.814820210411374,-1.0489986460731306
2,3,5264,8.072129069444182,-3.5464634638868904,-1.083433568775506
2,3,5265,12.281736913832393,-3.6935769062601995,-0.6809932446970579
2,3,5296,8.11246576405269,6.831999944783657,-0.8335295805545115
2,3,5297,5.831271145562996,4.382981338376638,-2.115746800145586
2,3,5298,7.438373852604513,0.40720491366512823,-2.1072206391900834
2,3,5299,14.897122893340015,-5.614241106595765,-1.8489580642177281
2,4,1998,2.859246646825059,3.418161839172056,-1.4292764889494654
2,4,1999,3.5817247306577875,0.0051259466062951176,-2.3143155712671204
2,4,2000,5.781238302672868,-0.7698714310502653,-1.5844974329373958
2,4,2001,7.6940428848597024,-0.7853678815904039,-1.137002263736537
2,4,2002,9.426196684784003,-0.8531615441205957,-0.8796964125053381
2,4,2003,10.225287627878394,-0.170644770181829,-0.6481062031195182
2,4,2006,13.132960443807848,-0.15015225119812825,-0.5120009047585791
2,4,2009,12.068936802786723,-0.8342685796385026,2.242725886222322
2,4,2020,12.477185791925491,-5.334692644797156,8.05320101585505
2,4,2021,9.600179451517842,-4.417538259366956,7.294001231950513
2,4,2023,13.694266709646316,-8.909584396073642,-5.928303097113007
2,4,2078,5.287507194596304,-4.2472274337338405,-7.995764801289743
2,4,2175,3.8964438329875546,-4.986988973664506,-2.9944707705033706
2,4,2177,4.259025176882829,-0.8973273932290493,-3.240321531103019
2,4,2178,9.544724689903303,-2.3732617489352172,-2.9928468225001037
2,4,2179,14.575614282679718,-2.668223631307695,-2.377393152904437
2,4,2199,7.005119961371426,-4.154394476492243,-5.46275878106663
2,4,3572,3.6019111266802453,-0.5129464669993331,1.449244518178646
2,4,3574,5.032426616951929,1.2361817392420071,-5.673357119723732
2,4,3575,9.332889621057328,1.171128183782682,-5.575243531198409
2,4,3576,12.541559734851843,1.2847153328900323,-4.516342029404724
2,4,3592,3.23905512237073,-1.6548886611668545,-1.4957371971642637
2,4,3593,5.916108801662851,-1.5000455315463188,-1.1863154681703354
2,4,3594,9.087348076753322,-2.368050155700506,-0.8032519805924373
2,4,3595,12.591859423439717,-2.6456617498303348,-0.8605190028294138
2,4,3637,4.524421978808486,-5.765340037837449,-0.11839233595194797
2,4,3638,12.676250147455628,-8.118893452147166,-0.07388908425807934
2,4,3664,2.353740297801405,-5.012407651424011,-0.5954571503645962
2,4,3665,9.30673926122346,-6.643786761772283,-0.8958511284140726
2,4,3681,6.755038695545681,-3.514506178759205,-1.8239278753988486
2,4,3682,12.459045916768867,-4.416236883684162,-1.6130634067682879
2,4,3683,14.421858178582916,-5.2103127160459035,3.0767876197407906
2,4,3684,12.60618567883574,-3.8420887954797056,5.655015994919553
2,4,3685,9.036979933501462,-2.962806049533522,6.516322808954697
2,4,3752,8.275363054648023,0.010584954162579327,-4.188309697866171
2,4,3753,12.455540567272664,-0.07802108639384615,-4.289260368025564
2,4,3764,5.7053042581121085,-1.6067114976018853,1.4807938876550646
2,4,3784,8.726053767662012,0.5965266342954848,-3.759600118548104
2,4,3785,13.549728458665367,0.5811005716667407,-5.460319769135457
2,4,3871,14.718190278957813,-0.6021371588916941,-28.511652122905502
2,4,4017,8.38388634377614,0.8856652768025747,-7.625061927658233
2,4,4207,2.437331891971079,-0.39252748063057763,-0.5490197125194809
2,4,4208,3.2430310260602977,-0.4156869802714135,-0.5097485645370384
2,4,4209,4.133700697375261,-0.7072404895689615,-0.2357023448270964
2,4,4210,5.808376654161192,-1.828479534739269,0.0555262714192738
2,4,4211,7.092425100236169,-1.7605504264639613,0.44396592527953577
2,4,4285,9.547882720953444,-2.00005670402628,-1.691418253354177
2,4,4286,12.362806777769325,-1.4061367879610256,-1.4415668998983149
2,4,4837,5.5310574464837785,-6.052851418759669,-4.432132857321369
2,4,4838,14.793349297886511,-5.585214415241527,-3.6829072224765738
2,4,4885,4.486929446160955,-2.59966013260063,5.592646094381431
2,4,4886,3.367379829284426,-3.3347628231544157,3.5441007654480967
2,4,4887,4.258639004388239,-2.65922650074911,1.3964418288446319
2,4,4888,5.7751504329747325,-2.4140328701130764,0.83697782198757
2,4,4889,8.152334072469667,-2.991720212115135,0.6069863428719895
2,4,4890,10.422631889119351,-2.722353282935782,0.4332808117152943
2,4,4891,12.54373836643407,-2.730798974763571,0.5823620833105783
2,4,4892,14.5471205734745,-2.588854700576057,0.552347759688377
2,4,4928,8.067126090314126,0.5330405225325792,-0.5618622067823771
2,4,4931,1.654867983681693,-1.712436808531569,-1.7479891619330223
2,4,4932,4.280017936391594,-1.2125150369396445,-1.413163669607803
2,4,4933,6.626604274935592,-0.9139501277658644,-1.432751769797016
2,4,4934,8.87820600163597,-2.8528391038537055,0.5563822746041305
2,4,4935,11.180973782436759,-3.9089889094480075,1.521159302531556
2,4,4936,13.119805052996078,-4.378775668884596,2.38322302871854
2,4,4946,6.130173256445806,-3.5981706691028776,-4.724338451353294
2,4,4947,14.28786962486159,-3.514080736338174,-4.684662286590049
2,4,4961,3.676579204867364,-4.35199090598034,-4.135221637039826
2,4,4962,10.977796652938935,-3.8078360537163736,-3.509903314082411
2,5,790,9.397525777415389,-0.5158713756566303,4.45749280289031
2,5,791,5.942604990064519,-0.8265610923062539,4.231371938171932
2,5,792,3.335522268891595,-0.8246339658118387,3.370309502452924
2,5,793,1.570616786700285,-0.5668111540607408,1.8682696930233513
2,5,794,1.7766352960776106,0.40795016774639087,-1.5698580654257812
2,5,795,3.0975788805291296,1.4422158725846141,-2.824828417336068
2,5,796,4.905919228549646,1.4292150266100863,-3.2727606488897045
2,5,797,6.728175436539842,0.9958421202096837,-2.833619253101721
2,5,798,8.504321615875224,0.23538125204966098,-2.0249759598323944
2,5,799,8.496100447154657,1.7985861248676254,-1.794143039161944
2,5,800,7.852253535718532,1.3464605851165086,-0.7073083482082835
2,5,805,3.937036173302003,-0.9839835590763791,0.18029139225116958
2,5,806,4.469265811188155,-1.3936577650156627,0.8614274213351113
2,5,807,6.294167623900861,-2.3661957920834866,0.5158136252132777
2,5,808,7.10376930001995,-3.842045193876083,2.9166013664525305
2,5,809,7.149324785895238,-4.88054706201347,4.81528407835951
2,5,810,4.856187124408943,-2.5206745802107284,4.791726772593418
2,5,811,2.567537073503109,-1.240343909730672,3.431606364536345
2,5,812,0.9708949057761955,0.9742195598036508,-0.7651701341297683
2,5,813,1.527304048800838,1.5313708572874603,-2.5145846178500553
2,5,814,2.2689768197828064,0.3941758973159817,-1.136804948323227
2,5,815,6.931509200281533,-3.5731195874657242,-1.1257348224000092
2,5,816,13.267241784268595,-5.674897118650469,-0.6776483081872254
2,5,1923,10.0798550855648,0.6878638642574311,-0.5871275616900807
2,5,1924,9.752194482621528,0.9877570222128124,-0.6818894860993819
2,5,2000,5.759820919159699,-0.5841534035945469,0.2041605930322527
2,5,2001,6.3309436831807435,-0.8141145038086948,0.14514605677170056
2,5,2002,6.923443335417738,-0.9245116425876168,0.2884953091620675
2,5,2004,6.722872892703508,-0.578458431225557,-0.3778376395335371
2,5,3047,1.517964077978312,-0.8621887740607369,0.4977979835901768
2,5,3048,3.024289150036484,-2.6165462698517103,0.47814523399028996
2,5,3049,4.991821630022253,-2.4073052325068027,0.3737956348993515
2,5,3050,6.553312974340845,-1.861722004327353,0.26977787736013115
2,5,3059,6.157853983776359,-1.6289914569388655,-0.07577163882804828
2,5,3060,8.612373412769859,-2.186622874531963,-0.2795284085307824
2,5,3061,10.97082524495933,-1.891279276570809,-0.48926158159718064
2,5,3062,12.61100609568318,-1.5527889388058234,-0.1003613742217167
2,5,3063,13.660623895699093,-1.224360511736392,0.16507783004577203
2,5,3064,14.323887115519236,-0.9158230596913961,0.24613344288629543
2,5,3065,14.797530331325062,-0.6794075345613388,0.20406975342983097
2,5,3131,4.328694174803694,-14.037576970000773,-22.698560628438962
2,5,3170,12.730051674834506,3.414951232622193,-4.298595509457165
2,5,3171,14.854579361280706,2.9793731954188623,-5.103908220805867
2,5,3261,4.391920936457101,-2.0700347129390915,-0.42808883670659914
2,5,3262,5.980170078784612,-1.0483609603003976,-0.5433536593916873
2,5,3279,0.37306885461254774,0.31785070447985103,-0.7115184035485943
2,5,3280,1.314923028700717,-0.006592935742666006,-1.160402641342794
2,5,3281,3.1722534798239876,-0.8830162380552168,-0.9747174605884089
2,5,3282,4.640047957966952,-0.7636600346996016,-0.707517374234351
2,5,3295,9.504294762282932,-1.2373397046835695,0.376997328940589
2,5,3296,10.096154721767665,-1.5879208627733719,0.9955796996363437
2,5,3297,10.443636467086352,-1.5111689929221757,1.1626346107913943
2,5,3298,10.801087428095048,-1.256242433761609,0.8916285990673526
2,5,3299,10.755374871400477,-0.9385672845077452,0.9820038185676284
2,5,3300,10.640837234291729,-0.6295877790487399,0.7406013831372098
2,5,3307,9.761811425730366,0.479964163851127,-0.5112700358034452
2,5,3308,9.994602835612543,0.4349654281952353,-0.6677660166429139
2,5,3309,10.255895618143784,0.4624349836222759,-0.7237647374255778
2,5,3310,10.828839850890976,0.1549391884881825,-0.7278878349927929
2,5,3311,11.283820601285147,0.2385746273283334,-0.6935588923416507
2,5,3321,10.921920484801836,-0.21479173854618502,-0.5907871371140518
2,5,3414,5.2012727933499185,-0.6582995893489332,-0.1569035924647946
2,5,3417,6.806894961302399,0.7642126686560229,-2.1075883898384116
2,5,3418,8.491334552238882,0.4336308093945972,-2.2044216577184437
2,5,3434,1.9446976849602338,-0.5919541964009882,0.9228055123611872
2,5,3435,1.996831545635542,-0.6177273841908243,0.3881152793307448
2,5,3460,4.136272111725384,0.44785007754362866,-2.8293131949224044
2,5,3461,5.2459961239080215,-0.12369982634628263,-1.0290612555885383
2,5,3468,4.000252261033845,1.4051180202974407,-0.8590278384319378
2,5,3469,3.3920985474323646,1.2453479551838553,-0.6372918104754488
2,5,3473,0.9999670486771913,0.8216323060992784,-0.6038874591240985
2,5,3476,1.6268486037784167,-1.1499325447389597,0.33075001669193926
2,5,3477,2.2318811984834173,-1.429188616146977,0.7746825111503418
2,5,3479,2.33975121074351,-1.615401271002547,0.7743578003099534
2,5,3562,13.180910154959763,-2.7264344799978684,-0.3319295690109012
2,5,3590,14.325288417709404,4.351630498280461,-3.013033551900246
2,5,3591,13.294752574662743,3.5827094794600223,-2.578667686030967
2,5,3594,9.439074055176146,2.3640119502464767,-2.346685135730163
2,5,3595,9.274971763837922,2.650439731689242,-2.4906592016023645
2,5,3596,8.9910034517415,2.559313966582428,-2.2763690530052694
2,5,3597,8.784113761275949,2.2178299794689895,-2.010942437047091
2,5,3598,8.671857923604065,1.7046087629533424,-1.5925236112702992
2,5,3599,8.545091820340858,1.3457857180634656,-1.221285402456132
2,5,3600,8.417964265896655,1.1009124608964163,-0.9759354507437761
2,5,3605,5.653691850734904,0.7532004581952871,-0.546349667796585
2,5,3608,5.916557872036493,-0.751388827547215,0.5279422593159819
2,5,3610,9.240726643268394,-3.430221587543705,0.201255004280588
2,5,3611,12.210976927440969,-3.2700821260516353,0.29839371202163795
2,5,3640,5.612003815417214,-5.260110424517084,-3.430693891699131
2,5,3664,1.304618826136317,-7.739618369487922,-6.504814819296864
2,5,3665,13.488557756760347,-6.691746019817356,-5.492496941785186
2,5,3684,3.6134861505815303,-3.8937607762957587,-7.136408116753942
2,5,3685,12.955889229419126,-3.1761031007038105,-6.197847473751114
2,5,3701,4.478121807560019,-1.8643692547603072,-6.672324067834243
2,5,3702,12.834121113712873,-1.8810829412317938,-6.631431701649172
2,5,3783,10.265623191906087,-0.00033945010333420733,-4.545048322889684
2,5,3786,12.614368912044107,0.6304860933683735,-4.721805418579629
2,5,3838,2.7950348611084266,0.6292553535910185,-2.9730936148741303
2,5,3839,3.9225094800453464,1.907055290562807,-3.0557788314935483
2,5,3840,5.621262309876451,1.0997108273070115,-2.8098374144782943
2,5,3841,7.527465917074644,1.5883448485368976,-3.5140716121579896
2,5,3842,8.976072538092225,2.4888443312880115,-4.025330071061711
2,5,3843,12.698193355764952,0.13862476444410105,-3.9860514304673447
2,5,3853,6.696033721955587,0.21513981971132906,-1.9433783019626136
2,5,3854,8.700820577044896,0.006072246839634615,-2.4126388432424886
2,5,3855,10.956780356814058,-0.04333178529247239,-2.3769413784388536
2,5,3856,12.865387822241399,-0.030859892608736686,-1.9211077090175062
2,5,3857,14.332460997539727,-0.17769740052382824,-1.3337473318901896
2,5,3862,8.413664872324377,-0.21340233561607935,-0.5971225199888681
2,5,3863,12.042309469128979,-0.5391713387033301,-4.715976448424607
2,5,3873,13.517666389810415,-1.27194710392053,4.507245978759991
2,5,3874,10.709967516178455,-1.1869701231945042,3.939686335761988
2,5,3875,8.226942287038737,-1.2175375555460544,3.6373908748807606
2,5,3876,6.471964220483874,-0.8559834903085135,2.3707102913827023
2,5,3877,5.8996681319731215,-1.1543391037488622,1.2285567215620459
2,5,3878,6.403092610283592,-1.2989071142274975,0.4607918827883768
2,5,3879,7.443119344040446,-0.9548863197210448,-0.22781168752502207
2,5,3880,8.36983731003506,-0.33787826675162264,-0.6567705576379765
2,5,3881,9.058363696219805,-0.07322288289747664,-0.639292544800628
2,5,3882,10.340802502496889,-1.2265116235670115,-0.19563440443657878
2,5,3883,10.791366719632158,-1.009660061018803,0.5291379362939609
2,5,3884,11.084990422634965,-1.046825019844385,0.7291916590981001
2,5,3885,11.224025480568704,-0.9605464258714087,0.8130676932616755
2,5,3888,7.107781487656156,1.8486156875553974,-0.8966399940056976
2,5,3889,7.769900477987797,0.2642844108698717,-1.0417787797870166
2,5,3890,10.137877786919644,-1.2857277540404244,-1.1308762296080985
2,5,3891,12.248412419933976,-1.3270305229689303,-0.786984028628492
2,5,3896,13.009433440949268,-1.0102934221335482,-0.6446030720672957
2,5,3897,12.880725364824817,0.23349727568054024,-0.5807719741874662
2,5,3898,13.408233592138528,-0.5403691238902937,-0.44973875517338285
2,5,3899,14.326414397429525,-0.845389593459126,-0.44310668806930903
2,5,3915,2.067450597303416,-1.7373571883073706,-0.373183366426576
2,5,3916,3.451804723946835,-6.097054871753566,4.464416058742978
2,5,3917,3.286694362324857,-6.469217828100287,6.6257285836193685
2,5,3918,3.9356222194269725,-5.974073724086637,5.316197724660682
2,5,3919,4.005416980486636,-4.259811215432575,4.189227686548936
2,5,3920,2.9032262628896985,-2.3135749751767536,3.4047592009555183
2,5,3921,0.8851481619538334,-0.6987100674450388,2.622900970659873
2,5,3922,1.4491322543982588,0.08229191431910302,-2.3968165242116877
2,5,3923,2.182070525221851,0.9632812681337732,-1.7570236048611625
2,5,3924,1.4261717706130885,1.383457656839037,-0.9841806195973913
2,5,3925,1.9719402026715251,-0.8254013055335616,-0.2923938246763317
2,5,3926,2.9924588534506955,-0.9059177700491714,-0.22846673091945002
2,5,3928,3.565242871052303,-0.7567958368219746,0.13666150720722947
2,5,3929,4.517146071856854,-1.1870442424010963,-0.34503150141588684
2,5,3930,5.5596028761877045,-0.8729299285377173,-0.3149617225049345
2,5,3931,6.955514847980964,-1.1959885302345306,-0.28754944464200893
2,5,3932,8.845202800215795,-1.5772454848104598,-0.3690588319798107
2,5,3933,11.165087548501816,-2.0743028726984623,-0.2786672532892515
2,5,3934,13.03959921712673,-1.813864892626735,-0.06501946438450125
2,5,3935,14.990214592687892,-1.9452726083046838,-0.011027219480798984
2,5,3951,5.185482320990746,-0.7798685568592665,1.8110005621248644
2,5,3952,4.442852631895407,-0.6963607099961557,1.3230567662441886
2,5,3955,2.2425889103259142,-1.208587659498458,-0.36242417057237153
2,5,3956,3.427798600112468,-1.5541137840877837,0.2269541609114059
2,5,3957,4.420106872635423,-1.4829953260999347,0.4464161104093878
2,5,3958,5.299637433022785,-1.2961055705538502,0.40827410076014303
2,5,3961,3.1623876136563167,-4.548189431719544,-0.8393999130143515
2,5,4014,11.153750360878842,1.9982499040325716,-4.105536362586137
2,5,4015,12.463761049815595,2.983549580898408,-5.262549731646336
2,5,4016,13.931826993809546,2.012686471864558,-3.865978090569797
2,5,4017,14.398046101963525,0.4422696508052306,-1.0150015394099685
2,5,4018,10.718164308021773,4.797989275389423,-1.133178851033755
2,5,4019,7.087990068230338,4.578908901749487,-0.9864675225696351
2,5,4055,2.8597769321709396,-0.7578317692759216,1.960982573634224
2,5,4066,11.226853516271708,-5.3940865675588086,0.04218679578869075
2,6,4317,8.724437189465354,-7.264600448843982,-2.412204999711435
2,6,4344,10.838816805832606,-0.7850620144701057,-0.4824204716551688
2,6,4345,12.323213105850364,-0.7714659003982798,-0.7790846210166513
2,6,4346,13.507611959925438,-0.3453590481493678,-0.8718885903467433
2,6,4347,12.114712481408848,1.9012240630583948,-0.5515211463200418
2,6,4352,1.5770316562511433,-1.3422632651227548,-0.006330703060392243
2,6,4353,3.503385970423527,-1.8226030895025849,-0.3243197358997144
2,6,4354,5.0090622463825385,-1.7941560152202243,0.27271597906803446
2,6,4355,6.056222495660805,-1.4358610211916019,0.38291607595073185
2,6,4356,6.639093697417511,-1.3388387602523346,0.754728794121386
2,6,4357,7.0732998371511995,-1.090923916678824,0.6554290804202532
2,6,4358,8.95316157433032,-0.6096460300656674,-1.2891917089164144
2,6,4359,10.71471682828155,-0.6653997060190793,-1.1034335818009386
2,6,4360,12.676639832005922,-1.2617955359888917,-0.708588219031381
2,6,4551,1.3069921232471553,-4.053047875346801,-0.1352891226526894
2,6,4552,5.139083680938068,-3.5825158359532137,-0.2503186017855539
2,6,4555,4.494409194339196,-1.5465393661232512,2.204162810205644
2,6,4602,12.05750615213145,0.5058553815142179,-5.551818705945514
2,6,4628,9.34841530037736,1.0377242415311583,-1.63549749789131
2,6,4629,7.953725724961055,2.133144568620267,-0.7657060148360482
2,6,4630,6.4151370034143795,2.173483829801911,-0.674111273245766
2,6,4633,3.4541831271059458,-1.2845047683704254,-2.1799476791829098
2,6,4634,3.28564211441597,-1.0953025596106074,1.2635224467899384
2,6,4635,3.3036234628512853,-0.8022438357957364,0.7788237855427425
2,6,4644,7.168866299345978,-0.854977600462277,-2.891394613761048
2,6,4645,10.370898869281016,-0.5735296761776866,-2.6766049484482353
2,6,4646,11.46711036056071,0.47245810893112333,-1.6391091828035302
2,6,4648,10.858011105041065,0.7757108163553902,-0.8416991424516783
2,6,4649,12.88280717975351,0.8198171210823174,-2.8467687178444883
2,6,4650,14.468764254688628,0.7959250966767859,-2.384829691231626
2,6,4654,14.737659365666493,1.43361264156939,-0.9688804794298095
2,6,4655,14.241779752831297,1.1678852257877734,-0.6739574253074891
2,6,4660,5.721875757804459,-0.7428444182119245,1.138157459862268
2,6,4661,6.3288598974866135,-1.983346779641082,0.9852087973849305
2,6,4662,7.730085093436789,-2.042377881287234,0.4611676714068592
2,6,4663,9.242262825592649,-2.01666373290514,0.365539844518295
2,6,4664,9.80494756483134,-1.2889179135080229,0.6738905476614389
2,6,4665,11.879618551903357,-1.6496139811622914,-0.4686394994332666
2,6,4666,14.456322499702637,-1.670063102159386,-0.9321377940448535
2,6,4681,8.704099874536976,-4.94810529751879,0.28796685944607525
2,6,4682,13.685861677078526,-5.940550220077066,0.20842702383384215
2,6,4697,10.98301141069902,-2.0025175601306975,1.4038506366610293
2,6,4698,11.836894456118545,-2.0199542997646907,0.8560773880545873
2,6,4699,13.350394851158145,-2.2554285565936594,0.5382262316830164
2,6,4700,14.853801315244851,-1.7825650403203088,0.18099120483759962
2,6,4705,7.695588250245736,-1.9633682332629727,-7.80847383008436
2,7,458,1.9086803537326247,-0.6891357841276622,0.6770053587676246
2,7,459,2.952894012153875,-0.741393111573974,-0.9380188695190298
2,7,460,2.602136859418993,-0.8573868561483625,0.7787655458116983
2,7,461,5.078027178774317,-0.28288799818608945,-3.4149561800674375
2,7,462,8.382571686566408,-0.18245227007720166,-3.264831283843044
2,7,463,11.857799058892935,-0.10086118131637975,-3.4826630706973902
2,7,485,7.162219518675228,0.15314710925217961,-1.9517949876529113
2,7,486,8.629556314071872,0.5038119984762758,-1.9721825392164665
2,7,487,9.413162504558917,0.8031537570207181,-1.5867960867768012
2,7,488,9.769528770382655,0.8062766138505524,-1.1627656218775604
2,7,492,3.239914942549441,-1.8230347705601653,-1.6114209936414996
2,7,493,6.848634551738371,-2.254933579852407,-1.3552600760227502
2,7,494,9.755603623796333,-2.225223539851143,-0.6821063620747143
2,7,495,13.086455613494323,-2.2340690850226097,-1.0997891454674682
2,7,3018,3.3189013330241037,-1.3672277582105048,-1.6499511040997576
2,7,3019,5.92788849448757,-1.2259981970553455,-1.4988489797572775
2,7,3033,13.282022717797929,-0.6933299771382058,0.33284493777391594
2,7,3051,9.239907301032558,-0.604437372806183,0.9721257148434829
2,7,3056,9.725046619082908,-0.58479117491471,-0.4796043496649083
2,7,3057,10.70973255613595,-0.668271502102137,-0.4036248996342535
2,7,3058,11.83730168755888,-0.5962700540907125,-0.6128563600530286
2,7,3059,10.852980507089189,1.5557291715908688,-0.5849289868754962
2,7,3063,1.8567068900289099,-0.5298358132978983,-0.7338313632139299
2,7,3064,3.167913970924956,-0.7728638937302514,-0.775590291135803
2,7,3065,4.42326224226713,-0.6650120772578572,-0.6371092989480036
2,7,3066,5.546579888566557,-0.6050246488619486,-0.5313922716774062
2,7,3067,6.597379648711635,-0.7432796508173992,-0.31233735195053314
2,7,3068,7.672503198865679,-0.9369853717069374,-0.1397194582513883
2,7,3069,9.206081711986013,-1.0570923690869694,-0.47651130314232537
2,7,3070,11.956954849982484,-2.1459198071676218,-0.6050912718143941
2,7,3071,14.61138197662713,-2.043465292109116,-0.611385608349673
2,7,3181,4.746674448606551,0.8864210117087801,-2.5962212784395913
2,7,3182,7.015409809701023,1.2438186763995438,-3.5588257570589663
2,7,3183,9.771297826561339,0.5524290173403971,-3.3149995923959366
2,7,3184,12.575695793641986,0.12470888484182546,-2.9394197443032497
2,7,3919,13.762088241538033,-0.6278043868420198,-0.12801550352793234
2,7,3920,13.431804711803473,-0.9668630837260032,0.7907696940522673
2,7,3923,5.935936136188332,-0.6460745089001592,3.539950612868988
2,7,3924,3.8186324400516116,-1.9047434359169895,4.018181991098516
2,7,3925,1.8614288825639558,-1.5228976725785235,3.479929383332265
2,7,3927,1.416941678222162,0.8462470265821869,-2.4334534676958737
2,7,3928,3.5878958453355034,-0.9018895676958978,-1.2875355987786135
2,7,3929,5.790226676076068,-1.4727068608618834,-0.7422431036173458
2,7,3930,7.95754712841623,-0.897950172603695,-1.318753318949989
2,7,3931,10.132781341038212,-1.1542007090972293,-1.0237874958615931
2,7,3932,11.896810852349576,-1.528714026059945,-0.3366297189470755
2,7,3933,14.264631311579507,-2.04460701432574,-0.3997257845289553
2,7,3957,1.1102794430937792,-0.9552942526727682,0.8990009152197617
2,7,3958,0.9414197360615064,-0.7281409790250912,0.8967179128224385
2,8,1926,9.73629135771551,0.6907031902879271,-0.6754379051828501
2,8,1927,9.92982214959266,0.2662043458748684,-1.051941781724031
2,8,1941,13.648961923724439,-7.133480875538971,0.9335128853304238
2,8,2730,2.675976471257884,-2.763835256843062,-5.998537579580858
2,8,2822,8.181898936529302,-1.603708239666568,-0.546364494660513
2,8,2824,8.582915577465887,-1.5003956210777132,0.6910324827956907
2,8,2825,8.625954661375566,-2.4550872845817646,1.694250134194635
2,8,2826,8.172717443242732,-0.5896761411949674,0.8082881577047489
2,8,3843,3.951718355645025,-0.07569821833748,-5.779609491268837
2,8,3845,5.502065862887397,0.2268925850377476,-2.112911299862618
2,8,3847,6.53671156324938,-0.5058499404500243,-6.522346948460158
2,8,3848,12.967405753774623,-0.5635409625545266,-5.871961077983579
2,8,3855,12.741288894656494,0.6322950905230083,-1.6776928148988366
2,8,3861,14.417381623200503,-0.5888167539989253,4.232712374689062
2,8,3863,6.480159440390855,-0.5298661214522795,2.2694340691124992
2,8,3865,6.020449901729305,-0.10338595632341309,-0.6728149009626193
2,8,3866,7.5042222851642615,-0.3850573335121862,-1.1867857971972515
2,8,3867,8.882223506135379,-0.2684363514134921,-1.1189008599731607
2,8,3868,9.680695194280025,0.34912930590345403,-1.173815391572161
2,8,3869,10.664040818433682,0.270073090162519,-1.365410675205332
2,8,3870,11.380901174604034,0.34571002698913456,-1.0636048310392379
2,8,3871,11.740763835927671,0.5367583951046121,-0.8993727715852653
2,8,3872,11.673814970892627,0.9110291476568265,-0.8462107998897626
2,8,3873,11.38495057248862,1.0196027048502994,-0.7518492773733374
2,8,3882,1.972710560656422,-1.5067609428523678,0.49654838313550476
2,8,3883,2.9592079713265256,-1.5827687799007144,0.48379831685298796
2,8,3884,4.269883487829155,-3.347398157625559,2.036544976626593
2,8,3885,5.47399279968148,-3.0673668329347255,1.859319730430494
2,8,3886,5.394784289914596,-0.5443852713684847,0.621094451036871
2,8,3887,5.458528217186765,-1.1470853923317557,0.5513143975053122
2,8,3888,6.751732304703124,-1.3462573840978114,-0.092080649237048
2,8,3895,5.533160025873816,-0.6987406199461692,-0.057617502503111845
2,8,3897,6.283678514554823,-2.332676308243392,0.07879850181531087
2,8,3898,8.406382499494832,-2.2563346363353536,-0.06656076622418507
2,8,3899,10.616090670292655,-1.9990857494539749,-0.28331645690580065
2,8,3900,11.388891746293911,-1.609569492056976,0.2300200540479589
2,8,3904,13.07066496163571,-0.0015201826815336994,-2.054914688711905
2,8,3922,1.6531882885741738,-0.0750223561773462,-3.437298636808985
2,8,3923,6.388901893033662,-1.1719724664370887,-3.569975198174704
2,8,3924,12.117192825511253,-2.549540259017062,-3.182596093514419
2,8,3961,9.195611178954108,-2.191621088735559,-0.23012048302258983
2,8,4013,13.89912874859668,-4.63897975605798,-0.3464576249997269
2,8,5268,5.2848785041015125,-5.287061820889949,-2.4359645851153373
2,8,5296,10.760946527147835,6.522159767737282,-2.2674119742647463
2,8,5297,8.422863902021668,4.472194984344413,-2.1975822417122064
2,8,5299,12.54579214075487,-5.61533476503487,1.0301564583928187
2,9,2026,2.7630646003428385,-7.980064784198307,-21.34646302104741
2,9,2612,1.9601248513325469,0.7572947135062558,-2.8207670107430967
2,9,2613,8.500533956411548,-3.1642688778102457,-4.300907803992668
2,9,2622,4.449551084276771,-0.4165867804585083,-0.894877492809238
2,9,2623,9.477487538763524,-2.1120967694243697,-4.8221260579375045
2,9,2634,8.891924784188541,3.1017604696631365,-1.3938495597127336
2,9,2635,8.038560818998558,2.2295905979169675,-1.3790480707976827
2,9,2636,7.075087750718004,2.3280113864958536,-1.3645889828776812
2,9,2637,6.801443973764649,1.6153962771723926,-1.3419873318166844
2,9,2638,6.304934883040154,1.3521593599925674,-0.8569684442408183
2,9,2696,12.46467378065318,-1.0983741322370746,4.150612379253024
2,9,2697,9.780798146643562,-1.1609683385893488,3.7161281926091196
2,9,2726,2.4211969649557643,-4.807129887278404,0.8617336283250876
2,9,2727,9.392972512073545,-7.952023591224194,0.9153416043972624
2,9,2752,2.731110423496605,-1.1981621109089522,-1.0494001224603526
2,9,2753,4.702054634611536,-1.2230276249513472,-0.8313793849234921
2,9,2754,6.703116709202862,-1.2200079959991743,-0.804378257980256
2,9,2755,9.235449218223767,-3.2509355826426094,0.7184289056031147
2,9,2756,10.133817675786196,-2.813655860154646,1.9133637623831938
2,9,2757,8.870913920328743,-0.830311566289154,2.0786639482496803
2,9,2758,7.631757690586403,-0.9649903754237087,2.1625647011517053
2,9,2759,8.675588155289798,-3.3197966680042965,2.2757427605599334
2,9,2823,9.114607482938274,-1.2169562710386785,0.9426886686405767
2,9,2824,10.79658569477379,-1.9094008916779168,-0.1740374790871693
2,9,2825,11.069785014543125,0.0447653651546929,-0.5568177623614663
2,9,2827,7.0592729695778855,2.9430235417428436,-0.5290260861290346
2,9,2830,8.112562402914222,-3.1025261049052695,-6.185336020897592
2,9,4900,12.805492820875477,-1.4907926188632508,-0.18385485606714191
2,10,1490,1.8595164813300271,-3.6856494189048763,-0.4256858128049877
2,10,1491,5.345786695624702,-3.2206974320483384,-0.266301847744056
2,10,1492,8.099387004222388,-2.6437868775367575,-0.1099870806634613
2,10,1493,10.251922935237198,-2.194925671373696,0.042351511921876195
2,10,1494,12.067681722843277,-1.9547241105546658,0.13870519248364566
2,10,1495,13.58392660938278,-1.7585390849374942,0.24216147284734668
2,10,1496,14.547505743739878,-1.5563022999613725,0.5927228238785169
2,10,1497,13.574776641685924,-1.085211628167402,1.953461352277956
2,10,1498,12.697345374594128,-0.5436270424954196,1.3608436488557822
2,10,1513,9.647968976780938,0.379442850609318,-1.176339170672986
2,10,1514,11.744937168080144,0.1255925771142992,-2.267586604888339
2,10,1515,12.193828561254465,0.5958788481008503,-1.0500481651068374
2,10,1543,6.7150411380200525,-0.896284754231254,0.32758639134241385
2,10,1555,2.2060540235666974,-1.0605968291813543,-0.4153102380625696
2,10,1556,3.8688967442487723,0.10970552687735705,-1.8343390044678862
2,10,1557,5.065043506886098,0.6761080328295759,-1.8845438631696232
2,10,1558,5.72896442916824,-0.1336713582047624,-0.5302512352212838
2,10,1563,0.7554743827488871,-1.0197139409500515,-0.0771008848020762
2,10,1564,1.5338792257498972,-0.8421597196110484,0.06259482773059395
2,10,1566,2.340402506519089,-0.9909362385199796,0.13216106830803664
2,10,1567,3.8025189963440487,-0.6298023421985982,-0.8323748606610297
2,10,1568,4.970864381203149,-0.4667279365128804,-0.7018516205376665
2,10,1574,1.4160526804221447,-0.36695617935984326,-0.6406590786999483
2,10,1575,2.168913591492214,-0.573342651320678,-0.1938979244307426
2,10,1576,3.0325323423540667,0.2880888028976628,-1.182817065629126
2,10,1577,3.9242870363904796,0.25506593214418044,-1.1477477074102385
2,10,1580,4.764658491731399,-0.6817923044821824,0.3732659361150931
2,10,1581,4.800052013729545,-0.5753897854410297,0.5339136805023842
2,10,1582,5.005777212934937,-0.5695043045978379,0.36279199615406327
2,10,1583,5.6101673553972775,-0.8828310636832223,0.27724399730218396
2,10,1584,5.524991225264618,-0.7031335783013087,0.7863967439119391
2,10,1589,0.9959919830777774,-0.6478663771331176,-0.7997690491405485
2,10,1590,2.808833512649396,-1.184538357501854,-0.7213431335461787
2,10,1591,5.056687423886955,-1.914805590042946,-0.33451545854576575
2,10,1592,8.283348161954665,-3.2780871054619856,0.05141637571117644
2,10,1593,10.803083330411551,-2.9278199607026463,0.4060217845130855
2,10,1594,12.848848875176918,-2.303935926326098,0.2580523112068872
2,10,1595,14.386150401840752,-1.900300772627066,0.362955146915071
2,10,4620,10.794367656954414,-2.91958616533348,-0.3695334086623552
2,10,4621,13.53019038951902,-3.0180175647548553,0.13440778714336693
2,10,4628,11.88906961515883,-0.5243633949508384,0.10927828658414099
2,10,4629,12.896715418684632,-1.1683742563004325,0.10109701974116947
2,10,4630,14.267715685199628,-1.5264983346876937,0.11695588345612556
2,10,4643,12.910643158744838,-0.7296862818259909,-0.6368126307267109
2,10,4644,14.703987245566958,-0.7973875632653431,-0.9966243746973327
2,10,4655,3.7037864112443133,-0.48301124861255307,-0.8413015329612618
2,10,4656,5.298233751623967,-0.8384775584317099,-1.0946046868828292
2,10,4657,6.244309968324168,-0.052941763972517986,-1.0106213155421875
2,10,4658,6.923698889778539,0.4156586525104783,-1.2319342351306686
2,10,4659,7.64390915064225,0.05539371463733567,-0.8302087965145559
2,10,4662,6.064548579036421,-0.6196085599103727,0.8230685686023993
2,10,4663,6.42344245122807,-1.9250557018147596,-0.5958086806087759
2,10,4664,5.593352097570811,-1.1943461015530172,1.915222600660451
2,10,4665,4.0766300675528,-1.6385158341588355,3.139771263492548
2,10,4666,2.7364534248427015,-1.6881906633618144,3.0266181776157985
2,10,4667,2.2094771838162828,-2.024742431462136,2.547726578214692
2,10,4668,1.9537712836896652,-1.6405543000190597,1.8823609839280855
2,10,4669,1.7279747249927984,-1.2832242197212884,1.5087947184831543
2,10,4670,1.2259185439757738,-0.9152880729946475,1.4130945323134116
2,10,4672,0.10957103664984931,-0.6590342374208471,0.6456973688235781
2,10,4673,0.5500686802143235,-0.7418805645388332,0.3006607304434431
2,10,4674,0.9695221101972364,-0.7172980600226907,0.2953756717731128
2,10,4675,1.5239212365974426,-0.6223274432639508,0.05712848354919916
2,10,4677,5.7826997064611705,-4.651400141931138,-1.1215249098238678
2,10,4678,12.137923152930801,-5.233590977436154,-1.2056747229475422
2,10,4706,12.944802830782562,-0.18437294045418562,-0.7543029504298016
2,10,4820,13.977429097980849,-0.04669066788237652,-29.10647795256254
3,4,3616,10.000253477635905,-55.179019922697684,-1.0352674854030677
3,4,3659,6.937787484439033,-5.942142039137147,-3.0356849778285566
3,4,3660,13.493055525308908,-5.271022556428085,-1.4088162016275079
3,4,3679,7.921414751171798,-6.361581535464014,-2.7621491740960202
3,4,3680,12.050764750912933,-1.862844398992468,-2.2726224022755304
3,4,3684,14.576078124839457,-1.3405262502949196,5.532239811113539
3,4,3685,9.681172372729135,-1.3994374526551439,6.256599275870222
3,4,3686,6.108409384213814,-1.5750038214333233,5.1006172689424645
3,4,3687,3.5227503142419887,-1.3316823499534063,3.8993344723393286
3,4,3706,8.6702271277726,4.320038208190665,-0.5180186519262828
3,4,3708,2.206764411227312,-2.381004003514433,-1.9786602339804351
3,4,3709,7.356807867823298,-2.3695884100415476,-3.202149418951674
3,4,3710,13.186214675385253,-1.8374198099387213,-4.135112671575596
3,4,3761,2.898415117053462,1.5802562040757215,-2.861706288637171
3,4,3764,7.716420781835524,5.024288689517483,-3.05305990216271
3,4,3765,2.369696908679668,1.854446801299762,-1.4991610010744425
3,4,3788,8.302204369908555,-4.167712629690886,-3.39050998129041
3,4,4020,2.9242532376378754,0.7480163686201199,-5.0931195902873485
3,4,4021,5.363375146664362,0.7633700574114376,-3.235361203059064
3,4,4025,7.221636407873636,-0.20187264341925526,-2.133647862925765
3,4,4026,7.821330878655789,0.026308898180068624,-0.7394746170484707
3,4,4029,6.090842038828853,0.34182083802814056,-0.5320001557212966
3,5,994,3.259058171125424,-0.11016577537958713,-2.9497446238860356
3,5,995,6.1721151170420825,-0.5412472783875775,-2.406925170473055
3,5,996,7.802199552449948,0.15475160671671193,-1.7930087745274315
3,5,1103,12.842406212121153,8.13647671285934,-0.8312046557431532
3,5,1105,10.615810371743784,-18.60750177599007,0.6346992556276573
3,5,1172,0.7137846396540055,-1.1613760911883433,-0.19015409916113185
3,5,1174,2.3872915229089218,0.4059363986047836,-1.0362739572381254
3,5,1175,3.0046481353152843,0.09278994401270435,-0.7127700390977035
3,5,1176,3.365868655233076,0.18888385724023604,-0.5595191479896244
3,5,1177,5.179346524515167,1.3527355600959252,-3.4087120343171162
3,5,1178,7.090801955881516,1.3187352641755266,-3.295408779254517
3,5,1179,9.238535412621475,0.06538594602354253,-2.224065799139088
3,5,1180,11.560602234595054,-0.611463527083909,-1.7312787018716698
3,5,1181,13.696803670662549,-0.602530207429927,-1.5462516384963136
3,5,1187,2.827613660393766,-1.3016444579027218,-4.239851911965804
3,5,1188,8.730136762286241,-0.00855316943838716,-6.572663743008183
3,5,1189,14.020748152696175,0.4402316007990004,-5.782007586150199
3,5,1205,13.973138743427063,-2.876609038294477,4.7778253052949475
3,5,1206,12.305491602605859,-2.4960968836785113,4.133531990224736
3,5,1207,10.970409720259829,-2.012981268646322,3.324590715883823
3,5,1208,9.970677519192892,-1.6296101705982478,2.5735881201587216
3,5,1211,11.637690005814619,-8.652676694587658,-1.9154818758289058
3,5,1240,4.294738508648845,-2.4232919803615394,-0.7028082400083048
3,5,1241,3.9483562912564243,-0.5613039028184276,0.5768487110915292
3,5,1245,4.290731371995395,-0.022893839086369796,-0.5164375344271847
3,5,1249,4.943872560904433,0.24939615292594858,-0.6361689697979347
3,5,1266,6.825133407016057,0.40786636500472406,-1.4264224947683457
3,5,1268,8.638660629295284,-0.18475606461359662,-1.9746259960118873
3,5,1269,10.496391794678809,-0.27696616896296106,-1.6638680423236143
3,5,1279,1.5800362343758398,-2.3406593815828534,0.5569858128639544
3,5,1280,6.914211751967277,-2.398405934022246,-3.0092398727730636
3,5,1281,11.792142411049634,-2.2469487872095035,-2.6310881836998146
3,5,1315,3.9127062678518394,-2.682409272426229,-1.504134038116879
3,5,1316,8.358400121757235,-2.878730745411653,-1.5723131769937846
3,5,1317,11.685796268337358,-1.9648724197081573,-1.3636138667249214
3,5,1318,13.536693079466277,2.503616201092727,-4.731405716177738
3,5,3618,7.57605530656317,-36.66100353830569,0.46710106633560383
3,5,3662,8.43624124412693,-4.4295065217718665,-3.002339478683388
3,5,3684,5.645357776226172,-1.1845078585200237,-6.691272813052517
3,5,3685,13.336353872839156,-1.7473262977448343,-6.185242712002769
3,5,3702,4.595361279513929,0.044301329262483244,-5.210915069713011
3,5,3703,7.023393346716699,2.744044851411659,-5.267274864919828
3,5,3704,7.355615485385029,4.195390917778311,-4.530751759634268
3,5,3705,6.201507884059526,4.794238061178055,-3.640468738530875
3,5,3706,4.986079989026762,4.207936309158885,-2.9963317841058346
3,5,3707,3.930553779699247,3.684267513136281,-2.6409966529259585
3,5,3708,2.89977058946569,3.271880862001646,-2.2506982080402946
3,5,3709,2.046233535647186,2.3158760374251934,-1.4740624975561691
3,5,3710,1.2217615299323636,1.7980966001132268,-1.0032514058055377
3,5,3711,0.19128249539566072,-1.6829806926997803,0.40566330528022654
3,5,3712,1.7783142121833224,-1.0826907600928513,-0.5214427952024381
3,5,3713,4.686392065338202,-0.9832955982220024,-1.9257818110089542
3,5,3714,8.475014984275202,-0.684133571209682,-3.110147666494055
3,5,3715,11.800881613518321,-0.5668106462086275,-2.770857232297206
3,5,3716,13.793778093483478,-0.6285447536831641,-1.365826710158995
3,5,3717,13.81289927264351,-0.6990820250078695,0.6720693872285073
3,5,3718,13.83080919609769,-0.5502141296955828,0.526004785645074
3,5,3719,13.961352890704388,-0.5283104776482728,0.3892291412448419
3,5,3788,2.7858836313435003,-3.9608206213255164,-2.9749302713723473
3,5,3789,5.356717274339292,-4.418325407809636,1.4303714892368586
3,5,3790,7.770578803388203,-3.6706762265611608,1.2007773272307727
3,5,3791,9.535532422046217,-3.096697894407346,1.2913951960157197
3,5,3792,11.691566174994149,-2.8714025025983982,0.7062940209455081
3,5,3793,13.143744000995738,-2.5917688681219753,1.1199859847798386
3,5,3830,5.292863555176324,-0.8480816101885641,-3.709388359653781
3,5,3831,9.125006137895374,-0.6437342734938645,-3.6167822745807796
3,5,3833,12.353863723784027,-0.13964591628432924,-2.991639367655415
3,5,3834,14.907943818191237,0.12693787263085718,-2.685873572232115
3,5,3855,4.6796636215523515,0.018183973551511752,-1.2088741858589205
3,5,3856,6.006930132568865,0.0624297076876858,-1.5477902980034584
3,5,3857,7.19533074026861,0.07120970481119782,-1.2865470271089101
3,5,3858,8.673038009607042,0.07334324204137384,-1.5522810547577868
3,5,3859,10.078257445844224,0.10026040730551283,-1.511307106870166
3,5,3862,3.457013841696844,0.13933455380011686,-5.5298736544647245
3,5,3863,9.675803723899273,0.19145158008715202,-6.71827502995982
3,5,3872,5.8688004397214995,-3.1849499204829694,-4.573183678176196
3,5,3873,13.254107959501475,-2.927534783751783,-4.4768834629473595
3,5,3888,2.061178341438342,-0.778088657143565,-2.188104722394114
3,5,3889,4.687680784299136,-0.9821428035928802,-1.6695618362108808
3,5,3890,6.3713470563841526,-0.7671618564844747,-1.4070298351419217
3,5,3891,8.255336223674961,-1.2415463878674444,-0.8610869669213607
3,5,3892,9.855919453961727,-1.424135709067013,-0.23374245743426697
3,5,3893,11.270113551065087,-1.3228841899823005,-0.13743534296611776
3,5,3894,11.694836186324693,-0.9446231779989371,0.41982011392834634
3,5,3895,12.495825696978962,-0.7874804373054773,-0.031519160345430314
3,5,3896,14.149647166910848,-0.9572070697684735,-0.6966323706843043
3,5,3905,12.940977593182794,-0.6082845638471839,0.7724547049560883
3,5,3914,3.9122954847448335,-0.5579725946517374,1.139576831326457
3,5,3915,3.500558120780159,-0.765177247711411,1.1549173787979834
3,5,3916,6.623090309862828,-0.04488630555655454,-3.7360413042149236
3,5,3917,12.774608875854055,0.17174041318600322,-6.411890153630617
3,5,3947,10.59019013192944,0.3605141126451554,-1.548496922673988
3,5,3948,11.95998581227909,0.3551155504002996,-1.917150811389654
3,5,3949,12.988278007123625,0.9279363747226416,-2.024960441644966
3,5,3950,14.006701215377861,0.9725410328907915,-2.0157294458508934
3,5,3951,14.805839955966421,1.0044208588578998,-1.8094276239076115
3,5,3953,14.933350875521832,1.0107489805230434,-0.8566502718478748
3,5,3957,3.332283993222871,-6.522707631787968,-0.07482688820183572
3,5,3958,9.351558105944719,-5.920224282650744,-0.25890687125193246
3,5,3976,13.477785381604209,3.3350427731072867,-0.911374915150382
3,5,3977,12.819394101137382,1.036794313758044,-0.8290339191679883
3,5,3978,13.276324406836634,0.19353992000977227,-0.9478699154154937
3,5,3991,10.93357749175634,-0.6327859255827618,1.1400580998549494
3,5,3992,12.08315105655402,-2.297543778710324,1.0877395835453896
3,5,3993,12.005393170839701,-1.6455232850682686,1.51740603192531
3,5,3996,5.586789763514546,4.853038176169151,-1.4895830903072178
3,5,3997,2.5819785741863286,4.146772953587649,-1.2548500103963105
3,5,4001,6.601524459531542,-2.5743182165442757,2.5810541827677116
3,5,4002,5.568845638208993,-1.3328615153545513,2.3621183510190207
3,5,4003,4.652677022134257,-1.337079878173827,2.2402765733800187
3,5,4004,3.3842383451511413,-0.9030318548529311,2.1529732633727297
3,5,4005,2.3350392756743683,-0.5931945275013563,1.6364861169310214
3,5,4006,1.2656880946544729,-0.7119254091962256,1.4234224503046806
3,5,4007,0.4407633232138191,-0.570578248648401,0.9647763999618222
3,5,4008,0.6492302147571288,0.28244370469391367,-0.9054210820008115
3,5,4011,7.61663648560954,0.17934417302315114,-5.775665957125647
3,5,4012,13.654779102791293,0.3515273200049258,-6.44455519118536
3,5,4241,8.909542419588421,-3.68858832195399,1.2697445465020811
3,5,4242,13.299310821175371,-5.589807206216151,1.1988148341902165
3,5,4393,4.655251600246714,4.420364422610349,-1.4930239693691854
3,5,4395,2.5663535347041755,2.5762941300920095,-1.6836377684362467
3,5,4396,2.8433291877396343,-1.025402438320256,-0.2764045435316978
3,5,4397,4.473103858431964,-2.19492293000128,0.18917285591908206
3,5,4398,5.60259271993525,-1.3648885253511085,0.2133690199586662
3,5,4399,5.557226506389517,-0.5514178594631831,0.593422534706518
3,5,4407,1.381722862039854,-1.7181733908273704,-0.26537442769708025
3,5,4408,3.4298317400249543,-1.8841116365439992,-0.20720595403591777
3,5,4409,6.025970651620246,-3.038394172303334,0.43793847663728097
3,5,4424,2.870971049979295,0.10004801554481006,-2.697875441646861
3,5,4425,4.857995676931829,0.2203273579311374,-2.2280045013871166
3,5,4426,4.9144304753679835,0.5828241220911128,-0.6397523056736297
3,5,4430,2.4647780434496767,-2.192519893958649,0.31855951047049574
3,5,4431,4.314255831604904,-2.3337870909416933,0.44149653029872943
3,5,4432,5.604369799491562,-1.6022140138185237,0.305136691321249
3,5,4435,5.769446204526609,-0.5854376166205514,0.6557961264029377
3,5,4436,5.658230613728805,-0.619215651661825,0.7295698840662059
3,5,4441,6.75974053050665,-2.5149751891056344,0.5365159038338122
3,5,4446,2.1992633706793803,-1.122009800563551,-1.2069355188417283
3,5,4447,4.195168041700779,-0.906441201480602,-1.1001669052195449
3,5,4448,5.210451183150988,-0.03646316738095763,-0.979169386112606
3,5,4449,7.2280578896754095,-0.7763605779940299,-1.2472886784600592
3,5,4450,9.109337622443453,-0.40468483415711276,-1.4815645182497519
3,5,4451,10.609387235611745,-0.26864599954464363,-1.2356093979668372
3,5,4452,13.427785667224132,0.2560834122706999,-3.078630667778413
3,5,4454,14.788982384601908,0.6602572722207916,-2.3619758475227965
3,5,4457,13.745460251802918,0.9242668579507658,-2.908645414435014
3,6,4659,1.462379663385794,-0.7722180359956898,-0.671407048703127
3,6,4660,4.145509312237396,-1.9821252986462652,-1.1344982072491514
3,6,4661,5.701319682757866,-0.6287137302486747,-0.9327091832935311
3,6,4662,5.58766766269514,0.8798559700490014,-0.7705107825211508
3,6,4663,5.697048665370133,0.8512542337637222,-0.9610819875175323
3,6,4664,6.287225426299419,0.6077741777304012,-1.2811620870636329
3,6,4665,6.503867609467764,0.40672985563731223,-0.7780329169945402
3,6,4672,1.4514223037285365,-0.5880016570410888,0.060656918702613236
3,6,4673,5.342953174676973,-4.21516410204016,0.0004439784658153423
3,6,4674,8.806501678952888,-3.744052558064177,0.26168948057801583
3,6,4675,11.209990935046719,-3.389173966693043,0.9841517473611889
3,6,4676,14.681568539161345,-3.056925383089074,-0.41469994244353503
3,6,4691,6.919902087408572,-5.640411579014493,-5.208843373262682
3,7,1519,6.860246117368738,-2.560967226192119,-3.322898110027749
3,7,1520,12.702582460309284,-2.4180989357034157,-3.6095380124532315
3,7,1528,4.671072561390908,-2.229612503434863,0.2800588366780174
3,7,1529,9.069632505233145,-4.166109047576508,-0.8333102992654382
3,7,1530,13.899896972836757,-3.9069704183866927,-1.0637520534507316
3,7,1544,0.7661776838611752,-1.9337810401721605,-3.0375974149839307
3,7,1545,6.66276404132944,-1.9079394551316808,-4.316481193823941
3,7,1551,6.455699963360706,0.343887364447406,-0.6774656145956011
3,7,1552,6.774120770721161,0.4085683848835069,-0.7762940637797546
3,7,1553,6.93154633640133,0.41010349194146506,-0.5907339714669255
3,7,1554,7.364352647226217,0.24285238672488074,-0.6757401349187737
3,7,1559,4.534000269991416,-0.6146474763592797,0.9001776271649603
3,7,1565,3.710167882998886,0.11030474821561231,-0.520762002747778
3,7,1568,5.246367657172927,0.9310292642762995,-1.0850506784037608
3,7,1575,2.81526044118596,1.8905991110405331,-2.6616731011149337
3,7,1576,2.344607508473857,2.5756036576891597,-2.267376126390823
3,7,1577,2.1659898077934128,1.7779189990318014,-1.748083677928997
3,7,1578,2.2042367468138533,0.9762875139014751,-1.107089027629469
3,7,1579,2.400672894235906,0.4360783912035302,-0.6978182210778507
3,7,1580,2.5213475797474554,0.4410274279556722,-0.5960144219327471
3,7,1607,3.366596437919242,-1.646112731409577,-1.421329150659333
3,7,1608,5.893501172742629,-1.3779917125339751,-1.2572358311716099
3,7,1609,7.933723377344428,-0.8131716556278843,-1.2595439985856256
3,7,1610,9.082471917413642,-0.031058211154945944,-1.1267704766233912
3,7,1611,9.663469861232006,0.9470335148497377,-1.5315252344606987
3,7,1613,7.859978905964141,0.7022734373103788,-0.9147469664791056
3,7,2928,13.552348471230824,0.7043427336248813,-0.6167725428727245
3,7,2939,10.087413235357689,0.8038139875688801,-6.186322590144456
3,7,3388,0.8031835480736667,-0.8347059369919629,-0.6274412205272524
3,7,3389,2.3558870088560737,-1.10600928959634,-0.5551823244035581
3,7,3398,1.461410382303336,0.4393750794029572,-0.5096759429407914
3,7,3489,14.85106914008909,-1.9423540315002512,3.5847566830146143
3,7,3560,7.370485609146772,-6.4563874820279095,-1.010950367140754
3,7,3904,9.040085663459333,-0.5179003959240571,-33.6812645914206
3,7,3952,13.552141474554881,1.0089971521763472,-0.6654425319708004
3,7,3953,13.12681024932662,0.9297663697673465,-0.557390663801707
3,7,3957,6.180435084457388,-7.017882641958097,-1.440109108530028
3,7,3958,13.471264135884796,-5.909288047282154,-1.4059490668009298
3,7,3976,9.30380654714149,-1.6062870581090636,-0.2338092622675632
3,7,3977,12.185460786295618,-2.765285841729071,-0.21049232352594976
3,7,3978,14.799381301388001,-2.473283905933868,-0.16737012165237497
3,7,3994,11.851704214852031,5.554921294395552,-1.2497772338310615
3,7,3996,12.059557800431472,5.1050103098059285,-2.6366033245827354
3,7,3997,10.183486444677623,4.141876461764201,-2.26582632199384
3,7,3998,8.665786666641656,3.3679641650018963,-1.8503219397768682
3,7,3999,7.246676485961821,2.8992609971795162,-1.4803257352180506
3,7,4000,5.636293769883486,2.8793068641039126,-1.2802239740151906
3,7,4002,2.5058915474835732,1.2412265566895084,-0.8344651362323994
3,7,4003,2.190652946868212,0.8168150184341373,-0.8061231616701985
3,7,4004,1.9389924449251776,1.0557292348779515,-0.8307666588566054
3,7,4005,1.9105802005951578,0.5976614898838857,-0.5974591218875561
3,7,4006,1.5865294668885779,0.8601251252851574,-0.5556168667250972
3,7,4007,2.1592027834668874,0.09658114324747384,-0.783680936743572
3,7,4008,2.542950081560915,0.28674840524982803,-0.6885677490367
3,7,4011,2.9716598774433964,0.7903447020406326,-1.5456591122700651
3,7,4012,4.955433321362984,0.6417593683370808,-2.761888928524622
3,7,4013,8.65914772615829,0.43122247735683805,-4.342241913262225
3,7,4014,14.789150146467538,-0.5709761948279781,-5.662619552142807
3,7,4066,6.144590401887007,13.428976919794405,-0.7810893172318989
3,7,4069,7.464912812185998,-10.495816601748988,-0.46924978009154145
3,8,1544,11.492401449111554,-0.7229957906357289,-11.540225482373375
3,8,1611,14.676462846960886,-1.010064316445964,-0.05795502504153223
3,8,1624,8.828348142411665,-3.583734786270208,-0.13813249364512556
3,8,2264,11.744280996551026,-0.5315076670818255,1.2188382313090933
3,8,2265,11.359089693846126,-0.593033525727823,0.9008173772991168
3,8,2266,14.62062163888776,-0.6745833460717865,-2.679936385728636
3,8,2268,13.267086091927371,5.434194204239651,-2.210170098844043
3,8,2270,11.91376940478308,4.9280935187213775,-1.7206661706903634
3,8,2283,9.794046260373282,0.38395695204701175,-3.3574611312230833
3,8,2284,12.191402177865623,0.6347257814381274,-3.034928688427775
3,8,2285,13.848690532949268,0.9474945943700825,-2.6053108720210063
3,8,2286,14.007382207677905,1.5178081252986693,-1.68404846326771
3,8,2287,14.492306524679329,1.4510230212909099,-1.9696641516792703
3,8,2288,14.992648333905594,1.7337299704864941,-2.246658021750518
3,8,2289,14.823500265249494,1.9586129461268418,-1.812288814908296
3,8,2290,14.058876452856339,1.957510213837701,-1.1929247258740285
3,8,2291,13.108870326559659,1.6085831291964952,-0.6816143239649874
3,8,2294,5.530934708336048,2.7682099499519395,-1.4927678948501184
3,8,2295,4.178334933535312,1.4589053714570421,-0.5187565355862561
3,8,2297,2.240445361293114,-1.4358121173507872,1.2133797861492814
3,8,2298,2.993759406358815,-1.4081190765004354,0.1680598375486353
3,8,2299,3.6912918268857657,-0.8856508221148351,0.1256846144902669
3,8,2300,4.173938934199222,-0.6320535046339795,0.14404525014751668
3,8,2307,0.45272036037157054,0.686292407398535,-0.9542051524594808
3,8,2308,1.0637262096826163,0.7060311623040574,-1.3189604816730376
3,8,2309,1.802357230460066,0.523514245194558,-1.2621772405223843
3,8,2310,2.5154428120053303,0.5748708204560976,-1.2897585798667959
3,8,2311,2.573380075015319,0.6400939714539307,-0.7087652962488612
3,8,2312,2.3783876004037694,0.8311104163734917,-0.6382671248301125
3,8,2313,2.2828295504956975,0.8262601805954477,-0.744849648538822
3,8,2314,2.3429284485016497,0.6251025173977431,-0.6875530842424111
3,8,2316,1.9718129939894982,0.6155317324310421,-0.5936779711211282
3,8,2317,2.868509682408887,0.7325689604270353,-1.6988545707251257
3,8,2319,3.615354302242859,0.3352751784966824,-1.6836441391304715
3,8,2320,5.232845836696998,0.12236298137433979,-2.2204849231406034
3,8,2321,6.993286944062011,0.29385767001774676,-2.3512664352821853
3,8,2322,8.493337416971416,0.5394094484978973,-2.2316468016438282
3,8,2323,9.688340793974222,0.3671727190669374,-1.5972304742244365
3,8,2324,11.147984592233968,0.19889813390799027,-1.7639430280029371
3,8,2325,13.11638478745423,0.04938825463723983,-2.034724684895717
3,8,2326,14.220740713475719,-0.04953420925718249,-1.1357525170069622
3,8,2359,9.294749616681335,-0.13256522925384254,-0.5728462537240052
3,8,2363,10.070576600079683,-1.587684615930078,1.9867678420704624
3,8,3351,10.262296378046766,0.9245107931383205,-25.04943854708931
3,8,3384,5.216890362569213,1.2519152387303747,-1.1634926241142187
3,8,3385,5.673215072061894,1.4517163636197803,-1.921220006022361
3,8,3386,5.396241085205977,1.3273240967061648,-1.0718123573899538
3,8,3387,6.086234195632555,0.5714168464173746,-1.510885249341736
3,8,3388,6.938635368806495,0.0643748319999693,-1.0872578922266372
3,8,3389,8.378745143182796,-0.1800213670288069,-1.3153331296473496
3,8,3422,1.4050041585957211,-0.513838432334858,0.888674865867504
3,8,3843,13.929895989945324,-0.24073005031159397,-0.5849819941128146
3,8,3847,14.775232419905292,-0.04440445338086482,-3.001960027932603
3,8,3867,5.643174234769885,-2.702968913435713,-1.275114077960116
3,8,3868,8.847506151976356,-2.1158573328440715,-1.2435907139603055
3,8,3900,6.1661235261488825,0.17797426207320075,-2.2308023342712326
3,8,3904,8.721669804356464,-0.18748441752318876,-2.922153270814731
3,8,3905,12.390101923379376,-0.5364071973740164,-3.2633534566230584
3,8,3950,13.875245343498976,0.3705320845718055,-0.5460880733301399
3,8,3951,14.190738841530388,0.3590505479148728,-0.6745788975382627
3,8,3952,14.642213430426343,0.4885714886068588,-0.9625929863406549
3,8,3953,14.716149303555486,0.45422758624689247,-0.5474002640346146
3,8,3957,11.742513214096148,-3.919862250485619,0.14502407797320943
3,8,3970,10.333015850066714,-0.30470806387558563,-1.3173001913115199
3,8,3972,12.12940521043574,-0.25880924522446547,-1.6031324725060363
3,8,3973,13.73879984399518,-0.02114924912512811,-1.7318207520549267
3,8,3975,13.648457054375577,3.4809236147573097,-1.8540954627049304
3,8,3976,11.283647528905602,3.8582837933062177,-1.4938909768616448
3,8,3977,9.656838669516212,2.4970665419173312,-0.8953196871066769
3,8,3981,4.155406353347763,2.2489962124968215,-1.4497198970187486
3,8,3991,2.812447370252598,1.043925334394662,-1.8205406937309747
3,8,3992,1.8043231262998813,2.7166520178814157,-1.7087084809929443
3,8,3993,1.1190082695397772,1.5993774483518972,-1.0348049836258864
3,8,3994,6.799266973889601,-5.346312275750598,-0.35004779351739934
3,8,3996,12.09171472130718,-4.723184954997009,-0.2932357022126878
3,8,4066,6.695046580061019,-9.987563806645985,2.1609572042880623
3,8,5256,6.726952434388514,-2.478018662016801,-5.064957834771671
3,8,5257,13.88629430710131,-2.7080716446100612,-4.45129385756296
3,8,5296,2.7917976349147944,1.2210537378539361,-1.3472748052654233
3,8,5297,2.6413116096875293,2.2692258666834224,-2.5272696495870712
3,8,5299,2.3661861467689547,-1.8769796585211473,-0.9522965873430813
3,8,5300,12.20943375905952,-1.721934999523242,-8.138326873532451
3,9,3012,8.126100658955345,-0.521120370418205,0.40948074531132367
3,9,3033,0.5800115186982161,0.26236489479253194,-0.6226019998736837
3,9,3034,0.70979497154149,1.034771801284005,-1.2758136538290556
3,9,3035,0.7718793666055427,1.1023794782212697,-1.250048180856524
3,9,3036,0.724965986696964,1.0328089158583527,-1.0054313072258219
3,9,3037,0.24854733140423788,1.6319653480350036,-1.1763829964616273
3,9,3038,0.013801162387386923,-0.5408594880775678,0.39082702739940034
3,9,3040,1.1799460702861215,0.6856205608616252,-0.6330414106359571
3,9,3048,1.504785427745773,0.03274110187219445,-0.8392097748395888
3,9,3049,2.2489104828341158,0.3903293512063841,-1.320520224842735
3,9,3050,3.247986333443912,0.39907990144289496,-1.409126593452872
3,9,3051,4.104340815907105,0.1844169515534568,-1.0427948482596823
3,9,3052,4.634044651499428,0.3151978629370854,-0.8478498338028007
3,9,3053,5.304819393627148,0.046836390881158756,-0.7183791813339572
3,9,3059,2.2227188954288413,-1.2805770505300984,-0.9105443253884373
3,9,3060,3.9278715617793316,-1.0330957115477535,-0.7372338987879967
3,9,3061,4.392690199364857,-0.6702207014149058,0.1980808892503405
3,9,3065,1.8084797110539796,-0.4681394903157817,-1.78251831439598
3,9,3066,4.700474183453861,-0.6201996230902713,-2.279640732294353
3,9,3067,7.463627243304829,-0.19119796000152395,-2.573368925723087
3,9,3068,10.645334642328727,-0.10020999749442894,-3.1117374700408886
3,9,3069,12.853444194221996,-0.075077523627501,-2.1399124720443767
3,9,3089,2.9775089237697814,0.22376999955050675,-0.718308751460082
3,9,3090,3.7175809149985937,0.22114919554305146,-1.0262157346829919
3,9,3091,4.406243106144611,0.5470871339788168,-1.3820354447883334
3,9,3092,4.994747542968729,0.6613515372523969,-1.2652707748184955
3,9,3093,5.348815767919141,0.5692580197141394,-0.9240156258686087
3,9,3094,5.806953743858879,0.26541419240065534,-0.7255382998871773
3,9,3097,7.240912819167364,0.3159324214888658,-0.500295312601355
3,9,3098,7.96419865567996,0.12637859688602399,-0.8756730212226813
3,9,3099,10.140277726433203,-0.24762873305290803,-1.95302585001915
3,9,3100,13.287769028661653,-0.26177710401037874,-2.928625322415791
3,9,3125,11.469506520539106,-0.5449341997691907,4.397195089480819
3,9,3129,9.716580946199253,0.04721256811065444,-0.9014408480799149
3,9,3130,10.381153008790347,0.27429023943527997,-0.9800326403034083
3,9,3131,10.777567609908933,0.4946116453312719,-0.9076233620337781
3,9,3132,11.0368297338561,0.47951585149533593,-0.7389666749009947
3,9,3136,9.676841095678212,-0.15365904187482893,-0.9958721284146398
3,9,3137,10.86817342160775,-0.3238090190049147,-1.0116731658080087
3,9,3138,12.287881049943376,-0.5258868493660519,-0.9404772624460503
3,9,3139,13.87838470868287,-0.7654521707874777,-0.8490285706201129
3,9,3149,9.012605641181223,-0.6067861948513131,3.9666253111512892
3,9,3152,7.093541443419922,0.012274300616479874,-0.9966937431632712
3,9,3153,9.357278031490853,0.33596405321721956,-2.708035550029421
3,9,3154,12.10457452008076,0.157700366078101,-2.948005004031563
3,9,3160,14.917233562287969,5.551776175612743,-2.255625380038098
3,9,3161,12.29923473908833,4.504624093801738,-2.1534137579064505
3,9,3162,10.677900719784352,3.328526668013582,-1.8935520109146367
3,9,3163,8.241909862198982,3.8195116050721203,-1.4599370278374157
3,9,3164,5.6617583158417215,3.200977651108191,-0.7637423164401601
3,9,3167,2.504683995065038,-1.4588431245473659,0.16107820611086857
3,9,3168,3.4558818144964882,-0.7984985387672067,-0.27241529272694404
3,9,3171,5.192633561183477,0.00639831133436064,-0.5052839771508387
3,9,3173,5.5389974193001255,0.2289073675411618,-0.5218906932359255
3,9,3184,5.293344167973413,0.29687529254320844,-1.0975441145708595
3,9,3185,8.739297318657192,0.5142030474769881,-4.6601863691674374
3,9,3202,9.83590615311163,-5.564105942824947,-5.0505733098082475
3,9,5611,6.493071791375811,-1.0969335838074263,3.457766238914674
3,9,5623,6.196516646431564,-0.7626994816489232,-0.44383780129586536
3,9,5624,6.644093883834998,-1.1593769621452925,0.4678240591727454
3,9,5625,7.304384112699329,-1.0431531636996274,0.29136808633382294
3,9,5627,5.425986874290813,-0.5764257617056725,1.0412591111852865
3,9,5629,5.799213278994304,-0.13744906304961524,-0.5885841001137129
3,9,5636,7.874686671466372,0.0032424479083033586,-1.3741538462886946
3,10,1788,14.4167827027384,-3.1559261355852932,3.5864486204996737
3,10,2311,12.681047570639167,0.6619712450308793,-1.8614123334094308
3,10,2312,13.580083678503566,0.8310261790704436,-1.736857816515299
3,10,2313,14.486606386438158,0.837514528042507,-1.7457821194976113
3,10,2326,0.47496873563092273,-0.7243475378454008,0.6074434744063136
3,10,2331,1.2818236587945968,-0.5862711479075788,0.028196061866126308
3,10,2332,1.8994572159917424,-0.5945462227886273,-0.07686271290401583
3,10,2333,2.8060699823846926,-0.503434772967668,-0.4097519355426915
3,10,2337,4.489113283140677,-0.2553735964768503,-0.7235493300320249
3,10,2338,5.9616943351109,-0.27721392054755667,-1.2191223572934209
3,10,2339,6.5703233031145025,0.29149960611922343,-0.9167026445943058
3,10,2340,7.335064496292643,0.22109550318892907,-0.9894634368500108
3,10,2341,8.268256200428432,0.1702893226400572,-1.1035059728743257
3,10,2342,8.854629560760758,0.4946880530003387,-1.0811906363265569
3,10,2343,8.686036115609879,1.0210582087018878,-0.8574700763578113
3,10,2344,8.814082067891063,0.44375064206437886,-0.5852314595320139
3,10,2346,8.791604075051525,0.6726062794537974,-0.7508998807864788
3,10,2347,9.827392552408835,0.5714999622247289,-1.674848091062226
3,10,2354,10.52744311732876,-0.5759996262025519,-0.33167644689647574
3,10,2361,12.720931616695934,-0.5828199577451498,0.8540971567934412
3,10,2362,12.215854736082413,-0.9145115259728752,1.4176415146231884
3,10,2363,13.131159846396079,-1.598572381404352,0.6800954764837617
3,10,4657,6.128320105927433,-4.034885033248074,-1.1564408415607248
3,10,4658,11.177582914884997,-3.9997921665471017,-1.1404192091638052
3,10,4659,14.998973077920928,-3.0552548910293797,-0.7753539607814114
3,10,4665,11.455920799685298,0.8044239785899132,-2.044325598480099
3,10,4666,13.233125479414571,0.29611979883623807,-2.328348525796781
3,10,4667,14.934039012530995,0.2643305842330662,-2.135564708676724
3,10,4696,6.281071156748564,-0.678606828553319,0.07903383258394164
3,10,4702,10.268019069062266,1.1984435802976043,-5.463516992237149
3,10,4824,3.9700682315394973,-0.7152499610603751,-0.9764607399956242
3,10,4825,7.189991550352583,-0.2523145303700172,-4.112032621314037
3,10,4826,10.735022122007566,-0.28342889222949597,-3.463371495108193
3,10,4827,13.54881513201715,-0.3493725960332565,-2.527671989327809
3,10,4843,12.062363198934728,-0.5796246935671744,2.06169294128009
3,10,4846,8.655157508718595,-0.721726219084212,1.047578949030432
3,10,4847,8.928880146956526,-1.7802518288043228,1.0021069238448277
3,10,4848,9.914715068438362,-2.084384906987478,0.816514550523977
3,10,4849,11.099791684411668,-2.0213958721354297,0.6531499967215768
3,10,4850,13.128354196332877,-2.6115244364381414,0.4646660181325777
3,10,5494,3.774711630314791,-2.568595644151844,-2.6849321003812845
3,10,5495,8.377907312220849,-2.516977817701109,-2.2876212138324585
3,10,5497,14.63843167621335,-1.427252978387227,-2.313069664641741
3,10,5511,11.389119474194846,-2.2103604109176533,-1.5293007164204488
3,10,5535,5.424803519816472,3.6310783413412167,-0.7204259449136652
3,10,5536,3.6596582757792984,1.0022778074418035,-0.8778307072256808
3,10,5537,5.03034561674877,-1.722666783294944,-0.5247652011591637
3,10,5538,6.872769275744262,-2.05269132471563,0.04485600125647632
3,10,5539,7.334464031809403,-2.0251692892005013,1.4453873505676802
3,10,5540,9.047601890027781,-1.7282115694423132,-0.22331511625937844
3,10,5541,10.332011542692086,-0.7438575442708995,-0.7609360946690737
3,10,5545,11.84062654696777,-0.028431229001458842,-1.2095117065719387
3,10,5546,12.873662800262158,-0.08478429707739663,-0.995803406945655
3,10,5547,13.645253083668091,-0.21027452917432157,-0.5829038984000138
3,10,5548,14.242557558456813,-0.11095152229893665,-0.5049630639181895
3,10,5550,13.429156333739597,-0.8723679916896573,1.716742597806751
3,10,5559,2.1015352693432052,0.9560985444430241,-0.8126308307353094
3,10,5560,2.936208497348141,1.7078701445649807,-2.545429855304855
3,10,5561,3.8918387306999995,1.9370416642582458,-2.900114024504954
3,10,5562,6.142020714734209,-0.01326053924213262,-2.257279573640619
3,10,5594,13.930758114944831,-1.2735634320110818,2.483408076127315
3,10,5595,12.748667238062568,-1.0507559250877034,2.232455564977448
3,10,5596,11.567464883025286,-0.9107678713078637,2.0919618611592585
3,10,5602,2.7705702682405664,-0.8128086602815021,-0.66762049036416
3,10,5603,5.6020024688581165,-2.5795314035743013,-0.8661113301769827
3,10,5604,8.651810724743068,-2.5273067515555216,-0.6187477273690256
3,10,5607,10.302514376410041,-0.8424641048931438,0.09215764101128905
3,10,5608,10.783622161474398,-0.7635251622784749,0.2642761941584829
3,10,5610,10.444148490590738,-0.5610725259815526,0.4407270835176442
3,10,5623,7.225436899538438,1.5892442073161408,-0.7402564253950921
3,10,5624,6.965151779004106,0.9202019953824768,-0.6599993288762509
3,10,5628,7.393687163625595,1.2267897727211172,-1.714415949548195
3,10,5630,8.16140495218531,0.206448614554177,-1.5729127999406054
3,10,5631,9.560219580875344,-0.003670304520986295,-1.395151742692316
3,10,5635,12.771803320810356,0.7445409757806098,-1.2151800988126369
3,10,5637,13.918883657285837,-0.6237343462796388,-1.4215612349893831
4,5,1785,5.23281585930783,5.082325440622352,-2.9552837396952083
4,5,1786,4.216822015724432,3.2739800471467997,-3.6290956782982353
4,5,1787,5.528675253612669,1.455521635106619,-3.168940873503204
4,5,1789,10.115479844830514,0.1285583269918551,-2.4680744484744848
4,5,1790,12.45591687284779,0.2588408435536935,-2.6024856287522242
4,5,1791,14.450276222252915,-0.0004931281381528319,-1.9948176267217752
4,5,1796,5.217613760846467,1.3610326849698278,-0.718551097950905
4,5,1797,4.602121036354957,1.4845007227332792,-1.3067391230074645
4,5,1798,4.472737454119171,1.1506798392664392,-1.5770456736735805
4,5,1800,7.935409381884067,-0.3612625863434038,-1.2019509552063297
4,5,1801,9.131949501621298,0.034682614252308674,-1.2568695828372656
4,5,1802,10.200964570355522,0.9833953252911458,-2.0656574665570395
4,5,1803,12.084888042919628,-0.06734926915386505,-1.8261238503230968
4,5,1806,13.03109273073178,-1.6778777853653124,0.17947964871526678
4,5,1823,10.371723865645999,2.6302905441068978,-0.7915636151847582
4,5,1824,11.28095858009099,0.11483573603740693,-1.96545821232373
4,5,1825,14.226173598859374,-0.8419362316692517,-2.1327841828085106
4,5,1965,9.086808801685617,0.03282992045082389,-0.7318725077571688
4,5,1966,10.332378153652877,-0.41228489844986693,-1.6320557283327102
4,5,1967,12.755970723612798,-1.455123232395391,-1.4965117282161178
4,5,1973,11.079352207013057,6.782206500547188,-4.3016886908272545
4,5,1974,10.346733404850326,5.823210910557963,-5.090592127993316
4,5,1975,11.106737336494525,3.7739043106261105,-4.5339284880912825
4,5,1976,11.439233278613196,3.476611647250142,-3.8091615241520804
4,5,1977,11.365512100272861,3.084172622577829,-3.01046108356776
4,5,1978,11.030975909598599,2.2706979447249784,-1.9365064452552896
4,5,1979,10.468177906811302,1.8159346251867436,-1.2531386285444563
4,5,1980,10.264458322883927,1.6934077252519422,-1.4896936502206888
4,5,1981,12.296137853912082,1.2335245319656716,-3.3712014626536972
4,5,1982,14.901878492225975,0.904488782618615,-3.6023247060943757
4,5,1992,12.151043264625104,1.8857135848440585,-0.7387527432443792
4,5,1995,8.88256985462441,1.3404794535356797,-0.5713924496994448
4,5,1996,8.944643976433744,0.9668805380986071,-1.0427347913535003
4,5,1997,7.312262728244408,2.470932182648356,-0.8518475234788152
4,5,2001,1.3779739334356642,-1.2163151056634351,-0.15539055876357594
4,5,2002,2.7224324456306084,-0.9938879780493597,-0.37706058463430864
4,5,2003,3.7191903740031695,-0.7459868916260476,-0.25168062540496794
4,5,2004,8.22691525156345,-0.5136548047104363,-4.067298566228934
4,5,2574,4.529701449588583,-1.122159780126508,0.9012703237824014
4,5,2583,0.5968028038467034,0.37889841372667893,-0.8382353309690773
4,5,2584,1.2275118675992274,0.061204406280299245,-0.8137242489826775
4,5,2585,4.246369480334336,-3.447087389770919,0.4138119052451658
4,5,2586,5.714661353034662,-1.215116260599925,-0.25349212942215144
4,5,2607,3.798235835147295,-1.5013543587368257,-1.7248091804962122
4,5,2611,3.2449675501087873,-1.148545891930857,-1.7855726049993228
4,5,2612,6.4908771821880045,-1.6556511866322174,-1.5940523499713377
4,5,2613,9.119031820228388,-1.260699843187425,-1.3734865240093035
4,5,2614,11.374761892865193,-0.92587746826,-1.3324586257677036
4,5,2615,12.880043799473167,-0.7738410769079846,-0.7314626704344247
4,5,2616,13.884928570439993,-0.37730919598485074,-0.6275964516039828
4,5,2617,14.386353387507524,0.13487666395187287,-0.6373037475640483
4,5,2637,4.265490610892483,-0.8129528849215596,-4.088318565062097
4,5,2638,9.1633944038325,-1.2018839611988275,-3.7015985473705726
4,5,2639,10.874523744840518,1.6097084886837647,-3.3226172229004476
4,5,3132,11.22944340010935,-1.600508425179265,8.203159958591021
4,5,3134,8.823892976130113,-0.32381211934186116,-3.235569922989293
4,5,3135,12.29348371187599,-0.8154222018539995,-3.279400394570829
4,5,3144,7.35398773372771,-0.11173792556200202,-7.6959538545613535
4,5,3585,2.182594929210743,-0.6135730783957613,-0.698666644201677
4,5,3586,2.9958266293967966,-0.5384256485215232,-0.2940432452005614
4,5,3588,3.900666026616307,-1.9357761080982858,1.9165720132302093
4,5,3589,4.37655981764189,-2.06564571874997,1.5693298535558555
4,5,3590,9.115130641209175,-1.7887331271403453,-2.994885577197099
4,5,3591,13.284730460116233,-1.6193144582527212,-2.5581725208707224
4,5,3592,14.343461044689475,-1.494358794703456,0.4355159832725384
4,5,3656,5.176629146499006,-1.1835722363519308,-2.843685404645491
4,5,3657,8.25877841733813,-3.2792353473808915,0.012106681770649191
4,5,3658,10.576621295576249,-3.8462227568614304,1.4935711168028782
4,5,3659,12.369021307863468,-3.2577166219285854,1.4482160349633988
4,5,3660,14.181584155942007,-1.4224182101068217,-0.39222142876131694
4,5,3661,14.367672905402953,-1.675562397551952,1.4881831101886744
4,5,3663,5.580896480662489,-1.10794562695913,6.418266317229213
4,5,3665,4.84853284871293,1.0778296283527797,-5.194244200777784
4,5,3666,8.805250966452919,0.7007603170272322,-4.74091339163825
4,5,3685,4.594332028336579,-6.30426920256748,-5.526306769246215
4,5,3707,1.6622942169121928,-0.7161317457652289,0.49382957339010314
4,5,3708,4.914585523491049,-2.2643430770141197,-2.072497418378037
4,5,3709,9.381776333286114,-3.1590555089010075,-1.4951175465167927
4,5,3710,14.253158360913567,-4.0502075103373345,-0.9892488536924292
4,5,3783,4.643806167510457,0.014771046118783437,-4.215553847699823
4,5,3786,5.2027035083987805,-4.8613511321432945,4.959086826994809
4,5,3787,5.405423702964238,-4.122813077577064,3.7760427621956425
4,5,3788,5.533711261271993,-3.441838391544165,3.2555335236265326
4,5,3789,10.434888912563025,-2.882307640531398,-2.019202672331396
4,5,3790,14.596106974468869,-2.366132903839241,-1.7964674089555357
4,5,3808,3.0147257347957357,-5.2793217487725,-2.2149958683941455
4,5,3809,12.056265138059075,-6.640163294185327,-2.8715027271931572
4,5,4016,11.276450227101682,-22.064538664205713,-3.986296461782112
4,6,1786,8.948367828502837,-2.0555264622359983,-0.08083243464064904
4,6,1787,10.786176511150709,-2.505577706716191,0.19689757575134056
4,6,1789,11.160335623589067,-1.6989552503009548,0.39300833922528117
4,6,1790,12.045529305038505,-1.3883206213773234,0.30676758242046215
4,6,1791,12.736683086632356,-0.9926146736326753,0.20608613852730306
4,6,1793,14.55636330739638,-1.840859924476903,1.7906384131296744
4,6,1794,13.436230507434711,-1.9446913739065315,2.9727145067426464
4,6,1795,12.502665883118175,-0.5455921953192977,1.4784415808574942
4,6,1797,11.99023850930302,0.8624203395403779,-2.6540857428787854
4,6,1798,14.435214135194622,1.045072895832236,-3.537983943558187
4,6,1825,4.71848499722341,-0.5701897714477645,1.5265717906289953
4,6,1826,3.84347559628665,-0.8010416661811383,1.6757075816891207
4,6,1827,4.080505771778529,-2.635381479859325,1.5650488334547732
4,6,1828,4.043034601862508,-3.488067802431633,1.4744214667665307
4,6,1829,4.488584334546474,-1.853258063977794,1.2778078523072895
4,6,1835,5.144076078507996,-3.140829214237626,0.672905066324362
4,6,4428,2.929468445864807,-0.7037146707526111,2.9562926465777384
4,6,4429,4.499925383683724,0.4503058341126778,-4.088622148360025
4,6,4430,7.23168535646323,0.8720584944375686,-3.7742377541760836
4,7,4349,2.840536242519699,-1.1322660022521156,0.5959953610492119
4,7,4350,3.498148461574199,-2.0498273647991208,1.1199854190910004
4,7,4356,4.880552437458794,-1.7271379754801695,1.4977441712717252
4,7,4357,4.120315303755583,-0.7335037928559212,1.347709391111451
4,7,4360,4.5888633832603,-0.57540053841603,-0.1293104091516948
4,7,4361,5.174618726997617,-0.5330790590823543,-0.0589494785220796
4,7,4367,7.184867766599701,-0.23980675134537788,-1.2699735726090935
4,7,4368,8.745215706690745,-0.2024898930276447,-1.37700371533162
4,7,4369,10.27284379618005,-0.1607437810438505,-1.3783916223450539
4,7,4370,11.947865962144892,-0.11873296339354447,-1.5684966128283901
4,7,4371,13.342008318854743,-0.07240451267472386,-1.3264967191407213
4,8,1795,4.92070024527703,0.45377228756614185,-1.5175380473351556
4,8,1796,5.718719584200937,0.5520769807518578,-1.8545840002723113
4,8,1797,6.403484073258585,0.5037453561643861,-1.4861261301344784
4,8,1798,7.2689230611892,0.192778739917125,-1.2775747308630778
4,8,1800,10.491249264916059,-1.6466882188113714,-0.6389280324657287
4,8,1801,11.965383854571558,-1.229671639967556,-0.3188580904621444
4,8,1802,13.348893830623291,0.027214074864355564,-1.412134909217213
4,8,1826,5.00562353892139,-0.8684479933458689,2.1715386605417595
4,8,1828,3.382828767983317,0.8311221961794302,-0.6815776028958451
4,8,1835,4.774387806059697,3.1549220290520195,-1.1183706950586672
4,8,1867,4.553695171060327,0.48072714321862087,-7.206768555487842
4,8,1965,4.982004329049569,-0.0859749543096211,-0.752561503770107
4,8,1966,8.282461136369161,-0.7094765749336762,-4.109630570139976
4,8,1967,14.01125606158262,-1.9965171183287518,-4.107789315043239
4,8,1976,8.833358688998443,-3.5191186144744866,-5.978697507129108
4,8,4984,5.41064460056797,-1.3822563855495988,23.25904209200874
4,8,5000,11.383079800217041,-0.694979382670347,1.4159729896132465
4,8,5002,12.767030939319161,-0.5039966977628665,-1.2785985528678836
4,8,5003,14.982220398906144,-0.7527919137863361,-1.7324598210196052
4,8,5024,7.6031275228859165,-1.848521534955055,3.264544843758798
4,8,5025,6.640212538538826,-1.7027355887927005,2.596189751669682
4,8,5026,5.70329528588777,-1.1166529806895593,2.0058711779156715
4,8,5036,4.276090112865884,-2.106802497895561,0.5756943339582329
4,8,5037,5.230121985032955,-1.4680912260603025,0.5083145728622471
4,8,5039,5.223924157704387,0.5324077422779084,-0.5900331196912837
4,8,5043,2.1741464230489465,-1.592828696283882,-0.845705591182496
4,8,5044,3.031099857381683,-0.17312222984037928,-0.8377027087775811
4,8,5045,3.715997503369735,0.03894377122215609,-0.7595109350994654
4,8,5049,1.7682427395847191,0.12438323058787935,-0.5787065112436474
4,9,5003,0.8567499968013558,-0.3661660119049592,-0.7604667488479526
4,9,5004,2.6038824920105,0.1407159758151005,-2.1360666962131516
4,9,5005,4.146450500586466,0.14905305941709535,-1.7117336969611923
4,9,5006,5.454076794882948,-0.1233477027462643,-1.1898277481886568
4,9,5007,6.40654411857907,-0.05195029219485746,-0.9024727824707616
4,9,5008,7.013961028059175,-0.07973570706440405,-0.5280373597428986
4,9,5017,5.700267621026556,-1.3571085144239152,0.6675858053263378
4,9,5018,6.338396620124406,-1.2484669005849371,0.609411622525845
4,9,5019,6.839677769322563,-1.188643007095315,0.6824380218396812
4,9,5020,6.846835009256083,-0.7774269352706702,0.7654003250470339
4,9,5025,2.736177669441289,-0.5586432918252129,-0.4979690787103994
4,9,5026,3.8638239134211045,-0.8054238972527444,-0.6903604904247513
4,9,5027,5.409507671636834,-0.014831255147881695,-1.649197110392328
4,9,5028,6.716791283169457,0.13600791559115522,-1.487692034062337
4,9,5029,7.551631152831826,0.10668218932568471,-0.9444699794875546
4,9,5030,8.355136879582213,0.026857475506181963,-0.8361208783384844
4,9,5031,9.118093462171142,-0.21537832855041628,-0.5478701697976291
4,9,5036,13.05220385928343,-2.3645648608109178,-0.24126486896718874
4,9,5037,14.758795252541946,-1.5772670484107343,-0.1390413007729506
4,9,5044,3.8853157347599323,0.22340518247623448,-4.698280962057912
4,9,5045,7.167527778425941,0.6139960541555171,-3.8981515250553276
4,9,5048,6.324571898735117,-0.10242556475914194,-0.7444497633020156
4,9,5052,8.591662901672688,-0.23945814327195736,-1.0987521983876265
4,9,5056,13.041754045811079,0.5615187716448373,-5.872562423044466
5,6,1783,2.934456781442324,-0.518417935325851,1.3470552642499034
5,6,1784,4.428048144187194,-2.617251266374868,-0.6792160461228094
5,6,1785,9.18596957329399,-4.534989020630984,-0.6695987385297856
5,6,1786,12.980984246368761,-3.680716683311747,-0.17413869503564217
5,6,1797,8.900941667316877,2.075062847588297,-1.5294428488929652
5,6,1798,9.991896760111175,1.718703310719179,-3.4397000852731665
5,6,1799,10.001239472127692,1.9053881857729342,-2.05802909487054
5,6,1800,9.53392275174106,1.5637227251275783,-1.1075423393990589
5,6,1801,8.63120540775546,1.6648361119482813,-0.7753109914794134
5,6,1802,7.25048760128172,2.315773811088945,-0.9461374526701054
5,6,1803,6.013827147317305,2.0144604943452618,-0.7859842313976036
5,6,1805,7.4968964246699485,-1.075852337079122,-0.4544119316490568
5,6,1806,7.250624831317265,-1.227909920475748,1.4740490947455598
5,6,1807,7.024466013681403,-0.9214181799783421,1.147576446408785
5,6,1808,6.804884489023777,-0.6068120065418301,0.8218201289487709
5,6,1812,7.812105724271178,-0.558203437437091,-0.1081992356206154
5,6,1813,8.448917115260954,-0.794662429246674,0.14931171919788783
5,6,1814,9.813281436622496,-1.018195924445989,-0.36278428647406785
5,6,1815,12.085442150153614,-1.2202190679410618,-1.070270340150912
5,6,1816,14.330805161915194,-1.5492804367790851,-0.7017235027862576
5,6,1822,3.080180371113605,-3.155682273291311,-2.8116925880989028
5,6,1823,6.910517090774882,-2.8640862314099795,-0.9726787718538826
5,6,1824,10.13505350474204,-2.673139822871622,-0.5847709525752385
5,6,1825,13.003989357782729,-2.3629023393743447,-0.5756427880456194
5,6,5318,4.30823778614727,-1.4057087472195229,0.5545339528496622
5,6,5319,5.210892055348883,-1.3707416036210323,0.46716935025548517
5,6,5320,6.132768356563076,-1.1719272248057244,0.24998483012912787
5,6,5321,7.043583899793259,-0.9746519981956399,0.06264493416629568
5,6,5322,7.793504285444348,-0.7709119423831599,0.02067807951360795
5,6,5323,8.262064608453453,-0.5612594158843657,0.0916415618417372
5,6,5342,4.3344661439098555,-1.1050863604184566,-1.0950174582310563
5,6,5343,5.106870591306042,-0.7980891032969861,0.024356957309659297
5,6,5344,5.884283364399827,-0.5457858264511689,-0.23203200097861287
5,6,5364,10.581974002606355,1.6879656321748642,-0.7068071248039197
5,6,5376,4.845503430905285,-0.8262442219700926,-0.18334528018729063
5,6,5377,5.78341716162783,-1.1935587637380805,0.046678174395739874
5,6,5378,6.7855990766604855,-1.5222744604094254,0.4374619927349624
5,6,5379,6.476742667607171,-1.547173982252827,1.8081244415265947
5,6,5380,5.935350696354095,-1.1987400500982908,1.7024252453905098
5,6,5381,5.2642449692844835,-1.3468086388965432,1.9847218848248256
5,6,5382,4.599817050474063,-1.4924268979405468,2.075654564192362
5,6,5383,6.996454023539108,-1.3472680682734604,-1.1379157013829522
5,6,5384,9.68892554803945,-1.0460833273011632,-1.6675412058808263
5,6,5385,12.098787807597562,-0.8206602876274773,-1.597485494964916
5,6,5386,14.204456725760325,-0.6924785378329554,-1.4203825181454848
5,7,2878,3.8473060704110744,-0.9016310108859019,-2.496916599355326
5,7,2879,7.832056617388977,-1.5672433766007372,-3.220147808410287
5,7,2880,11.432467943518125,-0.8714479660988139,-2.8143003923626555
5,7,2881,14.164093997867532,-0.5366451410560711,-2.20837933650776
5,7,2910,10.491784833348122,-0.5914271790689147,-0.11356591734041432
5,7,2911,11.309230324457625,-0.8936199431873504,-0.02011948698639071
5,7,2912,13.081586274432842,-1.6387192376430884,-0.19073406155171038
5,7,2913,14.755722396135395,-1.5752302357262646,-0.10918791094317296
5,7,2944,0.7671349428312545,-0.9205159783584594,-2.349000515629126
5,7,2945,4.376892092089251,-0.7529403304544279,-3.071323344655821
5,7,2946,7.658495926759807,-0.7993014782143874,-2.488872197795419
5,7,2947,10.690540549728643,-1.3342342031409757,-1.7065509988268008
5,7,2967,2.5277547250661203,-0.9337122629699048,1.5305156415900445
5,7,2968,1.6144006995953941,-0.6372313228096316,1.5433888798727506
5,7,3004,9.174848408494807,-0.5208451433966216,4.117272328582136
5,7,3009,8.427067782376184,-0.9509165878255796,5.5996281417822935
5,7,3010,2.84877455357172,-0.5237782135517111,3.9616184281514677
5,7,3011,5.133151262901602,0.8046099043943128,-6.1339337716868165
5,7,3012,8.253446653991277,1.007387519378574,-4.284348933854833
5,7,3013,10.456362422105759,0.9819815896612831,-3.2259721505319376
5,7,3014,12.11737426935085,0.9019681843377769,-2.5858391520768107
5,7,3015,13.900119025621244,1.0773568775253561,-2.8750046477805284
5,7,3017,14.32394968144195,0.9424925030742186,-2.3846321669165365
5,7,3047,10.313627014947157,-0.12342841598690756,-0.5978703204345275
5,7,3052,12.287486515077408,-0.2353867702066486,-0.5631922460851586
5,7,3053,13.115077337393272,-0.11237275234879734,-0.7918424127552202
5,7,3054,13.718168436432206,-0.029007830221898658,-0.6363736267370492
5,7,3055,14.377075457265446,-0.0005711186058964084,-0.7190488113961035
5,7,3071,9.21146181536514,-0.5508367597742302,0.6296403389545696
5,7,3072,8.4185342478458,-0.5017368403181798,1.2946563925320496
5,7,3079,4.937882139971128,-4.173086351326667,1.814886759082744
5,7,3174,3.3438134022838337,-2.9470601816960897,-4.738426589178596
5,7,3175,10.139808785132782,-2.6221963241389736,-4.189209649212382
5,7,3188,9.703033358744213,0.40834655402141107,-1.2062554280846884
5,7,3189,12.501874088187177,-2.3285867901667388,-1.162627949285092
5,7,3920,11.98127569785292,-0.6984724714086132,1.0803307846336703
5,7,3921,11.002504303320675,-1.5438243114413663,1.8291712406484777
5,7,3922,10.023504443757966,-1.8067618090044468,2.558786473651285
5,7,3923,8.02197407844962,-1.6129145812724146,3.613242995604032
5,7,3924,5.207542853083274,-1.1516199722618095,3.899019138625965
5,7,3925,3.177993115477652,-0.6979513365061683,1.9595248906255245
5,7,3926,3.1596742575934424,-0.2698707058889825,-0.8001786848915209
5,7,3927,3.8561963543015207,0.34575888867297244,-1.4096894540124942
5,7,3928,3.8922120954163537,0.7839466789186524,-0.871390338093035
5,7,3930,2.4940256359834723,0.5762924521534291,-1.0652673781957611
5,7,3931,3.288302222808886,0.07794184415771971,-1.1457050226217778
5,7,3940,4.681215423431129,-3.184277124547398,1.1716560326750813
5,7,3941,9.936581768802974,-6.8341143982292945,1.5657704617336121
5,7,3942,14.784190469937755,-7.057795671958698,2.202415319284741
5,7,3948,9.049559937197658,-0.7640299281887654,1.3039407497341866
5,7,3949,9.241743613271199,-1.5613110392777876,0.32357031369883116
5,7,3950,7.960774408075737,-1.3945791678661323,2.6293511946684065
5,7,3951,6.513157463727712,-1.1587003426738716,2.568898211279239
5,7,3952,5.276276119520221,-0.8744054400452219,2.072739680639224
5,7,3953,4.256747537246335,-0.7188971486562784,1.7150696896450452
5,7,3954,3.690064551664831,-0.63676897845091,1.1996785488704977
5,7,3957,4.019931490011317,0.4953793320380079,-1.3147237073975608
5,7,3958,4.893668006795621,0.4330723047727211,-1.3464920365482385
5,7,3960,6.2328018343082885,1.2098650837526852,-1.3688848410378767
5,7,3962,5.770661831193826,0.4316432810056099,-1.2174154866458198
5,7,3963,6.713592492052151,0.13403774867683801,-1.2587278713370127
5,7,3966,8.28267336639719,-0.3539552482014108,-0.6083217247116658
5,7,3969,9.921178001527187,-0.29416152512070737,-0.5159185655490708
5,7,3970,11.026273203689186,-0.4018078663326643,-0.7137409768406265
5,7,3971,11.55266722821125,0.07850933222099601,-0.6049157189580565
5,7,3973,12.921980917325197,-0.5214701064256811,-0.19404630083570598
5,7,3974,13.879879472842294,-0.7481198283931682,-0.22786205172262008
5,7,3975,14.75000085755448,-0.8540563015809453,-0.03227429602177699
5,7,3990,12.379911274093207,-0.7241011289556684,0.11098659852533971
5,7,3991,10.143040291810983,-0.8080956054217481,2.989468358430001
5,7,3993,7.3015546407954215,-1.1122787520525208,1.7093747269246786
5,7,3994,7.653174887488032,0.36036433010686275,-0.8127028763181873
5,7,3995,6.9428402545773045,3.1116082735117505,-2.492849314259331
5,7,3996,6.871939825354348,2.4060223874444855,-2.5757873574235135
5,7,3997,7.612253557945052,1.3763354038889803,-2.258384222404432
5,7,4002,8.03518797412046,2.3519207391035786,-0.7759507415835059
5,7,4003,6.397734145804392,2.220177586313915,-0.6301944830347073
5,7,4004,4.888577395852044,2.1140490993528913,-0.6746358904714822
5,7,4005,3.7716409797671164,1.5364245909307543,-0.502778669098871
5,7,4006,2.8293297187915987,1.3292994067280124,-0.5290023916622143
5,7,4007,2.239297235242454,1.228604797997145,-0.7631431698412641
5,7,4008,1.8937963122781112,0.9189151684501975,-0.6887621711085248
5,7,4011,5.412628504912048,-5.402006410170588,1.044591415559482
5,7,4012,9.317972719717309,-6.322132843189831,2.4155518940067644
5,7,4013,11.47899937440558,-6.48916893545225,4.2987427800843845
5,7,4014,12.806922263041344,-6.923528462833099,5.595129183468497
5,7,4015,11.817834143788039,-6.007362594699782,6.989345047898627
5,7,4018,6.892699750232354,1.3203503168277368,-21.123814913921702
5,7,4021,13.107721500105049,1.6806365191741572,-9.380629840103081
5,7,4022,13.416638945610647,5.899850440143981,-6.225609469225233
5,7,4023,10.389275445662527,8.350095594073045,-5.323444638212726
5,7,4024,7.269218941695587,7.388994737725682,-4.270971040601347
5,7,4025,3.747851053212069,6.309679618963151,-2.850373090044066
5,7,4026,0.7300372604931269,-3.6961116404494287,1.233997541021715
5,7,4027,4.316295456474903,-4.726652077375293,0.9201072860268498
5,7,4028,7.488203068378736,-3.8151535631995186,0.6371727873171333
5,7,4029,9.833123757171933,-2.87183170359887,0.5211608889618858
5,7,4072,5.070949073311821,-8.730468620628642,-1.7346201205031502
5,7,4073,14.681953765258479,-7.857441455958574,-1.9891713655389687
5,7,4081,4.257410968839084,-1.5401011595222664,-3.3622701253355527
5,7,4082,8.974458802050039,-1.7157961872060485,-3.0094140150437187
5,7,4083,10.241473422107427,-1.8180508271593099,0.4155174433626192
5,7,4085,9.788683121810072,-2.476301979563819,1.6396412486640517
5,7,4092,4.264967685358758,-0.7960906573724651,-1.5517710241705849
5,7,4093,5.643603399421116,0.22622254261370145,-1.6416164467508854
5,7,4094,6.019762840076122,0.623945418885127,-1.0043212692553478
5,7,4100,9.182371789371631,-0.7422438381373366,-2.574271152861781
5,7,4101,14.547545091694756,-0.2642721224126862,-5.277014449898287
5,8,1793,2.1024889202655057,0.9772949411001393,-1.7185525607849088
5,8,1795,5.174932572170992,1.42378670129487,-2.4069881512500375
5,8,1796,5.394489003141486,1.553840743756829,-1.7962847600473841
5,8,1797,5.23417770076007,1.4049234577547907,-1.2954199013406138
5,8,1798,4.830899387262844,1.4571573625759429,-1.08979040649535
5,8,1800,5.559530821883862,-1.3354066274718313,0.04126784129934785
5,8,1801,6.6761181602322175,-1.466408026497164,0.2955220176655566
5,8,1802,7.057784372616639,-0.7024447029968932,0.3204961195738367
5,8,1803,7.229785275545825,-0.504884213772452,0.33003955467610235
5,8,1806,6.217286271187454,-0.31128573875510385,-1.9341458807222123
5,8,1807,8.41790922797753,-0.5618073358668771,-2.091941793707378
5,8,1808,10.5881250945548,-0.4773674178663102,-1.8236409469966492
5,8,1809,12.71298021264265,-0.34540296781897484,-1.8423622987623385
5,8,1810,14.414885328083068,-0.2749927244107456,-1.4789363150476316
5,8,1824,5.838069262887881,-1.864378879684273,-3.8131587155082634
5,8,1826,12.193796771197281,-2.168633421941718,-2.095906361603122
5,8,1827,14.28987569433577,-2.0078864442826143,-0.09412919793123925
5,8,1828,14.142932031600944,-1.2288851745336773,1.3322251501200115
5,8,1928,4.025900807898248,-0.6011250540485564,-1.4495699181473212
5,8,1961,3.1116164605336465,-0.8212645610278577,1.673140584632112
5,8,1962,4.777201357551317,-5.988478118830975,3.3507683030971154
5,8,1963,5.448185076865013,-5.650963338435036,4.912496535030403
5,8,1964,4.41209810839957,-3.097902500737939,3.8647459751380904
5,8,1966,4.529772445680363,1.2642606749605425,-1.9911609887360129
5,8,1967,5.731094247283296,1.6337286721970754,-3.1279673319356056
5,8,1968,9.499197839242097,-0.26647969279008904,-3.637834417165011
5,8,1969,14.200568801007856,-1.4385540053638417,-3.311080720678738
5,8,1975,10.723763818803809,-4.2834732206592845,-5.327239966143191
5,8,3842,6.926820580939581,-4.018673378495733,-5.185875513209946
5,8,3849,2.58134304411389,-1.8881115590634021,-4.404597699409958
5,8,3850,10.539551694464837,-4.9605918360831955,-3.3954477901533044
5,8,3863,5.930577402725786,-3.311654048452593,-0.37825343355296637
5,8,3864,12.708281417929792,-5.580843347134351,-2.810620566401986
5,8,3880,10.500809310557859,-0.5647388360766576,0.8183111678672659
5,8,3881,10.492653397907734,-0.6025693604090815,0.5796008306956713
5,8,3885,10.150345538261092,-0.5103343082009903,0.3328185799420158
5,8,3886,10.620620992883515,-0.8999869706243802,0.27771139851159327
5,8,3887,11.667693092963459,-1.3005172264519684,0.15046792455674235
5,8,3888,13.112613774593507,-1.4940992607821926,-0.07681932764010124
5,8,3889,14.579861249454952,-1.3010631850382814,-0.20463446160148335
5,8,3905,1.7654618312617967,-2.1069061270721856,1.7078748443683418
5,8,3906,4.931011940287281,-2.5229787467103826,-1.8055025071423414
5,8,3907,8.767975272092855,-1.903176849143474,-2.052606871552213
5,8,3908,11.660471551253956,-0.8593045406828567,-2.135245442976025
5,8,3922,3.102264761995101,-2.394087714355651,-3.436589056751815
5,8,3923,8.462814149426602,-1.7853386242348492,-3.575400012493061
5,8,3924,13.040495106453326,-1.3716870295891759,-3.209525752197345
5,8,3941,12.155349489178896,6.714916016648231,-0.536618910103513
5,8,3942,5.99628022461166,6.313893414507355,-0.5821355404484649
5,8,3944,4.130502671228787,-2.938528573218492,0.2865765604128556
5,8,3946,6.298650994045274,-2.6288538422394407,0.28081159475954026
5,8,3947,8.479472472929075,-2.6755978297013465,0.3450521820314158
5,8,3948,10.399153771434813,-2.4279970139042506,0.4688058412511603
5,8,3949,12.087079000496907,-2.1324029003370524,0.43028052710665393
5,8,3950,13.55958520069836,-1.83763973320792,0.3564464181165807
5,8,3951,14.504317007076176,-1.4451859649187937,0.49894622332852956
5,8,3952,14.239314794804251,-0.9398733139030828,1.1924364574766222
5,8,3953,13.653130179303348,-0.6725841684892484,1.2450615446310684
5,8,3954,13.319345694316898,-0.632574121861984,0.9539468398896105
5,8,3976,4.719252564397778,-0.7111442088533533,-0.5139176825762878
5,8,3977,6.660254543609706,-0.7811817146401869,-1.2224900556918739
5,8,3978,8.461465096816669,-0.7298900283643359,-1.0740867127495428
5,8,3979,9.188043055105037,0.370104127846943,-1.099095866489325
5,8,3980,9.460178149973279,1.0776269267166363,-1.3637889521658593
5,8,3981,11.529564960057048,0.5837753402133034,-2.653411511009537
5,8,3990,13.020311802536968,0.5426197950032937,-0.8091887612235081
5,8,3991,13.294359962542735,1.0789184188707093,-1.4602669140627418
5,8,3992,13.674576099056667,1.1056905789549054,-1.498949237791301
5,8,3993,13.12400093332567,1.5188189672396977,-1.0606465710343034
5,8,3994,13.79577127834305,0.02778634749659359,-0.7328784925507035
5,8,4072,10.528552778384222,9.028458563991455,-1.5392554516870638
5,8,4073,4.6247272605600545,5.515158824687312,-0.8953880594728212
5,8,4074,4.392065562578633,-4.096769417423453,0.36340092533094803
5,8,4075,6.442169026552133,-2.59913941263864,0.1589074053056525
5,8,4081,5.773523122499313,0.43007577621986504,-0.6619301989027329
5,8,4085,6.282433763576858,1.9818592967010944,-2.694540493093831
5,8,4101,2.803828518015803,-0.20262102226110668,-2.0851741625518687
5,8,4102,7.181077778338996,-0.03550327140599588,-4.508497970410416
5,8,4103,12.589714121615955,0.19884998229951054,-5.626287917710821
5,9,5314,7.681286285777831,-3.2897313734486415,2.795557925197318
5,9,5315,8.93713150649343,-3.7105926650819554,1.3145093774111318
5,9,5316,11.331761519427411,-3.264628180265968,0.5045389012041681
5,9,5317,11.388454942959866,-0.5341910182591085,0.4238882238935899
5,9,5323,1.4231316613830758,-0.01919531134842048,-2.0580301478521195
5,9,5324,2.027795434761204,0.34834972785976476,-0.9534323218216164
5,9,5325,1.9610889585796476,0.35755090256139954,-0.871707757988893
5,9,5326,2.6621268457193166,-0.17124375182314486,-0.8439441266887266
5,9,5327,3.4930628924397236,-0.30851509374184477,-0.616719904785582
5,9,5335,6.924560913001889,-0.6016658404383747,-0.025745801159909033
5,9,5342,6.885691648289506,-1.0810999836343653,1.5612438500454486
5,9,5343,6.490248410289408,-0.7972523434745408,1.160474850553697
5,9,5364,4.387164000759015,1.6801110977137053,-1.956568174935684
5,9,5365,5.014854953123822,1.4793259936953913,-2.3273751998434555
5,9,5366,6.0460016892258714,1.251701819039325,-2.3947073448926792
5,9,5367,6.333439911728094,1.134349267697572,-1.4269950300197967
5,9,5368,5.84100352838407,1.0744660708438603,-0.584165191705128
5,9,5375,3.176489565967685,-0.7680391325293405,0.30900645327913673
5,9,5376,4.588168855256779,-2.0090674101385004,0.43492782869083146
5,9,5377,6.033215014502363,-2.0353830842574547,0.5127048718256035
5,9,5378,7.587197990710075,-1.9629812251681549,0.4058148330982208
5,9,5379,9.42236476574729,-1.912207069442663,-0.007228833248298247
5,9,5380,10.632648306304178,-1.429240068277323,0.15070980010154503
5,9,5381,12.397750127844931,-1.4078846192738528,-0.392560948639182
5,9,5382,14.194309019625,-1.395681013821624,-0.40937238936010734
6,7,869,12.018857187553618,2.183186543497354,-1.3499614358040157
6,7,870,8.990412050911427,4.3339484419308105,-1.3652203216658356
6,7,872,2.274274836025542,3.0418552527717444,-0.7985633353000046
6,7,873,1.5060828810632398,-2.975362340734506,0.743293179206541
6,7,874,3.8667821764422126,-2.9332392939142706,0.4039261144566391
6,7,875,6.250455738729017,-2.3182928492426673,-0.08833952192440779
6,7,876,9.494124986666286,-1.7147108345447395,-1.529021867138684
6,7,877,11.977550546570631,-1.153536830585406,-1.330215621418144
6,7,878,14.237647861942177,-0.7914393243888024,-1.4689692145747746
6,7,1060,2.5960783736301343,-3.293751542779961,-4.235364369036089
6,7,1061,9.344648283052424,-2.9688007937213907,-3.780785652176251
6,7,1645,12.567802599230427,-1.4326672685137596,5.372790171908922
6,7,1649,6.679503026601904,0.16491511786510052,-0.9920566851227501
6,7,1650,8.342478669222423,0.053345812004544566,-1.7163357464880158
6,7,1651,11.540938645127735,-0.827642999187737,-2.429579583697105
6,7,1652,13.98058399271325,-0.47905729084168824,-1.9664237422630315
6,7,1659,13.533661346005184,-0.9294977184767782,0.29805970530313086
6,7,1896,6.085295964602234,-10.883382917772714,0.3783307331805822
6,7,2370,0.831073623171952,-4.443909801961981,-0.7149785593311586
6,7,2371,4.197420382748047,-3.9987754283600605,0.5860098019372224
6,7,2374,6.459901989339017,-2.2017577886928272,1.7390449768865415
6,7,2375,6.671423254175468,-1.9157403627455407,1.6999867333970529
6,7,2376,6.599937930787593,-1.3649716611567206,1.433930103787222
6,7,2377,6.168649599534227,-0.5028618250030017,0.9338648594677277
6,7,2381,7.8952194207146125,1.224048833194866,-5.90759495818471
6,7,2382,11.155192198374474,1.6433877672783463,-4.913381678988159
6,7,2383,13.545861232237998,1.7127756131222367,-4.105701003643341
6,7,2388,7.456879626522941,-5.380591708929478,-3.4743404461415617
6,7,2412,2.0711818259547674,-0.8020220165924326,-0.265822397981011
6,7,2413,2.816040483438977,-0.8297505454128039,0.05933320591460801
6,7,2418,7.171445593048945,-0.7735533845282533,-5.16064642371114
6,7,3734,9.570744139001837,-0.5411547557127605,-0.4903383925985644
6,7,3735,12.469658932216879,-0.8631658187590281,-2.0363179079469624
6,7,3753,5.834989736448949,-5.007254228777961,-4.76193780736328
6,7,3754,13.918830895952116,-4.015549852894496,-4.086544687179433
6,7,3775,1.8319205254376163,1.5706932055701328,-0.8346359844569964
6,7,3776,1.4106762107809705,1.160225494109594,-0.7676097461139519
6,7,3778,2.0475164233286263,-0.6428970489171404,-0.4107354254865755
6,7,3779,3.262663486185381,-0.9254243234408318,-0.29001850505166615
6,7,3780,4.397455314281647,-1.1337053896356204,-0.0048523032128072185
6,7,3781,6.717089290366348,-2.0809643597858707,-0.2388982669895679
6,7,3782,9.687901327375043,-3.1220739373383033,0.13983478121932869
6,7,3783,13.203363867958762,-3.345665114212109,-0.17534117258388687
6,7,3811,1.4377843959957473,-1.0918706970818937,-0.6346286333478196
6,7,3820,3.5549286997468585,-1.0029087163712553,0.7300732689373369
6,7,3821,3.4218831538764216,-1.1530134036950939,1.281881339612084
6,7,3822,4.115864432593431,-2.3897206454741555,1.6953404324714212
6,7,3830,3.5134218031353104,-0.537971096224892,0.9484559219433311
6,7,3831,3.4864558485474575,-0.6421240693056681,0.5956825973907642
6,8,510,3.7792635773515193,-2.0825508915852597,-2.237985361656459
6,8,511,7.306411830491413,-1.6109460659442405,-2.1371083656884964
6,8,512,10.614204997213026,-1.4659251621116642,-1.8756837707752763
6,8,513,12.709645067680322,-0.9058607429563155,-1.2074902862116468
6,8,514,13.735983903473274,-0.30626378689778966,-0.7355811209296319
6,8,530,11.512782576147842,-0.5916888577793947,-2.1647490100285918
6,8,531,13.753225575012424,-0.5121484189121525,-1.7293362316300134
6,8,587,7.046237769052204,-2.128057448773582,-0.9697839979897517
6,8,600,5.508746873634177,-0.31876330025030775,-2.374580037611274
6,8,601,8.101676616683253,-0.12953942761013956,-2.6813053307738506
6,8,602,10.723813159382185,-0.3182634935755991,-2.354859631454123
6,8,603,13.595447160039638,-0.5347149492981738,-2.366437634881326
6,8,621,12.762988187327203,0.06273961062350156,-0.8024508016954687
6,8,622,13.644788162925863,0.04683858353192276,-0.9290591379778748
6,8,628,4.563368023222961,-2.029640812745763,-0.11524984601567517
6,8,629,8.123648676521151,-3.4675492525903415,-0.7855752357354175
6,8,630,11.064643047402187,-2.7298179597709775,-0.2982333210744176
6,8,631,13.03251448783994,-1.8058740791185206,-0.18764592897128113
6,8,632,14.13466333379389,-1.0951233555233229,-0.025080948974506214
6,8,633,14.476359762757404,-0.66597025272245,0.3157023159178962
6,8,642,9.48075782753626,1.058186844296981,-0.9314942850250136
6,8,647,0.6514915647138577,-0.1775991821985367,-0.8260866931318365
6,8,662,1.7520781940807906,0.5307687622752006,-1.1025357200412378
6,8,664,2.086766584879515,2.171310988999022,-1.2809861824069046
6,8,665,1.0951591576203887,1.8524677869104076,-0.8610617435750343
6,8,668,7.189541128548675,-1.8336500626063268,-4.580330582439552
6,8,669,13.67336622642602,-1.9953767781910001,-4.491259342552524
6,8,1654,11.549199950227608,-0.5691772625142288,2.274415053775729
6,8,1662,14.969273496843146,-1.212322309708491,1.6224370725145885
6,8,1667,13.94790658586087,-0.5466556955976651,3.262245116623167
6,8,1670,6.66545379261513,-0.6112224585083256,2.828590577942753
6,8,1674,2.882758997816086,0.5999386106292305,-1.2027482990040965
6,8,1676,4.701967383975866,0.11404386621479896,-0.8213773342303979
6,8,1678,6.514694608495555,-0.6309538149255487,-0.5835884716460306
6,8,1680,6.089397272609184,-0.530370091043621,1.4884104424657325
6,8,1684,4.505872296115624,0.07673710660217477,-0.5819169267304347
6,8,1686,1.7140310935509517,1.0990674294802465,-0.845559565947763
6,8,1687,1.8557879360051963,0.5062925879227662,-0.9452179934862276
6,8,1688,2.6084659149572342,0.2220082603919916,-1.0906532127993671
6,8,1689,3.474656699330827,0.2765074273401011,-1.171757180315122
6,8,1690,4.1682972867269505,0.10554506643778803,-0.8137894288862293
6,8,1691,5.309847784293131,-1.6610832527443324,0.5068956324710043
6,8,1692,6.3228941789055995,-1.7994341296947578,0.6763326682099524
6,8,1693,7.73778763088723,-2.0041822513721224,0.5270582316165123
6,8,1694,13.660637911491856,-6.452931431417321,0.3711219538245269
6,8,1757,2.841766205451865,-2.7534722807498166,1.5788146738562927
6,8,1758,4.716800169145366,-3.595356470432002,1.1480459185319634
6,8,1759,6.529735919879894,-2.721843712061026,0.8160905808586039
6,8,1760,7.970462122618709,-1.8163850882669135,0.3509565063282656
6,8,1761,8.889235078106388,-1.550966673442712,0.6280322329661406
6,8,1762,9.153166439959898,-1.380724257149679,1.1015687648374684
6,8,1763,9.052813770331952,-1.3412000901201993,1.4245054864154105
6,8,1768,4.571902918811042,-0.9968601421275065,0.7708151580060427
6,8,1769,5.379835059842965,-1.8353445297502966,0.7762299812844423
6,8,1770,8.303093207120162,-5.572916141589262,2.4585258704425645
6,8,1771,10.956524132296412,-5.497225623929785,2.774439527525466
6,8,1772,13.530912235039722,-5.555018989553713,2.958397583819913
6,8,1774,11.360722473653151,-1.3419734694119436,0.6059955586525727
6,8,1777,11.676603555835795,0.24898159270590514,-0.5598672397640824
6,8,1779,12.961062380321303,-2.002170913381477,1.169705251735751
6,8,1797,6.024753265634738,-3.3708695955942254,1.1022670085341457
6,8,1798,9.445003827759193,-4.158634544443504,0.5179588961608292
6,8,1799,10.82743439061034,-2.232313465774499,0.8203782198282464
6,8,1800,11.375018790276794,-1.3349850196605455,0.7720417585659397
6,8,1801,11.717649194016197,-1.0443296581057404,0.6944670573561869
6,8,1802,11.162158263578657,-1.1406431267573658,1.6141031157042973
6,8,1803,10.662600869563557,-0.7671760658584394,1.2232018165403866
6,8,1808,4.052275076594729,-0.3079633446221264,-1.5534467378185237
6,8,1809,6.065286707796762,-0.44940300141136036,-1.823640641371453
6,8,1811,8.790229645818323,-0.16120351889263423,-1.224768828079513
6,8,1812,9.784541799345641,0.04167648219300785,-1.0828823276465975
6,8,1813,10.538937274466363,-0.26799723677742426,-0.546887185464886
6,8,1819,7.211571396900158,-0.9558773006453366,0.16722540394487823
6,8,1820,9.697567719253762,-2.5527916917019042,0.005362457984215155
6,8,1821,12.549203876339579,-3.2473143370147035,0.35521621822680916
6,8,1822,11.578109873562326,-2.680471233906567,3.6472709796427556
6,8,1823,8.193259646748213,-0.7684000183693913,4.146261358609082
6,8,1828,5.562086316166867,-0.702429637667418,-1.348209468591289
6,8,1835,9.661629605999043,1.135881263932914,-1.0536350496738707
6,8,1836,8.298611298061905,2.2844729697379886,-1.0516710190414977
6,8,1837,7.120524864951928,1.634136121450067,-0.6131636043924777
6,9,175,1.9513871925095245,-1.8595686175842987,-0.5909830240433354
6,9,176,4.568367807426573,-1.7883289055721343,-1.0442236522292272
6,9,177,8.293573286063857,-1.1105567958792935,-2.6651959426717298
6,9,178,12.312757491785497,-0.76908331664793,-3.3193975711528396
6,9,266,12.113257829903118,-5.879361753181147,-7.024087049139028
6,9,299,2.962834764613377,-1.7299883391528557,-2.233868421718887
6,9,300,6.96717560378136,-1.5569567165982874,-2.4501797551972686
6,9,301,10.118407577978076,-1.0865859230391304,-2.0648536695106827
6,9,302,11.885306688172331,-0.5187474394234277,-1.249888515260134
6,9,303,13.559579398175925,-0.8689423845480468,-0.8118481579547024
6,9,321,6.2591300813414685,0.3699536221113516,-1.0530572636991133
6,9,322,6.29172114713043,2.2025572243958176,-2.24822492197409
6,9,323,6.273040329646088,2.657857516723204,-2.639517084136984
6,9,324,6.508962817593014,2.920218041123535,-3.1939373520806775
6,9,325,7.349775063678282,2.464555274105784,-3.3608047059858936
6,9,326,8.490791506830732,1.73921252835963,-2.912579164935067
6,9,327,9.732882695170535,1.003021066568191,-2.2567867382332873
6,9,328,10.978876733137168,0.749469066993866,-2.007114801739178
6,9,329,11.916793195898517,1.1041380824755225,-2.0519548417502134
6,9,330,13.144243851902733,0.48829220726154254,-1.7508660777141374
6,9,331,14.367578425247823,0.6841934675531903,-1.9124760717029132
6,9,332,14.414660403333313,0.6950374613581646,-0.743570271136169
6,9,343,1.6051262421335535,-0.5361306692290789,0.27515004801989684
6,9,344,5.386911991564078,-0.384985659468284,-4.138556132873322
6,9,345,9.619883996974783,-0.2138282141309272,-4.0624921211578355
6,9,346,13.052562422492402,-0.07705732066735703,-3.3622144454945215
6,9,373,2.529921537306616,-0.6875157693763949,-0.6965055398409766
6,9,374,3.6855066037948343,-0.8020421361862273,-0.5330983246321506
6,9,376,4.774836057356933,-0.6652597226777794,-0.18779757015553866
6,9,384,7.524905532749121,-0.35621151876824086,-0.6955476807773135
6,9,393,9.795176188587925,-0.44821113858250805,-2.2632638134082748
6,9,394,14.170309334210483,-0.5268195811790765,-3.852908966843129
6,9,396,14.231395087285955,5.3968111319794385,-4.1607373583692215
6,9,397,10.224024884247173,6.2397295851281775,-2.2324983876390583
6,9,399,0.7882545377844336,-4.133106126426927,0.07809548435927298
6,9,400,3.6311091284525348,-4.828171756439266,1.8605968068108933
6,9,401,5.470255922092461,-3.8109815146397175,1.9572507810684057
6,9,402,5.708488914817413,-1.4453171562462883,1.2046830287286232
6,9,5325,8.136379374741173,0.13079438970220206,-0.820272503324221
6,9,5326,8.735805183653685,0.12842634200844272,-0.7317289133214557
6,9,5327,9.14884003221405,0.16029295337486363,-0.575367841377111
6,9,5347,0.7197326213917352,-0.12935941739223691,-0.8793152491194716
6,9,5348,1.8293503227097174,-0.15578577828499718,-1.0090314150883821
6,9,5363,7.5947440943925475,-0.5812958701360516,1.1654308901353638
6,9,5364,6.200691868619006,-0.6974319896227842,2.0120002890668323
6,9,5370,0.6538893707760396,-0.5517466200274709,-0.020140971677219698
6,9,5371,1.3934280236226986,-0.8043412078898657,0.03233832913405386
6,9,5372,1.9605816832558898,-0.5302278560514352,-0.03704318259134406
6,9,5373,2.765082871895877,-0.5138621320501819,-0.2916111083048003
6,9,5374,3.4397616621798526,-0.536846197646387,-0.1457607602280011
6,9,5379,5.231609031475815,-0.8325338437742589,-0.6585758683070027
6,9,5380,6.499307913646166,-0.8565722377203402,-0.4279036179153152
6,9,5381,8.370690579327588,-1.1585333970421074,-0.7467950730323298
6,9,5382,10.14320723054827,-1.2463460099899093,-0.5819653257104185
6,9,5389,0.9171302836503339,-0.5848896322277722,-0.1251414561326206
6,9,5390,1.739812919184829,-1.0799647910818715,0.17529466437913718
6,9,5391,3.596163727988243,-1.2231513800320242,-0.66303655178484
6,10,194,2.094185262586245,0.4026664505127938,-0.514678628078378
6,10,195,2.2130797010777914,0.4976143419650596,-0.6165586935546192
6,10,196,2.3684850312794925,0.5020722467655488,-0.6594299190358243
6,10,197,2.55002377620473,0.6443384677282339,-0.836421283787958
6,10,198,3.9741994698265373,-0.33547200910742114,-1.0891249023552239
6,10,199,5.353062169699507,-0.40565914519789115,-0.9766013178209344
6,10,200,6.584444119233331,-0.43095150266489124,-0.8045708800255966
6,10,201,5.846889951744602,1.690490645301979,-0.955096743129816
6,10,203,5.339130145468044,-2.158245385965758,-6.8842129950437245
6,10,268,8.745851462123943,-3.274987431128935,-5.495948516218926
6,10,271,14.424811900835545,-1.3194074867337773,1.1941986556371667
6,10,278,1.9406326781537568,-2.8492417085871597,-0.19167542144551375
6,10,279,6.188864879630478,-5.551002336774044,0.8359991480121889
6,10,280,6.6100189733269605,-4.509200547190029,4.087980657353562
6,10,281,4.834866589644776,-3.5969307369283863,5.368538582829542
6,10,282,1.2367604751077494,0.3794495238015788,-3.96368146495945
6,10,283,7.93134119011488,-2.429588506048654,-4.456679613051518
6,10,284,14.437148187692527,-2.788580215240029,-3.7208088234321828
6,10,298,3.97481840550903,-2.176153890644208,-3.676746920190903
6,10,299,9.191296956694735,-1.7438930323930828,-3.592762212783766
6,10,300,13.38492215583639,-1.5442361345740434,-2.658810748365599
6,10,358,0.5599834710975111,0.4462525252765668,-1.0807336471552558
6,10,359,1.2740182639872948,-0.2574196484814977,-0.5541787287886246
6,10,360,2.058524189848939,0.18036181721988448,-0.9859759633317391
6,10,361,2.580994692272095,0.28187456218918194,-0.8053133265801263
6,10,362,3.493506011260687,0.10793296171579798,-1.0274310281062036
6,10,363,6.103677574308442,-0.13950181715622095,-2.4840471489358134
6,10,364,8.806041162566899,-0.3434403574192019,-2.396983848379329
6,10,1695,11.547673760532435,-6.258101640899765,-5.945040517363325
6,10,2063,5.694717958612671,2.7513386166515286,-0.6480930357769314
6,10,2066,0.5488438520318858,0.7355060034884285,-1.600781805768897
6,10,2067,1.5447588646916208,0.24801306556522623,-1.2491743507434607
6,10,2068,2.308244735958204,0.2163280525275388,-0.9813889527659568
6,10,2069,2.622814181430701,0.35662936639284903,-0.6719320679896681
6,10,2076,1.2275780784818604,0.1633695542581304,-2.00476445223807
6,10,2077,3.3759993278907725,-0.055701967555512544,-2.1968637981352703
6,10,2095,4.433950143285085,0.037429423177541325,-0.6555418204154663
6,10,2096,5.070363604746901,0.10414422903612745,-0.7743222357682722
6,10,2097,5.935495053695066,-0.029914541238273917,-0.8588485562597515
6,10,2098,6.932687503219685,0.02838139980141638,-1.0310869864692223
6,10,2099,7.794760497715727,0.08474516947174701,-0.9515354207050776
6,10,2101,8.57779605370972,0.20853322447906375,-0.8044944657259455
6,10,2102,9.022529070522149,0.1117513510123356,-0.5570146772860342
6,10,2118,6.7947356522299796,-0.41130027274877745,-1.212910337389235
6,10,2119,8.766316809953075,-0.64950048045441,-1.381616345056512
6,10,2120,11.024465555619175,-1.0103135469429594,-1.2821230476718823
6,10,2121,12.266846772840331,-0.5056632853730398,-0.746902474997139
6,10,2122,12.928157974917537,-0.14130117592975544,-0.5258497771811863
6,10,2133,12.588552668083228,2.657437788225198,-1.344900739028381
6,10,2134,10.36118598512732,3.501213647296807,-1.2973993484108037
6,10,2136,1.0503187906307097,-3.7046704150727807,-2.580963173724487
6,10,2137,6.576891995307785,-3.392066813817476,-2.1467953990069146
6,10,2138,11.383818837072683,-3.010882367424188,-1.7962876189405237
6,10,2139,14.748842356999726,-2.4689853027041946,-0.896177715633735
6,10,2153,1.3409977085965425,-0.7744417602029086,0.4878543018571407
6,10,2154,1.71244199946106,-0.9035090421230809,0.5153995605494658
6,10,2155,2.1877285023664355,-0.9805296676685862,0.4816240486682499
6,10,2156,2.5606863268142037,-0.8668247814178418,0.48406982426936185
6,10,2157,2.6987772466023956,-0.6691112448007439,0.5307332057179843
6,10,2164,1.6403629963135655,0.2394293625738472,-0.5234281848589926
6,10,2187,8.728424927280994,-1.229705834685646,2.3483761901523454
6,10,2199,4.197752028097005,-1.1517584326568278,-0.32402077363727877
6,10,2200,5.611245467279966,-1.1061380851990747,-0.4197925675665587
6,10,2201,8.034623909433655,-2.3636402042984144,-0.08285924637999639
6,10,2202,8.177340991091242,-2.8671831784207864,2.7229709441242393
6,10,2205,3.4521201968595965,-1.2478288815450171,-1.6876823409770663
6,10,2206,5.688392444499569,-1.2028487942847277,-1.0823871072738607
6,10,2207,9.034114909317683,-1.038298213885123,-2.382173139126713
6,10,2210,13.614670767702867,-0.18681015146554475,-3.097680668101148
6,10,4624,12.213839044419396,-3.3441744442873516,1.1374192450958098
6,10,4625,14.421074271804063,-3.2091389604938074,0.9981422513150227
6,10,4638,14.724373484924147,-0.5726510853814224,1.4102156358982025
6,10,4644,8.316830857834095,2.9676087990262294,-1.0817192123694948
6,10,4645,6.662254019549112,2.7099307068863028,-1.1034950160862405
6,10,4646,5.766451164108529,1.7718574244803496,-0.8773848769741549
6,10,4647,5.8440315728040515,0.696499235799611,-0.8611305470439455
6,10,4650,2.8969870340891113,-2.1683392267665056,-0.823577587494199
6,10,4651,5.832937077497625,-1.913211355914551,-1.03860735948293
6,10,4652,8.332825993523558,-1.6104169587351966,-0.8897691338744675
6,10,4653,10.407470904184608,-1.1724307144460981,-0.9022378127981566
6,10,4654,13.30412209435627,-0.9155582677355175,-1.988690302835311
6,10,4656,14.831403833054704,2.2952619381557384,-1.503161269609557
6,10,4657,14.215447259229,1.8213713851223738,-1.2440490084831302
6,10,4659,14.295882970678027,1.5332004820943101,-0.6496924944712841
6,10,4664,4.792103160112568,1.0181220061543144,-1.0703552352320953
6,10,4665,7.864555220117604,-0.4027661468778596,-3.020980003638475
6,10,4666,11.723505152297188,-0.9283079135599036,-2.9947150085567418
6,10,4706,14.143339768241423,-4.760189523154709,22.367172331217297
6,10,4707,8.911558779017012,-4.365481446709554,9.508439204761878
6,10,4708,4.9124628747374395,-4.938645066788575,8.572798919612516
6,10,4709,2.5334427277402702,-3.8101072816321655,4.798870140967816
6,10,4710,5.26434707783895,-2.9869934033056587,-4.22941511352622
7,8,1257,2.0500959681205986,-3.3334431937957945,-3.07247296448296
7,8,1258,9.114297511201833,-4.164577466279827,-3.2209521166429176
7,8,1259,14.813972597257294,-3.154105844476998,-2.5550689434657388
7,8,1290,10.416007663523816,5.399299490408261,-2.490609156250452
7,8,1293,9.959214757538803,5.109830414777522,-1.6211853551164639
7,8,1294,7.006935377112245,3.9548109158657527,-1.2305282315151924
7,8,1295,5.504192052988701,1.9311144591657847,-0.5392436794476824
7,8,1298,2.1895947265594877,-0.8696234644060981,0.7500268033080688
7,8,1302,2.125447656590194,-1.1788222686382868,0.7559853338999479
7,8,1303,2.6707758791616953,-1.5841278487044084,0.9620559933981958
7,8,1304,3.2159520847440493,-1.483092749260448,0.9291342714119295
7,8,1305,3.476222399641431,-1.057770552553051,0.7973671525163741
7,8,1306,3.522055062648898,-0.7108715472759867,0.6648600037376243
7,8,1310,2.1727356111566705,-0.8451779057773394,0.874012013610745
7,8,1315,2.186000568228307,-1.322618581341506,0.6303326582145944
7,8,1544,11.683634372471973,0.12374577379323215,-10.49525101100139
7,8,1593,3.2992514876242187,0.00804232734042909,-0.6832542087768978
7,8,1594,5.360072635731974,-1.192397457104329,-1.4373304911899856
7,8,1595,7.852604960874916,-1.570307493036062,-1.0423805483681814
7,8,1597,9.841716653965324,-1.341410969002221,0.9619736439381855
7,8,1598,10.323878410855318,-1.2053533870033304,0.63689187390917
7,8,1599,10.734620212771276,-0.9528755617036699,0.45135160677054886
7,8,1603,9.97489098361699,-0.20260239062290042,-0.5121753837914023
7,8,1605,11.943942937299521,-0.8230510164084206,-1.0987786980649463
7,8,1606,13.461494642941231,-0.8672658253437517,-0.7544643739113873
7,8,1645,8.6164709480015,-3.64453397265631,-1.8531323318353314
7,8,1646,14.50714312888524,-4.4936890164791,-2.678768908376345
7,8,1651,13.088440823141601,-1.8268695653415268,1.5320894637989584
7,8,1652,11.889142886110026,-0.8571671666030478,1.1102515461728126
7,8,1653,14.05218499412447,-2.727525164885517,-0.0856045634217749
7,8,1662,13.68523686368217,-1.227910358428024,-2.14194965837478
7,8,3372,14.406600714672777,-0.7820484874147107,2.005682511726306
7,8,3382,6.018489782551961,1.6850933618070947,-0.86719223946169
7,8,3384,3.5228597936900043,1.592878508512335,-0.9504546287514143
7,8,3385,4.297038703405718,0.7867981299019773,-1.8202825398098048
7,8,3386,4.729883161766038,0.7638606500635197,-1.219020541782163
7,8,3387,5.597228184099357,0.5873407470887735,-1.5018169381640674
7,8,3388,6.3443849979625,0.315470777467277,-1.0791699046287155
7,8,3389,7.600160612501631,0.06844577597971058,-1.3405725308761427
7,8,3390,9.356877281652904,-0.11060265069662027,-1.6659567593598243
7,8,3904,8.937234105292601,-11.538845109040505,-1.8633285965836635
7,8,3923,4.323559389173587,-0.019361287187164705,-1.367736317067004
7,8,3924,9.344306274123536,-3.6918427322527205,-2.9756716245388373
7,8,3950,6.358160011503329,-2.5846762557959524,0.6260010821093499
7,8,3951,8.244317951358568,-2.6586895745402157,0.6605508415371931
7,8,3952,8.977462834655304,-2.1041394598441325,1.2499597231247448
7,8,3953,9.415805180825782,-1.6968066694110648,1.1999962972341351
7,8,3954,9.69757808561682,-1.2152842616428448,0.9111017680335909
7,8,3955,9.720510827932939,-0.5912826079792579,0.557127981469291
7,8,3970,3.016167020457971,-0.8301103653634452,-2.859238481100703
7,8,3972,6.751631877482238,-0.4772714824836895,-2.5431663175694323
7,8,3973,9.27201461910188,-0.34986756716546136,-2.173308609317527
7,8,3974,11.940176902787423,-0.34527351194648803,-2.3239129852227594
7,8,3975,14.173203922846957,-0.11711182260695403,-2.1168349361767995
7,8,4039,6.134894171790476,0.2680299969329485,-1.3260010426586346
7,8,4040,7.560496181251331,-0.17338735767369384,-1.6313370297412468
7,8,4041,10.033863805588275,-1.1640947343451398,-1.4389422216565642
7,8,4042,12.76969614703334,-0.9108825587862707,-1.910519725735803
7,8,4043,14.863666639668828,1.2170219675212972,-3.512427936718215
7,8,4044,14.489896248540735,1.3569842158916754,-1.0459694400164161
7,8,4058,5.534995281185243,-0.6736147287592593,-0.44911352756957856
7,8,4059,5.503352915668264,2.3048463736334535,-2.317441142847386
7,8,4060,1.81822530983898,4.092070691510824,-1.0152666025085466
7,8,4061,3.197067766067545,-4.623919699823086,0.3609327320171778
7,8,4062,7.523236789525888,-4.534983286152924,0.12553410223789058
7,8,4063,10.96918007914213,-3.4738477081852555,0.027690128313819534
7,8,4066,4.765531183810657,-1.546031861406806,3.3933648944383803
7,8,4067,6.677522720208771,-3.4756573942199758,1.5518440272774363
7,8,4068,9.361923472346207,-2.368624175089831,-0.320952070422972
7,8,4070,9.13736751082515,-2.233220013693524,2.1216103839494007
7,8,4071,10.983763110915852,-1.8651421134596735,0.011204599094498544
7,8,4072,14.699087523255674,-2.1680426890623696,-1.5568987298531862
7,8,4077,10.749850926222395,5.551356686666178,-0.5606237994731287
7,8,4078,6.729312997365113,4.167281516551508,-0.5055868566532267
7,8,4080,5.153562092418258,-2.0443990166065773,-0.34310783185612836
7,8,4081,8.040694717880587,-2.6405310272354425,-0.5424380203296311
7,8,4082,11.180437083184167,-2.7511376235989498,-0.5540770414108034
7,8,4083,11.538052116534832,1.1559237879232394,-1.7800891826862828
7,8,4084,12.952073458223389,1.4940552711557302,-3.08435772238929
7,8,4085,14.588125086254504,1.9001612700106958,-3.5882027728596655
7,8,4086,14.153394000594076,2.568754247089025,-2.1475044280594515
7,8,4092,3.5548460629005096,-1.5417113597558252,-0.31894920181956266
7,8,4101,11.909039772348905,-5.380675304663192,2.4623691867650637
7,8,4102,14.1753980075543,-6.817460468254954,4.5497014699232805
7,8,4103,13.83171359171007,-5.277917997655424,5.620746729753876
7,8,4104,12.461589599456001,-3.5382988545052347,4.90838598820207
7,8,4105,11.219431620586136,-2.8629615200637235,4.091871850621615
7,8,4106,10.39245509576227,-2.1516738657074246,2.9786367797082463
7,8,4107,9.894482204151435,-1.7575783826715299,2.2555427126449903
7,8,4143,9.33505498186411,-0.27458122348955194,-2.508971552335867
7,8,4144,12.395754610683571,-0.20175437506381555,-3.008270439182849
7,8,4145,12.95596048115807,0.011454520612005862,-0.6069487993380037
7,8,4164,4.8116276098461075,-1.6726172485894173,-0.06530704889771999
7,8,4165,8.320824602732857,-2.635916556296665,-2.105041995881025
7,8,4166,12.790102458873129,-2.570166493508274,-2.1466945083624265
7,8,4196,0.632287939616711,0.077437449307231,-1.4424519612832258
7,8,4197,3.2003277355961086,-1.5818225732956117,-1.2259379696058066
7,8,4198,6.886873082001712,-2.6561921624396567,-1.040211633144111
7,8,4199,12.72172689046459,-4.564701104555774,-1.272935382541117
7,8,4271,1.1325706381170906,-1.8228733843257072,-1.240872832928332
7,8,4272,3.9006620246162274,-1.605012856053561,-1.1631035085421944
7,8,4273,5.50054235522748,-1.2937192781523819,-0.30649106704330553
7,8,4274,6.2446367301062935,-0.8602190308432969,0.11553892714983527
7,8,4276,7.8159706735530925,-0.19447199445115568,-0.7313220623991551
7,8,4286,1.1157095976748699,0.6666692766314305,-0.5387830580050021
7,8,4287,2.6010471845551053,-1.6091799801127817,-0.5039437563268188
7,8,4289,3.91809807190373,-1.4040829018950325,1.7175627974574201
7,8,4290,3.728767755588205,-1.2041033698279504,1.3835150378738308
7,8,4291,3.384304157874068,-1.0485947515866711,1.3759820374864915
7,8,4292,2.8525856614491114,-0.9512409138740755,1.481236875091634
7,8,4293,2.3737192067479707,-1.1348389087610313,1.5699657206019615
7,8,4294,2.7883004588631897,-1.128496009463839,0.6389765268652547
7,8,4295,2.909868471476403,-0.8585526247537546,0.7287871906642724
7,8,4296,3.075917442593281,-0.6435974245667806,0.46746784995463037
7,8,4297,3.2013914467338487,-0.5405417109065658,0.4135694436436729
7,8,4299,7.311896033948872,-1.1864432514523449,-2.1644670495035947
7,8,4300,10.299618229020677,-1.022963215053019,-1.9647594194368565
7,8,4301,13.437578673227653,-1.146273903146644,-1.991759029129962
7,9,1603,7.021945839366947,0.8546954134497423,-40.651333717524764
7,9,1642,14.338261291231372,-1.9285529609112353,2.8811586260296655
7,9,1643,13.83735680497152,-3.8429595954594626,4.169380888947782
7,9,1644,14.246689020419048,-6.013303570682911,5.1038640871482475
7,9,1645,12.588823272118612,-5.7044838049958955,7.251223170724191
7,9,1646,10.046520076187909,-4.330957971605323,6.842383468722029
7,9,1647,11.338697399569291,-1.695556221297277,-1.4166394581450028
7,9,1648,14.928582013059227,-0.3518531789675523,-4.558413783436606
7,9,1656,5.069863988459495,-1.4509071895113343,7.013980506970847
7,9,1657,5.522684738954595,-2.7366185592363435,-1.742755102457149
7,9,1659,9.66755383574392,4.556056872065778,-4.621029842458649
7,9,1661,11.91168722986073,5.257612861877506,-3.766051630382997
7,9,1662,11.140692591363809,3.6244079269125447,-3.031861292954976
7,9,1663,10.510310619838283,2.7204580562192824,-2.2280078434023736
7,9,1665,9.86198923264621,2.768950418534126,-0.715593424341036
7,9,1668,4.844678322812999,1.914577419134243,-0.5291108998577566
7,9,1669,4.0433945033167324,2.192807552755135,-1.5453697075658943
7,9,1670,3.590061414737104,2.438850448237531,-2.0434504759085423
7,9,1671,3.1158780790114124,1.4907069288069945,-1.137601399519418
7,9,1673,1.9689380861094068,1.1628206965837997,-1.358158307021574
7,9,1688,13.529519547591416,0.6932706309328117,-0.753172120807466
7,9,1689,14.354774265731452,-0.27323115398074754,-0.5983672783897299
7,9,1690,14.719866204713233,0.14082923172279777,-0.552399150491313
7,9,1710,3.074084895399642,-3.6498255797697707,-3.6702775183173904
7,9,1711,8.963928099217288,-2.482030987748917,-3.4092555073667095
7,9,1712,13.788257973652286,-2.3414978462947995,-2.4831903551322148
7,9,1881,2.3992370237660645,-1.131593747124869,-0.6515950919726633
7,9,1882,3.991918227011197,-1.421799148343071,-0.2021211263262152
7,9,1883,4.843171772708795,-0.6260665343836912,-0.23502251174729522
7,9,1884,5.369511053384555,-0.5926352248805385,0.06240290275332982
7,9,1885,5.606587723570801,-0.5622963622260113,0.3218979069715022
7,9,1887,5.565257100534213,-0.563711206490544,0.47111458513961124
7,9,1888,6.439514959455476,-0.8047753949978607,-0.13976948656379154
7,9,1889,6.9331335401190906,-1.0313417847513107,0.5279939189750161
7,9,1890,7.437501401971248,-0.9841747427011609,0.47653430882077374
7,9,1891,7.805779464130477,-0.6864395482042721,0.31485024557387215
7,9,1893,8.061918371462106,-0.8640281976125653,0.6128859728781876
7,9,1894,7.916501324062429,-0.512635046472659,0.6578368834615052
7,9,1895,5.927849377700555,-0.6597951833042507,2.552609681062784
7,9,1899,1.4953526877298262,-0.6819857861783006,0.966914589123101
7,10,1827,1.0907554522948752,0.42957198998359547,-2.699365067223693
7,10,1828,2.837309061774704,-0.0011370273632578531,-1.7465811518956422
7,10,1829,7.575928862351754,-0.24996576346755633,-4.489860481611316
7,10,1830,12.051813620799813,-0.1451279111121348,-4.331630248739461
7,10,1959,10.013632152884115,-17.81898046797434,0.2618846613982343
8,9,1603,8.717180326030073,-1.0982354967691712,-13.662821931712378
8,9,1646,4.561484834855703,-3.0967506297291854,-7.404963241213514
8,9,1647,13.604728800858313,-1.9567350279963511,-7.900749229919203
8,9,2048,9.580095726985252,3.357869163124797,-0.6198568347657625
8,9,2049,7.731391309899886,2.5981619835573477,-1.0475263911255401
8,9,2050,5.102603855193634,3.594474801991758,-1.1915093220814212
8,9,2051,5.546791994328605,0.19774376664247645,-0.8631804544547805
8,9,2052,6.746472853090247,-0.25182769235773406,-1.014984964320431
8,9,2062,3.6981788502076416,0.4142875649404743,-0.8165115320141866
8,9,2063,4.276972164021852,0.40911137276469667,-1.3713892577633673
8,9,2064,5.232287866602767,0.09499403370528947,-1.2083023468486633
8,9,2065,6.289161179500469,0.0678227941554285,-1.1887589076815674
8,9,2067,7.426743834436439,-1.8558847014483024,0.5315654721734907
8,9,2068,9.228911555589487,-3.161445798740504,1.2997390364328223
8,9,2069,10.335870551035464,-2.355964928327601,1.230581509203126
8,9,2070,11.035706946755129,-1.4318356182338736,0.7243797868159607
8,9,2110,4.969527071764347,-0.5559079258705852,0.7895750705815856
8,9,2111,4.55438678880686,-1.0539448902915882,1.4665427595772083
8,9,2112,4.121289356499671,-1.6747383369139628,1.9977552877743845
8,9,2113,3.110290144229793,-0.9251224709169431,1.88481381719976
8,9,2114,2.8214755427266143,-2.6620142403628733,-1.8488953649999815
8,9,2115,6.748278602226273,-2.8522881784717367,-1.2292717076032058
8,9,2116,10.285858807891037,-2.492608958871989,-1.0558886512484438
8,9,2117,13.560521915069463,-2.215305901134497,-1.0637168570964195
8,9,2156,5.429025586734311,-2.0808637623521684,-3.382652301773623
8,9,2157,10.049789798619718,-1.5625836828972688,-3.0805186304530303
8,9,2158,13.81458697927757,-1.1520412545213934,-2.6172970969773055
8,9,2172,1.4321707938028823,-0.9571727915838056,-1.5494194488779611
8,9,2173,3.741397274783826,-0.7529447290729674,-1.596403105360872
8,9,2174,5.457511274157196,-0.39939624237542326,-1.3203891122533318
8,9,2175,6.592441528719349,-0.06736386244744703,-1.0693859273836732
8,9,2176,7.266742447854098,0.37789385974655404,-1.0559627518281218
8,9,2177,7.997945335778719,0.7413268277942346,-1.4860943855165012
8,9,2178,8.769725952642458,0.49511468004980574,-1.2939425535799758
8,9,2179,9.160096734363696,0.7171205598876298,-1.1230871112469816
8,9,2489,5.020559018457003,-1.0012086456659162,-2.6564987729620873
8,9,2490,12.967687747514967,-5.982116426982335,-2.7565300994704494
8,9,2508,2.981789170218267,-1.960623889915049,-1.4278762268978098
8,9,2509,5.747843855408659,-1.8564339360189241,-0.9184436514025807
8,9,2510,6.245143978713204,-1.546074278610671,1.0479755627716638
8,9,2514,1.76321577622765,-0.6300749636916302,-1.0299204694139648
8,9,2522,9.487435484500015,-1.2109913425276697,-1.0754680277009858
8,9,2523,11.429392571641182,-1.077670243294424,-0.9104242710314816
8,9,2526,7.2997372786253205,3.4139867511943223,-0.904166365261571
8,9,2527,5.2572528660737285,3.153250487785504,-1.1184347527155016
8,9,2529,2.277237411076723,-2.714838487987783,-1.469371478049495
8,9,2530,4.611751862542014,-1.4999962540435594,-0.842866077319857
8,9,2531,5.603988153659892,-2.183918519918607,1.1887092900276541
8,9,2532,6.620120737039134,-2.051840107821031,1.0338871245456218
8,9,2534,8.471025272636492,-1.367386798042252,1.176203723691079
8,9,2547,14.353500187592362,-1.087053391737141,1.4907672430563115
8,9,2735,2.0403591871624993,-3.474428993342726,-4.223859313813715
8,9,2736,8.815066299846793,-3.562255039316672,-3.347284368070386
8,9,2737,14.151380951396058,-2.746962651867193,-2.5900653284137745
8,9,2825,13.113946736216198,4.111729653076129,-0.5680855577577977
8,9,2829,4.049366390679009,0.9731209507760747,-1.1474854079033618
8,9,5001,9.26067294604198,1.5719179235297365,-0.6305668207368031
8,9,5002,10.793294851522376,-0.9593643574043818,-2.6500904247659336
8,9,5003,14.903476687058612,-1.8945501658121504,-2.88107004344535
8,9,5027,0.8841973158056436,-1.0624367945483086,-1.6159147218770376
8,9,5028,3.2740686657253866,-0.9696212409032223,-1.5192654139195234
8,9,5029,4.960124160886606,-0.8098450168754653,-0.8773021423987064
8,9,5030,6.466309421881668,-0.6895975794036862,-0.8181044077938394
8,9,5031,7.518873767283302,-0.5270336948403764,-0.5258515102832915
8,9,5036,9.452007638899232,-0.728568130926692,-0.12766150140964874
8,9,5037,10.10094750116736,-0.6198382854073996,-0.041660848060275785
8,9,5042,2.414060980450826,-0.734411392262811,0.16238616029738784
8,9,5043,2.839228832672662,-0.8354569345923756,0.3643130481237682
8,9,5044,1.3972404775809488,0.7584867578602269,-4.612403300040444
8,9,5045,4.319820069610268,1.0347924619096018,-4.018644312485428
8,9,5048,5.029202358344901,-0.5627107525267522,-0.7293293782844341
8,9,5052,7.6300991466737536,0.0698551791956944,-1.0726544013988863
8,9,5056,11.955319208790858,0.5812037638721573,-6.123907742585894
8,9,5065,12.952053687040474,0.8520238038876268,-2.8704507554258507
8,9,5776,11.537066088464039,-1.7436203161668085,0.012417188924385094
8,9,5777,13.595404244307666,-2.022264076584167,-0.059682542541954556
8,9,5778,14.288708396003882,-0.6505564661588435,-0.0686121323847701
8,9,5804,14.961510278304226,-1.4260682498454098,-0.009562849996424077
8,9,5851,7.395280528910178,0.3091110830280437,-1.053722002900759
8,9,5852,9.05192103884402,0.11253346681278845,-1.885517364483019
8,9,5853,10.254813786285595,0.22980185916428197,-1.4647914179760129
8,9,5856,10.27048219927172,0.2885556533562028,-0.7611160236388448
8,9,5864,7.85507583003698,-0.5442975617652214,0.13037835395493458
8,9,5865,9.885576235851019,-0.3680071932643996,-1.862061361587036
8,9,5866,13.009671138284087,-0.1448801375044008,-3.2507848073531878
8,9,5887,3.780190870973022,-0.6397615997496298,0.23220971288102313
8,9,5888,3.971601301719836,-1.398721759549499,0.0037174156677643733
8,9,5889,5.442902745817568,-1.7939532315349838,0.044717477220827445
8,9,5895,3.5363347246077774,-0.42195863173301246,-0.5084053543277087
8,9,5897,4.869845328870117,-0.8482278693228785,0.17553233125753376
8,9,5898,5.6089988262356005,-0.7104450200103483,-0.03395733379305483
8,9,5899,6.191253932338097,-0.9300426991214201,0.34733155343897854
8,9,5967,10.24417696784636,1.3447812931607397,-2.4679768478401334
8,10,899,2.2898572783403357,-0.6747164153726463,-1.1452348101090357
8,10,900,4.3424232144318164,-1.5026910217523286,-0.6368763465517212
8,10,1700,2.737054572936634,0.23072198086045032,-2.2176984431512747
8,10,1701,5.340457054364618,-0.6088287607756404,-2.5511387890682538
8,10,1702,7.097080077143006,-0.6737165334092862,-1.2452871590846322
8,10,1703,9.14331236343292,-0.48374063604426715,-1.6349060899980743
8,10,1704,11.117809318385376,-0.5174928835821693,-1.5163624036042271
8,10,1705,12.774469151039371,-0.4343440047084083,-1.2532672675713419
8,10,1706,13.919010295856978,-0.20832061877754013,-0.9634269494189172
8,10,2311,10.236707991133471,0.6427720071534186,-1.785565277748851
8,10,2312,11.323687351613101,0.6047391979291715,-1.7010638754539407
8,10,2313,12.401378476257733,0.6392504522657532,-1.7172473201694016
8,10,2314,13.34542486351837,0.6526142625240494,-1.598416442327402
8,10,2315,14.594823202074172,0.05994463885891603,-1.3101458536851727
8,10,2317,14.722759780252593,1.745168032518543,-1.0784048009142133
8,10,2322,12.793120339373983,-1.4538360097709422,3.110333812240395
8,10,2323,10.971615015024687,-0.7259176061347866,1.6898883583513216
8,10,2324,11.240062215644484,-1.8138296580651763,1.0744510874040103
8,10,2325,13.153661646260458,-2.0520217740675966,-0.10891238696316363
8,10,2326,14.477779624179128,-1.1194441559181225,-0.29338131197465306
8,10,2343,12.341667673539256,-0.4534857723904267,-0.6297143390359419
8,10,2344,14.361770463847437,-0.9716493962602502,-1.078570896370395
8,10,2354,9.965467610376484,1.9654250013893393,-0.6187090102849963
8,10,2355,8.818215601927028,1.7128607780251013,-0.5656326984876872
8,10,2359,5.867680082453678,1.655950114618374,-0.5572750231437168
8,10,2360,5.8054026779857955,-0.6403052030179152,0.7024621022317753
8,10,2363,4.040456507246397,-0.760527542110922,0.32397653257476416
8,10,5768,6.13966740218709,-2.3057371999973797,0.9812307229145568
8,10,5769,8.251694111387193,-3.235044785284671,0.7699556057033883
8,10,5770,11.730781343383889,-4.056481767687391,0.48295753749677284
8,10,5771,14.799965408675186,-3.5352115660418413,0.45168500666467976
8,10,5781,7.318573765960087,2.5923761053640146,-0.5240785760889042
8,10,5782,7.201856676981635,2.74860711751695,-2.854668896936678
8,10,5783,7.792027240166782,2.4396955261900395,-3.1582341191612135
8,10,5784,8.678320157705105,1.993988647513019,-2.9399538544332007
8,10,5785,9.464333619320945,1.7225845371519126,-2.537509529048842
8,10,5786,9.272377023942989,1.8350987909835452,-1.6720779643695811
8,10,5787,9.12739378014667,1.2436353387065096,-1.1130327946480882
8,10,5788,8.62393246011123,1.204374500755751,-0.7048861060044926
8,10,5789,7.957326109087333,1.5424315490563574,-0.8792063529139931
8,10,5790,7.258461220114442,1.3735421491271818,-0.6768140698412978
8,10,5791,6.477907696009976,1.527478030235428,-0.7479667573223918
8,10,5793,5.715385270962823,0.8811781988323277,-0.7216737081376945
8,10,5794,6.0574577742357425,0.2929578321087325,-0.6380716693186281
8,10,5797,12.726119750305271,-5.1106186077787825,-0.6895984605220562
9,10,3,11.690705700175462,-0.15181717810390463,-8.753337495260219
9,10,50,13.999793217624841,-5.3459495759792,1.7163418332516573
9,10,116,1.1468942801505837,-0.8521733780741746,-1.8098495548034017
9,10,117,4.104637687603001,-0.8874583417069996,-2.3145743184570304
9,10,118,6.27217541101734,-0.6746475868545821,-1.5129138876194403
9,10,119,7.848671542912901,-0.4161051736824964,-1.1621821864334354
9,10,120,9.004590562633528,-0.17643762523490578,-0.9810901426062784
9,10,121,10.217019597468829,-0.40246071911699843,-0.8232926535802028
9,10,122,11.747926484267483,-0.9360445213231072,-0.6262485098511713
9,10,123,12.700710721932246,-0.7658040816932894,-0.20129975155131413
9,10,124,13.379925054840468,-0.5396108668417093,-0.16205334716688502
9,10,125,13.720281371368813,-0.5133819160587786,0.15956347785804978
9,10,132,3.9707997780137143,-1.3924765325531498,4.01900637445537
9,10,134,2.1200644585761235,2.0619668472300456,-3.3376991855923346
9,10,135,4.752027168661862,1.6073335189153275,-4.479883755013969
9,10,136,7.754657855492111,0.9738633518119807,-4.003834387405025
9,10,137,10.249253802929267,0.6592833565724533,-3.157443064881478
9,10,138,14.57292394530363,-1.7491389583604353,-2.5951254020612065
9,10,158,5.959906661480449,1.2571323915581991,-2.466992682643473
9,10,159,7.605509987451347,0.9705530505780793,-2.6167393492051323
9,10,160,9.304574381679299,0.608309840517802,-2.3092349056179953
9,10,161,11.098935148466039,0.4283941498105425,-2.225420891660119
9,10,162,12.720965824008744,0.38801729806491103,-2.017668746994764
9,10,163,13.551336614115634,0.32546486837350413,-1.155835718815189
9,10,164,13.666511921867764,0.6590070254577907,-0.7753050894502144
9,10,289,1.7217671693235308,-0.6683183514801404,0.3106906684236892
9,10,290,2.025213059074471,-1.049569946225671,0.5854483395204476
9,10,291,2.194672456187687,-1.1502975011462238,0.8794569249183574
9,10,292,2.266359809751964,-0.918715080949186,0.8326276691954277
9,10,293,2.24103721423648,-0.6897810399078613,0.702289434635868
9,10,294,2.1163238359087164,-0.6034451286148085,0.7249284936437037
9,10,296,3.0591367678764643,1.7406625441972046,-2.6255213057243725
9,10,297,3.8018292395609707,3.5111750860977935,-4.680178822974693
9,10,298,4.940026956997575,2.713617910086407,-3.8881689191944453
9,10,299,6.255411753098438,2.2435429475207305,-3.637299336062752
9,10,300,6.509832490638187,2.418932430552136,-2.713756631921875
9,10,301,6.57831042615575,2.0251308619565234,-2.1253268337354925
9,10,302,7.460381801843478,1.1578482201242077,-2.0693825009382953
9,10,303,8.460355799906527,0.7099251320810839,-1.7177050445140165
9,10,304,9.328186301145765,0.6265557503555963,-1.504994655327997
9,10,305,10.455553475681274,0.18812633107404497,-1.3155902374546533
9,10,306,11.622278630686933,-0.2411880989723798,-0.9257994631408627
9,10,307,13.379629187367076,-0.587745423759663,-1.1701615941459602
9,10,324,14.354383884204458,3.1696297693834774,-1.3689218579840596
9,10,325,12.906064233156632,3.1043185971199057,-1.715130131051374
9,10,326,11.956576085453214,2.392012066097795,-1.5026652567479595
9,10,327,11.517225865844773,1.5537935379382475,-1.191390116566585
9,10,328,11.230877746800523,0.9479995263746823,-0.7544996956160757
9,10,333,12.850107639910007,-1.7301096728880914,-0.14179016782642462
9,10,334,14.53001446010991,-1.681091858471547,-0.13108594069600205
9,10,345,8.08633950836072,0.6840775580552881,-0.5389069421941547
9,10,346,9.324488203547727,-1.4626031338256955,-1.001633316379085
9,10,347,12.132617304825002,-1.9801831345529572,-1.2301189210112007
9,10,576,3.982376066334195,-0.7379426810795858,0.6539768173252141
9,10,577,4.231397460463747,-0.7133700647766145,0.37667377333803986
9,10,578,4.109486505842035,-0.5066966845518576,0.495364830914693
9,10,581,3.3187382480012473,0.3152095283810716,-0.9512469309857651
9,10,582,4.731818756264949,-0.47544789932034687,-1.438070626255581
9,10,583,6.280989176949619,-0.8072373490018561,-0.8708004173618796
9,10,584,6.96355213198338,-0.9198932113027286,0.20411896466770887
9,10,585,7.124824914536305,-0.5140860119587074,0.32430779595608195
9,10,586,6.809100173607537,-0.7633488461124998,0.9085619043540196
9,10,587,7.525001515968828,-0.9390837626540964,0.1999746163795577
9,10,588,8.1656600786558,-0.7871446456576159,0.14585561717703835
9,10,589,9.191823718881203,-0.00637949885536529,-1.2013809862432487
9,10,590,11.053756181141114,-0.7301864955922923,-1.2790465682907486
9,10,591,10.522716665238999,1.3958052675751105,-0.8780731118232457
9,10,592,8.208380144117468,3.1796141108580094,-0.8943710330690172
9,10,593,6.428849632423802,3.371470562703258,-1.5919549323860194
9,10,594,5.9896325643987245,1.8601764494221198,-1.4900650211724504
9,10,595,8.393729210595364,-1.107460192770536,-1.4779542440121662
9,10,596,11.354242779785563,-1.8330776069446653,-1.3271195224506316
9,10,597,14.403493633301512,-1.852130147042544,-1.293084214688918
9,10,1746,6.741551240487939,-2.2244816489045776,7.193250669706224
9,10,1748,5.795755474243968,0.4295699795277755,-1.111734776728515
9,10,1785,13.803077130529324,4.745733923728903,-6.032360481912855
9,10,1786,13.591201719469518,5.1017293700341435,-4.925432467577915
9,10,1789,12.473920108536971,3.717475249252568,-2.97738521310847
9,10,1790,11.17718538726225,3.7825233793591337,-2.4926219455841063
9,10,1791,9.772190576231862,3.666437515032132,-2.2649017338804716
9,10,1792,8.860302055580881,2.4262194774280195,-1.5215157394261916
9,10,1799,3.5317203694626755,-0.7141845298494061,-0.02728492616567138
9,10,1800,4.4651854740736985,-0.9351511211792126,-0.10216954508272638
9,10,1801,5.5127985370227925,-1.2311420047148611,0.1496729223845042
9,10,1802,6.25983954249485,-1.1270369982075126,0.35352802821205875
9,10,1803,7.191362296973546,-0.9491768304612542,0.007708499526729917
9,10,1804,13.424182249998728,-0.8827219832444139,-5.367413527466369
9,10,1877,5.266716928945878,-6.400372758455665,-0.24422671701354415
9,10,1878,11.108941526745104,-5.455531312128793,-0.4460504979906853
9,10,4272,12.867775741966026,-0.9714659855913739,0.9599342820599667
9,10,4273,13.250205024838376,-1.0783021964118629,0.6847442733104475
9,10,4274,14.688111778662954,-1.1863034372274297,-0.25167803603513245
9,10,5623,9.20719744089313,0.3721701341276802,-0.9929129780923548
9,10,5624,10.587546238485563,-0.3039530535333413,-1.1062696087247483
9,10,5625,11.898288614851829,-0.3926015906676047,-0.9324614934220204
9,10,5626,11.540402772805106,1.6839490074466674,-1.326348509578931
9,10,5693,12.94368902078119,-0.9889416253564333,5.987737117029061
9,10,5694,8.825958276104362,-0.9202112308900636,4.9528134096466845
9,10,5707,2.254599283460307,2.4725575465002687,-4.4632669844958315
9,10,5725,11.692684771062366,-0.4086254744035971,-21.76751717701105
9,10,5973,11.356408767435207,-20.533955177902794,-5.214125976661463
