ID,Other_ID,Frame,Distance,Repulsion_Force_ID1,Repulsion_Force_ID2
1,2,82,2.632113259585241,-4.874217283398442,0.2371366779310859
1,2,83,7.075591718114415,-4.3465478978683025,-0.2287881288348493
1,2,84,10.377570160877111,-3.3847361565245166,0.07973017144557165
1,2,85,12.698850832583936,-2.689556953438542,0.3649048296556729
1,2,86,14.494567188170363,-2.1709642118806247,0.3727063056080653
1,2,913,4.399120806608606,-3.770118378287645,-2.1961438697518187
1,2,914,6.891664229089043,-2.8130135271806935,0.23521900908159543
1,2,915,7.4179162847018505,-1.298472326518432,0.7464249025565463
1,2,916,7.057132785631985,-0.9157732467111118,1.2759244712416034
1,2,917,8.341098082135094,1.2197322370551156,-2.530015895128141
1,2,2430,6.730375541964248,-1.4135524389337384,-2.7244523031522094
1,2,2431,11.652328165354488,-2.048212550323843,-3.808074013788848
1,2,2567,9.922327819478891,-0.20845253527169644,-2.133994928985675
1,2,2568,12.288062906526058,0.030093692727442667,-2.396767786613541
1,2,2569,14.60192192669386,-0.06260386285633968,-2.2537142987135352
1,2,2636,5.317952852598471,-5.784435249681034,1.7082389128224993
1,2,2637,7.97166058474206,-4.586699782535272,1.9068308898698245
1,2,2638,9.824760939344477,-3.12423946930669,1.2494514196297284
1,2,2639,10.878875781697927,-1.5095374455577426,0.42326749099493133
1,2,2640,11.319738813242672,-2.294847370290401,1.8415455051863816
1,2,2641,11.540485941859915,-2.406622691829996,2.1843078160640212
1,2,2642,11.576940958467707,-1.9498209448749682,1.913056532967261
1,2,2643,11.330071650761855,-1.3171386264011091,1.5632366464276748
1,2,2644,10.967246421739848,-0.9305619761772602,1.292290746174737
1,2,2645,11.79165622194612,-0.6919021535075942,-0.1492452568166917
1,2,2646,13.846246148345491,0.0637693323546217,-2.1191824780069215
1,2,2678,2.922296668669138,-1.5450115712228003,-3.3153387851799327
1,2,2679,10.133792190560449,-2.75490071633897,-5.383229384670012
1,2,2681,14.007534065594562,-1.2405365102508525,-0.5995508568714453
1,2,3261,10.657705534989194,-0.512047088220643,-0.6241800037372327
1,2,3262,10.852643938789543,-0.7723529826391959,0.25453773265234136
1,2,3288,8.604003988018931,-1.9395335581088062,-0.6701675981849
1,2,3289,13.855277794394453,-4.418822850770599,-1.1598691851335174
1,2,3580,4.00161050642377,-37.51891717482468,0.5655851777222373
1,2,3596,14.425915534060307,2.5874512321505803,-0.5631482627147566
1,2,3597,12.871863618242324,2.3158240048741785,-0.8232604801215133
1,2,3598,10.910236862378715,2.7791247174883,-0.8553458853297626
1,2,3602,4.650511619415544,1.1415905883911683,-0.7685657899174232
1,2,3603,4.878501832675287,-0.8399572197383434,0.504844275011786
1,2,3604,4.947135186417319,-0.5624081648222112,0.4668579562604029
1,2,3605,5.0326827459773495,-0.6275819150287825,0.5253395886566947
1,2,3606,5.1192700116288155,-0.5201968145605405,0.42582448454163613
1,2,3610,5.252875501500891,-1.7299002085817672,0.5191853644530634
1,2,3611,6.056308667319497,-1.530727667778904,0.7250424180348523
1,2,3612,7.004377306342464,-1.303913276124262,0.33761728921427664
1,2,3626,7.957016897561761,-1.8595888173730868,-4.503313757864224
1,2,3627,10.328297826615156,3.1771266803019733,-5.5822474404272
1,2,3628,11.401940679317365,2.67543331120732,-3.7687340850361943
1,2,5419,5.9939272987096155,0.6103157873366326,-0.5589882035592505
1,2,5429,4.007790005965455,-1.3101627984138362,0.9384706917489924
1,2,5430,4.899233780964274,-2.1518994603427632,0.8023084841901478
1,2,5431,10.267398021826587,-7.657316519176593,1.934003891779717
1,3,3288,3.6971485750432365,0.12570900131278595,-0.6610621158651244
1,3,3308,9.40902624770709,5.095048305840016,-1.3711605282775237
1,3,3314,5.636554110327362,5.6140186349142915,-1.5091500864835679
1,3,3328,3.0677495980430596,3.408349238413262,-0.7001752034556582
1,3,3403,2.9373770115736817,4.551315552420889,-4.619437806330006
1,3,3404,0.9818824106283762,4.037315619431541,-2.1479623456286903
1,3,3405,1.119111318770417,-3.592826741985952,1.6628167215277432
1,3,3408,1.1803528386424753,-1.709850253148198,0.6252995009860702
1,3,3409,1.7660789736444131,-1.5714340939093139,-0.9218053753057242
1,3,3412,5.577282529229719,-1.5062925165943937,-0.8046591485410591
1,3,3417,11.005649797768164,-1.171851349483443,0.5795364024886172
1,3,3426,1.0160243790037238,-0.9002425778897818,0.1584114472989341
1,3,3428,2.4575590406379653,-0.8675395095478559,0.194287427582638
1,3,3429,2.6334255292918973,-0.5330138564496434,0.0865189460011716
1,3,3434,2.9741112184383396,-1.150498023089607,0.3659563242341708
1,3,3436,3.5880205592566767,-1.809759972190632,0.4116024875008392
1,3,3437,4.723671528230065,-0.73839192601411,-0.4282810976454596
1,3,3456,7.20039654004715,-2.2841177498898895,0.6979828068606415
1,3,3457,9.77292236322118,-3.9400645936961864,1.279585331973948
1,3,3458,9.543226698231818,-1.4120199064777876,1.6308038527267548
1,3,3462,2.1349764407324465,-2.2893969205068228,0.16414219374134004
1,3,3463,3.963609273124302,-2.087977815091277,0.22418631573905717
1,3,3464,5.224699681076771,-1.9008708584853167,0.6368229980408836
1,3,3467,7.229063774522559,-1.223120633413833,2.14094621625508
1,3,3514,3.5450571093881638,-1.2067178340897808,-1.2521867250389616
1,3,3515,8.052449843521753,-0.5823805529499012,-4.200962981238943
1,3,3516,14.975070063378283,0.35017216577946286,-7.358253379786557
1,3,3519,9.409383992044267,4.1939975255987685,-6.984479352519203
1,3,3521,10.700290099334707,2.0795748587434053,-6.241523095239066
1,3,3522,14.16825616433594,1.766299153674187,-5.23437479189909
1,4,1009,9.271860729951921,-0.27787589948820934,-2.619677412416529
1,4,1010,11.366756900415156,-0.5463572394962187,-1.9750490638028724
1,4,1011,13.786676351910828,-2.340932609419729,-0.9059719378130733
1,4,1258,7.568950150206995,-0.9362611209762506,0.49449528819972544
1,4,1265,11.95022963204026,-1.1461176058224305,-0.13590921017542035
1,4,1266,13.902004936229735,-2.045046350159792,0.07396963031751341
1,4,2429,6.343228178411595,-3.179173302699896,-3.452400558614409
1,4,2430,10.636028858371688,-2.981724293216553,-1.5233244616045065
1,4,2431,12.321449316665898,-2.192708477219532,0.5012689429022551
1,4,2432,12.84291473494821,-2.1971322697576188,1.6625627924243769
1,4,2440,4.996541370418081,-10.26969772101316,2.1792715847373763
1,4,2460,8.43402381785997,-3.017884148847137,0.45261458486467643
1,4,2461,10.468939644678596,-3.2162291451568152,0.7901083849180147
1,4,2462,11.5071195290346,-2.1807021739661403,0.9316346134441436
1,4,2463,11.322943321805072,-2.734234780827421,2.888174190218228
1,4,2466,3.039922514976781,-2.877490604373963,-1.732867171579223
1,4,2467,7.95761891610503,-4.318617082788247,-1.0594541917030385
1,4,2468,12.806976175413064,-4.087221197220181,-0.8021713379475676
1,4,2484,6.971191604934954,-4.268790100194436,-6.0422576633687175
1,4,2485,14.302199434101235,-3.724976227773431,-3.6323833710874633
1,4,2510,5.8935307555634875,-6.141839026072008,-2.5617616476545138
1,4,2511,14.952930123568702,-6.782648022301299,-2.278859979841046
1,4,2625,6.069716465240771,-0.5601720804176701,6.697351851946769
1,4,2626,2.0989297768168806,-0.9714015540744267,4.40844369052771
1,4,2627,1.489681823629835,-0.7941168117798514,-0.4961030971114906
1,4,2629,2.3605529907190923,3.705665424907939,-4.906371958905622
1,4,2630,2.7594988842199006,6.088198607970412,-8.281590510506776
1,4,2632,12.533461960406262,3.5136328991166175,-16.562674607646628
1,4,2861,9.721659129594496,-0.7040619832953114,-0.37138203786136004
1,4,2862,10.09906771241472,-0.8460547836007888,0.011221252849897834
1,4,2863,11.006128646749954,-1.4776369213401317,0.29293851409343186
1,4,2864,12.663681451068019,-2.4791944954822123,0.6295503667281599
1,4,2969,2.1009226206197065,-11.493215553010685,-5.258691290376833
1,4,3582,5.22182147245272,-19.752554799268708,-4.612594886807376
1,4,3607,1.8933234237061713,0.7333899109321911,-2.046524112661519
1,4,3609,2.869533610828837,0.48213218938942837,-2.130818279107593
1,4,3610,5.919605264796279,-1.5905047998305104,-1.4810787571564217
1,4,3611,8.282806862669938,-1.4781450127133862,-0.8850868761144035
1,4,3612,10.587532309653907,-1.306077098833892,-1.0059084282628619
1,4,3631,1.825441352628592,2.1016929855727775,-1.578668404346613
1,4,3634,4.062673047850568,1.9108873017882415,-0.7097835425843092
1,4,3637,1.8625914738813558,-0.6110488639821222,-1.317015690445944
1,4,3638,3.415159195166424,-1.9905874615666632,0.4355332569923589
1,4,3640,4.143612613695742,-0.8372448912914969,0.34346059170988485
1,4,3641,5.1855658226630466,-1.575257357049808,0.5312440250963542
1,4,3642,6.34384124504521,-1.5666565437828073,0.40530092409003127
1,4,3643,6.902036276878719,-1.172316710739287,0.6127352477403807
1,4,3644,6.638483055616976,-0.6258071096267543,0.8889686120145561
1,4,3645,6.018315042243476,-0.5217743631692062,1.140317010612224
1,4,3646,5.209223216193654,-0.6517127977986586,1.458677685426367
1,4,3649,5.467132861221976,-5.620362198409161,-1.8911005214249312
1,4,4996,13.352007389395053,-0.6833082950521525,0.5312668606278668
1,4,4997,13.828117902040635,-0.6023858819807104,0.12605239252951606
1,4,5017,6.438825957444637,-1.7724230328529014,-3.718213063619596
1,4,5018,11.474318879662215,-1.852629134633117,-3.4674571311476283
1,4,5043,14.439162357278635,-0.6804065377757509,2.5328933626875534
1,4,5044,12.22708056555631,-0.5020299689096358,2.71006722688319
1,4,5045,10.115263524867908,-0.5081396057110745,2.5337984487513614
1,4,5048,5.972725876033002,-0.6639860625361789,1.5124146938415897
1,4,5049,6.1581195017685255,-0.6858191380931691,0.17257420210406893
1,4,5052,0.4192007851183472,-1.7555710911112519,2.3261838436508477
1,4,5053,2.3718723168409555,-1.931538232485876,-0.3138050039721644
1,4,5054,4.511880656490948,-1.4420736341868217,-0.6986418214883352
1,4,5055,6.49478903572241,-1.283627991871008,-0.699282226394453
1,4,5056,8.48395656490444,-1.328522702616861,-0.6611518151599285
1,4,5057,9.94288196465911,-0.9715540015353988,-0.4878086356097633
1,4,5058,11.225868588063102,-0.8014084667167405,-0.5071783745216314
1,4,5059,12.452588660795058,-1.0274985845651097,-0.2305491751526918
1,4,5060,13.380289775259605,-0.6010555852444912,-0.35700720235638006
1,4,5061,14.131522220965437,-0.5059879066469678,-0.26170549376402735
1,4,5072,4.971081847444371,-3.4325136307656785,-5.662309154282057
1,4,5073,12.8545886509168,-2.9545540972326476,-4.957403197024504
1,4,5088,0.5380887188967663,-4.130300875733071,-3.830449021000989
1,4,5089,9.306801088524841,-4.9019765249718565,-3.985272515247452
1,4,5108,13.232169895295064,-3.250955549865996,0.2201166047858412
1,4,5126,3.946374133851486,-1.2125534144635788,-1.8957053283363643
1,4,5129,6.399881086949616,-6.933344453122992,-0.06077791634053907
1,4,5130,12.541026172981473,-6.28610094623316,0.06716151310337762
1,4,5131,14.421063359245446,-2.390226984181316,0.11618722179873629
1,4,5133,13.667588654135281,0.06995578254874757,-0.5898902546184632
1,4,5134,14.726278054350304,-0.5823192464679388,-0.6767978369527761
1,4,5163,6.86547775012392,-5.117839509255399,-5.93052542599093
1,5,539,8.78013393337094,-13.218189891983107,2.627916140404059
1,5,542,5.6435777415229875,-1.4557624095952937,2.1422753327623663
1,5,546,1.7602637339462028,-1.5618181147695647,0.8810704076246165
1,5,549,3.8180559269702,0.4708189937609487,-4.549067042396265
1,5,550,11.556995879137668,0.2480759900248282,-8.005373861527657
1,5,567,5.0358849896785,-2.5466989012286834,-2.548958259927819
1,5,568,8.505750016056728,-1.9318342295206286,-1.589598200526894
1,5,569,11.240692797325279,-1.5379521494348396,-1.1998189782432913
1,5,570,13.372918441295564,-0.7909865456245215,-1.3433011249696682
1,5,571,13.660802016801682,0.47531700856064807,-0.7725780540072263
1,5,572,13.563228582927838,0.8189893007781368,-0.7255945093664825
1,5,573,13.33287413714098,0.8809563705569272,-0.6548415175801219
1,5,601,8.387022746232997,-1.0536744461675722,1.6992521985988196
1,5,602,6.625002106441436,-0.7061305393483596,2.46157212760969
1,5,606,1.685609961031321,-0.705786744095545,0.9995007945326573
1,5,607,1.4050969512490816,-0.7392966536646189,-0.01213806607568546
1,5,608,2.222890024639971,-0.3866829572548559,-0.6559309093414303
1,5,609,2.485709686270191,0.32222093834406107,-0.6428675510858799
1,5,615,1.409424028583769,-0.32499331276326304,-0.6066491895758781
1,5,616,2.4239664958159044,-0.3944462014428341,-0.6461573586860566
1,5,619,6.242728595065182,-0.4488103391697978,-1.4082680868145483
1,5,620,8.788692888265993,-0.5956656518654283,-1.9906588290648428
1,5,622,10.527890762569482,1.354662284049422,-1.4941962659569101
1,5,623,10.641160737366603,1.3856727463879615,-1.5167145841658753
1,5,624,10.856859715024157,1.3087070116251978,-1.5493924550352296
1,5,625,11.49407732394856,0.9825353517693243,-1.6649994528967178
1,5,626,13.403075726031044,-0.12195053356055441,-1.8511428494431925
1,5,845,10.476651906706453,-20.175368964975767,-7.967033836439407
1,5,924,4.97824170872811,-6.009033844105313,-3.3201525814936232
1,5,925,14.143250989461567,-4.127414841693728,-5.832425156001181
1,5,940,9.501821451535324,-6.5495578348138075,0.9998704948785482
1,5,950,8.214441374477833,-0.9100658267623825,8.345309671574979
1,5,966,3.9777353942969738,0.615366036918615,-4.344985042390763
1,5,967,7.28480843171616,3.565432685623518,-6.8729787185610665
1,5,968,8.261313429464627,5.992509766929899,-6.973889923037135
1,5,969,9.758376385762427,3.391867005782951,-4.8889335282122275
1,5,970,13.04519440704108,-0.3606585120220932,-3.2788505005273545
1,5,984,5.8511328792611135,0.11810280271198412,-0.8826284944808048
1,5,985,6.94463486611922,-1.213352861479312,-0.6101742780708099
1,5,986,8.936404307121196,-1.5843836785336012,-0.621849291787963
1,5,987,10.888790229465386,-2.2849121203350053,0.2978303129476767
1,5,988,12.88682363040365,-2.6073916549531346,0.592003534675301
1,5,1011,10.578757251696608,6.272148531031298,-0.7858159747405028
1,5,1014,10.832038617229749,5.719856966154742,-2.249850946690001
1,5,1017,1.342819376625627,-3.4901815263929055,0.4669028657008087
1,5,1018,4.064029719199827,-3.058241860115802,0.2919389675006134
1,5,1020,6.0480268782767315,-1.6477832236677048,-0.44605946926324486
1,5,1021,5.1353246879284855,1.1619376682137394,-1.4283500889145526
1,5,1022,6.358564128141781,-0.9245325668766471,-0.7296496230147866
1,5,1023,7.7853106183939795,-0.5168396501562164,-0.9105780350833701
1,5,1024,8.453348340264798,-0.1317756217713488,-0.5422911527229781
1,5,1026,10.050616573503554,-0.29935441545229524,-0.6313232692128001
1,5,1027,8.1223854207841,-0.6740962236840156,2.4755214076542966
1,5,1028,6.333071528560191,-0.6604467879723187,2.1817804888703205
1,5,1029,7.368177986961082,-1.2282328265518587,-0.9808524768504445
1,5,1030,9.7598064254687,-0.8064558343916424,-1.7771570755227555
1,5,1031,13.157120511411408,-1.7296980055300517,-2.4457661835774296
1,5,1061,9.273271030077487,-3.277875618971052,-0.4301411852432606
1,5,1062,14.75914404344476,-5.720078589511685,-2.5761078009322933
1,5,1542,4.048810654225038,-2.290096104052471,-2.369883081095328
1,5,1543,9.542521730360257,-3.170918172798858,-2.770383710013901
1,5,1544,13.08664511712565,-1.2721858805739377,-2.3328014262864842
1,5,1565,4.347285271422324,1.834774137152092,-0.6307661313874054
1,5,1566,3.3500513371882557,1.6283911466264864,-0.6488849360517879
1,5,1567,2.737718280529812,1.29046947315224,-0.7031486467094226
1,5,1571,2.117629037395232,-0.5787196686767835,0.09986978549920739
1,5,1572,3.0159074976504643,-1.501588734856002,0.5295841757928368
1,5,1573,3.858976317698538,-1.6117540282898286,0.744305864914479
1,5,1574,5.056151461194004,-1.926076798245204,0.728688372949718
1,5,1575,5.630352682937247,-1.2873518640898494,0.709539436968224
1,5,1576,6.292441360678732,-1.250254297266366,0.5833618052634749
1,5,1577,7.144971263013486,-0.9144836924903698,0.05863809206979373
1,5,1578,8.18958319516871,-0.6474748536552712,-0.40686447191264263
1,5,1579,9.433350963835471,-0.5619925586382843,-0.7126871187717281
1,5,1580,10.975129539690139,-0.6774616553488512,-0.8997820751095729
1,5,1581,13.51850719127376,-1.7122650876068595,-0.8312222401970496
1,5,1582,14.907439391850927,-1.2420756851001937,-0.14704159722692692
1,5,1588,12.094937683011736,1.4953463842378876,-0.6024918733542767
1,5,1589,11.479573983530205,1.6284294064452132,-1.0296421371241673
1,5,1590,12.843243246109619,-0.3339380283160214,-1.044891731996163
1,5,1591,14.351736334603961,-0.3278935981801312,-1.1909792681025397
1,5,1607,4.542714277962208,-7.809551839508312,-4.7818401682970695
1,5,1661,14.089993430035165,-8.949904871972745,-8.306803408756952
1,5,1800,3.3074211636007083,-1.25720511284629,3.800805214092189
1,5,1802,2.322685883248255,1.237247751320373,-2.6045229502519835
1,5,1803,3.4237435741842246,1.1604962238998675,-2.3563705114701374
1,5,1804,4.345797263790645,0.9749465821862897,-1.9112127203042344
1,5,1805,5.005315531222666,0.6010267134566152,-1.2741333164407083
1,5,1806,5.571975293804208,0.3191399525596065,-0.8956415939462767
1,5,1807,5.731373963651429,0.48434608567274784,-0.6440272418298222
1,5,1815,3.840406983019212,-0.6961557515975252,0.6604744712251941
1,5,1816,4.013262727940857,-0.8813390021861169,0.6441802210917666
1,5,1817,4.235962075233409,-0.8708301637175024,0.5963069038596525
1,5,1818,4.46462866065919,-0.787441872446588,0.5391026391984994
1,5,1822,0.8037160348581348,0.008965386650042113,-1.8771129168860785
1,5,1823,2.4367952873988696,0.19379942092339214,-1.8285862906012347
1,5,1824,3.3571586681339323,0.22806727008144517,-1.1823044225455046
1,5,1825,3.008100669758758,1.2033835074981696,-0.8545107225117551
1,5,1826,2.7272415740399887,0.799062485028975,-0.5188553822797928
1,5,1828,1.7442758228277933,-0.977891868491925,0.09110754135440999
1,5,1829,3.176383739073508,-1.181463154675605,-0.42920921706832765
1,5,1830,5.567655612285989,-1.0334723225425833,-1.682565678647516
1,5,1831,4.710979473363007,-0.5569399007683075,1.388555809222116
1,5,1832,1.0067349074719354,-0.7796681974649814,2.9154496523177613
1,5,1833,1.5299288184028725,3.438589997338082,-4.885116848270156
1,5,1834,1.6154507792021988,3.9881048801583128,-4.077957860188761
1,5,1835,1.2819467708422436,4.202033670740361,-3.89033762807854
1,5,1836,1.1845385207956578,3.3212610036168173,-3.3867149956980676
1,5,1837,4.654348907539646,-0.5331508899830603,-2.952334096996493
1,5,1838,14.11313726840824,-7.173731124389366,-2.3681940576623317
1,5,2368,1.6512088851197937,2.1419606861742495,-0.6306137765017419
1,5,2370,6.3669250514559295,4.372436618897539,-5.850670140073223
1,5,2371,7.2378101592814685,-0.9406850674954059,-1.5715883481189263
1,5,2372,10.927108372154477,-5.892571882508419,-0.1646249349275184
1,5,2419,1.9427474627292132,0.07950402572903713,-1.0954444550194489
1,5,2420,3.6615430965522946,-0.4990613929649341,-1.2805816975047388
1,5,2421,4.3563130275999775,-0.17209311365771385,-0.5640150531898098
1,5,2422,4.812735355770023,0.10190506110775369,-0.613899373817135
1,5,2423,5.261859429415382,0.17978152280764542,-0.6372471811363645
1,5,2424,5.794152782909801,0.2949270268296124,-0.9110569351551284
1,5,2425,6.22413611147447,0.611515754366852,-1.0739406178675777
1,5,2426,6.831959023890079,0.3215035528088715,-0.9411944527203534
1,5,2429,4.29178044616087,3.2259841357595462,-1.3927415782136414
1,5,2430,2.6351515239846033,2.529453004221918,-0.8764124518232271
1,5,2432,2.236381446511384,-1.6772553833711803,0.5234542148809138
1,5,2436,4.64238835687378,-5.5463827460713055,0.007582373705822959
1,5,3402,6.508700970894587,-2.1804681580904757,-0.9119719188211235
1,5,3403,10.514333307135216,-3.9398315394435075,-1.2708273112657253
1,5,3425,13.855147543881268,-1.094552171132759,3.6302790780041523
1,5,3426,11.493450547474875,-0.8975742938902701,3.2551616903424216
1,5,3427,9.744120857499588,-0.7768794209085674,2.525662696091669
1,5,3432,8.4822901140872,0.4139781282148311,-0.5605718589362017
1,5,3433,8.193242493036028,0.9752102185762256,-0.6916237640975169
1,5,3456,7.128774239999641,-2.2952901715234013,-1.0746311319974204
1,5,3457,12.084291544470403,-3.922979185783413,-1.0837456794651215
1,5,3458,14.304062601264517,-1.4058717660800804,-0.8155541269712228
1,5,3459,13.505012316286605,1.6758799809235139,-0.8787480935635391
1,5,3462,3.031125206914082,-0.9774221997066775,-2.8918496068874564
1,5,3463,7.896226086993978,-1.947781975469964,-3.711275926002801
1,5,3464,11.647540908697815,-1.8551986735414434,-1.944427618350138
1,5,3485,9.06363088080194,-0.5670903199132422,-2.3904779909257177
1,5,3492,11.91975144817944,-1.0675813011038142,5.572814236215333
1,5,3495,1.9182832420741098,0.9691534961195005,-3.1909715151241214
1,5,3497,10.785111431396727,2.292162792702161,-5.935559915322539
1,5,3519,4.070209633676009,-4.14183879535056,-3.720056645991203
1,5,3520,10.514951332143752,-2.899085220097072,-3.6160753249369213
1,5,4082,2.001788200438589,-1.5797634520609276,-0.8257588293440069
1,5,4083,3.4183127385106618,-0.840148571723734,-0.6208875467575351
1,5,4084,4.503286146747417,-0.4656669880806079,-0.6262249781730634
1,5,4088,7.156514844517774,0.20391582054858765,-1.5802112234374397
1,5,4089,8.267783611155455,0.2044751425920697,-1.330104135917724
1,5,4090,9.37093068724103,0.2914185548018517,-1.4015796348990344
1,5,4091,9.812374421600685,0.4379590569356907,-0.8940538294314537
1,5,4092,10.365974999354204,0.4396892408596191,-1.0035468972269104
1,5,4093,10.114766351163649,1.1454310574781947,-0.9082065811701674
1,5,4094,10.28063142113069,0.515263612369709,-0.7133947459407174
1,5,4097,10.866462348508286,0.19356405185341172,-0.6938710743051625
1,5,4098,11.465641484917642,0.020266005655212648,-0.6699285935728347
1,5,4102,11.72495025576659,-0.15031564999518357,-0.554525475876203
1,5,4104,13.337902009157713,-0.20718691099774092,-0.5558849281400488
1,5,4107,14.887078151202283,-0.0642993837837809,-0.7161005119488718
1,5,4125,14.285258569464578,-2.9895499241004018,0.9499219949644029
1,5,4180,4.773791496243607,0.9493620062171433,-1.0405105862946158
1,5,4181,4.654905097849088,1.1524257078548525,-1.3200869925734082
1,5,4182,5.2176433920766065,0.8668519766266524,-1.4819818032773715
1,5,4183,6.981093837776146,-1.0900660739842258,-0.6999188165852546
1,5,4184,7.473624789090681,-0.9955454214409173,0.480131388009961
1,5,4185,7.751322961839471,-0.8037193645164771,0.5127485939129179
1,5,4188,2.863695401338914,-0.3795251086096667,-1.5396668328803784
1,5,4189,6.160671588348534,-1.2572967977696308,-2.597244515982279
1,5,4190,8.808868165300362,-1.3750994503581262,-1.5622809584647575
1,5,4191,11.799416656430996,-0.649458788389589,-2.4399348314746145
1,5,4192,14.403769808883014,-0.3885927604220509,-2.2549736138222416
1,5,5688,3.080264209959885,-3.2308693764481795,-2.0056864298097965
1,5,5689,10.851707364271183,-5.530841914860249,-3.224566162048525
1,6,3405,5.295355073205957,-3.489770338323391,-3.8995144126708357
1,6,3415,0.8210932812829047,-1.6810064300699548,-0.26863132689137414
1,6,3416,2.479292644647421,-1.303458122341648,-0.3588445836732113
1,6,3417,3.680235624725364,-0.9295335032912848,-0.2717388468871756
1,6,3426,1.1523266943059591,-0.7040164503573056,0.20582767624407777
1,6,3427,1.0161014044493326,-0.5532455971211057,0.6716176154676835
1,6,3429,1.2100189698095651,0.1608419227334177,-0.6093173039813161
1,6,3432,1.691740038881516,0.32479217899453433,-0.9031166200403185
1,6,3433,2.5439837293201064,0.8628050233692263,-1.7722939369499975
1,6,3437,0.8210816790062331,-0.5246357301002109,1.3122355528642846
1,6,3448,12.930460499348866,0.25115900797858326,-1.378623151133836
1,7,2461,1.1727386814371945,-3.563239415152946,-4.061056226142987
1,7,2462,8.25824100371558,-3.2400615061334355,-4.098993119586167
1,7,2467,9.598849798228137,4.457596894127307,-2.902633997418953
1,7,2468,9.0045627124962,4.092981274187838,-3.516081901131193
1,7,2471,4.981982120186845,-2.419983509854305,-2.7089002535219926
1,7,2472,9.959471430800638,-2.3412369771689927,-2.6420849474111456
1,7,2473,14.815384141213395,-2.0222211687085467,-2.837906698620027
1,7,5096,10.192557699006109,-1.0904157936688812,0.1981162023327507
1,7,5097,11.609943463966317,-1.7100465678904833,0.28998309709803766
1,7,5098,12.136672589646366,-0.8306277305805926,0.2994457630091125
1,7,5102,13.619873389642237,-4.41352483865173,-0.07466982905314445
1,8,766,2.452739604048542,-1.0937791336578448,-0.5522809376964786
1,8,767,4.749547058454004,0.03722524014204143,-3.6290657190911837
1,8,768,7.832080931169108,-4.0815658785838504,-1.8245850608651928
1,8,845,8.497554432507759,20.267190026255385,-2.9356398312042495
1,8,846,3.0470774627117785,7.280385518069323,-2.082270905077433
1,8,847,2.1460775339533176,-4.3965071123317,0.3945758472192031
1,8,848,5.5655870320737355,-4.860008355751974,1.3108754321222542
1,8,849,8.032790655841334,-4.423149157069753,1.9547464987787553
1,8,850,10.037504860909545,-3.768930739540214,1.7640100936742478
1,8,851,12.430467616566254,-3.7676550588221653,1.3586535610674848
1,8,946,5.661068447926258,0.9910117126053877,-1.2110228573336848
1,8,947,10.111473361912484,-1.5223764427060906,-4.364966017679155
1,8,971,6.734004414106601,-3.336710089816925,-2.8493666452541473
1,8,972,11.365122687833765,-3.536743129446223,-1.7862896946354234
1,8,974,12.866757047796257,-1.919708010384184,-0.16191670818185822
1,8,985,9.659634298631298,-3.4787308291652876,-5.497061552234747
1,8,1011,5.447710109335338,-5.111928752393322,-5.078322777954295
1,8,1030,10.231795429091639,-0.8699036240353597,-0.5495678779640538
1,8,1031,9.211156514671966,2.589017359196909,-1.5692483895210962
1,8,1032,8.303018594200445,2.3965103255420828,-1.4899233839103108
1,8,1033,7.251637294604697,2.114406641093951,-1.0745204091960003
1,8,1035,6.260512302452901,-1.016784569987578,-0.08423396433614636
1,8,1044,10.693878509843579,0.8305697487245551,-0.545112424772722
1,8,1048,7.962701934529985,-2.541552072852932,-0.15917661285141527
1,8,1049,11.040901694426392,-3.446292980914119,-0.026572728359798937
1,8,1061,3.0190317507858975,0.2353069537939616,-3.0582397945238085
1,8,1062,3.7045143539169345,3.5992572196500343,-4.336864575318989
1,8,1064,4.387830700910823,-4.698161980911157,5.652645966851265
1,8,1065,4.988595499021838,-4.262694752122332,3.658727772809078
1,8,1066,5.604404301156713,-3.227404274664792,2.611478744649793
1,8,1067,3.620558651264636,-3.286854706065932,5.26765853587609
1,8,1076,4.2595713707536325,-2.1910697294750263,3.1279072801374803
1,8,2069,9.93344979893071,2.0267270953274856,-0.9107272355303074
1,8,2070,8.841716707021734,2.8047858278781908,-1.7140985333528052
1,8,2071,6.240926952372913,3.9778608772493023,-1.4068352700436153
1,8,2073,2.429126441227734,-2.179230037415429,0.4778440190695529
1,8,2074,4.538158071738235,-2.5312876903955575,-0.00012802415930166476
1,8,2089,2.6159998033793244,0.7345198495364191,-0.8171308154700125
1,8,2103,11.894479011522677,-0.6128541634415484,0.23489122435661294
1,8,2107,12.860509979532752,-1.657833014456704,1.4747667464724015
1,8,2130,2.404012861202903,-2.991388017136092,-1.773517069973916
1,8,2131,6.829501414176592,-3.0581514117126467,-1.3972374123243703
1,8,2133,12.089431453041346,-2.4982508944157984,-1.4142515056065506
1,8,2146,1.088334385844451,-0.5621916114358603,-1.0681800749877959
1,8,2147,5.538362398489519,-2.9714771673920386,-2.120904190327844
1,8,2148,10.364762211178196,-2.5792536683328673,-2.3628059489828583
1,8,2149,13.23465840273898,-2.394942654818736,-0.48649613832893635
1,8,2150,14.350807236498113,-2.3810024985910685,1.2626021665554428
1,8,2168,8.264596628194282,-1.087483132011214,-2.7364942002578236
1,8,2169,12.699017186666136,-0.7868778278035959,-3.662962094525564
1,8,2170,12.884026016617554,-0.834597968098935,0.6485678015033648
1,8,2175,9.530196149151251,1.7599077566213153,-0.7126007296449219
1,8,2188,10.546472824022427,-10.564578016286971,-0.05448364099125067
1,8,2224,2.0346647463654857,-0.878201060073161,-0.6151687878530385
1,8,2225,4.070528303883496,-1.482763753903429,-0.9564785776567902
1,8,2226,6.084812401241516,-1.3668205795599655,-0.7008069479030405
1,8,2227,7.679466633416898,-1.1740058920001661,-0.4380021326136311
1,8,2228,8.878431265016609,-0.7767823287629974,-0.4308020430084549
1,8,2229,10.078618732121747,-0.5726230982899847,-0.633580574195732
1,8,2230,12.21193881967341,-1.517700029401097,-0.6216178840788937
1,8,2231,13.731177753834793,-1.3080630318649715,-0.21520605970850204
1,8,2232,13.975408765755533,-0.8597584375302373,0.6135214029060171
1,8,2233,13.538879959576851,-0.554809964065824,0.9911156468043603
1,8,2241,1.3917809602505322,-1.1460185594072174,-1.773345950002149
1,8,2242,4.309974018130288,-0.9204860275362047,-2.09210571665588
1,8,2243,6.677983668832706,-0.4115195138655925,-1.975871556448005
1,8,2244,11.98139964995603,-3.991458319860058,-1.321547041485832
1,8,2254,3.630867842008142,-4.054639572725548,-4.200829203870751
1,8,2255,11.840681299569166,-4.009424882813274,-4.580724937152378
1,8,2276,9.988402498519045,-3.1286924052386746,1.9980848069939787
1,8,2284,13.852561965621783,6.600760736026143,-0.9194942834515769
1,8,2286,9.511804994532188,5.619103744282361,-0.7539006843863736
1,8,2287,6.876081465206465,4.922308492832896,-2.3114882815812248
1,8,2288,4.601482204809085,4.313220959131632,-2.0477778833773166
1,8,2289,2.99070235362335,3.4670623750615484,-1.8570376985229358
1,8,2290,5.424852913913418,-0.09083231553650731,-2.6048771832780004
1,8,2291,8.171781771276505,0.10162191920603242,-2.903096524540972
1,8,2292,10.06633020267641,0.09951088315816245,-2.013210993053818
1,8,2293,12.135619866974096,-0.33219131044892924,-1.7399148651065364
1,8,2294,13.888504178231694,-0.305589081541437,-1.4473621491778093
1,8,2309,7.654038637665796,-0.6413130976222431,2.1816513930378005
1,8,2336,4.196915991022917,-0.7574183540400674,1.2032340617340722
1,8,2338,2.613078443434179,-1.178164604780229,0.9422744973433089
1,8,2353,0.4971305258860415,-0.9279111257546182,0.8367182971126068
1,8,2354,1.5620822821880338,-0.8243729647030775,-0.24206941669333387
1,8,2356,2.7355944026178687,-0.2322067267431143,-0.6379490290918792
1,8,2360,2.4440396839079095,0.9837795996624175,-1.9907015547761404
1,8,2362,5.841843635229196,-0.6833493813728868,-1.5509260288878899
1,8,2383,11.141074690758026,-1.695412008248907,-1.1140233992904984
1,8,2409,9.545581886034668,-1.1769069797066178,7.016457901213656
1,9,165,8.573361104342446,-0.6544577082074112,7.163386808419458
1,9,166,2.8924011380482217,-0.7340849088455272,6.299507999478088
1,9,168,2.8448779775514867,0.7019209694070008,-3.5839889445876905
1,9,169,5.125231528498814,0.4777195950776776,-2.886096955247169
1,9,170,6.77887877916546,0.29148603300335474,-1.9729350411749065
1,9,171,7.8592142018535185,0.5312759773293012,-1.6176711543873095
1,9,172,8.225071817601552,1.0114194995385029,-1.3814627305379856
1,9,173,8.302435669165302,0.9522025058179098,-1.0312621291295059
1,9,174,8.06210402628435,0.8498196993340948,-0.6110067308242458
1,9,176,8.89311461716301,-1.1154321119136754,0.17405350270987216
1,9,177,9.734703980671494,-0.8534918631331271,0.0027875181588555287
1,9,179,10.042576436279683,-0.8010196604476579,0.3006655813347576
1,9,180,10.319858063818602,-0.7113619518525698,0.4273337031862298
1,9,181,10.45345701314152,-0.5354381892465822,0.40024676477295495
1,9,188,10.61751341614719,-1.0425794847050807,-0.30290808450151974
1,9,189,12.034976660480366,-1.451140385466606,0.033449015409447586
1,9,190,12.915117996618005,-1.7955722380506762,0.9151813919124255
1,9,191,13.198491252519174,-1.349276383253342,1.065271302685001
1,9,192,14.050504563335794,-1.3895693569584304,0.5364016430495814
1,9,193,14.964777290856942,-0.8908850868211027,-0.023851332749641626
1,9,201,0.762834615460388,-0.6302486639782355,-0.8279988247502241
1,9,202,2.938958327122718,-1.497119387037263,-0.827977148900396
1,9,203,5.128436165073817,-1.3667734256552015,-0.8387746550879145
1,9,204,6.602892086740304,-1.380576125306576,-0.0951069332132531
1,9,205,7.825401397627565,-1.2094009615772898,-0.015866481308745815
1,9,206,8.505532941029706,-0.8133469398978515,0.13183423186409338
1,9,207,8.79196457101642,-0.5635274542931948,0.2756760540645204
1,9,208,8.982425527555096,-0.5164666865688154,0.325988534385674
1,9,209,14.562060317218386,-0.5377239022272123,-5.066812047071072
1,9,225,14.411853517910913,-0.6340850233824964,0.43688252451181303
1,9,226,14.753291650656077,-0.633378537968206,0.28876206631039386
1,9,257,1.048970338355495,-0.9313574112920794,-0.9702610643530458
1,9,258,2.8021211112952975,-0.36201777519962924,-1.4944235308575111
1,9,259,4.257888100287513,-0.4624645951047967,-1.0101708516928287
1,9,260,5.551527118900645,-0.4853995260641731,-0.8190776656381301
1,9,265,12.51266256990149,-0.038845900378664894,-1.3339611457820608
1,9,266,14.468620103771444,-0.13133952677231647,-1.8257523228191435
1,9,286,6.389819732486204,-5.5758958108813435,-1.7301220484707762
1,9,287,11.21397997682742,-3.5385585182076413,-1.2943528328970668
1,9,345,14.191754735158193,-13.07522792356632,0.16133247411713234
1,9,909,7.173203793106176,1.3495022304701685,-0.6798904748293366
1,9,910,8.78389283988016,-3.388932143008208,-0.832365773278519
1,9,911,11.00564928015103,-4.673294274332354,1.7879110657498845
1,9,912,13.495738438891864,-4.455468225212288,1.698708619835032
1,9,915,14.683870248396417,-1.2322274840401708,2.2232787450911453
1,9,916,13.612016766064894,-0.9383588622766378,1.9390017210480581
1,9,920,5.97869233637614,-2.8628912006422103,0.5625115757947844
1,9,922,9.417002037661552,-6.269057034638072,2.5945287859078463
1,9,923,10.542347877726376,-7.215116240709399,5.9667410013344435
1,9,924,11.596746336783292,-6.8852188761146955,5.73640051467178
1,9,925,12.547257557513586,-4.175177957351267,3.2147953043161483
1,9,926,14.98990794501549,-1.3011560950021601,-1.1673922867869668
1,9,928,14.109662804875786,5.544277068211487,-3.83460677632707
1,9,930,5.007103398326781,-3.380670627486527,-7.506107888364337
1,9,968,2.742685233565719,3.0366801049721053,-1.5125612644556743
1,9,969,4.799708300291362,3.7297434707198382,-7.015568963982998
1,9,970,9.700874225781366,-0.26703347421150625,-5.524366774405898
1,9,971,13.619666031632589,-1.1312902781913063,-2.8562289674436063
1,9,987,9.529277490891001,-2.7086070762286387,-1.7488575431413846
1,9,988,13.08726411155253,-2.484472589406531,-1.084836283439027
1,9,1007,7.36456525666908,0.5773557406307599,-2.639688999974548
1,9,1008,7.399380713925356,0.8186976756192151,-0.911270668924664
1,9,1011,6.572818960415925,-6.587465227560029,-0.3724068440107754
1,9,1014,11.86478194013162,-5.667488111632307,-0.14368350131963362
1,9,1015,14.08362596150412,-4.762571968191109,2.5413063814584307
1,9,1016,14.55665992909901,-4.19769964060303,3.7192044155362103
1,9,1017,14.123724606238406,-3.3941578586101744,3.7874721313831143
1,9,1022,4.461844644743293,-3.12198951227957,-2.352011620199945
1,9,1023,9.489436036911066,-2.9326938118750023,-2.6552845533027836
1,9,1024,14.454395683540023,-3.021395099273064,-2.0463892677079945
1,9,1034,14.744319193813633,-1.8700746894009381,2.573087655537791
1,9,1044,12.980822100666122,2.390889950519981,-5.853630334253352
1,9,1045,14.859407117474765,1.8325393684900826,-3.9035444810691127
1,9,1046,14.682426040487707,3.325456180269674,-3.2247269614169287
1,9,1047,14.788640229436684,2.8506597052502487,-2.98090560223624
1,9,1048,11.890266545056383,4.871358799893347,-2.1227334708852323
1,9,1049,9.483511257870573,4.2506448932994125,-2.080439324073504
1,9,1064,12.219535479654226,-1.7892338918060375,-0.49401930647195663
1,9,1722,8.383487681553886,1.0968204648359245,-1.3375293021605792
1,9,1723,8.62815591363512,1.2289671698937576,-1.4830896272793959
1,9,1725,5.590133229577799,3.3740600084623114,-1.644731574919472
1,9,1726,4.833353642568069,1.6910925445670952,-0.9355599284446663
1,9,1727,5.217181083242054,0.7694006233896435,-1.2377965086639677
1,9,1737,6.255427513095365,-0.8660517765331706,0.3293067301011082
1,9,1740,5.035816504426224,0.9722458485314273,-0.5168527530856057
1,9,1743,5.836405048984594,0.021424145445952593,-2.2853248968129027
1,9,1744,14.530589763216557,0.007911696796670031,-8.864047251063807
1,9,1828,5.904440149754199,-2.0079012909821667,-5.1434588743641525
1,9,1829,12.211134773821197,-1.6340877584096178,-4.800532139656747
1,9,1839,3.8620065633226996,-2.7004476276332996,-0.18021923581027446
1,9,1840,7.862467081764411,-4.98179946141926,0.23037065410495888
1,9,1841,11.870386175213032,-4.518979954973094,0.42853867992310346
1,9,2049,5.718546851814673,-10.402082607014378,0.15174489152340792
1,9,2074,4.042921948362995,-2.8286202977565735,-2.7352837277548563
1,9,2075,7.155378813578231,-1.506404684846867,-1.6167349545745635
1,9,2087,2.2838564846783243,-0.022770559649461758,-1.008339338599328
1,9,2088,3.6111155972141202,-0.19191593655552425,-1.2487070711315371
1,9,2089,5.49791397219376,-0.4918588512991639,-1.3999941147891288
1,9,2090,6.766021477170792,-0.4571912485073089,-0.8588972344834919
1,9,2095,2.0668401133735395,-1.313251734441571,-0.4902569755972435
1,9,2096,3.9529005511420308,-1.385878352506878,-0.5533556884245635
1,9,2097,5.8424646277011,-1.2044021915965517,-0.6992631027908801
1,9,2098,7.428034674492212,-0.9428639933768875,-0.6455653210605564
1,9,2099,8.485320171371605,-0.7759742246511457,-0.2825480827943438
1,9,2101,9.0650536756348,-0.5656629289527738,-0.020747852151526622
1,9,2102,9.75452280613851,-0.6345091424855422,-0.06233879767067463
1,9,2103,9.124243137382152,-0.6273854363974122,1.0818185058593284
1,9,2106,10.79327565384483,-1.5820838701901756,-0.22642168496365178
1,9,2107,12.439095564311124,-1.6653636912396799,0.0024295062287979508
1,9,2109,14.638746604668164,-0.9533574642930378,-1.2733446831322637
1,9,2140,7.453043769493357,-1.9471520343084443,-0.09727363246535305
1,9,2141,10.745108550395962,-2.7812186764419184,-0.6003402071792658
1,9,2215,6.575171426418512,-6.148684429030118,1.2293549658891791
1,9,2218,9.004013966188953,-6.467032477493961,1.3017374180650212
1,9,2219,13.527226800239603,-5.940274261959027,1.3690246310817116
1,9,2231,13.586677571768977,-1.3178347719036152,4.499520119116606
1,9,2232,10.969525430032693,-0.8824404472810847,3.4995899479532935
1,9,2233,10.049159554152538,-0.6011987184269064,1.519905463425705
1,9,2239,2.406522258870626,-1.5830889693020989,-1.5126691221565414
1,9,2240,4.639377153441329,-1.4497334142595664,-0.7990843425368286
1,9,2241,6.244835981010015,-1.1603608459795316,-0.4471612070913485
1,9,2242,7.80641551969617,-0.9046293662662485,-0.6570914874066301
1,9,2243,9.191865607014158,-0.40933541001001045,-0.9770224846055876
1,9,2244,13.021874737702749,-3.991492732388503,0.16067442663797923
1,9,2255,4.521241900947995,-3.9026713850662347,-5.331647648761864
1,9,2256,13.641733280791083,-3.6191684204955394,-5.637926779924983
1,9,2276,8.791402048212005,-3.2508324824569974,-2.469885738092259
1,9,2277,14.356562403185078,-3.6558664282953206,-2.149380025389568
1,9,2288,12.665158627335144,4.897986202577451,-0.554306100597774
1,9,2290,10.354294017138477,-0.19882549882946174,-0.9074814917583531
1,9,2291,11.410908249056336,0.06122191103744601,-1.1323925824865448
1,9,2292,12.476611802350822,0.08199177464993257,-1.1612754445008229
1,9,2293,13.90120596002817,-0.34435762809675774,-1.0837677264397665
1,9,2294,14.935594409397149,-0.3118856765164227,-0.7226318379864562
1,9,2327,4.972985854352972,-0.6167662086261726,0.8497366149823579
1,9,2328,5.314897226590297,-1.2616462758876814,0.29743705092245676
1,9,2329,5.1479687310310345,0.08179711895616124,-0.5875577303951774
1,9,2330,6.104946119837125,-0.20319219637450325,-1.1475810309749626
1,9,2332,6.39331209726409,0.2120872334738497,-0.5898908473053273
1,9,2333,6.660222245057141,0.24816697757298062,-0.5414428677702224
1,9,2338,2.263571950304847,0.718550010409125,-0.5232359286185946
1,9,2339,2.7684722313489103,-0.036078213730863506,-1.004171837647582
1,9,2340,3.741330745129586,-0.24930583097937903,-0.8738378860107249
1,9,2341,4.748680450668316,-0.2088639471572266,-0.8516265619270259
1,9,2342,5.552437104780316,-0.06866743812885973,-0.7514335296015877
1,9,2343,6.232613129719957,-0.1693032655640837,-0.5389941616403007
1,9,2345,7.683540491721766,0.053092571722191895,-0.6367262950978394
1,9,2351,10.446465697507065,1.0758623459899939,-1.127392364752349
1,9,2352,9.997626594812576,2.082338353085403,-1.644261570250795
1,9,2353,9.39820963569061,1.8703276361453023,-1.2709272309729016
1,9,2362,0.7370520687872553,-1.1840323611440353,0.8104198601338671
1,9,2370,0.2246629739562216,-5.783167656597593,4.870158269759614
1,9,2371,5.151960303726099,-8.357398812210473,3.3065582699081304
1,9,2372,9.579322583956413,-6.537222876776752,2.108048335421069
1,9,2373,13.603294086196593,-5.590981830659937,1.5669692080137905
1,9,2376,13.693296369690124,-2.115312934539538,5.283348549170055
1,9,2377,10.917561274072332,-1.4825213020387458,4.157019742075688
1,9,2378,8.663338897525474,-1.011263300234138,3.1046797368251617
1,9,2380,7.128231627382882,-3.3797802245173103,-1.6043270545683468
1,9,2381,14.81077808783388,-6.602528518526917,-1.6895910489655594
1,9,2429,7.487059724131172,4.478664670837321,-3.4930039536375515
1,9,2430,6.069879918081111,3.5021193298299793,-2.4666348340648456
1,9,2431,4.065241527484818,2.3732710112737156,-0.6574989928143837
1,9,2432,3.534443858284526,2.1646548480698025,-1.7802413981862941
1,9,2433,5.695135086337787,0.4154656126979112,-2.582622553863611
1,9,2434,7.496053282047882,0.27741027064370805,-2.0805783000826485
1,9,2436,14.160502697692253,-5.594637936543117,-1.0537918779878535
1,9,2521,5.277874990742523,-0.7853608162825152,-1.3396728616112825
1,9,2522,8.548797581841113,-1.3036455548260153,-2.5184147569876
1,9,2523,11.397228278743631,-1.3349133988086568,-1.604160417762451
1,9,2524,13.102354385103677,-1.1250279457239722,-0.6307781882992572
1,9,2525,14.714789348022178,-1.090046701991268,-0.6594711379170258
1,9,2533,9.32878439167527,-0.17490473189463268,-1.507409799848292
1,9,2534,11.061430738317455,-0.18496718030709108,-2.0721154563096427
1,9,2535,13.017350904631364,0.26419775241652343,-2.453396115912276
1,9,2536,14.304030915125443,0.5228164156738964,-1.8688806223270542
1,9,2542,12.968523111802593,3.4879375986100554,-1.151747112746463
1,9,2550,7.137903183958751,-6.91747707876347,0.8253890796351225
1,9,5067,13.51711740237399,-1.0114156345037235,5.8753040089383255
1,9,5070,7.844253426053525,-3.405673175325951,-3.5479365392625812
1,9,5071,13.735346717576537,-2.201573421635052,-3.752407742622676
1,9,5099,11.279477682187714,-0.6404073390630489,4.2303637739285085
1,9,5102,6.176054952539302,-3.700400788373849,-2.7365597183179857
1,9,5113,11.39125131044741,-4.723497022426251,0.04797620030575819
1,9,5136,6.4634904297116424,-0.630393095174895,1.2042543181330863
1,9,5137,6.274327938421589,-0.8188162258206824,0.9024799081338777
1,9,5139,5.459768539335846,-0.723472871152675,1.1755896784049773
1,9,5140,4.563638381771072,-0.829720391771432,1.6992187944571882
1,9,5141,3.459713103487097,-0.6845877223147772,1.6958872117982413
1,9,5143,3.6876628199774295,-0.016806250143958756,-1.9631500846146483
1,9,5144,5.518736135996417,0.1174555681479407,-2.0944361534385094
1,9,5145,8.20825260665044,-0.7463848167359867,-2.0196796739973335
1,9,5146,11.308400000848197,-0.9559805192445148,-2.17531535345848
1,9,5147,14.454611833442417,-0.8657061660523562,-2.2966186755811147
1,9,5158,6.648778264466191,-4.9281004637081445,-1.7702928380762062
2,3,3120,10.006783627225754,4.796124784764596,-3.881233076287728
2,3,3121,10.204489222977102,4.189668300817802,-4.444615304272518
2,3,3122,11.976490556629141,3.608000947998794,-5.5874146299816125
2,3,3123,14.780496542507567,3.170787787818737,-6.183643225598738
2,3,3142,8.54635917651323,-0.5444429535774378,-0.2908200115295352
2,3,3249,1.105689427407493,-2.027074791981586,0.5066185349086509
2,3,3250,3.9191090340067376,-3.525025535169772,0.3081545549704662
2,3,3253,7.886615879629699,-5.893327989859271,0.63975557885389
2,3,3254,11.689240368638133,-4.3593173793024365,0.5431437615786642
2,3,3255,12.630003786494383,-1.7770356559201503,0.8344105987799434
2,3,3260,8.543209166524834,-0.8547790355932913,0.6148440289635618
2,3,3261,8.656969687096051,-0.7295636631962995,0.6151752493394796
2,3,3288,7.326664548342585,-1.0091001124382117,-3.915400745252133
2,4,2181,4.669478744169313,1.0290563116927829,-0.9572001405773162
2,4,2182,4.812731672889706,0.9185039065153966,-1.0898825067433051
2,4,2183,4.722936776955639,1.029431951456459,-0.9592111705732387
2,4,2184,4.896719910317844,0.806958498420569,-0.9809298276840027
2,4,2185,5.436862973255877,0.5163596119150806,-1.060336843049579
2,4,2186,5.530673654443839,1.055985983504248,-1.225984276052431
2,4,2187,5.221569020181657,2.407735362614206,-2.18419322990627
2,4,2188,4.985761812581429,2.6835314232755105,-2.5286139662198055
2,4,2189,5.7065063669193385,1.7439614532541998,-2.817677277371897
2,4,2190,8.828765149979168,-1.008424415162872,-2.460469613940264
2,4,2191,12.582443545600526,-2.0235681130292265,-1.8294369931105372
2,4,2192,14.166490131823785,-0.1603769398512639,-1.425927148233967
2,4,2193,11.774152405292279,3.8951214978110036,-1.5081036227025397
2,4,2194,8.697017998278097,3.8468856237840585,-0.8391354949612808
2,4,2197,4.605974790299724,-1.6674365265628561,-2.949912659258067
2,4,2198,5.822667640489546,1.9253441738336927,-3.1444669648114556
2,4,2199,4.140358896091935,3.6701730434408595,-2.0277614748387154
2,4,2200,2.881715869023779,-2.793193432983704,0.21306896787345259
2,4,2207,12.385910993935681,-4.6846342420569895,-0.5674071594265102
2,4,2222,11.517741729115185,-1.616245060658433,0.16145602545427473
2,4,2223,13.767335056755991,-0.32591378707986085,-1.9737822690864593
2,4,2224,14.371147503258648,0.851628013263336,-1.4581559071585068
2,4,2225,14.33892651549029,1.489249252588912,-1.4611717229926593
2,4,2226,13.757589251178377,2.5108826267812674,-1.9633308936852987
2,4,2227,12.346427987397742,3.2959565189497484,-1.8892706421383525
2,4,2228,12.170276828422145,2.3819440263818508,-2.3350566344606354
2,4,2229,12.679601600816863,1.455859049027866,-2.1523075753152
2,4,2230,14.251137307995243,1.6821201733369684,-3.4748290486793127
2,4,2305,9.901751331766006,0.34484061107084507,-0.9718623225535061
2,4,2312,12.251916684379212,-5.428039312651811,0.24310216468302476
2,4,2326,13.174890112698947,-7.47986244811678,2.103301424401691
2,4,2361,1.2841255802865978,-0.410764052523778,-1.4838970084613243
2,4,2362,4.087655112698904,-1.2839427053156034,-2.033995794277159
2,4,2363,7.397994867848278,-1.612622633404563,-1.748407433556522
2,4,2364,10.03718178735625,-1.3896730169713676,-1.2642380001617102
2,4,2384,2.0601112421250525,-0.8875503424627863,-0.9949659417358138
2,4,2390,3.135646478996225,-0.7649622791537358,0.41871107322561907
2,4,2393,4.758652825897268,-2.433260637932539,2.087196744716626
2,4,2404,4.1409963794790015,-2.1496992299989413,4.129923509500861
2,4,2410,8.546212249498117,5.299450014238004,-3.1314344944037513
2,4,2411,6.6521349590103585,4.204329627818897,-2.361378863622685
2,4,2412,5.544477152364908,3.39976331518538,-2.3209628444222448
2,4,2413,4.636712229967184,3.0544289617647165,-2.1634121504969857
2,4,2414,3.8558121813141284,2.652135268178915,-1.8852619918387357
2,4,2415,3.260184696153348,2.1611876548707,-1.5751462925123427
2,4,2416,2.8109935819619545,1.674148577708766,-1.2299429140316285
2,4,2417,2.4275009734490016,1.2611889413118214,-0.8814254011315056
2,4,2418,2.053998486542698,0.936177174969466,-0.5693799477326058
2,4,2422,3.371428851690536,2.918126372543897,-3.479409297015905
2,4,2424,0.3017977660430345,-1.1933033697858382,1.565186219246021
2,4,2425,0.7575713488466426,2.0839598989951833,-2.796807569163622
2,4,2426,2.9586186272817474,1.5564752084828952,-3.8404366011063074
2,4,2427,6.60844559240963,1.1939401178795677,-4.873348338166976
2,4,2428,9.47770592051914,1.3031090135968737,-4.1779385733400565
2,4,2429,9.952619325530828,3.217894290324131,-3.6946762491797016
2,4,2430,6.355961314043276,4.683197013644942,-1.0886204175682306
2,4,2432,4.688564356539063,-3.822973096604999,-1.9072611247736952
2,4,2433,9.819404938933424,-3.2864702592215336,-1.859623017641544
2,4,2434,14.397448353446128,-2.755468645691875,-1.825549587228036
2,4,2454,10.154200089134191,-4.7873019252308815,0.5225974450026398
2,4,2524,1.916741763425379,0.6428488338105791,-1.9014001744945728
2,4,2529,13.43401386332869,-2.396776910598856,1.8270095083477444
2,4,2530,13.259529959624162,-1.571670779249425,1.3685452725727594
2,4,2531,13.459381400788335,-1.5969560481086984,1.320447469896286
2,4,2543,2.6735779911756974,-0.6053011541553655,-0.5059341198607031
2,4,2544,4.321973563002886,-1.225522648759648,-0.6707444368750011
2,4,2545,6.044097594331625,-1.1783061702047264,-0.5690111631170183
2,4,2546,7.410386951045257,-1.0290762998264078,-0.3415013477711633
2,4,2547,8.474841297527037,-0.8791458901864129,-0.18952444194289786
2,4,2548,9.324334302628491,-0.8368524416311551,-0.014521591087567984
2,4,2549,9.855127856987256,-0.8833684047997178,0.34800426854513355
2,4,2550,10.243994848678032,-0.8804363468112658,0.48140592609212207
2,4,2551,9.96341033460442,-0.6388100856218917,0.8593052988435833
2,4,2559,8.15803300717284,-4.004799375706792,0.6039140563728046
2,4,2564,10.747067265289921,-4.510464086547113,0.47785449544266256
2,4,2565,14.650776596332673,-4.222516844779802,0.18639887404931105
2,4,2569,10.04530262931966,1.0183738195393197,-0.7659776770660206
2,4,2570,9.366558564240659,0.9961131967422121,-0.5695026955484913
2,4,2571,8.709082036010722,1.2766173322793868,-0.7333412250417408
2,4,2572,8.552076988279627,1.0512775114821415,-1.057642373689236
2,4,2573,11.211893330580915,0.9811716907985533,-3.7653095842418822
2,4,2574,14.374927540582034,0.6046297430277874,-3.8456129689106664
2,4,3587,5.944379859029479,0.5301982907645757,-0.8554561011453718
2,4,3588,6.441923541687898,0.5787297701799456,-1.3629198245726915
2,4,3589,7.52173259134905,-0.17097180526640338,-0.975514795623913
2,4,3590,8.419164803857218,-0.018440451114444395,-0.8999202329621808
2,4,3591,9.157471370955896,0.07629023348189393,-0.8184521588025981
2,4,3592,9.68241882630141,0.10801262836103478,-0.6334890802250187
2,4,3595,10.79531859495818,0.17520249875458097,-0.8485122485910022
2,4,3596,11.474416753461105,0.11229015665532333,-0.8022349764999722
2,4,3610,1.5091330628900417,0.046217596529270405,-1.1604580022337156
2,4,3611,2.679626594620782,-0.39556159065617624,-0.9636554074999559
2,4,3612,3.887016009849881,-0.13451244606757046,-1.0960234679521972
2,4,3628,7.79039986890042,-3.811132400810966,-4.759748627732195
2,4,3647,14.50002525932936,6.986690633897247,-1.838310006380941
2,4,3648,10.061604456890114,5.8787697271914094,-1.4445048702775503
2,4,3649,6.633468262559868,5.366137717177213,-1.9380024991569844
2,4,3662,0.5044138285356865,-0.8775423983844932,0.027484301722435323
2,4,3663,2.8928969349545173,-2.5146056158588106,-0.14328881238552288
2,4,3664,3.4940984688823016,-1.744059921016159,1.1278767239696155
2,4,3693,6.352083185937572,-0.533778252165507,2.1921695610026903
2,4,3694,4.909813223160472,-0.5333388976120629,1.968271901434942
2,4,5957,8.72849942534091,-9.667097332630048,-0.39242802594782267
2,4,5984,4.157664191556422,-0.04905796258059085,-0.8498607935956399
2,4,5986,4.25359701398206,0.306681487993188,-4.971579903279022
2,4,5995,1.7473009275577824,-2.6556805418661247,-5.104162412978304
2,4,5996,8.20202430166235,-1.3005460561174338,-5.363962668927109
2,5,921,6.805799831729926,-24.483253262151084,-7.349600790989263
2,5,2211,3.1943283845073345,1.2784980550679754,-1.3190723192533949
2,5,2212,3.3982588000155487,-0.03646207307897047,-0.6651878870400101
2,5,2213,4.874424281757359,-0.2237688312185544,-1.349555643954134
2,5,2214,5.993335488563569,-0.43485559410474756,-0.6993563841218109
2,5,2215,6.693958046352916,-0.7040253683738245,-0.0020776993111789044
2,5,2216,7.062922301128307,-1.0998783517278066,0.7103384044370805
2,5,2217,7.366454831402508,-1.2148657366742235,0.8924793641592089
2,5,2218,7.30416375663745,-0.586284711823054,0.6252400690569084
2,5,2219,8.633014851542713,-1.9400957790059716,0.5294745457890542
2,5,2220,10.05114897202645,-2.032015382430998,0.45219831750632933
2,5,2221,13.055275201718503,-3.3903484115615665,0.08461953897334112
2,5,2222,14.247350466069655,-1.3863400360577967,0.19409645031012582
2,5,2226,5.424478013023934,3.2652173992074336,-1.3562746845744331
2,5,2227,3.549708442714448,3.636046946086497,-1.825996914078597
2,5,2228,2.196126757937589,2.920600115895367,-1.7352782996784477
2,5,2229,1.5284940572826264,1.6135079532155006,-1.4137455729044914
2,5,2230,2.7618655770870872,-0.7670302412567872,-0.6909122078323191
2,5,2231,3.754549436552673,-0.7944227087275982,-0.2660159773024279
2,5,2232,4.66887642262577,-0.7598879267318661,-0.1590892547071932
2,5,2233,5.769878636078591,-1.0974114357397524,-0.003766633540133124
2,5,2234,7.202752274918529,-1.7115634696218582,0.2588413188381987
2,5,2235,9.046631742814327,-2.028722622227443,0.18286579163267883
2,5,2236,10.654859172782848,-1.82599496165918,0.20950083668345856
2,5,2237,11.369323725396887,-1.967401029565032,1.2513669064174928
2,5,2242,1.9647872363155223,-0.579264726025559,0.2712029187128351
2,5,2246,4.848306391543134,-1.136120314614108,-1.6287322935793407
2,5,2247,5.972216001124216,-1.1884335680048705,0.059787515390879564
2,5,2251,9.309923474569006,-0.22438404140768206,-2.5211511801660254
2,5,2252,11.769472781565135,-0.09666800416800876,-2.39896973327811
2,5,2253,14.166595773421653,-0.4969985104155891,-1.909770681375847
2,5,2284,8.905084562940173,-4.9879082136324095,-4.774565115654696
2,5,2430,6.330502155554227,-4.080209123020039,-2.64570455261118
2,5,2431,11.110618523766092,-3.9910228621463917,-0.9702090655163154
2,5,3101,11.99036479240327,-21.218527514899705,-0.2662572738381437
2,5,3123,4.831169451516838,-0.9823774072871585,-0.1275385494698356
2,5,3124,7.423026058194763,-2.5639461332179465,-0.8038140991449252
2,5,3125,11.140302531000248,-2.935274737083114,-0.9229922875427987
2,5,3126,14.8430090011463,-2.90710423570412,-0.8143077918731232
2,6,5285,2.8704530638362025,-0.8395197751776429,0.31452313439080626
2,6,5286,3.5526070872051796,-1.1930290781303385,0.23476679547919208
2,6,5289,3.7751018574259554,-1.891590096100448,0.9518580308327902
2,6,5290,4.660964720033138,-2.0598092755862476,1.1574352751648034
2,6,5291,5.165049931779932,-1.593130340702469,1.0803017512160646
2,8,438,8.329334117231449,0.7001551826544157,-9.460593578946746
2,8,919,13.66560910471092,23.144251341663708,-2.9931790636735602
2,8,921,12.095258410475886,-21.34937544868815,1.2339751333335751
2,8,934,9.74367731044446,-16.555290276905996,-2.587530827994777
2,8,1119,13.765341143589245,-5.016727428576061,2.6052197889861235
2,8,4403,3.7354763591943088,1.4925023499690089,-3.8917919158411136
2,8,4404,8.288577889944198,0.7797296518643875,-5.690095770888098
2,8,4405,11.666539147068564,0.19972732675248078,-3.608590445629895
2,8,4406,13.434731203381158,-0.300380313330857,-1.4717014585982553
2,8,4421,5.189710911890161,0.8052596287970243,-0.9115498758523404
2,8,4422,5.269757068077332,0.7028714882806841,-0.7946768920333622
2,8,4424,5.2080404349752785,0.5523256153081518,-0.6702481099040504
2,8,4425,5.391312958218428,0.3515487727252117,-0.5409622451350204
2,8,4426,6.037375204399823,0.5110765314846658,-1.15724761477442
2,8,4427,6.655364623006255,0.24719004145863568,-0.8652652611048555
2,8,4428,6.888449094292548,0.440758609892124,-0.6761858076711876
2,8,4429,7.176721778112301,0.3438045263015472,-0.6381443675642016
2,8,4430,7.29227985675878,0.41833401089507405,-0.5918320793654501
2,8,4440,3.7373664036382834,-0.586790807815486,0.9936599873790781
2,8,4441,6.7034967813821655,-1.4715718671220184,-1.7533763497509929
2,8,4442,11.414734618314169,-1.3728713578287384,-3.421534959635133
2,8,4474,2.2546721206759384,0.01311817407303345,-2.1018990085244056
2,8,4475,4.776974706654662,-0.3547626417843559,-2.1948564410564906
2,8,4635,8.882591955152922,-4.851129370733785,-6.77728184959766
2,8,4659,2.7622584837752187,-4.590060996841299,-4.96965608711917
2,8,4660,11.569239649965315,-4.181933399086289,-4.742121403944246
2,8,5820,5.448938981272778,-2.712030604387822,-1.368838313675676
2,8,5822,7.65284462613876,-1.125993093728994,-1.2801646034615728
2,8,5823,11.090150132922465,-1.9910543930135547,-1.7766922374420235
2,8,5824,11.454777740107778,-2.470953113607162,1.5205098093051939
2,8,5898,4.756557017902303,-10.640244639352709,-3.1938255645751528
2,9,87,14.119733825815898,-0.8720485234502025,3.0687755165965744
2,9,89,13.052982328609806,-0.59133095628305,0.45735640117255333
2,9,90,14.313362568091785,-0.7634438684654494,-0.5036391126880428
2,9,859,11.599245392242691,-0.5392128883884064,2.5090350720394117
2,9,871,4.985678689004549,-0.6297136991803286,0.7467494835775169
2,9,872,4.822066698573567,-0.8023341475182968,0.9000895747155809
2,9,874,5.340997175666856,-0.7595052122323454,1.055179736729854
2,9,875,5.165343790030999,-0.5581247278250062,0.7277216442943606
2,9,879,3.861614511846522,-0.6832353416027164,0.7147006707288283
2,9,880,5.865384170571929,-2.5888480217329204,0.46865376323371305
2,9,882,6.826936205073674,-1.454248711700426,0.035896910687049505
2,9,884,7.6354431510997545,-1.1224207502441303,0.4212392597528437
2,9,885,8.761822651351311,-1.5683090883820334,0.44138150305527446
2,9,886,10.163763765820272,-1.7622887826822322,0.35628197759356794
2,9,887,10.11665220437759,1.2194416626263753,-1.182608081323541
2,9,888,9.884302834735534,1.3838181049516425,-1.1630911990567079
2,9,889,9.957056798886407,0.7980512404243497,-0.87240249967564
2,9,890,10.611791526914747,0.17415734804803992,-0.8294206753596995
2,9,891,10.87359732342244,0.4094977459690273,-0.6721057143733797
2,9,905,2.1256906344168462,1.328294791092582,-3.155376117542283
2,9,906,8.431927207306762,1.5081457242233907,-8.442517115542158
2,9,915,7.294016560291434,-0.6856940673300252,2.22920455799147
2,9,916,6.559177636441204,-1.3168755579265554,1.9247268777035058
2,9,2429,3.673747734225251,-2.731994991621679,-3.9269100402647967
2,9,2430,10.898759327190337,-4.365041885714853,-3.262546782640821
2,9,3127,9.03482174473661,2.041029637342449,-0.9422040144266676
2,9,3128,8.113411661865188,1.801253905495586,-0.8799260044847232
2,9,3129,7.48699358880149,1.331715140230733,-0.706548900476972
2,9,3130,7.173027281005235,0.9078430864172774,-0.6005575523468031
2,9,3142,7.870279042656624,-0.5378731034216568,-0.40365180677214507
2,9,3249,2.749390218439241,-2.013896877527322,-0.883064149886085
2,9,4256,12.244050507025117,-19.830455833586697,-0.18203774210375223
2,10,1434,4.813205579096491,-4.061688250514379,-2.480993250268151
2,10,1435,9.644816946176654,-2.529435640369647,-2.3042233894176767
2,10,1436,12.724887583641218,-1.8890031839463859,-1.1927287633087404
2,10,1437,14.495282072473273,-1.5117162158222357,-0.2806549706383149
2,10,1438,14.412318406606175,-0.8195182494811325,0.8992668590102304
2,10,1444,4.626414314782388,-0.059782584923020576,-2.1826386596762593
2,10,1445,8.195453473509698,0.027222876906825025,-3.7754242420481057
2,10,1446,10.56451878668081,0.020651390637135142,-2.4380914842267742
2,10,1447,11.460800642217404,0.5125432296837085,-1.4607384736784121
2,10,1451,1.0733975507989328,-1.3097192644962028,0.32752760556527244
2,10,1453,0.7721905357685516,1.4050608306014065,-2.4267649169923216
2,10,1454,1.5061082712659344,1.2623546527100613,-2.020931220297119
2,10,1455,1.454560148971321,1.4931341142069996,-1.4674068815818853
2,10,1457,0.5915573580634814,-0.9013854476817234,0.8515335507229896
2,10,1458,0.8111406645593799,-1.115530745388511,0.6981976220426528
2,10,1459,1.3823492650824658,-0.6907521462747335,0.1176213926769229
2,10,1460,1.436920028153664,-0.8400423485119982,0.6666779224602809
2,10,1464,1.6990249889582831,-0.5501989328004354,-0.22367227377820853
2,10,1466,2.961409486184639,-0.5704006297076719,-0.45273888571357224
2,10,1467,5.166602400968456,-1.4880771771665486,-0.7514407484539039
2,10,1468,7.744749924011173,-1.5004207047539684,-1.1061467398927451
2,10,1469,9.937465873927913,-0.7637085214541679,-1.433987123230343
2,10,1470,11.20535952081909,-0.02080038526634713,-1.26140027147567
2,10,1471,12.078153630981621,0.017233588345590828,-0.8920542865623874
2,10,1472,13.24260333035448,-0.6861375188846016,-0.4783171437497542
2,10,1475,14.330484395904953,0.5977954818611773,-0.5873889164732302
2,10,1476,14.132368825455652,0.9219591774884297,-0.7241801482368588
2,10,1477,14.114291649878963,0.7165153937225079,-0.6990195963043011
2,10,1478,13.800080364166039,0.8322590886937976,-0.5185749905146153
2,10,1486,13.413076155254952,0.23728581167831642,-1.245993698570361
2,10,1547,2.638003615760978,0.8942887520299365,-1.127398605500502
2,10,1548,3.89226084200898,-3.648936071982984,0.8840504840600842
2,10,1549,4.478071440260817,-2.1969872698729622,1.4801188879839655
2,10,1550,4.94216168492659,-1.8082372076743563,1.2781896070450187
2,10,1552,6.143140608445641,-2.275272912794894,0.48034607827459397
2,10,1553,6.772502135489658,-1.1653557645370618,0.5329398512079554
2,10,1557,3.9546102720221175,-1.3963843127558808,0.5546105149491948
2,10,1558,4.920813561247296,-2.133202009788167,0.7503853587944129
2,10,1559,6.11278051865211,-2.0343074260187026,0.6347107097179883
2,10,1560,7.12648866215421,-1.916845191411558,0.7665050479552175
2,10,1562,7.24374158297206,-2.1340302997497873,0.8016520014411943
2,10,1563,8.12370888331664,-1.507135488247763,0.5586472327690215
2,10,1564,9.48654783687092,-1.8553266662474108,0.48406361945638643
2,10,1565,10.697229721441198,-1.5976675912633826,0.37242482267539334
2,10,1566,11.347366005849665,-0.8557935583929648,0.1602447908182577
2,10,1567,11.753472140653576,-1.1006542114270328,0.5981600901865236
2,10,1568,11.59460951647953,-0.9540116523373453,1.013058120734485
2,10,1569,13.057306566913663,-1.115524391058756,-0.7963012073467945
2,10,1580,13.236650929009965,4.384408847467348,-1.3237847062975734
2,10,1581,10.404952299308608,4.391551797813549,-1.581400507997845
2,10,1583,2.5792727323658715,-1.5128484590697995,-3.007039321403142
2,10,1584,9.89846391931678,-2.55824461622921,-5.446058529080826
2,10,2094,11.842521726067234,4.142053853732892,-1.5196036475929693
2,10,2095,9.568230601039673,3.5069810134076516,-1.4119408397173645
2,10,2097,5.5050009262704656,2.0874167023230514,-1.3816011961015102
2,10,2098,4.6074811558306505,1.710785771395762,-0.9092918972353172
2,10,2099,4.452017116150171,1.0442675133336565,-1.1329892910409094
2,10,2100,4.347708353255584,0.8029407370071513,-0.7110118762769122
2,10,2103,3.7022609674934457,0.7541148417699604,-0.6992443833957608
2,10,2106,4.191735367937872,-0.7009442570706366,0.2001022312193805
2,10,2110,5.432366269921212,-0.9412460585253684,0.6253386616349944
2,10,2111,5.7128723429513695,-1.0704862725223985,0.7771876112077913
2,10,2112,5.634728514508053,-0.6708731602456868,0.7416801090144777
2,10,2113,6.278084028692288,-0.5554972007486925,-0.14387170595904342
2,10,2114,7.2135344777919075,-0.5337652591408616,-0.4210144925604774
2,10,2115,7.755544453715463,-0.5346282532158932,-0.011114246265808658
2,10,2119,10.20975154192787,-0.7172375201485327,0.2777044979924094
2,10,2120,10.820607238797923,-1.4275787029079159,0.7991114689866687
2,10,2121,12.375599324347673,-1.2278480418770583,-0.36720318374736494
2,10,2122,13.56464058925939,-1.0436500130585658,-0.1513687267231152
2,10,2123,14.73544810278673,-0.8289437306145074,-0.34471345881945314
2,10,2179,11.78428188148929,0.5839336916755709,-2.804169861178142
2,10,2188,14.51266779443707,0.5978980980507268,-0.5183203968570822
2,10,2189,10.387840781101675,-0.8060225208351365,4.885183000738381
2,10,2190,7.180458467052501,-1.8357436529547273,4.957911514688317
2,10,2192,5.684288604789732,-1.6228300816608527,5.001671342320945
2,10,2193,3.7394484634603167,-3.51672339927357,2.5021839289161503
2,10,2194,9.997660127775264,-3.846995996502348,-3.767506348569768
2,10,2223,14.467639420094379,-1.6625788686992666,3.9956374012828353
2,10,2224,12.957156811368803,-2.169225978479685,3.394416740966529
2,10,2225,12.404521860006172,-2.4614529500894253,2.767922238174498
2,10,2226,13.536237972020357,-2.931943350674265,1.5323433995669633
2,10,5576,10.780825289249352,-60.19974452734993,3.6424892163484355
2,10,5679,2.052968426598597,-3.070994414531951,-1.247232881560118
2,10,5680,6.520868222146773,-5.081063048813348,0.03762457907551732
2,10,5681,10.601848618557234,-4.433260759264294,0.2963078234085565
2,10,5682,13.367652730735271,-3.2525578184314066,0.47522387190575627
2,10,5717,1.4515226569918807,0.377025491731845,-0.6678052555789846
2,10,5724,1.9910967464867428,-2.266732175366276,1.4555494620095732
2,10,5725,3.4212324605250792,-2.5118775703454648,1.0747667687904672
2,10,5726,4.491568913108447,-1.997290017901068,0.9180489601222024
2,10,5727,5.934240548848932,-2.2122774084387076,0.762873014500653
2,10,5728,7.246748736449053,-1.9037449914294904,0.5844701577379039
2,10,5729,8.0171623955469,-1.2793744219016974,0.4895328897460454
2,10,5730,8.935777890646028,-1.6220292025235314,0.700444230658324
2,10,5731,9.463886082826138,-0.672595499039076,0.14189901921507864
2,10,5790,1.6350327901000294,-0.008606963644227954,-1.5354636561290846
2,10,5791,3.3224823943797595,0.2848836269489471,-2.105695850033762
2,10,5794,4.242223261078646,-0.03293423563410907,-1.903219485676956
2,10,5795,10.291074660354486,0.15678842128123593,-6.3602735870559926
3,5,865,7.974640386455467,16.219834992933137,-0.6572096232451865
3,5,2743,14.912438910300674,4.368804657995463,-0.6279051447067888
3,5,2744,11.556840131538857,3.8603550869615297,-0.536028489323319
3,5,2750,3.284930098690553,0.5540737067388104,-1.0682647070227738
3,5,2751,3.837687735602309,1.0691743625236858,-2.099360324915598
3,5,2752,4.085434989685383,1.2862074437557895,-1.7338789761765525
3,5,2753,3.51121200133904,1.390654183010563,-0.8166181155086752
3,5,2758,7.272351452040774,0.004841539881785442,-1.4363097236807287
3,5,2759,6.964944755652477,1.5863991916941131,-1.3262172988133838
3,5,2760,7.05924235876348,0.5931326713478785,-0.7215105733101983
3,5,2761,6.7936400510403905,0.911136315005701,-0.6610198129897398
3,5,2762,8.345264627241008,-1.577878081453674,0.01170065040631622
3,5,2763,8.876937982256502,-1.7010817756007368,1.1560436540349561
3,5,2764,10.605776937813747,-1.2110479380739994,-0.5257068314080846
3,5,2765,11.414873256675051,-0.8273665333487936,0.018147083235648065
3,5,2766,11.59644076089411,-0.5668271983481642,0.38377764053254787
3,5,2767,11.580128227789375,-0.6413935517075997,0.6555755722042498
3,5,2768,11.40796028476491,-0.71065659515734,0.87139495015353
3,5,2774,2.178810351832017,-2.6683136013548356,0.03667359233590789
3,5,2775,3.0890149540536807,-0.860736280584944,-0.080500607182244
3,5,2778,1.591974218154317,-0.6115030517556375,-1.3597384057483008
3,5,2779,3.9501101425350806,-1.0872644130387288,-1.4434320275293968
3,5,2780,4.774439462431172,0.39666998646381535,-1.2498006389094711
3,5,2781,5.805893347447827,-0.08816328495056822,-0.9455888210388946
3,5,2782,7.063433015271959,-0.7316782758215903,-0.5307880806496357
3,5,2783,8.259945208523929,-0.007250167865592513,-1.1950910487214172
3,5,2785,9.484012951401535,-0.17892915510684437,-0.762791007349728
3,5,2786,10.489128145070122,-0.2643741829410293,-0.7479857701277409
3,5,2823,3.5678716589945507,1.301541138756014,-4.435019988990028
3,5,2825,5.0930295290321315,0.5382136450708351,-2.924319371623437
3,5,2826,7.197309718128442,0.6646006152634569,-2.8112993521246734
3,5,2827,8.084769324554506,1.1889910099963132,-2.1021524400242084
3,5,2828,8.258930477124252,2.2220005477995612,-2.4261422410590394
3,5,2829,13.060194446892698,-2.3961887516673794,-2.4075406448645125
3,5,2838,2.800068500138027,-4.607811705101155,-1.8000891730724966
3,5,2839,7.971388338435383,-4.409533170881386,-0.7621857758957078
3,5,2840,12.053791519022564,-3.6816509398632054,-0.4049096242458871
3,5,2919,9.656312322684727,-2.022613020104994,-1.242328045227417
3,5,2920,13.034401531598418,-2.1234478386377207,-1.4884626802570144
3,5,2936,14.945748066393099,1.2806019007555294,-0.6921383030359339
3,5,2954,8.145116105566272,-1.0388418098751113,3.288820382181748
3,5,2955,6.03203471800407,-1.3377228208919885,3.450662313843336
3,5,2956,4.05008309253409,-1.2183731270056428,3.1756895234462124
3,5,2957,2.4632562144701797,-0.6533519311913375,2.175867906780882
3,5,2959,1.8388930977114266,0.041396272800523146,-0.6313247358319588
3,5,2960,2.5838559427792838,0.32812988821701605,-1.1905188520972512
3,5,2961,3.6481549505135327,0.22881219888124027,-1.322352109657458
3,5,2962,4.5167947864952325,-0.31749642704378045,-0.5517163219675356
3,5,2963,5.718600990682098,-0.6379684896898868,-0.5672486463886676
3,5,2964,6.640973073590269,-0.9043305846167885,-0.019549415868942377
3,5,2965,7.036496956180408,-0.8757827587851562,0.4721740271738891
3,5,3022,13.392440081530884,-2.2899812835634563,-0.5883156759464362
3,5,3046,4.0413089899699886,-2.4259847079088557,-3.9703251967077784
3,5,3047,8.975523214016519,-1.993736707742614,-2.9453455108948043
3,5,3048,13.579259979664181,-1.6345385382040143,-2.970581466568941
3,5,3072,5.415838569250999,-0.7943396126085036,1.5306174027081747
3,5,3107,6.3946101373123785,-6.085930055006785,-0.3935026960162279
3,5,3121,4.991345013197664,-4.76426689280874,0.21861312104858815
3,5,3122,11.209304772149755,-6.039412008327995,-0.43278488312132446
3,5,3403,13.184675992031659,-4.520835598756446,-1.4182482374872862
3,5,3429,7.983015041804036,-1.3616566908809342,1.8948390367146053
3,5,3432,8.22085481203655,-0.5704510688492282,-0.6215000448161025
3,5,3433,9.348372542889491,-0.4025072659890049,-0.7294318680515722
3,5,3455,1.8466248796699927,-0.9003697568015144,1.3168543047971506
3,5,3457,2.3220075539487324,-1.3069812328843107,-1.081752732193465
3,5,3458,4.798175581840365,-1.6692887917225772,-0.8068799626587885
3,5,3459,6.687381622534918,-1.040135411844743,-0.8535044178925565
3,5,3460,7.71364978746096,-0.9424709629881414,-0.10426136462446822
3,5,3463,4.374407898653983,-0.38071813881317157,-3.1389196414248612
3,5,3464,6.599647154356234,-0.5290555608801812,-1.8517351567368179
3,5,3473,12.978771125360682,-2.710866494249138,0.9544238611314343
3,5,3476,9.219595131701938,-1.607917958413131,3.9206020275637785
3,5,3479,1.6729894796693863,-2.473382486344756,3.1065146412531517
3,5,3482,7.426526508872695,-1.9195423038888764,0.9210999888250754
3,5,3483,8.635586039043337,-1.4435772530859468,0.15240469340381518
3,5,3484,10.244578875761281,-0.9956104849458073,-0.6390442603706142
3,5,3485,8.902486862792687,-1.149094452942521,2.4888814055752086
3,5,3486,6.884988456962271,-0.800156382720338,2.8167903136380197
3,5,3487,5.188582686542496,-0.5124304758115853,2.2085741535724552
3,5,3492,10.648317307163117,1.2168882165827233,-5.848956863030416
3,5,3519,13.385687374395598,-6.961709503532837,-3.963093148936675
3,6,3347,1.821111546823813,-4.224645381199678,-1.111782685175586
3,6,3348,10.107172124110749,-5.429418764522017,-3.6177319266258765
3,6,3405,4.372095018267638,-1.4501026941947812,-3.8564812842720144
3,6,3406,8.385208309839017,-1.1361343380541746,-2.909296052897882
3,6,3409,9.905896228577356,-1.47794394853314,0.6881708402961061
3,6,3412,8.939788042035156,-1.0426220476680876,0.5787578445413346
3,6,3420,2.8740232982482605,3.5051117538699854,-0.5487115673203068
3,6,3428,2.399460337053239,-0.02579279109029503,-1.146005840273138
3,6,3429,3.556541255002688,-0.26675465414649574,-1.053806787101
3,6,3433,4.543546040018251,-0.16024859145545167,-1.3495228693486117
3,6,3437,4.667592716043866,-0.4121245770216599,-1.3901469753043971
3,6,3556,12.439322700983874,-6.430896584851189,-4.62555741498042
3,6,3592,2.4469674591553034,-0.5653417204045026,-0.07409232843109378
3,6,3593,3.377230656491471,-0.6748456505867704,-0.3790966510162568
3,6,3594,5.060412263846116,-0.620581721936172,-1.07028625520228
3,6,3595,6.7758255456906,-0.5817177197412622,-1.133984147597207
3,6,3596,8.224471299617518,-0.49320494869244247,-0.9557844084419637
3,6,3597,9.239967047230222,-0.21842011949348877,-0.7977581132190729
3,6,3598,10.41571324275435,-0.3648609942779927,-0.8109438428016938
3,6,3604,9.70363971384193,0.5745179062714482,-0.6479667871730609
3,6,3605,10.148129846258302,-0.944594358544923,0.46892346062716483
3,6,3606,10.490618134451523,-1.1917481470397109,0.8070247663949862
3,6,3607,10.944632174106477,-0.6423647205782336,0.1713223542250419
3,6,3608,12.26738918191289,0.4330825601157,-1.757516447668862
3,6,3609,13.334234326986765,0.5929070522311756,-1.661825751034408
3,6,3654,3.0084450116505828,-1.4651522341552403,0.8810580334525762
3,6,3655,3.925193818975957,-2.9356841461999537,1.168715501763586
3,6,3656,5.878663007387288,-2.5346292142413396,0.38543134073015994
3,6,3657,7.46823600849321,-1.9144307204469448,0.26659093916936194
3,6,3658,8.575098086859187,-1.5531211189022485,0.4287254392790793
3,6,3659,8.943908347505955,-1.2708320531707265,0.8892346855029006
3,6,3664,7.644819712593595,0.9630495762639177,-0.9155771950440297
3,6,3671,5.1386953700624165,0.22995219738481099,-0.5694067122428508
3,6,3676,3.136232913237702,1.045966512051039,-0.6391232237453276
3,6,3677,2.7529542865805445,1.052143429938149,-0.6706318449369157
3,6,3702,6.143110164794424,1.6484708627504536,-1.3504692494554202
3,6,3703,5.956975856253179,0.8704647578334224,-0.7977089089089027
3,6,3708,4.344159215743611,-0.9776977733061948,0.9555277675919835
3,6,3710,1.9914005664983305,-2.018833959319252,-0.5977779647092506
3,6,3711,4.796107891670576,-2.7417416636368657,-0.4675938728555952
3,6,3712,7.003666241654304,-1.9005025859371225,-0.3423299921920361
3,6,3713,8.70629034965416,-1.6120362177618326,-0.09624847377854864
3,6,3714,9.703501101610497,-1.0907176620227599,0.08707286163556517
3,6,3721,3.342865089024698,0.9854443292086846,-0.8276469621347948
3,6,3722,3.202468765147741,0.7828227779930752,-0.642632362345696
3,6,3727,1.391020678702506,-0.014272719747834367,-2.126351973767335
3,6,3728,3.8329959753509204,-0.07720814486120844,-2.372017524661154
3,6,3738,14.380378296775117,3.609313615766231,-2.4615855177686092
3,6,3742,4.771311009721467,-3.1919971170791834,-2.321531816125132
3,6,3743,5.662317360663337,-2.645150147612853,1.5962464081224834
3,6,3761,1.3559230490397751,0.6841344028311901,-1.2623388758111056
3,6,3762,2.5147026487602213,0.47459102460542146,-1.9353023567415197
3,6,3764,3.3145959686415205,0.05350343995690081,-1.2136090327715474
3,6,3765,4.261982949238534,0.01270508639321588,-0.9897916941193117
3,6,3766,5.080670373115746,-0.09265390432439642,-0.739039427126059
3,6,3768,6.054011182155955,-0.5597424496168728,0.02061461499552325
3,6,3775,1.0471072942510324,-0.6827624584763976,0.532076755628045
3,6,3777,2.2674131369169563,-0.8928107590447156,-0.18259535131019372
3,6,3778,3.1704882915988155,-0.8889475037344616,-0.057085367919816686
3,6,3779,3.9778108787765385,-0.5385403986552141,-0.28731081308191403
3,6,3780,4.797025745412015,-0.01630080075964499,-0.8103245510165425
3,6,3781,5.5899074192554785,-0.04722551816655221,-0.7483186507437558
3,6,3784,7.159613169307608,0.0700555858037421,-0.6545259083838212
3,6,3785,7.907753848257093,-0.053366781209339686,-0.7035346609029505
3,6,3800,0.720662715404974,-0.3693206690399453,-0.6609317981848433
3,6,3801,1.9305546016612556,-0.20527242123054182,-1.2134566944787937
3,6,3802,2.691841065768223,0.2298528792098642,-1.0117685452854392
3,6,3805,1.2701166034848836,-1.0822666286867042,0.15367837845362564
3,6,3806,2.959152029137238,-1.7378004559332219,-0.12688621793300836
3,6,3807,4.315961246953709,-1.1825997819240177,-0.19194717851311677
3,6,3808,5.393405840502441,-1.3321952412510956,0.23575081819075824
3,6,3809,6.87019511217259,-1.6250348739600184,0.13821861336561167
3,6,3810,8.075874936221453,-1.5773943848598866,0.3679921814787917
3,6,3811,8.669639405085768,-1.238889905701892,0.6421570031218609
3,6,3812,8.825311749012311,-1.0739958435560513,0.9155653172676779
3,6,3813,8.320306473565688,-0.6843857667463067,1.18008437869921
3,6,3814,8.84633099928445,-0.6703653621188455,0.14343513557692453
3,6,3815,9.889143630603158,-0.6441498104411969,-0.39881183287123667
3,6,3827,13.668458092276866,-0.47871299266739253,-0.5311558702224524
3,6,3828,14.82907278392161,-0.6041203232070027,-0.5634924372381519
3,6,3834,14.414554504392065,4.100059207674944,-0.5720469290847345
3,6,3837,10.77765444662399,-1.9684598061373342,1.2192144279461852
3,6,3838,11.554195953077745,-2.5350141687194423,1.749971170591583
3,6,3839,11.923053386882762,-1.9975415597070065,1.626086809891953
3,6,3854,2.560923079420781,-0.8189445291920439,-0.5585149988744799
3,6,3855,5.23733562281421,-0.8267908807448263,-1.9548380228553943
3,6,3856,7.887705601273822,-0.6943891911517155,-1.9686275926170733
3,6,3857,9.518179469384792,-0.23600975825141854,-1.4006418153800484
3,6,3858,11.335351309763412,-0.19174577135411774,-1.6298293504596473
3,6,3866,1.0163953002862323,-1.2426947110326685,0.0906438295676445
3,6,3877,3.710082818272987,-0.34052665562117423,-2.3777825039067624
3,6,3878,5.750991888577336,-0.05186640187651481,-1.991496284706537
3,6,3879,6.95546791868898,-0.04509984661649933,-1.1598007965449701
3,6,3889,2.028496394869132,-0.0007816639823306354,-2.353526976319428
3,6,3890,4.189241319307779,-0.11129480547437567,-2.049525701730694
3,6,3891,6.042953360381535,-0.004470126590360307,-1.8567689265076777
3,6,3892,12.33120705321096,-2.9625141532157473,-3.3301658888751176
3,6,4572,10.541810606400988,4.291014730855087,-1.1797140139792182
3,6,4573,7.447832272445698,4.280191724970945,-1.3109165310601363
3,6,4574,5.392119710071724,3.4703166501738476,-1.5821576143156637
3,6,4575,4.068383020950655,2.6279845600706415,-1.4952452448913736
3,6,4576,3.053632724053597,1.7089767602025854,-1.037857582236533
3,6,4578,3.0624655604989153,-1.0795068892104518,0.4622084090091763
3,6,4579,3.2766296155885613,-1.1604814186924737,0.8742528806861984
3,6,4580,3.6625493662346167,-1.3703175368009421,0.9346800924706156
3,6,4581,3.5320846401848836,-0.6925206181366321,0.8126568156662503
3,6,4585,0.6217591798840645,0.622771233578809,-0.6933318514458277
3,6,4586,0.8871603882124072,1.0644963947555313,-1.4741766314618856
3,6,4606,0.2836270575561742,0.2026479595007739,-0.608696529123605
3,6,4608,1.6222833520303435,-0.517761364609283,-0.21268777023330143
3,6,4616,4.307763759914768,-0.5389559125588987,0.33105890399640053
3,6,4627,8.810331000931736,-0.2640058101824432,-0.9422132568706464
3,6,4628,10.695315890431866,-0.06896883210257143,-1.8160162784924236
3,6,4629,11.769594311476625,0.16262482480233867,-1.2369306389004182
3,6,4630,12.275878623568365,0.1296859702854537,-0.6360026083294508
3,6,4631,12.84863186260141,-0.07275510788484157,-0.5000078633540977
3,6,4632,13.427636062430711,0.0860504465488777,-0.66587993491876
3,6,4633,14.14041201740766,0.23376315344068577,-0.9471996646236729
3,6,4634,14.555004269193102,0.3336488211152483,-0.7491446328858566
3,6,4641,1.4164927845550697,-2.5818661710183193,-0.6221844706831159
3,6,4642,4.067042460060222,-2.884383102038909,0.119607126260072
3,6,4643,5.919903765715977,-2.322566778416886,0.4663604535858475
3,6,4644,8.417438666268698,-2.0426164269293423,-0.4549200337914603
3,6,4645,9.47412576648403,0.7782958710365591,-1.8388905292053523
3,6,4646,14.498419204431473,-2.5841169135158943,-2.4598346786444676
3,6,4906,3.401497464573014,-0.40265649023440186,-1.3049528816067604
3,6,4907,7.607847599586568,-2.5348954471214045,-2.881536859330456
3,6,4908,12.22177010675005,-2.2953880234236217,-2.471380527609507
3,6,4931,2.508512065134918,-3.3370528735419747,-1.260350668419427
3,6,4932,7.0659284502004835,-2.862518392754452,-2.0332511207319643
3,6,4933,11.441760095884566,-2.5559605096746383,-1.828010827392982
3,7,472,10.101700689545675,-7.645844629296871,-6.8414923687414975
3,7,509,3.2980320125607028,-0.5698302268020976,0.42779876647402215
3,7,510,7.998707219182193,-1.4640871946969019,-5.123893624527608
3,7,511,14.60572574667481,-1.5507075586738217,-5.215801769281414
3,7,530,2.0357922321762136,-2.0885721012274407,-0.23803408137343618
3,7,561,2.080142338632833,0.3336576311504015,-1.2675677133413636
3,7,562,2.8902101560722238,0.24787518601809072,-1.073315354107243
3,7,563,3.388956697748225,0.13496873173572516,-0.6404617952016362
3,7,570,1.8975317118850128,1.1957173888014199,-0.5865606716435178
3,7,571,1.344470544467378,1.116632687844271,-0.6073280369607035
3,7,635,4.07813998661646,1.079299399386894,-1.558528281376773
3,7,643,3.6061193668276803,-0.6681078224248551,1.2854959606503422
3,7,645,4.110455960938037,-0.7881952235899838,0.903075830316177
3,7,674,3.1467614233650067,-1.1361775157636658,-0.17103547598949004
3,7,675,5.04166510881651,-2.0858154544413816,-0.31123911867653214
3,7,676,7.360923459864145,-2.0138865765077307,-0.4152099986492053
3,7,677,9.612363598326796,-1.9013893974842981,-0.3836719132275552
3,7,686,12.991585362069957,-2.6345896111975318,-0.43383217563669424
3,7,1858,2.3115784350271187,-0.3119039064585075,-1.4267552417796927
3,7,1859,3.0997236642761985,0.09523296460773273,-0.8987418251505335
3,7,1861,3.150400214265048,0.5120976736337738,-0.5050779958010719
3,7,1862,3.0399214284491376,0.812624110613187,-0.7086253735458635
3,7,1863,2.7405882445417604,1.1277800229416806,-0.8396899832370834
3,7,1864,2.5525349072914656,1.030381922026558,-0.8443791596644399
3,7,1865,2.297821406443968,1.0743927897247376,-0.821945242037547
3,7,1866,1.8882363554016457,1.2377828805142181,-0.8615272271476972
3,7,1867,2.0379632411102255,0.6510329997746335,-0.879299853242193
3,7,1868,2.4285404904656605,0.2164209953300085,-0.6542865347113342
3,7,1871,4.576742079226287,-1.0497959331014926,-0.35841063133997425
3,7,1872,5.868037244651492,-0.5023754963363565,-0.8543555108190328
3,7,1873,5.910558124837586,0.7901406533455011,-0.8564786368285494
3,7,1874,5.665029180839472,0.997984927960563,-0.7611569207185518
3,7,1875,5.828826249544942,0.555557110535137,-0.7366347571346055
3,7,1876,6.097598949660143,0.36247179007991065,-0.6371446567817115
3,7,1880,6.621753744381558,0.747472197608343,-0.7399929854825276
3,7,1883,6.068255900866683,0.9157367845329905,-0.6646433649495445
3,7,1890,0.6959306606618372,-0.7682271137899853,-1.0425670217825784
3,7,1891,1.8775977824001586,-0.3018262638305329,-0.8819396016414119
3,7,1939,3.684022962216448,0.8297538023336195,-0.5105864844470974
3,7,1941,2.948729780118026,-0.6311776195141423,0.3529791687256374
3,7,1942,3.044428148782922,-0.64550425466005,0.39712345481319367
3,7,1943,3.4131927131923168,-0.9260238770714457,0.5072867539091254
3,7,1944,4.49691970147061,-0.8187375903552347,-0.2747530149299184
3,7,1945,5.689936506201588,-0.20870244263684054,-0.9844442684355416
3,7,1946,6.83241044164341,0.14396766404994726,-1.2878054124363605
3,7,1947,7.760815131861307,0.34811227474634465,-1.2802748216145308
3,7,1948,8.424939573050395,0.49721762654791224,-1.1644636091079308
3,7,1949,8.520434576771972,0.42709270536913835,-0.522834816688763
3,7,1953,7.0137809387338175,-0.8689984156643142,0.9656979348739692
3,7,1954,6.676557410183774,-1.2648487084478994,1.6006170939403082
3,7,1955,12.123188587315616,-1.3018479310053874,-4.144973260120936
3,7,2718,14.7810642899617,-33.72013878411931,2.364669341564224
3,7,2747,6.7844048141019835,-0.7958994506541689,0.0758823816317119
3,7,2748,7.770257033161709,-1.3180291075889154,0.24160254858267108
3,7,2749,8.516627418433968,-1.1341921621406525,0.3754952944054354
3,7,2750,9.119970040077133,-1.209135110233552,0.6057256340611092
3,7,2751,9.413060268352055,-1.1438446212194369,0.8482803881349904
3,7,2752,9.501117286026826,-0.9863440334954109,0.894917181448575
3,7,2753,9.04761207508304,-1.4222577636732465,1.8737730376294905
3,7,2754,7.850936571331418,-1.9506505620043617,3.1196693617770235
3,7,2755,8.138695201851661,-1.8898563914206354,1.5269275446396064
3,7,2756,9.81714703303267,-1.547446581891997,-0.19701205734238947
3,7,2762,10.086067467864668,-1.6071061360572187,0.20255902782407897
3,7,2763,13.103162009535861,-1.746217514080459,-1.4951467878497755
3,7,2774,2.6991086222345335,-2.4634427747102245,-0.8023153386981657
3,7,2775,4.7368109837291925,-0.727946006045646,-1.3110200608504488
3,7,2776,5.255469027772747,0.06606186631053296,-0.5944938160659696
3,7,2785,3.17309125943147,0.19855154583984058,-0.5942581250140433
3,7,2787,3.2405588619104697,0.09020028828201743,-0.5302379293976859
3,7,2788,3.594260267538851,0.10709726572408132,-0.5117266483006577
3,7,2789,4.096661609349582,0.09048815894318646,-0.6247724539729328
3,7,2796,0.6802227744914741,0.31250800293803666,-1.053461615684405
3,7,2797,1.8372336125133502,-0.6369586654940561,-0.5293028130361508
3,7,2801,4.763748670452261,1.5682055429363804,-1.2953893487388617
3,7,2802,3.7512772838089794,1.9563062252864678,-0.9707617987471773
3,7,2803,2.706774103602302,1.6921823312972326,-0.6590227093884199
3,7,2826,1.3614035724081037,-0.21931227722727542,-0.6650734037053099
3,7,2827,2.509200179383568,-1.049272767220572,-0.3443843075555918
3,7,2828,6.008385600761536,-2.069278955444215,-1.5495056668127096
3,7,2833,5.107563885197997,2.325902617119422,-0.6537554634387858
3,7,4076,5.056583590470393,-3.762161381670115,-3.511548320634102
3,7,4077,13.255529966739445,-4.249631513642108,-4.647400033536355
3,7,4103,4.725935479795818,-1.0518774719244277,-0.8157845761046782
3,7,4104,6.43966153582876,-1.866328143427634,0.043976722395704104
3,7,4105,7.87232089016796,-2.1058907785590173,0.6646542116843439
3,7,4106,9.11115727181699,-2.1294210909214386,0.39026633116755644
3,7,4107,13.387565656756992,-2.1240877514840113,-2.830272476760005
3,7,4141,14.665277576427943,-0.6433333232600049,3.0406170990386694
3,7,4144,1.3581350704147732,-0.41637843265382835,-3.126999243655073
3,7,4145,5.456604141725634,-1.1843581244303363,-3.0598863389067956
3,8,803,4.262660231840378,-1.4352661014559378,-2.055899682715086
3,8,804,5.6898053828297765,0.04292144831756951,-1.575675150499828
3,8,812,8.1589685492113,3.0444161770177463,-1.531236648120072
3,8,4058,14.024456763926706,2.787383646088431,-1.5992632880057729
3,8,4059,13.663493334817982,2.3894151389846647,-2.02863540404843
3,8,4060,13.42494350128966,2.5561586746322496,-2.317642156588495
3,8,4061,11.137322617989627,3.077010840911883,-0.7918676579848034
3,8,4064,2.319410289669536,-1.7976517151110123,-1.5607521971718532
3,8,4065,5.436859069871474,-1.7127629358440328,-1.6253981006891134
3,8,4066,8.137429086589716,-1.6236458875303599,-1.112180085863234
3,8,4067,9.959145460882253,-0.5345693676501346,-1.2983809443499603
3,8,4068,11.41534946244465,-0.16397723497706856,-1.2982181079297037
3,8,4069,12.534570870201872,-0.19473503576812298,-0.9268438691225108
3,8,4070,14.704435777122047,-3.5083452705076805,1.3370810915441893
3,8,4118,11.26912179245509,0.38205243118674487,-2.4255485124531133
3,8,4119,12.94027246294645,1.5927893402737736,-3.736849143334166
3,8,4120,14.969242826361256,1.5180564145267779,-3.6911373159682874
3,8,4126,13.404111255861013,0.08837524380214759,-1.335427925108006
3,8,4162,1.960983652429469,-0.8548705592375442,0.026683743698858897
3,8,4163,1.8168190757240577,-1.7256772668940115,0.6366004335148175
3,8,4164,5.80284571570266,-4.624805533771095,0.4550415504485387
3,8,4165,10.925997357340036,-5.206727906603012,0.08265536477052648
3,8,4166,12.904809147745622,-1.8739211192900274,-0.11601802773292197
3,8,4167,13.575006276384626,-0.5599258696967788,-0.12447400096476074
3,8,4171,13.995447818950225,-2.700030543527017,3.209987831003637
3,9,736,3.450775241497533,-1.3532857088433323,-1.83265258006304
3,9,737,5.909278695154732,-0.9991847215696897,-1.4799646623552296
3,9,738,7.765944960699143,-0.7883946545344669,-1.0693534722487965
3,9,739,9.719234894024938,-1.3706400758029427,-0.6269371084090415
3,9,778,8.308587061741767,-3.0723634846030063,-5.324898922561417
3,9,2718,13.295681764291187,-56.683137749765464,-0.43055396272452884
3,9,2747,2.638678267961118,2.9728898400783055,-1.5261802096958095
3,9,2748,3.062544696411171,0.2180506522081782,-1.7148323169652806
3,9,2749,4.743294795563931,-0.5071244843287336,-1.341782093101481
3,9,2750,6.232044625232749,-0.7263497573838662,-0.7624028696172825
3,9,2751,7.368249048097912,-0.7402828637508928,-0.3959285283163335
3,9,2752,8.234204692124584,-0.5893943739635377,-0.2765975299541624
3,9,2753,9.05199569982012,-1.0309936644199558,0.2096795448364993
3,9,2754,10.653842680751461,-1.7244885100099454,0.0945026936664552
3,9,2755,12.317599248625614,-1.6131742046943738,-0.07161551701868335
3,9,2756,12.735161702158216,-1.3792493230799998,0.9604755831374938
3,9,2757,14.305265316386171,-1.3024854866504791,-0.2684536104481041
3,9,2762,10.617003549655731,-1.643335491019674,0.5646317800762083
3,9,2763,12.41434346518737,-1.744307386618019,-0.05346112080994079
3,9,2776,1.2105274760874245,0.4341947055822385,-1.267063134468903
3,9,2777,3.39938187145042,-0.26508544074815077,-1.9305978415404463
3,9,2779,4.785761455183689,-1.0931173271652885,0.7888619926433805
3,9,2781,3.570409732541672,0.037685579699032815,-3.094643694892153
3,9,2827,10.372352693531118,-1.0347640220355665,2.3046031294668285
3,9,2828,7.308681954765379,-2.3073177436993095,5.3450419554584
3,9,2829,3.4509040959756576,-2.5741619282939894,-1.0645405863103048
3,9,2833,10.925405447476027,-1.2754142342152348,-2.179521826335406
3,9,2834,14.296738115815828,-0.8455174783592029,-2.5337569622137486
3,9,2838,12.153111737588812,4.3479271421669115,-0.8248591904637312
3,9,2841,3.7473582522636963,2.6176500333911337,-0.9151615484449914
3,9,2842,3.7520393218944545,2.376872910399789,-2.4166337543682905
3,9,2843,4.2116947592688385,1.9345240806040394,-2.533707077169823
3,9,2844,5.498701131925222,1.2078464733261265,-2.497791219622736
3,9,2845,6.96915338704426,0.8254700613811596,-2.296463177402057
3,9,2846,7.617840665550374,0.8325011172780736,-1.4833433844914925
3,9,2937,3.1271192241804737,-1.293198313497831,-3.6160312814760296
3,9,2938,6.136235296310018,-1.003822373902646,-2.0743651905282343
3,9,2939,8.240947795770397,-0.8475825768647536,-1.2753297324686237
3,9,2940,9.716770480605957,-0.6577443966776576,-0.8245780235654945
3,9,2953,14.013866121001126,-2.901787520464235,-0.42368688539912003
3,9,2954,14.718771986519426,-1.3852325001749897,0.6605517876415695
3,9,2955,14.57401552258732,-0.6834026708993385,0.8149100762431047
3,9,2956,14.305708830673364,-0.7832141130511798,1.0323375912493058
3,9,2957,14.537130519444027,-1.0969795707878571,0.8422088055956549
3,9,2960,14.574797631439806,0.19556899961046265,-1.108690765030421
3,9,3022,9.779587771518623,-5.1347279325399775,3.745466645272697
3,9,3023,7.234108444418843,-2.8690930780459505,5.367394300569558
3,9,3024,3.9977955305395043,-2.1614823622001142,5.1181404318052435
3,9,3025,2.490853595742027,-2.008859618221859,2.842998738327247
3,9,3026,2.3613856869478584,-1.584238971340056,1.7135122315133244
3,9,3027,2.556683441270353,-1.3009405033157748,1.0814505109750356
3,9,3028,2.87935286392705,-1.1084163107178284,0.7449827442763105
3,9,3035,9.165058457099477,-1.133721826070095,0.21120818906445304
3,9,3044,7.730509401570763,-3.100716884673833,-0.567205347423385
3,9,3045,10.386475048343002,-2.6269592555800565,-0.18395272139744162
3,9,3046,12.663537092988774,-2.3046928030535874,-0.03238941346112052
3,9,3124,5.5531127257532376,-2.963480580066465,-0.08602872883094753
3,9,3125,7.709879704517734,-3.552097987088959,0.5538810394782875
3,9,3126,9.442203127806048,-2.9856669073585387,1.077222692639618
3,9,3127,9.594600869437288,-1.6965068086631705,1.5033576310872634
3,9,3128,9.237964521189669,-1.047869718406743,1.3857294678233716
3,9,3129,8.776756137087556,-0.7159686394878964,1.150121203725498
3,9,3143,0.711964146357675,-0.5169543963108462,0.3395257082382438
3,9,3249,3.4887918060515037,0.61669203223283,-3.4594157792717994
3,9,4140,11.396406408121106,-0.7546891159683424,20.67369538140606
3,9,4142,4.555109720383595,1.1917840067147605,-2.4198478580670923
3,9,4143,6.505462077078853,-0.19549943360694255,-2.718441182985089
3,9,4144,7.8622872364872185,-0.5629951886463531,-0.966876632825792
3,9,4145,8.168452944235582,-0.9111903456116109,0.5360722474434354
3,9,4156,10.12985472166348,8.312582744228383,-2.0988209757091454
3,9,4157,5.02356080599984,6.764451346663146,-1.6904094637037457
3,9,4158,1.2793795745518879,4.371116815625744,-1.105764152346714
3,9,4159,2.0076916254389747,-4.290107643690632,1.5153709613998207
3,9,4160,4.379818285220285,-3.606398232387199,1.1912173040409513
3,9,4161,5.67639490646409,-3.15364024416935,1.8541285706241473
3,9,4164,2.488300776221184,-4.5120347652401325,-1.0646024811762578
3,9,4165,4.885245226132517,-5.211625512295465,2.811652172806682
3,9,4166,1.3642102091218655,-1.9149643279808604,5.2234024459252515
3,9,4167,3.222224054984253,0.49718084890816894,-5.066112169661577
3,9,4168,6.7441621145390185,0.08249838640621247,-3.606964819576439
3,9,4169,7.369657098263956,-0.01942278596586737,-0.7286635701031393
3,9,4418,11.983057124917389,-0.19125245305886032,-2.1738468822420054
3,9,4448,3.492784452562102,0.19345640338071032,-0.5471466220168038
3,9,4554,8.478389456630502,-3.7637632331635036,1.66351784132906
3,9,4900,0.8372942284512236,-1.0258857298660673,0.10733598909073538
3,9,4903,2.8022972365468886,-0.30730666634811127,-1.6702136265822938
3,9,4904,3.4741047524869804,0.3196342802948706,-1.0132123022809933
3,9,4905,7.710839519789757,-3.827025594944693,-0.4253640567052004
3,9,4906,11.397592638729941,-3.4864505659861265,-0.20242364535398794
3,9,4907,14.262330001431902,-2.891526610135859,0.025185053504100274
3,9,4931,12.914648224992911,4.3874588090318785,-0.8550445749375715
3,9,4932,10.701260994298798,2.8706813141018745,-0.750500003738566
3,9,4933,8.718039394844661,2.5898725497237067,-0.7047584480357227
3,9,4934,6.958876470007679,2.3539750971470053,-0.7454516037777602
3,9,4935,5.954953369500326,1.6302671384976095,-0.8243884845568189
3,9,4936,5.435714013132504,1.3909580215298682,-1.0310629510890554
3,9,4937,5.190328603906481,1.9455414262446946,-2.175652011483639
3,9,4939,6.806056601573244,2.03091499413135,-1.6562184534924893
4,5,2083,4.306294688293612,-2.855807048502535,0.2728667149507139
4,5,2084,5.4101691216884324,-2.3885809592541856,1.1978910721280793
4,5,2085,6.118019376880388,-1.632722966937064,0.9033140384487974
4,5,2092,4.898231666041233,-4.871926825724731,0.35531316222839615
4,5,2093,10.658273991408143,-6.226015255613337,0.3121047431315215
4,5,2111,2.0625035929760402,0.8253251700475177,-0.6887533975373021
4,5,2112,3.0576767694092797,-0.017177969381505398,-2.2292095074797054
4,5,2113,3.059007247228768,-0.5025593119534788,0.26986996231095595
4,5,2115,2.3674387587664314,0.44090746231883066,-2.728316251055753
4,5,2117,0.5609538677441279,0.43942821129613,-1.3171379680977628
4,5,2118,1.9868919527405848,-0.01807467051065946,-1.557546192081844
4,5,2119,3.2769758306208376,-0.07755508328185173,-1.2141126840133558
4,5,2120,4.068598452271984,-0.005825231061375655,-0.7885223852394162
4,5,2122,7.550623614411148,0.3527248187385705,-2.400052988622769
4,5,2123,8.433699991855255,1.155614096263846,-2.0406713354942068
4,5,2124,10.367058855762169,-1.5076941901487106,-0.4393046779292716
4,5,2125,13.616070936518623,-3.3773650119134406,0.12223437084808665
4,5,2145,11.036093763051424,0.9115068007934758,-1.6343682959909214
4,5,2146,12.835186167035133,0.4402047921024123,-2.241078271688071
4,5,2147,13.525917348474504,0.6749159856610477,-1.3661045670343936
4,5,2148,14.685477173076738,0.24383127441862995,-1.4092482919378795
4,5,2170,5.824846322083073,-5.188477813074081,-0.40997345103268373
4,5,2172,14.100766240546362,-8.314546578303636,-0.1866032677221672
4,5,2221,13.707236654204658,4.538424436260958,-0.5908304333211591
4,5,2222,10.848091877603684,3.377175975623803,-0.5677923934586403
4,5,2223,9.37127183937554,1.5520270202239717,-0.7857061438054144
4,5,2224,9.289138709371906,0.5994529353240939,-1.2544166049934338
4,5,2225,9.692179426059871,-0.06200242163842207,-0.6728812123607436
4,5,2226,9.785842442676607,-0.8909529404827163,0.5310847988692347
4,5,2227,9.992081776495855,-1.3310679321701484,1.070385748396673
4,5,2228,11.527209741805331,-2.22691797764078,0.657724540302193
4,5,2229,13.422753995773784,-2.101693317343053,0.1479942411922528
4,5,2429,7.483579447029881,-3.942756343981978,-3.5879981792962488
4,5,2430,11.576855648378805,-1.4377606620573031,-2.7169594351215234
4,5,2431,11.906722360856863,0.59845267822135,-0.9680928646648832
4,5,2432,10.962751072952019,1.7579109412033007,-0.8286695521330182
4,5,2433,9.801420615615909,1.7548659613500937,-0.6006047966133868
4,5,2437,7.924004268610949,-0.8130233217932039,-0.2998270015549749
4,6,5706,11.38789715748169,6.641732969675258,-1.0167420196586152
4,6,5707,6.494188212994046,5.605187924547112,-0.7390762480907206
4,6,5709,4.514525610909043,-3.0544910058168893,-2.9517688767129497
4,6,5711,11.84757592531399,-2.6018991044692354,-1.8171193658073095
4,7,2463,7.093748651630111,-1.9722193817046212,-2.241159350191415
4,7,2465,11.492281313083714,-3.1558192518061943,-0.6825334957512885
4,7,2466,13.4920926688462,-2.6253222983779736,0.5696046613776348
4,7,2476,5.570673910792459,-0.6211512895825767,0.6040595454090771
4,7,2478,5.38030097692177,-0.5559761840166688,0.5127016973418248
4,7,2479,5.262321124696952,-0.5909567347625937,0.5615269842906769
4,7,2482,6.4150477149120775,4.606687252484796,-4.791585754670383
4,7,3203,6.24183253605705,3.997031738302631,-0.7844492026744965
4,7,3204,3.7818388904146003,3.225044640642866,-0.7850243077160669
4,7,3206,2.966592090156498,-3.4308921691854772,1.0109676799534593
4,7,3207,5.246156730428794,-3.0678984049054274,0.6320532505668606
4,7,3208,8.519742421613621,-2.2494680654615666,-1.0313994985775714
4,7,3209,11.063775745014901,-1.6449419482059682,-0.9003601655669489
4,7,3210,11.802628259007315,-0.05947366815527874,-0.6855595987532912
4,7,3216,4.773601186809668,-6.413787188603497,1.861173463929485
4,7,3217,9.706355919548672,-6.506578625302329,1.5680882775047853
4,7,3218,14.462769866193113,-5.69974233029579,0.9432141265219751
4,7,3232,1.2808449721391286,2.498447258774483,-1.1812882734380745
4,7,3233,2.2326980651961708,0.2703703196509032,-1.3073348858297404
4,7,3234,5.936468593469744,-2.6570213805958702,-1.0822914459177462
4,7,3235,7.4482178031431046,-0.2558888603232346,-1.314823576447048
4,7,3236,7.820613636944776,0.3414356293283489,-0.7891596093366668
4,7,3237,8.984099839291474,0.18732702816746238,-1.5457485257145605
4,7,3238,9.913910345275108,0.0595422722968319,-1.0577109036576724
4,7,3239,11.540057744128813,-0.9857895598931743,-0.6996111197172559
4,7,3240,13.794859650129165,-1.7211459719701914,-0.5628008236471729
4,7,3243,4.0845520163432765,-1.9008744186680129,-6.949882538377332
4,7,3244,11.831764754134152,-1.7074161440180586,-6.120011622517154
4,7,5330,8.588862161209624,-2.001551660689187,-0.9612728111226221
4,7,5331,11.30561926656426,-1.9606730354837913,-1.1482013031713372
4,8,1021,11.473823795575024,-1.3000606830634152,0.6132039856610757
4,8,1022,12.381929114567184,-1.3954860979184134,-0.00452923312550868
4,8,1023,13.846783498849819,-1.07963635055054,-0.6387489139349144
4,8,1387,8.838785848040697,1.6705622173878345,-0.9856882545869057
4,8,1388,8.525878986133824,1.363366377494649,-1.065076931690798
4,8,1389,7.979124691715431,1.0542976851617243,-0.5081891963577589
4,8,1392,9.198014997191468,-1.6019569408964953,-0.7515550198478014
4,8,1393,10.346813250295133,-1.2722308092975505,-0.010569058023985833
4,8,1394,11.886418822318094,-1.1420201034691286,-0.42563012565816505
4,8,1395,12.740053022358355,-0.7933542600259437,-0.08355266923251686
4,8,1396,13.272648511342078,-0.6927393620650578,0.15157851152963142
4,8,1398,14.571336076466398,0.15581280861245467,-0.7491194587750867
4,8,1404,11.501855686862289,4.35534788309536,-1.244963212822853
4,8,1405,8.657357487699988,3.7176418258480632,-0.8731941805878587
4,8,1406,6.117657171281164,3.4405468589103867,-0.9015568666311835
4,8,1407,4.043262016618019,2.691023654878358,-0.6239326171455291
4,8,1408,2.1147100575587245,2.4308101997317983,-0.5741653879727356
4,8,1412,7.816520065360003,-1.5328052146766138,0.3897369064268394
4,8,1416,3.355547307657469,1.9962506890051894,-2.2222239604921823
4,8,1449,5.811820915877438,-0.3478879055787708,-8.337697375335459
4,8,1476,8.280865258648102,-0.8175841514017579,0.8823793098377957
4,8,1477,8.829716813814134,-0.8908302336147812,-0.4149330943439219
4,8,1478,10.393928436393638,-0.8496610998057276,-1.2587371421864666
4,8,1479,11.840172642942912,-0.3333367175189919,-1.12600422072371
4,8,1480,13.398118592000154,-0.5712975691168722,-1.0369076384222293
4,8,1481,14.79842811146256,-0.5818172258514371,-0.8819557175869421
4,8,1499,11.521463167236437,0.12831695275481958,-2.5314769924770584
4,8,1508,3.7726880252863566,-1.1064988129689302,0.06572543874137787
4,8,1509,6.86480911202329,-2.0554120360689496,-1.8633981042654622
4,8,1510,10.910061964288465,-2.337603400787044,-1.8403954679942836
4,8,1511,14.600760315235421,-2.0126852661538237,-1.7131066340381191
4,8,1531,7.674253744520082,-0.7943382560141673,-0.11911011112848689
4,8,1532,9.180772926296987,-0.9957201130540743,-1.4005662799461982
4,8,1533,11.319668939905808,-0.24286408446969976,-2.862138395166064
4,8,1534,13.0801998242249,0.7500605211903608,-2.716624833170215
4,8,1536,14.071880066370817,-1.1295010536025396,2.1610673368131077
4,8,1538,13.734581260635409,-1.974689781496844,3.8443160982768663
4,8,1539,11.81537282368853,-2.0118911871993266,3.921156842335738
4,8,1540,10.148995295065374,-1.712053420589422,3.350512214847324
4,8,1541,10.02367314308199,-1.4847713552751638,1.6073023780534519
4,8,1542,11.9351465191015,-1.8876219781769734,-0.04181253703836091
4,8,1561,14.939338990414301,4.866029640525376,-1.0496471102583902
4,8,1573,3.231792729401851,-0.867516257627149,0.2601329118831315
4,8,1575,4.811853132792371,-1.9586009913904419,0.2639856544949726
4,8,1576,7.231797323920413,-3.1373838690737808,0.7174200832773139
4,8,1577,8.338758792681324,-3.64900339450302,2.5420231174933354
4,8,1578,8.39092527261411,-2.8782321044525325,2.808058648327843
4,8,1580,11.584096246806642,-2.2446771038832893,-0.5544926528236587
4,8,1581,14.06695016741529,-2.123313660047285,-0.36605581296175566
4,8,1595,0.1013363172050263,-0.15120712467180317,-0.8592587140656259
4,8,1596,2.42638562515297,-0.17898179832607897,-2.2089146285692474
4,8,1597,3.7835683110935348,0.06392019987075383,-1.423004069868191
4,8,1598,3.813184813318903,0.6722731493342826,-0.7019556572021098
4,8,1599,3.2087193432360865,1.0996696165452415,-0.563757168480814
4,8,1704,1.5970325689992257,-1.0047783598609092,2.3571575291700984
4,8,1705,5.686571045212334,-2.4697959648044474,-1.843651887736065
4,8,1706,12.467145001372861,-2.7773566093556696,-4.082355413753655
4,8,1816,1.0753535369797933,-0.5442929771279142,0.0360223871999502
4,8,1817,2.049833092036353,-1.5433315869013535,0.22326827223826196
4,8,1818,2.93870393535106,-1.26686305860987,0.33842934556514137
4,8,1819,3.425458490249285,-0.8492625365128572,0.34089422992262103
4,8,1820,3.055380666835217,-0.8705360394813721,0.9199458261878316
4,8,1821,3.489019744288043,-0.8272230827287044,0.12886505017596506
4,8,1823,4.284020909689179,-1.2288141305444367,0.01081412552820682
4,8,1824,5.425423875867049,-1.4981585260160006,0.13120353621567002
4,8,1830,1.0689804071509679,-1.3106481178829434,-0.12976116689594652
4,8,1831,2.299350875769138,-0.8603180425450954,-0.386216194904266
4,8,1832,3.8713391405468016,-0.6701094547996431,-0.9084016865130929
4,8,1833,5.497412512179181,-0.10074198000292073,-1.525778730911973
4,8,1834,6.226804117685165,0.7697336797389754,-1.517915079414021
4,8,1835,6.239618678561617,1.4378498729958675,-1.498191000954377
4,8,1837,8.17167696946899,1.4143758463715703,-1.7952874657133953
4,8,1842,2.4963092857943026,2.1375718766218506,-1.9894401129849688
4,8,1857,11.684433038308233,-1.3385620712786879,3.819126101665648
4,8,1861,3.6233280724270385,0.545474493545296,-2.598104054207443
4,8,1862,3.912130384776956,1.3798877785024526,-1.921014726284427
4,8,1863,4.172470289479581,0.7705696468451733,-1.210325662192651
4,8,1864,4.680168401595203,0.6718120209988656,-1.2132650963874614
4,8,1865,4.868456079992125,0.5335858710408957,-0.7221941624033674
4,8,1866,6.412507677919571,-1.4853194328518462,-0.101568128686646
4,8,1867,7.720970405772588,-1.739775259671228,0.41079445174817186
4,8,1868,8.079855795080288,-1.3375750926234504,0.9736161155785686
4,8,1869,8.463179847831338,-1.413459723568513,1.0156702847887287
4,8,1870,9.09382537511698,0.03044794063281818,-0.6669771921049586
4,8,1871,8.299617652016943,1.305976683253274,-0.5128830443901277
4,8,1874,1.591680572562941,-0.6491948680182685,0.25484031703145454
4,8,1875,3.222738569624,-1.276904687836044,-1.0006491363412944
4,8,1876,6.68639557778699,-1.5779643217521322,-1.9799832201987557
4,8,1877,9.60569194856413,-1.1615972346186028,-1.7749598242745706
4,8,1878,10.849504690166654,-0.7752809557948276,-0.4711698604559195
4,8,1882,1.1939120522909057,-3.9204660023372817,-1.5775650008448932
4,8,1883,6.877280464505904,-3.6225933271380475,-2.083899800002444
4,8,1884,11.504056757068541,-3.0513001173851224,-1.5858012284454965
4,8,3184,1.5283511053936067,-0.6272652991125361,-2.832176243609639
4,8,3185,4.21078587461469,-0.6360814528770719,-2.0668299111515185
4,8,3186,6.022534248326307,-0.8395173184076191,-0.9743869648059063
4,8,3187,7.329285788956156,-0.8799980013156685,-0.42757392462006377
4,8,3188,7.906474555854935,-0.05908462569111669,-0.5181795942334486
4,8,3190,8.322859759064848,-0.3123895128473683,-9.0247282397299
4,8,3205,2.852104759650694,-0.8094393446544901,-0.6406256104172438
4,8,3206,7.098916867414865,-3.6484156618094783,-1.6480641694121783
4,8,3207,10.036566942771028,-3.0001537158950384,0.008554210207029584
4,8,3208,11.202863212739071,-2.205907506084715,1.0315362361078266
4,8,3209,11.9228046244216,-1.6300414425194174,0.9083208019699319
4,8,3227,1.6340893552831035,-2.5193887320023864,-2.834678580775331
4,8,3228,7.708629085756149,-2.769277410843758,-3.5241224358951833
4,8,3229,14.115156709059198,-2.989995848794772,-3.4349767924211463
4,8,3776,9.56754592219411,-1.0315594679049074,-0.7855393652887455
4,8,3777,11.34126126027182,-0.9954003067310014,-0.889145142262148
4,8,3778,12.819216764795598,-0.9617917889141786,-0.5964311789929353
4,8,3779,14.87738390943201,-0.8554495344282054,-1.291443070175775
4,8,5231,9.301772141742843,-4.846830238081065,-2.41456866934631
4,8,5256,2.9143395740360702,-2.141658055745709,-0.9286331036478027
4,8,5257,5.442588569407498,-2.4698393352094854,-0.06957843346397653
4,8,5258,7.175041285267713,-2.694498938528263,0.9564570727964633
4,8,5259,9.17923953401225,-3.337095971160283,1.3175536080026393
4,8,5260,10.11703705255598,-3.209465946266648,2.264574528638166
4,8,5266,13.156485575020094,8.928288808733475,-2.306718929983207
4,8,5267,7.325794997972856,7.884795186931553,-2.0542293223739825
4,8,5268,4.441898717859039,4.6003588157721005,-1.726162711635257
4,8,5276,2.8502115622682282,-2.6634079064335676,-1.8858337296835979
4,8,5277,6.903457122517198,-2.46982943251143,-1.8066427269711285
4,8,5278,10.053624873877949,-1.9323799273942805,-1.2452089346177642
4,8,5279,11.794773431170304,-1.313682620975228,-0.4328732487330467
4,8,5280,12.045279804896124,-0.5842703627875917,0.3270311314952824
4,8,5282,11.501735149801695,1.4903496686683804,-0.9802398974874437
4,8,5283,11.291547647437739,1.858497073218111,-1.65656750960768
4,8,5284,11.58794882416509,2.398562847497383,-2.707306214441055
4,8,5285,11.038809771050417,2.7103585512609545,-2.167457084659408
4,8,5286,10.480852207124324,2.267590559437863,-1.713876361768314
4,8,5321,6.853288948549396,-6.404793927785111,-1.032413233504995
4,9,1008,6.87725555347715,-5.602213759279669,-1.756208118462684
4,9,1009,9.966726470030734,-2.6617378982040507,-0.5883274793324105
4,9,1010,12.018281794502965,-1.9263012037442233,-0.3704360192366247
4,9,1011,14.162539994011203,-1.724357485461499,-0.5277180573385242
4,9,1015,12.917441379775699,-0.9595043161257354,-1.3921198247699775
4,9,1395,11.845365990749293,-0.534877865229941,4.070802081111615
4,9,1399,1.0122677284944719,-0.3231934959570168,-0.9755796496802757
4,9,1400,2.94323031742403,-0.02133274137676068,-2.3840506578253895
4,9,1401,4.96607804411899,-0.37453934011959433,-1.7727766846737623
4,9,1402,6.579835073378343,-0.23136914153464638,-1.4130796461099961
4,9,1403,7.9123208848644015,-0.3534466059155502,-1.0337820100930133
4,9,1404,12.003134882622078,-3.7601572845714757,-0.626241054370655
4,9,1419,5.289055397351353,2.114001037422557,-0.5774824370785837
4,9,1420,4.568795000182933,1.1172800848361353,-0.5380747385898653
4,9,1445,4.2981361952663235,-3.897286208849864,0.7660574478178679
4,9,1446,7.186115315282586,-5.964881694195075,2.84537303521962
4,9,1447,7.718808492023393,-4.224925912448597,3.6651960513945063
4,9,1448,4.7585237570993435,-0.5898943725226777,3.534408410851987
4,9,1449,0.5362409305177016,-1.1624568125576291,-2.6530872844297497
4,9,1450,3.1558040878784017,-3.014936646843027,0.34480226085686716
4,9,1451,3.752493318149303,-2.8775258967614428,2.153198141489962
4,9,1452,4.647051300256941,-2.609486631481298,1.657329375259796
4,9,1453,4.8032775699723995,-1.940849900516035,1.7495369933691267
4,9,1454,5.228438891396714,-1.8519945378284506,1.4239695248185098
4,9,1455,6.00019281690389,-1.2460228772944757,0.47426367180062723
4,9,1456,8.774426609029575,-0.7815038228743239,-2.139648608555716
4,9,1457,13.726389372492008,-0.2785734947488986,-4.815489789664746
4,9,1473,6.843538288174858,2.796123303244251,-0.6024450907122367
4,9,1474,2.735029652703081,2.849776109880299,-1.42839756240843
4,9,1475,3.5873035474586805,-1.5637094637773168,-0.524966411562413
4,9,1476,4.953282777230963,-1.1380816582358328,-1.255585445371624
4,9,1477,7.109735538325075,-0.6173318511801521,-1.7346884957709765
4,9,1478,10.073790582771153,-0.44526077906827854,-2.5239435909696515
4,9,1479,11.95512011546322,0.22883234221685156,-2.1228621236518856
4,9,1480,13.95236577117932,-0.10233032313454715,-1.9000912035898367
4,9,1503,2.3771427485811203,-0.5468119000857286,-0.34443886482193187
4,9,1504,4.716833640882721,-1.0065333425509582,-2.0109370277234864
4,9,1505,7.868452358857096,-1.4021927112172115,-1.7524914918725352
4,9,1506,10.714745564773825,-1.4590765612932652,-1.3872390953843217
4,9,1508,12.7208288591231,-1.5464707911167745,0.48453998162955303
4,9,1509,14.789434213574182,-2.0513310575615353,-0.3882735637398901
4,9,1519,13.821736731700987,0.5804883405498871,-2.3499458479860955
4,9,1520,14.98927209385873,0.9354564267207017,-2.160207297543428
4,9,1525,4.554925046272533,-4.787137390322644,-1.6289783193076324
4,9,1526,10.085235949806984,-4.033082030465596,-1.5639721482360438
4,9,1527,14.891747107752987,-3.7299535453774464,-1.08644884582629
4,9,1530,14.98173421849562,-2.209010957220209,2.2748255473688537
4,9,1531,14.735329018060828,-1.5651201496869627,1.7526737990791639
4,9,1532,14.874804585837339,-1.024164424774992,0.8636527299356557
4,9,1535,13.886851187118877,-0.826237747832692,-0.44079762180816595
4,9,1568,3.430976149241937,-0.16808595656731662,-0.5116624492541779
4,9,1569,3.9081551683871623,0.17955745238245757,-1.0453446133182738
4,9,1570,4.875725473213421,-0.4481074960399074,-0.8225659543300968
4,9,1571,6.148320830447192,-0.7891377948544347,-0.5578630280014312
4,9,1572,7.229491738266868,-0.5940805800542024,-0.5219074086657366
4,9,1575,6.148122672954569,2.071649674179845,-1.0991954230921208
4,9,1576,4.548319550736929,3.297944865089926,-1.6995582630288735
4,9,1577,2.65935640565096,3.7409660350880283,-1.8654165820127555
4,9,1578,1.533929279356206,2.89956547324065,-1.8817196282655861
4,9,1580,1.7017891318562761,1.9678535267075359,-0.8284914971321511
4,9,1582,1.3831779553871044,-1.5999849373086426,0.7004788169796521
4,9,1583,2.2728014440547786,-2.0213764260216953,1.0596678175441343
4,9,1584,3.3534080357315132,-2.541379851072142,1.3988556013287883
4,9,1585,4.4145944858982515,-2.3197558346808496,1.2351912406176215
4,9,1586,5.747132590819715,-1.7007130085571784,0.35837428732508864
4,9,1587,6.467713753156167,0.6992453777189327,-1.4198390361521933
4,9,1590,4.818300668694598,-0.09785244335764905,-2.675655905695616
4,9,1591,7.5726560987335,-0.21126938407685675,-2.54309061339578
4,9,1592,9.494465674769467,0.5953718114203358,-2.524114907397768
4,9,1593,10.72342737550859,0.9552695020250379,-2.1861026671950436
4,9,1594,11.70585753808289,0.8485875120807922,-1.8319169462965033
4,9,1595,12.837285591696608,0.4495559636205402,-1.5831870404827058
4,9,1596,13.7828317044861,0.1828922979894844,-1.1284897066790605
4,9,1598,12.087560859559504,-0.6599956659595652,2.4105587558674344
4,9,1599,9.215942625391826,-1.083747198052625,3.952070705931287
4,9,1601,8.497893755515827,0.187365717825955,-1.1634102798179633
4,9,1602,8.856388112245309,0.3525491376132026,-0.716731167361671
4,9,1621,4.953465762103152,-3.5051030077077736,-3.6033371502682803
4,9,1622,11.602866635123572,-2.9054405748088064,-3.749816090304334
4,9,2428,3.6315869502198264,-3.7719731019025406,-5.2563627912851025
4,9,2429,11.862237270680048,-3.949075355292229,-4.646919319270729
4,9,3307,9.477668120140827,-1.1188869368042214,-47.30609650049006
4,9,5068,13.065190648733365,-2.79936808097712,-3.8199822916257613
4,9,5076,14.857443377112606,1.1857555269843236,-0.6879436112719859
4,9,5082,1.5109958348718338,-4.560359356158872,-1.309669613683891
4,9,5083,8.316317404345313,-4.205258015728346,-2.615168755861406
4,9,5084,12.356202866293156,-2.314538821312401,-2.392278974034879
4,9,5150,14.159424101295528,-0.5211174092653391,-2.6836129312897556
4,9,5466,14.07050336613095,-0.3839213130480164,-12.641648846821482
4,9,5622,11.197343583857485,6.076294631095079,-2.130940412525291
4,9,5625,10.848101626996183,-4.155438942357316,-6.833766206020006
4,9,5866,1.7020399298411226,-2.1124083387755195,-0.4483257613688036
4,9,5867,5.38953487614143,-2.403591838800736,-1.7018993649205747
4,9,5868,9.76379333893768,-2.32204702935938,-2.26541949482107
4,9,5869,14.032928708390358,-1.737370622395828,-2.5796921619893465
4,10,2177,14.687796681325173,-0.7016679682129114,2.7722423337628457
4,10,2178,11.159591692030794,-1.9040410567915136,3.9878734258742297
4,10,2179,10.617802226181599,-2.3462911119666514,0.12329695481690361
4,10,2180,14.067921509483124,-1.738948393852442,-2.814358768681794
4,10,2190,9.832774426526761,-1.512516441858748,0.8377706231214117
4,10,2192,12.78558431837936,-1.9013749653344785,-0.8242314286602845
4,10,2193,14.216914997294579,-1.7365520551428457,-0.005067283727705707
4,10,2219,5.877865521327014,-0.7303950997019595,0.40580841993647326
4,10,2220,9.269754169162495,-4.247073656033118,-0.07093714782975749
4,10,2221,14.158747495092506,-4.340814298793119,-0.6764529415560283
4,10,2900,5.2863788079346286,-3.468996198320555,-0.8270297613997314
4,10,2901,8.029147329470602,-2.1137496903809065,-0.6290420569283206
4,10,2902,9.938232051279844,-1.4463729186105356,-0.46612811287714295
4,10,2903,11.437155652715441,-1.21183745248696,-0.2880801486752884
4,10,2906,13.147077892818459,-0.570128857686211,-0.091643192713823
4,10,2919,1.863970033259994,-0.29102969679246316,-0.810399878852191
4,10,2920,3.047747272015909,-0.8085142429340205,-0.5044133247900984
4,10,2921,4.360921399825534,-1.1985256386128613,-0.14210421965227352
4,10,2922,5.7824431210356115,-1.5687773153273705,0.14263611361269002
4,10,2923,7.027512310766534,-1.671395368015617,0.4255542826898045
4,10,2924,7.488180076321245,-1.248986475335962,0.7773992901575579
4,10,2925,7.856696898787783,-1.1662520233306388,0.7902407618041457
4,10,2926,7.726701753066629,-0.7389164289800727,0.8559017418673975
4,10,2955,0.9582242833665541,-0.342950771749154,-1.1234453454365478
4,10,2956,5.107278786130352,-3.2864916522589036,-1.5895219613437757
4,10,2957,9.738516938423878,-3.3897840193435225,-1.2985532699745554
4,10,2958,12.38674410522379,-1.5412086133083152,-1.1184852328848471
4,10,2959,13.235112596641875,0.1355299023267994,-0.9843237513858097
4,10,2960,14.185631833184528,-0.1044966529263764,-0.8485035516491758
5,6,3379,4.992584869478091,0.025158631979876545,-1.9651225140081585
5,6,3382,6.3638282588252215,-0.006849629032583217,-1.2056338387054046
5,6,3383,7.239813729787235,-0.2544975943584257,-0.6388351789733012
5,6,3427,8.783871028485715,2.549488878521081,-0.8393692351580477
5,6,3429,8.706838135590587,1.8206529078237672,-0.8686816687466883
5,6,3432,7.3018203815169676,-0.50932087719895,1.042067792696733
5,6,3433,5.972147418132889,-0.6374860633538595,1.9665922315510826
5,6,3448,13.474084549127237,-1.530571756802642,-1.4076239358269742
5,7,266,4.23614126612988,-3.153093850774437,-1.812914437574912
5,7,267,9.997211893079614,-2.8174162117277066,-3.2582264940458696
5,7,268,14.530138171990759,-2.319396994102724,-2.2734947715658738
5,7,296,1.6530048786175735,-1.8680312875049618,-4.85746048054899
5,7,297,8.0282812841966,-2.023268237877046,-4.3801209157477325
5,7,298,14.104475761050123,-1.9166898549117581,-4.160195215448786
5,7,299,14.271864053472115,-1.8226235241540032,1.6544822017713539
5,7,300,12.299214059895254,-1.6978428165831332,3.6701152146852505
5,7,301,10.217407093428777,-1.5478402820401265,3.629263183894435
5,7,302,8.372396169571118,-1.490963929564166,3.335009754790528
5,7,303,7.14713961412894,-1.968777557008262,3.1909446213388035
5,7,304,6.054804673148358,-2.646503869134744,3.715313183028611
5,7,2729,8.36587402647396,-1.0231558155252483,0.5715746096466346
5,7,2730,8.687111530290448,-0.7907437464760816,0.36302516010536434
5,7,2731,8.903046463084172,-0.6328078286608554,0.36320860408937894
5,7,2739,2.002312222653743,-0.0590083249630578,-0.7057829057218753
5,7,2740,2.6783791102346495,-0.1449751029236764,-0.6389067770272439
5,7,2744,0.7985465801466543,-0.7896988770374215,-0.2512163469271017
5,7,2745,1.4739711313719104,-0.8573677438210067,0.17994892764218018
5,7,2746,1.5541282075668161,-1.561728910794946,1.2798129484638303
5,7,2747,2.302253089050701,-2.0534822728035733,0.9609533124948562
5,7,2748,4.186315054475275,-2.497635829811676,0.586783713113817
5,7,2749,6.846701349688817,-3.3131888449406146,0.6350656238946164
5,7,2750,8.790091195421017,-2.855504244909682,0.9104776452017932
5,7,2751,10.97810518171233,-3.34515745268042,1.1486544875425782
5,7,2752,12.112647538676075,-2.3619778005424115,1.1929629022812158
5,7,2753,11.230620891858088,-1.1958574878694925,2.0678471387974544
5,7,2763,4.959969380199942,-0.8479329121177253,-0.4566399584397245
5,7,2768,4.456303945027436,-0.9947107436827185,1.7749580163633571
5,7,2769,3.054957451008413,-0.5575773596809817,1.9172349895235237
5,7,2770,1.8645450000582162,-0.5118303657668886,1.6859468834629663
5,7,2773,0.7569238407196007,0.7295492957699856,-1.140212121182012
5,7,2774,1.0589742491559717,0.8296047463783247,-1.2124229072318704
5,7,2775,1.7900750407187713,0.5603917657636837,-1.4688281699198702
5,7,2776,2.2217014798533365,0.2965830294422264,-0.7390061484524124
5,7,2778,3.870238594516299,-1.463126381896893,0.055385666745801365
5,7,2779,5.421066277065789,-1.5236722410313015,-0.033916353599530526
5,7,2780,6.846500769375351,-1.3025473745945202,-0.1341235998670124
5,7,2781,7.992666243224334,-0.9353312076309935,-0.2391877190525005
5,7,2783,10.066984402063001,-1.2123096917039162,-0.31863790855998464
5,7,2784,10.82018089509013,-0.1793670925519878,-0.5791309898732205
5,7,2785,12.375444345136513,-0.7218997176070425,-0.8812059881878374
5,7,2787,14.054569489051557,-0.3742315186470969,-0.6645582806009475
5,7,2788,14.648412377254688,-0.06370389166191578,-0.56522030308696
5,7,2825,3.861271982896685,-3.1332779671617965,-1.3577781103684807
5,7,2826,7.746652408801752,-2.8818880585066795,-1.0227308139884086
5,7,2827,10.312281032103531,-2.170051932991871,-0.40311191746387454
5,7,2828,14.228523319924419,-2.4110254117491468,-1.5078148984156536
5,8,771,1.8783455799007303,-7.43779314918374,1.8534539193729782
5,8,772,6.882519583729906,-7.210011337289407,2.042522370212755
5,8,773,9.108688594982828,-3.2653161925068095,1.032301357170014
5,8,774,7.525298144887075,-2.566507049801276,4.142365362614782
5,8,775,5.953951517927525,-1.9928642941287018,3.5559940413314592
5,8,776,3.885045098537547,-1.275420220932485,3.3061474415990526
5,8,777,1.3047184755408858,-0.3473328123606563,-0.9545797788017154
5,8,778,5.641891135180685,-0.7022095085626361,-4.16636110044714
5,8,779,12.302748203945814,-1.3195583587563975,-5.341377846050243
5,8,826,13.49331385840305,0.43321968273745287,-0.9263900243913312
5,8,839,14.824031487873214,-0.8926306523365198,2.454057071592997
5,8,841,5.026200200839901,-3.4476002886887915,-0.6532480370053213
5,8,863,5.837858935411561,-1.340488375510898,-3.2379195316299576
5,8,864,13.405755145043214,-1.1832155410998313,-6.386348306133399
5,8,922,6.060774887528073,-5.1818453567746285,-1.5965430739365554
5,8,983,10.292646953180068,-1.0760382016356795,5.2447261911739
5,8,984,8.159401321172767,-0.8757707704556527,0.8970201699109196
5,8,985,10.280797693100482,-0.6604514995980396,-2.9272588255511875
5,8,986,13.91356609029258,-0.3087378032001678,-3.74004566477337
5,8,1006,13.507611482771262,-0.6218505237182196,4.678774436573622
5,8,1007,8.205293089519651,-0.6507557238217329,5.9139659187658635
5,8,1008,4.147603042273402,-0.831811803758403,3.5855207815045578
5,8,1009,4.23796320153042,1.1734380818698429,-3.6280817181172167
5,8,1010,8.187516526110311,1.2434221767544589,-5.770800231706618
5,8,1011,14.079897867067132,-1.0113939514225998,-5.196146836965045
5,8,1029,10.622717835595038,-3.111283330581046,0.6725364893386837
5,8,1030,13.784925466416182,-3.0474492004187352,-0.15995788780227954
5,8,1061,7.545817270138138,-1.6344993297247508,-4.942764521325328
5,8,1062,14.720001798929268,-3.0511302901593664,-6.171247124184898
5,8,1101,11.973857749647868,0.045614158330125804,-11.321879704988127
5,8,1204,2.94896726354782,0.2196112541340513,-2.7048872748892823
5,8,1205,5.291269760501607,0.5447884593450907,-3.1793781968615984
5,8,1206,7.2134736591896305,1.1499986404885947,-3.1278054100378885
5,8,1207,8.975732785604812,1.0697868113675422,-2.852277996257323
5,8,1208,10.486836602534007,0.7627476714301166,-2.278506401717996
5,8,1209,11.596020624718344,0.39867050656056324,-1.5083008851857282
5,8,1210,12.640114359156982,0.15771327933359175,-1.2021821374928605
5,8,1211,13.061834095948251,0.21458095191405463,-0.6394125080241433
5,8,1225,8.847994780010193,-0.19447383790890455,-0.5433247306225779
5,8,1231,5.172640837012998,1.567823332949846,-0.6976872869545399
5,8,1232,4.491778711503803,1.2741107036989177,-0.6530200482273064
5,8,1233,4.192294987195918,0.9789802901618013,-0.7207240870002316
5,8,1234,8.46058376836066,0.706716873061426,-5.0035344830344295
5,8,1254,3.9048526928519998,-1.218907599627852,-3.8967714909014575
5,8,1255,5.5618098219065955,-1.5040048834683513,-0.20014423552858707
5,8,1257,3.9077385345732356,-1.2140576253381314,-1.7440120646614838
5,8,1258,7.692813529058927,-0.9101987760802366,-3.0639151629844523
5,8,1259,9.726771735498883,0.5061516764286332,-3.2704363952805267
5,8,1260,11.772851598715166,0.6936934158125261,-2.991669345525576
5,8,1261,13.646741991661099,0.7586568932587874,-2.675091259441609
5,8,1272,8.648033926567903,-0.8612365463782576,-2.640431704730339
5,8,1301,5.924421998745785,-2.394448743377703,-3.2276178387671326
5,8,1302,6.085602279341925,2.3419889175140147,-2.5114544786852333
5,8,1303,5.838817069421941,2.5056324005126007,-2.274848164809723
5,8,1304,5.247082072539578,1.60460039030621,-1.0946857961369638
5,8,1306,2.5779903763030725,-2.0154692229740583,-0.00055072110415013
5,8,1307,5.035881122334055,-2.004775037647848,-0.6700773545635341
5,8,1308,9.742186570346133,-1.6687998861287259,-3.0829246662958005
5,8,1346,4.637221570995799,-1.2776837151296023,-0.31221599804315325
5,8,1348,7.57750298629016,-0.09897697047850207,-2.676210715538203
5,8,1349,11.031947626852846,-0.05907278396697202,-3.5870414806754947
5,8,1350,14.377639923739665,-0.16879036100364941,-3.225578111090735
5,8,1356,14.649791678579971,3.61331582646118,-1.9941226173704147
5,8,1357,12.818557956864428,3.0702599421777603,-1.2537580818467617
5,8,1360,4.507994579735933,-0.1328228680341198,-1.2411560854857973
5,8,1361,10.907916639546954,-0.3868181632238431,-6.0510556097639245
5,8,2361,2.8150642077773704,-1.787680540768854,-0.7273090229153016
5,8,2362,5.698038396010215,-2.0762737959909146,-1.2214311797884165
5,8,2363,8.448970026341232,-1.4274711026695353,-1.4255277737310006
5,8,2364,10.864630475506948,-1.1151445392683896,-1.3506718586992215
5,8,2377,9.146494848220398,-3.7265698594187686,-5.811290880858303
5,9,794,3.3921984624027,-6.05048726002643,-6.7347411551047855
5,9,795,14.569514870750316,-5.598586263300734,-5.6053639048245785
5,9,925,1.7525115042074482,-6.808358748213285,-2.34392990677373
5,9,926,7.281673710025169,-7.219557431652669,1.680925828069528
5,9,927,9.467928451541257,-6.687909633198577,4.499960983588714
5,9,928,11.366446825986863,-5.919033204025272,4.018987356270633
5,9,952,3.0770329416689384,-0.14154487674877414,-1.920422853933684
5,9,953,6.424931118138712,-3.090447577187268,-1.1778525676020806
5,9,954,9.739033791188817,-2.4082746688873224,-1.0196763727928775
5,9,955,11.392227942677717,-1.1212570018394357,-0.5611996334483986
5,9,964,6.996869859241871,3.2109805947360606,-0.645781554391128
5,9,966,3.8846300598861516,-1.068921027511033,0.2108432968429759
5,9,967,6.9334525440497865,-5.751887660473359,0.829290636433932
5,9,968,8.118816230201823,-6.086200149442103,4.70164042623763
5,9,969,5.550334999901683,-4.163899802457539,6.7307409823181334
5,9,970,3.3499030037376554,-3.133191533002906,5.333568089452311
5,9,972,1.5005938312102463,-0.7940854516288163,-2.304660189228546
5,9,973,4.356211215901254,-1.648030366588069,-1.2271554708674115
5,9,974,7.904710887869061,-1.8451035301074148,-1.7139548245435499
5,9,975,10.206788075829916,-0.2548214486290754,-2.108985079747494
5,9,976,11.87569277598472,0.8579740712433679,-2.5473134228803587
5,9,979,13.28070044587424,-0.6097941807882263,4.061614398690858
5,9,981,6.748887536056455,-1.2911982062785028,3.387563957922298
5,9,982,4.305373247606483,-1.4634909273891843,3.285255358102944
5,9,983,2.929993444934197,-0.9674596620476805,1.843255996230927
5,9,984,3.8667920035947563,-0.9451191885168798,-1.0668970609159099
5,9,987,7.371725592656117,-0.4664795378724048,-2.0057252521233186
5,9,988,9.145530518596765,0.027631871640763195,-1.8747360147788332
5,9,989,11.640652006580629,-0.40710877495821496,-2.092886536878055
5,9,990,10.292190752019865,-0.6019156450522553,1.8957722258085723
5,9,992,10.664105465746335,0.5201661605418264,-1.295635406467615
5,9,993,10.987947962789127,1.0784625259503922,-1.558712339157934
5,9,994,11.109979960354169,1.2238442646660108,-1.4685978648632618
5,9,995,10.246965511060269,1.6813810857314633,-0.8748992808532917
5,9,998,3.390079698286294,-1.7015059382910946,-2.8219121193121115
5,9,999,8.012162426163746,-1.5416590620530546,-3.1310294300153165
5,9,1000,12.418153686316362,-1.3977943353274869,-3.0082530013863917
5,9,1019,8.880507586134229,-0.8101367751341686,5.145647387770511
5,9,1022,3.570467311065726,-2.065754553201159,-2.2425659584189055
5,9,1023,9.123570459903512,-3.235369155014116,-2.670820057180466
5,9,1024,14.532096268997906,-3.4230393781753428,-2.054483873152082
5,9,1032,3.500145189495494,-0.6711145300925765,-0.633234555033273
5,9,1033,6.834373295091672,-1.777073301177105,-2.814481813885597
5,9,1034,11.134470745741405,-1.7385163050924728,-2.734654993394197
5,9,1035,14.797133791100089,-1.6415321347157628,-2.0673318999802888
5,9,1046,10.789101947686916,1.9256430326192027,-1.4695363434548465
5,9,1047,11.905448848264307,-0.41840799447508337,-2.5312290716474792
5,9,1071,6.061263928999255,-0.9194017614899026,-0.6162897207689686
5,9,1072,8.218896684163203,-2.407550412567623,-0.5216064875796412
5,9,1073,10.771133545531077,-2.0658822387462665,-0.6941357331323155
5,9,1074,12.281155774892515,-1.0589102139879403,-0.5209888436877592
5,9,1075,13.605042314881903,-0.7931389766261024,-0.5631063357332023
5,9,1092,9.0149953534458,0.7473530188976282,-2.6986666954471104
5,9,1093,12.166537439313503,-1.314379115390446,-3.521155145974067
5,9,1250,3.1785890410123927,-2.1490988454328135,-0.004059492266296497
5,9,1251,4.547554537259388,0.9663800018811137,-2.346087989624198
5,9,1252,6.895058059190672,1.2629926413708463,-3.6212343686989223
5,9,1253,8.54441613034846,1.3606242628725214,-3.0119112699938837
5,9,1254,9.152214146313467,1.4040528372019492,-2.0200937078868084
5,9,1258,4.323466314976895,-0.4943131465422954,-1.6980071928498692
5,9,1259,4.486304817906666,0.5556486602849645,-0.8724821935876356
5,9,1260,4.92382067797116,0.7723897141559983,-1.287026281181153
5,9,1261,6.216553945767692,-0.16183997107386727,-1.4328315681885937
5,9,1262,7.906000688150645,-0.6808053739974058,-1.1341904648522754
5,9,1263,9.494776995033575,-0.6434937502054079,-0.9922770417144807
5,9,1264,10.837292070352287,-0.7283437581519119,-0.6586765428745409
5,9,1277,14.680870126159645,-5.091948703189545,1.6634798899747227
5,9,1282,14.497341717881927,-1.6868295290594981,2.227395345326931
5,9,1283,14.233402647321267,-1.6741980259448437,1.9364992385682163
5,9,1290,0.6106507809075729,-1.1736888811567427,3.5460416289543066
5,9,1295,10.759420440810565,-4.417188460559113,0.633212173143429
5,9,1299,13.147205517908413,-2.67885309118996,9.19328436006416
5,9,1300,8.844817128339201,-2.045360206311173,6.2567324015576125
5,9,1301,5.503760518236488,-2.6564173066089363,5.9347266543317625
5,9,1302,2.2478760955494415,-2.4244579091939458,-5.323968156981027
5,9,1303,9.237167072261874,-2.6272783175099566,-4.364745752351036
5,9,1345,7.806987089533685,-2.99689594014693,-0.10719378761405746
5,9,1346,11.742847281910498,-3.644718302733486,-0.7692989281159062
5,9,1348,14.59876159368742,-1.878154838226361,-0.4205451542572282
5,9,1375,5.724520423735255,-4.717388966726601,-1.6915092925065531
5,9,1376,12.789369274080894,-6.303690432054701,-1.4901217539148055
5,9,1748,3.335394672805592,-9.932155331578375,-6.7008948349412565
5,9,1828,5.790260597767304,-0.6030348061971185,-4.372789134572444
5,9,1829,9.97264781631192,-0.018193446938874366,-4.42754307262452
5,9,1830,12.300028341828636,1.8018155799432256,-4.209845754127753
5,9,1852,14.581274500531974,-4.183112562911197,4.080444912316658
5,9,1853,13.22443618556352,-2.127253261555497,3.4515504914033186
5,9,1854,13.110769104740587,-2.861905397621644,2.959918539261974
5,9,1855,11.763420882387104,-3.4886107231644043,4.8321107107070125
5,9,1859,11.775709317216874,-2.1359366480064805,-8.164635487272147
5,9,1867,4.4342190400595785,-4.38392360083792,-6.35584035303491
5,9,1868,13.95405000111359,-4.099087049350536,-5.531353258704206
5,9,2356,13.658045010960835,3.121752324923145,-1.0864642822768185
5,9,2357,11.717476951082842,2.7596410432618854,-0.8192345392973173
5,9,2358,9.882082678603824,2.537395076150606,-0.7096968966017235
5,9,2359,7.953456184720696,3.3841940620317623,-1.4556090887704363
5,9,2369,5.261826828775,-5.000029474276528,0.5687074181934011
5,9,2370,6.580763036987917,-5.873983772621431,4.5420272127683115
5,9,2371,6.145704422302428,-4.711656496276481,5.143946327965435
5,9,2373,7.177181584749487,-4.884250887054724,-2.8865342197788992
5,9,2427,1.939174993217874,0.6951859050883268,-0.691777585909291
5,9,2428,3.3837726416374063,3.7691387773498137,-6.2246099406821
5,9,2429,4.381971981937476,3.6135809224412876,-4.684041981386229
5,9,2430,4.67440643518212,2.7473949281199705,-3.1457127381089194
5,9,2431,4.5347878727182245,0.9569052502624027,-0.8942230979979854
5,9,2432,5.6261645999524585,0.695539095140328,-1.839285320286785
5,9,2433,7.710638760323709,0.4917425122502236,-2.5795657036069537
5,9,2434,9.443675387991226,0.34046866377097995,-2.0737147397671833
5,9,2436,10.053739204619728,0.21939653027097505,-1.145196918798165
5,9,2437,10.103415099684925,0.5465427751539409,-0.6043398586875742
5,9,2438,8.456037261385095,2.2604529867606113,-0.6223854769560366
5,9,2441,6.655800743638713,1.768864560787042,-3.4378819855351086
5,9,2442,7.98478917145855,1.4442445129028956,-2.8507089949412485
5,9,2443,9.03729907477518,1.628138974691456,-2.7283244212550137
5,9,2444,8.016251107370636,3.679513690736773,-2.6597948332956847
5,9,2445,7.17158408077924,2.2771620169975124,-1.442568925183734
5,9,2446,6.2593528650251695,1.9451480241915464,-1.040171246607757
5,9,2447,7.0993063579161815,0.23660412291896127,-1.0766420635759257
5,9,2448,8.21384862693597,-0.034413861666796594,-1.0810751569852992
5,9,2449,9.109947240967973,-0.2702829347767114,-0.6274207772769564
5,9,2451,8.485599352892832,3.555232961871436,-1.960765116520098
5,9,2454,9.479849458801803,3.951520820944383,-1.1412247329732446
5,9,2457,2.8548457943515197,-0.6612430180447353,-1.4821340332451363
5,9,2458,5.161665422346197,-1.3288342499980392,-1.2727964853057405
5,9,2459,6.204696256944796,-1.2706133987446098,0.138773064872736
5,9,2709,7.551762710427648,-19.647814259376492,-0.29382622632485594
5,9,2710,14.66003529560253,-6.838904906689881,-0.32830978771825925
5,9,2728,10.961797954616975,1.5208619159520136,-1.296516037650117
5,9,2729,12.685188129625457,-0.9201691184504659,-0.9963851007272875
5,9,2730,13.839481081970332,-0.6957297411626631,-0.5938190847428539
5,9,2731,14.46140030693555,-0.55486465387863,-0.18184033495060686
5,9,2737,13.52563877972711,0.9500272033700516,-1.8962802093968585
5,9,2738,14.842316003305871,0.24569518385906122,-1.5694805952006519
5,9,2749,2.28248790037397,-3.1978708939104665,-0.7855496287821087
5,9,2750,4.815690078172574,-2.5782419303297486,0.0443798780954926
5,9,2751,7.766068196849832,-3.1881334711155613,0.2345912527073979
5,9,2752,9.779711081290113,-2.298116277319976,0.2539925533922183
5,9,2753,10.17671295019869,-1.1585027322903554,0.7070694371411752
5,9,2763,4.007566954346884,-0.9201638734472061,-0.053293505172577194
5,9,2764,4.502938767083892,0.5771647592761423,-1.3150023038831622
5,9,2765,5.729777785442162,-0.03656834363910189,-1.4111968843001526
5,9,2766,7.020533864641271,-0.34033371544136365,-0.9963337174486662
5,9,2767,8.158939631501504,-0.5451047980171675,-0.5995975057265672
5,9,2768,9.032829393001942,-0.7357971972930879,-0.13924907953474677
5,9,2776,4.123786778886312,0.193787493601355,-0.8880675630976277
5,9,2777,5.068821101268491,0.7007931433804181,-1.6470157592037182
5,9,2780,2.625492389444182,-1.3070219461648174,-2.208806916388731
5,9,2781,6.984602553656622,-0.872025204819709,-3.6445463889814094
5,9,2782,7.892972648505797,-0.5519772207043091,-0.364162162106416
5,9,2828,14.825592855230994,-2.371251392040558,5.486621605582571
5,9,2829,11.243196043680111,-2.6211043333703388,6.1643061724074775
5,9,2830,9.017708507079368,-2.2221785546172628,4.447156871534066
5,9,2831,9.840620842378103,-1.9142374019953277,1.0910066789032142
5,9,2832,10.635993345941419,-1.3620271537440736,0.5661320302583026
5,9,2833,8.934588532133896,-0.6398486502277925,2.341106508092753
5,9,2835,3.2683349077576915,-4.810614282315415,-1.7052470711341918
5,9,2836,8.61676001772446,-4.149743159464133,-1.1987085033848217
5,9,2837,12.219548416901631,-2.613817620158602,-1.0001881106777986
5,9,2838,14.93461788408758,-1.8741730926804754,-0.8526387630411207
5,9,2929,7.082575939039219,-0.4742183810521744,-0.7895940554416776
5,9,2930,8.360692958539763,-0.1058352095272523,-2.5287450646123557
5,9,2936,12.663246626916713,-0.6163833672698764,-0.7192085605418208
5,9,2970,3.654132791992249,-2.0468692756915585,-1.1745264591025062
5,9,2971,6.71217627854151,-2.5954657365459797,-0.836060679057598
5,9,3023,11.147674713737608,-0.6495189798584612,-1.932105140548966
5,9,3024,14.867779720732427,-0.9362238826571279,-3.5936306279984556
5,9,3047,7.670538949967232,2.9876433529014235,-2.038969501881276
5,9,3048,6.6722784132158015,3.072962009021259,-2.093880130053409
5,9,3049,6.233445015146902,2.0668785123954247,-1.640178384799333
5,9,3053,9.294480582228948,2.095365014628252,-1.1926367860108846
5,10,1976,2.726885608273612,-3.855608997245047,-1.5291717784709293
5,10,1987,6.577026681498952,1.4188976275381928,-2.7045516404158767
5,10,1988,8.801155107969816,0.9487756179104031,-3.2606481147266964
5,10,1989,11.272666627851901,0.31672748081464835,-2.8253854375739467
5,10,1990,13.83461105151227,-0.016655941690437985,-2.5859770845289196
5,10,2183,5.094387642493396,-0.601038212641057,0.965235896199908
5,10,2184,5.346007293126216,-2.086120480237025,1.2700563028613254
5,10,2185,5.966084772535622,-2.5961610639859902,1.7506480251881942
5,10,2188,13.34703587365227,-1.818653315604392,-0.8425182789720904
6,7,5664,2.4277546331006805,-3.7404804221237233,-2.9889054465901097
6,7,5665,13.490481815830826,-7.340491417554627,-4.858976197459539
6,7,5676,10.914972662594188,0.12823276562026775,-1.1112112043396294
6,7,5677,14.232917596117634,-1.5750249990551914,-3.507491936314908
6,7,5694,8.516228742685627,-3.5851035320676186,-5.544872193693817
6,8,4319,14.308664163491091,-0.8811258759953909,3.5839339587396495
6,9,4315,3.5742324165970394,-5.619169623520371,-1.4196068273616278
6,9,4316,10.872516249849463,-6.395349798467771,-1.367193049211691
6,9,4317,14.94678087522655,-3.130188629786391,-0.9681396094955338
6,9,4862,11.375840365157947,-0.7198824662376035,4.264389752755213
6,9,4863,9.08890619426443,-1.3427953613810288,2.658009434130505
6,9,4864,8.1775040922169,-1.4910136339480649,1.482743898962802
6,9,4865,8.476657809761955,-1.16783650780793,0.3212883549188267
6,9,4866,9.124628241311578,-0.7856340588897912,-0.11053044698255282
6,9,4867,9.491071098120836,-0.5002897901758103,0.04669588938702118
6,9,4888,8.513490277742623,0.10360248985787411,-0.5796688129664426
6,9,4889,9.217117034505552,0.09546928568754942,-0.8638104973361594
6,9,4890,10.44971486929855,0.09092814167161015,-1.4055383503803487
6,9,4891,11.511660570628875,0.07609067147302166,-1.1823835885622662
6,9,4894,12.523472503084081,-0.03210898264787086,-0.8881221109110369
6,9,4897,13.575198268789986,0.3787055107023302,-1.6040425981107855
6,9,4911,1.5419642483827403,-1.3197094217287457,-0.24487478580846625
6,9,4912,2.6024076033078596,-0.9148584760666771,-0.21059931830320208
6,9,4913,5.624975266192179,-3.355826349733669,0.1230024854667867
6,9,4914,5.922585272981113,-0.5484134160268291,0.21802213404722753
6,9,4918,4.181215283754515,-0.5553680682382076,0.10251817051580919
6,9,4922,3.0170201788919457,-1.174504786728541,-0.005186159181904046
6,9,4925,4.195252935152233,-2.2970798067968685,0.23715902988997337
6,9,4927,7.541846007437194,-3.4032055004782085,-0.11477717781294594
6,9,4930,11.732158920842675,-2.698252115942856,-1.0140246158231334
6,9,4931,14.895410160529304,-2.15815671652826,-1.015485507675556
7,8,3022,2.132889527501647,-0.8759337621469458,0.9867526342136852
7,8,3023,3.6016184539567484,-2.196825162684167,0.7091851411729915
7,8,3024,5.262316096820172,-2.05415664551495,0.3885648460593585
7,8,3025,6.8776734373257025,-1.6684116653905643,0.050696518641375116
7,8,3026,8.890820458209753,-1.7784468323454032,-0.23516580151944258
7,8,3027,10.7436366400717,-1.4670130028698194,-0.38668836938427215
7,8,3028,12.643524985044634,-1.2098912854883093,-0.6959191599781676
7,8,3029,13.136915438557674,0.12318327274734758,-0.6166619893103742
7,8,3030,12.209134313854875,1.484618713014339,-0.5586414394117653
7,8,3031,10.970693822905032,1.8239462383547718,-0.5909580387502076
7,8,3032,10.312773484005342,1.3535256216517584,-0.6990803319509381
7,8,3033,9.833699193753132,1.390242010863888,-0.9157725795435314
7,8,3034,9.350333565183506,1.5925881711427206,-1.1110782565032125
7,8,3035,8.703933951815825,1.533937766273186,-0.8875409013882292
7,8,3036,7.973106676884229,1.2835180105720834,-0.5526914492106486
7,8,3037,8.129910192056062,0.7144235006923585,-0.8867276426368655
7,8,3038,8.437763478697443,0.4610288523383448,-0.7839140317223433
7,8,3043,5.081555528039384,-0.6802380526826012,-4.217292391587284
7,8,3044,9.635860507062624,-0.3049639787707787,-4.26124628994129
7,8,3045,13.723689011735729,-0.15536461104387522,-3.9358189510576818
7,8,3069,2.930532244928739,-2.0030737426428717,-1.0378828828242266
7,8,3070,5.285440801087002,-1.4072737487941356,-0.951146869345075
7,8,3071,6.2132108410571965,0.07840170799439382,-1.0071870752099281
7,8,3072,6.673987289128051,0.4342175962030436,-0.8956664811821534
7,8,3073,6.9777671291844685,0.42363913367212946,-0.7274209851262836
7,8,3074,7.111823142063256,0.4141692718856704,-0.5484849502244973
7,8,3092,2.9599616511889164,-0.5556183585965585,-0.1101269400341914
7,8,3107,0.5914990000267438,-0.5692172773322293,0.16227153700226282
7,8,3111,1.7248417924096406,-0.7808262405245066,-0.04593464621479153
7,8,3112,2.5728840035870504,-0.8796715181968989,-0.06055511692670857
7,8,3113,3.128416676772108,-1.0236893985778441,0.3114187749469077
7,8,3114,3.557612730431514,-0.8853958119447342,0.4254522522869537
7,8,3124,1.739108852004899,-0.6705422762211904,0.0028384687404851977
7,8,3125,2.173300371766987,-0.6414694778615666,0.1752261153236384
7,8,3129,1.3205972066592806,0.5020842770202602,-0.7125031803549862
7,8,3152,5.539442740436522,-1.0421089632821463,-0.1382891276309263
7,8,3153,6.8913007236214625,-1.1344532909199574,-0.21801553503292082
7,8,3154,8.322712228040858,-1.0348568610450368,-0.3982814262022562
7,8,3155,9.431639950682861,-0.8520648310698757,-0.25731250021298707
7,8,3156,10.179075424765813,-0.6407553417260292,-0.10668066379630547
7,8,3157,10.784902282081056,-0.5448707027410039,-0.0609700587819019
7,8,3174,2.9475402381118236,-0.5674684267352976,1.1800675026530598
7,8,3176,3.904992039065825,0.33816152331506366,-1.3190427477921813
7,8,3177,4.895892283886885,0.7952932377659458,-1.9516406354801616
7,8,3178,5.963808991619766,1.580780873875978,-2.7749622785124917
7,8,3179,9.153682427251738,2.826229370735714,-6.826641052788927
7,8,3180,14.652704666235218,2.3796722452668444,-8.145035027443297
7,8,3194,9.438366795303843,-2.0870334825640193,-0.2625694393408277
7,8,3196,9.247383116128931,-0.5249505273208582,1.1092821494146723
7,8,3199,2.033794150076497,-1.8139243400183718,-3.1188226053056893
7,8,3200,5.187947518685848,-1.4931581931570301,-1.672718291722589
7,8,3201,6.84100151692828,-1.6363298155086197,-0.02232297788247914
7,8,3205,1.4867036346563198,-0.7676299701612598,-1.1913423892262343
7,8,3206,4.162743183319757,-1.0303833889399465,-1.6757794562184456
7,8,3207,4.837833649540217,-0.6905920635695536,0.009057429458183646
7,8,3211,6.37632563775216,-0.6653568191383259,-5.972028801670941
7,8,3221,7.274962513106117,-0.09212116272971412,-5.807125808479816
7,8,3223,11.12518798575592,0.5696400146451264,-4.846708094890403
7,8,3227,9.083153093864626,1.2919553110215058,-3.8276538044916024
7,8,3228,12.193876225163502,0.3123452966326002,-3.5140832982026726
7,8,3248,0.38711065484104756,-2.810568082649198,0.3639752046782556
7,8,3254,1.2031862763862442,-3.3488639654203047,2.8838683029355137
7,8,3255,1.201857586594638,-2.9111288079842748,2.905645390566803
7,8,3272,10.151107615514091,-1.696671520415921,1.602857520268883
7,8,3273,9.989657474543424,-1.4573707281028885,1.5926222239533019
7,8,3274,9.051712405021787,-1.2716193286161792,2.197767109525848
7,8,3275,9.668279384808946,-1.3335880138715974,0.6650993125745398
7,8,3276,9.706685415187668,-1.3976614465498185,1.3508037146752019
7,8,3809,6.509428863993421,0.4505391286161269,-0.5094313493404293
7,8,3810,7.737484672781411,-0.7863944600573732,-1.2890932098845098
7,8,3811,10.322291837684888,-1.0919525398108652,-1.8055039878766284
7,8,3812,14.059492771895677,-1.5513000958889838,-2.219229906881066
7,8,3962,13.090068312635236,-0.6906750943476685,-0.06434438164548131
7,8,3963,14.240347991478446,-1.1973720244659196,0.04608538848533432
7,8,3984,8.407140603195863,0.15882772065514325,-4.59283534042341
7,8,3985,12.173972978341983,-0.3221911136746998,-3.445116663737445
7,8,3988,9.32753680292341,7.946670170437413,-5.928085251706762
7,8,4009,1.8828784790602995,-0.06740547444163426,-3.6924162593937417
7,8,4010,8.2052327831607,-0.16547872923133855,-6.1810097058425555
7,8,4011,14.937604409370367,-0.21356795125832456,-6.521470497949171
7,8,4129,5.89448387675151,-0.8158697912697644,5.228797361450763
7,8,4131,3.144863335401424,-2.1829150616601276,-2.630958083236817
7,8,4132,8.286601651942126,-3.5229205413526747,-1.6207451666610786
7,8,4133,11.354187132444656,-1.8121876127126872,-1.255923711397374
7,8,5345,4.852339363418079,-0.43271479876507635,-0.7791001598912534
7,8,5346,6.4288525600050725,-0.3618758942451221,-1.4517669412989964
7,8,5347,7.74641764659888,-0.02014345858280875,-1.3295612690531464
7,8,5348,8.31415892016386,0.3502815458700448,-0.9778150737064901
7,8,5349,8.481112216299328,0.7032491475954964,-0.8918198404454449
7,8,5350,8.51280377942788,1.030607624730224,-1.0747556927991253
7,8,5351,8.305722447945849,1.603694794210099,-1.3982851845003472
7,8,5352,7.91277944271331,1.7412399991594878,-1.34837800658192
7,8,5353,7.237710714041731,1.6146851929772095,-0.9397808914973034
7,8,5354,6.52960737915953,1.4998832921130363,-0.7931469113240752
7,8,5355,6.1266095802987515,1.7140995680855997,-1.5073938707470784
7,8,5356,5.468415016608346,1.9011127392348173,-1.2891286250057337
7,8,5357,5.914499430619384,0.14404459903862865,-0.8479442933348191
7,8,5358,8.92767181415627,-3.025807309418978,-0.6351838093304224
7,8,5359,13.08791943818367,-3.5664240568448085,-0.8030430352710246
7,9,2721,2.202529455897413,1.3729430813937356,-0.7924033766997988
7,9,2722,1.9430575767688332,1.1224026592361402,-1.0584462882746681
7,9,2723,2.060869507741825,0.3741731699134669,-0.5389198965971609
7,9,2728,2.9134116639899714,0.11974462628693201,-1.0299565119081342
7,9,2729,4.4339703544507065,-0.7627255724071346,-0.8065550284551696
7,9,2733,7.324591323307565,-2.2136294256108537,0.5578184543646016
7,9,2736,8.694769915357774,-2.1608934034788763,-0.4833664452780303
7,9,2737,12.459806798560312,-1.9215309249335029,-1.8471010861645234
7,9,2738,14.938296890524459,-0.9861499914742866,-1.4999081934672682
7,9,2750,4.26586978106597,1.0590075182520102,-0.7875311410511214
7,9,2751,3.8534341537128896,1.3345320786319543,-0.9804016427199539
7,9,2752,3.5010094947385935,1.4576301586410207,-1.1599012952307035
7,9,2753,3.417432782065542,1.3102323255476591,-1.4270928076534017
7,9,2754,4.452498027241307,-0.5943190138993657,-1.0120265723418367
7,9,2755,5.16837168159374,0.16037446056217775,-0.9323147653245171
7,9,2769,6.624585392911298,-0.6631339463796759,-0.019218582380388094
7,9,2770,7.398962988049374,-0.983680179402782,0.16769831330355245
7,9,2771,6.728604740803147,-0.8439709097636474,1.5060675732103204
7,9,2772,5.906366424294578,-0.6828669581234731,1.4997268902416594
7,9,2773,5.333567946691704,-0.7615647504459913,1.3335944709359513
7,9,2774,4.666526356625255,-0.854508431584018,1.518587548680362
7,9,2775,5.042509965357247,-1.2773009442946275,0.8589058235342215
7,9,2776,6.218750039135658,-0.45647477664066527,-0.7206466886410211
7,9,2777,7.4127219440108565,0.2749129595588146,-1.4726883637541555
7,9,2828,5.147909356381009,-0.6409721785278939,2.0334071998573204
7,9,2830,10.96810578512488,-1.3002745019796604,-3.7740808649677793
7,9,2831,12.497725669556239,-0.7753016843298581,-0.754771350791843
7,9,2832,13.489071712006055,-0.8567364135336202,-0.13586152011000763
7,9,3627,6.7990561032360075,0.3018127716723292,-0.7122619888007722
7,9,3628,7.652355549757155,-0.17573397766506385,-0.7534401073256782
7,9,3629,8.555562713008541,-0.25006766555742077,-0.6684051888046613
7,9,3636,7.882443067377181,-1.57107813425844,0.50428768394661
7,9,3638,6.161467041399319,-0.6722276269044248,1.1733997522073494
7,9,3641,3.5895788883964426,-1.0730256176870248,-0.02512149807969749
7,9,3642,6.340283298442639,-2.7631070606348294,-0.652912316131504
7,9,3643,9.61887565640431,-2.409570186638024,-0.990669124116238
7,9,3644,12.47181784255727,-1.9702942649663373,-0.9185498423256303
7,9,3667,0.35547142077463956,-0.20296787300020852,-1.6358667039468517
7,9,4140,5.8744153979594795,0.9550122524614408,-24.122249521700557
7,9,4141,10.118998747560086,3.294385093143,-7.603608220027299
7,9,4142,9.985371403740043,4.876993975030534,-4.772683152753319
7,9,4143,8.890789001663606,3.970182591286805,-2.8971871832750096
7,9,4144,6.511875605121394,3.276936786825032,-0.9667797601180861
7,9,4146,2.2566875359866923,-2.434377228977301,-1.9927699053963353
7,9,4148,8.93190284868956,-1.782729388698432,-2.949664973012254
7,9,4149,14.021430791678458,-1.4862297015291352,-3.6059193162174754
7,9,5106,7.169132698103935,-0.3749235273475382,-3.122057031473432
7,9,5107,11.04734166332398,-0.250136019974658,-3.74297505439542
7,9,5176,3.33093718631002,-2.754998917146183,-2.3053139775933578
7,9,5177,11.9484846494365,-3.6479457386487746,-5.778225847332643
7,9,5195,1.754480369635542,-2.0895377517186815,-2.183205994646686
7,9,5196,5.9761903351780425,-2.4116201313111376,-1.9871566133171306
7,9,5199,3.1788555675389234,-1.5664533667463043,-0.046986298815009236
7,9,5763,5.315587450796781,-4.022628320906174,-8.4348018021768
7,9,5782,10.895686046804656,0.15695371140235184,-1.2350361757020434
7,9,5783,11.76759377463854,-0.00833171209401818,-0.9305447086451557
7,9,5806,12.746004286646299,-3.687236428498476,-0.1383700162948166
7,10,3289,4.6537581465053,-3.6669139084050335,-0.8559510646075801
7,10,3290,8.438544516713014,-3.185967281675538,-0.6161334754278286
7,10,3291,11.536510488579063,-2.626819134941925,-0.4889994245150716
7,10,3292,13.885246490168797,-2.130302604222197,-0.23569395199157128
8,9,544,3.874192685306674,-4.541306338024844,-0.9631967613839387
8,9,545,8.84409496886702,-4.361446352635213,-1.0941257066926315
8,9,576,2.0311887232037606,-0.7684012987733146,-1.1647807864038473
8,9,578,6.1253045580676995,-0.3385953803061005,-3.9489993214944947
8,9,579,12.38654914154312,-0.8697840618820061,-5.481296388072092
8,9,590,5.411289442031099,1.1455407223681089,-1.1827259447723175
8,9,591,5.190757147617715,2.2668494049612087,-2.08196575765929
8,9,592,2.9183794526224704,2.9381295970452275,-0.6910430095914393
8,9,594,1.100878509129194,-2.2166576715214465,0.7985505018350847
8,9,595,2.496444360905885,-2.1086587389324487,0.6525005362286389
8,9,596,3.726468870581686,-1.6921516370403848,0.4507028546163512
8,9,597,4.738924518964833,-1.0319637195052866,0.015592250440082916
8,9,598,5.550062333177939,-0.7620751814658946,-0.04910550851495682
8,9,600,6.907403579466294,0.8675845206235697,-1.5398477224951554
8,9,601,7.074115576824002,0.6482850621932271,-0.8158136713526699
8,9,602,7.169947469030597,0.7023333225027134,-0.8009281323442289
8,9,603,7.084392135824777,0.6543063178429144,-0.5697258948064647
8,9,604,6.927335130860133,1.039239777622766,-0.8890153721600114
8,9,605,7.272856285137703,0.7240084293168323,-1.0756657091405208
8,9,606,10.502317171282094,0.6116215024247027,-3.8635829543185656
8,9,607,11.079221971335443,3.0502326869796126,-3.690214851461839
8,9,623,6.061638634358873,-1.1860792637701802,0.18987117149976626
8,9,624,7.750151547914878,-1.2129204054295621,-0.5337903591683777
8,9,626,8.370591437291212,0.166094328593839,-0.5852212184834972
8,9,627,10.099191296936166,-1.5257102302406054,-0.2522378972922993
8,9,628,12.545752556012955,-3.193639594539021,0.6542684342966321
8,9,629,13.459578920053671,-3.0035022089809216,1.9994069304680164
8,9,630,11.973499338686047,-2.5815574152723153,4.055624428410932
8,9,631,9.36383179214133,-2.2116804923863835,4.815430899513691
8,9,632,7.028182942980247,-1.7627029880702807,4.091825436726829
8,9,634,3.8022618490833997,-2.43112921525319,-2.9350849090385216
8,9,635,9.377448613759654,-2.439694356324223,-3.245669470580393
8,9,636,14.541069005783246,-2.197224361560265,-2.9710352842557994
8,9,652,13.888299118567744,-0.6001848254315701,2.68069975745134
8,9,656,7.326009325092256,-0.89017411141018,1.764640339768376
8,9,657,6.363641374208376,-1.0387216788147715,1.9802990995582768
8,9,658,5.734031427698263,-0.9257197851363845,1.5308384318102548
8,9,659,5.230642538943114,-0.7686101147459234,1.2621223432929338
8,9,660,5.133810873973677,-0.6073591965163789,0.7012726814933896
8,9,661,8.860777936822757,-0.5060182295497208,-3.5725944557391243
8,9,662,12.812519126574218,-0.2876687422750213,-3.7340671897858115
8,9,782,2.3577033502656954,-1.1154276565663332,-0.09040576356605212
8,9,783,12.653467110799923,-2.0194064284550612,-9.246993961508913
8,9,943,6.378511520615449,-3.734027965949766,-1.4352824228993377
8,9,944,10.491219137516087,-3.7398157294896324,-0.5953692835454065
8,9,945,13.491024424690014,-3.213896618535345,0.15828301167619455
8,9,969,13.324974221901838,2.8212760431890693,-2.319471231249034
8,9,970,14.877465096120003,0.319664005293101,-4.705549625161567
8,9,977,13.375219859312178,4.324473778530288,-1.3899576705386418
8,9,978,11.111901942885043,3.650389974084888,-1.5258316482420358
8,9,979,9.164883973773616,2.7424215641334118,-2.132007518630035
8,9,980,9.813496679604963,0.9673215463498639,-2.978411508474481
8,9,981,12.408391230937763,-0.04568598988604777,-3.137901103458982
8,9,982,12.188959060255387,3.684194327124917,-3.587286327745596
8,9,984,4.5626578950073515,-0.65765434288883,2.097479091764649
8,9,987,14.744472785264795,-4.3401470821338695,1.8858163659935827
8,9,1009,12.491906787928531,6.381976715330021,-0.5677360903759912
8,9,1010,7.329752707902108,6.058075651013218,-0.9602780855380033
8,9,1012,4.150681014083461,-3.395985599473725,0.23701114564947465
8,9,1013,7.496792088426614,-2.8045634362034204,-0.8606479650198294
8,9,1014,9.5097595500328,-2.296360502051078,0.20345629263760448
8,9,1015,12.413517224278975,-0.7335773000961691,-2.2728295764638125
8,9,1042,7.163831386997664,-0.6720675478540605,-0.9910240044485399
8,9,1044,5.999218784206522,0.48471739687455023,-2.8566890691310665
8,9,1045,8.43440069319071,0.1113802557986066,-3.1661784013248533
8,9,1046,11.716629230589806,-0.33854509392961196,-3.1032408492865287
8,9,1096,5.636250163183804,-7.241461676182678,-0.6299877296297691
8,9,1239,6.388263054641403,-2.589238598696784,-4.854311232747059
8,9,1240,11.675238303613828,-1.1254005009032013,-4.162296361772958
8,9,1253,7.0193539525491415,-5.0274616786568345,-2.939124423623288
8,9,1254,12.967506644880753,-3.953199636772136,-2.0008631838877213
8,9,1258,3.444425938152108,-2.326915302855876,1.415166721574298
8,9,1259,5.249837020690524,-3.3576136260167804,0.8790927013360987
8,9,1260,6.883091872142679,-3.0683791505884557,1.2696302000564037
8,9,1261,8.117629596965715,-2.97843132821761,1.6931283809559385
8,9,1262,9.09362722480386,-2.523583582171349,1.5194648431655455
8,9,1263,9.83892921212019,-1.9405889550250697,1.1686979672155697
8,9,1264,10.899837388535914,-1.767681294156041,0.6948415195687693
8,9,1266,9.368837786810419,2.0214049734946595,-1.0017729865228404
8,9,1268,6.868393516471567,1.516104929910225,-0.6335077405267778
8,9,1277,13.595694962475543,-1.6291081897847823,-0.40313030601307676
8,9,1302,8.173426720795359,-2.541883253736801,-4.992525142584661
8,9,1303,14.689085711987385,-2.302073463845745,-4.2511486402880685
8,9,1313,1.8042943981889707,-2.407596760802531,-2.7220675276404256
8,9,1314,7.605928813745646,-1.9292792398098966,-3.9096166559083296
8,9,1315,13.814648870448696,-1.5599820442452081,-4.659726817206135
8,9,1343,12.958894264954683,0.8681724506935984,-0.9406425078889811
8,9,1344,13.148475988184467,0.39802911512691463,-0.6287633603500842
8,9,1369,5.396596664702674,-3.4144343445012817,-4.208184388273457
8,9,1370,12.532402983298857,-2.4837393670720385,-5.163361781088367
8,9,1389,9.717249618582645,-0.2700873404404417,-0.522393225238228
8,9,1390,10.548617580237607,-0.4092702533614473,-0.5363190572370193
8,9,1392,11.492012151596757,-0.5008705045887027,0.13399628322024246
8,9,1393,13.161547771627069,-0.7414522122078976,-0.9398564261423784
8,9,1394,13.967464271866445,-0.31986963432358445,-0.5045078896042573
8,9,1395,11.892444145353934,-0.7818562868312529,2.5528771352198665
8,9,1397,11.721466327169843,-0.7910759582618699,0.5608352411846309
8,9,1398,12.73745222535322,-0.7792561773001807,-0.9426155235925762
8,9,1399,14.662062370755267,-0.622476128391533,-1.6880682678144951
8,9,1414,12.54498420309067,-0.902589965213418,3.7454385487774493
8,9,1415,10.29875903375562,-0.7680090406511453,2.9965495399533264
8,9,1449,6.191200805275651,-6.945778809476935,-0.6479430157987325
8,9,1475,13.230051311518503,2.197128572775694,-0.6197081256066136
8,9,1478,6.4124988769980105,2.7737206111219153,-1.2114728875963383
8,9,1479,7.4472822991316185,-0.03676733407615329,-1.0384133870629744
8,9,1480,9.38410645700608,-0.8457060751668266,-1.129565008096327
8,9,1481,11.635215485292727,-1.0531515446104152,-1.2256486959524966
8,9,1482,13.909055416665868,-1.2325558860007637,-1.0565790022473573
8,9,1494,5.542462527773671,-4.1193683847415645,-2.151682912040733
8,9,1495,9.896891136437954,-3.153731652961386,-1.2007971971988107
8,9,1499,13.706918900867311,-2.931855400133306,-0.46212933199710216
8,9,1505,11.689617553485729,1.3712354108559999,-0.9201399025619375
8,9,1506,11.174233599110842,1.3937272399678746,-1.0322994826144658
8,9,1507,10.785803314256656,1.240398348683058,-0.9765235185617562
8,9,1511,5.638937404828126,1.6348531354551568,-0.6550620686895188
8,9,1512,4.2407011242454615,2.0885900330605507,-0.7202815728662607
8,9,1513,3.163872611493586,1.8710103265326654,-0.8756656375519936
8,9,1515,2.7818110703298644,-0.4108015458106728,-4.098132658091057
8,9,1516,7.402892173885129,-1.0126694141869794,-3.6137295702989185
8,9,1517,11.405548562424228,-0.8900055644331416,-3.113084012294688
8,9,1518,14.063357052200962,-0.34469863092706127,-2.313110285821248
8,9,1521,14.549596912049521,-0.16498610731641314,-2.3110665513037505
8,9,1533,4.187820105547269,-0.7014301275226588,0.5825923257000452
8,9,1534,4.153746523461624,-1.8450694312209643,1.4966276021433769
8,9,1535,3.6469713621938484,-1.1300354992705606,1.5894823364203146
8,9,1536,2.0082338295395714,-0.5613749946529412,1.023051705359621
8,9,1538,5.30557355270656,-3.8649238147462706,-0.3952927590765019
8,9,1539,9.892668114126241,-3.924412443066863,-0.6659350622356898
8,9,1540,14.238685158982145,-3.440310608947675,-0.9085093097136903
8,9,1544,14.122205967669714,5.336884232703631,-3.2144243214251373
8,9,1546,14.919594542900436,3.8155455650003764,-2.051557243310906
8,9,1547,13.067599281811297,3.4769710476591555,-1.6304891493794926
8,9,1549,12.148575285385231,2.7771061555071914,-0.7207161455169179
8,9,1550,10.641094508287127,2.080141466500838,-0.5941131576874814
8,9,1560,2.862100771830533,-0.6027192773043639,-0.3628867818143807
8,9,1561,3.8157383398983624,-0.7551770032961083,-0.38006489878991506
8,9,1562,5.033097540626914,-0.7087333592524118,-0.5798252313851238
8,9,1563,5.641012979443895,-0.003814449453244495,-0.6705898600991886
8,9,1564,6.230357705251166,-0.013713010777988088,-0.6097964455863268
8,9,1569,7.887586178593105,0.016675021708041915,-0.855187745163526
8,9,1570,8.673830602949074,-0.052738457333873334,-0.7337869809871939
8,9,1571,9.19891874303571,0.0503533814037222,-0.5755674562411444
8,9,1572,9.696458178595897,0.10029047956075154,-0.5992525168382572
8,9,1574,10.247500235805385,-0.01081276700130318,-0.5681119943396883
8,9,1575,10.939389942007896,0.33471240353304854,-1.030556700699766
8,9,1576,11.751925568596356,0.7899746635721862,-1.6032455697467343
8,9,1577,10.993509279071256,2.566215191388686,-1.817575783501
8,9,1578,9.812170327963692,2.8794046623681853,-1.699939318982925
8,9,1579,11.480013912967875,-0.3679871291716116,-1.30363003987546
8,9,1580,12.87732017908857,-0.541935222926327,-0.855702495986723
8,9,1581,13.948459179603965,-0.36782301345391943,-0.7034986260033012
8,9,1593,4.0696070381638245,-1.9651216797244884,-2.0479995335568897
8,9,1594,8.756656281999796,-3.018376982913111,-1.8295112071207948
8,9,1595,12.841927221871382,-2.525389681046931,-1.5823920614785916
8,9,1599,12.419731333544561,-0.5873488375955441,3.9609086221508623
8,9,1601,10.458992846547128,0.6276757340680863,-1.1634165419657754
8,9,2060,5.397818552530164,-3.5554239897185296,-4.450389786107542
8,9,2061,11.71797988097754,-2.5145116096866102,-3.8097250357995947
8,9,2089,7.1969032127604615,-0.6574425218255714,-1.2141625773012235
8,9,2103,2.7940016823015332,0.20030218715506992,-1.2835312740234541
8,9,2105,3.0074297395248775,0.4272018354072086,-1.47206299265684
8,9,2107,3.2285555877222465,1.574213493987267,-0.790020018751943
8,9,2115,10.416493913704539,-1.64158488194323,-0.24246136986786107
8,9,2116,11.98258322277431,-1.4802139152163358,-0.20043791309381134
8,9,2117,13.829856803461926,-1.7531840633881874,-0.13043217249629274
8,9,2231,0.6762943529142913,-0.5828573496431192,-0.7315869833343481
8,9,2232,3.111226937929904,0.45732861690398485,-3.252037110756628
8,9,2233,3.637088110335788,0.8082876645658268,-1.334777825481269
8,9,2236,4.035543404315178,-0.10822294094980264,-1.3178098373757168
8,9,2237,5.980077311307599,0.42530060446262824,-2.445562751857481
8,9,2238,7.135425760462568,1.0580642466627084,-2.232869178245056
8,9,2239,7.623389046314698,1.043455310447903,-1.53335974799481
8,9,2240,6.74042212891691,1.6785146908643416,-0.7957050836716202
8,9,2242,3.596493612928302,2.1577694032051498,-0.6848441037657035
8,9,2243,2.566084266922796,2.0211008894388796,-0.9909763548938368
8,9,2248,1.955923100900261,0.5428373895086896,-1.0292779281680542
8,9,2249,3.0292220252484348,-0.27583921337300527,-0.8405614896470373
8,9,2250,3.41880526779137,0.24496531909549538,-0.7603297777719408
8,9,2251,4.923882146084247,-1.1498638796270308,-0.37970768942065825
8,9,2252,6.07850018942909,-1.9303658285382066,0.7504781560802792
8,9,2253,8.840476539459864,-4.693167235198718,1.7830908889944583
8,9,2254,8.685882220751465,-5.897362855218682,6.046734806927858
8,9,2255,7.445527293689526,-4.7114255244105285,5.946846552978993
8,9,2256,5.198447407763964,-3.3970113274973244,5.631455382030261
8,9,2257,3.0553661065941826,-1.882655282957824,4.0147756475552585
8,9,2258,1.1428991487352267,-0.6171548255644108,2.2534726731780705
8,9,2259,2.772863687945402,-1.4604822305928533,-1.8799351957441497
8,9,2260,3.3633664113518655,1.3425470584006876,-1.9470034630185735
8,9,2266,3.5266142288457822,-0.7188229277909768,-5.414498469438343
8,9,2267,5.539930489787315,2.405470648928719,-4.435032491096331
8,9,2268,4.020059322519444,4.171612377157138,-2.688237888177053
8,9,2269,3.1823465000841895,3.564996140641017,-2.7450973827413945
8,9,2270,0.900699880539803,3.0428806428138557,-0.892634575268078
8,9,2271,1.7199444746973902,-2.406275625285506,-0.16443919532278373
8,9,2274,4.279125356816606,-1.6984822688748262,2.890787308528883
8,9,2284,12.079688052267961,0.7750238056000158,-1.1602192809436327
8,9,2285,12.428171060931057,0.5650512802326835,-0.9870569888983437
8,9,2286,13.206390577691066,-0.0012627828540084929,-0.832643316685117
8,9,2287,11.165415235213565,2.7900194041800983,-0.7493584640496415
8,9,2288,8.912763184668021,2.8389525800839537,-0.5863238120460578
8,9,2290,5.021950298256263,2.610876700943078,-0.8277440932200626
8,9,2291,3.2611807727924544,2.839825820087236,-1.0794788403039068
8,9,2292,2.420195736690769,1.969052651124018,-1.1297066953633956
8,9,2293,1.783962214541863,1.660549076735521,-1.0314207327143459
8,9,2294,1.0613364146776438,1.3443644292546675,-0.622083256459281
8,9,2296,0.4540405016132364,-0.5725313574662084,0.15492046000530996
8,9,2297,0.8649936509880755,-1.0839077716696286,0.6174641148092656
8,9,2298,1.145525095840723,-1.086674014135272,0.7925582981424871
8,9,2300,0.24897009236296563,-1.1510931059342968,-0.018429355480295395
8,9,2301,1.5261955064201562,-1.2993890502753735,-0.009457503974976605
8,9,2303,2.468196716510356,-0.7291736775986165,0.2116821994032893
8,9,2304,2.866394170353962,-1.4764393826396025,1.0562868385450672
8,9,2305,2.506503972753745,-1.3633144530853085,1.703886233534188
8,9,2307,3.6647935428238907,-0.4500394787559272,-2.8378789244218674
8,9,2308,6.502269665380235,-0.5731295744542612,-2.2861356500883394
8,9,2309,7.792679603164788,0.38176548536960786,-1.6860173585368434
8,9,2310,7.309048275881392,1.6047823290398047,-1.144230995862417
8,9,2326,1.737732178089794,-0.9508563425354134,-2.079333257090898
8,9,2327,3.641802607803504,0.19462807138994934,-2.158773536408459
8,9,2328,6.037296432794577,-0.46385928611536587,-1.9321620783521505
8,9,2346,7.315122404733786,1.2949005439433408,-0.6602263903064359
8,9,2347,7.010747437189841,0.9580734811871741,-0.8175512322452572
8,9,2348,6.76907396003281,0.7583756930554406,-0.5741204304014326
8,9,2350,6.885771956599933,0.4885896516208731,-0.6828681041930267
8,9,2351,7.87070951728266,0.217573843802634,-1.2025177746892322
8,9,2352,9.506788542497286,0.028602072495596043,-1.6662106532560026
8,9,2353,9.369367867786158,1.4638650216325682,-1.3277190289843
8,9,2362,6.235025622917245,-1.5681854162660003,-1.3567614948085684
8,9,2363,9.171500473615733,-1.6458809126992633,-1.3613360098609188
8,9,2364,11.728076449501804,-1.4447200163551135,-1.1273202328622431
8,9,2365,13.347625129696226,-1.0211994060304639,-0.6027917537431748
8,9,2366,14.135115428042209,-0.5449120302929007,-0.24704237632290377
8,9,4138,4.853528026327919,0.07740111044335929,-41.41601115478219
8,9,4165,6.049849160679099,0.07810154014243152,-2.792985437464157
8,9,4166,11.5726723494234,-0.11361139594066054,-5.409946383319491
8,9,4178,3.985991569868129,0.028765395007820493,-0.5600863902689622
8,9,4179,4.617509922050506,-0.04165513535273749,-0.6432883046273733
8,9,4180,5.6773107221075225,-0.10807575450879872,-0.9874020015796238
8,9,4181,5.02390920136272,1.7231801142685654,-1.0903724318084709
8,9,4183,3.084957669136124,-1.0205335568597116,-2.5772245729403043
8,9,4184,6.3790801525885295,-1.0022278346970428,-2.3248283218572947
8,9,4185,9.455152076579141,-1.1142224009480934,-1.9728391575691353
8,9,4186,12.18353048958728,-1.118924831757151,-1.6152428195395294
8,9,4187,14.37769821208957,-0.941610789352451,-1.255312139662844
8,9,4196,13.011761375114306,-1.393975328870643,0.20099947439924273
8,9,4197,14.178463808352141,-1.4172501011717367,0.22680969684335742
8,9,4208,14.187775023050053,0.9235011463374606,-0.6374329645532062
8,9,4209,13.862765678773126,1.0126487431899898,-0.6883029281968994
8,9,4226,10.163285787406691,2.8129060755093422,-1.6764912265094387
8,9,4227,8.853849179125907,2.6540897837341295,-1.4040763458765815
8,9,4228,7.709164542618961,2.400275724535453,-1.3617857491359044
8,9,4229,6.831884214371891,1.9528175158235617,-1.1952505429407272
8,9,4230,5.868280005987263,1.6669006740493584,-0.7808966561443352
8,9,4237,0.8308843123422058,-0.7585540208199827,-0.3226262596722007
8,9,4238,2.1200322193986127,-1.160867141318496,-0.19064098390160272
8,9,4240,2.65360291091424,-1.0507363272760495,0.6094067619130042
8,9,4241,4.197068048672992,-2.6380944048802797,1.094438490283806
8,9,4244,2.5525762500247247,0.499051274888944,-0.8138943920717876
8,9,4245,2.972414943166072,0.2060906328804146,-0.7635838622695272
8,9,4246,3.4044657178061994,0.10939098154293675,-0.5965190621904135
8,9,4251,1.4403354401285897,-0.6240152330614257,0.03062340641776304
8,9,4253,5.713718629607764,-3.9404448792464546,-0.7196835709864258
8,9,4254,9.561229548472676,-3.3709472417426865,-0.4944142880540482
8,9,4261,1.7491321917290839,0.7159430923076171,-0.8711204324607338
8,9,4264,0.6073849573134141,-0.5598522221592226,-0.06932469891638793
8,9,4267,3.074282724457028,-3.1422155516636847,0.13295190507758609
8,9,4268,4.705486464603866,-4.891605073016754,3.1875764416835772
8,9,4269,3.7852404080482995,-3.753202126925579,3.7722932083149523
8,9,4270,1.5649665080877064,-1.921691692363118,3.719555244134407
8,9,4271,1.6184458008166964,0.7020782846830202,-2.398154673690362
8,9,4272,3.371692867064154,0.5029569202316195,-2.367940962357525
8,9,4273,4.864465703742185,0.7904782333329253,-2.3248585704254348
8,9,4274,6.213383524885665,0.8507290479086336,-2.213190474429909
8,9,4275,7.4504917874664125,0.6903915957820029,-1.92752104134134
8,9,4276,8.488857501882894,0.9211745474331168,-1.9596428696972008
8,9,4279,12.58202500348273,2.59755320181481,-1.908118443682439
8,9,4284,1.8927718991024374,-2.0406082172440514,0.020180937409053704
8,9,4285,3.4415795919534387,-1.6881354643730642,0.13876343301373134
8,9,4287,7.0725806231054085,-2.20510998590325,0.19128864786765643
8,9,4288,9.070031863154218,-1.7395306093096228,-0.25947058925396616
8,9,4289,10.802583984285464,-1.273289438885264,-0.46111550618090813
8,9,4290,11.591195182009136,-1.4091014124933239,0.6204303397448555
8,9,4291,12.31040778014723,-1.303704171696407,0.5844098536743968
8,9,4292,13.764506450919786,-1.0861363667536297,-0.36843130851000816
8,9,4293,14.974077472792098,-0.8567046667776448,-0.35440845549272637
8,9,4308,4.314695812496363,-1.2294318708838325,-3.5737524713112885
8,9,4309,8.919396471111035,-1.20313259235825,-3.933896353923064
8,9,4310,13.548409083478079,-1.626596106971181,-3.1461697951952248
8,9,4337,9.734353621954288,-3.5652003311230422,0.6485452158881193
8,10,31,2.8657156764037883,-1.094133555995248,1.003572179357291
8,10,32,6.014868204292518,-1.2960564720531436,-3.3636019737970044
8,10,33,10.222977337153315,-1.2795072522503113,-3.0762803129525516
8,10,34,12.98547509970948,-0.9208674705972232,-1.8691807814241477
8,10,35,14.704926443645087,-0.8863654800067273,-0.8530192158460324
8,10,3296,5.609844021600926,-1.5359845697349979,-0.0833453273688829
8,10,3297,7.744533620227708,-2.161202216519097,-0.6685928396889587
8,10,3298,9.959970943220384,-2.048003320683904,-0.41483547156916134
8,10,3299,11.815201647645262,-1.5712010648431078,-0.3328046117402227
8,10,5600,5.067475088711668,0.5685307449019573,-0.5145435529367862
8,10,5604,5.4215720414631425,3.012965510551524,-1.1255867731453126
8,10,5611,3.3473132286434715,3.483279293894819,-2.428891843831991
8,10,5620,13.155086045153292,5.982913122715253,-4.028122453824013
8,10,5628,14.209417389712858,-13.287083651607894,2.737173032164557
8,10,5854,12.525347888315371,3.095827744513176,-0.5415690971996607
8,10,5956,2.4602650248448623,-0.3884190931351128,-1.92633819013371
8,10,5960,5.561753446534807,0.6252815574675392,-4.018541684957272
8,10,5961,8.492248677965387,1.0816477568023575,-4.071852282970234
9,10,1864,5.455143415795672,-3.263313974698288,2.2393583706884574
