ID,Other_ID,Frame,Distance,Repulsion_Force_ID1,Repulsion_Force_ID2
1,3,1081,6.187742513283636,-1.2524415293287934,-0.8641888012587646
1,3,1082,8.314218437426977,-1.3826257139648475,-0.840429275506081
1,3,1083,9.140920340693368,-0.5905067506245468,-0.2444982354059061
1,3,1110,2.360870695997485,-2.6547711748702016,0.11694985512582365
1,3,1111,5.149154828897293,-2.1124766694522537,-0.9287385141369455
1,3,1112,8.106710660695338,-1.8083872355072947,-1.159324675723598
1,3,1113,10.223317241266718,-1.4554164868086912,-0.666226390962048
1,3,1114,11.191780162567397,-0.9964084288247564,-0.030623568221167352
1,3,1115,12.205979757366116,-1.0922652792796363,0.007503339155452565
1,3,1116,13.112057066787182,-0.7257841553202755,-0.2641115931357122
1,3,1117,14.647793863025077,-0.8336281220639503,-0.7670354603219389
1,3,3594,1.9440771912880597,-0.7349908901643191,-2.287851033365026
1,3,3595,4.418877666033735,-0.6028099861209067,-1.9515612137627605
1,3,3596,6.505172001672486,-0.7389301025281335,-1.371745531968758
1,3,3597,8.154269593987014,-0.8399728545462074,-0.8413981579396314
1,3,3598,9.040588083882124,-0.7039322467657565,-0.2161153225530456
1,3,3604,7.516032066166988,-1.0177451377388158,-0.12295146163979126
1,3,3605,8.701878354316122,-1.2495093852700863,-0.01893427377353127
1,3,3606,11.796690488523625,-1.3256034891478519,-1.9209223425782416
1,5,5010,9.474474331924833,0.28054803955928465,-0.5220517982206819
1,5,5011,9.374414358858404,0.8491860104708485,-0.8229105089950387
1,5,5012,10.065953458540548,0.8016053418743668,-1.5397643494173177
1,5,5013,10.46484064376268,0.8337368751211964,-1.2713764660571458
1,5,5021,5.202496456795887,-2.6541948590993574,-1.6907604282847704
1,5,5022,10.4417849197391,-3.6309455754812503,-1.7559529014650326
1,6,887,12.545020485425502,-1.664307231167151,0.4109582558484628
1,6,888,13.379222543636695,-2.2881856439150727,1.435063664213587
1,6,892,12.895441356149528,-2.296085591079953,3.767363210697931
1,6,893,11.892836409414215,-1.494951776882206,2.454870174932435
1,6,900,7.354548967254437,-2.636841932302813,2.1030309675056986
1,6,901,9.299214715353232,-2.505176315769268,0.5453234313428724
1,6,1288,2.86496034123491,0.07340321040129494,-3.0095948972649924
1,6,1292,1.6468905490700592,-0.7182761246509691,-0.9353590380121377
1,6,1293,3.5117945985389705,-0.9995018372246455,-0.8816653783877022
1,6,1294,5.316573000189955,-1.3061150079142239,-0.5585156562130099
1,6,1295,6.799040450468209,-0.9315737465895665,-0.6379928869688047
1,6,1296,8.866659117845236,-1.140778629132716,-0.9722922155236853
1,6,1297,11.101023068650171,-1.497490458243712,-0.7466769008301208
1,6,1298,12.620108764620534,-0.8630234687104102,-0.6578873774033748
1,6,1311,13.732047924014678,-0.7174386912070503,0.11340783843540744
1,6,1312,14.443074123503623,-0.9499997135326735,0.2140848708973273
1,6,1857,12.310006515205993,4.80398678484892,-0.5391650988921417
1,6,1858,9.458746193365343,3.3027199830475773,-0.7445470695244228
1,6,1859,7.853917605117454,2.1427358074372704,-0.8528125731946062
1,6,1860,6.932485508825526,1.6827969495030914,-0.9993229102965249
1,6,1861,5.940029057080617,1.0597415773246666,-0.5237721439516503
1,6,1862,5.7272115547268205,0.3598663952815261,-0.6991892860171882
1,6,1864,6.6582268280415065,-0.640834831306053,-0.19443184834911528
1,6,1869,8.437033082870043,0.3296449091114444,-0.5571343804524534
1,6,1877,4.538762516570477,-0.5492396901056322,1.083215755214455
1,6,1879,3.5901575701756867,-0.8308195562361489,1.1285621540770332
1,6,1883,0.6697022322934555,0.4262711317202576,-0.9148669695973535
1,6,1884,1.0660497226956314,0.13731903409346502,-0.6161553481349611
1,6,1885,0.5469539996466705,1.4946808735777082,-0.9809282567982759
1,6,1886,0.10475946219952023,-1.2825711860975093,0.6404913407381446
1,6,1887,0.6874736508839927,-0.765185789923146,0.17605258974949708
1,6,1888,1.3820300493562003,-0.7594917198722568,0.06385660506334133
1,6,1889,2.486152960171952,-0.610851425936547,-0.49743628790786154
1,6,1890,3.944468555801866,-0.169466926382179,-1.2903789459470383
1,6,1891,4.716827592196294,0.3559868206480173,-1.1287885690321093
1,6,1892,5.2534862742700215,-0.011783437674490724,-0.525498001123867
1,6,1894,4.297322171587617,-0.7662703814342465,1.9727107500178285
1,6,1895,3.2507709985093713,-0.7131887877545026,1.7473243711125876
1,6,1900,0.8441568023517264,0.7834473261231707,-1.2902671209759322
1,6,1901,2.4980948014678335,0.3515266929004332,-2.072221026089133
1,6,1902,3.981565199936072,1.0416916349024805,-2.564166033354144
1,6,1903,4.519567669359437,1.2407131037373278,-1.791510043339903
1,6,1905,1.585243269385082,2.3315024941436726,-0.8553658030483208
1,6,1906,0.775724901724859,2.881289688235011,-2.091572076558476
1,6,1907,0.8762920508047685,1.6263733041169464,-1.7384520244931332
1,6,1908,1.5450392806348494,1.191816708725009,-1.8887100939019588
1,6,1909,2.596057765617247,0.48779294047145483,-1.5570424124935196
1,6,1910,3.1991901958437,-0.0017764892042985148,-0.6048925090161203
1,6,1913,2.760632259514239,-0.6040639638311165,0.5265238305231262
1,6,1914,3.529265612143449,-0.9204293993905239,0.09930017144971268
1,6,1915,4.764061962509794,-0.44208028646859465,-0.7967410556690135
1,6,1930,7.732148562994472,-2.28693041325745,3.7186096791863608
1,6,1931,5.8190698289272085,-1.6361168724800743,3.548229222299049
1,6,1932,4.053651927414765,-1.279719708548566,3.0399351980205878
1,6,1933,2.438156996770442,-0.9142050634177291,2.5177318841415075
1,6,1936,1.434229750629853,-0.5474587282496767,1.1903615011322106
1,6,1937,1.053605697596321,-0.6817192544666488,1.0614593447823497
1,6,1940,1.84185468885068,-1.1103794674908098,1.5193024085794502
1,6,1941,1.7016296033976133,-0.9899561533155244,1.1225038666389666
1,6,1942,3.9014796504179,0.15075437831627814,-2.523293717199268
1,6,1943,5.09941699703134,0.48660540982909445,-1.7004454521838195
1,6,1944,6.941769267020223,0.14559713496116927,-1.9981641844579974
1,6,1947,7.114805419153606,-0.7703240612952242,0.5303746676450062
1,6,1948,8.347073662765155,-0.4806189904528772,-0.7551306530362433
1,6,1949,9.687119956870964,-0.26782661579011335,-1.0735753747358008
1,6,1960,14.868278396774341,-0.626595890081484,-0.18092022665521962
1,6,1975,5.893326710021521,-0.5558661116572892,0.7656614135289244
1,6,1979,6.518868545296786,-0.8100965387624155,1.759403609079099
1,6,1980,5.718253752500749,-0.8870555165549164,1.687276593812018
1,6,1981,5.0125634468989695,-0.9503234535958185,1.6543139778517042
1,6,1982,4.521665507877347,-0.5884156116953723,1.0534866287127647
1,6,1988,1.4274070041666,-1.281623916336228,-0.42142529933984774
1,6,1994,8.60178347074571,-2.3444378483481096,-0.7012803899165424
1,6,4993,1.9722604622534246,-1.9185515412738225,-0.2879674366744697
1,6,5021,13.81197923705474,3.2800659542473563,-3.4525409018986304
1,6,5022,11.742535097405744,3.722766388829466,-1.735857755112162
1,6,5023,7.7634956409781255,5.117098600220293,-1.199594152643437
1,6,5024,4.234589235799696,4.797972024092044,-1.3636598153503128
1,6,5025,2.48896136431681,2.5480047374009986,-1.2866909645754907
1,6,5026,3.707996225541394,1.2685775885954262,-2.5261461856522978
1,6,5027,3.9778333958596437,1.0687016750798326,-1.3493344675268464
1,6,5030,4.043964504124153,2.0539348423924895,-2.2023078116644457
1,6,5100,9.600233428801882,-0.5891099173566252,5.799802722344818
1,6,5102,2.1938726469875127,1.6856558055299036,-2.314879586103
1,6,5103,4.30820925125223,0.6748077335794714,-3.637753781972976
1,6,5104,7.017124044022774,-0.17871420664942123,-2.747558226672248
1,6,5105,9.169410773434485,-0.5045904062339834,-1.6998958234968378
1,6,5106,10.544978737976091,-1.4663183745381942,0.09059801934776056
1,6,5108,10.709862106463623,-0.5880960286009858,0.14611410167534977
1,6,5113,7.640190845363679,-0.567732293476962,1.055228031902606
1,6,5114,7.1626144175631605,-0.6010372402336697,1.0778917174000195
1,7,1514,1.6376061438475238,0.17849198950219086,-2.000492096152997
1,7,1515,5.933844225542785,-0.07048746749173448,-4.616020392064529
1,7,1516,8.95809585866843,-0.0353272016352484,-3.0181615885303454
1,7,1517,10.987906368021399,0.06879617659101511,-2.111420705328729
1,7,1518,12.591833390734537,0.2733966718176957,-1.885091170013542
1,7,1519,13.54243577609346,-0.26454250948528363,-0.6886731437007823
1,7,1533,6.745207412655544,-2.665740935541483,-7.31978382433795
1,7,1549,3.637807843658151,-1.1957000529684265,0.455692538147655
1,7,1550,5.264217496702271,-2.4836846866215208,0.14538837159139986
1,7,1551,7.709375243004009,-2.5445520610922756,-0.07064690634133336
1,7,1552,10.116899685441783,-2.5121225469078143,0.0442110028301201
1,7,1553,11.91029200000083,-2.1476330955539362,0.33494237057978465
1,7,1554,13.801088562576298,-1.8155094704510044,-0.09955253091697053
1,7,1557,13.755709210568003,3.325884594293777,-1.8111814509582576
1,7,1558,12.93823679122934,2.109831947693543,-1.3277550777325382
1,7,1559,12.498287030656424,1.3515295697938894,-0.9219883898707408
1,7,1561,11.575237943003017,-1.3101736270742235,1.7048265095579087
1,7,1562,10.26795782707307,-1.8914280551504552,3.146949203812919
1,7,1566,0.4352432592657435,-1.708437472998257,-0.19394986538127135
1,7,1567,3.786005584707342,-1.1589519419424783,-2.2794744887516067
1,7,1568,8.235090886049704,-0.8923343095029908,-3.561035855943593
1,7,1569,11.646343797448862,-0.6708410254633188,-2.7405244240684286
1,7,1570,14.797430775387289,-1.0887637746538927,-2.065291370810702
1,7,5109,3.603421258239117,-0.9825423032738395,-1.6607522081666948
1,7,5110,8.303569275809178,-1.5260670953415567,-4.468684756312447
1,7,5111,12.915082633586506,-1.3171223842438842,-3.376177272013828
1,8,867,3.488756086396622,-1.0752505883688928,-2.1370218729386
1,8,868,6.271896284941527,-0.44510442725228283,-2.6696154709492648
1,8,869,8.61245798143133,-0.23833180436492077,-2.161298999908678
1,8,870,11.110260685319144,-0.8104963137240149,-1.738435519904893
1,8,871,13.843160028235443,-1.6987890292706203,-1.1154371542207793
1,8,888,10.306786792117407,-1.7045959398331396,-0.500291266855414
1,8,890,13.732374690536412,-2.29204065588916,-1.1875888012806695
1,8,2836,1.3690430857116311,-1.5384772128982527,-2.306073874960714
1,8,2837,10.539818818266447,-7.756106563745739,-1.449278737532016
1,8,2859,14.804620911877375,-0.6872431826832154,0.5817757554830727
1,9,1492,11.747227207497703,0.37240112357615796,-0.985737223491916
1,9,1493,11.804835246420824,1.4844684132009076,-1.878861338794434
1,9,1494,11.767664684711876,2.2985800773272285,-2.401894329925688
1,9,1495,11.621657234273064,2.3190556705338485,-2.2284710967583603
1,9,1496,11.860163351931051,1.924091873723851,-2.2118909282879127
1,9,1497,11.976660539582385,1.3878800769824526,-1.5355810345879246
1,9,1498,12.015383839811468,1.457017069568256,-1.5099659644102859
1,9,1499,11.68351859334444,1.5003752520259301,-1.1738995881008507
1,9,1500,12.809740651793481,-0.34886140551121864,-0.7888902602112274
1,9,1507,4.083360905451463,-1.2021337194527566,-4.398580288716368
1,9,1508,7.794522424305435,-1.283295286434332,-2.463455545235019
1,9,1509,8.849220061172183,-0.8019964629217033,-0.27632457813431777
1,9,1512,0.7755214244104723,-0.5317142693894918,-0.04771499256480494
1,9,1513,3.3341825507731153,-0.34202023356086486,-2.681260925233028
1,9,1514,4.228856844872742,-0.313175261731823,-0.5825488508199869
1,9,1515,5.49404247744046,-0.24534198179081518,-1.0218833724748677
1,9,1523,5.968107009117814,-0.7084576557719378,0.2711923307427314
1,9,1524,7.926769457628171,-2.845704479733952,0.7789229305688322
1,9,1525,10.510893500291333,-3.345814633660213,0.7064408025490243
1,9,1526,12.513210271732294,-2.9346445980763622,0.9056715698625551
1,9,1527,12.788111006464753,-2.310810199951192,2.029449640751081
1,9,1530,2.116492064697197,-2.751913954043963,-6.781835614435439
1,9,1531,10.621105182082363,-2.6646182755178147,-6.025360513340758
1,9,1548,4.239526004238098,-3.5994674299117264,-0.5344082450400417
1,9,1549,7.381933094741103,-4.193726705235416,0.6734511823732832
1,9,1550,10.502406609592894,-3.519545014868907,0.2863774743375506
1,9,1551,13.513581866484385,-3.0869739151605664,0.05153027571113611
1,9,1561,14.197859641678512,-0.9723065698780762,5.156566029417495
1,9,1562,10.063927808189764,-0.5943376490363717,4.196446580964662
1,9,1563,8.229292771348721,-0.619280327184639,0.7305321082746301
1,9,1564,8.940147964907027,-0.4170169966618732,-2.2651133999444677
1,9,1565,11.847483946741445,-0.7708482954765111,-2.8237077339110157
1,9,1566,14.946991868022655,-0.8439633644011331,-2.4680851859396444
1,9,1570,9.521508410576928,-0.8805648679879189,5.596422590546185
1,9,1572,5.931056385900356,-0.44727661088141735,-3.6996458386145985
1,9,1573,11.337457318458455,-1.0816342711070928,-4.969723546200221
1,9,2279,4.361125655806671,0.8531488223827141,-0.6341953063911998
1,9,2280,4.301194060921761,0.4096336844949169,-0.7728781245615655
1,9,2281,5.009286089077176,0.20991644150372604,-1.192734547248217
1,9,2282,5.71934450222375,0.2596611812073233,-1.107651332125772
1,9,2283,6.697674012020507,-0.1592913542357184,-1.0931771473065242
1,9,2284,8.596026032851764,-0.380706829471265,-1.8423663649939037
1,9,2285,10.608137880315764,-0.38689888316835314,-1.8109182437290783
1,9,2286,12.225032112504337,-0.2849174537545645,-1.4051021435151183
1,9,2287,13.317020998851754,-0.2041563689917571,-0.917493819585937
1,9,2292,11.18569236074466,-0.7118718747240024,1.0026099721121946
1,9,2296,11.50910885455918,0.10395129846784149,-0.5682244831048078
1,9,2297,12.604048282174496,0.010767331735269382,-1.1636369247179204
1,9,2298,13.882015024091922,-0.25048201139801674,-1.0595465561289585
1,9,2304,5.037958900228754,-4.870529351635456,-1.8734124873984626
1,9,2305,10.910112832975503,-4.2013349286530275,-1.6708758092920701
1,9,2359,3.835489677165943,0.44202915632316964,-0.5451815714186243
1,9,2360,3.5391817464535826,1.2049755262785637,-1.1222114934038558
1,9,2361,3.6945302596004224,1.1672612008902383,-1.4678506176203014
1,9,2362,4.218409477354327,1.1578237641590463,-1.7600862868895568
1,9,2380,14.672242763127398,5.560606020496258,-1.2290625972541316
1,9,2381,10.708067681766936,5.10200761533791,-1.1527614342961812
1,9,2388,4.901460015330999,-2.2634124600388392,1.1245202326791561
1,9,2389,5.324571785427367,-2.346164924127005,1.9168822496706217
1,9,2390,5.584461147400191,-2.200184600814636,1.9347063148463504
1,9,2391,6.103772313145619,-1.6695046249735304,1.1501929404095554
1,9,2392,6.076953703891844,-1.4681300298967643,1.4943142397115097
1,9,2393,5.952602510596166,-1.5510063083320582,1.6709516955260286
1,9,2395,7.117650270070256,-1.451840984805144,1.8064842269929207
1,9,2396,6.610919956169981,-0.9665668720006768,1.4732034295480283
1,9,2397,5.9732014270660105,-0.783426615537075,1.4207417895288137
1,9,2398,5.520743332999558,-0.9882391428955012,1.440236386920355
1,9,2399,4.884733881072698,-1.025437855631669,1.6614339197621606
1,9,2416,10.706172755668728,-0.6194905254885248,5.367602554398124
1,9,2421,5.166747788179004,-0.898699228740204,2.88110930274746
1,9,2422,5.476488589054535,0.004644268273783947,-1.30114760572146
1,9,2423,6.618069809945022,2.845252158358226,-4.502429440489234
1,9,2426,8.755931223062007,-3.394104698635412,-0.9488029187470057
1,9,3922,7.783086148654886,-5.533984625544561,-6.728167591562996
1,9,3935,2.9761866081141153,0.8116695423329607,-2.8761243850283678
1,9,3936,4.977320013933389,0.18009479670876316,-2.2790065102134687
1,9,3937,8.2591245086444,-2.03894439784069,-1.2439976023069637
1,9,3971,9.873923950045427,3.723989475679641,-0.7256016259997319
1,9,3972,7.328066891606547,3.0588689075034496,-0.5400902971736247
1,9,3973,5.2391662033749835,2.587403774790294,-0.5246289175877114
1,9,3979,2.701117916879924,-0.23234323086735842,-0.5527473079944338
1,9,3992,1.8095596600937471,0.35920193988192894,-0.7339944115246118
1,9,3993,3.2410432342485214,0.6266322273532817,-2.3029401135624945
1,9,3994,5.602880430343526,-0.2258524592410293,-2.2915715694112038
1,9,3995,8.013112670764409,-0.5026933992385021,-1.9650269429847746
1,9,3996,10.302862850717966,-0.5194560136668787,-1.8028492183253415
1,9,3997,12.002590070476362,-0.29974774447126246,-1.4209208160891897
1,9,3999,13.949989586860498,-0.5313496958997947,-0.989327403482177
1,9,4000,14.800719729976587,-0.521267924672825,-0.3320543064393263
1,10,2430,2.4418334784004627,-2.350323233215468,-6.449283974633826
1,10,2431,10.131803617341193,-2.3335875623794298,-5.602196552324911
1,10,2456,3.9247921359025,0.07083729650529497,-1.5878968376116736
1,10,2457,5.7010719393590366,1.3601111579865994,-3.819886030310772
1,10,2458,7.063209519688858,2.227314014705537,-3.7564302441037967
1,10,2466,9.450481231861259,0.40015752632526336,-1.2073353244388199
1,10,2469,9.994528588942705,-0.8428221331249361,0.5289578278515442
1,10,2471,10.031762613246148,0.8617469446956554,-0.787725244434969
1,10,2472,10.210341338177077,-0.813655719893462,0.6349772637174184
1,10,5946,7.303937725867221,-2.6800348768557343,-3.1870392830707672
1,10,5947,12.628598913529476,-2.406803389569015,-3.260958734397786
1,10,5982,12.520287978120818,-2.3915644197069854,2.763467655797066
1,10,5983,12.953912069563824,-2.6696467419290633,2.025788482687792
1,10,5984,14.987004346027845,-2.694437168834047,0.526561760742796
2,3,38,7.388002170169465,-0.7433872253708425,2.3493964374078997
2,3,39,7.6560298915441845,-0.730933750214324,-0.6575134055523622
2,3,40,9.11837085173932,-0.45339510504245756,-1.3760101841167889
2,3,41,9.965174606072605,-0.28824376283973124,-0.7131092347777224
2,3,42,11.017026391574811,-0.1625099279526861,-0.9504714713088509
2,3,43,11.12102149625773,0.6517470889447811,-0.7971545582931097
2,3,45,8.92828479185391,1.2545939525251273,-0.6313498440469387
2,3,46,8.537867462286082,0.9252990298148117,-0.5433053099820345
2,3,48,10.190201273956802,-0.789028564163381,-0.21599115457938325
2,3,49,11.145504229826797,-1.1787321038180785,0.17943935421807633
2,3,56,10.720250538237408,-2.9633634310211496,-0.9875716888309578
2,3,57,14.704526080797386,-2.791182391120202,-1.2272619049642444
2,3,71,0.9408224695711117,-2.759980879868137,-0.33961167373199086
2,3,72,5.250442365032985,-6.3546008645081375,1.720741062678931
2,3,73,9.030681963762081,-5.5572362824419175,1.7653614041668404
2,3,74,10.632514025617997,-2.6097049667068237,0.9784714789082635
2,3,75,11.857285588279282,-2.533168708816562,1.2871463401941683
2,3,76,12.786104789128421,-2.120943338020143,1.1802755848667945
2,3,77,13.256069136613382,-1.1691436106155049,0.6924774038807991
2,3,78,13.517096084282091,-1.1708731201225124,0.9030133900307404
2,3,118,1.4984818740000152,-1.504125291257428,-0.23202958264396017
2,3,119,2.7997827054166593,-1.1927417654662482,-0.11992938029734923
2,3,120,3.92948677383196,-0.7307758001529546,-0.4045708644080835
2,3,136,1.7453004708256614,-3.477827851632848,2.3925900229025934
2,3,137,1.8923010602113506,-6.368134665682611,6.210485811888172
2,3,140,3.824086453923834,6.375731098086125,-5.445324079640637
2,3,141,4.882268525356985,3.8756427500816164,-4.940526022570001
2,3,142,9.630996154879766,-0.475058571384823,-4.281592135667582
2,3,1180,12.673186086872514,-18.695162378222605,-0.5139748244035051
2,3,1185,8.429152938797797,-2.7726354326965117,6.181804787396704
2,3,1188,10.446167080734115,-1.598142037844307,4.2456672671046
2,3,1189,7.677407294820243,-0.8742916785109739,3.6430513865484766
2,3,1192,5.176608124035148,-0.9374139148639281,-2.9720241711300424
2,3,1193,8.631923939182006,-1.2492913769245688,-2.2206084487991586
2,3,1194,11.163395651167457,-1.3079128315269606,-1.2363126716561887
2,3,1195,12.631758186777375,-0.6972056631134175,-0.7778308856329244
2,3,1196,13.654279242451974,-0.6656135828311026,-0.35941962290584734
2,3,1198,9.23441582568026,-0.6369024779524852,3.941938220966125
2,3,1200,9.066669861747037,0.35328220767887264,-4.925358937859384
2,3,1201,12.688162771694731,0.33690435811267405,-4.278911971020687
2,3,1214,0.7061413668393324,-0.5936238331571739,2.5285147913378374
2,3,1215,1.3946866440074106,-4.160517104072709,3.1344629487280207
2,3,1216,2.3986736735244034,-3.706745976934746,2.6803879279757843
2,3,1217,3.3662030341776377,-3.357406277243611,2.3879521814040103
2,3,1218,3.9568775433747843,-3.4651645253189227,2.870396044332236
2,3,1219,4.497988988550945,-2.999574365118864,2.4582102893260602
2,3,1220,4.8949072834263845,-2.614776505587779,2.2156447790596885
2,3,1221,7.668311002358626,-2.4725882065115603,-0.3018284638255236
2,3,1222,14.747109806140342,-2.2184873545306196,-4.861118011365715
2,4,1186,5.956569224262382,-1.4305218554372408,0.9632902035099036
2,4,1187,7.821279082930196,-2.045403844523876,-0.6546869197187092
2,4,1188,10.395284031169217,-1.6943291865367003,-1.1250675507141366
2,4,1189,12.649663864741308,-0.9919052737541516,-1.3371215177438405
2,4,1190,13.541094080615476,0.507911679443315,-1.4169691933334256
2,4,1192,14.302932183058495,0.9771004899725234,-0.7216116071315299
2,4,1193,13.647044345297033,1.278953423526104,-0.7123410268111154
2,4,1194,14.234954294922083,1.1380208524724753,-1.9044292696521874
2,5,2701,8.510283891252625,-5.386483387138712,-4.672034533931935
2,5,2802,6.995637108385742,-5.71790475019733,-0.7853304735082234
2,5,2803,14.167774111274747,-7.242709580157523,-0.7637778549412497
2,5,2810,7.31043148081642,-5.413611759515907,-2.8636291705116736
2,5,2835,4.948790918678922,-3.9995336317469734,-5.095337581522897
2,5,2855,13.235324001393549,-1.0199446596703834,6.141457789412989
2,5,2858,1.5398636715189875,-1.0404135197644133,2.775911126755872
2,5,2859,2.36796935036785,-0.34232571582316584,-2.849295154735364
2,5,2860,6.2156017070279885,-1.238778193694594,-2.64778934546793
2,5,2861,8.873997581306352,-0.6240716593786598,-2.0441275672292436
2,5,2862,10.110388261951465,0.47169795177131585,-1.7136065216373275
2,5,2863,10.256151131207204,1.4881177593186208,-1.643798290894996
2,5,2867,7.446170509300104,0.10964000899926854,-0.5357083190204633
2,5,2868,7.096129720078369,1.1793175801347475,-0.8479631331225831
2,5,2870,6.262551180053125,0.7284305128989645,-0.5756865996748662
2,5,2872,6.973574847198248,-0.5649620134808928,0.1430746213141206
2,5,2873,6.6682754200734475,-0.7764043836018706,1.0730159684489458
2,5,2875,6.188908920018364,1.2271948124829413,-0.8655131568600324
2,5,2876,5.779857420762913,0.9352523050057461,-0.5265670825209533
2,5,2884,6.133334461673602,-0.5835141219533378,0.05404429095260582
2,5,2885,6.640989831318396,0.08954686671530626,-0.6641993666891346
2,5,2887,7.596864235566468,-0.5914715267514488,0.2972561557116801
2,5,2888,10.158678412253565,-1.5453036282290586,-1.6761090511251786
2,5,4612,10.25319246047944,-0.12909066821427073,-1.4777993854193334
2,5,4613,10.896860981747086,0.5669803667744961,-1.333467714706062
2,5,4614,11.105799470884424,0.7776002650953215,-1.040273770402135
2,5,4615,12.048427308554905,0.36501258140922804,-1.3083967465970152
2,5,4620,13.926014879257524,-2.585061914811192,-2.027468494955467
2,5,4644,7.256620248863343,-0.5103883509872598,-5.717178581988133
2,6,2079,12.210751513718497,1.0676223144900594,-2.829650551341391
2,6,2080,11.677617043649729,3.412492019829577,-2.886196887579339
2,6,2081,13.964585802801391,0.37235323948974397,-2.6632701720304626
2,6,2085,2.5197442491242796,-2.459685055498849,-3.065455250062416
2,6,2086,7.570847330203609,-2.7948268465347863,-2.257938414950728
2,6,2087,12.297494285939962,-2.205684814714729,-2.5238692898608677
2,6,2103,3.7421102441399583,-1.9813178729042638,-3.0080401634042255
2,6,2104,8.261057096000325,-1.769098700922919,-2.773891192548917
2,6,2105,11.54830831689637,-1.4472465924904863,-1.8544576225987575
2,6,2106,14.24498831490883,-0.8861345414884877,-1.8113665698161348
2,6,3390,8.66117839657824,0.49418023177973336,-1.391909196500132
2,6,3391,10.33149249285135,-0.8820820540902821,-1.5573074996572942
2,6,3392,12.905355899082112,-1.6573008555955306,-1.1686246002090939
2,6,3393,13.903777537472644,-0.570942432592283,-0.4629332477668209
2,6,3394,14.83547295118759,-0.04582062717155788,-0.9000723817016199
2,6,3396,13.936862488909995,2.037835152095534,-0.9026241798099504
2,6,3397,12.102242492326774,2.399434242582222,-0.6243794811218056
2,6,3398,10.447561444615094,2.1774420752923227,-0.6142821286386033
2,6,3399,9.011261767372126,1.897015299619805,-0.5321753768511079
2,6,3401,7.777945632004182,0.7514899073627357,-0.687699644055222
2,6,3403,8.424730217102196,-0.15823505915124658,-0.6066045113326842
2,6,3404,9.40138537233009,-0.5345552979673438,-0.45777187766749194
2,6,3405,10.047072562277702,-0.6826735066555338,0.03466182711292565
2,6,3406,10.193373356792806,-0.5139432826289476,0.36713665807801454
2,6,3407,8.852707390447817,-0.7692977785570135,2.0903242788366785
2,6,3408,6.886747515441345,-0.7007153346091548,2.3478888745119173
2,6,3410,8.945562427048431,-0.5332206270386715,-2.77527698680163
2,6,3411,11.162524262136042,0.13597137531278242,-2.4281618908325076
2,6,3412,13.450660072190669,0.02368644317361268,-2.355328703409146
2,7,683,8.500645044973828,-4.289609398282945,-5.194261794615137
2,7,684,12.66992775351722,-3.3114888756280205,-0.8832482004587172
2,7,685,11.874125309241496,-0.5501572957010429,1.3378758597947713
2,7,690,2.4408883340029734,-2.682729209773909,-0.3729775019901511
2,7,691,4.928423240760351,-2.321781174110237,-0.228026942593387
2,7,692,7.392556925775288,-2.0629295832414467,-0.4225190763588954
2,7,693,9.69119898712197,-1.9295085660092925,-0.37849709525314806
2,7,694,10.844059655420253,-1.1855640375716516,0.03250007373175398
2,7,695,11.8323428720818,-0.934360652097549,-0.05414705811528224
2,7,696,12.827548313978,-0.7586326544541302,-0.23657300058235461
2,7,697,13.68852248927541,-0.51318253496891,-0.3477916477650744
2,7,702,14.258371636754882,0.32144381208420586,-0.7278674061299657
2,7,703,14.774480135195066,0.20066603886238216,-0.7185523538233147
2,7,704,13.10715871153492,-1.1132416923980688,2.777585229397734
2,7,726,5.631824728231334,-0.167024282941119,-0.7263008920879555
2,7,727,6.543475849119849,0.07923381542146862,-1.1046944452797876
2,7,728,7.323792482507045,0.08311766352473243,-0.9762506424407849
2,7,729,7.807372665405057,0.06661854596072878,-0.651644179102558
2,7,730,8.624889392472236,-0.24525369328397423,-0.6328836562377692
2,7,731,9.644685874836979,-0.6419838235559342,-0.40276153041802354
2,7,732,10.821828631296547,-1.1420575530271464,-0.1506997363871001
2,7,734,10.620363048925332,-0.5363418200696081,-0.2929155958261104
2,7,735,12.562271761118238,-0.9290842054190016,-1.034715524382119
2,7,736,14.620108219435897,-1.0011384717803695,-1.0735054597788611
2,7,2544,3.042935538286554,0.9767672390954628,-1.2386267256561518
2,7,2546,2.94796003262413,0.5259895002944457,-1.235892762413741
2,7,2564,9.127105594418241,-8.430584831751043,1.676011465660726
2,7,2605,5.449119532508573,-3.753423885132542,-4.46604504684942
2,7,2606,13.148944500690927,-3.496760759096901,-4.254641650482502
2,7,2614,2.779237394704514,-1.7733992666527487,-1.0439134074621632
2,7,2615,6.5139730692322955,-2.6483023206090666,-1.0979709315806365
2,7,2616,6.924301329224912,0.5979695756638256,-1.0962491503926133
2,7,2617,6.674926072581688,1.0513580925911297,-0.8323318575923945
2,7,2624,1.887674634267091,-0.2520638212214904,-0.7172866571420393
2,7,2625,2.742439341957366,-0.3097641064029727,-0.6825397097757521
2,7,2630,5.5525335746768985,-0.7641147129098375,-0.16924487202712796
2,7,2631,6.95855198129357,-1.4757421218860551,0.027883573790194904
2,7,2632,7.848358271029609,-1.0602803238877476,0.16180375713466538
2,7,2633,8.33679766128544,-0.5075517180368642,0.009294752628064562
2,7,2635,9.530849283264512,-0.08051405228525658,-0.5957099933961792
2,7,2636,10.1574347412366,0.1928589105024235,-0.8602398638987827
2,7,2637,11.741804495904232,0.6234225574956485,-2.323922228256715
2,7,2638,13.329771816349835,0.26959533927065477,-1.9101190188821828
2,7,2639,13.962799701325977,0.10423492600360934,-0.7373090265126376
2,7,2647,5.818283034335241,2.9181767174032895,-2.8122368754264766
2,7,2648,4.945482890799668,3.2833384311147595,-2.4358504535961165
2,7,2649,3.658094674423337,3.024688664002319,-1.743733378089904
2,7,2650,2.681566619434818,2.484688241911699,-1.5100056144653766
2,7,2651,1.967855520843622,2.1108378375623276,-1.3974572431993466
2,7,2652,1.6463554827216946,1.698713834302221,-1.3787447902520589
2,7,2653,1.6048013394052305,1.5914862132671197,-1.6354609538194678
2,7,2654,3.1392265657653193,0.2936725918516223,-2.032233887192486
2,7,2655,8.222188792461045,-3.1078421463616057,-2.0014184464037785
2,7,2656,13.29718218283353,-3.5362546895971914,-1.5402362795927589
2,7,2666,10.463947205811534,-4.393073746453548,0.042659058233548874
2,7,2687,1.3038695690150386,-1.1863414610309382,0.011069367862686336
2,7,2688,2.154004425877958,-0.6400625122594485,-0.2791522216759399
2,7,2696,9.242507399982594,0.45308101440309745,-5.6908503313524506
2,7,2700,12.962646703902353,6.556793923199685,-0.9721040557433862
2,7,2702,7.072500339141885,-3.3767195253551803,-3.4702254931190084
2,7,2703,13.05329048939298,-3.0993770854706066,-3.259352914188721
2,7,2805,4.7082911640348115,-5.114107973492635,-1.5542795988207312
2,7,2806,9.917731559210782,-4.119655193931919,-1.1464264221269125
2,7,2807,11.535237441135441,-0.8499706004029896,-0.7932754652851965
2,7,2808,9.973693782387894,2.255000168645234,-0.7202673040525259
2,7,2809,6.332137693248829,4.452166642477702,-0.8192881617012656
2,7,2810,1.084778445949835,5.9140379359610975,-0.7066452128660581
2,7,2811,6.002988275917477,-7.352330403238873,0.37856203805500094
2,7,2812,11.076978879232076,-5.816345576626426,0.7407422298340902
2,7,2835,6.857585744309974,-3.888187994055959,-1.7953849037323322
2,7,2836,11.916932635115812,-3.550502464690112,-1.7500664336945528
2,7,2847,0.9057001909050648,0.33405350090097985,-0.5561180704734995
2,7,2848,4.50790943984045,-3.5115969360403305,-0.7682661374384776
2,7,2849,7.71691824516286,-2.66699416345914,-0.5516560446581755
2,7,2850,9.88876717849777,-1.991504445627396,-0.18351769432487403
2,7,2851,11.647984862412025,-1.4234429421950023,-0.3375672581421388
2,7,2854,2.37281818586253,-1.1637311991234425,2.9103710579041886
2,7,2855,6.935728618742681,-1.3776721471428126,-5.481926389352571
2,7,2856,12.498296708659462,-0.670746273390624,-4.949037766526446
2,8,1102,13.44349051157165,-0.027951685921617266,-10.932282212299924
2,8,1131,3.1025367526419694,0.873898289643815,-0.6867032022970441
2,8,1132,2.723859791447454,1.2704896277434108,-0.965226398279863
2,8,1133,2.465568964361287,1.1032793479180119,-0.8665779456641552
2,8,1134,2.68996314451632,0.815908735281127,-1.0573795698365627
2,8,1135,2.4191547866670957,0.7690204625620958,-0.6685065149548156
2,8,1136,3.9185142685816756,-1.7046513667725862,-0.7133272459322328
2,8,1137,5.539929470595415,-1.7657309835805999,0.04971232418849228
2,8,1138,6.523602986506248,-1.7670020001063491,0.7722283169212302
2,8,1139,7.198520137686256,-1.6076197118865494,0.9326851250355773
2,8,1140,7.635109460077992,-1.5596820161931741,1.1230049532304915
2,8,1144,7.785423979643555,-0.7199658184241554,1.0983383164202043
2,8,1163,7.103271031213281,-5.757762618603982,0.11815845820414562
2,8,1164,12.578459338136547,-5.7421449392553185,0.05173097727445887
2,8,2273,9.06636061876429,-7.2442038093147705,-5.756212653274265
2,8,2287,9.48544463775995,-1.2282833246140834,3.7087649321827105
2,8,2320,0.5145672956556683,1.0440391529203732,-1.1476277504872494
2,8,2321,0.9555362569923181,1.3033270610319712,-1.8330829503193882
2,8,2322,1.5846919856465471,0.9779635043336062,-1.6450124593478601
2,8,2324,3.726909315955632,0.7279273835663994,-1.8420067913502414
2,8,2325,5.6988903837133,0.34324427161370563,-2.3174265129291154
2,8,2326,7.16199136526825,0.6554473214003466,-2.1199749541364588
2,8,2327,6.493138189084177,2.4060015372610324,-1.8078277847789948
2,8,2328,8.651494411987182,-0.5115897325864931,-1.6529499071940412
2,8,2329,11.116066781717333,-0.9541638469116128,-1.5152274489050166
2,8,2330,13.04839420007653,-0.32498262029157243,-1.6195110511846342
2,8,2331,11.178744221051092,4.00331594014358,-2.135111536973106
2,8,2363,14.273098243834589,-0.14633423410603236,-1.3067438205582038
2,8,2527,3.616318510550765,-3.038833385025846,-3.3998720481105322
2,8,2547,3.936397497285509,-3.4548896330076735,-0.7402022009578
2,8,2564,9.476186302531602,-8.220491601890767,0.0628775882502729
2,8,2631,3.3317891192219737,-1.2502172718246305,-0.455619513293534
2,8,2632,4.643210704790683,-0.9712263242172583,-0.4276293590860194
2,8,2637,6.306679534275366,0.8917216846603413,-1.1544972708727972
2,8,2638,6.9092267455395175,0.4670053602167857,-1.0745784658805635
2,8,2639,7.930500681712385,-0.05780366413473434,-0.9693408339725826
2,8,2640,8.51650629517402,0.030321603074460163,-0.6228370167205357
2,8,2647,4.4151420635524925,-2.8916268707830466,-0.4275683129509533
2,8,2648,7.79531874323618,-3.2900078986326005,-0.14813845583936805
2,8,2649,11.008981662820704,-3.2853116353449567,0.049088260953429774
2,8,2650,13.78557220352658,-2.8502211476505757,0.06680204824363664
2,8,2659,4.869736368103299,1.6525082367381099,-0.5046695253077502
2,8,2660,4.229568892335635,1.3559140774614633,-0.8107720704002737
2,8,2661,3.850179720099131,1.0450140646022075,-0.7219126678264705
2,8,2664,3.704095841597392,-1.3266085717778728,0.9765901665448915
2,8,2665,6.997915150389107,-5.395819027324798,0.8479586467182769
2,8,5278,14.293607880533203,4.617644178645445,-1.4774276988146182
2,8,5279,13.219588139994674,1.0447915404189163,-1.3591006066317866
2,8,5280,14.376326468035842,-0.8293812792059713,-1.0962753186417356
2,8,5300,11.12421095693593,3.141684491780815,-0.7047039420213127
2,8,5303,5.235996121981237,-1.6796064783730318,0.9707635397644362
2,8,5309,12.783713194894629,-7.01657125056683,0.13169891697897576
2,9,1109,10.781512342540964,-6.913270485403886,-4.379170030798515
2,10,4622,3.5061975502025122,0.018583841318947754,-0.6643265231167159
2,10,4623,4.496500800283695,-0.8163529513054707,-0.20735898206582307
2,10,4626,5.108826335239524,-1.487933768135727,0.03484327420072797
2,10,4643,1.095244403747397,-0.8584369005424324,2.8881050830821615
2,10,4645,7.599600602368692,-1.465179435141885,-5.022986736224363
3,4,1188,1.467730736693574,-0.5318373049734293,-1.417755590224529
3,4,1189,5.594392108206396,-3.292712759077874,-1.5754238138063128
3,4,1190,11.095279724171444,-4.293257557715079,-1.4220851779909782
3,4,1210,6.182048364547265,-0.908242899618518,0.3531995246491464
3,4,1211,7.280595178751377,-1.6472657683812746,0.5227544395789718
3,4,1212,9.234235916843124,-2.5799027124640688,0.5847504138013361
3,4,1213,12.626823715726918,-4.103512174673448,0.6576889326262976
3,4,5751,4.49339396757701,-3.524591926990321,-0.5943908241782155
3,4,5752,8.18347111379563,-2.7530322004419263,-1.0002331265960556
3,4,5753,10.252994246281567,-2.0477544081360346,-0.03850675939737662
3,4,5754,11.087814616120928,-1.5332492362368129,0.6865706268671514
3,4,5755,11.400393264716751,-1.1082112118544833,0.7914400250091446
3,4,5756,11.295856718240197,-0.7016681815144471,0.794637874968066
3,4,5758,10.656752288421687,-0.7706980612898682,0.7385678596808576
3,4,5759,11.027796338755248,-0.5336298496884476,0.16212992368365445
3,4,5818,4.618311396680764,-8.870935558997246,-2.199692703960464
3,4,5833,1.7858561260691057,-4.234724445027087,-5.912951577413633
3,4,5834,12.256093458616467,-4.6016736795070585,-5.913688293452018
3,4,5869,11.001039660536106,-8.855151763424768,-3.7036872554982563
3,6,1427,1.8820569979560837,-0.8919144564448841,-1.6742433459581476
3,6,1429,5.211788824414542,-1.0017154921120726,-1.619848114759537
3,6,1430,8.101823774091772,-0.5429100239235536,-2.5008184513968237
3,6,1431,11.77250305733475,-0.17026452750072918,-3.716525961885032
3,6,1443,5.1214279121273645,-0.598986084260767,0.04595605308843531
3,6,1444,6.349187431693579,-0.4170162458683167,-1.2897957228930266
3,6,1445,8.266486384631419,-0.4030236751880634,-1.7714934018175457
3,6,1446,10.2330816337173,-0.26712439015204875,-1.825177740369091
3,6,1447,12.213700142798261,0.09086658849104315,-2.1438137342617978
3,6,1448,13.930962561857164,0.33622982282747227,-2.100059566746554
3,6,1462,2.834535362315494,5.04307030043276,-1.7950770322560445
3,6,1463,1.1536977298856592,3.5377547086274888,-1.9091621133696646
3,6,1470,2.8985670703067683,-0.030602686320624573,-0.8202069289929591
3,6,1472,2.119337239049225,-0.7441844007870343,-1.7446013503152116
3,6,1474,3.312824000699874,1.3742829254569138,-1.5117035403543688
3,6,1480,3.0056796267651955,-2.011615759340524,-1.1114004301012814
3,6,1481,5.535615789050867,-2.627403201888498,-0.2133189986517382
3,6,1482,3.4752668719804287,-1.9264696885221322,3.5759628878685388
3,6,1483,2.9035719494426484,0.5663703000648102,-1.621158249087235
3,6,1486,5.756769234038272,-0.3322205096885089,-2.5827687308979903
3,6,1487,11.412630920962128,-1.0331143116510946,-4.773383694875749
3,6,4104,4.938896068781856,-2.863546831385455,-1.7699156625880965
3,6,4105,10.41609216173841,-3.098715309089073,-2.8404444717386674
3,6,4106,14.462831096203915,-2.0503776486598912,-2.034808699310022
3,6,4111,12.97488126195474,4.037991540682452,-1.1478655949959045
3,6,4112,10.838597927577705,2.772975705562586,-0.6952741484538906
3,6,4115,6.644146939205835,1.1215039983989665,-0.6282275209283746
3,6,4116,6.153603751446835,1.0051124797691924,-0.5147339424112434
3,6,4129,5.068288743454342,-0.9692053029180665,0.4091855266772887
3,6,4130,5.628041711881756,-1.0585066626752446,0.49845276568731084
3,6,4137,4.194687241679016,-0.5251021528962828,0.8409973983190344
3,6,4192,7.71567963377679,-0.5547415832708509,3.7846975541763
3,6,4193,4.875788042437112,-0.9384831039674864,3.7767714166170827
3,6,4194,2.6765595337307935,-0.7120917181383168,2.9098683618886234
3,6,4195,2.0783643219774333,-0.8558544560881626,1.0980216236995717
3,6,4196,4.33174895155937,-1.1764587745896486,-1.3035919899843313
3,6,4197,6.83630806328928,-0.995169907299648,-1.5253155009910753
3,6,4198,8.982906004704958,-0.2518294416937349,-1.8986768742577225
3,6,4199,12.047213242374244,-0.47763198345048086,-2.5867276496657796
3,6,5693,13.793273080346205,-0.8197289390921563,3.647476620256513
3,6,5694,11.423360658275412,-0.7210673121874249,3.0830459082925175
3,6,5697,4.493088796884466,-1.1931918279982383,2.3717245019286994
3,6,5698,3.915540585904939,-1.581124364100754,2.0326414668502597
3,6,5699,3.4563661516463138,-1.4859084611294529,1.8297092842849982
3,6,5700,3.1620307282240425,-1.071434996513828,1.2936917936468766
3,6,5701,3.112150710304925,-0.8834434743298207,0.8883203165389387
3,6,5702,2.708542627683348,-1.0622421577281946,1.4642237379171599
3,6,5703,2.722835832774772,-0.9812929720760488,0.9645907160183779
3,6,5704,2.7529705702784844,-0.8898346674288382,0.7544157865495615
3,6,5705,3.4143138471289287,-0.679109852513632,-0.5513934021713022
3,6,5706,2.776889175886273,-0.5601568107335853,1.1635026805720208
3,6,5707,1.2511450603965633,-0.9102090871076906,1.5701799921603408
3,6,5708,2.1572720844501103,-1.1854895072092926,-0.7037111338632575
3,6,5709,4.135895457838138,-1.1962432387898707,-0.9124321002777096
3,6,5710,6.01864149308092,-1.8622246492532777,-0.023086603407383777
3,6,5711,7.242469847556539,-1.902211685240926,0.6758715369982102
3,6,5712,7.331446832054085,-1.7899648460120172,1.6987354583712835
3,6,5713,7.534405934084579,-1.50971577182546,1.3015849439518685
3,6,5714,8.08770868142036,-1.4122192751754297,0.8538086339718096
3,6,5715,9.64342879232871,-2.38792505830479,0.8318890262175305
3,6,5716,11.008209210016705,-1.6903346705807458,0.3255381076471796
3,6,5723,0.19136441788570516,0.9251136177169526,-1.570035099518223
3,6,5724,2.3626609483644803,-0.5431490601825049,-1.777664284414911
3,6,5725,4.5104148869377445,-0.5607152435634679,-1.5898033524406467
3,6,5726,5.804970960216548,-0.6800961192221067,-0.6150781697615271
3,6,5727,5.847052833418914,-0.6992135008916316,0.6569404836526589
3,6,5731,1.6223983096186927,-0.2821344644642687,-0.9582030640683301
3,6,5732,3.790967573152836,-1.0020558902329775,-1.344713077246755
3,6,5733,6.496481301340192,-1.4028870805221647,-1.3243716270909225
3,6,5734,8.91744966744951,-1.1303017076340653,-1.2995937073758645
3,6,5735,11.183285664583426,-1.072827781058727,-1.1967875065587634
3,6,5736,13.247710175793058,-1.0930684451187191,-0.9733504791049563
3,6,5748,2.127375741573266,-5.0386954803250905,-1.1194224414928526
3,6,5749,6.0634349512584755,-5.025425602996927,0.9825300270202658
3,6,5750,8.003946665485511,-4.657381279208392,2.6976121549355905
3,6,5751,9.205443831827518,-3.746056439399095,2.5294287282153642
3,6,5752,10.134785588114918,-2.7981151900935983,1.859316210493491
3,6,5753,10.548451349485543,-2.080111780677285,1.66621659567889
3,6,5754,12.760917342932771,-1.5694125872191123,-0.6431028587402655
3,6,5796,11.905790933733694,2.9489512406630256,-4.548989881716387
3,6,5797,13.58911785270476,5.417738051524051,-7.115027138072196
3,6,5798,14.976716916441358,4.606923818868807,-6.031172365782734
3,6,5823,4.511086096107513,-3.257384659843558,-0.3436718298400301
3,6,5830,1.853272049322731,-4.694376836544873,-0.5054745847794712
3,6,5831,5.1997254610432915,-3.48890447579026,0.09771433763083556
3,6,5832,10.355827149679829,-4.628707907799476,-0.5286843030602815
3,6,5845,8.85903085682457,-6.514300499439,-3.2223599213156886
3,6,5856,2.129994813467042,1.3611971403022736,-4.298563650321481
3,6,5857,9.849714955361925,1.800616881309748,-9.742949871047136
3,6,5874,0.7062104376273266,1.1596440629950384,-0.6979324211585141
3,6,5875,2.1875137225631214,-3.4113031037177617,1.2924496786050677
3,6,5876,3.9084639057021904,-3.1876125622407048,1.412730309058163
3,6,5877,5.358054670945627,-2.929415147113321,1.4434653622291589
3,6,5878,7.492049006466574,-2.5792112668674463,0.4034012631224989
3,6,5879,10.76461433236409,-2.1311329942735764,-1.162379249942143
3,6,5880,13.6537929331737,-1.5962708786940156,-1.2975742127646608
3,7,1230,14.098097474809693,1.5282139346598678,-41.89884257176422
3,7,1275,2.7795461419970424,0.25735600100008904,-0.9650568357631713
3,7,1276,3.5851379358901303,-0.7317753156309175,-0.2385021324279355
3,7,1277,3.983531826375047,1.2712687019582938,-3.0593791349266204
3,7,1278,8.045034763359219,1.2216073108670171,-5.577521394774541
3,7,1279,11.03198114349076,1.9514928465696202,-5.04486188225295
3,7,1280,13.373065355482936,1.7797746683386912,-4.162796582673264
3,7,1286,14.018639039457323,4.5379813706884535,-0.9905222139734775
3,7,1296,0.2316673450889627,-1.234447250142146,0.9487710979440482
3,7,1297,0.30511449205625635,-1.1869548672670178,1.102797016768611
3,7,1300,2.1119219463915284,-1.161839119711151,0.08880768406759487
3,7,1301,2.655915312529707,-0.7795938442545902,0.11527622718605723
3,7,1302,2.9896399602241956,-1.159379901016725,0.8248670409295562
3,7,1303,3.1447286177168263,-0.9968462242785765,0.8415495159928607
3,7,1304,3.0849704867574577,-0.8533908955525268,0.9116598604363721
3,7,1305,3.321019209893847,-0.8204855572414558,0.5832840448149308
3,7,1306,3.9411615682486727,-0.7104582326912369,0.06778455451395182
3,7,1307,4.345864029892324,-0.6249139327754746,0.21942373409907606
3,7,1308,4.973151013423821,-1.0745968780824777,0.3395241099006272
3,7,1313,1.0907604598121021,0.8182120274877218,-1.1220628939132524
3,7,1315,1.211742925617297,-0.14090179531614588,-0.5592552427112537
3,7,1316,1.4052090546195932,-1.5549140993274864,0.055237535205134775
3,7,1317,2.5951335983088746,-0.6486782486722912,-0.9011605826242983
3,7,1318,4.6027740497875715,-0.34620076928761057,-1.6998280580038354
3,7,1319,8.4721412181904,-0.6383620367013569,-3.331057212537351
3,7,1320,12.165963299623762,-0.9286131630923111,-2.8395500558312916
3,7,1360,4.518520001831251,-1.2135095206377218,-0.9397070728179513
3,7,1361,5.937246373272446,-0.6287700284478352,-0.8434170217657369
3,7,1362,7.538023188877715,-0.20004405352154067,-1.4285819974539178
3,7,1363,8.339266462236944,0.10807469332601775,-0.9390712878423997
3,7,1364,13.243651178174934,0.46414585483738224,-5.376662164513074
3,7,1483,8.415209795327605,-0.90024190792487,0.06010417063178042
3,7,1579,7.3854784098945405,-1.406618478629787,4.276337517288795
3,7,1580,5.520133933173108,-1.3533407642114472,2.5108302194323144
3,7,1581,6.405538003649965,-1.2116593884960636,-0.24898662707417418
3,7,1582,9.26120514780035,-1.0105512789298796,-1.886160868654871
3,7,1583,12.903013465670469,-1.0881554789334298,-2.5536761329730244
3,7,1584,14.617457350101784,-0.5090269400550622,-1.2181354321540405
3,7,1601,2.722242779180767,1.1428579423406109,-1.180049030743172
3,7,1602,3.21826744702213,-0.2698089229327914,-1.1839816249051112
3,7,1603,4.338796756022386,-1.2040981090735046,-0.14470190394586152
3,7,1604,5.141914381309632,-1.2011186927723783,0.3823846164260746
3,7,1605,5.192471223435265,-0.7150850392621819,0.6575245739937674
3,7,1626,13.605653901372781,2.582341330301885,-2.298196071462645
3,7,1645,14.651934760771102,2.1851752180535047,-1.791420545116769
3,7,1653,4.499119424927801,-3.8766642963304836,0.5739623700909751
3,7,1654,8.269754461980385,-4.790696107649587,0.5425045612318902
3,7,1655,12.459464137335996,-4.554580975131615,0.3006350285196344
3,8,1759,9.295825608506451,-3.5630496624417214,-5.538500778486121
3,8,1812,11.239884858761163,-0.5953276424321658,-0.7805086438695932
3,8,1813,12.471301228280131,-0.3962571427409314,-0.8736354789836148
3,8,1814,13.22480866526311,-0.14605511073878727,-0.640677598306854
3,8,1819,2.972137376757378,-1.1552149607450026,1.0148780331979366
3,8,1820,6.608706383337423,-3.7144419774653303,-1.524539510797739
3,8,1821,11.598893818247378,-3.3808856164829604,-1.7533746224482885
3,8,1838,5.296769103999996,-4.035881146360709,-3.1065434895170334
3,8,1839,11.275795886541006,-3.245156355685819,-2.7410333906881865
3,8,2996,5.494127049523571,-0.9582159612487563,-2.7784974821667374
3,8,2997,11.363244667042323,-1.279119727454336,-4.9975056383712335
3,9,402,12.083044137444713,2.2767412312609125,-1.9299385408594008
3,9,412,14.647313968365296,-1.2612629161186566,2.869628926540075
3,9,413,11.471131830836786,-0.6750067557458522,3.7908259252347234
3,9,416,3.3559996878198035,-0.6873441282486935,1.4504397517559393
3,9,418,5.322924248080487,-0.30512196897697913,-2.012540455742605
3,9,419,13.837233768296244,-0.39389861113372093,-8.134636390802111
3,9,428,6.088044962029806,-0.9361550158820562,3.827190422355417
3,9,429,3.9628443233631585,-1.3696268770808517,3.278254307729956
3,9,430,2.776656639110193,-1.5528793250512103,2.1981796572377394
3,9,431,2.859181809955634,-1.2516109295053828,0.6411890152359069
3,9,432,3.7017822742564634,-0.8914108762379072,-0.1483467484659875
3,9,433,4.744438922789971,-0.6941574734509148,-0.4162976419594388
3,9,434,5.614456437652439,-0.5800005791700995,-0.30952494824903726
3,9,440,5.0986801183358965,0.11856420650280337,-0.7696891793216344
3,9,452,2.1840679320632552,-0.3224886227067289,-0.657661866182851
3,9,454,3.020097095815312,-0.6342054507582697,0.10944370268992189
3,9,455,3.631980553625011,-0.6674806778827481,0.04868820754865795
3,9,456,3.8225344665710193,-0.6142913685513369,0.42355648711674077
3,9,457,4.1679455614304155,-0.6167701280958839,0.263019172351736
3,9,458,4.612858377369109,-0.6462224979186001,0.18945994715012088
3,9,459,4.982464358291657,-0.6288179176439632,0.25802610843306856
3,9,460,5.170363413331909,-0.5802285176615908,0.3923281017529197
3,9,461,5.656253262245274,-0.5332523879291676,0.024512868411047654
3,9,463,6.470498915801511,-0.5098602009155577,0.19495246734163973
3,9,464,6.929083144117112,-0.6189370701558334,0.15893331813236009
3,9,465,7.955682728283792,-0.6883494351379174,-0.33841289539443836
3,9,470,5.99768309858414,-0.6678854168737056,1.7504947111405655
3,9,479,3.1221147741909383,-1.0226421183950187,1.1302909303101236
3,9,480,3.0735703714405003,-0.8535561912046408,0.9020561594760002
3,9,481,3.0576237024977964,-0.864645329743578,0.8800294105584485
3,9,482,3.6945647664119825,-1.4506228665281204,0.7648977264857177
3,9,483,5.07434482921797,-1.824670152211362,0.4056863411638601
3,9,484,6.87847765706256,-2.242255818285118,0.3992703104107565
3,9,485,8.771798490848115,-2.5605713836950628,0.6233888693788067
3,9,486,10.621578657078045,-2.5888400072229136,0.6817583894190504
3,9,487,12.381931845077704,-2.1975499439622683,0.4215712922963604
3,9,488,14.486068737136543,-2.068817854513018,-0.05472484530796052
3,9,510,8.724258083395133,-1.0667682829172012,0.8172559671032941
3,9,511,9.718848716277925,-1.4254623881949655,0.3174025651863533
3,9,512,10.464287237143278,-1.233034503784733,0.3746503485665877
3,9,513,11.224998998773385,-1.1309757986698237,0.3136461286673015
3,9,516,14.088358913463567,0.2350170170863561,-4.9335602534459335
3,9,1284,1.6987489830795925,-1.6956868182343605,-2.683532511825751
3,9,1285,6.365850117253258,-3.417907535744971,-1.2771320594157993
3,9,1286,11.239247162093596,-4.6684962395548615,-0.23827868177147668
3,9,1287,14.558491354108439,-3.404671202201505,0.06538710928348895
3,9,1299,9.963483879002505,-1.132209708282633,1.218822819793664
3,9,1300,9.806494537382354,-1.094247301491878,1.2284923215917662
3,9,1301,9.384816565124186,-0.8175594465691818,1.239190870585393
3,9,1302,9.389219189422,-1.2216394013198832,1.2152976069992159
3,9,1303,9.261435233961345,-1.0304954182259176,1.152056164582845
3,9,1304,9.071854721990176,-0.9117238230149624,1.0987939218654177
3,9,1305,8.722047529140232,-0.8840544761297816,1.2222065257671797
3,9,1306,7.814455381967372,-0.8079524887219924,1.6881412198724424
3,9,1307,6.795771198223373,-0.747460028577694,1.7578683624512976
3,9,1308,6.025345843633102,-0.9175606625400036,1.6779877065330375
3,9,1310,3.3436260033012895,0.3223616543739153,-1.573906989894539
3,9,1311,5.263124826811285,-0.5461371226694348,-1.8472866805883152
3,9,1312,7.120518009888173,-0.36899836125472396,-1.4899434075702715
3,9,1313,7.75395425170846,0.41425348685067787,-1.0482201730905214
3,9,1319,3.553848614324148,1.2083220790306086,-0.5960838919438345
3,9,1320,2.5746550766402128,1.4921268098568001,-0.5147292187691529
3,9,1321,1.5125277031729265,1.615378383179539,-0.5646469632981679
3,9,1323,1.5791117026698778,-1.6430302167963529,-0.09584482338506345
3,9,1324,3.3156009899634737,-1.5702716037276416,-0.16763340185181094
3,9,1325,3.821339763502984,-0.9299705684399581,0.20850273457190127
3,9,1326,5.49662935873552,-0.6935518288449776,-1.1471650238714728
3,9,1327,9.674517739277665,-0.9055614405648504,-3.2875221231470815
3,9,1328,12.914153064458516,-0.6080731848940599,-2.7084152013954075
3,9,1329,12.411757067550152,1.449070168437592,-0.9466812490884521
3,9,1332,6.473791312418183,-0.9439431873028693,1.7403698659441542
3,9,1333,5.843699420670945,-0.5924202438070161,1.0945249298498847
3,9,1335,6.26261866587987,-0.3817632070434215,-0.8834803286080627
3,9,1336,9.843834323960113,-0.06069892323731707,-3.5235186148213375
3,9,1337,13.448972207901884,0.3090970067376369,-3.9430720628755704
3,9,1355,10.904268273163103,-2.7282477877331988,-1.9113019158799704
3,9,1396,3.7792450720288615,2.08767110970801,-0.855903462582446
3,9,1397,5.736853159060353,-2.1589398128796247,-1.7066260478673319
3,9,1398,9.418654841142375,-2.476211167703334,-1.413915126049382
3,9,1399,13.247424979196918,-2.0618366216557296,-1.7886832174746006
3,9,1414,3.6457164935021624,-0.6889598805310302,0.6898897345426919
3,9,1415,4.090713131438097,-1.216421239254419,0.1313019061613261
3,9,1416,5.044547069173796,-1.366735789050775,0.22164303391979986
3,9,1417,5.969616580472605,-1.1427157504709429,0.18560681967007617
3,9,1418,7.214052921779724,-1.3318658029682768,0.0768604657867861
3,9,1419,8.107401997001928,-0.9792377724289942,0.0811242518640631
3,9,1420,8.105914535835222,-0.5336407712610259,0.5351001993315908
3,9,1421,7.77498159347996,-0.6385366575286328,0.9679741863256219
3,9,1422,8.97985161908091,-1.9025582404444596,0.6683501043910306
3,9,1424,9.685692779386489,-1.880016123572277,0.4548302724043215
3,9,1425,11.023773216220002,-1.7961634311986774,0.35460722191932065
3,9,1426,12.160888011361429,-1.4522457112818454,0.2748533634928941
3,9,1427,12.811338296508232,-0.988227705797504,0.32416004894490186
3,9,1428,13.064625234686627,-0.6888872135693455,0.4300477465383768
3,9,1429,13.692748171331347,-0.8342655895332048,0.20174089663685174
3,9,1430,14.522479244113727,-0.6726812684578772,-0.18364199855055752
3,9,1442,3.273694339797236,-0.8301627330374322,-1.0024754524173516
3,9,1443,5.702945527251198,-0.5511962354692805,-2.3419086721900846
3,9,1444,8.486147148861022,-0.2658315344550008,-2.624009570640007
3,9,1445,11.205316703629721,-0.2812947817469966,-2.469646885882055
3,9,1446,13.647596031539754,-0.12426935887879131,-2.3310042468223506
3,9,1463,2.7658650782884115,0.9191342176480009,-0.5604034692467176
3,9,1469,5.195460533105944,-0.9167964938298423,-0.5456392681648624
3,9,1470,9.95082599784818,0.6333922200844969,-5.4407349609899
3,9,1474,13.765073297362138,1.5374014964149623,-4.0183692344024
3,10,1840,2.0155286691931145,-2.884322172689088,-0.36611576298011417
3,10,1841,5.318062185564021,-2.8858981626438602,-0.5674676313366177
3,10,1842,7.003354339412602,-2.6129287755502038,0.8743770002608755
3,10,1844,10.019162338680568,-1.7669086826473626,1.015968908048337
3,10,1845,11.766265049683579,-0.8793736433545588,-0.8678034802723595
3,10,1846,11.731912124686888,-1.3448251390913808,1.3709307505264035
3,10,1856,1.812037146504091,0.4687729897124847,-0.9441177964187532
4,5,34,2.5670866845764726,-1.510727120209686,-2.0972136794020155
4,5,35,9.104439244540707,-4.668585392142685,-1.8799837624465479
4,5,36,14.510484518428209,-3.8770754699325183,-1.5343045500260784
4,5,53,4.361974098620113,1.949590402175692,-1.2635296409579362
4,5,83,12.297553003180441,5.739609161083298,-0.7011431292841287
4,5,85,9.076667277869747,4.636826663189045,-0.8692843045993002
4,5,87,4.050525261563171,0.8115839198646714,-1.6717761376805842
4,5,88,5.645042572796285,-0.8139118960412999,-1.5015706404358162
4,5,95,10.334424793055033,-0.8943241024934776,0.9936578267037326
4,5,96,10.138935744734999,-0.769784732782511,0.8985282114883547
4,5,97,9.513852249678711,-0.9073515575349367,1.5141128563149917
4,5,98,9.272247781067499,-0.9280428409611241,1.1660542999532804
4,5,99,8.629768792898165,-0.7338833602829129,1.3620704975912838
4,5,101,6.826431026387998,-0.6358468696596277,1.0615618953607147
4,5,138,14.356385185026818,2.86627732490882,-24.77548043263672
4,5,155,5.4278355658325195,-0.5125051613312578,0.03942040621343634
4,5,160,7.290018289064613,0.7677378910034545,-3.1903450769854365
4,5,161,9.749359381586642,0.9357618870237421,-3.4381924075243253
4,5,162,10.704339334754389,1.944499223846491,-2.9098243614750823
4,5,163,10.776331383283432,2.2892785470772448,-2.3673881244660433
4,5,166,0.791906691510107,0.8640928788722975,-0.8329732327907631
4,5,167,3.1029733003046998,-1.2225325139843917,-1.6294237736064447
4,5,168,5.451469300579739,-1.015246584232135,-1.3502720260020313
4,5,170,7.439253386006004,-0.27825138017822537,-1.1263403171883681
4,5,171,9.20196072082075,-0.6303474249809148,-1.1352049174711865
4,5,184,13.41696099896927,-4.472018068775841,3.628082145224945
4,5,229,14.778929189120735,-3.012176846644805,1.5161541612226963
4,5,832,0.5401210119505663,-8.11608724383779,-7.588433180117152
4,5,1828,1.58008244969423,-0.22199976801365454,-0.8420113808077156
4,5,1829,5.82101067921539,-3.627192607441648,-1.5151880936812345
4,5,1830,9.60195009045545,-2.988691954226407,-0.8514278982787495
4,5,1831,11.069066963570243,-0.7634882985807897,-0.7055254137637065
4,5,1853,2.9481515409201906,0.06262824693704265,-4.123793361258249
4,5,1854,7.490640470796878,-0.3111260443499254,-4.233647812930833
4,5,1855,11.203486606258837,-0.8050380119046566,-2.940182514973377
4,5,1865,5.084943746878557,-5.306957045996987,-6.6044434823492075
4,6,144,6.2128452054225205,-1.1937013276923845,-6.2238299342279175
4,6,145,11.167468923600932,-1.4097830885019795,-3.5830052571889395
4,6,163,2.6321937486360483,0.28309582065787553,-0.543973680503342
4,6,166,3.3596810576614025,-1.6212116317403482,1.1515074469184712
4,6,167,4.22239798102518,-1.57041607245525,0.7032044302163852
4,6,183,0.9993768896399761,-3.4316662150838666,0.6178844779627194
4,6,184,6.385485626015554,-5.803765379841348,0.40485353198366586
4,6,5738,6.549995920533646,-0.5834640495288037,1.9092464595446943
4,6,5744,4.455469889513475,-0.6647131331671511,-0.14445794576991255
4,6,5745,6.9678454830020655,-0.3643179276915237,-2.14968843730375
4,6,5746,10.760338017937908,0.09517049449544047,-3.9151452301777034
4,6,5747,13.21065446542461,-0.010009212565707536,-2.440873612719288
4,6,5748,14.023803821385433,0.15707360803072656,-0.9743811571521468
4,6,5755,4.398527433433615,-0.6226439223689019,-1.4607655858834367
4,6,5756,5.522838872175364,-0.5400805418583345,-0.6265715624357117
4,6,5757,6.437012705571229,-0.5311577105860511,-0.39949661355696897
4,6,5797,13.127847000274105,-1.5607071850877179,7.328492461457874
4,6,5798,8.195112829006701,-1.0485316247563856,5.893241796347743
4,6,5801,4.54116860671955,-0.9943751441456214,-2.3516957390100535
4,6,5802,7.591078102861716,-0.9655944716473727,-2.2429295112177545
4,6,5803,9.028947807169619,0.4563244243454308,-1.905218098917013
4,6,5804,10.108081040453454,0.5260338235208757,-1.6072397490532135
4,6,5805,10.904950338296453,0.5173481801161505,-1.3149741542368156
4,6,5806,11.234688538544898,0.8056309778175719,-1.1354151472223755
4,6,5807,11.428103568394267,0.8517597071388079,-1.0452911196575163
4,6,5808,11.453287343531583,0.7732688532836187,-0.798477064532905
4,6,5809,11.141087675564705,1.0088004036192626,-0.697422786268078
4,6,5810,10.79604099872504,2.014109303443054,-1.6693272768584588
4,6,5812,11.61681967994741,2.4143487086591033,-1.2995491344435164
4,6,5813,11.228446796959382,1.4693248112441029,-1.100966708308383
4,6,5833,13.630790299734032,6.200077809704595,-0.5637553954050901
4,6,5834,8.560987833651037,5.819536142113889,-0.7902525864290729
4,6,5836,0.7662424448542895,-3.1794757563526796,-0.9468200586927238
4,6,5837,4.458100580656719,-2.350088562411261,-1.3426329875829839
4,6,5838,8.61386526320279,-2.2103596550766413,-1.945818628530464
4,6,5839,12.00683287068515,-1.8794752497779963,-1.519538699398767
4,6,5840,12.352494204443033,-0.9297746180206715,0.582660968328097
4,6,5859,14.554513905847967,-1.2523828405761015,7.343085884298589
4,6,5860,9.245678013242825,-1.3683630782661946,6.645748219163274
4,6,5861,4.304611674284135,-0.6053803151477714,5.545392994952824
4,6,5862,1.071737274001621,-0.2622284603518,-3.9605542621584577
4,6,5863,7.1058092290416,-1.7529591894480703,-4.476792492246596
4,6,5864,12.746660093381504,-1.8509727132517262,-3.8032606692372717
4,7,426,11.906477780614402,-5.483903910564884,0.25456098950267336
4,7,478,4.61075803327004,-3.673706916403031,-0.19338604676693702
4,7,1163,5.890320563792597,-0.9406666866392824,2.0509421384529483
4,7,1167,3.2983402909749313,-1.3332284843335662,-0.4303395794742341
4,7,1168,4.844468669994066,-1.3092849829066933,-0.30593589613176986
4,7,1169,5.838053005450218,-0.7949600088077688,-0.2104510814704338
4,9,1,6.395289659399704,0.7304653135934016,-0.9968454810366245
4,9,3,6.996352424583282,-0.038356876398367386,-1.1099220937600789
4,9,4,7.504112940261487,0.4212085582186535,-0.9673518012369287
4,9,5,6.709452135879814,-0.9971750310400275,1.790927674158324
4,9,6,12.431743583575487,-1.7958534961994697,-3.9861085212972553
4,9,33,1.478255544315346,-1.509874397777431,-1.696381360202359
4,9,34,4.338168257878949,-1.467428993623794,-1.5424886145272094
4,9,35,10.367815676007247,-4.675433926779874,-1.3544117826443787
4,9,53,5.82747378019245,-1.7734582697739332,-3.9460025130104546
4,9,191,6.233274491906296,-6.5231815671077396,-4.115648002834147
4,9,352,3.40614650855658,-2.566335969498691,-4.019641152368917
4,9,353,9.73689942298926,-2.6965203903108126,-3.7476258506151847
4,9,376,11.161411739342574,6.304066928126694,-1.5019513117010597
4,9,377,10.582132070521158,2.1355510742595336,-2.6622652552560364
4,9,378,11.515560579730302,0.24435185725568975,-2.039502425548346
4,9,379,11.710530119410688,-1.3220307046689297,1.086939702901268
4,9,382,6.710983974912738,-1.8701111911977735,2.5426935307698297
4,9,383,9.444083653951933,-1.3883910466504727,-1.3505056252531817
4,9,384,10.849302642433864,-0.04095459525993386,-1.4040452185264374
4,9,385,13.077463072974098,-0.4011208848047096,-1.867983358204977
4,9,386,14.708690650637392,-0.709663735755277,-0.9298592219205241
5,6,161,5.961990036736055,-1.6956382000845769,-2.538555739140439
5,6,162,10.003895836469383,-2.3730959636496083,-2.105340387831209
5,6,163,11.841240999203208,-2.0201375421943255,0.11504334323757573
5,6,172,4.914516752456447,-1.0456680263929645,0.1039087090609287
5,6,189,7.377138768749616,-2.3614739978306396,1.3799781031769098
5,6,190,10.582282572565827,-3.1511716073976577,-0.48623784087776045
5,6,191,13.663319863151482,-2.4958051048666854,-0.6946848997459767
5,6,376,6.5116901646789,-0.7994486719726848,0.85828325062364
5,6,377,7.764007414311118,-2.518269644702052,0.6514906736743971
5,6,378,8.448774599938291,-2.4802950755759423,1.7045786463856927
5,6,379,9.70253952131693,-1.5983802836117182,0.23305337637076742
5,6,381,8.67817971565431,1.7849762405715424,-0.6738246071681876
5,6,383,3.4683491876433767,-5.570760715381221,-2.114895353424144
5,6,384,11.255774236571257,-5.615806383624324,-2.2547242545999
5,6,5018,7.125149183577853,-0.33160524039404904,-1.5146148239060517
5,6,5019,11.523353093523806,-1.78977552471858,-2.9463028154856423
5,7,2699,4.247316644770222,-6.085991143696799,-5.786986475232084
5,7,2700,9.923367661927863,-5.069712027537399,-0.7470552879777389
5,7,2701,11.502442466244396,-5.163125044842532,3.401422721345652
5,7,2702,12.47507886472779,-4.416744799183504,3.4108140981113477
5,7,2703,12.545025767273739,-3.126437807516128,3.0351575382893894
5,7,2704,12.328411266948605,-2.207774155296884,2.424377889516199
5,7,2705,11.87992926665865,-1.963238303991049,2.40814799996571
5,7,2706,12.492303575124211,-3.2675075815538603,2.653505081697269
5,7,2707,12.7138079193248,-2.6851526656013975,2.4618573775002752
5,7,2708,12.755833769432698,-1.597612374920681,1.5552168257848495
5,7,2717,7.005329781606561,1.098498084293896,-0.8530660014193371
5,7,2718,7.736390335038722,-1.5274309551912706,-1.6717707072951142
5,7,2719,12.821547268456571,-4.778465607639928,-1.3147545774003082
5,7,2750,12.758588118561665,1.7128649035623287,-0.6786995499183532
5,7,2754,9.976844354284593,0.7310338101929913,-0.6962698886193484
5,7,2755,9.434904962432132,1.0649415813907825,-0.538534922221638
5,7,2760,2.4779539357411946,-0.767656734021203,0.09313617815319447
5,7,2761,3.4139931319778283,-0.9535680625357239,-0.0849494976411872
5,7,2762,4.0468336822315445,-0.7489683982387012,0.06852082020585372
5,7,2763,4.610109884763545,-1.1196252934229576,0.5501364606525355
5,7,2764,5.033395995849199,-0.685480132567051,0.26209192231899003
5,7,2767,5.168773481969343,0.35794589122536274,-0.5622392595951782
5,7,2768,5.77438727133738,0.18391799759077854,-0.8491965045195727
5,7,2769,6.209403341390506,0.3219570188237709,-0.7573221336259759
5,7,2770,6.620665181609327,0.21030618843506643,-0.6342995432075279
5,7,2771,7.64643431842328,-0.10843415105746124,-0.92102770737966
5,7,2772,8.762206030116953,-0.31879275480684405,-0.79905953823053
5,7,2784,3.2678257043402654,0.046761534314282975,-0.540602053798089
5,7,2785,4.690511993038122,-1.0435436843162849,-0.47526433870748097
5,7,2786,7.285518950174934,-1.8344123280290683,-0.79173462388083
5,7,2787,9.953101536579696,-2.105179511887898,-0.5710305613007284
5,7,2788,12.41063306713947,-1.9253317582194416,-0.5344976550947234
5,7,2789,14.317086752109903,-1.5382088887536092,-0.3685712705532331
5,7,2809,4.659211404229137,-3.2992254539505237,-0.7302227992835326
5,7,2810,8.331483742216648,-2.90161116513363,-0.8046678005862407
5,7,2811,10.866215251434319,-2.2770709325161906,-0.29719522961555733
5,7,2812,13.322745530002491,-1.8051380457044677,-0.6676854139721969
5,7,2818,14.56476092968037,-0.796250036580863,1.5432763665128946
5,7,2820,7.835246193129364,3.468855706580435,-0.605160660076168
5,7,2829,9.381523485881868,1.6293796259067608,-0.6559436510232963
5,7,2830,10.326554413530243,1.7850350495148208,-2.7323522300466867
5,7,2835,1.9264960637314659,4.814586676011706,-1.6692432283916874
5,7,2838,1.9656257510798427,-2.9806730786274445,1.1829809759667098
5,7,2839,5.215798299702503,-3.92059139103156,0.6405310228895782
5,7,2856,4.689520309577297,-5.153352768311913,-4.056438563410977
5,7,2857,13.352811028053551,-4.670554843951466,-4.26611069649425
5,7,2919,6.299641734994269,-6.956889752517029,-0.26512198837702455
5,7,2920,12.705442784263278,-6.065786953379766,-0.43158575501426094
5,7,2935,6.255557417297124,7.35781349661169,-1.5139422761472334
5,7,2937,6.2033796851490175,-7.389601576491477,2.1148882831674807
5,7,2938,12.134385398491007,-6.318306707148993,0.3503855978155155
5,7,2948,1.9830002931281954,-1.2952648444841932,-0.5755080573204925
5,7,2949,4.892848756384933,-2.2588224728183928,-1.2028524857007339
5,7,2950,8.56560969374494,-2.347630273751434,-1.371706185573329
5,7,2951,11.017766436894112,-2.037904684825744,-0.4167125805898474
5,7,2952,12.836185993265802,-2.3069940458537563,0.47024287858153535
5,7,2953,13.578037832048205,-1.9785067109762087,1.1887686438648482
5,7,2954,13.903980505807208,-2.2401844920918275,1.7454199692433752
5,7,2996,5.270642270751205,-0.8499638211595322,1.1936919360629175
5,7,2997,4.498049347735179,-0.8246957740544026,1.3816775303776305
5,7,2998,4.079538780508391,-0.785920389434285,1.0165572459758323
5,7,2999,4.069573294327497,-0.5595056122889555,0.4530609285822149
5,7,3002,5.5463204431208775,-0.07014325076038005,-1.3832079379263549
5,7,3003,6.709454450816592,0.0086626670424051,-1.2003096290156527
5,7,3004,7.13769249226035,0.5979581840685468,-2.028975889141498
5,7,3005,8.181302958782675,0.14060428792096002,-2.1462534986721398
5,7,3006,11.403124802433226,-1.2776311597155434,-2.244755715077897
5,7,3072,3.7165541479822264,-0.7596135077725241,-0.21038351444833536
5,7,3074,5.657963547759922,-2.4764562900314138,0.23361885916124076
5,7,3075,7.5897013309334165,-3.3898313956915196,1.4516019108163662
5,7,3076,8.936701590139949,-2.7685899849132047,1.4194330279543892
5,7,3077,9.750424508438378,-2.3336769907959862,1.5171261049333624
5,7,3078,10.191193200528417,-1.9230039625513584,1.4812885388110972
5,7,3079,10.331480789153295,-1.420357451985218,1.2799626091348586
5,7,3080,10.093026742286467,-1.126467801894869,1.3646964826067225
5,7,3081,9.717892719472466,-0.962769280581675,1.3377447640974034
5,7,3082,9.223183109764165,-0.5118348702892618,1.0063296358117269
5,7,3086,11.79796611851025,-0.953599053991422,-0.4170100898275396
5,7,3091,14.209334755972474,-0.20489651470889814,-0.7170127487181102
5,7,3133,5.131226569518144,-0.9298964815337295,-0.7862551929459911
5,7,3134,6.976953459588806,-0.8731836881740693,-1.1133514381483063
5,7,3135,8.80313188808201,-0.6388995148125198,-1.2377047199078208
5,7,3136,10.578062666918234,-0.6666413144829499,-1.125713214579397
5,7,3137,12.743485830503124,-0.7870692843434337,-1.3900352513909198
5,7,3164,11.577052584334853,-0.5814435095127936,0.05567056095771983
5,7,3165,13.019056181188857,-0.6582348336217091,-0.7878951676184354
5,7,3166,13.82354094483122,-0.07689019514303765,-0.7394636328255624
5,7,3169,13.104968205092682,0.9575027530839584,-0.7386650548161763
5,7,3170,12.620746023230964,1.3009517183625092,-0.8479759615681159
5,7,3171,11.481662906569827,1.8782050723312977,-0.7697022153445567
5,7,3172,10.084950863281904,1.9542145350454179,-0.5708560962579822
5,7,3186,2.7323248885256413,0.6716087199493532,-3.1240620770937997
5,7,3188,5.112608803658578,0.066957161094544,-3.0398158360819227
5,7,3190,7.345343207938358,1.287095091313509,-2.150746579405494
5,7,3191,7.253855710610027,1.7694963248350755,-1.6807758192369913
5,7,3192,7.675990933068643,0.6550460535153775,-1.0830177635780105
5,7,3195,0.41822358236024565,-1.4291985340195092,-0.43441443045081074
5,7,3196,4.657919456282737,-2.189057208378108,-2.2783413366642913
5,7,3197,8.242743213854828,-1.7328567386368037,-1.8525181898369767
5,7,3198,10.76103690320974,-0.9514046954681026,-1.5688471838624047
5,7,3199,12.685360829943349,-0.5579115825006266,-1.369730106932121
5,7,3200,14.015686737755756,-0.2730951296794783,-1.062712345381772
5,7,3201,14.66998072944473,-0.003901037185185363,-0.6594707516556564
5,7,3209,1.6717983481158865,0.6847079439854256,-1.3781645101968478
5,7,3210,2.738133646316705,0.2710937627820705,-1.6263524736083785
5,7,3211,3.8504310864194653,0.024612973328222237,-1.1841344163227119
5,7,3212,4.719543741124706,-0.0168976275983373,-0.8597413898446423
5,7,3213,5.459345201384598,0.030408711227340707,-0.780488851244814
5,7,3214,6.056246524500259,0.27149803175821247,-0.8701117937521656
5,7,3215,6.474435997694806,0.38438194301916784,-0.8036261023678579
5,7,3216,6.718736559102542,0.29044698612601677,-0.5379908612431052
5,7,3219,6.640334348294484,-0.6881784008694768,1.1774155404274507
5,7,3220,6.028243495832621,-0.5056339014781503,1.100168105586249
5,7,3223,5.29553214614935,-0.6477796354577772,0.8789659831626087
5,7,3226,4.621169919494965,-1.026840164309693,0.7619894590732769
5,7,3227,4.54126525337883,-1.0870532293054107,1.0968604107815176
5,7,3228,4.7990714300633535,-1.5365869866180546,1.1984791612623316
5,7,3229,5.881372918464455,-1.6935816585385253,0.6067765897561676
5,7,3230,7.06153343681332,-1.738282256594182,0.5542917070526328
5,7,3231,8.38828970565751,-1.7995090349278362,0.46827888015806196
5,7,3232,9.649824154803202,-1.8133742269095197,0.5510258947130318
5,7,3233,11.019465942332959,-1.61817684153486,0.24581497294356985
5,7,3234,12.561518499289646,-1.493872521143855,-0.04858133083267263
5,7,3235,14.024985299404387,-1.5053934028391827,0.04188863254560313
5,7,3236,14.934427277579127,-1.389731636007982,0.4802896569980418
5,7,3237,14.914085781457292,-0.6300201539748164,0.6474246912751974
5,7,3243,1.48970464596334,-0.5430390095889156,-0.4783931268559657
5,7,3244,3.7970354368841543,-1.5606543596352878,-1.3165624202355144
5,7,3245,5.585239510146889,-1.0454527356095793,-0.8220998795410105
5,7,3246,7.667774382484093,-1.479711424739974,-0.6081528870947871
5,7,3254,1.8677401044846527,-0.8433138384180479,-0.3030796638466682
5,7,3255,2.8861191355696523,-1.1850003669025995,-0.09217516632420397
5,7,3256,4.126997817083533,-1.0943874483735916,-0.18364210072309928
5,7,3257,5.6505119800359855,-1.374028004882014,-0.16112051065395894
5,7,3258,7.247245594690694,-1.4385601462074715,-0.16143524225876763
5,7,3259,8.92467467153959,-1.3872579344589415,-0.2902990609100198
5,7,3260,10.52949968058589,-1.2663825348782418,-0.3584230185250135
5,7,3261,11.491906536790651,-0.9179516777099563,-0.047397629264940955
5,7,3262,11.978237746781263,-0.7547316679119849,0.26810678128660925
5,7,3263,12.285681236205557,-0.816724519468079,0.5090285719532738
5,7,3264,12.70046963913401,-0.883109990840081,0.4668291652442986
5,7,3265,13.444865205909554,-0.9049575372466598,0.15968993070870702
5,7,3266,14.411120074791116,-0.9175311887129854,-0.04876113353299971
5,7,3297,7.58641689294527,-0.7604592814091833,3.3030106980197633
5,7,3303,2.1132655585735347,-0.9245202136940239,0.5191306688891829
5,7,3304,5.074935202094282,-0.4416820828226278,-3.4102416228629444
5,7,3305,8.264496339713475,-0.23491105784847988,-3.0229843041625943
5,7,3306,10.544310881412242,0.597704692382359,-2.9007146621242335
5,7,3307,10.985465392935632,0.8329217927358901,-1.276812653300939
5,7,3308,10.940644697514044,0.5525642932194129,-0.5133979970488735
5,7,3309,11.510237857123274,0.4762522848224374,-1.0465800445581792
5,7,3314,0.8041623803675182,-2.2776251257142484,-0.6181836432219863
5,7,3315,4.234782686839783,-2.4135322803221073,-1.0704933772033294
5,7,3320,13.20193983169148,-0.12755458637017947,-1.6566164848349274
5,7,3346,4.60979285882102,1.0752281505344594,-4.45368942238063
5,7,3347,8.217130976947425,0.7299776921738301,-4.5920732969643545
5,7,3348,11.161511292941492,1.445616412662837,-4.416804872261371
5,7,3349,12.888357837531844,1.7020324507553468,-3.445553045455705
5,7,3350,13.900466544739983,1.8250597792165681,-2.8450927647970317
5,7,3351,14.523025383416034,1.4821419139328684,-2.1065699947155334
5,7,3388,5.696583349696811,-1.766541794224191,-0.9872335455950635
5,7,3389,7.8428184263067315,-1.6652361010244068,-0.4879302768748564
5,7,3390,9.355034072799368,-1.100688399354256,-0.416958803415147
5,7,3391,10.638703842565942,-0.9252658006009199,-0.3655382344018434
5,7,3392,11.678732965953214,-1.0946860086456849,0.03726438526779932
5,7,3393,12.278163285906407,-1.608326192179624,1.0042610578723576
5,7,3394,11.832874947459917,-1.2248857371522734,1.6655282893244314
5,7,3395,10.934510294737334,-0.9848774018011363,1.8708882891705017
5,7,3396,10.893969990507486,-0.9874675441454152,0.9675776111756852
5,7,3397,10.922069474335142,-0.6531352346925533,0.5729655043386269
5,7,3398,10.325423824247903,-0.826053397704426,1.3863591290247865
5,7,3399,9.805269156083433,-1.1292091663016122,1.6010290586660927
5,7,3400,10.963345276855499,-2.61448925090801,1.4263938997747845
5,7,3401,11.899320095529266,-2.2690911128372027,1.3185479142685341
5,7,3402,12.997172558256693,-2.202951026507338,1.100234159582687
5,7,3403,14.0400397112333,-1.7790963437096854,0.7135702700693498
5,7,3404,14.955302192156779,-1.7680173856440184,0.8429468947792491
5,7,3405,12.439733378940804,-3.3177090538362757,5.8100812546790745
5,7,3406,10.01967259401492,-2.959617797677356,5.34874192663709
5,7,3407,7.989420175497344,-2.489222830432865,4.490636150468217
5,7,3408,6.8655659789499435,-2.6980125756529483,3.81839963886196
5,7,3409,6.575117596724241,-2.7464194061542697,3.036431070609031
5,7,3410,6.400838515401058,-2.5553919025397325,2.7273271476808763
5,7,3411,6.046033364159624,-2.0151171233289467,2.369507112365098
5,7,3412,5.902140899622838,-1.315171759239147,1.4568059503020374
5,7,3664,9.243945780596265,-0.7838667370664676,0.4641563285632116
5,7,3665,9.957676563223666,-1.1667704429220147,0.44780400200216613
5,7,3666,10.760316942889988,-1.054791560558393,0.2512298242699602
5,7,3667,11.4639849302949,-0.7436466192569697,0.038521133263545615
5,7,3678,11.596223194177284,0.5906782690220913,-1.0948312311501947
5,7,3679,12.278825004162929,0.4106369918284803,-1.111486827056204
5,7,3680,12.70950078610973,0.29869967868215935,-0.7445924897976568
5,7,3681,12.611096379614342,0.6495650942560545,-0.5546110557535755
5,7,3682,12.721297160900013,0.6658773167594091,-0.7766535466830324
5,7,3683,13.152512949991724,0.8728891461487553,-1.3180042502957068
5,7,3684,13.88064699136588,0.8370057944264567,-1.6222166709500485
5,7,3685,14.554394500337137,0.6383359713841114,-1.3298063844174657
5,7,3696,1.719165584565144,-3.3644720966667343,2.681493237962002
5,7,3697,2.5533910907843156,-2.728201219801119,1.7444921653329508
5,7,3706,4.866128742334191,-0.7458995040499405,0.5706193542456266
5,7,3707,5.379061348760361,-0.8031187058001157,0.25129252233817034
5,7,3710,2.8732124732888678,-1.7366425395903984,-1.9488530538268218
5,7,3711,5.853816882775032,-1.6841864418429613,-1.3093910806760207
5,7,3712,8.11277434071628,-1.175048591984768,-1.0856986302351943
5,7,3713,9.463644708533062,-0.23492930700325235,-1.116276641663808
5,7,3714,10.400787507903363,0.33427174991241926,-1.2786601763833678
5,7,3715,12.919850829100804,-1.0772007764181764,-1.4461600008469246
5,7,3883,7.886959236003935,-6.732414965767414,-4.071876730320103
5,7,3893,4.130717617415779,-2.5297313442607834,-1.7871788361006917
5,7,3894,8.104900998417362,-4.1600076523598295,0.020096195998973304
5,7,3895,11.859424597588799,-3.5501884920156117,-0.23907127194610037
5,7,3896,14.371932635959253,-2.773608391900077,0.261066559649541
5,7,3927,3.9365569419243513,-2.373821060925509,-2.5667749690133945
5,7,3928,5.470677719701042,-0.7277950239376069,-0.865563306411337
5,7,3929,6.520802448242569,-0.41950816917051775,-0.6678061666038556
5,7,3948,2.708007180846021,0.4274399435177996,-0.7190714394794581
5,7,3949,2.8126371450045102,0.62787615701511,-0.7664878827861631
5,7,3950,2.996421332439521,1.0139711113739378,-1.2039923693994248
5,7,3951,3.317242726144054,0.5499409228649013,-0.8940329525104435
5,7,3956,6.411624998845557,0.10991296963586837,-0.7075707697777532
5,7,3970,0.6783298576645739,-0.7905207289854969,-1.0249334899001967
5,7,3971,1.1906957768195112,0.46977311750550566,-0.9824928669182578
5,7,3979,1.6644442281008287,0.08575438136464571,-1.1927138593101043
5,7,3980,4.285508968820528,0.23047227732596226,-2.877022468346203
5,7,3981,6.933806855757219,0.10301387841838583,-2.765147083415211
5,7,3982,8.249590133286688,0.051270601162952664,-1.369101872033317
5,7,3985,8.856186767847637,0.00471358313090009,-0.7478234644917503
5,7,3986,9.740669919902867,0.3430453641197136,-1.240325970494647
5,7,3987,10.314747080976156,0.85574261690493,-1.453092222369095
5,7,3988,12.494965359511827,1.4970006222987378,-3.700949560203162
5,7,3989,14.878912432477586,1.31399037615102,-3.6981615830063927
5,7,3999,6.583026874812539,-1.474924919000615,-3.4199349794386724
5,7,4000,11.288671837424872,-1.2508738822989258,-3.6120349707486286
5,7,4069,13.408488785374676,4.402313223258635,-0.956194063549456
5,7,4096,2.401912992256369,0.2851028341757361,-1.3405767909536748
5,7,4097,3.162203750110467,0.12182006824943917,-0.9037735722346119
5,7,4101,4.371150085516641,0.7317025993390407,-1.0495093387482535
5,7,4102,4.675986340708,0.8612645312853533,-1.1707398776845588
5,7,4103,4.707437911431001,0.7300696364563525,-0.7629032424163016
5,7,4104,4.707146388795314,0.5434167035890023,-0.5627979254217736
5,7,4105,4.974781264240978,0.30891711225498386,-0.6311516518109526
5,7,4106,5.457325351803189,0.1558009044882287,-0.7678906078016481
5,7,4107,6.173361132933153,0.10678191736198242,-0.9221532094694083
5,7,4108,7.358699277545454,-0.21543382553781576,-1.0906386460387492
5,7,4109,9.775393135960252,-0.9580143596583586,-1.5383365814206287
5,7,4110,12.620230796366588,-1.6861591393095985,-1.1994073554748492
5,8,372,13.00913269146955,-3.3497607514605052,-0.36492349247213124
5,8,373,14.28881222966371,-2.1176540868234306,0.4136300369495537
5,8,374,14.996742099763596,-1.8739067525157163,1.0203377634592201
5,8,386,3.0927167201386014,-3.3549973287558545,-8.284145079414635
5,8,387,13.991034600694471,-3.1113780150289743,-7.839097381958567
5,9,2,13.480709427317096,-0.14132029413016067,-0.7202947137368193
5,9,3,13.062970417244784,-0.7104738139558517,1.122167216712201
5,9,5,14.370375161471465,0.12153680377692919,-1.772526827075848
5,9,6,11.415459586099722,-1.1268879717082554,4.0775363516041265
5,9,17,6.700226721827327,1.2017076391160324,-1.4350519105656347
5,9,18,6.858900994203546,0.7889232280125826,-0.9751670606915124
5,9,20,5.520335858338498,0.7481085447116093,-0.8006476762778627
5,9,21,7.030379179011046,-0.5494734089653605,-1.1560318782896895
5,9,22,6.727249146444457,1.3095478030417174,-1.11485137367662
5,9,25,3.423428313335293,-0.5718136432483608,-1.9129129482900995
5,9,26,6.132417809611656,-0.57708141325937,-2.141768132289486
5,9,27,8.550591050839737,-0.23573483539637735,-2.208551402734142
5,9,28,10.938403292355398,-0.26086885190187525,-2.3281610323518853
5,9,29,9.235886386349584,4.324623150486717,-2.638688240057791
5,9,31,4.314637310644756,2.8162839412683875,-2.3521973960089317
5,9,32,3.2288137037449487,3.2090072415776274,-2.1232989607522708
5,9,33,2.4057742546383043,2.6285393967737374,-1.8280528525233442
5,9,34,1.7829745978663143,2.154324827564536,-1.5452380834330754
5,9,35,1.2818790242597198,1.7409421881940184,-1.2903247206601516
5,9,37,1.1719979222423247,-1.0253061406764152,0.21685063295229307
5,9,42,6.091402778417032,-0.06872836484934836,-4.224328155047233
5,9,44,9.736212309819603,-0.34059060324387014,-3.1281620527430607
5,9,49,5.983479511819301,-1.5115391326844168,1.6520831945388565
5,9,50,5.502663605006677,-1.4135921172157677,1.8163722135269849
5,9,51,5.362509048279546,-1.5467430854712398,1.6868948688804806
5,9,53,9.797643497476471,-1.4516830871092754,-4.263673188500109
5,9,202,12.800864155621154,3.2541760937303996,-0.7092747097800165
5,9,203,10.494790434351156,2.8189877883566377,-0.5338336267816048
5,9,204,10.888810902813155,0.22625064813798174,-0.6203157577234766
5,9,208,2.386743361114366,-2.2035940729671877,-1.381716863906795
5,9,209,6.570109288444361,-1.965822691178493,-2.5519656476046215
5,9,4526,9.388163587844762,-0.5710864973040141,0.5271011888878852
5,9,4533,2.452954678748187,-0.03971525524830679,-1.6012736739814506
5,9,4534,3.8365760569226777,0.6247412402224154,-2.2638797760858194
5,9,4535,5.141831133962238,0.7124646585356729,-2.059351118404813
5,9,4536,6.198173504824213,0.33131938068718886,-1.3878191139555887
5,9,4543,7.954956691784185,2.82453959608531,-1.9266449979141527
5,9,4544,7.793708206160767,3.0179039445630407,-2.9847666991959447
5,9,4545,6.878365385999697,2.185369561216886,-1.335537757927146
5,10,1654,1.6310123514617414,-0.3933683864815095,-3.072091847306533
5,10,1656,5.342414922162659,-0.5772728233041771,-0.8907028924207661
5,10,1658,6.575004489846268,-0.25467481675040554,-0.5098610549650044
5,10,1664,5.724673306358103,-0.7527974310275495,0.4485352479027116
5,10,1665,6.0180545552119,-0.9878277771321455,0.6318903658369845
5,10,1667,4.77824876769098,-1.2185713831094556,1.2744788745697389
5,10,1668,4.5944475587554585,-0.7395463600464595,0.920308868216706
5,10,1669,4.626243177463406,-0.8489591107169046,0.8164348063475648
5,10,1670,4.284481649292386,-0.6800462119909738,1.0176086353302782
5,10,1673,1.0213946766519821,-1.317318801226838,1.9454479283858188
5,10,1674,0.26229326600133696,-1.3879343929208245,2.1013560932877
5,10,1694,3.458730755409697,-0.5017543687214416,-6.668638022085079
5,10,1695,8.24309737528152,-0.47899428919836584,-4.307868311410662
5,10,1696,8.343884953999028,-1.7569000426672514,1.6432721408441437
5,10,1697,8.904795377541097,-1.1904903980678552,0.32982642722211375
5,10,1698,10.535398458953866,-0.5035640699701345,-1.2491644322357318
5,10,1699,11.221932448805724,0.269198844424432,-0.9559639272794945
5,10,1703,3.9634796031689525,-0.6567731797569634,-0.5250332312428286
5,10,1704,4.7986674028184675,-1.0848617314673281,0.06260942284064994
5,10,1705,6.559125916994391,-1.2599289298798277,-0.6590402433552881
5,10,1713,10.975567745553093,-0.5956136557037144,1.3241525634572338
5,10,2917,4.739556648518495,-6.540008292144641,-1.1011128387156135
5,10,2918,13.179295808417221,-8.298407702158796,-1.7870954059341049
5,10,2940,3.221482759580673,-2.251924949220642,-2.783170469797874
5,10,2941,7.205097250788802,-1.6953696042587567,-2.3251877488567945
5,10,2942,8.490744888922073,-2.388159688817515,1.1022298666002335
5,10,2943,9.082913319437688,-1.426843995835453,0.828528594606489
5,10,2947,5.558070841567362,-1.6165390589931157,-0.19397583056945716
5,10,2948,7.5803661547253585,-2.0745830115586736,-0.27941495544173545
5,10,2949,9.806268336466049,-2.074309980851811,-0.2691936331870408
5,10,2950,12.117585865950852,-2.197847200189538,-0.17405259365001258
5,10,2951,14.005465512807094,-1.9730948993052746,0.07738016563391183
5,10,2968,2.2887159013848177,-1.0912303181596756,5.280515334095947
5,10,2974,3.7838901841301102,-2.3677268505718625,0.5485923880857598
5,10,2975,3.9828918994472957,-1.6612915182879169,1.4317017951481124
5,10,2976,4.135739477207038,-1.0122180710241107,0.8298664132990698
5,10,2977,5.886236346483336,-0.4566723745438259,-1.4183408340851424
5,10,2978,10.185724301120588,-0.043483558934605135,-4.739589769086718
5,10,2979,9.146298282204759,5.462661540217264,-4.54536726905061
5,10,2980,6.8481193228894925,6.621459203623376,-4.324398832110422
5,10,2981,3.4615495645118135,4.510837175590304,-1.899762717252158
5,10,2984,5.527002677629149,-1.329062587667194,-1.3580178864514538
5,10,2990,13.208433340015414,-1.0289811149934187,-0.5945842658979371
5,10,2991,14.875030417725078,-1.194825758299647,-0.4750304064561195
5,10,2993,13.904791834724401,-1.224898846840056,3.5487035555998596
5,10,2994,11.324118054616626,-1.193558271150522,3.4985096116258942
5,10,2995,9.571079863317669,-1.0579006614758444,2.302718558310646
5,10,2996,8.87350021404139,-0.996753221131384,1.1008907168955833
5,10,2997,8.991477627438668,-0.8880238610802184,0.480297395987643
5,10,2998,9.32127102279771,-0.7650632920833524,0.26333817917902536
5,10,2999,9.955599055416833,-0.5694584839626056,-0.1864674345420061
5,10,3000,10.75409214716453,-0.08215059639820363,-0.882193126335496
5,10,3001,12.088875806491837,-0.2671892942698289,-1.1282209560928744
5,10,3002,13.939378982570137,0.0057060577361238846,-1.9448829627674131
5,10,3045,4.768814684159231,-1.6348107369110958,-1.5361673806208724
5,10,3072,11.568931334354556,-1.7753721591237126,3.9522582512829394
5,10,3073,9.930872515515828,-2.291563821781185,3.8679978489685745
5,10,3074,9.416286018391569,-3.517341550410233,3.893297090372151
5,10,3075,9.039258749206708,-3.761660566350583,4.135652820758964
5,10,3076,9.1609266959503,-3.1794130119853365,3.0552652409860785
5,10,3077,9.156392807507352,-2.838423752930863,2.8300685678553505
5,10,3078,8.473584266439287,-2.445956458643227,3.1282644606733276
5,10,3079,8.990977565421842,-1.9726162430266463,1.4545990897085943
5,10,3080,9.36805437325227,-1.669247908555638,1.282374062517744
5,10,3081,9.710961407676368,-1.4776297310566586,1.1254126815972914
5,10,3082,9.976782049535979,-1.1113741073347658,0.8396444317822532
5,10,3083,10.528944614407814,-0.9438507272255169,0.3456669154688397
5,10,3084,10.588291347129744,-0.9708167244202679,0.911465532578686
5,10,3085,11.41407715828181,-1.0932689739474557,0.2668427666198863
5,10,3086,12.570635649412413,-1.1179357092491995,-0.039877894105827275
5,10,3087,13.246428034851672,-0.569758841424818,-0.1093975429709625
5,10,3093,11.082243396213999,-0.8911768122467792,0.2885211372731245
5,10,3094,11.555907658270794,-0.8427585219262406,0.36508673235834543
5,10,3095,12.303093257985248,-1.4955953434404758,0.7436093326980298
5,10,3096,12.385990438890179,-1.1504709901400179,1.0619643485243584
5,10,3103,5.877522019786682,1.576433113678842,-0.8302055165863396
5,10,3104,5.2656418746682085,1.6546993920803004,-1.1247539609787214
5,10,3107,2.568546191672993,1.2122019325878948,-1.142561292673022
5,10,3108,3.861170243029649,0.18511028947856167,-1.7202696783381173
5,10,3109,6.191886171570032,0.1871579053156628,-2.5316156863055186
5,10,3110,7.553769097160943,0.9108349197827819,-2.296322122907437
5,10,3111,8.567357305404624,0.9131634153890804,-2.00438439759352
5,10,3112,8.562941194949776,1.7681470666148131,-1.7716222670318298
5,10,3113,8.427171933831895,1.6207812576705778,-1.488245739526885
5,10,3129,1.670527073542492,-0.5910630526298253,-0.08627843486674103
5,10,3130,2.3785491557913025,-0.6920685270923159,-0.044473707410733865
5,10,3131,2.936100446002083,-0.5730981993184457,-0.0005190423373262476
5,10,3132,3.445970626670539,-0.8720571615824085,0.34622254794856466
5,10,3133,3.8390447803681726,-1.3080307715293105,0.8664866924187775
5,10,3134,4.222434942077482,-1.0433739379181124,0.6204541090699963
5,10,3135,4.6175943073976145,-0.7630627159918704,0.35622049830383057
5,10,3136,4.956389771426345,-0.7674677298313718,0.4155821922789128
5,10,3137,5.579197178600923,-0.8446682036288123,0.22004217894886283
5,10,3138,6.384942667920377,-0.7099814513428575,-0.09997971296656673
5,10,3139,7.223818202646066,-0.8652778232538103,0.021325642603642864
5,10,3140,7.931261334552007,-0.7438382828200635,0.03238950932642981
5,10,3141,8.323392753329736,-1.0044939628696736,0.61010345933782
5,10,3150,6.705274521979723,0.7018635606814027,-0.5406944584518354
5,10,3151,5.914365128074216,1.4298957721289007,-0.6408939387972135
5,10,3152,5.916248747187946,0.7123397571327422,-0.7142568894041568
5,10,3153,6.072608136200508,0.5975439645999648,-0.7570383990779751
5,10,3154,6.046433300669521,0.7719823979457711,-0.7459936594874368
5,10,3155,5.9217230454290455,0.8121477150032311,-0.6876487458878875
5,10,3156,5.888724463964002,0.674773709977151,-0.6428927627970104
5,10,3157,5.8907194837679455,0.600535279079603,-0.6030641280127617
5,10,3158,5.791144122685952,0.6617585539827536,-0.5627542703677896
5,10,3159,5.402828541197659,0.8984407087244014,-0.5101259822729087
5,10,3164,2.1236576803350706,-0.6077750176589484,0.4697493976794768
5,10,3165,2.279922342693776,-0.5551218409504993,0.3983799339197186
5,10,3168,0.9316128379746571,0.9920488298749558,-0.5008172457201044
5,10,3170,2.4984648697135547,-1.2679192217847888,-0.2886938532178767
5,10,3171,4.820980514499021,-1.9904365912937214,-0.35088364055793914
5,10,3172,7.165641485498028,-2.0345658871236596,-0.31148058786249966
5,10,3173,9.054344815882514,-1.752203649915427,-0.13858791455673483
5,10,3174,10.516026158740342,-1.1622853001675177,-0.3004217747311941
5,10,3175,11.698909263370545,-0.8309751886833807,-0.35235187967811976
5,10,3181,13.271327165373046,-0.7853024495268015,0.18771089818126635
5,10,3192,1.5418364020247894,-0.07428004069923472,-1.4515608971175946
5,10,3194,6.203567095123361,-1.325770342026399,-1.6583201507694394
5,10,3196,11.427923481326355,-2.0702085109379094,-0.7608715755030542
5,10,3197,12.829762459247902,-1.6123269394935087,0.2024105071422733
5,10,3198,13.612368858427308,-0.8927717235549681,0.10823400849753623
5,10,3199,14.34201381600531,-0.5469836352785402,-0.1898882743387529
5,10,3209,1.5991479567787448,0.5802414597136024,-1.1480197407481665
5,10,3210,1.8058230112093465,0.35759945948394906,-0.565460652232366
5,10,3223,2.4207097199418475,-0.5167249063788253,0.368299766859303
5,10,3224,2.109742399335608,-0.5644312806887112,0.8387111077299125
5,10,3226,2.2423073351504983,-1.4299465958312543,0.6785742352541286
5,10,3227,2.5920437018269213,-1.2384514578656582,0.8876610707193846
5,10,3228,2.951055588302458,-1.535154177997737,1.176054514123565
5,10,3229,2.998674097644961,-1.6714153945909702,1.6237582653776492
5,10,3230,3.031607613644615,-1.7156350761966612,1.6796141461229674
5,10,3231,2.9777425177957118,-1.8061353605885353,1.8515372663586107
5,10,3232,2.9789224587422676,-1.849530556765072,1.8441108161513995
5,10,3233,3.0534154940669587,-1.6798529494142338,1.6050303174690703
5,10,3234,3.170441111143052,-1.5522292750078113,1.4350678141044673
5,10,3235,3.389872711695799,-1.5404429167343037,1.320078987545313
5,10,3236,3.8224808574594364,-1.4040498484512591,0.9710876430792104
5,10,3237,3.807084613911801,-0.7051766035449535,0.7160904139123746
5,10,3239,4.915552461981919,0.9081114634710329,-1.705213958031626
5,10,3240,6.995129332032953,-0.08435483038767058,-2.0148111386114875
5,10,3241,6.690731753991905,1.0157411817834368,-0.7115723632687203
5,10,3244,1.2287033209850124,-0.6890170405754208,-0.8416535844667841
5,10,3245,2.211611992115884,-0.765549095583673,-0.3900165781150237
5,10,3246,3.9791297941223025,-1.3715379029086807,-0.4123319703745331
5,10,3251,7.571585543306215,-0.35246230902214704,-0.5149888127405985
5,10,3259,1.8184237541265884,-1.3244467417055474,0.797869758554968
5,10,3260,3.374541850567081,-1.0972080894623035,-0.49299534532868033
5,10,3261,4.783245728728304,-0.636726039259354,-0.7726290391500499
5,10,3264,6.4578322871450355,-0.5285516928535888,0.04372581485718863
5,10,3265,6.742285390904916,-0.5435289730772688,0.25446495722707163
5,10,3266,5.722401345209701,-0.5909744134077426,1.6072502127145918
5,10,3267,4.750837185992678,-0.6233354588471031,1.5901728884053428
5,10,3271,2.051173067040377,0.9013670969484153,-1.8831319594018865
5,10,3272,5.941234977717348,-2.244482427368074,-2.1692755501546985
5,10,3273,10.04679645392735,-2.3182505580148054,-1.8417907119549377
5,10,3334,13.107031800349171,-0.8592630238997738,2.2272822278999374
5,10,3336,10.510625650102016,-2.3346295917767934,2.20020514501053
5,10,3337,12.037753391678846,-3.404100145046137,1.6425058867253017
5,10,3338,14.715234979796941,-3.7670069686103247,1.0098641308403278
5,10,3354,3.25179524618534,-0.7867417669288218,1.500565278256241
5,10,3355,2.9569519240015194,-0.6909341583274005,0.9832140660303361
5,10,3356,2.6885369143718605,-0.7428597098989567,1.0112538043007469
5,10,3357,2.817344789177365,-0.9740624527720352,0.84519949645238
5,10,3358,3.0833591063283907,-0.6695199068089275,0.40221654627953374
5,10,3359,3.483479605460003,-0.7145162766687849,0.31202138482465286
5,10,3362,3.1841631377785733,-0.5043256217775651,0.36918475580206106
5,10,3363,3.025512092820905,-0.5606052065766727,0.7127704018725485
5,10,3366,3.7697587435604767,-0.5099290873940034,0.1147893361294543
5,10,3368,4.59714286566664,-1.776299267843099,0.8480225506570733
5,10,3370,4.997621477359406,-1.5581265517104665,0.43653887163270216
5,10,3371,5.922660836447767,-1.2367241181114674,0.3101547076920085
5,10,3372,6.935804400472662,-1.377194290011614,0.3640200231869934
5,10,3373,7.28959466285192,-1.0499870712969877,0.6961909784475455
5,10,3374,7.692467877449256,-1.0505056546045353,0.6473218539169933
5,10,3375,7.599178713706861,0.9068929893232807,-0.8140755498408164
5,10,3378,1.37362356780249,-1.400747729544075,-1.9903120135682475
5,10,3379,4.711692952951679,-1.8680684024911618,-1.4724006311094473
5,10,3380,8.032317626084312,-2.706645349425142,-0.6140109642744525
5,10,3381,8.682519088422847,-2.9669048254524486,2.315033861404468
5,10,3382,5.803491427285111,-2.8682176854870365,5.5279986648106805
5,10,3383,3.6987188697496447,-2.5261873493366016,4.352997178541635
5,10,3384,1.9788037053352907,-0.7993776444832377,1.9315779306367373
5,10,3388,14.371583387308538,1.864415898585367,-4.7901289191267145
5,10,3404,7.870721843770213,1.8795317185850862,-0.6292826862902405
5,10,3405,5.999824645232221,3.085101400489679,-1.2145639272316802
5,10,3406,4.466284393365129,2.6808088012224793,-1.1509330833422686
5,10,3408,6.635995876548228,-2.522841645509025,-5.620309286397167
5,10,3752,2.2447311690680394,-0.2662494088478693,-1.6854921791214108
5,10,3753,5.584055814189462,-1.068249953947873,-2.876842987236309
5,10,3754,8.7332855408643,-0.8361028096680081,-2.3807194252035826
5,10,3755,10.939335097647392,-0.34860518574022015,-1.8775915874409668
5,10,3756,12.459076126794539,-0.05666391840159396,-1.483406732250955
5,10,3757,13.390283214950523,0.15037097433498542,-1.0977533064684626
5,10,3758,13.693980687616222,0.4236762185601911,-0.7308883214035834
5,10,3768,3.325605499126001,-1.0954945450434954,0.8281940841156733
5,10,3769,2.969071800159493,-0.9864447853668864,1.3145682713175628
5,10,3770,0.1256653383068385,-1.8214965082291465,-1.2450177760531846
5,10,3771,3.302261665592066,-2.4513446178595335,-0.7252714587465148
5,10,3772,5.417263009204433,-2.219457714112785,0.10110108621950598
5,10,3773,7.57239153164918,-2.4179270785524825,0.2623244036092991
5,10,3774,9.633841156218772,-2.1620971367454045,0.09955009497784895
5,10,3775,11.207994540955522,-1.503417958967249,-0.07143422160214274
5,10,3776,13.12031798936984,-1.4983572586952072,-0.41601811817123197
5,10,3777,12.490559465252908,-2.037386460230244,2.659845718570136
5,10,3778,10.027675135584678,-2.697895678309184,5.147129666154604
5,10,3779,7.922287049190204,-2.459194139212292,4.550239361467143
5,10,3780,6.097093418993081,-1.961232650215424,3.7465558460671735
5,10,3783,1.866693389183952,0.6680841079318462,-1.398607573292068
5,10,3784,2.3700110513038877,0.6803969927363452,-1.1911639227831134
5,10,3789,7.4205721534408156,-1.0196375696506748,-1.1574944440948731
5,10,3790,8.246830829491895,0.28999904104571067,-1.1246971163622508
5,10,3791,8.535481358412673,0.4096718131640332,-0.7066341573220887
5,10,3814,1.283094935625702,-1.135595222767305,0.292190453422558
5,10,3815,2.050818498704843,-1.5638628742983547,0.6878224195660492
5,10,3816,4.5848801027046875,-1.4967342667999632,-1.0497950322071044
5,10,3817,6.555594533724405,-1.3823468156142078,-0.5883845188256915
5,10,3830,14.14806802435517,-1.49989663280435,2.0348609403502618
5,10,3831,14.349573901753848,-1.1734713846798994,0.9600156514921232
5,10,3832,13.457809194588478,-0.9007548638555036,1.7790016592086833
5,10,3833,13.960400950795874,-0.7204938869493902,0.20814578602455935
5,10,3834,13.471535531138112,-0.6257324016485678,1.0997370196399339
5,10,3895,10.089646301847457,-3.795520485542656,-23.175452684897348
5,10,3913,13.914286358121782,2.0223539509962034,-0.5291621235112485
5,10,3914,12.850634294994245,3.3779756918306227,-2.340256061540372
5,10,3926,2.4727361984433918,-2.913197512186207,-1.2203387819757212
5,10,3927,6.172681403543418,-2.4217484681192873,-1.3542852869166977
5,10,3928,7.852892190597114,-0.7448461751799744,-0.9538693097351246
5,10,3942,3.720539910717963,0.9838750873815716,-0.6569614576578304
5,10,3944,3.9828448934617726,0.9565331651957223,-0.6510855328558152
5,10,3945,4.022694848508672,0.5172601874045716,-0.5571933038551034
5,10,3950,2.487147872868844,1.3133581915221026,-0.9195913467144431
5,10,3951,2.4094519124797764,1.1397546892049462,-1.178102030962681
5,10,3952,2.496349884950049,0.9948130867854038,-1.0830379323581893
5,10,3953,2.6251508556210883,0.9177984055212081,-1.0481817479595188
5,10,3954,2.588336124288389,1.004244959579966,-0.9692182045669897
5,10,3957,1.530588848730246,-1.8176169781841907,0.11313199729476767
5,10,3978,1.2348067733261778,0.19280888187193299,-1.265856590811989
5,10,3980,3.544853177892476,0.23303659262080972,-2.6271974212745417
5,10,3981,5.720498945920006,0.1487018718881361,-2.3347952687293203
5,10,3982,7.374237901429329,0.08218540112052145,-1.7461905957896837
5,10,3983,8.6450470013081,0.09098203427930324,-1.3666592595513343
5,10,3984,10.506095432613238,-0.08072648300453608,-1.7919695299176008
5,10,3985,13.179692844428313,-0.016201732587231066,-2.6815829961982525
5,10,3994,0.8135935407921657,1.8335345697553878,-1.4192458086125788
5,10,3996,10.002782539532479,-3.4121479105958707,-2.2822382172067845
5,10,4042,7.7043671618125895,0.2561431355654258,-1.2010023276811794
5,10,4043,9.068534547404056,-0.05161518059357566,-1.7478322238572546
5,10,4045,10.265399903820922,0.4010581725225586,-1.9720011761448168
5,10,4046,12.315141382692419,0.5832015517853137,-3.5990298596068406
5,10,4096,7.5450276745689004,-0.6115150071001046,1.5982837757493937
5,10,4097,6.2693300122790365,-1.3956872049176305,2.524158714067811
5,10,4099,2.4639313660649638,-1.0757246787537318,1.677626397890561
5,10,4100,2.541918513740851,-0.8552513266495911,0.5744221073696161
5,10,4102,3.2370895313409256,0.5327423610410763,-1.0543456509802456
5,10,4103,3.976172049336629,0.6119993691801131,-1.3665220779999574
5,10,4104,4.236726195575195,0.514482705823877,-0.7890364137124906
5,10,4105,4.654323661090665,0.33405235631126184,-0.756356651616592
5,10,4106,4.932077323344594,0.2509800425203761,-0.529165552782263
5,10,4110,4.34433225199499,-0.7313833489432453,1.1002388804734897
5,10,4111,8.212200643144302,-1.0305874569316924,-3.4959263390325725
5,10,4520,2.9986336755081475,-5.767586541593671,-0.8885129237692448
5,10,4521,8.568535315454438,-4.715907691959769,-0.8848333509827695
5,10,4522,13.233861580905335,-3.8881491906744365,-0.7879084139482602
5,10,4529,13.337451265664185,-1.5073134279991078,3.409764281655315
5,10,4530,11.779774030527276,-2.1547748199718226,3.712404350868554
5,10,4531,10.37901901227896,-1.169057381769281,2.546425399950903
5,10,4543,8.50522716928316,0.15877858131957123,-2.2948407712406693
5,10,4544,13.975964640231622,-3.18409575343924,-2.5966614608328458
5,10,4558,5.931510830986618,2.0307302248812373,-1.8589578601670849
5,10,4691,1.5241698765272125,-1.0517712299993847,-0.8305847587364783
6,7,1393,1.8655960437597667,-1.1225397204907717,-4.872241539804128
6,7,1394,7.656214974738873,-1.3771963727106158,-4.67740734807451
6,7,1395,14.824806942991831,-3.9777864107692076,-3.211955529290994
6,7,1483,6.29373421108827,-3.109309305980938,-1.070951299302777
6,7,1499,11.583584761440449,2.4307732262187147,-2.1330746991590877
6,7,1500,10.708965084352343,2.6361204686375324,-1.7617101079101978
6,7,1501,9.385821048798425,2.7107795777415054,-1.3941414330222512
6,7,1502,7.981551149822987,2.2244026595754134,-0.8795969450218674
6,7,1503,7.055338861098974,1.8122867831315856,-0.9523822271974438
6,7,1506,0.4994808988181323,-0.8781857644374486,-1.4521176605177755
6,7,1508,8.86287855079962,-0.6468876248345676,-7.2719192915764905
6,7,4646,6.376375389448936,-2.4214636171374386,-5.7757350003947785
6,7,4647,13.76572734290011,-2.544921200275768,-5.177945955095037
6,7,4699,13.409495989353447,-3.9524548243224937,0.5161787150311925
6,7,5101,14.677980351192465,-1.618207363206784,0.7458318048300835
6,7,5110,12.430846275999695,-0.6058370294557582,-0.8708513551249679
6,7,5111,14.678842559332587,-1.0709127381187418,-1.9989855058859172
6,8,353,9.810632017103176,4.569590927556672,-1.1504854535174358
6,8,364,7.882769022348283,-2.6133215533170655,-1.7673233330833185
6,8,366,12.329627092210448,-2.0237066153754117,-0.8538728001624768
6,8,367,12.813365440336161,0.319710102118401,-0.8267719735150881
6,8,368,13.908443483584248,-0.2821985759131342,-0.8778087291987415
6,8,369,14.725604264823406,-0.20290552666466546,-0.6567872224489009
6,8,389,4.623460089781917,-0.8967776008133697,-4.619376664841921
6,8,390,9.530852212044175,-0.6116102496546736,-4.491710541721739
6,8,438,2.3859614432441947,-0.7469033254880593,0.1609606324363979
6,8,439,2.7215191165053705,-0.732192202283637,0.38464733129093953
6,8,441,2.9980544340681354,0.7839776935094119,-0.9972491970504804
6,8,442,3.3077749047955782,0.9491120571376005,-1.3319338443282867
6,8,443,3.5150800787238055,0.727416298432589,-1.0343130972662655
6,8,444,3.7075485371235906,0.6376405180343923,-0.916714444692437
6,8,445,3.971817289108899,0.8754754692689148,-1.1594591077663357
6,8,446,4.734102552093197,1.3353221974165816,-2.1018121526541513
6,8,447,5.406984038455907,1.4182161213009352,-2.092414581065786
6,8,448,5.995844703062543,1.177439141838251,-1.766332979350647
6,8,449,6.846614497743204,0.6379355189012327,-1.491433578219608
6,8,450,7.7438571900496385,0.5444057978712672,-1.4498217551643942
6,8,451,8.319771840513258,0.7487396177279385,-1.3272819772718936
6,8,452,8.846761413192583,0.42761972383051844,-0.9560521482958297
6,8,886,11.906227026877712,1.7448721036567085,-0.8999365005056916
6,8,889,0.9139762986677761,-2.065371700633897,0.3074438802775232
6,8,892,12.686347468052686,-4.218434515934829,-2.993611952107855
6,8,3623,13.760471238986945,0.5953258477378479,-3.2351503127651364
6,8,3628,12.238204598534347,0.603635966600883,-2.7044845878035058
6,8,3629,14.276478456292848,0.44353641911235864,-2.485287787004114
6,8,3645,10.304646052657418,1.4217022999574718,-0.5112357048977864
6,8,3653,5.066213177251557,-0.6486144729949849,0.059270029069585006
6,8,3654,5.508235170174509,-1.1859704590575704,0.739753157682898
6,8,3655,6.055064013542882,-0.7300432692529895,0.18321417852195088
6,8,3656,6.48358046516116,-0.7442702251217552,0.315750593794005
6,8,3657,7.06143897928562,-0.5884676635825294,0.009070632080803845
6,8,3670,9.310565611349844,-0.6581295782914562,0.9656403646716493
6,8,3675,0.8954595237280926,-0.831438442579363,-2.0526524492050773
6,8,3676,4.539582591050872,-1.7342629141345915,-1.912597440719971
6,8,3677,7.699192287263504,-1.38748112973368,-1.7738269509695193
6,8,3678,10.395019987324819,-1.154933641276504,-1.5567255737035945
6,8,3679,13.082989448110121,-1.6763440034090489,-1.0189302407964849
6,8,5219,12.659873128004223,1.2669137317831525,-0.7549730761721849
6,8,5236,2.7829358243049533,-1.1681522712257302,-1.7853064628362663
6,8,5237,4.431890308031731,0.4237926667650573,-2.2924063413175793
6,8,5240,2.7860144058403513,-1.6053429202666145,-1.0482810662525734
6,8,5241,4.294395351874551,-2.2141206595458773,0.35315564698052493
6,8,5242,6.683802620175197,-3.2371980969157828,0.8048050620931626
6,8,5243,7.477774613360367,-1.4357747587141945,0.6322740773798929
6,8,5244,10.249245584072593,-2.6479644142829777,-0.16464131951882457
6,8,5245,13.841500225783836,-2.61297363145116,-0.990867790752046
6,9,1406,8.75876494888793,-1.2290852448590068,-1.1213935089861145
6,9,1407,11.457416514014671,-0.9842808024314045,-1.8522394261683253
6,9,1408,14.492150875454088,-1.2881680476001414,-1.8008070482295504
6,9,1442,5.330728349500448,0.442041627317528,-3.1925235541485333
6,9,1443,5.49147766089236,2.8441537882185655,-3.035941397605182
6,9,1444,6.210531752279659,2.068952167581111,-2.807863818544507
6,9,1445,6.549109825392628,2.0884187410320028,-2.440374819894481
6,9,1446,6.68691345647102,2.10134218674206,-2.243142949823324
6,9,1447,6.5188659665743405,2.2633987166094736,-2.1052804711162443
6,9,1448,6.220622801004269,2.20457793084954,-1.9154290356110457
6,9,1449,5.841233764444215,1.8565542967598603,-1.4844192450835683
6,9,1450,5.440598610240726,1.3586305459992458,-0.9607995281039295
6,9,1454,4.267491463962256,-3.7253884235861277,1.2982887056975567
6,9,1461,4.656067630056987,1.3194396640301884,-0.6672635023945357
6,9,1463,2.7587586438077456,0.302962143377717,-0.7053349264612219
6,9,1468,6.085106840785437,-1.0479879744966731,-0.12033182914390578
6,9,1470,12.44816207370156,-0.49869510761211827,-5.375482039166225
6,9,1474,12.815305880404821,-0.028106121865566824,-3.781453076185591
6,9,1486,13.718859918719584,3.5086698337221707,-2.367768527038659
6,9,1487,11.90447051266505,4.920834344990917,-3.338942236393427
6,9,1488,12.606327160781666,3.271401481761891,-6.294757582577524
6,9,1661,8.918959941762003,8.971349711323892,-0.7742240284662663
6,9,1663,6.698055312011476,-5.523384814668668,0.9218415583235235
6,9,1664,9.455218962349358,-4.246053947242309,1.353957542523877
6,9,1665,11.087767202153227,-2.86725188954626,1.2191807512092134
6,9,1666,11.983560662280441,-1.4849021385395451,0.5795735810485844
6,9,1678,12.039187126236449,0.6500052876190598,-1.0847037178622672
6,9,1684,6.426020016644138,-0.9239067440148829,-0.3607172478012923
6,9,1685,5.642839123317025,-0.576336575558124,1.3580206464055724
6,9,1689,7.722922439764395,-0.8618237777343084,-1.3216719841690558
6,9,1690,9.686322445444908,-0.42355573252130285,-1.76826139119387
6,9,1691,11.213235594011739,0.013254904928179316,-1.6412378264750762
6,9,1692,12.883897423775208,0.09780886954332368,-1.7917871763150246
6,9,1693,13.867590120837761,-0.0448723459097195,-0.94800433293382
6,9,1699,9.435799606741814,0.42578800194430305,-0.8322405360192016
6,9,1700,9.505944327288871,0.42500142328836354,-0.6612223102488095
6,9,1701,9.553584478107293,0.6718872598935304,-0.8320066023682381
6,9,1702,9.191984788722314,1.488274199550391,-1.2026078380478105
6,9,1703,9.533607050375567,1.1937106735569156,-1.5929480660834503
6,9,1704,9.38179793469201,1.057003506638126,-0.93286099255061
6,9,1706,8.925592649526125,0.12229984324903424,-1.0938115754003441
6,9,1707,10.423008029789358,0.2724665327348275,-1.9804333922383663
6,9,1708,12.218291669645643,0.14018958860823863,-2.019947253291595
6,9,1709,13.745736047217477,0.1031059473257627,-1.6513518726313752
6,9,1718,5.487951568342859,-0.09447589859576672,-0.7851715213207999
6,9,1719,6.79717404355546,-0.2243053078478896,-1.6683695755735695
6,9,1720,8.743285658206688,-0.30735141951662454,-1.756493789808765
6,9,1725,9.589229102403653,-0.6133631616611332,1.6179463845791309
6,9,1726,9.691172632734018,-1.5792246764321984,1.4465677737425806
6,9,1729,9.29718036324609,-0.32420665189762543,-0.5943123023220096
6,9,1730,10.413004094563915,-0.6231601018376147,-0.5918281126666889
6,9,1731,11.575031761073268,-0.6569824875487464,-0.56117036908717
6,9,1732,12.543545558837664,-0.544799038794968,-0.4532249873736022
6,9,1746,8.540416517094897,-0.5421379287947573,-0.016281616033605187
6,9,1747,9.767007796510079,-1.0266354401214173,-0.19996458276244744
6,9,1748,10.957635259483915,-0.9276208058296669,-0.2636143942950778
6,9,1749,12.274914348183852,-1.0591588867661472,-0.2587832164264776
6,9,1750,14.181100098312276,-1.4909429367087168,-0.41651635321479924
7,8,2529,12.726753412480354,-2.557411568392901,5.703917098252067
7,8,2530,12.230646923230184,-2.326915755117713,2.6907820990063094
7,8,2536,6.249043572992233,-0.8148920965236788,-0.2997322615535779
7,8,2537,10.875245113431308,-5.386386211092869,-0.3965149671768645
7,8,2565,3.4116831277833626,-3.78759860760563,0.40831159601541284
7,8,2566,6.5507593328719596,-3.4602434674428793,0.3178599738999351
7,8,2569,5.75402440950533,-1.576939509460161,1.4184105327056509
7,8,2574,11.097273591192948,-1.6715032787473056,-9.90786547912568
7,8,2634,3.14221895795187,-0.59447232648533,0.1260889801372338
7,8,2635,4.129146069224292,-0.9456382589359673,-0.21949139160401773
7,8,2636,5.486392385050817,-1.1391294447248812,-0.27784303299151736
7,8,2637,8.080053538323066,-2.4529828821085946,-0.21084259757622303
7,8,2638,10.15117762701723,-2.0130618394112783,-0.09439653110709398
7,8,2639,10.826625166636697,-0.6788850712335024,-0.0180903626711561
7,8,2643,6.422757089465946,1.2567941827556586,-0.6446767125026485
7,8,2647,7.525710364572997,-3.4439140619936195,1.4565973163872272
7,8,2648,9.7698224737766,-3.3397002744650335,0.9552446843474683
7,8,2649,12.1350514094526,-3.0972367717554725,0.626315274007479
7,8,2650,14.619628091464591,-2.866251863532852,0.3354770390049656
7,8,2667,9.986049920991661,1.021845553546619,-5.8342133591580065
7,9,796,6.047678878816878,-2.974875516891038,-5.1634339771736695
7,9,823,1.3858546798804063,0.2571572099778303,-0.9714330755309093
7,9,824,2.273515740691299,-0.20949654404332144,-0.7301105765404949
7,9,825,3.1813580961585095,-0.20986845545933092,-0.7087354831301563
7,9,832,2.512847918216602,-1.045956211399695,-2.8986667231353413
7,9,834,9.050668445956205,-0.1633159628331743,-3.217801574807386
7,9,835,11.53337551141943,-0.05593354182431452,-2.4268230264116903
7,9,837,14.068735854282858,-0.14821147030344117,-1.1512507978587347
7,9,856,8.079447402984252,-0.5494936394701058,0.43626434872796843
7,9,857,8.528560131099514,-0.6159171649931455,0.15051718331563566
7,9,858,9.321491629453256,-0.9328897524821048,0.11860702889342947
7,9,859,8.760954994955869,-1.602316982417903,2.143494990747047
7,9,860,9.941542959395653,-1.895752224722406,0.534591315451219
7,9,861,12.26618544649437,-1.8257562479221217,-0.622913061552713
7,9,862,14.648712841626335,-1.614365820313675,-0.8030817076425457
7,9,889,1.207645231639506,-0.8851842696004553,-0.04290456336729029
7,9,890,2.2097695256416126,-1.2437842900098608,0.03033961860870791
7,9,891,3.3133061201744125,-1.2868575885833302,0.15539603966795038
7,9,893,7.030750903901746,-2.5379337045738732,1.0954992703576565
7,9,895,7.599981281226941,-2.6000501845355104,2.0065274832050495
7,9,896,7.903939120663713,-1.8845408291497554,1.5554327761710303
7,9,897,7.9572417545934115,-1.5171090184264322,1.4456020817448865
7,9,898,7.492373974114757,-0.754180631034989,1.2184262091598759
7,9,906,1.2531064561035514,0.29908740816477153,-0.5060616374758552
7,9,909,2.5551041997598807,-0.7481275886076549,-0.4280437083538167
7,9,910,1.9434277679559526,0.7887644023760177,-0.6199047135041929
7,9,911,3.699843148284259,-2.8008408993198226,0.30915538821632377
7,9,912,6.057366960097482,-3.08490246804498,0.5892999910737509
7,9,913,8.639819374136886,-3.642990361401124,1.0201101318789785
7,9,914,9.507457086684934,-3.473842136020916,2.5637397312490737
7,9,915,9.81978014035705,-3.0367078925924424,2.7239973726462203
7,9,916,12.664027394672162,-2.5017151858236235,-0.34643520458749855
7,9,924,14.981592928022051,-1.1175546761688442,3.421542663299263
7,9,925,12.87847707864252,-1.0723136330686278,3.1586290986285954
7,9,926,11.071119557234296,-0.8420435455522486,2.6296279908981384
7,9,933,1.1889262362966775,0.2192866161940138,-1.5427102831329345
7,9,934,2.467740706202612,1.002946298240353,-2.423016238967657
7,9,935,3.463233078187795,1.2103473502333482,-2.2282778694563525
7,9,936,4.447193402618557,1.007813383896318,-1.996003591484266
7,9,937,11.31698196599014,0.7988635925809755,-7.69436790321824
7,9,1059,9.092527489386821,-0.6848910845616132,0.781691287300408
7,9,1064,2.414011277253472,-0.795547065664864,-0.380757591760516
7,9,1065,4.047525544309942,-1.5191460655133016,-0.5615503162771567
7,9,1066,6.4901998230449705,-2.161772287253309,-0.4606993462423536
7,9,1067,6.51870528984382,-2.3203060221951817,2.291506746801751
7,9,1068,6.293436325180912,-2.2495759300909564,2.4716771717980994
7,9,1069,9.86228586921487,-2.0787151858296813,-1.879249006877383
7,9,1070,13.352739083451041,-1.5731563415666767,-2.0588815408775023
7,9,1072,14.360648141142049,-0.8062206057654868,2.363968673326215
7,9,1073,11.72216049765074,-0.724626080610898,3.3020711228836364
7,9,1078,11.538769093101722,-4.668437397951012,-2.140102202106446
7,9,1232,12.087541625795138,19.01813299961473,-0.8218095165298414
7,9,1234,2.034615087826738,-6.8760531733296055,0.5421433268485977
7,9,1253,10.520949982273235,0.35480512986237644,-0.5694273081834594
7,9,1265,14.425818138101585,-4.259142156969962,-0.6555572268278569
7,9,1281,3.3921871599321456,-3.3186484885149863,-4.929838987936545
7,9,1282,10.351092557378761,-2.923923999270918,-4.205256005560861
7,9,1298,10.381351486848978,-0.573169485984123,1.176387446124721
7,9,1302,6.472068501364558,-0.9310571990857399,1.2463962152584158
7,9,1303,6.159473202163623,-0.8813021844932272,1.185172577709405
7,9,1304,6.033656047173632,-1.011988608772074,1.1366489991731012
7,9,1305,5.438507684629004,-0.6998696880311117,1.2872370534768673
7,9,1307,2.549189013719939,-0.5738245713937673,1.992090216373324
7,9,1309,3.1344072857755023,-0.70082969711648,-1.6594123662678195
7,9,1310,5.4652211142625315,-0.518215779976336,-1.859367791742275
7,9,1311,7.188103896364654,-0.08109072883958643,-1.667594609752057
7,9,1312,7.996992195074368,0.5230638284304658,-1.3442115582374337
7,9,1313,7.155095469835041,1.7915663448857375,-0.9640284697628475
7,9,1314,6.212417933083086,1.4906605567407252,-0.5682901994696277
7,9,1317,7.533740606103726,-0.582143186438129,0.20306840160305747
7,9,1318,8.310462555398123,-1.2573429916420071,0.4556272000619701
7,9,1319,11.682544292134617,-3.238123971564775,-0.14413222919475244
7,9,1320,14.60246465473199,-2.7939407942669128,-0.1361121911191658
7,9,1330,13.765800217776507,0.7847953792352794,-2.0826473495810554
7,9,1338,14.626171371198291,-0.9587347640237496,2.698028407175949
7,9,1339,13.462575905960287,-0.9356885777579819,1.9306488976295029
7,9,1340,12.345127538073932,-0.5971516707716092,1.5494919248607881
7,9,1346,13.852638267428462,-0.14590090555337165,-0.7757495548523594
7,9,1348,13.02459850070201,-0.8406447319048302,0.5525769496516926
7,9,1350,13.925380863971457,-1.1758399088411526,-0.41006538182718344
7,9,1367,2.284087029389,-4.786331383610098,-2.8634363105496403
7,9,1368,7.5620118284187745,-3.6556370259324713,-1.6302664530755497
7,9,1369,11.637217283066764,-3.2151845825648193,-0.869383794785896
7,9,1370,14.934081845907995,-2.929506690047372,-0.37163515327093205
7,9,1481,3.7540682545198854,-5.415456481738656,-1.1455460655460392
7,9,1482,9.682377730488097,-4.708642630099954,-1.286753467766049
7,9,1510,5.918390272324306,8.078005165015714,-1.5594927842709359
7,9,1511,2.823756727775491,5.247950353239205,-2.2064212280570517
7,9,1512,3.7356811668212466,2.16309850620446,-3.1920629297156182
7,9,1513,4.623717186558265,1.6441426006032789,-2.5917600524598017
7,9,1515,2.8973486092286924,-1.1731140417743062,0.05618743724772806
7,9,1516,4.515748617432649,-2.2658971248494453,0.0873249876143373
7,9,1517,6.349710430587279,-1.7741898040399033,-0.16328390023550446
7,9,1518,8.267843633443931,-1.632978380932883,-0.3220815639730544
7,9,1519,9.09398688011913,-0.5759217021097907,-0.25117663238139215
7,9,1521,10.036355779061044,-0.8357193628375723,0.13189726360214057
7,9,1522,11.503514399941349,-1.766214086765787,0.26615962707777563
7,9,1523,13.60681903681191,-1.5666294100200941,-0.5862971019625911
7,9,1529,14.968075704919823,2.110738218354614,-2.3095398551853856
7,9,1534,11.994524999201445,6.758806563134826,-2.708957202129191
7,9,1535,8.635885410873854,5.222563878872369,-1.9003674456720545
7,9,1536,7.1528705461526245,2.5211827234642863,-1.04276565002352
7,9,1537,6.085248604855816,1.8006766273275,-0.7442432783128963
7,9,1540,5.784703799200461,1.8668015260024016,-0.6102792184117147
7,9,1543,5.034002622179408,-1.350139313138996,1.0126158155279348
7,9,1544,3.603607327840654,-1.8541488971678444,3.2714451125198676
7,9,1546,1.7822647468830748,2.501859124031802,-3.7631762488380094
7,9,1547,4.165752871648072,1.575155374361031,-4.152927529446677
7,9,1548,6.227231968991784,-0.6342616909960528,-1.4749816076682258
7,9,1549,6.703600606636163,-0.5706187850210874,0.043528839527833096
7,9,1552,9.624636246977957,-0.21643865439697654,-1.8331011110035171
7,9,1557,9.908331455153911,1.7478181635672392,-1.8308142757305308
7,9,1558,10.22013239950328,0.8853056256403473,-1.197669658914139
7,9,1559,10.60485844325558,0.5534556034231037,-0.9381936655260605
7,9,1562,7.711466636404269,1.2458562574799261,-4.055761100976687
7,9,1563,9.54718605273879,1.1836459583569665,-3.173724646074158
7,9,1564,11.501655013542004,1.0527031703078453,-3.2472898129143637
7,9,1565,13.293086033694898,1.0326334557021672,-2.943426927360546
7,9,1566,14.734687754632644,0.9599802103135948,-2.4481120497600277
7,9,1567,13.851063301871106,2.597877695032592,-1.7240620385449754
7,9,1570,6.633262483654218,-1.4775537580416882,-5.9519740639968175
7,9,1571,14.308901636722469,-1.5537107723312513,-6.353310765327214
7,9,1814,9.283312772045358,-5.519544275756526,-6.963106004546716
7,9,1868,13.709226760347244,-0.39609672601733137,-7.704285718888112
7,9,1869,14.889214542311995,0.30446015368842055,-1.513874248794147
7,9,1875,1.6651420183902748,0.32456545247249224,-2.0645500289481267
7,9,1876,4.135434048119941,-0.8784009189479499,-1.6110577415276826
7,9,1877,10.586083602382622,-6.540763815841251,-0.03234105256276541
7,9,1929,14.744780041064065,7.955130301447591,-1.859541673047271
7,9,1935,11.25098875119446,7.046299833919294,-1.5044071014553595
7,9,1941,12.283039775728753,4.9219290323628995,-0.569807309309605
7,9,1947,4.711887145471981,0.6217971544014015,-3.2094715487012557
7,9,1948,6.590551949991938,0.8819936810311265,-2.7609958025258057
7,9,1949,8.33915609006563,0.8377292215727865,-2.5878806308161844
7,9,1950,11.07746125453297,0.4458026548825949,-3.1955472664982394
7,10,2904,7.323605974079331,-0.5260154493670661,3.4846649715891655
7,10,2905,5.3839908234188085,-0.5431963609774495,2.3063136606516896
7,10,2908,2.8490346145129317,0.8169942554647464,-2.0224348361523776
7,10,2909,4.003745006908961,0.4659712594776606,-1.857378900195696
7,10,2910,5.207810501721005,0.39379707865738633,-1.675211084731489
7,10,2911,7.362588788366687,0.9266873134276867,-3.172161593130569
7,10,2912,8.523014960670158,1.7660929402217413,-2.9620983959696168
7,10,2913,9.341742770118524,1.5664128034837683,-2.3999165071977835
7,10,2914,9.730656845710078,1.6576511032082084,-2.0522950678511864
7,10,2915,10.289946850854115,0.8555162694785897,-1.4151724203189826
7,10,2916,11.014701264216603,0.17028236551690493,-0.8953355446524363
7,10,2917,12.70326251898644,0.10419615584192998,-1.8049235667837262
7,10,2918,13.4900783068717,0.9783521991206353,-1.7827541886886353
7,10,2942,13.076980290715115,0.505231279266479,-1.0929722951098093
7,10,2943,13.246120323472121,0.6654989707301661,-0.858640809487398
7,10,2953,5.30980104758493,-1.0561912517045948,0.13197769230015108
7,10,2954,6.833355945547288,-1.9733848487464047,0.39001306011585296
7,10,2958,1.9039435905972781,-1.5190714853323923,-1.130381011345478
7,10,2959,4.736908127539973,-1.5625024761125887,-1.3857478006126425
7,10,2960,6.357333752814996,-1.2704230850287908,-0.3869911370512994
7,10,2961,7.730478748370654,-0.974290712695617,-0.410951430699611
7,10,2962,9.353283139877547,-0.8682081229131543,-0.758813002267379
7,10,2963,10.651371010993659,-0.5945313820653391,-0.7174515052344488
7,10,2966,13.600960507593859,0.10104996399403933,-3.720151628879342
7,10,2998,5.297454340601509,-1.2467808030503444,0.07437505344867634
7,10,2999,6.751237759964354,-1.1466546381648068,-0.6718640439391391
7,10,3000,8.465353079150944,-0.555279935887263,-1.2953503767283108
7,10,3001,9.385478712024147,0.42998727134341547,-1.3775517313380627
7,10,3002,10.078601111528991,1.5493720753370628,-2.360263994973611
7,10,3003,11.117856493954951,1.066118000172619,-2.165541183370795
7,10,3004,12.32799766813384,1.8036755502627337,-3.0231105823496485
7,10,3005,13.157423177856675,2.1451124564881496,-2.988672245398411
7,10,3006,13.254779293826209,2.5860931090125945,-2.6839105480513923
7,10,3007,12.947403338784984,2.601774108113705,-2.2945037576509804
7,10,3008,12.447596625408117,2.284100917361383,-1.7843808414372413
7,10,3009,11.629051116467334,1.9449146946209093,-1.1265430298602406
7,10,3010,10.694079139056639,1.5949114873919386,-0.6607879089045972
7,10,3011,9.61573144944499,-1.8763495802741992,2.9545404796253267
7,10,3012,8.315945384876828,-2.20599348985647,3.504593371922983
7,10,3013,7.15503011740802,-1.6978860728524832,2.8475309527524035
7,10,3014,6.256395984565184,-1.2563795098006911,2.064805679890039
7,10,3015,5.52623483303844,-0.850653366927852,1.5452149523552947
7,10,3017,4.858881286465384,-0.9934339895216797,-1.8106132213028185
7,10,3018,10.167605011264092,-4.1028547114266605,-2.0354538619111713
7,10,3029,4.948730966810677,-3.2490507759245197,0.45872817089882173
7,10,3034,8.231908899225122,-0.3809425569295246,-5.459593482892956
7,10,3035,14.31777790889323,-0.49324483925905704,-5.598162591484558
7,10,3075,6.818956493209367,-1.3682916123846713,1.231727053001567
7,10,3076,7.278750252533496,-0.9420478834854134,0.3578671967460034
7,10,3077,6.940615309369045,-0.6225350775204271,0.928537069953537
7,10,3082,7.972507856701817,-0.6944870257769222,0.3701865156084432
7,10,3083,9.182903614405607,-0.8225998920055766,-0.38779588352000766
7,10,3090,2.319242038159684,-0.4073389521497742,-1.20030427536574
7,10,3091,4.4368454259200165,-1.4451133620446042,-1.1602067056513812
7,10,3092,6.661521689741012,-1.3229035148145398,-0.9273820516287434
7,10,3093,8.435730689096081,-1.8036749714925813,0.029449864498660383
7,10,3094,10.01451057993008,-1.5885160996089152,0.007551666268306528
7,10,3095,11.432511824143308,-1.185018539310908,-0.24641707867849766
7,10,3097,12.743465316995847,-0.09051465509818837,-0.685533569569443
7,10,3099,13.597408326392578,-0.7517602919438585,0.6482656973764441
7,10,3102,14.656089995770085,-0.6367982645629007,1.050701547156821
7,10,3103,14.29015818167747,-0.602754387461685,0.9631415459753728
7,10,3105,14.677538690882102,-0.5178109775586917,-0.241652631996786
7,10,3113,1.3868429006338627,-0.30350366775315735,-0.9684816385983226
7,10,3115,3.3505318801817943,-1.9268499954738285,-0.43462541636809454
7,10,3134,3.051661787533911,-0.9241081786779886,-0.50104233949794
7,10,3135,4.368797350722992,-1.1823101428135665,-0.23050349321494987
7,10,3136,5.821245757785571,-1.1083675423256278,-0.363092602868521
7,10,3137,7.33920280925552,-1.3591730577471632,-0.17797197888183663
7,10,3138,9.01430883687592,-1.8513402610305767,0.17045567947875656
7,10,3139,10.5518784267512,-1.4098500360027755,-0.13068021403276997
7,10,3140,11.849341059834188,-1.2900086187565647,-0.009454483442238041
7,10,3141,13.16203857032465,-0.6048690383568907,-0.7081170735063349
7,10,3165,11.103689307942778,-0.8124328331965658,-0.5572589647540461
7,10,3166,12.258745818409238,-0.761606537601636,-0.4037123574981904
7,10,3169,14.003712531914601,-0.7446622350583983,-0.08584390005962741
7,10,3190,2.3846162138502596,-1.8165941602210487,-2.119886709126841
7,10,3191,5.977558713875572,-1.5579256574684694,-2.0873955354098537
7,10,3192,8.761826188467532,-1.049843709800235,-1.7350868918080384
7,10,3193,10.380056449128082,0.4362134416743471,-2.0604589543107785
7,10,3194,10.96937364927648,1.0659340123488967,-1.6748024704685176
7,10,3196,6.917951122485657,2.4049548874639384,-0.7896084306577752
7,10,3201,1.0714103065066074,-0.33028038351958305,-0.8063621018076355
7,10,3203,2.324504862755866,-0.3503921360653144,-0.7497966369675019
7,10,3204,3.5965991395741925,-0.22688369982112933,-1.0485665267473168
7,10,3205,3.5035162704964717,1.156893886782437,-1.0741430910353111
7,10,3206,2.674935196624055,2.0484543292505273,-1.2203000048974495
7,10,3207,1.7743693902699198,2.2743152179566684,-1.4013829173320096
7,10,3208,1.0772235875428253,2.101163916836219,-1.4398091377753577
7,10,3209,0.5721695063853929,1.0747275714573932,-0.7991033260072002
7,10,3210,1.041682596000087,-1.695369478238799,0.3004142720481078
7,10,3211,2.7904918653020854,-1.1847719080656691,-0.5680234680229304
7,10,3212,4.215760996385151,-0.854419087378299,-0.5718805961547714
7,10,3213,5.449274148932905,-0.7666825233246585,-0.4698946550122922
7,10,3214,6.5472772490064965,-0.8459255958832254,-0.25367075688731927
7,10,3215,6.847431483475049,-0.771304498043947,0.47094216593323335
7,10,3219,6.188886497651331,1.3987637683389031,-0.8666342970070665
7,10,3220,5.569003323466126,1.2937273504578708,-0.6793677956168256
7,10,3221,5.038841813216348,1.0356159191059855,-0.5067460802610659
7,10,3227,2.042426490424534,1.0350602901480268,-0.5499167096171734
7,10,3228,1.8480325622825973,1.1979189761507159,-1.1796509863161995
7,10,3229,2.8876617114047574,0.6191396601218979,-1.6649541337879625
7,10,3230,4.032478637138517,0.565592609933149,-1.710854333315636
7,10,3231,5.410699848842552,0.4657195264476638,-1.8440638058260324
7,10,3232,6.67577501668827,0.536331893071555,-1.8014285069700948
7,10,3233,7.981714727868797,0.2122444729785708,-1.5223809742042247
7,10,3234,9.414032913492761,-0.07422436952770134,-1.358543799656603
7,10,3235,10.673271434987178,0.02535216382345426,-1.284963076135324
7,10,3236,11.165975769982907,0.4697742791232865,-0.962833153786138
7,10,3237,11.18386806142539,0.6349278577837546,-0.6534339801844034
7,10,3242,1.8594476390146006,-1.776811122647553,0.5528083118381676
7,10,3243,2.3601265534183007,-1.5263306363706106,0.8014555436188094
7,10,3244,2.982114135433696,-1.3837656840445125,0.6792609282861817
7,10,3245,3.6319373369302963,-0.8531369457089846,0.16452317772990868
7,10,3246,4.057307999045623,-0.6149553487252641,0.1660455394177174
7,10,3250,4.030075862971545,-0.21929854306453134,-0.7139160511612763
7,10,3251,4.392822861647291,0.1183981112337579,-0.518027443322748
7,10,3254,5.217773121275414,-0.8473058501573978,1.1148892202654248
7,10,3259,7.202379763597027,-0.2916460599626741,-0.9753253277167873
7,10,3263,7.192530175303771,0.7391569083853866,-0.8066437176466149
7,10,3264,7.441815844066047,0.7355890266938698,-0.9897249012675653
7,10,3265,8.073272288005734,0.42197594109179004,-1.053568641982257
7,10,3266,9.557835197318171,0.10368960488125631,-1.6638627848854266
7,10,3348,2.6720117825098657,-0.22781133949855692,-0.7986759158711587
7,10,3349,5.166659053776443,-2.7602029225398583,-0.6448427874057749
7,10,3350,7.722528314746574,-2.542144458551366,-0.1119984341613037
7,10,3351,9.839325809112651,-1.9273174973165408,-0.22168353325714615
7,10,3352,12.269244515177803,-1.4043415958345025,-1.0632812714686093
7,10,3353,14.249380646052767,-0.9916880342117878,-1.0083213407691938
7,10,3386,8.082465385691476,-1.7504841716230144,-6.388895613174937
7,10,3387,14.337848312997298,-0.6612839787219162,-5.650180055229253
7,10,3406,14.20503279358746,5.413540322959564,-1.4062002236959663
7,10,3895,2.9262619161893095,-0.7395048614676246,13.042042962996366
7,10,3896,7.10271373698827,-0.7281218497570332,-6.955090966638271
7,10,3897,12.85434268989452,-0.6970946985656582,-5.1561716442821215
7,10,3904,10.726476651038027,-1.5695605483087298,0.7343483496663796
7,10,3905,13.43725309717208,-1.902053586105625,-2.383688842411283
7,10,3922,4.413452357523585,1.4575368480500817,-1.6011905422907473
7,10,3925,2.363804588337295,2.6749862899764185,-1.1714971051952168
7,10,3927,2.4701603289986775,2.832324572240996,-1.4913310155280675
7,10,3928,2.5025902955105916,0.9855437578340915,-1.0180629611847325
7,10,3931,0.9850942559220452,-0.1783704283484782,-0.7867538250280928
7,10,3932,1.9071448044509116,0.18509992338163653,-1.1295319584405301
7,10,3933,2.550387722413563,0.5201762442779008,-1.1643068207291014
7,10,3934,2.96755218125082,0.6098099536751327,-1.0302113820425896
7,10,3943,2.618561487807751,0.5738878177605626,-0.5506105377678954
7,10,3949,0.13043493962160543,0.8329463929335378,-0.5521878235225114
7,10,3950,0.910154998529897,-0.015390529516470575,-0.9495723153988276
7,10,3951,2.161506457114424,-0.08070839280283498,-1.1744527763903863
7,10,3958,6.3886927893576155,-0.7679080654874846,0.4902790646038552
7,10,3980,1.0977236267228387,-2.3112655939737654,1.6866341681145889
7,10,3981,1.8014626639436415,-2.135950984755625,1.4286682538127673
7,10,3982,1.627986251823966,-0.8223667625580388,0.9559861620782704
7,10,3983,0.8201749164125022,0.357016981051694,-0.925300216187509
7,10,3985,4.33044788712803,0.6718492474667676,-2.6689849877433014
7,10,3986,6.961353321507144,1.2604939851763686,-3.8963891990776807
7,10,3987,8.149664734320892,1.4863850780902859,-2.6800208200007303
7,10,3988,6.801871904398157,3.7660410914540625,-2.430152103973528
7,10,3989,5.056295132732448,3.643920096364996,-1.9444993690277503
7,10,3990,3.9651360099661,2.6392458189802057,-1.6336645164645536
7,10,3991,1.0244962316612618,-0.6284209031393553,1.5653588373700094
7,10,3992,5.7228050712517025,-2.273313138606115,-3.6400809827670626
7,10,3993,11.049629701060368,-1.9469060277165937,-3.412094123361724
7,10,3999,12.849524292033488,4.310581762902861,-1.6557462995352898
7,10,4000,10.207772175691822,3.9135995866098474,-1.2730088941111926
7,10,4050,5.48120833061934,-1.3702488832577462,-0.8059185957421346
7,10,4051,7.95356976230755,-0.3619146698749437,-3.1441815387278713
7,10,4052,7.432113061863319,1.5978360991417693,-1.0994894053175701
7,10,4055,4.186121669092874,1.3101618651305993,-1.0304107763536805
7,10,4057,2.591373397166419,1.3804658634129485,-1.0934054535240267
7,10,4058,3.5178385988093797,1.2972846439921724,-2.2296875985446376
7,10,4059,4.887569346134853,0.6523292861493221,-2.0574192295447475
7,10,4060,6.200517411193232,0.6131295147047455,-1.9326820717220392
7,10,4061,7.852091302388741,0.3146094143427641,-1.9807245393998856
7,10,4062,8.939863576528186,0.42413767600328034,-1.5182215719701562
7,10,4063,9.515907653378722,0.021285748107786384,-0.5975467869769123
7,10,4094,6.030453028957175,-2.296052962894224,3.3318559207359684
7,10,4096,6.796420094419504,-1.2813121908170813,2.261121428643828
7,10,4097,5.389409985099974,-2.010941049984154,3.417561141677589
7,10,4098,3.775089888419014,-1.6950013140530265,3.221725059142553
7,10,4099,3.0330603651484043,-1.001447780460054,1.693876750854618
7,10,4100,2.6236087622151514,-1.4308445520001336,1.8353166867095647
7,10,4101,2.459360526300581,-1.7416233095171687,1.9029757026173235
7,10,4102,2.137512662561468,-1.445595031661084,1.7603245007814348
7,10,4103,1.437736336660231,-0.6292515771745223,1.2733044510027118
7,10,4105,0.5304941390894043,-0.7221602761932219,0.04156543979748745
7,10,4106,1.7844797799249434,-1.0651672925646976,-0.24415850867597938
7,10,4107,2.975792054871924,-1.1129111405978174,-0.07882647514560828
7,10,4108,4.285491230601577,-1.3022569127520331,-0.007463535936993726
7,10,4109,6.86575432142884,-1.5581704727927326,-1.065026738819851
7,10,4110,9.769020322172162,-1.1670658227186672,-1.7534922920598164
7,10,4111,7.640870307111589,-1.643246271977766,3.7704206141475782
8,9,1105,6.870927773073956,-6.223490495076265,-8.266627552035562
8,9,1976,6.9667413173307455,-7.360478304996272,-6.164570532295375
8,9,2016,3.0136305283364724,-3.9293306561986228,-1.731700508830881
8,9,2017,7.134944952227488,-3.5675469078820203,-0.5732420677120549
8,9,2018,9.20964325233614,-2.6929717575029866,0.6136472655336445
8,9,2021,11.036708960676382,0.0896656358753255,-1.5194873385466556
8,9,2023,11.818924549389248,0.3509133868948453,-1.3128643026283628
8,9,2062,14.783702775003638,4.328407651955477,-2.4404422450333945
8,9,2069,7.1449992099161,-2.9568756038525192,-2.7841202369773255
8,9,2070,12.073308318553563,-2.564232489964378,-2.4080020954937043
8,9,2082,9.324651333877839,6.22331587753211,-2.1262867732152855
8,9,2083,5.250303655800522,5.541309630839097,-1.4779577022182262
8,9,2084,1.9455041208549178,4.640972482557329,-1.4022902534918833
8,9,2085,1.4088811439561657,-3.8084420349627988,0.8644553407640223
8,9,2086,3.831813354854951,-3.7079171575118597,1.224042973862097
8,9,2087,5.278995323343029,-2.8965399638785403,1.4043978511669546
8,9,2088,6.079121169670284,-2.342000807300148,1.5327986963137301
8,9,2089,7.154890145627089,-1.9190083122711021,0.8378124187462
8,9,2090,8.24717188001712,-1.4871641329278977,0.3927987881060132
8,9,2091,8.974717673969447,-1.103438480322521,0.3742828639254947
8,9,2092,9.603681708091251,-0.7818708270266781,0.15278212901607394
8,9,2093,10.228230216327177,-0.5326780732956855,-0.09310579108071225
8,9,2113,9.135109488399538,0.8087476146416219,-4.638281248309372
8,9,2114,10.871728834314595,4.653212937468842,-6.583984612795852
8,9,2115,12.430143394343169,4.454582701047247,-6.11038145977691
8,10,1835,12.661899320207091,-1.2884597106648226,2.848453701470187
8,10,1836,12.708195490430999,-3.249712925646201,2.480702032824483
8,10,1837,12.584401401350565,-3.38724094787285,3.189613821056147
8,10,1838,12.82218780919364,-3.123085067839741,2.6734395106435294
8,10,1839,13.158705019805796,-2.727057265375726,2.2750490013381
8,10,1840,14.792182281556785,-2.4513747679437774,0.7233566027437193
8,10,1931,2.9182077303376754,-5.492333972787778,-3.822935066660841
8,10,1932,11.335180352336604,-5.0156479248552746,-3.5621188206957295
8,10,1939,1.4163821905597618,-0.5413210393460774,0.1993041038040695
8,10,1940,3.3399325271466216,-0.7225271682645751,-1.8702422966241672
8,10,1941,5.333821330751539,-0.5507071743300409,-1.492716101674566
8,10,1942,6.34191817421893,-0.6047582001180346,-0.41921167154416505
8,10,1943,6.9521168676164535,-0.6297315129797787,0.011307240132112047
8,10,1946,8.518001916427483,-0.20102905200186685,-0.5331984173564409
8,10,1957,3.787799908584854,0.5104073834447554,-3.2208442195521707
8,10,1958,10.479080626707203,0.5260259834628624,-7.4851611147992525
8,10,1979,2.2625683598552704,-4.49661564298768,0.015872969055550232
8,10,1980,5.855312383538678,-3.7154363915937627,0.04174092485888989
8,10,1981,8.768983987961,-2.6790107350810484,-0.24182074018581307
8,10,1982,10.7336526392666,-1.2979878887312775,-0.6687429402532036
8,10,1983,12.487256108397593,0.4256209498878434,-2.1826082791704766
8,10,1984,14.516434798754263,2.1989891778533885,-4.255648777433269
8,10,1994,11.92656040400253,1.0305876162347873,-0.5201142941021043
8,10,2000,10.206728954315464,-0.07887386950783033,-0.7302900588154168
8,10,2001,10.974936629405546,-0.26261535404870723,-0.5092030032989627
8,10,2006,11.380370351985308,0.5646197455631063,-0.9038181955986291
8,10,2007,11.303865401927158,0.721888741599902,-0.6580060825751035
8,10,2008,11.246251278650915,1.1698209859618651,-1.12020802258299
8,10,2009,10.96284805890388,1.7196598845479751,-1.4385750044249601
8,10,2010,10.464680901025353,1.5303176894421346,-1.036009922496945
8,10,2011,11.386218395614558,2.2798202781144004,-3.2055775917235803
8,10,2012,11.510035265988677,5.183131194062925,-5.324200220499154
8,10,2013,10.3522604809226,6.219020322612646,-5.117379552040489
8,10,2016,0.11654754673768322,-3.23600745419459,-0.09011380431037647
8,10,2017,4.2882781625653426,-3.5527979584526195,-0.6557819720404308
8,10,2018,7.476056502428948,-2.5813623903645606,-0.6323060301105519
8,10,2022,7.4633252578828815,0.3266027676801353,-1.0392459374503291
8,10,2024,7.792689777827168,0.0503182463172237,-0.8173419369279822
8,10,2027,7.390068227574349,0.24906096028930996,-0.827658210804924
8,10,2033,6.701470479364772,-0.6865828046936213,1.2791668723853755
8,10,2034,6.133851228066236,-0.5622702147215723,1.1236193589887522
8,10,2062,4.0800625615922606,-4.319550301844506,-0.7108705065257084
8,10,2065,8.5335779587287,-3.8577369067457803,-0.14081263873323202
8,10,2086,2.3369245673162906,3.305463063287148,-0.715168918239509
8,10,2087,1.1433962483699573,-1.0466656084579853,0.1677888361061045
8,10,2088,2.501165897220273,-2.1203847913229246,0.4674209567213513
8,10,2089,3.737994631469445,-1.835564372829517,0.5735615886264928
8,10,2090,4.607348550398118,-1.4401511164682335,0.5652285226078864
8,10,2091,5.179097920050961,-1.0663104716711356,0.49235642169445926
8,10,2092,5.529610718415816,-0.742139430794263,0.39036260811358175
8,10,2106,0.44484530069812167,0.545856802552027,-1.405153595271938
8,10,2107,1.3942974752912485,0.10999101018913227,-1.176158127243897
8,10,2108,1.9262211116779357,-0.5773867176422369,-0.03953180669835084
8,10,2109,2.2893098243668626,-0.5432372959715799,0.13442800106685018
8,10,2110,2.636881032948224,-0.7054961568424167,0.33145882835571316
8,10,2111,3.1703926024748577,-0.922560982136873,0.37773244852831234
8,10,2112,3.7918333894331093,-1.1574582596711462,0.5359572971444144
8,10,2113,4.2770775509659975,-1.3953241570389268,0.9097329439416257
8,10,2114,7.051694405538802,-4.64619962355177,1.6331434179094781
8,10,2115,9.237778688033657,-4.425756657487682,2.189037378989497
8,10,2116,10.750345226508278,-3.1802814098133547,1.6461878901509719
8,10,2117,10.941097994744439,-3.4714240097419897,3.264718142519156
8,10,2119,5.219093743123675,-0.6712225424257978,6.82996767436685
8,10,2120,3.0927669031098923,-0.37840298939785244,-2.7405931087131057
8,10,2121,7.160083116910703,0.13737301381257486,-4.851385754304032
8,10,2122,10.930826228436791,0.07969925780263727,-3.907536927379046
8,10,2137,9.509132274836443,-1.9621048376717762,-2.0441699194822354
8,10,5410,8.655810693779689,-3.3974905660558146,-6.661568563153036
8,10,5417,5.3112154716809075,-0.8330478567568402,-6.070846616502253
8,10,5418,13.688287086586984,-1.1285413945778742,-8.145800936024287
8,10,5432,11.738293936825961,-0.769839739152442,4.676485616981238
8,10,5433,7.625151214952895,-0.9382949431956863,4.743058536104878
8,10,5434,4.728047570208226,-0.9858471457706706,3.0429855089365456
8,10,5435,3.916021902286849,-0.6053095263377536,0.13007944943548688
8,10,5436,4.473497220736765,-0.11096805317771646,-0.6428071528579111
8,10,5439,0.5032458751250073,1.3616075778601175,-1.447787846528444
8,10,5440,1.919069572826598,-0.5785617409055943,-1.201028037249086
8,10,5441,3.4252031510838004,-0.41904373515972004,-1.1008473229461633
8,10,5442,4.742049896338048,-0.1434948597704676,-1.1733520055202316
8,10,5443,5.253379253766852,0.2606237398573427,-0.7748685767980521
8,10,5445,6.04417424304075,0.14192546015523622,-1.1818801970610164
8,10,5446,6.930158533952293,0.2900135770166612,-1.1767236069355582
8,10,5449,3.2504181764444326,-2.0058056041962775,-3.010997242091523
8,10,5450,7.609605677298334,-1.7254681373110325,-2.73177844554222
8,10,5451,10.420571445027653,-0.7260635183889714,-2.0927395024555278
8,10,5452,12.298618328641561,0.07724659095802625,-1.9620186729350781
8,10,5453,14.109698879311146,0.0325528163904221,-1.8660486931102955
8,10,5462,2.8855109283842806,-0.6068220403730085,-1.2571811412145717
8,10,5463,4.585951916141671,-0.8843807463855624,-1.090920949227938
8,10,5464,6.071338032465334,-0.7294231189863861,-0.7858289358683685
8,10,5466,7.747910592436168,-0.7933151110968288,-0.23862275197740496
8,10,5467,8.246473098012261,-0.6822543860403929,0.16288343075799366
8,10,5468,8.74967878415701,-0.792282754821914,0.28402826922436536
8,10,5469,9.125454138913044,-0.8829177738984584,0.5044772391887095
8,10,5470,9.3059243885448,-0.8446932565309744,0.6625663188267322
8,10,5471,9.466025509945544,-0.7795419414691194,0.616368918980022
8,10,5485,12.78726991342739,-1.0847222297219163,3.097578149393321
8,10,5489,7.398780713810128,-1.3415713218909138,0.1451746375260261
8,10,5490,9.456016913608055,-1.2511189637583962,-0.8733065036713012
8,10,5491,10.870408645699536,-0.8019223106682517,-0.6854154426973144
8,10,5492,11.798795032743662,-0.6038435824578602,-0.3829970825462841
8,10,5493,12.948532205173064,-0.4036361367583666,-0.776253842778534
8,10,5495,14.107046524044312,0.1274754127104405,-0.767528905815952
8,10,5496,14.867688001609837,0.2977946704098614,-1.081904223434374
8,10,5506,1.9250437037250112,-0.9249339889573773,0.02180300903393048
8,10,5507,6.286551836734687,-4.749751393751961,-0.3042728017331846
8,10,5508,12.4815343455076,-6.130379487492355,-0.18461721039726367
8,10,5521,3.167040302374299,-4.094297072084821,-4.847150252737535
8,10,5522,10.782587658229911,-2.8989921648877583,-4.836163342038476
9,10,1961,8.471874839189832,-1.0707471040005587,-3.692358173668308
9,10,1969,5.602698209583928,-3.524726331390932,1.3922340919162517
9,10,1970,8.684616726464364,-6.702817405370377,1.1054077579899282
9,10,1973,9.117998877955799,-9.200311527815082,-0.5086580564598673
9,10,2014,1.212006940217648,-0.5109445991769519,-0.45241621579423197
9,10,2015,1.9565744413286208,-2.295946172395959,1.0245156035121914
9,10,2016,2.9242012678971894,-1.7628481006602503,0.7295249413551038
9,10,2017,2.848903467213189,-0.5413836200054969,0.6117893295449959
9,10,2021,4.300853148184996,-1.4188636803659784,-1.4090687914970939
9,10,2033,2.847513156471203,-0.5206521944045589,-0.269094077991482
9,10,2034,3.64284221604893,-0.6284550104993392,-0.21138886282214797
9,10,2060,13.475480792496562,-1.1104762252497664,-0.4561845914626478
9,10,2080,9.427515426594391,-3.118598426673352,0.4141052773143675
9,10,2081,10.824338197992402,-1.7999103779403163,0.3994839969080934
9,10,2086,5.925417321341803,1.1877658017787032,-0.7493799676884113
9,10,2088,4.215625349552729,1.2533894868766813,-0.5000903322243546
9,10,2089,3.9755740667826265,0.8130801130608128,-0.5730431296527657
9,10,2090,4.126787246498778,0.3981849228537321,-0.5525153972778245
9,10,2094,5.070499455573308,0.5597607055710734,-0.6468946829186305
9,10,2095,4.95084197377255,0.7480150497094832,-0.6310251964779457
9,10,2102,4.178620928133606,0.5593638626844741,-0.5572151750607449
9,10,2103,4.319978242030928,0.48654137296476063,-0.6279144310629453
9,10,2104,4.802750988424912,0.34045146093515155,-0.8232284677832632
9,10,2105,5.9513555782156855,0.3625772164193772,-1.511185663448477
9,10,2106,7.161704691559178,0.3226397811494606,-1.5338410034613674
9,10,2113,11.670656248741048,-5.471934958033476,0.7627824083423065
9,10,2124,14.750709730434599,-1.0858818533067993,3.151694207594684
9,10,2125,13.182807997642975,-0.8186621937337992,2.377209613834788
9,10,2131,10.783177850410985,-0.2291385867445014,-4.267581041518972
9,10,2451,5.873179106256422,-0.09696478535129394,-2.7978505861689236
9,10,2452,10.32533642870098,-0.1546057497519715,-4.781419782933298
9,10,4330,5.073145443461775,-3.7041060817521,-3.4739057939052067
9,10,4331,10.938298348327603,-3.102222508112458,-2.7638941863965627
9,10,4542,4.83755662635191,-2.311590420698733,-0.2913684299582874
9,10,4543,9.543019219197912,-3.2959407055189094,-1.6351855835232758
9,10,4551,10.122013053434124,-6.2108355511835365,-4.015809244120706
