Frame,ID,Head_X,Head_Y,Middle_X,Middle_Y,Tail_X,Tail_Y,Angle,Smoothed_X,Smoothed_Y,Velocity_X,Velocity_Y,Speed,Accel_X,Accel_Y,Acceleration,Direction
0,1,309.8394,584.35266,326.67792,615.20593,345.49374,639.7063,8.899559993506422,326.69604273528336,615.2529751727266,,,,,,,
1,1,309.13644,583.3273,325.6418,613.3524,345.1684,638.95685,8.531612831452291,325.72187478202545,613.4129147543468,-0.9741679532579042,-1.8400604183797213,2.0820243861305876,,,,-2.0577033351687333
2,1,308.6515,583.1876,325.05414,612.748,344.93158,639.38983,7.701330227433835,325.0338478774121,612.7471175748481,-0.6880269046133662,-0.6657971794987816,0.957427232587617,0.28614104864453793,1.1742632388809398,1.2086235368825773,-2.3726129657370394
3,1,308.22412,582.38806,324.6277,613.1689,343.7814,638.65454,8.872831265903379,324.57371372170707,612.7436068594193,-0.4601341557050205,-0.003510715428774347,0.4601475484767835,0.22789274890834577,0.6622864640700072,0.7003987903297344,-3.133963036739645
4,1,308.45938,582.6559,324.44843,613.50995,343.29034,639.2987,8.75889779930067,324.2832240151735,612.8904058332496,-0.290489706533549,0.14679897383030038,0.3254753574690051,0.16964444917147148,0.15030968925907473,0.22665445466580086,2.673674208459694
5,1,308.5239,583.11053,324.4279,613.24316,343.4912,639.3615,8.299997652723693,324.1041304580752,612.7696245735908,-0.17909355709832653,-0.12078125965877007,0.21601531167695215,0.11139614943522247,-0.26758023348907045,0.28984182490292854,-2.548253128097876
6,1,307.72668,582.92896,324.52573,612.21027,343.90973,639.0947,5.948638914951844,323.9781847506754,612.3397205659461,-0.12594570739980782,-0.4299040076447227,0.44797296458763197,0.05314784969851871,-0.30912274798595263,0.3136583607206464,-1.8557841622603182
7,1,307.59937,581.8099,324.2287,611.12427,343.81076,638.21454,6.295910723091841,323.8471385932376,611.6532381478806,-0.1310461574377655,-0.6864824180654523,0.698878534290612,-0.005100450037957671,-0.2565784104207296,0.25662910061919725,-1.7594220828424985
8,1,306.6576,580.8251,323.7439,609.3745,343.33224,637.4961,3.959728183856756,323.6527436860254,610.7627216569606,-0.19439490721219954,-0.8905164909200494,0.9114872465101187,-0.06334874977443405,-0.20403407285459707,0.21364214702071052,-1.7857193452493894
9,1,306.63043,579.327,323.2544,608.58026,342.45816,635.72205,5.672191698797468,323.3503432595521,609.7073003599374,-0.302400426473298,-1.0554212970231447,1.0978889434461254,-0.10800551926109847,-0.16490480610309532,0.19712632311986897,-1.8498417103894869
10,1,306.73975,578.1531,323.02402,607.8626,341.92868,634.6421,6.491868756145742,322.9496466653304,608.4724432403067,-0.40069659422169934,-1.2348571196307603,1.2982410664139565,-0.09829616774840133,-0.1794358226076156,0.2045955792017353,-1.8845652728018263
11,1,304.99576,577.04504,321.82092,605.48096,340.96982,633.6507,3.594393419942057,322.473954785123,607.0843589784581,-0.47569188020742104,-1.3880842618485758,1.467331142887309,-0.0749952859857217,-0.15322714221781553,0.17059557448046198,-1.9009500979965563
12,1,304.45764,576.0208,321.55353,604.7035,339.652,632.6617,2.120249007288875,321.9465685006925,605.7858753256154,-0.5273862844305199,-1.2984836528427195,1.4014978022477242,-0.0516944042230989,0.08960060900585631,0.10344361054314319,-1.9565978850989336
13,1,304.7866,575.3538,320.6054,604.20807,339.36487,631.59875,5.673746365488098,321.39078869380137,604.8088098434697,-0.5557798068911097,-0.9770654821456901,1.1240765766390246,-0.028393522460589793,0.3214181706970294,0.32266985073282684,-2.0879779604903383
14,1,303.76096,574.9999,320.23834,603.6675,337.59775,631.7733,1.812293465124048,320.82991624621246,604.1243202647485,-0.5608724475889062,-0.6844895787212408,0.8849315712767581,-0.005092640697796469,0.2925759034244493,0.2926202218813825,-2.257256579521729
15,1,303.97586,574.6587,319.53833,604.7536,337.31595,631.9575,5.820427967678964,320.2872520396883,603.6383993649372,-0.5426642065241367,-0.4859208998112763,0.7284253990051908,0.01820824106476948,0.19856867890996455,0.19940175597702584,-2.411304999188117
16,1,303.7938,574.4854,319.4894,604.7599,337.20752,631.5577,6.0675662912906425,319.7860969559915,603.2570399195222,-0.5011550836968013,-0.38135944541500066,0.6297550670875025,0.04150912282733543,0.10456145439627562,0.1124993556575292,-2.491113368662916
17,1,304.53445,575.14453,319.98248,604.9442,338.10873,631.5438,6.870354687529284,319.34330431833115,602.8983799129372,-0.442792637660375,-0.3586600065849552,0.569826570361327,0.05836244603642626,0.022699438830045437,0.0626213991424157,-2.460786592845108
18,1,304.25244,573.7113,319.5543,604.0365,338.17477,630.8619,7.990775299384991,318.94993721570245,602.5291381654067,-0.39336710262870156,-0.3692417475305092,0.5395156582990746,0.04942553503167346,-0.010581740945553975,0.05054559085227903,-2.387819236967504
19,1,303.01077,572.176,318.90195,602.5644,337.67212,630.3572,6.426813907805056,318.59061117854696,602.1281787061033,-0.3593260371554834,-0.40095945930340804,0.5384084778147027,0.03404106547321817,-0.03171771177289884,0.046527490569131406,-2.3014888804089573
20,1,303.45953,570.7317,318.34164,601.5105,337.52686,628.63403,9.46821834271432,318.24994173730653,601.6743655641989,-0.3406694412404363,-0.45381314190444755,0.5674522323158641,0.01865659591504709,-0.05285368260103951,0.056049802280015035,-2.214733891457837
21,1,304.49127,571.0288,318.18597,601.7239,336.56573,627.69476,11.243127119221016,317.91254442242257,601.1465627688665,-0.3373973148839582,-0.5278027953323772,0.6264285584578468,0.003272126356478111,-0.07398965342792962,0.07406197151897792,-2.1395764342245362
22,1,302.94794,569.8495,317.5054,600.4885,335.0315,626.5553,8.501334587314055,317.56303476433686,600.5236343492777,-0.349509658085708,-0.6229284195887885,0.7142806290433573,-0.012112343201749809,-0.09512562425641136,0.09589365593202155,-2.082102751484256
23,1,302.56232,569.02954,316.88284,599.54425,334.143,625.7602,8.219625471076549,317.18602829349095,599.7844443346055,-0.3770064708459131,-0.7391900146722037,0.8297805474044225,-0.027496812760205103,-0.11626159508341516,0.1194689633474308,-2.0424328974844697
24,1,299.82083,567.6739,316.4295,597.5088,333.12497,625.0161,2.151313827973776,316.76614054032666,598.9078567540223,-0.4198877531642893,-0.8765875805831911,0.9719627110594561,-0.04288128231837618,-0.1373975659109874,0.14393364961513486,-2.017505377182444
25,1,299.55533,567.898,316.3521,596.95465,332.98666,624.7724,0.8478835767956632,316.3312043782103,597.9212215817051,-0.4349361621163439,-0.9866351723171647,1.0782478510851834,-0.015048408952054615,-0.1100475917339736,0.11107172033616663,-1.9859964791852962
26,1,300.04578,568.5704,316.7492,596.6144,332.43954,624.7215,1.607177664911781,316.0819220522079,597.0458325718531,-0.24928232600240108,-0.8753890098520287,0.9101909671200229,0.18565383611394282,0.11124616246513597,0.21643256577290343,-1.8482204222191616
27,1,300.86276,568.6731,317.36603,596.4498,332.3205,624.91614,3.001592317040705,316.1746882715828,596.4729216854535,0.09276621937488017,-0.5729108863996544,0.5803726864802875,0.34204854537728124,0.30247812345237435,0.45660729578269316,-1.4102687213564276
28,1,303.2746,569.0931,318.75717,597.68677,333.3917,624.8111,0.0884693269410581,316.41579823068975,596.0795299306276,0.2411099591069501,-0.3933917548258705,0.46140121927183175,0.14834373973206993,0.17951913157378385,0.23287976236397534,-1.0209452071186766
29,1,303.10788,568.0699,318.7102,596.80444,333.10562,623.8515,0.4780632566270081,316.5716491591678,595.6901267531939,0.1558509284780598,-0.38940317743367814,0.41943336360251304,-0.08525903062889029,0.003988577392192383,0.08535227620509929,-1.1900914797682527
30,1,301.85208,566.3982,317.4414,595.57446,333.1217,623.247,1.42133947623992,316.59914594270293,595.2330863026253,0.027496783535127634,-0.4570404505685701,0.45786684370098174,-0.12835414494293218,-0.06763727313489198,0.14508475881757954,-1.5107060655484044
31,1,302.6745,565.2524,316.64175,594.38947,332.3268,622.28754,3.734600855704679,316.5028203809928,594.6627589043076,-0.09632556171015949,-0.5703273983177723,0.5784046638044136,-0.12382234524528712,-0.11328694774920223,0.16782701127164706,-1.7381125231194
32,1,302.09897,563.84973,315.74347,593.5963,331.44095,621.37994,4.82539754816318,316.2872042737349,593.9334948836266,-0.2156161072578584,-0.7292640206809438,0.7604711155387615,-0.11929054554769891,-0.1589366223631714,0.19872363771147353,-1.8582691338912674
33,1,301.68698,562.8028,315.19257,592.38513,331.22458,620.629,5.041777201704859,315.9614098303991,593.0214547663875,-0.3257944433358375,-0.9120401172391439,0.9684829346777875,-0.11017833607797911,-0.18277609655820015,0.21341594882755277,-1.913884279602293
34,1,300.47696,560.3753,314.81998,590.40393,330.63284,619.7611,2.7772785486326668,315.5528708995431,591.9900398800701,-0.4085389308559684,-1.0314148863174069,1.1093785313147568,-0.08274448752013086,-0.11937476907826294,0.1452480144699324,-1.9479323442100287
35,1,301.91437,560.19006,314.17737,589.72046,330.3057,618.4207,6.782666891494365,315.09360173949733,590.9244617525736,-0.45926916004577834,-1.065578127496451,1.1603382727325673,-0.05073022918980996,-0.034163241179044235,0.06116112492023173,-1.9777419788047115
36,1,301.7244,559.0545,313.90973,589.2677,329.96213,617.5153,7.6436746931608255,314.6156166085917,589.909931911797,-0.47798513090560846,-1.0145298407766177,1.1214903402138963,-0.018715970859830122,0.05104828671983341,0.05437108737423164,-2.011090171958159
37,1,301.0101,558.4799,313.4633,588.30725,329.74374,616.6348,7.225884136771436,314.15092976515643,589.0152466657021,-0.4646868434352882,-0.8946852460949231,1.0081644469241042,0.013298287470320247,0.11984459468169462,0.12058014481689323,-2.0498320548896247
38,1,300.78125,557.94525,313.26157,588.15906,330.09668,616.80725,7.996742772029355,313.7315554675215,588.2435414425029,-0.4193742976349313,-0.7717052231992056,0.8782959370449848,0.04531254580035693,0.12298002289571741,0.1310622479524162,-2.0685879329480183
39,1,301.0761,558.0333,313.38937,588.1776,329.87766,616.5228,7.967476973966058,313.38950797401725,587.5815364504758,-0.34204749350425345,-0.6620049920270503,0.7451490436693033,0.07732680413067783,0.10970023117215533,0.13421466148036337,-2.0477020021976395
40,1,301.0518,558.2869,313.7776,587.6484,329.2284,616.2561,4.940345332843858,313.1568015429734,587.0159518978975,-0.23270643104382316,-0.5655845525783434,0.6115865998894993,0.1093410624604303,0.09642043944870693,0.14578192303388468,-1.9611292178366353
41,1,301.01862,558.0239,313.6389,587.31165,329.20325,615.52466,5.572813707398015,313.04962601395675,586.5318258707418,-0.10717552901667204,-0.48412602715563935,0.49584735976861505,0.12553090202715111,0.08145852542270404,0.14964457466875147,-1.7886619686815397
42,1,301.2906,558.9555,314.1393,587.5313,328.687,615.31354,3.4275982562124536,313.0208735514785,586.1074679657685,-0.02875246247828045,-0.42435790497336257,0.4253308542910405,0.0784230665383916,0.059768122182276784,0.09860226059518393,-1.6384481468619267
43,1,301.0744,557.7033,313.9262,587.002,328.6446,614.4968,4.476234365885758,313.00761190128645,585.719505657435,-0.01326165019202108,-0.3879623083334991,0.388188902537505,0.01549081228625937,0.03639559663986347,0.039555084629662535,-1.6049658537391673
44,1,300.5777,555.6357,313.19617,585.95306,329.04858,614.4165,6.517462945469894,312.9469088091284,585.3445664201982,-0.060703092158064464,-0.37493923723673106,0.3798214014733927,-0.047441441966043385,0.013023071096768035,0.049196451057052254,-1.7313047286527343
45,1,297.278,553.94714,312.1849,585.4945,328.85257,613.1906,5.747877495601943,312.78830331094764,584.9592777285155,-0.15860549818074787,-0.3852886916827174,0.4166570292119686,-0.09790240602268341,-0.010349454445986339,0.09844791674972052,-1.9613084150334088
46,1,298.59525,554.1294,312.4031,585.19714,328.1799,611.91547,6.598824965905262,312.53121960347096,584.5402670568434,-0.2570837074766814,-0.41901067167214023,0.49159126886580684,-0.09847820929593354,-0.033721979989422834,0.10409192879633236,-2.121119029800338
47,1,298.68237,553.5796,312.12454,584.37506,327.62488,611.1226,6.511322247887858,312.1875531736205,584.0641618796393,-0.34366642985048657,-0.47610517720409007,0.5871820456780992,-0.08658272237380515,-0.057094505531949835,0.10371282647578972,-2.196022762885608
48,1,297.4505,553.2306,311.54926,583.1475,326.6688,609.4441,4.664552735585611,311.7691995083185,583.5075896713604,-0.4183536653019928,-0.556572208278908,0.6962703586252053,-0.07468723545150624,-0.0804670310748179,0.109786730661699,-2.215359677293831
49,1,297.32068,552.07623,310.35123,582.67596,326.28757,609.1039,8.024239109869502,311.28710361715264,582.8263656054628,-0.48209589116584084,-0.6812240658975952,0.8345553763753711,-0.06374222586384803,-0.12465185761868725,0.1400041319599793,-2.186665163627626
50,1,295.56387,550.8381,309.7003,580.66693,325.65036,608.09674,4.820238837506318,310.7484086003713,581.8930556514,-0.5386950167813325,-0.9333099540627927,1.0776176462260314,-0.05659912561549163,-0.2520858881651975,0.2583616767875504,-2.0942731596916597
51,1,293.7882,549.33295,309.31482,579.25757,325.44064,607.9026,1.9543457346059576,310.1820435842051,580.6460184263763,-0.5663650161662304,-1.247037225023746,1.3696244639067672,-0.027669999384897892,-0.3137272709609533,0.3149451212680833,-1.9971113615355924
52,1,291.73154,547.3556,309.09998,576.9786,325.29822,607.4573,2.3949000442754813,309.7078837081522,579.3700323426016,-0.4741598760528518,-1.2759860837746828,1.3612376993182005,0.09220514011337855,-0.02894885875093678,0.09664276634238828,-1.9265852221780326
53,1,292.3295,547.5941,309.55957,576.74445,325.28818,607.51154,3.509558979781092,309.44305820430526,578.353705003612,-0.26482550384696424,-1.0163273389895267,1.0502636847312825,0.20933437220588758,0.25965874478515616,0.3335319222057102,-1.825699222518699
54,1,293.3201,548.27856,310.40564,577.10046,324.93106,607.50104,5.120822110327727,309.40276666186736,577.5545409832428,-0.0402915424378989,-0.7991640203692896,0.8001790673623194,0.22453396140906534,0.21716331862023708,0.3123706240673125,-1.6211707863024216
55,1,295.37646,549.0713,311.17856,577.7442,324.77722,607.4456,4.259379479021786,309.54262306973624,576.8472690979037,0.13985640786887643,-0.7072718853390825,0.7209669441889037,0.18014795030677533,0.0918921350302071,0.20223117583632402,-1.3755741522341185
56,1,295.01038,547.74146,311.21,576.7696,324.43185,607.2521,5.7154258752338345,309.68182865847854,576.1066181640047,0.13920558874229982,-0.740650933899019,0.7536192684788383,-0.0006508191265766072,-0.033379048559936564,0.03338539273847353,-1.3850133748388316
57,1,294.81354,546.3819,310.56366,575.0004,323.6887,606.0891,5.937556591268112,309.6495076551933,575.2343846112382,-0.03232100328523302,-0.8722335527664882,0.872832181937063,-0.17152659202753284,-0.13158261886746914,0.21618361954736842,-1.6078348263686613
58,1,292.97266,543.5205,309.312,572.4861,322.9676,605.0234,6.659822777184591,309.45088903144216,574.2406353224252,-0.1986186237511447,-0.9937492888129782,1.0134036741186103,-0.16629762046591168,-0.12151573604649002,0.2059635226916277,-1.7680649031541364
59,1,293.69067,542.85046,308.82816,573.1886,321.45917,604.2268,4.373451297047271,309.1352279449022,573.1625047936701,-0.31566108653993297,-1.0781305287550822,1.1233910087717829,-0.11704246278878827,-0.084381239942104,0.1442883631823156,-1.8556213283844127
60,1,292.05695,539.5522,307.39853,571.12537,321.39368,602.19574,1.6671832472743824,308.75177955325086,572.0371275210764,-0.38344839165137046,-1.1253772725937097,1.188909868211413,-0.06778730511143749,-0.04724674383862748,0.08262792226374813,-1.8991879245824317
61,1,291.09674,538.5545,307.6011,569.51935,321.87653,600.41785,3.260267105085278,308.3491661775686,570.9016380007482,-0.40261337568227873,-1.1354895203281785,1.20475473896283,-0.019164984030908272,-0.010112247734468838,0.021669198581125218,-1.9115388348683149
62,1,291.66965,538.53076,308.00632,569.70953,321.33572,599.84357,3.7915272101612953,307.9734787925502,569.793170728789,-0.3756873850183524,-1.1084672719591708,1.1704019413289326,0.026925990663926314,0.027022248369007684,0.038147226375585756,-1.897571003991647
63,1,291.03543,537.35004,307.61224,567.9268,321.22797,599.5412,5.163080417155312,307.670175536294,568.7488602013032,-0.30330325625624255,-1.0443105274858908,1.0874637203481776,0.07238412876210987,0.06415674447328001,0.09672409192160682,-1.8534540100858026
64,1,291.5355,537.8579,307.89847,567.7409,321.19748,599.1897,5.781266443724436,307.48471454689826,567.805840914394,-0.18546098939572175,-0.9430192869091343,0.9610833231672746,0.1178422668605208,0.10129124057675654,0.1553921338948808,-1.764985254274169
65,1,290.6865,537.1882,307.82938,567.31213,321.15787,599.1271,6.912563487596239,307.4462598156043,566.9935630245808,-0.03845473129393895,-0.812277889813231,0.8131876392557406,0.1470062581017828,0.13074139709590327,0.19673371047097304,-1.6181028477019914
66,1,290.71057,537.1074,308.03113,566.955,321.5183,598.52997,6.99694981002679,307.51879874622523,566.3107393300427,0.0725389306209081,-0.682823694538115,0.6866659262540307,0.11099366191484705,0.12945419527511604,0.1705226719811628,-1.4649595168943366
67,1,293.45013,538.0484,309.97745,567.90753,321.3187,598.4958,8.621654836533539,307.6500245957171,565.7483982893735,0.13122584949189786,-0.5623410406691391,0.5774492788078626,0.05868691887098976,0.12048265386897583,0.13401576149797295,-1.3415425708088151
68,1,293.4739,536.4124,308.90402,566.829,321.68896,598.6112,4.98511264781173,307.7876306210362,565.2975683611681,0.13760602531908717,-0.450829928205394,0.47136296245016746,0.006380175827189305,0.11151111246374512,0.11169348614170775,-1.2745499110541227
69,1,293.8229,535.7238,308.14383,566.23755,321.08643,597.6174,2.72835662947472,307.884855287211,564.9666765446435,0.09722466617478176,-0.33089181652462685,0.34487973259640103,-0.040381359144305407,0.11993811168076718,0.12655356494342448,-1.2850132014503188
70,1,293.03363,535.30896,307.66092,565.92584,320.03918,596.71875,3.636957842816977,307.91711789155966,564.8337440015102,0.03226260434865935,-0.13293254313327907,0.13679158111243261,-0.06496206182612241,0.19795927339134778,0.20834573045380922,-1.3327008447799569
71,1,307.65765,570.40845,307.53873,568.2985,306.9517,561.5648,1.7562459999703044,307.86538293947274,564.9307450367367,-0.051734952086917474,0.09700103522641257,0.10993500853882432,-0.08399755643557683,0.22993357835969164,0.2447959148851148,2.0607622139850172
72,1,299.58606,544.3951,307.8746,568.0934,314.49557,586.6529,0.355532773034762,307.71061493634096,565.0358723658308,-0.1547680031317782,0.1051273290941026,0.18709593826659587,-0.10303305104486071,0.008126293867690038,0.10335301766100945,2.5449238880759677
73,1,311.03,570.91504,307.70004,565.6803,306.25198,558.2929,21.37114955659959,307.4471999698399,564.9262707035366,-0.26341496650104546,-0.10960166229415336,0.28530679794633096,-0.10864696336926727,-0.21472899138825596,0.24065058153260424,-2.7473016392734992
74,1,295.23712,534.4357,306.76492,565.2169,318.0808,593.65515,1.166842936933134,307.12321045678624,564.6286743510052,-0.3239895130536752,-0.29759635253140004,0.4399236224718456,-0.06057454655262973,-0.1879946902372467,0.19751273186165758,-2.3986300045509212
75,1,293.34332,532.9719,306.0038,564.42896,318.21744,592.9354,1.2696454598634812,306.80014039628156,564.2322150059885,-0.32307006050467635,-0.3964593450167513,0.5114237736413968,0.0009194525489988337,-0.09886299248535124,0.09886726797150044,-2.254549768551888
76,1,293.43384,533.1624,305.69873,563.6811,317.47623,591.50024,1.051646685427443,306.5394837874276,563.8260243662389,-0.26065660885393527,-0.40619063974952496,0.48263102216844883,0.06241345165074108,-0.009731294732773677,0.06316753156595169,-2.1413217096899833
77,1,293.01288,532.5292,305.54984,563.3798,318.0039,591.31824,1.910185911737964,306.38878763871674,563.4785788537017,-0.15069614871089243,-0.347445512537206,0.3787185147554014,0.10996046014304284,0.05874512721231895,0.12466873211058677,-1.9800346888519886
78,1,295.43826,534.0117,306.50192,563.9426,317.746,590.8046,2.4272094933779886,306.3398109962045,563.1757337870948,-0.04897664251222977,-0.30284506660689203,0.30677980031270574,0.10171950619866266,0.04460044593031398,0.11106780685006179,-1.731129936909448
79,1,300.86282,540.61597,307.50244,563.33545,314.36032,582.63245,3.273869906444208,306.37036591533706,562.8826892093292,0.03055491913255537,-0.2930445777656132,0.2946332086527646,0.07953156164478514,0.00980048884127882,0.0801331322187414,-1.466904595519589
80,1,296.99036,534.0367,307.7551,562.70776,317.70288,589.7584,0.3881583003657882,306.4582644515607,562.5646451633154,0.08789853622363353,-0.3180440460138243,0.32996691936480693,0.05734361709107816,-0.024999468248211087,0.06255608550558055,-1.3011548302498999
81,1,298.46033,534.7507,307.60455,562.6463,316.57758,588.28375,1.1408957956530446,306.578917042212,562.1925222963292,0.12065259065133205,-0.37212286698616026,0.3911936550672536,0.03275405442769852,-0.05407882097233596,0.06322457559533792,-1.25726298509349
82,1,296.46005,532.0343,307.53525,561.76215,317.68356,589.78986,0.5289714657390802,306.6981276521892,561.760123673104,0.11921060997718769,-0.4323986232252537,0.4485306443245857,-0.0014419806741443608,-0.060275756239093425,0.06029300206872449,-1.3017830812976932
83,1,294.9201,531.1515,307.23676,560.28326,317.80225,588.59247,2.4516812605674443,306.7792986282809,561.2669729627379,0.08117097609169832,-0.4931507103660806,0.4997863048286227,-0.038039633885489366,-0.060752087140826916,0.0716786567822577,-1.407662351336252
84,1,295.57462,531.05194,306.51312,559.98804,316.7287,587.67017,0.4519746319901976,306.7858323172756,560.7125938343291,0.006533688994693421,-0.5543791284087547,0.5544176287845922,-0.0746372870970049,-0.06122841804267409,0.09653830224946569,-1.5590112754200218
85,1,300.71683,539.95593,305.7526,559.1624,311.09375,575.01855,3.924458667141326,306.6923831216569,560.0965099569756,-0.09344919561868892,-0.6160838773535033,0.6231308819956739,-0.09998288461338234,-0.061704748944748644,0.11749065178960999,-1.721331427575314
86,1,300.30252,537.2898,306.0974,558.5751,313.63797,579.5803,4.517743383130598,306.5186136666881,559.4182449997757,-0.1737694549688058,-0.6782649571999855,0.7001708189046827,-0.08032025935011688,-0.062181079846482135,0.10157672348006026,-1.8215989133115653
87,1,305.91016,555.0413,305.69864,557.727,309.1894,560.1501,59.736865219307965,306.29543863332754,558.6773226318273,-0.22317503336057598,-0.7409223679483148,0.7738042716615309,-0.04940557839177018,-0.06265741074832931,0.07979262057302168,-1.8633650788671254
88,1,316.372,585.7943,306.241,557.24695,300.14795,527.64215,7.909143801520636,306.0537727025334,557.8732665222287,-0.24166593079411314,-0.804056109598605,0.8395883809876294,-0.018490897433537157,-0.06313374165029018,0.06578588467644998,-1.8627654649589513
89,1,315.82913,584.91156,305.5645,556.2703,299.19998,525.64465,7.977080037221089,305.8178806803446,557.0096555965904,-0.235892022188807,-0.8636109256383406,0.8952479416419991,0.005773908605306133,-0.05955481603973567,0.05983405496963402,-1.8374382370684164
90,1,314.16348,582.39026,305.07553,555.10706,299.4277,526.52893,7.24364634362049,305.5854278731233,556.1062898065734,-0.232452807221307,-0.9033657900170056,0.9327936846688633,0.0034392149674999928,-0.039754864378664934,0.03990335125473445,-1.8226511209400496
91,1,303.31006,539.53973,304.67908,554.2246,310.41202,567.79095,17.58212029069213,305.3474297123122,555.1870243603513,-0.23799816081111658,-0.9192654462220844,0.9495746864609239,-0.005545353589809565,-0.015899656205078827,0.016838943371711764,-1.8241341045212784
92,1,296.0016,520.782,304.47995,552.80176,314.60358,581.7564,4.440781794810862,305.0949016293539,554.2757144660975,-0.25252808295829254,-0.9113098942538045,0.9456511809581114,-0.014529922147175967,0.007955551968279906,0.016565308470505368,-1.8411180305251755
93,1,297.023,522.2499,304.69183,552.8078,314.02185,579.77124,4.998848958453001,304.8390359130441,553.3962153319856,-0.25586571630981325,-0.8794991341119385,0.9159617850578611,-0.003337633351520708,0.03181076014186601,0.031985375676901386,-1.853904086470377
94,1,294.84995,521.01624,304.55737,552.2558,315.84897,581.8263,3.637334680533997,304.6717322815887,552.5723821661888,-0.16730363145541105,-0.8238331657967137,0.8406495049453153,0.0885620848544022,0.055665968315224745,0.10460374229553138,-1.7711511878990942
95,1,294.8961,520.4258,304.7956,551.31775,315.54593,581.9897,1.5469956941396112,304.66990703697,551.828070176881,-0.0018252446186579618,-0.7443119893077892,0.744314227289279,0.1654783868367531,0.07952117648892454,0.18359388339559893,-1.5732485793262918
96,1,294.98157,521.0729,305.79117,552.0262,314.68292,581.60895,2.5210356382188275,304.7698353868642,551.1871345722354,0.09992834989418498,-0.6409356046456196,0.6486787528623245,0.10175359451284294,0.10337638466216958,0.1450533381281,-1.416131377605224
97,1,294.86426,520.4521,306.59656,551.09424,314.21063,581.34344,6.822397459410283,304.88562532732533,550.6556494538632,0.11578994046112712,-0.5314851183721885,0.5439519660439611,0.01586159056694214,0.10945048627343112,0.11059384702958769,-1.3562870772564868
98,1,295.15326,519.8289,305.36267,550.6954,314.72488,581.591,1.444149115499795,304.9833571022248,550.1685644971265,0.09773177489944374,-0.4870849567367941,0.4967929698619739,-0.01805816556168338,0.0444001616353944,0.04793194860113989,-1.3727794403426168
99,1,296.03943,519.5582,305.24475,550.089,314.3399,581.30334,0.5333919487500347,305.0421040173886,549.6430482708241,0.058746915163851554,-0.5255162263023294,0.5287896596457895,-0.03898485973559218,-0.03843126956553533,0.054742869572416815,-1.4594695679022955
100,1,296.50146,519.68274,305.42,550.10535,313.42325,580.5085,1.5909006677046904,305.04093937864286,548.996269343756,-0.0011646387457631135,-0.6467789270681124,0.6467799756352903,-0.05991155390961467,-0.12126270076578294,0.13525545049600213,-1.5725970000052798
101,1,294.8959,517.21857,304.76022,547.3414,314.14975,579.8342,2.014019837035045,304.9660391264408,548.1840831971379,-0.07490025220204188,-0.8121861466181599,0.8156325058127494,-0.07373561345627877,-0.16540721955004756,0.1810980092962134,-1.6627567677532926
102,1,291.61948,515.3412,303.87756,545.7665,313.63016,578.60974,5.405626279590734,304.8319897397452,547.3170929618511,-0.13404938669560806,-0.8669902352867211,0.8772920301450325,-0.05914913449356618,-0.054804088668561235,0.08063565121042617,-1.7241962900793606
103,1,292.41394,515.78284,303.93103,545.892,313.56165,577.2382,3.8536133642187473,304.66048033214645,546.5009164925984,-0.1715094075987622,-0.8161764692526958,0.8340021018298905,-0.037460020903154145,0.05081376603402532,0.06312916904748082,-1.777920356169898
104,1,292.65512,515.0069,304.59,545.81433,313.09692,576.6284,5.743067476265988,304.4732000172345,545.6664828897025,-0.18728031491195907,-0.834433602895956,0.8551919983228612,-0.015770907313196858,-0.018257133643260204,0.02412559732626966,-1.7915777315037018
105,1,291.43082,513.60297,304.42194,543.9844,312.95804,575.5275,8.009105670005713,304.2902923542152,544.7291153597911,-0.18290766301930717,-0.9373675299113984,0.955046124186356,0.004372651892651902,-0.10293392701544235,0.103026760676024,-1.7635039520379119
106,1,291.5641,512.97046,304.57642,543.1204,312.97977,574.4683,8.338046817250408,304.1257186847556,543.7164022890961,-0.1645736694595712,-1.0127130706949856,1.0259981755519136,0.018333993559735973,-0.07534554078358724,0.07754408962531992,-1.7318957308990255
107,1,291.3114,511.68405,303.91925,542.0232,313.59467,573.0949,5.269906307739168,303.9918947961386,542.6839983587502,-0.1338238886170302,-1.0324039303459358,1.0410411656405905,0.030749780842540986,-0.019690859650950188,0.03651409283629704,-1.6997011442106091
108,1,289.98172,510.5262,303.17328,540.827,313.8897,572.96423,5.084652207579362,303.90123647564667,541.6875582498859,-0.09065832049191158,-0.9964401088642489,1.0005557563813274,0.043165568125118625,0.035963821481686864,0.0561841857387904,-1.6615287305391269
109,1,289.68854,509.17224,303.2514,539.7966,313.6776,573.1271,6.5171319763710684,303.8652301024679,540.7699908101198,-0.03600637317879318,-0.9175674397661169,0.9182736331989703,0.0546519473131184,0.07887266909813206,0.09595693448510798,-1.6100173224618257
110,1,290.2521,509.81232,304.24307,539.891,313.73108,572.76434,8.845933593617813,303.8916444234111,539.9232215530049,0.026414320943217717,-0.8467692571149428,0.8471811442341498,0.0624206941220109,0.0707981826511741,0.09438604622179413,-1.5396122019967335
111,1,290.30627,509.65155,305.41956,539.488,313.51862,572.7425,13.17617795076975,303.98731877719,539.1264301585784,0.09567435377891798,-0.7967913944264637,0.8025148647863677,0.06926003283570026,0.049977862688479036,0.08540924368773407,-1.4512939274602077
112,1,291.1133,510.3686,305.26898,539.236,313.1578,572.3214,12.710741331854695,304.159092502519,538.3587963068775,0.1717737253289897,-0.7676338517009071,0.7866180413584279,0.07609937155007174,0.029157542725556596,0.08149402829722265,-1.3506525539798637
113,1,291.12515,508.31894,305.35565,537.5386,312.4944,571.0183,13.930263339668729,304.3829324947026,537.5977246845462,0.22383999218357076,-0.7610716223313148,0.7933059664585665,0.052066266854581045,0.006562229369592387,0.052478176401925265,-1.2847504511451469
114,1,291.2496,507.47873,305.0378,537.3955,311.31693,570.7587,14.0856280601529,304.51131587540794,536.8135200046562,0.12838338070537247,-0.7842046798899673,0.7946441168237934,-0.09545661147819828,-0.02313305755865258,0.09821966721034861,-1.4085242474313415
115,1,291.05643,504.7801,303.447,535.33563,311.3869,569.37744,8.944085557764447,304.4079214264857,535.9747119868866,-0.10339444892224492,-0.8388080177695656,0.8451563776854806,-0.2317778296276174,-0.05460333787959826,0.23812283975814333,-1.6934412161381478
116,1,292.79324,503.3291,302.93634,534.9843,311.02994,566.7164,3.457853171856096,304.1047243441586,535.0498303509161,-0.303197082327074,-0.9248816359705643,0.9733111071426431,-0.19980263340482907,-0.08607361820099868,0.21755403941484472,-1.8875790292839443
117,1,292.73532,502.1897,302.51627,532.7272,311.11005,565.34937,3.001527097603456,303.6820903069328,534.0267920137115,-0.42263403722580506,-1.0230383372045253,1.1068997103676481,-0.11943695489873107,-0.09815670123396103,0.15459600315860242,-1.9625586608109722
118,1,293.26135,502.05652,302.3421,532.7371,311.0394,563.11755,0.5120549030071944,303.2456505080781,532.9710626813918,-0.4364397988547353,-1.0557293323197428,1.1423852770167564,-0.013805761628930213,-0.03269099511521745,0.035486620236055345,-1.9628018357692034
119,1,292.78186,500.95026,301.93713,531.30835,311.08762,562.20435,0.2839302970723329,302.90735251955505,531.967495257364,-0.3382979885230384,-1.0035674240277785,1.0590529276709852,0.09814181033169689,0.05216190829196421,0.11114260934422068,-1.8959289347820165
120,1,292.9804,501.00128,302.5607,531.5797,310.71265,562.1083,2.445286116478478,302.7791439133245,531.1009426450348,-0.12820860623054386,-0.8665526123292011,0.875985660068783,0.21008938229249452,0.13701481169857743,0.2508198699801085,-1.7176832088267444
121,1,293.31934,501.94333,304.2947,531.4522,310.64008,561.6089,8.519449805227833,302.932175715395,530.4279165558944,0.15303180207047262,-0.6730260891404214,0.6902049326892606,0.2812404083010165,0.19352652318877972,0.3413922706196784,-1.3472189533223815
122,1,292.92596,501.25903,305.05508,530.8254,310.51038,562.0405,12.391946552651923,303.27441276796776,529.8915639337654,0.34223705257278425,-0.5363526221290158,0.636239212418079,0.18920525050231163,0.1366734670114056,0.23340579127896605,-1.0028448596608017
123,1,292.1209,500.35428,304.86584,529.7852,310.40912,561.5052,13.50209452830779,303.6730233672916,529.4066905305532,0.39861059932383114,-0.4848734032121911,0.6276883199772606,0.05637354675104689,0.05147921891682472,0.0763419069291489,-0.882728996668699
124,1,293.2767,500.59335,305.3757,530.0292,309.6823,560.90466,14.403554986660486,303.99517580961566,528.8881020981635,0.32215244232406803,-0.5185884323897199,0.6105048388864653,-0.0764581569997631,-0.03371502917752878,0.08356167162187483,-1.0149268781229166
125,1,293.78458,498.89917,304.51215,529.56177,309.10178,560.59375,10.869733465556711,304.137649680718,528.26765803867,0.14247387110236787,-0.6204440594934795,0.6365922045608495,-0.17967857122170017,-0.10185562710375962,0.2065404505877038,-1.3450773846240787
126,1,293.72952,497.2023,303.9224,527.594,308.94388,559.19293,9.511054818082922,304.11566972449236,527.5454323548188,-0.021979956225663955,-0.7222256838512067,0.7225600714750471,-0.16445382732803182,-0.1017816243577272,0.193402586279852,-1.6012205757428453
127,1,294.0426,495.27234,303.15088,525.9727,309.2505,557.52856,5.58454718553095,303.97407197436127,526.7385526995242,-0.14159775013109765,-0.8068796552945514,0.8192098027797536,-0.1196177939054337,-0.08465397144334474,0.14654252454469807,-1.7445155170127216
128,1,294.32678,494.0142,302.68356,524.8309,309.40454,556.1775,3.071030457624218,303.7576924637475,525.8641467257003,-0.2163795106137627,-0.8744059738239685,0.9007807167521372,-0.07478176048266505,-0.06752631852941704,0.10075770638032099,-1.8133819080015399
129,1,295.41342,495.3843,302.81204,524.83875,308.7637,553.9531,2.5469123810382976,303.5124866102044,524.9450488868445,-0.24520585354309787,-0.9190978388558051,0.951244841248146,-0.02882634292933517,-0.04469186503183664,0.053181959786223885,-1.8315135972776895
130,1,294.72244,494.48254,302.953,524.15875,309.15143,553.5066,3.5751674235870183,303.2888873678088,524.0269208387875,-0.2235992423956077,-0.9181280480569285,0.944963350521445,0.021606611147490185,0.0009697907988766019,0.021628364234782826,-1.8096841002215962
131,1,293.81326,493.58344,302.97614,522.57184,309.65897,552.3725,4.901568813619067,303.1384470747681,523.1611310379433,-0.15044029304067408,-0.8657898008442544,0.878762915134735,0.07315894935493361,0.052338247212674105,0.0899528987415788,-1.7428393239027506
132,1,293.95184,493.2133,303.25223,522.5218,309.96478,552.1942,4.858614537424376,303.11271806929005,522.3990479407258,-0.025729005478069666,-0.7620830972174417,0.7625172973693248,0.12471128756260441,0.10370670362681267,0.1621973662630259,-1.6045449254184116
133,1,293.92416,492.58884,303.21725,521.94293,309.9589,552.19836,5.005350748286675,303.24032815725667,521.7699582822307,0.127610087966616,-0.6290896584951042,0.6419019652379437,0.15333909344468566,0.1329934387223375,0.20297815725252355,-1.3706630342470745
134,1,293.64383,492.5528,304.5997,522.1877,309.32065,552.9144,11.554301715849592,303.45820701524997,521.2148219122821,0.21787885799329842,-0.5551363699486274,0.5963619588808488,0.09026877002668243,0.07395328854647687,0.11669421463366787,-1.1967911325188947
135,1,293.46048,492.01257,304.70892,521.4127,309.5275,552.0333,11.993798991638783,303.6803597875266,520.6525169593853,0.22215277227661545,-0.5623049528968522,0.6045979774052481,0.004273914283317026,-0.007168582948224866,0.008345952599117827,-1.1945426163226576
136,1,293.77216,490.43796,304.1767,520.3381,309.27136,551.34875,9.857081403854949,303.8207916183431,520.0019215520459,0.14043183081651023,-0.6505954073393241,0.6655790585328673,-0.08172094146010522,-0.08829045444247186,0.12030592927526118,-1.3582066713662946
137,1,294.12045,488.63272,303.83072,519.1878,308.7193,550.4708,8.748261051682979,303.8144025589956,519.2077105627958,-0.006389059347498005,-0.7942109892501321,0.7942366873451636,-0.14682089016400823,-0.14361558191080803,0.20538210524807604,-1.5788406898389558
138,1,293.6354,487.1664,303.05148,517.5784,308.422,548.95825,7.49161214678857,303.67967228893707,518.3177458402702,-0.134730270058526,-0.8899647225256331,0.9001052455186396,-0.128341210711028,-0.09575373327550096,0.16012571249792543,-1.7210437736997437
139,1,291.72162,484.8531,302.29996,516.192,308.53235,548.0337,7.577404091761769,303.4559753946605,517.405685977131,-0.22369689427654293,-0.9120598631391204,0.9390918455924968,-0.08896662421801693,-0.022095140613487274,0.0916692721880108,-1.8113141285033616
140,1,291.87192,485.8408,302.5049,516.8162,308.3651,547.2012,8.029546233602181,303.18268646265835,516.5451895660397,-0.2732889320021741,-0.8604964110913897,0.9028515458568208,-0.049592037725631144,0.05156345204773061,0.07154131528605716,-1.8783156975980435
141,1,292.1501,485.92545,302.37402,515.8369,307.7021,545.7529,8.772209327596546,302.8991800794232,515.7909520563253,-0.2835063832351352,-0.7542375097143577,0.8057605664185752,-0.010217451232961139,0.10625890137703209,0.10674900670053923,-1.9303424489215497
142,1,292.67407,485.9099,302.10358,515.5399,308.11588,544.9927,6.115774313624609,302.64483083144773,515.1218163239866,-0.2543492479754832,-0.6691357323386455,0.7158464697391957,0.029157135259652023,0.08510177737571212,0.08995805160770719,-1.9340447612100362
143,1,292.8973,486.14893,302.3258,515.1366,308.054,544.0968,6.829178749877031,302.4590133052246,514.4976621016903,-0.18581752622316117,-0.6241542222963972,0.6512270312741292,0.06853172175232203,0.044981510042248374,0.08197519827373752,-1.860151724809905
144,1,292.12372,484.87585,302.31345,513.7103,307.9177,543.06757,8.65510147004342,302.3811020872462,513.8783691221022,-0.07791121797839651,-0.6192929795880673,0.6241746169574213,0.10790630824476466,0.004861242708329883,0.10801575366437738,-1.695945550440797
145,1,291.8293,484.623,302.32892,513.69415,308.04462,543.4626,8.989332224584068,302.43528173470185,513.2340575218564,0.054179647455669055,-0.6443116002458282,0.6465855491810504,0.13209086543406556,-0.025018620657760948,0.13443931013932406,-1.486904487529609
146,1,291.99847,484.18243,302.82886,513.2957,308.04037,543.4128,10.588272754928864,302.5849766875657,512.5758090534563,0.14969495286385381,-0.6582484684000747,0.675055275561902,0.09551530540818476,-0.01393686815424644,0.09652673132955274,-1.3471853442418338
147,1,291.9755,483.4567,304.6574,511.92398,307.63107,542.6976,18.49315148129361,302.7784213565087,511.92494587337285,0.19344466894301604,-0.6508631800834337,0.679002002302492,0.043749716079162226,0.007385288316640981,0.04436868423254424,-1.2818988352817058
148,1,292.15628,482.40604,304.1535,511.34937,307.8183,542.2314,15.746695695900884,302.96385015220164,511.30279013807694,0.18542879569292836,-0.6221557352959053,0.6492007372405845,-0.00801587325008768,0.028707444787528402,0.029805563410049186,-1.281136451266029
149,1,292.26746,481.8029,303.76617,511.33655,307.66052,542.36554,14.119490512178372,303.10143106031165,510.7306640040399,0.13758090811001011,-0.5721261340370347,0.5884359094451477,-0.04784788758291825,0.05002960125887057,0.069227027585107,-1.3348041215638449
150,1,292.3032,480.82666,303.1453,510.74417,307.22058,542.0401,12.501325189828076,303.1990663664923,510.2298896277322,0.09763530618062077,-0.5007743763077315,0.5102035172158077,-0.03994560192938934,0.07135175772930324,0.08177239414718404,-1.3782432471012904
151,1,293.86655,480.87686,302.80255,510.6239,307.03485,541.9057,9.015151720672042,303.27659193139357,509.8217891656251,0.07752556490129336,-0.40810046210708606,0.41539884494938334,-0.02010974127932741,0.09267391420064541,0.09483067050058262,-1.3830663621388632
152,1,298.09406,481.7588,303.42917,510.9796,307.02618,540.9805,3.51011682018122,303.3538436156654,509.52768477418965,0.07725168427185736,-0.29410439143543954,0.30408093623975996,-0.00027388062943600744,0.11399607067164652,0.11399639967636788,-1.313931240028798
153,1,301.3391,481.76953,304.02856,510.76556,307.02316,541.01807,0.3533244665564823,303.4456074525321,509.3553449412678,0.09176383686667577,-0.17233983292186394,0.19524758581869806,0.014512152594818417,0.1217645585135756,0.12262630338936777,-1.0815202202467196
154,1,302.30917,480.46527,304.09402,510.21243,306.9524,540.96576,1.8764886954232465,303.5464701655148,509.25832348018645,0.10086271298268912,-0.09702146108134002,0.13995160156492065,0.009098876116013344,0.07531837184052392,0.07586597843092768,-0.7659889834901698
160,1,302.63174,474.0763,303.84677,504.68768,307.14157,536.8065,3.584028545065173,303.7567890232,507.5288576340032,0.21031885768519487,-1.7294658461832455,1.7422072594878988,0.10945614470250575,-1.6324443851019055,1.6361098123487536,-1.4497814047129693
161,1,302.6048,474.131,303.20822,504.22202,307.70422,535.5389,7.021046439417965,303.62837695967085,506.6500552351637,-0.12841206352914014,-0.8788023988395253,0.8881347388014479,-0.338730921214335,0.8506634473437202,0.9156237970003915,-1.7158911338101284
162,1,301.7971,473.98294,302.22406,503.75116,307.98038,534.03687,9.939943931041617,303.43419462492966,505.5500376234209,-0.1941823347411855,-1.1000176117427714,1.1170253019828191,-0.06577027121204537,-0.22121521290324608,0.2307853959745601,-1.7455228152658477
163,1,301.73163,473.2801,302.795,503.98468,307.5641,533.4487,7.210690825243081,303.2079573346098,504.4902160570785,-0.2262372903198866,-1.059821566342407,1.0836997111819113,-0.03205495557870108,0.040196045400364255,0.051412471667686276,-1.781107083016147
164,1,300.87344,473.1989,302.38095,504.14902,307.55838,533.4414,7.234974043284785,302.99221608825235,503.7171212835127,-0.21574124635742464,-0.7730947735657878,0.8026330508361786,0.010496043962461954,0.2867267927766193,0.2869188398046184,-1.8429348582716258
165,1,300.59888,472.31415,302.1846,503.78967,307.13855,533.4496,6.598230579642037,302.8295218853979,503.17465464903256,-0.16269420285442493,-0.5424666344801494,0.5663386382427539,0.05304704350299971,0.2306281390856384,0.23665022155602075,-1.86217568269066
166,1,300.41852,472.25494,302.59332,503.82767,306.91003,533.3799,4.369956751567619,302.7472101990987,502.7393642079587,-0.08231168629924923,-0.43529044107384607,0.44300449409875003,0.0803825165551757,0.10717619340630336,0.13397046465847776,-1.7576856374219614
167,1,300.87894,471.18933,302.63007,502.751,306.9996,533.1932,4.992495695240428,302.7117543964507,502.32101424772657,-0.035455802647959445,-0.418349960232149,0.4198497387966934,0.04685588365128979,0.01694048084169708,0.04982422828194242,-1.6553458166397281
168,1,300.19998,470.95764,302.55386,502.32025,307.0989,532.63293,4.235078255730309,302.674412318061,501.83767311404966,-0.03734207838971315,-0.4833411336769018,0.48478147893925994,-0.0018862757417537068,-0.0649911734447528,0.0650185409087275,-1.6479013868147652
169,1,298.73865,470.5106,302.4872,501.43643,307.46536,531.91144,2.3663710209132662,302.5864418045368,501.2074091526421,-0.08797051352422613,-0.6302639614075929,0.6363736891944133,-0.050628435134512983,-0.1469228277306911,0.1554012733298924,-1.7094776255450315
170,1,296.95187,469.00827,302.56375,500.0915,307.8508,531.20526,0.5898349199734407,302.4134951976356,500.3711846717397,-0.1729466069011778,-0.8362244809023878,0.8539214901260528,-0.08497609337695167,-0.20596051949479488,0.22280186721877848,-1.7747393589393465
171,1,294.10678,467.19354,301.65005,498.51923,307.24884,530.67645,3.662654984059032,302.17880284371614,499.36153782966693,-0.2346923539194563,-1.0096468420727547,1.0365651193705785,-0.06174574701827851,-0.1734223611703669,0.18408653570739614,-1.7991903213358043
172,1,292.2777,464.05576,301.2664,496.21927,307.3407,529.1074,5.149628869708053,301.91998959028746,498.23390074727047,-0.2588132534286842,-1.1276370823964612,1.1569570820674135,-0.02412089950922791,-0.11799024032370653,0.12043053850573074,-1.7964070902105649
173,1,291.3076,463.2005,301.1874,495.4766,306.91577,528.0508,7.045645766828178,301.67468028485865,497.0437055453967,-0.2453093054288047,-1.1901952018737916,1.2152124398200332,0.013503947999879529,-0.06255811947733037,0.06399902283725425,-1.7740584512706872
174,1,291.70004,462.35165,301.23184,494.51694,306.93152,526.8014,6.494496100695544,301.4739974413067,495.8503612930086,-0.200682843551931,-1.1933442523881013,1.210100867037044,0.04462646187687369,-0.0031490505143096925,0.04473742972936348,-1.7374058341077572
175,1,292.33405,462.03696,301.21698,493.54776,306.3453,525.6651,6.67112088567321,301.32305423898015,494.7291848515343,-0.1509432023265731,-1.1211764414742902,1.1312915023306562,0.0497396412253579,0.07216781091381108,0.08764830198765355,-1.7046209744353464
176,1,294.40543,463.21494,301.2541,493.87024,306.09534,525.0367,3.764108009842974,301.2204615235954,493.7594700305181,-0.10259271538473058,-0.9697148210161686,0.9751267093811101,0.04835048694184252,0.15146162045812162,0.1589917987171457,-1.6762010203461573
177,1,293.78375,462.96335,301.30994,493.92044,305.36392,525.6963,6.393901336261327,301.164830140869,493.02051063950455,-0.055631382726403444,-0.7389593910135659,0.7410504924168068,0.04696133265832714,0.23075543000260268,0.2354855308521781,-1.6459379931688147
178,1,294.65002,463.45743,301.12665,493.9882,305.34863,525.431,4.329205236856723,301.15477093651737,492.5571844760854,-0.010059204351648532,-0.4633261634191399,0.46343534748753007,0.04557217837475491,0.275633227594426,0.27937519502622477,-1.5925037655003988
179,1,295.01102,463.3488,301.59457,493.75354,305.5789,525.4331,5.049232815514105,301.1888947562568,492.2767052900426,0.03412381973942047,-0.28047918604278266,0.28254735687461374,0.044183024091069,0.18284697737635724,0.18810942760399352,-1.4497287516936097
180,1,295.14352,463.16162,302.28516,493.68127,305.85034,525.4411,6.76541104834178,301.26581244580404,492.0518708192057,0.0769176895472583,-0.22483447083692454,0.23762758729113984,0.04279386980783784,0.05564471520585812,0.07019721948532742,-1.2411693960270704
181,1,294.93274,462.35806,302.50092,493.05984,306.11475,525.09467,7.411400731422521,301.38413485087517,491.755478801404,0.11832240507112601,-0.29639201780167923,0.3191369921497139,0.04140471552386771,-0.07155754696475469,0.08267304878390228,-1.1909719040203914
182,1,295.5019,461.4968,302.86685,492.30066,305.64676,523.8829,8.41626961039401,301.5332875977145,491.28481693877677,0.14915274683932012,-0.47066186262725296,0.4937298156091745,0.030830341768194103,-0.17426984482557373,0.17697595539810823,-1.2639079490097331
183,1,296.19666,459.9394,301.8553,490.96225,305.86136,522.7824,3.161616706720867,301.6659554346756,490.635132790702,0.1326678369611045,-0.6496841480747548,0.663091432023939,-0.016484909878215603,-0.17902228544750187,0.17977967332415457,-1.3693621379123568
184,1,295.08847,457.3567,301.345,489.40402,305.18228,521.65625,4.261723869888662,301.7256378906399,489.8261638808678,0.05968245596432098,-0.8089689098342205,0.8111674874083036,-0.07298538099678353,-0.1592847617594657,0.17520987748416297,-1.497153785318319
185,1,295.16754,455.81903,300.85376,487.17462,305.0566,519.38983,2.845788168401391,301.6558344944889,488.87764773296203,-0.06980339615103048,-0.9485161479057638,0.9510811726410141,-0.12948585211535146,-0.13954723807154323,0.19036811064733147,-1.6442561093883272
186,1,295.11337,455.1629,300.79706,486.3855,305.19226,517.90454,2.378498555702923,301.4328867545808,487.81870016039153,-0.22294773990807926,-1.0589475725705029,1.0821624906561311,-0.15314434375704877,-0.1104314246647391,0.18880754640178202,-1.7783028697201066
187,1,294.88583,454.51587,300.874,485.54932,304.9478,516.59656,3.446226210476494,301.1645040971823,486.71595013543936,-0.2683826573984902,-1.1027500249521722,1.134939147410244,-0.04543491749041095,-0.043802452381669355,0.06311090683874589,-1.8095307869749526
188,1,294.75266,453.6201,301.01355,484.415,305.04416,515.91925,4.201417513689809,300.991237928037,485.6454049201074,-0.17326616914533588,-1.070545215331947,1.0844760133080054,0.09511648825315433,0.032204809620225205,0.10042059599647572,-1.7312534560179376
189,1,294.7495,452.91696,301.6529,484.18228,305.06256,516.14954,6.362914944094787,301.05363965288853,484.68307177639747,0.06240172485155426,-0.9623331437099409,0.9643542164304084,0.23566789399689014,0.10821207162200608,0.25932452391869076,-1.5060427810949266
190,1,294.84213,452.60226,302.23206,483.98636,304.93246,516.03656,8.433774543101594,301.44244012162153,483.88477118770464,0.38880046873299534,-0.7983005886928254,0.8879468646232771,0.3263987438814411,0.16403255501711556,0.36529826048425906,-1.1175742663470847
191,1,295.92685,452.6175,303.4671,484.07227,305.06332,515.07007,10.532575770761484,302.04908796068486,483.225576522995,0.6066478390633279,-0.6591946647096165,0.8958566886627732,0.21784737033033252,0.13910592398320887,0.25847230963308876,-0.8268856896138195
192,1,295.25064,452.22586,305.40472,484.04184,305.10492,515.3415,18.249295245573496,302.7152112406682,482.6603743726285,0.666123279983367,-0.565202150366531,0.8735981312449963,0.05947544092003909,0.09399251434308553,0.11122913658375758,-0.7036195784876377
193,1,294.54553,451.1216,305.0765,482.87027,305.15533,514.8533,18.20937148081896,303.28243803216145,482.14405132696413,0.5672267914932263,-0.5163230456643646,0.7670304560262425,-0.09889648849014065,0.04887910470216639,0.11031628307809263,-0.7384539939086728
194,1,295.51215,450.42535,304.22427,482.24567,304.9962,514.10425,13.923892497445426,303.62965372830604,481.6314939763616,0.3472156961445876,-0.5125573506025489,0.6190910896676473,-0.22001109534863872,0.003765695061815677,0.22004331968002658,-0.9753872184236654
195,1,297.1317,449.42517,303.93967,481.8015,304.73892,513.81665,10.444797763631616,303.7847730124508,481.07758891118016,0.15511928414474596,-0.553905065181425,0.5752154496770902,-0.19209641199984162,-0.041347714578876094,0.19649596689018606,-1.2977443218023863
196,1,297.91193,447.68088,303.12045,480.38272,304.85458,512.31104,5.940824059347772,303.812967890496,480.43722272177956,0.02819487804521259,-0.640366189400595,0.6409865893101221,-0.12692440609953337,-0.08646112421916996,0.1535751635680783,-1.5267954405286202
197,1,297.78735,446.28107,302.57077,479.12143,304.30637,511.25845,5.195916328298854,303.7794103683421,479.6652819985187,-0.033557522153898844,-0.7719407232608546,0.7726697790916898,-0.061752400199111435,-0.13157453386025963,0.14534516466293548,-1.614240604666957
198,1,298.65472,444.83176,302.5653,477.7891,304.22028,509.21255,3.75201983774468,303.73964981027103,478.7431270727079,-0.03976055807106604,-0.9221549258107871,0.9230117058711773,-0.006203035917167199,-0.15021420254993245,0.15034222395023228,-1.6138866417793678
199,1,299.34787,444.52884,303.01895,476.94357,304.35062,508.31085,4.03041171542963,303.71074501409146,477.7580132394577,-0.028904796179574532,-0.9851138332502387,0.9855377982112923,0.010855761891491511,-0.06295890743945165,0.0638879612463428,-1.6001294906392098
200,1,299.88452,444.65942,303.44302,476.57364,304.55853,507.85962,4.320238284699394,303.7001321359936,476.82366953482943,-0.010612878097845169,-0.9343437046282475,0.9344039766396318,0.018291918081729364,0.05077012862199126,0.05396480545135166,-1.5821544829641017
201,1,299.7409,444.21445,303.90253,476.17792,304.182,507.63257,6.909129228433173,303.71524733216785,476.0538249948846,0.015115196174235734,-0.7698445399448133,0.7699929121999934,0.025728074272080903,0.16449916468343417,0.16649897593468047,-1.5511647602261587
202,1,300.67328,444.78802,304.2205,476.5811,304.24805,507.56702,6.3153133151160885,303.7608682225892,475.53264347773523,0.04562089042133266,-0.5211815171493868,0.5231743872371541,0.030505694247096926,0.2486630227954265,0.25052723661761045,-1.4834852769083657
208,1,300.0241,442.74377,304.57153,474.0614,304.05048,504.74036,9.2348231501197,304.2541989832455,474.6832728191001,0.4933307606563062,-0.8493706586351095,0.9822452622232237,0.44770987023497355,-0.32818914148572276,0.5551146192408849,-1.0445997837680752
211,1,298.44446,440.4046,304.57712,472.2823,304.181,503.7293,11.611264309988384,304.279136585215,473.6113189037212,0.02493760196949779,-1.0719539153789128,1.072243946445104,-0.4683931586868084,-0.2225832567438033,0.518589873876538,-1.5475368336998208
215,1,294.7761,438.40335,301.5115,469.276,301.0924,499.52875,13.100921832672723,303.7551003178959,471.7958127347845,-0.5240362673191044,-1.8155061689367358,1.889623417221824,-0.5489738692886021,-0.743552253557823,0.9242522723437667,-1.851803151802743
216,1,294.60333,437.86713,301.8457,468.45517,301.04022,499.45398,14.809139398236589,303.5087375008896,470.562939416042,-0.24636281700628615,-1.2328733187424632,1.2572474926084871,0.2776734503128182,0.5826328501942726,0.6454173712677145,-1.7680266583792352
217,1,295.16635,437.6283,302.89227,468.32275,300.80344,499.5595,17.953842661188627,303.26920731503503,469.3064520888252,-0.2395301858545622,-1.256487327216803,1.2791149727025894,0.006832631151723945,-0.0236140084743397,0.024582641125023477,-1.7591708652981044
227,1,294.9566,435.14774,302.3968,465.75198,300.65414,497.85822,16.77090896728039,302.94269030174223,467.49378870157204,-0.3265170132928006,-1.812663387253167,1.8418365604628917,-0.08698682743823838,-0.5561760600363641,0.5629374014092003,-1.7490162282398323
228,1,294.5615,435.31693,302.37286,466.2773,300.56503,497.51166,17.47288525951117,302.9203581188666,466.6501498654789,-0.02233218287562977,-0.8436388360931346,0.8439343648392151,0.3041848304171708,0.9690245511600324,1.015646095747345,-1.597261406226359
229,1,294.64246,435.85352,302.79434,466.48264,300.47745,496.73834,19.282679375630764,302.86712141461004,465.76917761456775,-0.05323670425656246,-0.8809722509111566,0.8825793185632499,-0.030904521380932692,-0.03733341481802199,0.04846517619651279,-1.631152420770198
230,1,294.4532,435.50085,302.93365,465.86365,300.52914,496.14453,20.145435509329083,302.79902419670276,464.9288860717566,-0.06809721790727963,-0.8402915428111442,0.8430463261331754,-0.014860513650717166,0.04068070810001245,0.0433099858864162,-1.6516596027307935
231,1,294.2897,434.29935,302.5927,465.07834,299.88196,495.85107,20.131042542495088,302.73721346384224,464.13657087949395,-0.061810732860521966,-0.792315192262663,0.7947225494390955,0.006286485046757662,0.04797635054848115,0.04838646614699047,-1.6486514481302523
232,1,295.83267,438.0027,302.7365,464.8359,299.1316,488.22937,23.18885013453138,302.70283621472635,463.39952768022846,-0.03437724911589157,-0.7370431992654858,0.7378444774071827,0.027433483744630394,0.05527199299717722,0.06170566619239199,-1.617404656620093
233,1,293.82635,430.7625,302.9522,463.42752,299.74078,495.41418,21.342378948545143,302.7115075338316,462.7286230404548,0.008671319105246766,-0.6709046397736529,0.670960675036056,0.04304856822113834,0.0661385594918329,0.07891443643304259,-1.5578722303002137
234,1,294.02252,428.98618,303.45004,462.61273,299.91882,495.65646,21.76110723137582,302.75671484875096,462.14900722285074,0.04520731491936658,-0.5796158176040649,0.5813761238123281,0.036535995814119815,0.091288822169588,0.09832867355578455,-1.492958598279087
235,1,294.46478,430.69098,303.5517,463.34607,299.54852,495.96466,22.54699649588783,302.82641367285623,461.68940141414,0.06969882410527362,-0.4596058087107622,0.46486065168212676,0.024491509185907034,0.12001000889330271,0.12248361627896999,-1.4202939230688096
236,1,294.90955,431.2431,303.0858,463.91513,299.56598,495.92572,20.32472489953208,302.9085595195194,461.3785268010466,0.0821458466631384,-0.3108746130934037,0.3215446550480622,0.012447022557864784,0.14873119561735848,0.14925112033189214,-1.3124598418960935
242,1,305.62427,440.28375,305.02975,468.2634,301.12796,496.42664,6.670444712382408,303.63505114755367,462.5738618608084,0.7264916280342959,1.1953350597618169,1.398790903137316,0.6443457813711575,1.5062096728552206,1.6382457277751217,1.024681436227297
243,1,309.9959,439.0811,304.52185,467.47546,301.45157,497.1876,5.012313200412788,303.847328125333,463.12571935028495,0.21227697777931098,0.5518574894765607,0.591276757522643,-0.5142146502549849,-0.6434775702852562,0.8236990287702622,1.203584454907188
244,1,311.56226,440.25613,305.1894,467.66205,301.53522,496.61118,5.89641142685715,304.1014474070509,463.7198894126075,0.2541192817179194,0.5941700623225188,0.6462311291644632,0.04184230393860844,0.04231257284595813,0.059507413149416946,1.166651300279059
245,1,312.94498,439.56024,305.23016,466.8369,301.73846,496.80768,9.147590858049544,304.4033289595661,464.28246932085244,0.3018815525152263,0.5625799082449703,0.6384580055962353,0.04776227079730688,-0.031590154077548505,0.05726405806750451,1.0782975784769897
246,1,313.65494,439.54285,305.3657,467.07724,301.7075,496.8592,9.751751921361706,304.75418889955,464.7420036970487,0.3508599399838772,0.4595343761962454,0.5781648038332688,0.04897838746865091,-0.10304553204872491,0.11409322554049427,0.9187035719023982
247,1,315.79865,438.21216,306.04837,466.03494,301.74774,497.07797,11.425185001560648,305.1364279429268,465.0817888271509,0.38223904337678505,0.33978513010220013,0.5114299765560959,0.03137910339290784,-0.11974924609404525,0.12379228598678922,0.7266673184511835
248,1,316.99884,437.7286,306.34442,465.56537,301.98297,496.73712,12.979231203621104,305.5277429554335,465.29880891309466,0.3913150125067091,0.21702008594377276,0.44746525755210137,0.009075969129924033,-0.12276504415842737,0.1231000783219408,0.5063617264638739
249,1,317.13013,438.14407,306.63535,465.77768,302.46555,496.561,13.081803712111595,305.9058308028077,465.39004815681585,0.37808784737421774,0.09123924372119063,0.38894089515874336,-0.013227165132491336,-0.12578084222258212,0.1264744170481299,0.23679042683180115
250,1,318.13046,437.36984,306.37546,465.97116,302.3502,496.44452,14.817688084446123,306.2483883507864,465.35249076025013,0.34255754797868576,-0.03755739656571677,0.344610260604591,-0.03553029939553198,-0.1287966402869074,0.1336075474078136,-0.1092020485841716
251,1,318.51105,437.2406,306.4983,464.97412,302.2819,496.6676,15.841877200361145,306.5331124651068,465.1831209253336,0.28472411432039735,-0.16936983491655155,0.3312913555394928,-0.05783343365828841,-0.13181243835083478,0.14394174152309075,-0.5366285289612371
252,1,319.45312,436.44293,306.41846,463.78134,302.14978,495.85245,17.909773682479006,306.73770001150626,464.87892285400187,0.2045875463994662,-0.3041980713317116,0.3665958684214633,-0.08013656792093116,-0.13482823641516006,0.15684553819910946,-0.9787336599518318
253,1,320.18903,436.12708,305.89786,462.9961,302.59106,494.77142,22.06648040308027,306.83984785572204,464.43688074819056,0.1021478442157786,-0.44204210581131065,0.453690869853063,-0.10243970218368759,-0.13784403447959903,0.1717407069541042,-1.343700822534889
254,1,320.59024,434.945,306.186,461.7031,302.683,493.2802,21.963978271649697,306.8449443768157,463.8604815668489,0.005096521093662432,-0.5763991813416851,0.5764217126190017,-0.09705132312211617,-0.13435707553037446,0.16574312373316774,-1.5619545580209082
255,1,320.43896,434.1127,306.3942,461.26096,302.797,492.24774,20.73243408222726,306.8691440071465,463.17922329697865,0.024199630330770106,-0.6812582698702272,0.6816879435450808,0.019103109237107674,-0.10485908852854209,0.10658497656593773,-1.5352892942109266
256,1,320.3733,434.09576,307.02905,460.50998,303.25848,491.3625,19.83479216642277,307.0030229817964,462.429106682595,0.13387897464991738,-0.7501166143836713,0.7619701536331556,0.10967934431914728,-0.06885834451344408,0.12950301224068195,-1.3941784508679673
257,1,320.61346,432.9596,307.095,459.91486,303.1042,491.15152,19.35374494723943,307.1240786934407,461.6461324677131,0.12105571164431694,-0.7829742148819037,0.7922771651964011,-0.012823263005600438,-0.03285760049823239,0.03527120616894526,-1.4174008140456635
258,1,319.71085,432.84296,306.64874,460.05875,302.7466,490.73456,18.389078105108556,307.0955355595635,460.8663013963476,-0.028543133877235505,-0.7798310713654928,0.7803532599781884,-0.14959884552155245,0.0031431435164108734,0.14963186135494694,-1.607381683424762
259,1,319.3375,432.5831,305.96954,459.12503,302.75717,490.2495,20.83964683318868,306.9366049392903,460.12561421251394,-0.15893062027316773,-0.7406871838336428,0.7575463328112851,-0.13038748639593223,0.03914388753184994,0.13613647762358014,-1.7821632188802925
260,1,318.57745,431.772,305.15823,458.75012,301.89703,490.25342,20.53610562647109,306.705494927157,459.4600716602271,-0.23111001213328564,-0.6655425522868654,0.7045273072158115,-0.0721793918601179,0.07514463154677742,0.1041949147492208,-1.9050196438153704
261,1,318.37854,431.13654,305.15063,458.22113,300.88953,490.1626,18.431920484833597,306.4604136176997,458.90567448350197,-0.245081309457305,-0.5543971767251037,0.6061526852254909,-0.01397129732401936,0.11114537556176174,0.1120200502485212,-1.9870345416092057
262,1,317.49057,429.89206,305.3097,458.45828,300.55103,490.22375,14.573907385444114,306.2539605096205,458.4810763808815,-0.20645310807918804,-0.4245981026204504,0.4721296798385412,0.038628201378116955,0.1297990741046533,0.13542502567891074,-2.0233688483799446
263,1,316.60693,429.42847,305.77618,458.3238,301.01822,489.85687,11.966833688555536,306.1163007182871,458.13554286901933,-0.13765979133341943,-0.34553351186218606,0.37194572987167906,0.0687933167457686,0.07906459075826433,0.104803291649907,-1.9499207353278947
264,1,315.72046,429.3734,306.23242,458.44925,302.76758,489.4201,11.689159795335476,306.0719907632333,457.80099241909676,-0.04430995505379087,-0.334550449922574,0.3374720368567826,0.09334983627962856,0.010983061939612071,0.09399372097647167,-1.702476177003262
265,1,315.33295,428.2776,306.82104,457.77194,303.06393,489.02545,9.242991224124449,306.1455871639929,457.4093435022952,0.07359640075958396,-0.39164891680155733,0.3985038321479462,0.11790635581337483,-0.057098466878983345,0.13100436504605678,-1.385048254579269
266,1,315.58893,426.6518,307.06418,456.64044,303.02853,488.11597,8.562335312397307,306.349271182823,456.9036726989394,0.20368401883007436,-0.5056708033558266,0.5451514843539337,0.1300876180704904,-0.11402188655426926,0.17298490971367542,-1.18787879713125
267,1,315.31253,425.5702,307.31296,456.07516,303.08853,487.34003,6.999248283444333,306.64572305287237,456.27168902592825,0.29645187004939544,-0.6319836730111206,0.6980595062087548,0.09276785121932107,-0.12631286965529398,0.1567189052424926,-1.1321879924421387
268,1,315.04385,424.09454,307.65817,454.8295,303.63068,485.82086,6.107691073664546,306.9852477500131,455.5122596093041,0.33952469714074596,-0.7594294166241298,0.8318714196332155,0.04307282709135052,-0.1274457436130092,0.1345276402778041,-1.150374431133128
269,1,315.1973,422.07132,307.95267,452.77478,304.10907,484.24933,6.314009235350056,307.3181502501172,454.6242515751094,0.3329025001040691,-0.8880080341947405,0.948357708551972,-0.00662219703667688,-0.12857861757061073,0.12874903646226615,-1.212124894386561
270,1,315.4347,421.67087,308.34952,451.47357,304.8996,481.96878,6.91860479747553,307.60410382798636,453.62168905691647,0.2859535778691793,-1.0025625181929172,1.0425454673929133,-0.04694892223488978,-0.11455448399817669,0.12380198343769072,-1.292951221362693
271,1,315.70966,421.2957,308.55566,451.02704,305.0223,481.3214,6.876803698180127,307.8402549541409,452.5792242184176,0.23615112615453882,-1.0424648384988586,1.0688780537977698,-0.04980245171464048,-0.03990232030594143,0.06381598046404241,-1.34802465731143
272,1,315.91772,421.00528,308.58957,450.5259,304.5917,480.93713,6.452057245338449,308.03311839803104,451.5866662308352,0.19286344389013266,-0.9925579875824155,1.0111219840863994,-0.04328768226440616,0.04990685091644309,0.0660644927644212,-1.3788783434219372
273,1,315.19418,420.88345,308.28705,450.61917,304.32526,481.0524,5.659946809842313,308.189208929107,450.7338242653913,0.15609053107596083,-0.8528419654438721,0.8670084612699822,-0.03677291281417183,0.1397160221385434,0.14447426746329822,-1.3897758622630578
274,1,315.3554,421.03015,307.94067,450.54303,304.28662,481.01038,7.263931693122119,308.31504131681885,450.08395057766415,0.1258323877118528,-0.6498736877271654,0.6619438041083029,-0.030258143364108037,0.20296827771670678,0.205211298419773,-1.3795371393463678
275,1,315.13327,420.74243,307.86722,450.52084,304.29614,480.73718,6.972263938443122,308.4171303306167,449.5940697606552,0.10208901379786539,-0.48988081700895236,0.5004052174104298,-0.023743373913987398,0.159992870718213,0.16174506634044278,-1.3653412480963625
276,1,314.8204,420.50986,308.08743,450.05402,304.42075,480.38318,5.944749253710734,308.50199073995077,449.1946494917216,0.08486040933405548,-0.3994202689336248,0.4083354507109965,-0.017228604463809916,0.09046054807532755,0.09208656563179593,-1.3614502144554363
277,1,314.42575,420.55573,308.48508,449.59012,304.9977,480.01993,5.025819429521899,308.57613731427125,448.8161574482204,0.07414657432047989,-0.3784920435011827,0.38568632524003704,-0.01071383501357559,0.020928225432442105,0.023511207549788565,-1.3773462082350196
278,1,313.84534,419.35886,308.375,448.99896,305.09424,479.38614,4.294684839847317,308.64684301396466,448.40367967660524,0.07070569969340568,-0.4124777716151584,0.41849397611643213,-0.0034408746270742085,-0.03398572811397571,0.034159469165025415,-1.4010292997759093
279,1,313.70575,418.9531,308.77237,448.37885,305.3479,479.28772,3.195246786586191,308.72441356316403,447.96077569971436,0.077570549199379,-0.44290397689087513,0.44964555246198773,0.006864849505973325,-0.03042620527571671,0.031191026373297074,-1.3974140642071882
280,1,313.03223,418.01132,309.11606,447.88416,305.5089,478.61353,0.7735434682758681,308.8171136993049,447.5056234094827,0.09270013614087702,-0.45515229023163783,0.4644964182247719,0.015129586941498019,-0.012248313340762707,0.01946601090911677,-1.3698759658912854
289,1,312.26733,413.35022,311.16788,442.31223,307.03036,472.42218,5.650173479072421,309.51256945943976,445.8574308662747,0.6954557601348483,-1.6481925432080402,1.7889095488009803,0.6027556239939713,-1.1930402529764024,1.336659787484594,-1.1715114184978839
303,1,312.295,402.26242,313.2306,432.0163,308.52695,462.60825,10.542043690143444,310.5295060391899,442.0923673481895,1.0169365797501655,-3.765063518085185,3.8999824746336946,0.32148081961531716,-2.116870974877145,2.14114283541707,-1.3069930410657224
304,1,314.01105,400.7426,312.73645,430.8505,308.36865,461.13925,5.781639365980049,311.129936883364,439.12220741368526,0.6004308441740704,-2.970159934504238,3.0302421083421383,-0.41650573557609505,0.7949035835809468,0.8974122435968964,-1.3713301072260402
305,1,314.0738,398.22095,312.7693,429.0837,308.19815,459.55203,6.112054779946624,311.86129458913956,435.49963883599094,0.7313577057755651,-3.6225685776943237,3.6956578837732765,0.1309268616014947,-0.6524086431900855,0.6654163214093454,-1.3715848282217256
0,2,509.67773,779.7884,525.5804,785.43567,529.02594,793.2736,46.71900948379482,525.5799452600623,785.4359340576489,,,,,,,
1,2,499.11142,776.5337,528.4388,786.94885,547.7399,799.2682,12.997131005189212,528.0882782874886,786.7720667429618,2.5083330274262607,1.3361326853129185,2.842003717316165,,,,0.4894466273152103
2,2,498.21716,775.939,532.31665,787.80975,557.9257,803.1157,11.67173456205791,531.8336307952791,787.7579344699772,3.7453525077904715,0.9858677270153748,3.8729317813231408,1.2370194803642107,-0.35026495829754367,1.2856526497509824,0.2573858021046653
3,2,501.65646,777.1224,533.3494,788.41296,555.141,801.9208,12.184890182304226,533.793310165615,788.6996994932841,1.959679370335948,0.9417650233069708,2.1742273555552276,-1.7856731374545234,-0.04410270370840408,1.7862176805476628,0.44798392719634567
4,2,516.7701,781.8111,533.6382,789.9361,541.6472,797.273,16.773051067437372,534.7703326563793,789.5669501869814,0.9770224907642842,0.867250693697315,1.3064060292182211,-0.9826568795716639,-0.07451432960965576,0.985478020194614,0.7259479451142661
5,2,519.0091,782.4479,534.11847,788.2458,539.69055,796.5209,35.05211032220316,535.5882966282131,789.61179012671,0.8179639718338194,0.044839939728603895,0.8191920894472933,-0.15905851893046474,-0.8224107539687111,0.8376509181560878,0.0547641529847199
6,2,512.2469,779.80615,536.59924,789.5796,548.05707,798.58813,16.308414367113155,536.6818871126455,789.8472659986011,1.0935904844324114,0.23547587189102615,1.1186550111110911,0.27562651259859194,0.19063593216242225,0.33512987494208485,0.21208546977530796
7,2,536.4532,788.6405,537.04114,789.99084,521.4352,789.2095,116.39510860864716,537.9283706153361,790.244331600135,1.2464835026905803,0.3970656015338818,1.3081980791918482,0.15289301825816892,0.16158972964285567,0.22245789659651097,0.3083858279238834
8,2,531.76404,786.88165,538.39044,789.6741,529.31757,792.0196,142.6542889060538,539.1628024040131,790.4800871254283,1.2344317886769431,0.23575552529337074,1.2567428172074468,-0.012051714013637138,-0.16131007624051108,0.16175965043046425,0.18871055583538968
9,2,514.25275,782.0982,541.16187,790.55255,553.29016,798.547,15.949385295297672,540.6088113205498,790.7271219673,1.446008916536698,0.24703484187170943,1.4669587587257578,0.2115771278597549,0.011279316578338694,0.2118775684584318,0.1692055616134488
10,2,514.76074,781.3759,543.3255,791.17706,560.20624,799.50903,7.331815373992629,542.4632558678992,791.1850582467822,1.8544445473494306,0.4579362794821691,1.9101492651779877,0.4084356308127326,0.21090143761045965,0.4596727976545419,0.24209646537131954
11,2,537.60034,793.0647,544.7008,791.20715,535.215,787.6063,144.5525631871502,544.4273396191895,791.6661597990582,1.9640837512903317,0.48110155227595897,2.022148284791459,0.1096392039409011,0.02316527279378988,0.11205973810608877,0.2402197372409554
12,2,540.5567,793.8036,547.1064,791.92523,536.21716,787.4335,141.58190180081644,546.078352415093,791.8858508878491,1.6510127959035117,0.21969108879090982,1.6655651973823378,-0.31307095538682006,-0.26141046348504915,0.4078588647146026,0.1322873239129997
13,2,565.63885,796.55676,546.0533,789.72174,517.0308,785.1656,10.316218428555652,547.3249820548778,791.6914677795875,1.2466296397847145,-0.19438310826160432,1.2616934063262792,-0.40438315611879716,-0.41407419705251414,0.5787773126317961,-0.1546813368257037
14,2,526.59344,785.4547,548.5531,790.13885,552.1127,796.76434,49.71178387738711,548.8463353955115,791.4579947515545,1.5213533406337092,-0.23347302803301773,1.539163942494838,0.27472370084899467,-0.039089919771413406,0.27749078117282283,-0.15227602691843978
15,2,562.1133,795.34955,548.377,790.3697,520.80096,787.7523,14.505305997705872,549.8170951050008,791.5982737775836,0.9707597094893572,0.140279026029134,0.9808428103990688,-0.550593631144352,0.37375205406215173,0.6654652091374877,0.14351096945650205
16,2,575.3082,799.4013,547.7965,793.97284,516.5673,783.8873,6.736039192300087,550.396246911401,792.1489296068693,0.5791518064002048,0.550655829285688,0.7991487078028275,-0.3916079030891524,0.410376803256554,0.5672441012588421,0.7601815371612667
17,2,569.49927,794.68744,549.0891,794.846,523.2666,786.9764,17.39416457531593,551.1276455019503,793.0493009108962,0.7313985905492473,0.9003713040269758,1.1600053376483501,0.15224678414904247,0.34971547474128784,0.3814184009159095,0.8885822010830796
18,2,547.53784,793.1502,552.6605,795.9949,547.9302,788.2909,150.5942452539828,552.5551455638873,794.2257992749428,1.427500061937053,1.1764983640465516,1.849839135555982,0.6961014713878058,0.27612706001957577,0.7488680870108717,0.6893041599106041
19,2,538.527,786.77484,558.7219,799.0396,562.8901,794.692,77.47824986241105,554.9382818826859,795.5322163479764,2.38313631879862,1.3064170730335718,2.7177314588992494,0.9556362568615668,0.12991870898702018,0.9644270456458801,0.5014543122070295
20,2,531.3302,784.8339,561.2057,798.513,575.3241,799.7166,19.72884975657701,557.399309636761,796.5447911199205,2.461027754075076,1.0125747719441733,2.661196211312801,0.07789143527645592,-0.29384230108939846,0.3039907459100343,0.39033268459152687
21,2,577.94727,796.93884,558.1552,794.6008,529.3148,787.46686,7.156727084905476,558.9754668416637,796.7703744159382,1.5761572049026427,0.2255832960177031,1.5922183763569373,-0.8848705491724331,-0.7869914759264702,1.1842092179904897,0.14215693108932786
22,2,585.82056,804.1319,557.9657,791.2903,525.1071,785.0479,13.993914253426963,559.6970197755882,796.0209802519065,0.7215529339244995,-0.7493941640317416,1.0403029604590608,-0.8546042709781432,-0.9749774600494447,1.296506655431645,-0.8043233213314207
23,2,580.8892,801.6474,557.82776,792.24896,526.87134,787.22375,12.952290207211076,560.5768066837862,795.3292754065607,0.8797869081980707,-0.6917048453458392,1.1191427955858142,0.15823397427357122,0.057689318685902435,0.16842223162294465,-0.6662809866594388
24,2,560.7181,799.9248,563.7583,794.66144,537.874,787.0079,103.5394593164905,562.3819116376816,795.4586665754708,1.805104953895352,0.12939116891016056,1.8097364363822372,0.9253180456972814,0.8210960142559998,1.2370982783595348,0.07155829922876872
25,2,531.62915,785.40173,565.61914,794.1637,576.92773,802.1353,20.725612550702856,564.1131327852313,795.307302538891,1.731221147549718,-0.151364036579821,1.737825576199493,-0.07388380634563418,-0.28075520548998156,0.29031414407472633,-0.0872101771738617
26,2,571.5098,794.62195,563.2627,793.37524,537.42487,790.49274,2.230550447974965,565.1007304710456,795.1614732967558,0.9875976858143076,-0.14582924213516435,0.9983062440391186,-0.7436234617354103,0.005534794444656654,0.7436440592063516,-0.14660121990065997
27,2,535.31586,785.02594,568.26794,798.68915,585.94196,800.7442,15.888461235803923,566.9459288355939,796.0251499191755,1.8451983645483097,0.863676622419689,2.037325283955912,0.857600678734002,1.0095058645548534,1.324605984712308,0.43777652224404756
28,2,547.4253,786.80597,570.58496,799.3008,573.07526,795.95105,81.7189181066348,569.0346158719337,796.8916301897946,2.0886870363398202,0.8664802706190358,2.261283174471092,0.24348867179151057,0.0028036481993467532,0.24350481254796516,0.3932374765443325
29,2,539.4144,785.02386,573.6208,798.261,591.95447,800.1108,15.393952526299316,571.004763986731,797.4709616705688,1.9701481147972117,0.5793314807742718,2.05355997206196,-0.11853892154260848,-0.287148789844764,0.31065399310132347,0.28599358382962153
30,2,547.7653,787.0308,573.1959,797.82184,578.26324,797.25946,29.325897144021337,572.7606594186087,797.8138916682844,1.755895431877775,0.3429299977156006,1.7890695210143344,-0.21425268291943667,-0.23640148305867115,0.3190452527942014,0.19287425735370864
31,2,555.4975,789.0549,573.32574,796.28406,567.99036,795.5598,165.65817664567265,574.2065884061907,797.9711674897279,1.445928987581965,0.15727582144347707,1.4544573974993311,-0.3099664442958101,-0.18565417627212355,0.3613124267952436,0.10834552273237316
32,2,551.6166,788.02216,573.48175,798.0369,575.4119,797.03644,52.00844419259295,575.308860770247,797.9940342348037,1.1022723640562617,0.022866745075816652,1.102509524944135,-0.34365662352570325,-0.13440907636766042,0.3690063342316694,0.020742119974296588
33,2,552.9383,787.8407,573.8526,796.9032,576.6719,796.89777,23.53823653459117,576.2818806601331,797.9357281758903,0.9730198898861318,-0.05830605891344476,0.9747652551358393,-0.12925247417012997,-0.08117280398926141,0.15262773727792459,-0.05985121392803339
34,2,542.9416,785.1268,576.4727,796.1847,594.92285,800.6516,4.641778088640958,577.4020758073514,797.849983378484,1.1201951472182827,-0.08574479740627794,1.1234720014907509,0.14717525733215098,-0.02743873849283318,0.14971119110094255,-0.07639554810645863
35,2,541.77344,785.5697,579.9037,796.6796,602.9948,804.5875,2.660283475162323,578.9458739434045,797.7905339080817,1.5437981360531694,-0.05944947040234183,1.5449423692851327,0.4236029888348867,0.02629532700393611,0.4244183506542725,-0.03848955964567352
36,2,544.0035,785.81775,583.6545,798.8499,606.1395,806.077,0.3753441999249234,581.0903020193513,798.174785243272,2.1444280759467347,0.38425133519035626,2.178582305423457,0.6006299398935653,0.4437008055926981,0.7467440857349706,0.17730430280060508
37,2,544.86615,786.26135,586.95703,806.20807,611.14777,812.59595,10.564028365345186,583.6147838644767,800.01437294579,2.5244818451254787,1.8395877025179743,3.1236343418562136,0.380053769178744,1.455336367327618,1.5041425496053615,0.6297285924322584
38,2,547.5273,788.2663,588.4231,805.5534,607.64844,810.31604,9.000734159668912,586.1993425276232,801.565807217323,2.584558663146481,1.5514342715330258,3.014447176868876,0.06007681802100251,-0.2881534309849485,0.294349492698605,0.5406183595220608
39,2,547.4438,788.9936,591.47845,800.1913,606.14325,806.582,9.279320497285136,588.5342578071483,801.8076472688384,2.3349152795250347,0.24184005151539623,2.3474062224243255,-0.24964338362144645,-1.3095942200176296,1.3331762224438104,0.10320749834066664
40,2,547.39233,789.63104,590.0411,797.2979,606.4362,806.97125,20.350037365480848,590.350836499473,801.2030880690833,1.816578692324697,-0.6045591997551583,1.9145364899674029,-0.5183365872003378,-0.8463992512705545,0.9925041612919558,-0.3212713751190258
41,2,548.2833,789.3782,589.0306,797.1338,607.0334,806.3297,16.281685995580915,591.4328580974206,800.3818860396191,1.082021597947687,-0.8212020294641889,1.358360597051228,-0.7345570943770099,-0.2166428297090306,0.7658382600549097,-0.6492055637401909
42,2,557.25183,791.6151,586.1071,795.3633,585.1115,801.8051,91.38470869279509,591.7329658813593,799.4784331592343,0.30010778393864257,-0.9034528803847479,0.9519935866675051,-0.7819138140090445,-0.08225085092055906,0.7862279663146857,-1.2500853214247487
43,2,569.3403,793.65076,585.98694,795.6786,573.87054,799.60187,155.1127509886561,591.437556201339,799.0123116578445,-0.29540968002027057,-0.46612150138980724,0.551847925707406,-0.5955174639589131,0.4373313789949407,0.7388503129414454,-2.135670973732741
44,2,562.5314,797.4425,586.21747,806.31476,589.465,802.2153,72.14897468136266,591.4991738985917,800.2368997539845,0.061617697252700054,1.2245880961399962,1.226137327472949,0.3570273772729706,1.6907095975298034,1.7279952231710034,1.5205216467660592
45,2,549.17267,790.5942,593.09344,801.4164,617.43024,804.3083,7.065524858911872,592.6674296086836,800.7497894470666,1.1682557100918984,0.5128896930821156,1.2758829262248919,1.1066380128391984,-0.7116984030578806,1.3157364129550522,0.41368701891174725
46,2,550.9485,790.9184,595.1364,800.20374,617.66077,805.0161,0.1928144996986417,594.1140486533378,801.0242442925774,1.4466190446541987,0.27445484551071786,1.4724238936463026,0.2783633345623002,-0.23843484757139777,0.3665205622677107,0.1874932100279933
47,2,552.2879,790.20935,593.315,806.24915,619.09784,803.73096,26.931646081517894,594.9908786252479,802.0162546911224,0.8768299719100696,0.9920103985450623,1.3239771261095665,-0.569789072744129,0.7175555530343445,0.9162671876199858,0.8469523346588053
48,2,555.5745,790.8195,594.8617,803.3955,615.24524,804.15576,15.614070055038493,595.7210791817772,802.7993197490238,0.7302005565293257,0.7830650579013536,1.0706931108687434,-0.14662941538074392,-0.20894534064370873,0.2552613187140077,0.8203180158887868
49,2,557.41235,791.1733,594.0367,804.0974,616.98474,804.10156,19.42674761943585,596.1941542475032,803.3435745239394,0.4730750657259932,0.5442547749156574,0.7211194615527623,-0.25712549080333247,-0.23881028298569618,0.3509186077718919,0.8552515139025758
50,2,578.6653,796.2708,591.7324,804.24554,596.0727,799.20685,80.6540533059857,596.216707841897,803.7321143887069,0.02255359439379845,0.3885398647674947,0.3891938991474854,-0.4505214713321948,-0.15571491014816274,0.4766725599127518,1.5128143373594576
51,2,569.8117,791.3721,593.76465,800.0984,600.6656,802.11176,3.7524373185815145,596.1719936962219,803.3955886806037,-0.04471414567512966,-0.3365257081031814,0.3394832941954646,-0.0672677400689281,-0.7250655728706761,0.7281792593972055,-1.7028925178456569
52,2,558.79016,789.7758,594.28125,800.64215,615.6556,803.85205,8.482486436766976,596.359056280627,802.8325584616322,0.18706258440511192,-0.5630302189715621,0.5932920342963361,0.23177673008024158,-0.22650451086838075,0.3240752166556609,-1.250027816467657
53,2,578.4709,793.0022,592.8463,799.81934,600.35016,801.3071,14.15668106584614,596.1634533090147,802.5079688375389,-0.19560297161228846,-0.32458962409327796,0.3789709046517598,-0.3826655560174004,0.23844059487828417,0.45087342464156854,-2.1131372964796817
54,2,599.7067,796.0345,589.272,802.9692,588.7463,796.23145,119.14575182793074,595.1995247733133,802.4968752952406,-0.9639285357013705,-0.011093542298340253,0.9639923695860425,-0.768325564089082,0.3134960817949377,0.8298216469420308,-3.130084484521438
55,2,579.20135,793.20844,593.34076,799.33276,603.42303,798.4263,28.55695113233368,594.910226533804,802.0673667535341,-0.2892982395093213,-0.42950854170646835,0.5178523522993882,0.6746302961920492,-0.4184149994081281,0.7938495753414975,-2.1635536103906543
56,2,564.09686,788.5203,600.59753,800.5677,618.8404,801.5146,15.294617116945878,596.5232493813329,801.5942473035161,1.613022847528896,-0.4731194500179754,1.6809773111602486,1.9023210870382172,-0.043610908311507046,1.9028209136737013,-0.28531005809608473
57,2,567.6644,788.1698,604.44836,800.36255,617.3111,801.92957,11.392883396172916,598.7620294383543,801.4318153594015,2.2387800570213585,-0.16243194411458717,2.2446648480754097,0.6257572094924626,0.31068750590338823,0.6986406884488346,-0.07242686649904286
58,2,568.9217,787.6427,605.0958,800.65326,616.3586,802.2553,11.686260179116994,600.4192697015993,801.2891100258377,1.6572402632450576,-0.1427053335638675,1.6633731097826856,-0.5815397937763009,0.01972661055071967,0.5818742741427931,-0.08589833294482287
59,2,625.1722,795.0193,597.7223,800.90515,574.32086,792.0528,32.822987609044105,600.8434686792334,800.8843611802038,0.42419897763409153,-0.4047488456338897,0.5863159563475778,-1.233041285610966,-0.2620435120700222,1.2605782856447814,-0.7619388294571329
60,2,628.32416,795.283,598.8249,798.885,571.66406,793.05615,19.07385965512739,600.8646210143606,800.5580758372257,0.02115233512722625,-0.32628534297805345,0.32697025296445614,-0.4030466425068653,0.07846350265583624,0.4106130992614328,-1.5060591933604066
61,2,601.21027,790.21747,601.9605,801.2269,600.5424,796.6973,166.51453164096603,601.4232728394948,800.6681258039808,0.5586518251341204,0.11004996675512757,0.5693881425780559,0.5374994900068941,0.436335309733181,0.6923107714586147,0.19450163170239781
62,2,570.7833,787.3108,603.0189,802.5705,624.196,796.36273,41.66973841958563,602.4206801098495,801.0195649196091,0.9974072703547563,0.35143911562829544,1.0575115672890412,0.4387554452206359,0.24138914887316787,0.5007744621129065,0.33876920051575293
63,2,570.5682,787.63995,605.0141,803.2624,629.4287,796.1607,40.61453265344425,603.5584776784509,801.3359141139572,1.1377975686013997,0.3163491943480494,1.1809572896086957,0.1403902982466434,-0.03508992128024602,0.1447091511178037,0.2711869750149572
64,2,576.289,788.5534,605.8768,802.0541,630.99646,797.9458,33.81522127399904,604.7791061668743,801.5673806476369,1.2206284884233582,0.23146653367973613,1.2423810458005244,0.08283091982195856,-0.08488266066831329,0.1186002839823065,0.18740382809826778
65,2,575.67975,788.4232,607.7654,802.208,633.66534,797.3929,33.78132022877207,606.0852076388317,801.7208433639518,1.3061014719573905,0.15346271631483432,1.3150862558585232,0.08547298353403221,-0.0780038173649018,0.11571614596807957,0.11696051399730811
66,2,576.44574,787.3676,610.19507,802.0405,634.4342,796.43665,36.51513833080499,607.4794241580362,801.8031811062054,1.3942165192045195,0.08233774225368506,1.3966456981719453,0.08811504724712904,-0.07112497406114926,0.11323878967281016,0.058988125721742196
67,2,581.8025,787.7057,610.58093,801.3171,631.39325,797.9457,34.51426949357293,608.9152797112703,801.8212727177009,1.4358555532340915,0.018091611495492543,1.4359695248018611,0.04163903402957203,-0.06424613075819252,0.076559613846431,0.012599215955728613
68,2,579.83734,787.95325,610.7029,801.01117,632.62177,798.59247,29.228185922477888,610.149825977598,801.7819970417419,1.2345462663276976,-0.03927567595906112,1.235170863656401,-0.20130928690639394,-0.05736728745455366,0.20932375561472763,-0.031803128393941206
69,2,575.9275,788.1311,609.8139,801.6845,639.91235,799.71246,25.54838026092029,610.966980793667,801.6922329216313,0.8171548160689781,-0.08976412011054435,0.8220703076282135,-0.4173914502587195,-0.050488444151483236,0.4204339493213108,-0.10941091085410931
70,2,580.1173,787.9974,609.1222,801.45166,632.022,797.96466,33.54287694901182,611.4545989341785,801.558859200673,0.4876181405115858,-0.13337372095827504,0.5055294258480236,-0.3295366755573923,-0.04360960084773069,0.3324097137923566,-0.26699052361089404
71,2,581.10736,788.11743,610.4121,800.4011,630.6053,798.2495,28.82400410875548,611.7662305309613,801.3895223120711,0.3116315967827177,-0.16933688860194707,0.3546677796963442,-0.17598654372886813,-0.03596316764367202,0.179623531310905,-0.49775269610512635
72,2,577.8894,787.9293,610.6146,801.08954,637.65546,799.4783,25.31720927738545,612.0142702063018,801.1949390486319,0.24803967534057847,-0.19458326343919907,0.31525597052824916,-0.06359192144213921,-0.025246374837252006,0.06842011338141903,-0.6652083676890382
73,2,578.944,787.2694,610.1244,800.42084,637.5984,796.77985,30.418413177553663,612.3008237051001,800.9865937930622,0.2865534987982983,-0.20834525556972494,0.35428894026198493,0.03851382345771981,-0.013761992130525869,0.040898741114282045,-0.6286655126734957
74,2,590.6267,788.0521,611.38153,799.57715,625.2466,795.05615,47.10280669617318,612.7279967722568,800.7759709280695,0.4271730671566729,-0.21062286499272886,0.47627599200650944,0.14061956835837464,-0.0022776094230039234,0.14063801232234246,-0.45808192965083
75,2,581.3142,788.1848,612.87244,800.03064,633.3678,794.94104,34.5204589670935,613.3978951526726,800.5745548363607,0.6698983804158161,-0.20141609170877928,0.699522896039131,0.24272531325914315,0.009206773283949587,0.24289986078845582,-0.29206827378391526
76,2,581.40485,788.57043,615.39966,800.4186,637.3905,793.0376,37.76863168974495,614.3531222968402,800.3743892247566,0.9552271441675657,-0.20016561160412039,0.975973959193264,0.28532876375174965,0.001250480104658891,0.2853315039118427,-0.20655891923534983
77,2,581.0824,790.3153,617.4143,799.7212,644.61566,781.24927,48.694188137824426,615.3982724776206,800.0897550965318,1.0451501807804107,-0.2846341282247522,1.0832153467042414,0.08992303661284495,-0.08446851662063182,0.12337375253174805,-0.26588970657602057
78,2,579.81006,790.55426,616.2675,798.4722,643.5814,780.9061,44.99926686557704,616.3189467657836,799.6628721367781,0.9206742881630134,-0.42688295975369783,1.0148252096851698,-0.12447589261739722,-0.14224883152894563,0.18902110441495193,-0.43415812730429504
79,2,581.4007,790.4472,617.1497,798.1038,643.21515,780.29004,46.43849761899554,617.0627826013631,799.2254774613987,0.743835835579489,-0.4373946753794371,0.8629054712669978,-0.17683845258352449,-0.01051171562573927,0.1771505982985433,-0.5315684265014433
80,2,581.08826,790.24493,616.99274,798.6241,643.2274,780.3121,48.05153892148999,617.6234786180781,798.9173515689449,0.5606960167150419,-0.3081258924537451,0.6397824542456064,-0.18313981886444708,0.129268782925692,0.22416648164431757,-0.5024913498576941
81,2,580.3321,790.4786,616.5263,798.7531,643.5081,780.9089,46.35575857889094,618.0169418551225,798.7209310577476,0.3934632370443296,-0.19642051119728876,0.4397662289494346,-0.16723277967071226,0.11170538125645635,0.20110916139759338,-0.4630148572091977
82,2,580.158,790.56946,616.4885,798.9541,643.7577,780.8751,46.539310678701575,618.2646314530587,798.579316551083,0.24768959793618706,-0.1416145066646095,0.2853152737300454,-0.14577363910814256,0.05480600453267925,0.15573584042110233,-0.5193822392689942
83,2,580.65314,790.41425,616.41144,798.65063,643.2562,781.6326,45.34327245879531,618.388006552449,798.4356086722266,0.12337509939038682,-0.14370787885638947,0.1894026652267347,-0.12431449854580023,-0.002093372191779963,0.12433212278340255,-0.8613806732845487
84,2,583.4525,789.49414,617.4912,798.2352,640.88544,781.6355,49.76045867895536,618.4085262938563,798.2329080444547,0.020519741407269976,-0.20270062777194653,0.20373660517089814,-0.10285535798311685,-0.05899274891555706,0.1185722104476807,-1.4699082587554693
85,2,592.1106,788.63367,615.5945,797.4919,633.8497,784.9052,55.252335055724906,618.345304639653,797.9324603626403,-0.06322165420328929,-0.30044768181437576,0.3070273392840329,-0.08374139561055927,-0.09774705404242923,0.12871327791948184,-1.7781953783860915
86,2,587.7814,788.9416,616.08655,796.454,637.88666,784.55743,43.48576682681316,618.2080748394513,797.5680916080462,-0.13722980020168052,-0.36436875459412477,0.38935408998476784,-0.07400814599839123,-0.06392107277974901,0.09779115102826616,-1.9309894940713375
87,2,591.5433,788.85004,616.6131,797.4865,634.7484,783.84863,55.95207485778779,618.0042249646735,797.1917728335327,-0.20384987477780214,-0.3763187745134928,0.4279843355758043,-0.06662007457612162,-0.01195001991936806,0.06768336067750552,-2.0672407316729644
88,2,601.36316,787.63916,616.01355,796.8246,624.9978,785.736,83.0713445230987,617.7411430867418,796.8554750919602,-0.26308187793176785,-0.33629774157247994,0.42697569659508267,-0.05923200315396571,0.04002103294101289,0.07148505630757412,-2.234643925713653
89,2,634.3764,783.52057,614.3801,795.5428,599.2095,790.06006,50.88527503579917,617.4273377013433,796.5974219690964,-0.3138053853984957,-0.258053122863771,0.4062822099536761,-0.050723507466727824,0.07824461870870891,0.09324749093996275,-2.453380458939213
90,2,622.70667,784.49316,615.6395,797.0483,606.28064,788.32996,103.59588903066576,617.0757990012264,796.4008471823403,-0.35153870011686195,-0.19657478675617313,0.40276681152757354,-0.03773331471836627,0.0614783361075979,0.07213451913053869,-2.6317258058540425
91,2,607.9344,785.77106,615.8722,797.0292,616.7726,786.9042,139.73152535615807,616.7006376034042,796.2352369819981,-0.37516139782223945,-0.1656102003421438,0.41008878657347075,-0.023622697705377504,0.030964586414029327,0.03894659752368026,-2.725882321251547
92,2,639.13824,781.7963,613.92664,795.7875,590.2471,790.48737,41.64438740247479,616.3159641248903,796.1070391275325,-0.3846734785138324,-0.12819785446561127,0.40547302618240577,-0.009512080691592928,0.03741234587653253,0.038602633369611915,-2.8199044248654004
93,2,625.5884,783.72,614.89825,797.63654,604.3327,789.6205,89.65751295883314,615.935889182698,796.1705474150317,-0.38007494219232285,0.06350828749918946,0.3853443450520291,0.004598536321509528,0.19170614196480074,0.19176128755129013,2.9760281057665248
94,2,619.9497,784.9302,615.3504,797.99884,610.37836,788.1847,133.74361844825762,615.5220275184189,796.5187060624133,-0.41386166427912485,0.3481586473816378,0.5408289201831746,-0.033786722086802,0.28465035988244836,0.2866485129397642,2.442203905727221
95,2,610.69385,794.2065,611.8112,799.0065,588.45026,787.7233,128.88442418386043,614.8260103719568,796.8512149382871,-0.6960171464620544,0.3325088758737138,0.7713637408538087,-0.2821554821829295,-0.015649771507924015,0.2825891566818014,2.6959185329445083
96,2,620.5294,791.5282,609.75806,796.4194,591.1774,796.3879,24.519467360707925,613.6831264445444,796.8914555382407,-1.142883927412413,0.04024059995367679,1.1435921377056828,-0.4468667809503586,-0.292268275920037,0.533957549835384,3.106397493099728
97,2,581.6588,788.6247,610.0469,797.8002,626.6106,800.4239,8.910767193289058,612.4732777844196,796.8507802150868,-1.2098486601248624,-0.04067532315389144,1.2105322227514632,-0.0669647327124494,-0.08091592310756823,0.10503171920710279,-3.10798513758026
98,2,578.9952,788.38654,610.19556,797.08136,630.2024,798.8417,10.543704844191714,611.6067635166581,796.9856089944391,-0.8665142677614313,0.13482877935223314,0.8769411473843285,0.3433343923634311,0.17550410250612458,0.3855907091412431,2.9872314308369847
99,2,581.2629,788.76355,610.7055,798.28516,628.08795,799.71735,13.210831569045398,611.0708577266893,797.2446617358976,-0.5359057899688651,0.259052741458504,0.5952338520105521,0.3306084777925662,0.12422396210627085,0.3531763841902484,2.6913192446813503
100,2,589.60455,789.0146,611.18243,798.42303,619.00977,799.1186,18.480184021132636,610.7470782400289,797.4997332575584,-0.3237794866603281,0.25507152166085234,0.41218277152788446,0.212126303308537,-0.003981219797651647,0.2121636600985726,2.474338863717821
101,2,607.2156,797.5989,611.3543,797.8901,602.8293,789.68445,140.11834233433584,610.5169428821939,797.6226183775184,-0.23013535783502448,0.12288511995996032,0.2608889335204324,0.0936441288253036,-0.13218640170089202,0.1619952704805904,2.65114065282208
102,2,593.071,789.14624,610.8906,797.4035,612.1877,798.4153,13.09421552118729,610.2899791414554,797.5612920486811,-0.22696374073848347,-0.06132632883725364,0.2351030799854832,0.003171617096541013,-0.18421144879721396,0.18423875005811252,-2.8776914363784973
103,2,607.6613,789.9682,610.5725,797.3422,601.7781,797.02625,113.60134838092084,610.0877531571053,797.5684497631817,-0.2022259843500933,0.007157714500522161,0.202352617040737,0.024737756388390153,0.0684840433377758,0.07281497636490512,3.106212790046109
104,2,604.4848,797.17914,611.0919,798.4687,603.65265,789.7569,141.53897750767388,609.9598407311902,797.8798887138151,-0.12791242591515584,0.31143895063348737,0.336683543814051,0.07431355843493748,0.3042812361329652,0.3132244812109491,1.96050489748419
105,2,590.1642,789.2342,611.2274,800.2918,617.50977,798.9562,39.70066040857228,609.9558176657569,798.359092356789,-0.004023065433329975,0.4792036429738573,0.47922053012668075,0.12388936048182586,0.16776469234036995,0.20855111037022742,1.5791914443599182
106,2,588.3257,788.9985,611.8623,799.8295,619.01263,798.31775,36.64900910793867,610.0901008994773,798.7970001544919,0.1342832337204527,0.43790779770290555,0.4580340884120205,0.13830629915378267,-0.04129584527095176,0.14433980470493235,1.2732523251238879
107,2,600.21295,789.751,610.89124,799.2126,606.75775,797.3145,163.12142730862394,610.2364719175255,799.0666893306228,0.1463710180481712,0.26968917613089616,0.3068496808644578,0.01208778432771851,-0.1682186215720094,0.1686523618973074,1.0735443387073331
108,2,618.7742,790.98444,611.1541,798.97723,594.20685,796.12634,55.91658804902576,610.2335533417006,799.1309460012725,-0.002918575824878644,0.06425667064968366,0.06432291821604089,-0.14928959387304985,-0.2054325054812125,0.25394861123280155,1.6161857196732168
109,2,620.6544,791.042,610.7726,798.9006,593.2988,796.1753,47.35833459152823,610.0918400031757,799.2107620693439,-0.14171333852493717,0.07981606807140906,0.16264462806457286,-0.13879476270005853,0.015559397421725407,0.13966417221711785,2.6286549096478478
110,2,602.5514,789.69086,611.96686,799.78503,607.4798,797.4308,160.6924231881181,610.5093155706202,799.5223358040435,0.4174755674445123,0.3115737346995502,0.5209261383034481,0.5591889059694495,0.23175766662814112,0.6053130170417867,0.6411469289016084
111,2,642.8801,796.8011,617.54504,802.7049,584.0967,789.645,34.445589664472266,612.0211757671118,800.1769278271171,1.5118601964916252,0.6545920230736328,1.6474865615255643,1.0943846290471129,0.34301828837408266,1.146882410037608,0.4086029610669501
112,2,584.54803,789.7824,620.1921,802.63806,645.63293,796.7448,32.87498591256104,613.8239756958676,801.1953264611549,1.8027999287558032,1.0183986340377942,2.0705611222400497,0.290939732264178,0.36380661096416134,0.46583385234564073,0.5142094552034331
113,2,630.9046,789.9183,619.0445,809.17523,636.21436,801.57947,145.4924574633858,615.3286974586664,802.9665028361137,1.5047217627987948,1.7711763749588272,2.3240596667582794,-0.2980781659570084,0.752777740921033,0.8096449346759774,0.866557379752473
114,2,644.28107,788.6102,622.76776,806.29,630.45557,802.34863,167.72953770457067,617.3129173138716,804.2452710507682,1.9842198552051968,1.2787682146545194,2.3605881853049335,0.47949809240640207,-0.4924081603043078,0.6873021293111578,0.5724771738408531
117,2,650.72876,787.9555,623.6537,805.3004,620.18365,807.5594,0.4196477605949864,619.246007940646,804.9644325049148,1.9330906267744012,0.7191614541466151,2.0625306224280213,-0.05112922843079559,-0.5596067605079043,0.5619376517070905,0.3561614547163295
118,2,653.78357,787.2738,620.441,803.576,600.8716,812.6123,1.2696454598634812,620.1698329922857,805.0257185718757,0.9238250516397102,0.06128606696086081,0.925855662638969,-1.009265575134691,-0.6578753871857543,1.2047477023081492,0.06624241068849152
119,2,656.08185,786.9359,619.3059,799.26465,600.3715,811.99084,15.37268505893164,620.5387245564162,804.2317612423359,0.3688915641305357,-0.7939573295398077,0.8754708602898533,-0.5549334875091745,-0.8552433965006685,1.0195059797848636,-1.1358479202225067
120,2,657.59424,784.89124,619.27625,798.33716,589.8373,800.5361,15.064430522245532,620.9300309099824,803.2069804664648,0.39130635356616494,-1.024780775871136,1.0969486318585278,0.022414789435629245,-0.23082344633132834,0.23190921965656133,-1.2060390110690058
126,2,660.7143,783.5106,630.878,788.0472,600.0836,784.3636,15.466780965400837,623.6862791694145,799.9623473257307,2.756248259432141,-3.244633140734095,4.25729358696023,2.364941905865976,-2.219852364862959,3.2435620450222107,-0.8666047103430355
130,2,656.7127,774.7687,634.51086,777.50183,614.0592,773.0195,19.38003660987215,626.8971854623073,794.6858249239633,3.210906292892787,-5.276522401767352,6.176698784795256,0.45465803346064604,-2.031889261033257,2.0821354174242788,-1.0241305606178888
131,2,646.8769,773.40344,641.0289,769.69037,643.86926,749.2518,65.49922352135108,630.941905229455,788.5816673814363,4.044719767147626,-6.104157542526991,7.32260181211186,0.8338134742548391,-0.8276351407596394,1.1748297051356649,-0.9856024436215794
132,2,652.59894,766.101,641.0219,769.93884,639.9831,755.9443,104.09527401330908,634.5998191848062,783.1116557061953,3.657913955351205,-5.4700116752410395,6.580377058499488,-0.38680581179642104,0.6341458672859517,0.7428053022396516,-0.9813725528999672
133,2,652.6052,761.2048,643.0288,769.9598,637.7285,756.96344,110.2472585760228,637.7730028599847,778.6632331607025,3.1731836751785067,-4.448422545492804,5.464206967133296,-0.48473028017269826,1.0215891297482358,1.1307554088024785,-0.9511813919400862
134,2,664.4906,776.3783,643.8583,770.5524,642.0146,745.7383,69.9828610263709,640.796762636372,774.9769503726076,3.023759776387351,-3.6862827880949,4.7677881642437505,-0.1494238987911558,0.7621397573979038,0.7766495421594513,-0.8838152115118583
135,2,637.9676,781.76025,644.4714,772.4645,649.7047,741.6287,25.34627111826147,643.2480373072171,772.6281045925258,2.451274670845123,-2.348845780081774,3.3949703990660693,-0.5724851055422278,1.3374370080131257,1.4548116532633348,-0.7640625845874432
137,2,622.1323,786.6679,645.0692,780.7908,654.6072,755.59576,54.89331402172217,645.3567267178606,772.4432907114482,2.1086894106434784,-0.18481388107761632,2.1167728270173236,-0.3425852602016448,2.164031899004158,2.1909812232000005,-0.08742057297549863
140,2,612.2026,787.8211,643.3275,781.7918,659.6636,756.62823,46.04544280294066,646.5870236971816,772.9403501379729,1.2302969793209968,0.4970594265247428,1.3269132340976464,-0.8783924313224816,0.6818733076023591,1.1119912189514816,0.3839634783501861
141,2,639.83276,785.2967,644.03973,779.397,654.56396,755.1233,12.05201714242165,647.611107523802,772.9589679687384,1.0240838266204264,0.018617830765492727,1.0242530486007586,-0.2062131527005704,-0.47844159575925005,0.52098965910982,0.018177984604234344
142,2,648.52844,757.65454,643.89795,779.7238,657.111,784.09436,83.5468115521269,648.2694666124689,773.0326571742755,0.6583590886668844,0.07368920553710723,0.6624702171743124,-0.365724737953542,0.0550713747716145,0.36984786097856853,0.11146465973019296
143,2,655.671,752.7693,643.88556,778.017,620.6704,786.4081,45.10492620426658,648.6714940636609,773.2068935353659,0.4020274511919979,0.17423636109037943,0.4381602230211585,-0.2563316374748865,0.1005471555532722,0.27534639794340976,0.40895906254936754
144,2,650.6644,782.0738,647.8381,778.1774,649.90173,756.0286,41.279518981778345,649.7098260877841,773.4894253124663,1.0383320241231786,0.28253177710041655,1.0760843820961516,0.6363045729311807,0.10829541601003712,0.6454544187329724,0.26566957468373104
145,2,677.82837,777.5933,649.92474,778.4744,639.68085,762.0955,59.78541547906043,650.9575142594441,773.7658976279215,1.247688171660002,0.27647231545518025,1.2779525479897238,0.2093561475368233,-0.006059461645236297,0.20944381964357464,0.21806417420615828
146,2,686.0312,776.3728,649.3336,778.27014,635.4602,764.70776,47.31014463944895,651.7659884845681,773.8656246565932,0.8084742251239732,0.09972702867173666,0.8146017756778475,-0.43921394653602874,-0.1767452867834436,0.4734424856642201,0.1227321620243746
147,2,684.52844,777.1703,648.92084,774.0306,641.69934,745.84564,70.58988736868648,652.1563525446421,773.5146999215249,0.39036406007403457,-0.35092473506836086,0.5249116774089558,-0.4181101650499386,-0.4506517637400975,0.6147382550973606,-0.7322445537077273
148,2,680.6913,780.52454,648.2763,770.8099,646.1659,737.3037,69.71264689651925,652.3339437127754,772.551217138075,0.17759116813329,-0.9634827834498765,0.9797130687110732,-0.21277289194074456,-0.6125580483815156,0.6484594560817191,-1.3885201084452814
149,2,678.71466,781.57684,649.06396,771.03125,647.2852,737.35974,67.39759233450839,652.5713593530149,771.3644914426859,0.23741564023953288,-1.1867256953891,1.210241324004056,0.059824472106242865,-0.22324291193922363,0.23111980701336393,-1.373343644389823
150,2,680.6944,781.37646,651.605,769.5195,647.1464,738.45026,59.65751715521711,653.0639107711711,770.3739348496194,0.4925514181561539,-0.9905565930664579,1.1062591304007696,0.255135777916621,0.19616910232264217,0.3218331584520007,-1.1093534418735538
151,2,680.4333,781.1551,652.6816,768.7026,647.2015,739.22455,55.302344957132654,653.6305049491726,769.5681254633311,0.5665941780015373,-0.8058093862883879,0.9850673731150099,0.07404275984538344,0.18474720677807,0.199032310688039,-0.9579682743559785
152,2,665.68854,780.2861,651.60913,769.9596,645.6864,742.81604,41.43296442712322,653.9959477879784,768.788589510409,0.365442838805734,-0.7795359529220605,0.8609441156849256,-0.2011513391958033,0.02627343336632748,0.20285993828531046,-1.1324225777415724
153,2,671.1666,781.2246,650.1299,767.34784,645.38696,740.58563,46.5395176975526,653.8850451885471,768.0014605839135,-0.11090259943125602,-0.7871289264954839,0.7949033485188891,-0.47634543823699005,-0.007592973573423478,0.47640595061027186,-1.710770041773701
154,2,678.27826,778.2507,652.0454,770.5431,645.85803,746.9378,58.938624243241165,653.8781097081032,767.9783537418458,-0.006935480443871711,-0.023106842067704747,0.02412523656524795,0.10396711898738431,0.7640220844277792,0.7710634911107551,-1.862389213597015
155,2,696.8224,767.7507,662.83514,774.28705,650.62634,789.4069,40.19413171110645,656.4415708065045,768.6404689816032,2.5634610984012625,0.6621152397574406,2.6475893551938263,2.570396578845134,0.6852220818251453,2.6601631292008308,0.25276525684832457
156,2,703.2304,769.5427,666.5062,774.3221,646.1109,785.0653,20.36307487811007,659.3784775963026,769.6259072933984,2.9369067897980585,0.9854383117951784,3.0978234549947596,0.37344569139679606,0.3233230720377378,0.4939630485519653,0.32373175139700294
157,2,704.2804,769.03436,665.4548,775.14246,645.4637,782.6111,11.545039800540286,661.6395862885422,770.6204058871634,2.2611086922396453,0.9944985937650017,2.4701497871834097,-0.6757980975584132,0.009060281969823336,0.6758588294702846,0.414362644941662
158,2,705.0782,769.3855,666.20166,774.9391,645.00934,782.8825,12.417478406565545,663.5388420856742,771.5002468517092,1.8992557971320139,0.8798409645457923,2.0931537702310434,-0.3618528951076314,-0.11465762921920941,0.3795838374271805,0.43382247752762343
159,2,706.22876,769.9284,666.51483,775.0592,645.0154,784.10297,15.45259839955401,665.399630140325,772.2106537630609,1.8607880546508113,0.7104069113516971,1.9917856722115983,-0.03846774248120255,-0.1694340531940952,0.17374598007833045,0.3646992611670863
160,2,706.5094,770.1544,666.99805,775.34424,646.5577,787.66614,23.59952612250932,666.8446583005675,772.7820712672187,1.4450281602424866,0.5714175041578073,1.5539061580261928,-0.4157598944083247,-0.13898940719388975,0.4383769440909618,0.3765665199879645
162,2,706.801,769.6266,665.1953,775.89526,643.724,781.3363,5.651768860150537,667.430391591907,773.7149377079309,0.5857332913394657,0.9328664407121323,1.10150954820659,-0.8592948689030209,0.361448936554325,0.9322193977059865,1.0101247511149414
163,2,703.7886,772.3777,660.8705,774.8225,647.1823,752.6561,61.56419330334926,667.0512772955939,774.1798864714749,-0.3791142963131051,0.4649487635440437,0.5999208301018693,-0.9648475876525708,-0.46791767716808863,1.072323561246961,2.254850864662982
165,2,699.9123,781.3567,658.39813,777.6852,647.53754,762.027,50.20057204580658,666.1002710086847,775.0604040036666,-0.9510062869092053,0.880517532191675,1.2960416977233993,-0.5718919905961002,0.41556876864763126,0.7069355348143693,2.394661903045836
169,2,688.3998,783.28644,655.1761,775.658,646.7395,749.6702,59.08326468788415,663.976719289623,775.4746335797947,-2.123551719061652,0.41422957612815026,2.1635752922579337,-1.1725454321524467,-0.4662879560635247,1.2618586483562522,2.948947229750109
170,2,693.10803,786.73236,658.2495,776.0737,647.09717,748.0538,51.29477102207905,663.4288552021223,775.9033730021657,-0.5478640875006704,0.42873942237099527,0.6956813571369848,1.5756876315609816,0.014509846242845015,1.575754437687626,2.4775734055941485
171,2,695.92523,779.4902,659.82697,776.7436,647.23694,751.1708,59.43697821694053,662.8834847562829,776.3014479463051,-0.5453704458394668,0.39807494413935274,0.6751981815339017,0.0024936416612035828,-0.030664478231642534,0.03076570288411056,2.5110693021394264
172,2,693.5546,787.30634,660.6953,776.338,646.2566,759.83136,30.364287782814063,662.3420112511313,776.5972580964977,-0.5414735051515436,0.2958101501926649,0.6170066464294414,0.0038969406879232338,-0.10226479394668786,0.10233901615553921,2.6415900562238175
173,2,687.13995,790.0833,659.4019,775.9153,646.0044,757.0675,27.536693728776147,661.8559971755142,776.7912817293549,-0.48601407561716314,0.19402363285712454,0.5233114290793598,0.05545942953438043,-0.10178651733554034,0.11591481111392608,2.7617640291115158
174,2,689.13837,787.99023,660.4001,776.879,645.9015,759.3293,29.30021319255302,661.6805206694237,776.893611811735,-0.17547650609049015,0.10233008238014918,0.20313406890439117,0.310537569526673,-0.09169355047697536,0.3237920463609427,2.61365093027573
177,2,709.8465,773.53735,673.75604,774.3387,651.96436,770.9945,9.996585094052785,664.3269310382759,776.7754071502214,2.64641036885223,-0.11820466151357323,2.6490489203433247,2.82188687494272,-0.2205347438937224,2.8304913192303314,-0.0446363680431937
179,2,717.83124,770.8843,681.78156,775.26,658.0448,790.80554,26.300597220218112,668.6820594934902,776.4672413462074,4.355128455214299,-0.30816580401403826,4.366017639013945,1.7087180863620688,-0.18996114250046503,1.7192448151211428,-0.07064155067235095
180,2,718.75116,770.12244,682.4928,774.95917,663.4836,794.5305,38.23657567413461,672.0948597080122,776.2815429588502,3.412800214522008,-0.18569838735720623,3.41784862088837,-0.9423282406922908,0.12246741665683203,0.9502530091237944,-0.05435871858091215
181,2,718.91284,769.80817,681.35864,774.68256,654.42065,785.8934,15.200236685287322,675.4462290060997,776.0898479286973,3.351369298087434,-0.19169503015291411,3.356847204855828,-0.0614309164345741,-0.005996642795707885,0.06172290675924896,-0.05713675950970391
182,2,719.83765,769.66864,681.7067,775.0584,654.42267,786.14844,14.074636472281076,677.8187059257071,775.9028733269057,2.372476919607493,-0.18697460179157588,2.3798332369696364,-0.9788923784799408,0.004720428361338236,0.9789037598712298,-0.07864731452188747
183,2,718.4662,771.76184,679.6391,775.07306,653.6816,772.593,10.332072736077656,679.3585281269017,775.731336224632,1.5398222011945109,-0.17153710227375996,1.5493474073776956,-0.8326547184129822,0.015437499517815922,0.832797812489181,-0.11094316110255417
185,2,719.52216,769.41296,682.5732,774.74677,659.174,780.3313,5.209135832501145,681.528505458246,775.4774428032665,2.1699773313442847,-0.2538934213654329,2.184779963282506,0.6301551301497739,-0.08235631909167296,0.6355140056272622,-0.11647323259707788
186,2,720.62146,768.3155,682.6542,774.71136,660.506,780.8018,5.81341920001985,682.837108128381,775.4165206264886,1.3086026701350875,-0.06092217677792178,1.3100200227126457,-0.8613746612091973,0.19297124458751114,0.8827254432783234,-0.046521546580727734
187,2,725.65283,768.6489,683.8694,775.3771,656.4675,784.28357,8.858383560423466,684.2335514483317,775.4139042338566,1.396443319950663,-0.0026163926320350583,1.3964457710005191,0.08784064981557549,0.05830578414588672,0.1054302813469133,-0.0018736095716275557
188,2,725.22864,768.8942,683.6906,775.9607,655.1886,783.8731,5.860365602460054,685.4518230261639,775.4803106965271,1.2182715778321835,0.06640646267055672,1.2200801021400742,-0.17817174211847941,0.06902285530259178,0.19107413284810806,0.05445486197699761
189,2,724.7304,769.11194,682.9652,776.10834,653.90454,783.2284,4.256941785733312,686.225910469944,775.6264570856576,0.774087443780104,0.14614638913053568,0.7877627419940028,-0.44418413405207957,0.07973992645997896,0.45128483335410097,0.1866018558844782
190,2,724.8813,768.3538,681.57324,776.3642,652.30817,783.17145,2.6152399958079457,686.0818132607457,775.7405117372338,-0.14409720919832125,0.11405465157611161,0.18377287407257084,-0.9181846529784252,-0.03209173755442407,0.9187453056121556,2.4720488726412557
191,2,722.23663,770.5665,675.1063,774.22845,645.4312,755.58044,36.58832610061632,684.6118451251388,775.4949640858218,-1.469968135606905,-0.24554765141192547,1.4903355222276469,-1.3258709264085837,-0.3596023029880371,1.3737712800207522,-2.9760779924734435
194,2,723.8758,767.4047,685.3221,776.28986,658.51013,782.64453,0.355532773034762,685.6460628303374,775.7332151811767,1.034217705198671,0.23825109535482625,1.0613057270099788,2.504185840805576,0.4837987467667517,2.550491708017144,0.2264182665388481
195,2,720.3033,769.3748,688.665,778.15186,671.03174,791.26306,21.1276828588588,686.6730679155021,776.0440796603993,1.0270050851646602,0.3108644792226869,1.0730219799223422,-0.007212620034010797,0.07261338386786065,0.07297071607498654,0.2939231301034181
196,2,720.67175,768.7102,683.72266,775.67426,663.97754,784.0343,12.273996977921128,687.1021468985753,776.2050588300341,0.4290789830731683,0.1609791696347429,0.45828273671544245,-0.5979261020914919,-0.149885309587944,0.6164261752980635,0.35892298728935984
197,2,720.5044,768.23535,681.8109,775.64075,660.0799,784.3918,11.09994648236984,686.3563693243354,776.2319068535827,-0.7457775742398098,0.02684802354860949,0.7462606827426203,-1.1748565573129781,-0.1341311460861334,1.1824885177504612,3.1056081521602756
198,2,717.2235,768.0384,675.146,776.4735,652.54596,780.0915,2.240356359265111,684.4924453019072,776.2048449306291,-1.8639240224282503,-0.027061922953635076,1.8641204652755297,-1.1181464481884404,-0.053909946502244566,1.119445292065807,-3.1270748828223756
199,2,717.3318,768.10876,674.6901,776.5599,652.54346,778.8205,5.381829439857714,682.4838795730018,776.2040942607573,-2.0085657289054097,-0.0007506698717634208,2.008565869180938,-0.14464170647715946,0.026311253081871655,0.1470153233216288,-3.141218919324586
200,2,698.63306,778.91943,659.4059,775.4933,639.0475,752.8394,43.06324225790753,677.418930213156,776.3016382382585,-5.064949359845741,0.0975439775012319,5.06588855437509,-3.0563836309403314,0.09829464737299531,3.0579638220852425,3.1223364056516627
201,2,691.9228,782.6429,655.6041,777.7038,641.61664,751.37396,54.27660619743697,672.0147214540607,776.5365090362532,-5.404208759095354,0.23487079799463118,5.409310178168154,-0.3392593992496131,0.13732682049339928,0.3659994475488108,3.0981592670390183
202,2,689.0498,783.516,655.5451,777.2621,641.694,751.23627,51.4047356321144,667.533490622923,776.8364469901713,-4.4812308311377365,0.29993795391817457,4.49125734490243,0.9229779279576178,0.0650671559235434,0.9252686043938355,3.074760288098458
203,2,641.6416,750.9316,653.7884,776.80273,680.7077,785.67505,46.60776706703091,663.0222621145188,776.85936024812,-4.511228508404201,0.022913257948630417,4.511286698097186,-0.02999767726646496,-0.27702469596954415,0.27864411498971475,3.1365135358126377
204,2,641.7251,750.99414,652.57776,776.36676,676.68884,787.2367,42.57494287298386,659.3675056618171,776.7296386948794,-3.6547564527016903,-0.12972155324052892,3.6570578898808503,0.8564720557025112,-0.15263481118915934,0.8699665325666475,-3.1061136494679285
205,2,639.7797,751.4994,657.81146,775.4497,687.28235,782.81274,38.996931996447465,657.2340707215931,776.6699929768355,-2.1334349402239923,-0.05964571804395291,2.134268552888677,1.521321512477698,0.07007583519657601,1.5229345905211846,-3.1136423355545277
206,2,684.70135,785.1435,654.7414,776.8606,641.55994,751.0283,47.51181446764287,654.9879901897693,776.7268810177262,-2.2460805318237362,0.05688804089072619,2.246800837776678,-0.11264559159974397,0.1165337589346791,0.16207759338755684,3.1162703731304506
207,2,688.2613,783.21924,655.791,777.794,641.2499,750.91547,52.10133077067496,653.5104736136125,776.9026975606274,-1.4775165761568587,0.1758165429012024,1.4879404186915606,0.7685639556668775,0.11892850201047622,0.7777110919491723,3.023154940248477
208,2,641.38513,751.2241,657.00543,778.03015,689.8355,783.4302,50.42936157740377,652.8154942767965,777.1998373486144,-0.6949793368160044,0.297139787987021,0.755836180799904,0.7825372393408543,0.1213232450858186,0.7918862675620528,2.737562447675955
209,2,641.8865,751.6319,659.5478,778.1637,699.69775,781.6459,51.39283207279949,652.5728461695554,777.6156202810452,-0.24264810724105246,0.41578293243071585,0.4814078840737348,0.452331229574952,0.11864314444369484,0.4676320529778464,2.099064670714367
210,2,696.8306,786.02075,659.14294,779.3405,643.41437,751.71606,50.29262100977464,652.887610902659,778.1270668824043,0.3147647331036296,0.5114466013591255,0.6005451383931097,0.5574128403446821,0.0956636689284096,0.5655622088983407,1.0191011214515044
211,2,703.47076,784.96185,663.0803,780.39233,644.68225,752.4296,50.20243450062768,653.9736919920094,778.706122833459,1.0860810893503867,0.57905595105467,1.2308037727827905,0.7713163562467571,0.06760934969554455,0.7742738182193872,0.4898230548864836
212,2,705.8633,785.4047,666.1591,781.3918,645.7743,753.3064,48.25590720867374,655.908571744725,779.3247338149754,1.9348797527155739,0.61861098151644,2.031363877773112,0.8487986633651872,0.03955503046177,0.8497198193318548,0.30944481896244264
213,2,707.69495,784.48737,668.8272,781.0576,645.1693,754.20514,43.57609938935511,658.2240476327862,779.9548455077212,2.3154758880612007,0.6301116927457997,2.3996810899633694,0.38059613534562686,0.011500711229359695,0.3807698577865741,0.26569654016476674
214,2,702.8406,784.3265,669.1009,780.87726,645.2129,755.04156,41.40605425515725,660.4173505952602,780.5689338944362,2.1933029624740357,0.6140883867150251,2.277648443438022,-0.12217292558716508,-0.01602330603077462,0.12321919526876823,0.27299329549217566
215,2,707.2435,781.634,670.3965,781.42535,645.06573,756.109,44.65931520031219,662.3931302747034,781.1415961657559,1.9757796794431215,0.5726622713197003,2.057096842322549,-0.21752328303091417,-0.041426115395324814,0.22143283789287885,0.2821108965656686
216,2,706.7401,781.6865,669.6254,782.09155,644.6039,756.2042,46.59954679704934,664.1578909895447,781.647959814289,1.7647607148413726,0.5063636485331244,1.8359696416888842,-0.21101896460174885,-0.06629862278657583,0.22118885777767108,0.2794237084539124
217,2,706.84546,784.2221,669.13776,782.59924,644.0106,756.28613,43.85636399737403,665.7181370582127,782.063152332644,1.5602460686679933,0.4151925183549565,1.614544091095644,-0.20451464617337933,-0.09117113017816791,0.2239160902601396,0.2600798790908067
218,2,703.1333,784.84106,669.00635,782.39484,643.1396,756.6482,40.76669375635364,667.076863060439,782.3656838810821,1.3587260022262626,0.3025315484380826,1.3919991691542442,-0.2015200664417307,-0.11266096991687391,0.2308740594378033,0.2190844124913571
219,2,702.2984,786.18036,670.7268,782.0277,642.9733,756.67267,34.921047890215235,668.2230246211664,782.5475952904741,1.1461615607273643,0.18191140939200068,1.160507683798764,-0.2125644414988983,-0.12062013904608193,0.24440306817475654,0.15740070550584853
220,2,705.85675,785.27155,671.04456,781.4305,642.784,756.9083,34.65235846841177,669.1420676266405,782.6043100593432,0.9190430054741228,0.05671476886914206,0.9207912960702814,-0.22711855525324154,-0.12519664052285862,0.25933961698616276,0.06163252285991894
221,2,697.9615,787.87823,668.44604,780.91754,643.5936,756.80994,30.858713108986727,669.8195513288426,782.5312516862125,0.6774837022021529,-0.07305837313072061,0.6814115442477057,-0.24155930327196984,-0.12977314199986267,0.27421153400569426,-0.10742270856486735
222,2,692.0277,784.3491,669.04846,780.11475,643.6619,758.05396,30.54975290536301,670.2414884426971,782.3238436696055,0.42193711385448296,-0.2074080166070189,0.4701584981691901,-0.25554658834766997,-0.1343496434762983,0.28871072982891016,-0.4568740029883134
223,2,694.6838,783.9493,669.56683,779.9471,644.01184,758.74695,30.62518854670364,670.4626409166785,781.998063837634,0.22115247398141946,-0.3257798319714311,0.39375235322145863,-0.2007846398730635,-0.11837181536441221,0.23308015419941333,-0.9744131181550623
224,2,695.75116,784.9063,669.6403,780.2617,644.1781,759.4916,29.11868959973139,670.8123141705211,781.6521073367663,0.3496732538425249,-0.34595650086771457,0.49189153778597555,0.12852077986110544,-0.020176668896283445,0.1300949223600098,-0.7800552096465452
225,2,699.5832,785.4653,671.84515,780.9539,644.0202,760.25116,27.41278704643677,671.5756669346778,781.4047236430594,0.763352764156707,-0.2473836937069791,0.802437620290695,0.41367951031418215,0.09857280716073547,0.42526149080927733,-0.31339521473812615
226,2,702.5419,785.23987,673.82745,781.1635,644.4512,760.798,26.652386596690658,672.5867277112186,781.3746622325692,1.0110607765408304,-0.03006141049013422,1.011507578943432,0.24770801238412332,0.21732228321684488,0.3295272889790397,-0.029723788662706342
227,2,703.19727,785.24426,675.5076,781.8178,645.54254,762.0706,26.330948962613945,673.6021018654791,781.6186569941787,1.0153741542604848,0.24399476160942868,1.044278754372144,0.004313377719654454,0.2740561720995629,0.27409011418367074,0.23582895058485914
228,2,700.7845,785.6504,675.34076,782.467,646.72925,762.73083,27.466257667257626,674.5198324442413,781.9453794680715,0.917730578762189,0.32672247389280074,0.9741545001393845,-0.09764357549829583,0.08272771228337206,0.12797711598458447,0.3420200449244236
229,2,697.1497,784.7673,674.4616,782.4148,647.0512,763.0837,29.273586818551845,675.2733219146485,782.1014856072564,0.753489470407203,0.15610613918499894,0.7694904214516082,-0.16424110835498595,-0.1706163347078018,0.23682287757477927,0.20428747490539997
230,2,698.6349,786.30206,675.12506,780.5362,647.1182,762.8425,18.50315111031141,675.7959727438448,781.8336313647428,0.5226508291963228,-0.26785424251363565,0.5872902046621903,-0.23083864121088027,-0.4239603816986346,0.48273065318678227,-0.4735910022244422
231,2,698.3171,787.55835,675.00854,778.85535,647.21326,762.3552,10.219850336513032,676.0456702372687,780.9671254884742,0.24969749342392333,-0.8665058762686613,0.9017656413006158,-0.27295333577239944,-0.5986516337550256,0.6579417163448762,-1.2902315008905345
232,2,680.0212,780.2504,673.8501,774.5902,654.31604,767.2284,21.877586477691917,676.0782310535399,779.6418879061316,0.03256081627114327,-1.3252375823425382,1.325637528289441,-0.21713667715278007,-0.4587317060738769,0.5075264670166478,-1.5462314736482095
233,2,657.0935,765.3501,673.8017,773.1106,677.6515,782.84155,43.50151565528624,675.9739546895732,778.0764913403308,-0.1042763639666191,-1.5653965658008246,1.5688658222751601,-0.13683718023776237,-0.24015898345828646,0.2764068581478024,-1.6373114443814951
234,2,684.4686,787.2194,673.4639,772.4526,652.48584,762.4402,27.79126371338708,675.8131406422832,776.4895085136874,-0.1608140472900459,-1.586982826643407,1.5951099178009343,-0.05653768332342679,-0.021586260842582305,0.06051839631669113,-1.671784803754592
235,2,649.75397,760.6519,673.14264,771.92694,687.62305,789.3555,24.54135581982344,675.6589188270113,775.073141845897,-0.1542218152718533,-1.4163666677903848,1.4247381885572463,0.00659223201819259,0.17061615885302217,0.17074346600892631,-1.6792545605160725
236,2,649.56665,760.23553,673.75,772.15454,685.4977,791.19086,32.0836048766848,675.5057408328056,773.9141125449755,-0.1531779942057483,-1.1590293009214747,1.1691075306845897,0.0010438210661050107,0.25733736686891007,0.25733948385244354,-1.7021954220917193
237,2,649.8709,760.29877,674.2721,773.0089,683.08453,791.7042,37.24793797049996,675.3308886671407,773.0727715160189,-0.1748521656649018,-0.8413410289566627,0.8593183384774017,-0.021674171459153513,0.317688271964812,0.31842676999968,-1.7757050098621368
238,2,650.36774,760.6524,673.872,773.14984,681.8488,790.8499,37.7405760564575,675.1116443374913,772.5614381062193,-0.21924432964942753,-0.5113334097995903,0.5563541426651756,-0.04439216398452572,0.33000761915707244,0.33298001880735784,-1.97585570027283
239,2,650.74255,761.2797,673.22107,773.0129,681.5187,789.78033,36.10755643664528,674.8252898513317,772.2003054311588,-0.28635448615955283,-0.36113267506050306,0.46088577840941936,-0.06711015651012531,0.15020073473908724,0.1645115005796712,-2.2412140435374237
240,2,648.83496,760.6045,672.217,772.5598,685.78723,790.8117,26.288416567307756,674.4622370755477,771.8146873658819,-0.36305277578401274,-0.3856180652768444,0.5296306357003276,-0.0766982896244599,-0.02448539021634133,0.08051187468544027,-2.3260631442810844
241,2,649.26666,760.913,672.3487,772.5928,685.5677,790.5675,26.828564412510712,674.0654173146659,771.4425070548988,-0.39681976088184,-0.37218031098313986,0.5440442137453788,-0.03376698509782727,0.013437754293704529,0.03634257177271393,-2.3882244264886157
242,2,649.59155,760.9888,672.92365,772.9178,685.033,790.46094,28.30483131865416,673.690891732624,771.1748399600857,-0.37452558204188335,-0.2676670948130777,0.46034235656681066,0.022294178839956658,0.10451321617006215,0.1068646001459703,-2.5210800995183638
243,2,648.5775,760.34735,672.67896,772.8624,685.7112,792.29205,28.707314374639264,673.3947214933594,771.1027615433193,-0.2961702392645975,-0.07207841676643056,0.30481487626033643,0.07835534277728584,0.19558867804664715,0.21070000171281666,-2.902865362060561
244,2,648.17065,760.74615,672.60754,773.1163,685.6982,792.6847,29.369913977477985,673.2065483210008,771.2903150279653,-0.18817317235857445,0.1875534846460596,0.26567922839087266,0.10799706690602306,0.25963190141249015,0.28119760079234146,2.3578437933202183
245,2,648.6832,761.77216,672.82825,773.8703,685.9075,792.2382,27.932816373977992,673.0503361804439,771.6934146833478,-0.15621214055693144,0.40309965538244796,0.43230957082492033,0.031961031801643,0.21554617073638838,0.2179028666010292,1.9405043932836343
246,2,649.8344,765.0367,672.46094,775.10455,684.25525,789.78046,27.225769097867836,672.8236295967748,772.24094254028,-0.22670658366905627,0.54752785693222,0.5926066395136695,-0.07049444311212483,0.14442820154977198,0.1607139443626164,1.9633599610250665
247,2,650.9453,767.44086,671.59265,776.0517,683.2185,789.3845,26.274209463120037,672.4819443812809,772.8617806295752,-0.34168521549395336,0.6208380892951482,0.7086527496643188,-0.11497863182489709,0.07331023236292822,0.13636156329931015,2.073916832595274
248,2,650.3676,766.5273,671.5391,776.5233,684.9426,790.5174,20.960736152109604,672.2126814900519,773.4848109820466,-0.2692628912290047,0.62303035247146,0.6787262516609436,0.07242232426494866,0.002192263176311826,0.07245549716737568,1.9787349555983955
249,2,651.6298,765.5495,673.0853,776.315,685.6363,791.6388,24.035126785050096,672.2057748922269,774.0493173647322,-0.0069065978249227555,0.5645063826856358,0.564548631374071,0.26235629340408195,-0.05852396978582419,0.2688045381466258,1.583030472330194
250,2,652.2185,765.4723,674.00696,775.80786,684.6244,791.44257,30.442012589795,672.429405464344,774.5361904895645,0.22363057211703108,0.48687312483230016,0.5357761402576259,0.23053716994195383,-0.07763325785333564,0.24325770172754613,1.1402189580050877
251,2,652.7231,766.13855,674.19696,775.55505,682.29816,790.51306,37.88228478095443,672.7963158097903,774.936722804701,0.36691034544628565,0.4005323151365019,0.5431844411101249,0.14327977332925457,-0.08634080969579827,0.16728367781767778,0.8291805661302459
252,2,652.4207,765.8604,674.1671,775.43774,680.92255,791.02655,42.80125366396158,673.2192485319525,775.2422067582991,0.4229327221622725,0.3054839535980136,0.5217207427172733,0.056022376715986866,-0.09504836153848828,0.11032994935220049,0.6255356076243122
253,2,653.594,765.9431,675.17584,775.4827,679.31464,790.40704,50.6539143814077,673.6239740758309,775.4448263053446,0.404725543878385,0.202619547045515,0.45261180575917836,-0.018207178283887515,-0.10286440655249862,0.10446333077429125,0.46415503422480636
254,2,653.2332,764.5263,675.40405,775.90967,680.24207,791.63873,45.72521367923562,673.988374252876,775.5403314281389,0.36440017704512684,0.09550512279429313,0.37670773486945125,-0.04032536683325816,-0.10711442425122186,0.11445363730745993,0.2563233879011541
255,2,652.23346,762.40027,675.43475,775.0096,683.5628,794.03723,38.34629864727611,674.303358716151,775.5253636158128,0.31498446327498186,-0.014967812326062813,0.3153398920378718,-0.049415713770144976,-0.11047293512035594,0.12102141199605658,-0.047483489380608424
256,2,651.82007,762.0762,674.48254,774.1584,684.7071,793.4813,34.05112258327922,674.5598371187194,775.4230873138956,0.2564784025684048,-0.10227630191718617,0.27611883839733964,-0.058506060706577045,-0.08730848959112336,0.1050986750348689,-0.3794469597380665
257,2,652.9079,762.9198,674.65845,774.8287,683.75726,792.48596,34.03629888525399,674.7487191136446,775.3627587935146,0.18888199492516833,-0.060328520381062845,0.1982824711826026,-0.06759640764323649,0.04194778153612333,0.07955432547682703,-0.3091567148674856
258,2,654.03845,764.3211,674.8299,775.4243,681.7633,791.2742,38.269897124972886,674.8636372403291,775.4654276883415,0.11491812668452894,0.10266889482693387,0.15410086893222066,-0.07396386824063939,0.1629974152079967,0.17899388584420067,0.7291617382083878
259,2,656.95435,768.0541,674.6678,776.4353,676.6973,786.884,53.686320152873066,674.9091155835331,775.7132252566362,0.0454783432039676,0.24779756829468624,0.25193633035617863,-0.06943978348056135,0.14512867346775238,0.16088572153033573,1.3892860709456278
260,2,672.07556,782.43005,674.44495,776.9937,659.6829,771.57074,93.37828675323506,674.8924011143556,776.0535531628046,-0.016714469177486535,0.3403279061684543,0.3407381064643187,-0.06219281238145413,0.09253033787376808,0.11148905479439869,1.6198697335382586
261,2,670.7405,780.77716,674.22375,777.1343,660.8259,772.69385,115.3802487401973,674.8207408038959,776.4338130712531,-0.07166031045971977,0.38025990844846547,0.38695322465179016,-0.05494584128223323,0.03993200228001115,0.06792356204074682,1.7570626943640135
262,2,659.97217,771.0471,674.0142,777.15186,673.1395,782.37427,76.01130445502884,674.7008458983375,776.8202937008102,-0.11989490555833981,0.38648062955712703,0.40465054726481775,-0.04823459509862005,0.006220721108661564,0.048634077923196704,1.8716047840197092
263,2,673.2737,785.11847,673.57434,778.3113,659.23193,769.1506,59.962021620272765,674.5372847442034,777.2548319879971,-0.16356115413418593,0.43453828718691057,0.46430138291097184,-0.04366624857584611,0.048057657629783535,0.06493288628691223,1.930795729518713
264,2,673.0088,785.32104,673.22845,779.2452,659.56757,769.14124,55.58298081085741,674.3340899630996,777.7981519237567,-0.2031947811037753,0.5433199357595413,0.5800729882192096,-0.039633626969589386,0.10878164857263073,0.11577681742449089,1.92867889586366
265,2,676.5386,788.2108,673.4641,780.21765,658.0703,767.2434,28.83648981858896,674.0952941766332,778.5109774990326,-0.23879578646642585,0.7128255752759287,0.7517604195497244,-0.03560100536265054,0.16950563951638742,0.1732039070306757,1.8940451450379303
266,2,681.0416,792.0326,673.6535,780.9638,656.27246,765.2313,14.12806962126528,673.8601861983269,779.4370892868526,-0.23510797830624597,0.9261117878199912,0.9554887780619877,0.003687808160179884,0.21328621254406244,0.2133180920372608,1.8194099339355292
267,2,681.88025,795.00995,673.54706,783.01373,656.6888,764.79553,7.9938700969276,673.8090796093672,780.5524941885822,-0.05110658895966935,1.115404901729562,1.1165751108803323,0.18400138934657662,0.18929311390957082,0.2639855947870115,1.6165831706631641
268,2,685.6194,795.05774,674.63934,784.5354,658.6363,765.015,6.8740650310394855,674.0789230431161,781.8162556876713,0.26984343374886066,1.263761499089128,1.2922494361838104,0.32095002270853,0.14835659735956597,0.35357968982495913,1.3604313625631537
269,2,686.2371,793.3194,675.98737,785.8636,659.9219,766.8855,13.718508768682623,674.4921805739739,783.1874372675699,0.41325753085777706,1.3711815798985754,1.4321035967638025,0.1434140971089164,0.10742008080944743,0.17918336142252136,1.278066720485481
270,2,687.03534,792.5712,676.2611,788.0184,661.08704,768.7286,28.902674327945217,674.8404380303452,784.6102401100586,0.34825745637135697,1.4228028424887498,1.4648041454448146,-0.06500007448642009,0.05162126259017441,0.0830046049002337,1.3307473647192798
271,2,686.4341,792.90344,675.9217,787.63165,660.6352,768.799,24.300669170681537,675.1062528156083,785.9694161902428,0.26581478526304636,1.3591760801841701,1.3849249499555003,-0.0824426711083106,-0.06362676230457964,0.10414009266769714,1.3776634787655082
272,2,685.1117,791.69946,675.6847,787.6727,660.2262,769.37067,26.684815699777445,675.319925226886,787.1348551815582,0.21367241127768466,1.1654389913154546,1.1848645246692147,-0.0521423739853617,-0.19373708886871555,0.20063122082107238,1.3894694163186527
273,2,685.6498,792.3316,675.70026,788.1141,660.28345,769.2179,27.818323208886685,675.5117555613002,788.027811892298,0.19183033441424868,0.8929567107397816,0.9133293844263921,-0.021842076863435977,-0.27248228057567303,0.2733563051210417,1.3591864677325942
274,2,685.5334,792.4929,675.87524,788.58844,661.0333,768.56305,31.443896530821466,675.7120441159738,788.7750016701881,0.20028855467353424,0.7471897778900711,0.7735683998953338,0.008458220259285554,-0.14576693284971043,0.14601212347735573,1.3088974741707347
275,2,686.276,793.0106,675.9327,789.3068,661.6659,767.78,36.76404042593192,675.9442579878594,789.520832330955,0.23221387188561948,0.7458306607669556,0.7811444532454829,0.03192531721208525,-0.0013591171231155386,0.03195423412392499,1.2689601044555636
276,2,684.7267,791.49786,676.77026,789.88306,662.7494,767.82996,46.07997790971455,676.2045314732319,790.2750210229019,0.2602734853725224,0.7541886919468652,0.7978363680909039,0.02805961348690289,0.00835803117990963,0.029277954065110565,1.2384898990039699
277,2,686.79395,792.49,677.0316,790.22974,662.958,767.96704,44.66462545429258,676.4821656681964,791.0136122274749,0.27763419496454844,0.7385912045730265,0.7890486130057179,0.01736070959202607,-0.015597487373838703,0.023338291495217118,1.2112395049320477
278,2,685.5883,791.1853,677.2455,791.30164,663.791,769.24677,59.41380943718059,676.7664616688581,791.712650426121,0.2842960006616977,0.6990381986460079,0.7546380716333437,0.006661805697149248,-0.0395530059270186,0.04011009764397662,1.1845309445113636
279,2,685.79474,791.1611,677.3072,792.2323,664.57196,770.45276,66.87710152116891,677.05838136746,792.3721193791517,0.2919196986018733,0.659468953030796,0.7211909666956061,0.007623697940175589,-0.03956924561521191,0.04029697220437293,1.1540641367330555
280,2,684.8873,791.5949,678.1125,792.8739,665.7033,771.2932,70.79132175497496,677.4055298407955,793.0877599623421,0.3471484733354373,0.7156405831904067,0.7953951891030208,0.05522877473356402,0.056171630159610686,0.0787748030359889,1.1191495366056405
281,2,687.39355,792.6855,678.47144,793.75665,666.52386,772.4822,67.52780984486981,677.8671729617956,793.9792523303319,0.46164312100017924,0.8914923679897129,1.003928788983906,0.11449464766474193,0.1758517847993062,0.20984011666260313,1.0929852350198743
282,2,687.87756,794.8676,679.4698,797.158,668.2534,774.89215,78.50191555288266,678.5025766033914,795.1662766377609,0.635403641595758,1.1870243074290556,1.3463894288728575,0.17376052059557878,0.29553193943934275,0.34282917866836526,1.0793159651839417
283,2,680.15356,798.1445,679.2864,799.2752,669.7844,776.7993,119.59780685998707,678.7338023029495,796.8642368654158,0.23122569955808103,1.697960227654903,1.7136318912864612,-0.404177942037677,0.5109359202258474,0.6514716597111845,1.435450360781154
284,2,619.71686,798.4904,667.7141,804.7357,672.7274,776.9689,87.17905526784136,676.666193651658,799.2940784022575,-2.0676086512914935,2.42984153684165,3.190475737105114,-2.2988343508495745,0.7318813091867469,2.412527641993536,2.2758261396098027
285,2,614.0166,798.79346,667.03735,805.0208,673.37476,776.3849,84.21980940796333,674.3217632547446,801.4840460656875,-2.344430396913367,2.189967663430025,3.2081633768934728,-0.27682174562187356,-0.23987387341162503,0.3662918972549592,2.390245984293189
286,2,630.4978,798.8195,670.728,804.242,673.01624,775.9482,93.05280307331502,673.4565261746304,802.9689955284491,-0.8652370801141842,1.4849494627616195,1.7186361196485258,1.4791933167991829,-0.7050182006684054,1.6386163467197206,2.0983765026987515
287,2,672.7262,797.6226,680.205,800.17535,672.96545,777.165,126.31093777312589,674.5794532237132,803.6334731818199,1.1229270490828185,0.6644776533707955,1.304797190904014,1.9881641291970027,-0.8204718093908241,2.150806963590812,0.5343217229987838
288,2,665.835,797.91077,679.3383,801.85187,675.36237,779.0926,116.17986511642152,675.5479144126836,803.8768235394627,0.9684611889703092,0.2433503576428393,0.998567209108472,-0.1544658601125093,-0.42112729572795615,0.44856203712244613,0.24617856721056505
290,2,654.7755,803.33734,674.44666,803.7506,676.5582,780.3985,86.03672852516156,675.2738926205785,804.9085467673309,-0.27402179210503164,1.0317232278681558,1.0674927453950869,-1.2424829810753408,0.7883728702253165,1.4714943903288145,1.8303990752421133
291,2,604.4105,803.71515,654.4331,807.82904,678.6518,781.2271,52.38640029635043,670.5232870160845,806.1883535274949,-4.750605604494012,1.2798067601639787,4.919975503273501,-4.476583812388981,0.2480835322958228,4.48345269500409,2.8784413895243093
293,2,568.62366,800.10223,631.4383,808.82935,681.108,782.7496,35.61208989746491,652.5884552307009,808.6597941486267,-17.934831785383608,2.471440621131819,18.104314676722414,-13.184226180889596,1.1916338609678405,13.237968546852638,3.0046539314548997
294,2,597.7222,804.5211,651.20135,808.10443,679.4192,781.85767,46.76068468503142,650.293721183255,809.385183523148,-2.2947340474458997,0.7253893745213418,2.4066562058540693,15.640097737937708,-1.7460512466104774,15.737259996836624,2.8354219539358154
295,2,604.80585,804.0342,652.6501,807.754,679.0055,781.8838,48.913501452661386,648.8112159287738,809.8854310959218,-1.4825052544812252,0.5002475727737874,1.5646307754964135,0.8122287929646745,-0.22514180174755438,0.8428549359260983,2.816156114232589
296,2,582.52155,803.04254,643.25665,808.0341,679.8281,782.7725,39.33296684497169,645.7777312712321,810.2758851981991,-3.033484657541635,0.39045410227731736,3.058510025081768,-1.5509794030604098,-0.10979347049647004,1.554860673784402,3.0135817847777253
297,2,603.33276,803.2108,653.1125,808.4064,679.1275,781.95935,51.430244727483625,645.3975246365262,810.6268435973425,-0.3802066347059281,0.3509583991433374,0.5174252438794045,2.653278022835707,-0.03949570313397999,2.653571965677397,2.3961754088199356
298,2,592.6021,803.81573,647.555,808.84015,679.0521,782.02985,45.628471563710576,644.2556459598824,810.8284018051608,-1.1418786766438416,0.20155820781826606,1.159531208425544,-0.7616720419379135,-0.14940019132507132,0.7761860064687063,2.9668778148494606
299,2,578.04395,803.0719,641.9381,808.17816,679.1377,782.9971,38.66402124850049,642.0236427987966,810.7849250497994,-2.2320031610857995,-0.04347675536132556,2.232426558557694,-1.090124484441958,-0.24503496317959161,1.1173242701920818,-3.122116311143442
300,2,560.6364,795.2507,625.3101,807.0757,680.24884,784.20404,32.96412409058753,636.7095704507137,810.6380596803042,-5.314072348082846,-0.14686536949523088,5.316101424673508,-3.082069186997046,-0.10338861413390532,3.083802795084206,-3.113962620591027
302,2,578.38904,799.0147,635.25507,808.6296,681.3482,782.25287,39.37703130390514,634.4047574201028,810.5318253779574,-2.3048130306109442,-0.10623430234682019,2.3072600271900696,3.0092593174719013,0.04063106714841069,3.0095336056287976,-3.095532880039836
303,2,585.01685,801.348,644.98413,809.2369,678.8276,784.27075,43.910374499753374,634.8729014139984,810.5533588763482,0.4681439938956373,0.021533498390795103,0.46863897679717686,2.7729570245065815,0.1277678007376153,2.7758990022451684,0.0459651970642876
304,2,586.94696,799.80884,644.91376,808.3377,678.7768,784.58795,43.41389640468112,635.4706919329236,810.5864107421062,0.5977905189251942,0.033051865758011445,0.5987035412847819,0.12964652502955687,0.011518367367216342,0.13015719050073904,0.05523380953737483
305,2,584.2041,797.6734,635.6159,809.965,681.1282,784.7951,42.39014712406321,634.1290249474995,810.6022944259761,-1.3416669854241263,0.015883683869901688,1.3417610037522858,-1.9394575043493205,-0.017168181888109757,1.9395334896944258,3.1297544388628284
0,3,671.3767,698.01434,692.52155,681.40076,707.44995,662.7975,13.097440999958106,692.4554094438291,681.396845700974,,,,,,,
1,3,708.5097,666.104,691.20483,682.26013,672.3078,698.57733,2.2238718246396587,691.5329604653626,682.1699597636954,-0.9224489784664911,0.7731140627213335,1.2035852574086137,,,,2.444041752794761
2,3,714.1343,660.0461,690.40924,682.5475,668.41876,705.0572,2.184715524250357,690.3969380494303,682.5822821388856,-1.1360224159323025,0.41232237519022874,1.2085349273327506,-0.21357343746581137,-0.3607916875311048,0.41926632941664327,2.793425623977034
3,3,711.92267,659.66864,689.1961,682.8715,667.4499,705.39166,0.4073441889832797,689.1866224052471,682.8890171728599,-1.210315644183197,0.3067350339742916,1.2485793285257438,-0.07429322825089457,-0.10558734121593716,0.12910526863374036,2.893384689444901
4,3,710.7246,659.1468,688.27435,682.9828,667.39233,706.0322,1.1095933061144505,688.0412937420275,683.3453692119328,-1.1453286632196296,0.45635203907295363,1.2328969666434038,0.06498698096356748,0.14961700509866205,0.1631212920174805,2.762426336760536
5,3,709.52313,658.87756,686.4471,685.0794,663.28503,709.3257,2.319506046042891,687.0692084799343,684.1005202322697,-0.9720852620931737,0.7551510203368252,1.2309357498645095,0.17324340112645586,0.2987989812638716,0.34538979029234435,2.4811364283573982
6,3,709.46295,658.5048,686.4405,684.81415,663.23224,709.6927,1.8225233153565208,686.2545278829211,684.8795627294363,-0.8146805970131936,0.7790424971666425,1.1272141267485127,0.15740466507998008,0.023891476829817293,0.1592075100428695,2.3785523022983854
7,3,708.47144,659.6299,686.4427,684.98145,663.69507,709.7228,1.607421174204724,685.5503894258893,685.422380060483,-0.7041384570318314,0.5428173310466491,0.8890790862211166,0.1105421399813622,-0.23622516611999345,0.2608100723133169,2.4848518513987994
8,3,705.5742,660.6515,685.70044,685.9906,663.1242,711.14996,3.794985849378988,684.9199923465546,685.8851654628248,-0.6303970793346707,0.46278540234186494,0.7820299266999985,0.07374137769716071,-0.08003192870478415,0.10882509084252108,2.5083342036920944
9,3,704.87177,663.3569,684.76855,686.4877,662.7983,711.28125,0.5507191842390691,684.3667829338881,686.277153220833,-0.553209412666547,0.39198775800821295,0.6780081538530132,0.07718766666812371,-0.07079764433365199,0.1047389246119305,2.525137940475955
10,3,705.70703,662.3234,684.90564,685.7364,662.3602,711.6436,0.5891710591886776,683.9042692396741,686.5406345727079,-0.4625136942139534,0.263481351874816,0.5322981684368443,0.09069571845259361,-0.12850640613339692,0.1572883014179811,2.623771316747928
11,3,705.2717,663.3964,684.25104,685.4867,662.4293,712.27155,4.408822255740321,683.5459593156979,686.61790075665,-0.35830992397620776,0.07726618394212892,0.3665461291581384,0.10420377023774563,-0.1862151679326871,0.21338817797610002,2.929204232447305
12,3,704.9948,662.9941,684.1492,685.01434,663.39166,711.9569,5.818440758571957,683.2905791647283,686.4972433736231,-0.2553801509695859,-0.12065738302692353,0.2824486246880204,0.10292977300662187,-0.19792356696905244,0.22308804659359877,-2.700217241676095
13,3,705.1489,662.44336,684.1957,684.9784,664.4233,711.63794,6.353941474770016,683.0777265934702,686.3509554756419,-0.2128525712581677,-0.14628789798121034,0.2582757560960269,0.042527579711418184,-0.02563051495428681,0.049653986072952364,-2.539459234809899
14,3,705.287,661.8402,684.0056,685.61365,663.37726,712.7582,4.601215497650343,682.8322173596125,686.3973304774837,-0.24550923385766055,0.04637500184185228,0.24985080489205405,-0.03265666259949285,0.19266289982306262,0.1954109786587452,2.9548992505264935
15,3,704.9555,662.18304,683.16254,687.61725,662.27313,715.7035,3.95076679611719,682.4952963056935,686.8037490724951,-0.3369210539190135,0.4064185950113597,0.5279127493676454,-0.09141182006135296,0.3600435931695074,0.37146670083513395,2.262971826136054
16,3,704.4568,664.5509,682.3768,689.2478,661.7816,717.7157,5.914103670068716,682.0739246136474,687.5339410682982,-0.42137169204613656,0.7301919958031249,0.8430506826951597,-0.08445063812712306,0.3237734007917652,0.33460592544117224,2.094184666462206
17,3,703.8283,666.583,681.83154,690.48016,661.15027,718.56067,6.257176443832729,681.591492550258,688.5007235510842,-0.48243206338941036,0.9667824827860159,1.0804670586408718,-0.0610603713432738,0.23659048698289098,0.24434284822638047,2.0336499134599784
18,3,703.3876,667.4018,681.27966,691.61505,660.04553,720.4039,5.985759829095029,681.0713903823082,689.616913607044,-0.5201021679497444,1.1161900559598052,1.2314164633175801,-0.03767010456033404,0.1494075731737894,0.15408328818943257,2.006844693322399
19,3,702.08496,668.56445,680.50525,692.5604,659.83594,720.8744,5.835596048738328,680.5370083765818,690.795328322369,-0.5343820057264566,1.1784147153249478,1.2939186100132452,-0.014279837776712156,0.06222465936514254,0.0638421647505568,1.9965365811275833
20,3,700.4792,670.15906,679.87384,693.68915,660.239,720.6024,5.095776146634375,680.0117367998621,691.9487847832498,-0.5252715767196605,1.153456460880875,1.2674273298526395,0.00911042900679604,-0.024958254444072736,0.02656904931650636,1.9981228386544914
21,3,699.3231,671.6928,679.45386,694.805,660.08124,721.50104,4.717875954186268,679.5189659189325,692.9901000758778,-0.49277088092958365,1.041315292627928,1.1520246003245354,0.03250069579007686,-0.11214116825294695,0.11675588569307706,2.0127910731950474
22,3,698.6278,672.5437,679.1171,695.1278,660.2449,721.22284,4.94925985734951,679.0771851643099,693.851981346283,-0.4417807546226413,0.8618812704052061,0.9685089361643714,0.05099012630694233,-0.17943402222272198,0.18653836418233707,2.044455056145112
23,3,698.4923,672.2371,678.87726,694.50726,660.31024,721.05426,6.403890775344677,678.6852806214441,694.5466959798514,-0.3919045428657455,0.6947146335684238,0.7976324923252051,0.04987621175689583,-0.16716663683678235,0.17444861985851132,2.0844178774025184
24,3,698.2498,671.9555,678.5061,693.94415,660.7546,720.6616,8.320105931744646,678.337237539519,695.1064014218084,-0.34804308192508415,0.5597054419570213,0.6590934445374308,0.043861460940661345,-0.13500919161140246,0.14195530837349318,2.1271147075091035
25,3,698.1518,671.9993,678.8856,694.1408,661.0489,720.54517,6.987916820488862,678.027041167718,695.5632551173787,-0.31019637180099835,0.45685369557031663,0.5522110902859148,0.0378467101240858,-0.10285174638670469,0.10959404729277772,2.167277941478025
26,3,697.6965,672.4752,678.76117,695.2225,661.06366,721.0786,5.384632369741444,677.7486767552244,695.9494145117876,-0.2783644124936018,0.38615939440887814,0.47603132673505805,0.03183195930739657,-0.07069430116143849,0.07753036727664789,2.195381361920735
27,3,698.09937,672.6952,678.4758,695.5405,660.0108,722.55084,6.304095669202718,677.4961295512219,696.29703705026,-0.25254720400255337,0.3476225384723648,0.4296760634518498,0.025817208491048405,-0.03853685593651335,0.04638553136207287,2.1990859483888783
28,3,697.4771,672.88696,677.88855,695.9472,658.9576,722.9492,5.312162259131634,677.263384804894,696.6382801780212,-0.23274474632785314,0.34124312776123134,0.41305809420405354,0.019802457674700236,-0.00637941071113346,0.020804668009358346,2.16937319632648
29,3,696.4622,673.15027,677.0817,696.37225,657.2606,722.7536,2.9288403921315136,677.0420823215889,697.0044907360074,-0.22130248330518043,0.36621055798616453,0.42788428563991177,0.011442263022672705,0.024967430224933196,0.027464485342291248,2.11437448115245
30,3,692.2619,676.9987,676.78296,697.13605,659.5912,717.4119,2.746162938951088,676.8144801313131,697.4237731480009,-0.22760219027577477,0.41928241199354943,0.47707493963261005,-0.006299706970594343,0.0530718540073849,0.053444438398176954,2.0681238232215615
31,3,664.6178,708.4827,677.3509,698.0646,685.0967,685.17114,19.714610594169017,676.560490820238,697.9234212334947,-0.25398931107508815,0.49964808549373174,0.5604986882035937,-0.02638712079931338,0.08036567350018231,0.08458676977645772,2.041090796460869
32,3,652.0606,722.33453,676.74396,698.254,695.75085,673.8775,7.763971609993219,676.2600269745346,698.5307288119818,-0.30046384570334794,0.6073075784871662,0.6775699354773579,-0.04647453462825979,0.10765949299343447,0.11726230767180341,2.0302330336840573
33,3,651.1136,723.56964,676.02344,699.2177,694.4824,674.2971,9.12104445687428,675.9050818002246,699.2458438027611,-0.35494517431004624,0.7151149907792842,0.798358019188913,-0.0544813286066983,0.10780741229211799,0.1207917766732229,2.031517260939786
34,3,659.23663,717.3486,675.07996,700.8286,688.7402,681.47736,8.583663992161723,675.5359709827277,699.9603305243519,-0.3691108174969031,0.714486721590788,0.8041977809735514,-0.014165643186856869,-0.0006282691884962333,0.014179568719483613,2.0476432810761227
35,3,669.582,700.61676,673.99713,701.73236,677.7931,701.2033,22.11475471632247,675.2050908273137,700.5386073950782,-0.3308801554139791,0.5782768707263131,0.6662475639458624,0.03823066208292403,-0.1362098508644749,0.14147334376419193,2.0905109280809144
39,3,655.7407,723.90643,673.85425,703.47174,688.5137,681.7917,7.488704142343622,674.1799782539574,701.91766369978,-1.0251125733562958,1.3790563047017486,1.7183282805071938,-0.6942324179423167,0.8007794339754355,1.059814300715014,2.2100236617260713
40,3,671.5244,704.4936,673.23,704.4032,674.72546,701.9315,55.790297059392856,673.7474255918585,702.7736741035682,-0.43255266209894216,0.8560104037882184,0.9590910368064912,0.5925599112573536,-0.5230459009135302,0.7903823523407955,2.0386848098035735
41,3,654.39307,725.4519,672.45685,705.24805,687.2493,682.87555,8.326853000308876,673.1369386056847,704.0816836301007,-0.6104869861737825,1.3080095265324871,1.4434622550615204,-0.17793432407484033,0.4519991227442688,0.4857610839142622,2.0074753042238567
42,3,659.7485,714.72656,669.7228,709.0411,672.80096,700.4838,40.531777752799854,672.2948050371508,705.6503253471167,-0.8421335685338818,1.5686417170160212,1.780400455968988,-0.23164658236009927,0.26063219048353403,0.348696541186401,2.063491632425239
43,3,658.97626,714.4985,669.2397,709.6395,672.5767,702.1107,40.761400702178925,671.199958412419,707.2536668863171,-1.0948466247317583,1.6033415392004144,1.941492524583105,-0.25271305619787654,0.03469982218439327,0.25508423399438,2.1699213193809492
44,3,686.0251,684.58466,668.0863,710.70465,647.0831,735.0423,6.313263926459339,669.961915395446,708.8076183380197,-1.2380430169730516,1.5539514517025736,1.9868355810494918,-0.14319639224129332,-0.049390087497840796,0.15147470909021973,2.2435257276262166
45,3,681.67523,687.6108,667.1947,711.54443,649.1823,733.59595,8.067961743937209,668.722838434636,710.2635504071951,-1.2390769608100527,1.4559320691754465,1.9118184811492367,-0.0010339438370010612,-0.09801938252712716,0.09802483558189401,2.2759020337676388
46,3,681.734,689.18414,666.30536,712.6977,647.8803,735.1146,6.146406803218426,667.60344106435,711.5827966158683,-1.119397370285924,1.3192462086732348,1.730162140292564,0.1196795905241288,-0.13668586050221165,0.1816761647802298,2.2744263943641827
47,3,684.05304,689.54486,666.0597,712.849,647.15686,736.9374,0.4498047828810081,666.6386411627773,712.7665417542852,-0.9647999015727464,1.183745138416839,1.5271186603536355,0.15459746871317748,-0.1355010702563959,0.20557460293808336,2.2546410913715436
48,3,683.6496,690.03424,665.7107,713.52075,646.60425,736.9576,1.8156379600608792,665.8419076940631,713.8259334297455,-0.7967334687141374,1.059391675460347,1.3255545791116796,0.168066432858609,-0.12435346295649197,0.20906962860035158,2.2156189731790175
49,3,682.9974,690.4641,665.3604,714.2466,646.14276,737.664,2.8137600688790347,665.2267096223533,714.7721192495491,-0.6151980717098695,0.9461858198035316,1.1285992526281519,0.1815353970042679,-0.1132058556568154,0.21394080050445938,2.147303256399877
50,3,676.63324,695.0991,665.7249,715.1583,651.63007,733.2812,9.335972856980202,664.7881522750226,715.6162468209961,-0.43855734733062945,0.8441275714470748,0.9512538587437188,0.17664072437924005,-0.10205824835645672,0.20400448908494845,2.04995281519952
51,3,666.51825,706.9427,666.2381,715.5245,661.70135,721.8396,33.82347405644843,664.4478864323635,716.3694637513865,-0.34026584265916426,0.7532169303904084,0.8265086738246009,0.09829150467146519,-0.09091064105666646,0.13388788051169798,1.9951047049633415
52,3,683.55023,690.66406,665.5753,715.0019,647.8368,740.2113,1.3161122612289589,664.1091992378975,717.0429176480204,-0.3386871944659333,0.6734538966338732,0.7538230339983998,0.001578648193230947,-0.07976303375653515,0.07977865431407175,2.0367698119741195
53,3,682.6837,691.69073,664.45935,716.05975,646.9264,742.6074,3.348897209124537,663.6853676977952,717.6680049332394,-0.4238315401023556,0.6250872852190241,0.755226647125235,-0.08514434563642226,-0.0483666114148491,0.0979228711466813,2.1666286042052327
54,3,680.7431,692.78864,663.1205,717.82983,646.066,744.2717,2.314606733548969,663.129628268823,718.3571172895536,-0.5557394289721742,0.6891123563141264,0.8852808325831559,-0.13190788886981863,0.06402507109510225,0.14662503495251183,2.2494620337442726
55,3,678.5162,694.57715,661.9488,719.58466,646.0272,744.3527,0.7908052010618044,662.4052072703961,719.2428952145149,-0.7244209984269219,0.8857779249613031,1.1442850673283342,-0.16868156945474766,0.19666556864717677,0.2590961554424038,2.256318602248276
56,3,678.6454,695.8238,660.32153,721.4912,643.7441,746.5557,2.0426767896093594,661.5101108357047,720.4021309838405,-0.8950964346913679,1.159235769325619,1.4645904534309782,-0.17067543626444603,0.27345784436431586,0.32234965051700826,2.228319348034113
57,3,673.3964,704.1703,660.09515,722.90295,648.97296,738.4761,0.1570175124984741,660.5814643530375,721.6882239859125,-0.9286464826672045,1.2860930020719934,1.586322634191646,-0.033550047975836605,0.1268572327463744,0.13121876092712026,2.1961799437483576
58,3,677.61316,700.1971,659.33167,723.3303,643.1984,745.27783,1.9992927071206843,659.7911730244573,722.8987253872775,-0.7902913285802242,1.2105014013650361,1.4456396600591077,0.1383551540869803,-0.07559160070695725,0.1576586146072333,2.1491814253515003
59,3,677.4517,699.93567,659.8022,723.4439,643.5971,745.29834,0.340923193259377,659.2651152243087,723.8804926991809,-0.5260578001485783,0.9817673119033543,1.1138239824223124,0.26423352843164594,-0.22873408946168183,0.34948339192199407,2.0626933686596924
60,3,677.6569,699.51294,660.24805,723.92676,643.46643,746.55743,1.0669788684322363,658.945062016061,724.6776088116611,-0.3200532082477139,0.7971161124802393,0.8589692386140868,0.2060045919008644,-0.18465119942311503,0.2766477134057621,1.9526071183398517
61,3,677.7654,699.9023,660.01587,725.1607,642.67975,747.9394,2.17708748146527,658.7267576354644,725.3834629594544,-0.21830438059657808,0.7058541477932749,0.7388415801405779,0.1017488276511358,-0.09126196468696435,0.13668054041049613,1.8707421567131732
62,3,678.9385,699.53625,659.7183,725.2492,641.8845,750.8201,1.8846060342365,658.5059463182697,726.0914443772975,-0.22081131719471614,0.7079814178431434,0.7416166973662697,-0.0025069365981380543,0.002127270049868457,0.003287857808992254,1.8731240726232967
63,3,678.20654,700.4059,659.21893,726.17694,641.9542,752.3816,3.0036785920045403,658.1951811624177,726.8834883077828,-0.31076515585198194,0.7920439304853062,0.8508281670879962,-0.0899538386572658,0.0840625126421628,0.12311863839764955,1.9446978821909637
64,3,676.85474,701.6671,658.2437,727.4477,641.3388,752.52563,1.8418566806553132,657.7742507146114,727.7957140249283,-0.42093044780631317,0.9122257171454748,1.0046582508057151,-0.11016529195433122,0.12018178666016865,0.16303390259762945,2.0031166137562084
65,3,673.74915,704.83997,656.88257,729.60144,641.69464,751.35016,0.6667596324768701,657.2397523837444,728.8527868106082,-0.5344983308669953,1.0570727856799067,1.1845215658335149,-0.1135678830606821,0.14484706853443186,0.18406068924651772,2.038945785021876
66,3,664.4411,716.81415,656.1359,731.43774,651.50824,739.36115,0.6935156644019986,656.6011461997679,730.0558666197709,-0.6386061839765489,1.2030798091626593,1.3620642001858614,-0.10410785310955362,0.14600702348275263,0.17932232428053532,2.0587866669448043
67,3,667.3927,712.78687,655.0639,732.31964,646.5696,746.6061,1.5250826074352908,655.9193426768614,731.3120920996608,-0.6818035229064208,1.256225479889963,1.4293209926998114,-0.043197338929871876,0.053145670727303695,0.06848702364446282,2.0680483786924877
68,3,662.384,719.49084,655.22205,733.0215,652.06885,738.66437,1.3032625314843471,655.2681149502628,732.5050965705971,-0.6512277265986768,1.1930044709362164,1.3591751982598426,0.030575796307743985,-0.0632210089537466,0.0702265996114176,2.0704647180647306
69,3,666.70306,713.4503,654.6359,732.9592,645.88885,747.0736,0.052339156274413,654.721236155209,733.5185133528983,-0.5468787950537717,1.0134167823011921,1.151559807881973,0.1043489315449051,-0.17958768863502428,0.2077027621959653,2.0656497258094917
70,3,660.9512,720.9364,655.0534,733.713,653.2866,736.7469,5.436136548576635,654.3328337897483,734.2680446894647,-0.3884023654607063,0.749531336566406,0.8441881437158989,0.1584764295930654,-0.2638854457347861,0.30781537844495777,2.0488926783421073
71,3,662.07446,719.71967,655.3608,733.74817,652.13,738.7505,7.282059624715412,654.0784528031706,734.7976685135217,-0.25438098657764385,0.5296238240570119,0.5875466631179077,0.13402137888306243,-0.2199075125093941,0.2575287247197615,2.0185641835066517
72,3,665.82117,713.80457,654.53485,733.23175,648.3106,747.1683,6.088498829577764,653.9139925075775,735.1834316808768,-0.16446029559313047,0.3857631673550941,0.4193571391003308,0.08992069098451339,-0.14386065670191783,0.16965146393072889,1.9737883160396321
73,3,673.0212,707.3896,654.42865,733.34686,640.52905,759.7475,7.846778694674755,653.7963005738198,735.4993743421874,-0.11769193375766918,0.31594266131060067,0.3371515334499378,0.04676836183546129,-0.06982050604449341,0.08403679392433872,1.9273825679444576
74,3,673.7266,708.0224,655.6159,733.615,645.24194,761.33813,14.769525406015724,653.6860181077487,735.8115098275113,-0.11028246607111214,0.3121354853238927,0.3310449871559876,0.007409467686557036,-0.003807175986707989,0.008330354157651331,1.9104222207132215
75,3,673.1624,708.63525,654.6667,734.86755,644.2146,763.7589,15.29795699257315,653.5447345739655,736.1838447617571,-0.1412835337832803,0.37233493424582775,0.39823904903730395,-0.03100106771216815,0.06019944892193507,0.06771292232505627,1.9334650964370679
76,3,672.4172,709.57227,653.3783,736.8165,643.08356,767.31647,16.29544499283498,653.3340394370708,736.6803857698328,-0.21069513689462838,0.49654100807572377,0.5393935607809034,-0.06941160311134809,0.12420607382989601,0.14228534507364027,1.9720957419433691
77,3,671.3075,711.0318,652.92334,737.49084,643.4219,767.4955,17.220919088129786,653.0333879308906,737.3293768213073,-0.300651506180202,0.6489910514744679,0.7152487071378455,-0.0899563692855736,0.15245004339874413,0.1770117626241868,2.0046222798616373
78,3,671.26166,712.05237,652.5402,737.81757,642.68506,767.46234,17.613815995934107,652.6936983661482,738.0160112643889,-0.33968956474245715,0.6866344430816298,0.7660651792249403,-0.03903805856225517,0.0376433916071619,0.05423094087327097,2.0302084155430413
79,3,671.2583,711.9498,652.5004,737.8951,642.7439,767.547,17.653104750796885,652.3837548227915,738.5897197919473,-0.30994354335666685,0.5737085275584377,0.6520785801280062,0.0297460213857903,-0.11292591552319209,0.11677794391508617,2.0661197706027785
80,3,671.40436,711.92676,652.55475,737.9062,642.66705,767.6171,17.555861120723517,652.1531553825577,738.947691082009,-0.2305994402338456,0.3579712900616414,0.4258163293540523,0.07934410312282125,-0.2157372374967963,0.22986526998029516,2.1430722230690784
81,3,671.4844,711.9917,652.4606,738.1451,642.6512,767.9984,17.84209636039277,651.9747541343394,739.1781457532288,-0.17840124821827885,0.23045467121983165,0.29143843406949715,0.05219819201556675,-0.12751661884180976,0.13778657166263106,2.2295609288223015
82,3,671.809,712.019,652.64185,737.8869,642.3195,768.14856,17.702431097415054,651.8022191688185,739.4170624094199,-0.17253496552086744,0.23891665619112246,0.29470236329699484,0.005866282697411407,0.008461984971290804,0.010296526712455024,2.196237483315702
83,3,670.01855,713.9191,651.9053,739.5333,642.47473,767.95746,16.911569696279667,651.5892185766774,739.8004196543948,-0.21300059214115663,0.3833572449748317,0.4385567574752172,-0.040465626620289186,0.14444058878370925,0.1500018354086284,2.0779433569479053
84,3,665.9933,718.5911,651.06934,741.201,645.3606,763.53625,19.089894729018148,651.2894204485973,740.4085823006884,-0.2997981280800559,0.6081626462936356,0.6780418290542135,-0.08679753593889927,0.2248054013188039,0.24097983464840575,2.028793802792851
85,3,667.93884,715.83234,649.90515,741.3445,639.64655,770.58765,15.924174120906308,650.8564928752605,741.0994599957272,-0.43292757333676946,0.6908776950388074,0.8153148307601176,-0.13312944525671355,0.08271504874517177,0.1567329846690748,2.1305699150550304
86,3,667.3777,715.21027,648.6127,741.6792,639.43036,772.5487,18.76912849370093,650.244103947349,741.6753485956594,-0.6123889279115247,0.5758885999322274,0.8406354016816848,-0.1794613545747552,-0.11498909510657995,0.2131404930538449,2.3869018408292497
87,3,666.9714,714.84644,648.5884,741.0783,638.8049,771.5066,17.19834175213564,649.4800703470132,742.0351470980305,-0.7640336003357788,0.3597985023710635,0.844513057773835,-0.15164467242425417,-0.21609009756116393,0.2639906000952547,2.7014787057661063
88,3,666.46344,715.64905,648.815,742.4141,638.7067,771.5171,14.24663278739145,648.8888031222799,742.4641670659748,-0.5912672247333148,0.4290199679443276,0.7305169840180228,0.172766375602464,0.06922146557326414,0.18611779021609476,2.513895203432699
89,3,666.2533,716.69635,649.1587,744.6276,637.7668,773.20294,9.732316380319388,648.7324435518717,743.2328501884749,-0.15635957040819903,0.7686831225000788,0.7844246669213735,0.4349076543251158,0.33966315455575113,0.5518294359250315,1.7714707415660707
90,3,663.9212,719.8875,649.5896,745.1413,640.8293,768.9921,9.406923908163405,648.7274594714198,744.1657460923147,-0.004984080451890804,0.9328959038398352,0.9329092176943553,0.15137548995630823,0.16421278133975648,0.2233391513256264,1.5761388660980902
91,3,662.5605,722.6304,649.4517,745.6445,642.07886,767.4572,10.990103180314664,648.5372472001616,745.0581119910701,-0.1902122712582468,0.8923658987553154,0.9124130673103069,-0.185228190806356,-0.04053000508451987,0.1896105587290619,1.780808356181856
92,3,663.2317,721.25323,648.1265,747.5781,639.5697,774.6438,12.302735300401764,648.1585904348451,746.0339275076773,-0.37865676531646386,0.9758155166072129,1.0467076327090241,-0.18844449405821706,0.08344961785189753,0.20609504132920117,1.940951200364954
93,3,655.48444,729.7036,647.07825,749.7925,642.0967,767.6609,7.128849886025725,647.6716197165958,747.2993528674135,-0.4869707182492675,1.2654253597362413,1.3558915227612434,-0.10831395293280366,0.2896098431290284,0.3092018331723634,1.9381550940333132
94,3,657.82495,726.863,645.99567,751.31116,639.99976,774.35333,11.234330810769864,647.147699805643,748.9223200868549,-0.5239199109528272,1.6229672194414206,1.7054367969743807,-0.036949192703559675,0.3575418597051794,0.35944599633725643,1.8830516759490483
95,3,642.8373,758.97894,646.4462,752.6952,653.5537,740.5163,0.3971285176291778,646.6231323386322,750.4178483477777,-0.5245674670107974,1.4955282609228107,1.5848582922977468,-0.0006475560579701778,-0.12743895851860998,0.12744060372250363,1.9081456488254325
96,3,657.7706,726.70874,645.77924,751.65283,638.1964,772.9408,6.069020020670612,646.1254531713126,751.322331640176,-0.49767916731957484,0.904483292398254,1.032363588960542,0.026888299691222528,-0.5910449685245567,0.5916562646321588,2.0738206234981655
97,3,660.32806,723.6547,645.4537,750.23126,634.30194,775.9458,5.789736039054995,645.682198159433,751.8105760217129,-0.44325501187961436,0.48824438153690153,0.6594373220092631,0.05442415543996049,-0.41623891086135245,0.4197818714646904,2.307934193985367
98,3,659.32324,724.3514,645.5495,749.9392,636.07654,774.14777,6.922516084786558,645.3209031587429,752.1646230697426,-0.3612950006901201,0.35404704802965625,0.5058491768721064,0.08196001118949425,-0.13419733350724528,0.1572462010817331,2.366326293100716
99,3,660.6967,723.40576,645.50714,750.63184,634.43713,776.3983,5.907603842286523,645.0691040249909,752.4570443727117,-0.2517991337520016,0.29242130296916,0.3858925008191266,0.10949586693811852,-0.06162574506049623,0.12564663676673338,2.2816897954388184
100,3,660.1622,724.0352,645.7704,751.2949,636.01874,776.1299,6.393993334467769,644.9543366139264,752.7080440218408,-0.11476741106446298,0.2509996491290849,0.2759934464898816,0.1370317226875386,-0.04142165384007512,0.14315532274268217,1.9996557947363098
101,3,661.3068,723.24066,646.4821,751.51575,634.3302,777.0576,2.2247517357491007,644.9872343662494,752.9398379192318,0.032897752322924134,0.23179389739095768,0.23411679345059866,0.1476651633873871,-0.01920575173812722,0.14890890295093273,1.42981118503703
102,3,661.7693,723.33276,646.6452,751.78845,632.92645,777.4912,0.0989117169384299,645.1108210624653,753.182689210513,0.12358669621596619,0.24285129128122662,0.27248930466815885,0.09068894389304205,0.01105739389026894,0.0913605522316929,1.1000551600916508
103,3,661.28253,723.81537,646.5215,752.0514,633.75073,777.3835,0.8451096359656551,645.25121806803,753.4688728521958,0.14039700556463686,0.28618364168278276,0.318766993175793,0.01681030934867067,0.04333235040155614,0.046478802606362904,1.1147101626064098
104,3,660.77826,724.68036,646.278,753.28864,633.5958,778.58435,0.2517882961682785,645.3345467483996,753.8306638007905,0.08332868036961827,0.3617909485947166,0.371263194320696,-0.05706832519501859,0.07560730691193385,0.09472728539887414,1.3444214414046949
105,3,660.9088,724.9678,645.6293,754.4753,632.1068,780.3318,0.231546521695515,645.3128089889314,754.280810180605,-0.021737759468237527,0.4501463798145551,0.45067093698933886,-0.1050664398378558,0.08835543121983847,0.13727941945625124,1.6190492658687656
106,3,660.94116,724.9684,645.65546,754.3911,632.7532,779.77234,0.5070628397564944,645.2415287545856,754.753952787133,-0.0712802343457497,0.473142606527972,0.47848176341472864,-0.04954247487751218,0.022996226713416945,0.05461944031243634,1.7203245985300388
107,3,660.97986,724.9686,645.7057,754.58484,632.4403,780.4996,0.1735894035620013,645.2021105302236,755.1652055836654,-0.039418224361952525,0.41125279653238067,0.41313757886151303,0.03186200998379718,-0.06188980999559135,0.06960988623391069,1.666353544323616
108,3,661.51495,724.77716,645.839,754.8816,632.66205,781.5863,1.2436399817322663,645.2552820068363,755.4499640241288,0.053171476612646984,0.28475844046340626,0.289680125898068,0.09258970097459951,-0.1264943560689744,0.1567599274172779,1.3861973075551024
109,3,661.5683,724.807,646.0534,754.6155,633.01013,781.299,1.446315590744544,645.3790636999325,755.6247495249943,0.12378169309624809,0.1747855008654824,0.21417721367729878,0.07061021648360111,-0.10997293959792387,0.13068990058787872,0.9545935102353011
110,3,661.5758,724.7942,646.30365,754.7635,633.4085,781.0968,0.912359535904668,645.5307993311509,755.7263649933691,0.15173563121834377,0.10161546837480273,0.182618195134712,0.02795393812209568,-0.07317003249067966,0.07832800464215255,0.5900910933409228
111,3,661.90485,724.6843,646.2927,754.4819,633.82263,781.25476,2.677080064521584,645.6678326221295,755.7916133363598,0.13703329097859296,0.06524834299068516,0.15177440199010445,-0.01470234023975081,-0.03636712538411757,0.0392266059866199,0.4443858668713409
112,3,661.406,724.79456,646.0673,754.85895,634.9081,781.7579,4.498843867896121,645.7475072945074,755.8572974610738,0.07967467237790515,0.06568412471403917,0.10325917711262265,-0.057358618600687805,0.0004357817233540118,0.05736027400117243,0.6894453566244433
113,3,661.2566,724.8264,645.56885,755.1921,633.89734,781.86255,3.687058266857933,645.7271670699229,755.9602202746185,-0.020340224584515454,0.10292281354463739,0.10491344186562902,-0.10001489696242061,0.03723868883059822,0.10672253539073054,1.7659081616317098
114,3,661.2504,724.7592,645.3449,755.85913,632.73724,782.7788,1.990954700487083,645.5879436477915,756.1162174244464,-0.13922342213140837,0.15599714982795376,0.20908914850949434,-0.11888319754689292,0.05307433628331637,0.1301925490605669,2.299437901082302
115,3,661.52606,724.8503,645.1724,755.3228,632.485,782.1031,2.8713308887432785,645.4061206386389,756.2572555193967,-0.18182300915259475,0.14103809495031783,0.2301116052799585,-0.04259958702118638,-0.014959054877635936,0.04514973020083015,2.481852317297913
116,3,660.4779,725.16797,645.02795,756.0561,633.15564,781.4767,1.5395141330534283,645.2817696307677,756.2943339086537,-0.12435100787115516,0.03707838925697615,0.12976124270545478,0.05747200128143959,-0.10395970569334168,0.11878826263204631,2.85181080790958
117,3,660.81726,725.277,645.2901,754.86035,633.5744,779.95374,2.666089879103008,645.3149622124807,756.1384519414025,0.03319258171302408,-0.15588196725116177,0.15937670844533103,0.15754358958417924,-0.19296035650813792,0.24910576429062414,-1.3609956547058908
118,3,660.9489,725.1196,646.3229,753.3924,635.57513,777.10205,2.968276477107588,645.568025833548,755.7909087631564,0.2530636210672128,-0.34754317824615555,0.4299156394609167,0.21987103935418872,-0.19166121099499378,0.29168012230311263,-0.9414263910214259
119,3,661.56305,725.3805,647.3778,754.6522,637.7984,778.9086,4.30484249263855,645.9523113896084,755.6142027047433,0.3842855560604903,-0.17670605841306042,0.42296621576267784,0.1312219349932775,0.17083711983309513,0.21541707856214012,-0.4309984882836164
120,3,661.4513,725.71625,647.6692,757.25964,638.784,783.0341,4.5811632577514585,646.3414256377691,755.886929286124,0.38911424816069484,0.27272658138065253,0.4751733223921988,0.004828692100204535,0.44943263979371295,0.44945857871370515,0.6113235401982389
121,3,660.9036,725.8577,647.5565,757.7042,637.8254,781.8315,0.7727842122111043,646.6130396378765,756.3025638064607,0.27161400010731995,0.4156345203367664,0.4965140678267566,-0.11750024805337489,0.14290793895611387,0.18501077619773665,0.991969908752066
122,3,660.0004,728.4848,646.7877,756.5953,639.123,777.18317,4.754851329958731,646.6610816607367,756.8271397896699,0.04804202286027248,0.5245759832091608,0.5267712958394417,-0.22357197724704747,0.10894146287239437,0.24870197293735244,1.4794685098405318
123,3,659.34186,729.124,644.57196,759.544,634.1303,777.2737,4.597254640213527,646.3835442798947,757.5383809676538,-0.2775373808419772,0.7112411779838794,0.7634729929896154,-0.3255794037022497,0.18666519477471866,0.3752943418909965,1.9428394964663593
124,3,658.8935,731.08777,642.74316,761.6478,632.82526,778.51013,2.60729433021769,645.6784200688966,758.5140110723152,-0.7051242109981786,0.9756301046613771,1.2037666941967506,-0.42758683015620136,0.2643889266774977,0.5027245785444625,2.1966197556790323
125,3,659.00476,733.81036,640.86646,764.18665,622.4409,780.96484,16.83688443798508,644.5573698143121,759.8241580165935,-1.1210502545844747,1.3101469442783582,1.7243081768946742,-0.41592604358629615,0.3345168396169811,0.5337564891602561,2.2785715201442365
126,3,657.52606,743.90576,640.9208,764.65735,627.2291,770.1649,29.42061525172188,643.4867271548077,761.5085664375755,-1.070642659504415,1.6844084209819812,1.995872599397491,0.050407595080059764,0.374261476703623,0.3776408063042602,2.1369956401692782
127,3,649.3785,770.89105,640.1529,768.0744,641.2275,752.0877,76.86761219529585,642.5605030140163,763.5993851533838,-0.9262241407914189,2.0908187158082683,2.2867912150782232,0.14441851871299605,0.4064102948262871,0.43130735709937246,1.987810405859997
128,3,659.67346,769.2267,634.7608,773.8471,614.9975,769.7008,22.355664517640992,640.5578011840724,766.3796152501468,-2.002701829943817,2.7802300967630345,3.4264404285799723,-1.076477689152398,0.6894113809547662,1.2783161844523618,2.1950411043963376
129,3,658.41956,776.7882,632.56116,782.25055,602.9588,784.00366,8.538630985519903,638.2879608519837,770.6018687194396,-2.2698403320887337,4.222253469292809,4.793704151502453,-0.26713850214491686,1.4420233725297749,1.4665586883075548,2.0640616404337866
130,3,642.4081,785.15643,634.5149,784.9431,613.13324,777.11,18.57216670920441,636.8806528550706,775.2366824145207,-1.4073079969131186,4.634813695081107,4.843760294057397,0.8625323351756151,0.41256022578829743,0.9561213150672829,1.8655878662904672
131,3,608.68646,789.8963,636.94354,786.7023,648.5632,765.86523,54.40503914404019,636.2306483089737,778.9372137675018,-0.6500045460968522,3.700531352981102,3.757184877583577,0.7573034508162664,-0.9342823421000048,1.2026603890450935,1.7446742377718967
133,3,652.53235,780.75323,638.8991,780.2461,629.1562,773.7928,31.38849510745269,636.0522335974572,781.0873185275184,-0.17841471151655242,2.150104760016575,2.1574944468831125,0.4715898345802998,-1.5504265929645271,1.6205615052354743,1.6535861985313915
134,3,660.2191,782.5013,639.486,781.1173,626.63464,772.4978,30.03108502868245,636.3909773225798,782.4553481095306,0.33874372512264017,1.368029582012241,1.4093446166820056,0.5171584366391926,-0.7820751780043338,0.9376003587017254,1.3280642596875298
135,3,654.528,785.025,640.8307,780.21295,637.8395,765.93207,58.81297106399885,636.9685826359303,783.6953589555344,0.577605313350432,1.24001084600377,1.3679381551143444,0.2388615882277918,-0.12801873600847102,0.27100489866404587,1.1348756076745015
136,3,618.873,788.1251,642.73016,781.17206,653.0256,761.0614,46.641844152125394,637.7372007191605,784.5076488910371,0.7686180832301943,0.8122899355026902,1.1182972311453796,0.19101276987976235,-0.42772091050107974,0.4684346865220505,0.8130156768493233
137,3,619.84045,788.61523,642.7743,781.6222,653.29346,759.22845,47.88118687410452,638.59690487761,785.2072914278464,0.8597041584495173,0.6996425368092787,1.1084182059891996,0.09108607521932299,-0.11264739869341156,0.14486583286355892,0.6831098167507217
138,3,614.9933,789.01227,642.5245,781.89526,656.9887,754.037,48.06724994011523,639.4347489475401,785.9360495984733,0.8378440699301564,0.7287581706269748,1.110437371837198,-0.021860088519360943,0.029115633817696107,0.03640856496321251,0.7158782165888746
139,3,615.10095,788.2852,642.4404,781.74347,656.9957,753.9027,48.94255231020433,640.1377867652122,785.7989467595447,0.7030378176721115,-0.13710283892862662,0.7162816216541187,-0.13480625225804488,-0.8658610095556014,0.8762921964256586,-0.19259761682902396
140,3,633.4873,788.06244,642.45496,772.059,653.8324,739.22144,10.154450225090878,640.5996204939935,783.9969587018367,0.46183372878124374,-1.8019880577080585,1.8602288442991224,-0.24120408889086775,-1.6648852187794319,1.6822669836289097,-1.319905330614974
141,3,634.2567,787.36084,640.7753,767.579,653.53156,736.8524,4.307571411740657,640.7400456056771,781.1516106286091,0.14042511168361216,-2.8453480732275693,2.8488111327027625,-0.3214086170976316,-1.0433600155195109,1.091743386116667,-1.52148381227178
142,3,633.5417,787.0432,640.1596,767.9308,652.89233,736.8717,3.192181830703738,640.637240564129,778.2395650962433,-0.10280504154809478,-2.9120455323658234,2.913859649869818,-0.24323015323170694,-0.06669745913825409,0.2522091562505587,-1.6060850483139026
143,3,631.79034,786.78326,640.689,767.2963,652.2193,737.2416,3.554736175259255,640.8564856822204,776.0358519509006,0.21924511809140768,-2.2037131453427037,2.214592524317543,0.32205015963950245,0.7083323870231197,0.7781073678032484,-1.4716336849488745
144,3,619.92334,787.0536,644.5585,771.3509,655.3233,740.1735,38.43749989972653,641.6339486943314,774.5089701978673,0.7774630121109567,-1.526881753033308,1.7134224881641742,0.558217894019549,0.6768313923093956,0.877330012491933,-1.0998289286379297
145,3,670.9142,782.0588,647.3627,769.542,647.2341,737.5474,61.78065885777408,642.9969536470015,773.5016296512612,1.3630049526701669,-1.0073405466060876,1.6948502818361435,0.5855419405592102,0.5195412064272205,0.7828042088093914,-0.636461765568299
146,3,682.91174,778.62494,647.8162,774.094,640.9801,745.2259,69.32108469096752,644.6183970788622,773.1599142013952,1.6214434318607118,-0.3417154498660011,1.6570601230496635,0.25843847919054497,0.6656250967400865,0.7140358653012966,-0.20770819134705965
147,3,687.3808,774.65607,650.74725,777.8484,636.98846,765.52747,46.82456539175131,646.1750253869051,773.5851781585147,1.556628308042832,0.42526395711956866,1.613673177141296,-0.0648151238178798,0.7669794069855698,0.7697132004944851,0.26668787354386364
148,3,687.30096,774.0113,651.3432,778.0415,638.23035,767.2575,45.82896296582428,647.7134119094699,774.3964834364004,1.5383865225647924,0.8113052778857082,1.7392094027845528,-0.018241785478039674,0.3860413207661395,0.3864720741221703,0.48530634525642485
149,3,687.90955,776.23193,652.43994,777.3758,639.91486,762.22925,52.25883014257816,649.3725867202329,775.0923188497152,1.6591748107630337,0.6958354133147395,1.7991798062154443,0.12078828819824139,-0.11546986457096864,0.1671020651874155,0.39710631799822926
150,3,690.1401,775.8392,654.34283,776.5005,637.17114,766.29553,31.780923746815837,651.2377471500745,775.3095455998854,1.8651604298415805,0.2172267501701981,1.8777675282197035,0.20598561907854673,-0.4786086631445414,0.5210530948993368,0.11594310835675432
151,3,690.77747,775.1834,655.9127,775.7494,637.8777,769.0845,21.212035594685315,653.1787595586909,775.2385144353932,1.941012408616416,-0.07103116449218305,1.9423116631303063,0.07585197877483552,-0.28825791466238115,0.29807070981490735,-0.03657858220013596
152,3,693.133,771.27344,657.52295,774.51324,639.7244,772.32825,12.197229477706845,655.0116575629825,775.0580048747387,1.8328980042915646,-0.18050956065451373,1.8417651304180145,-0.10811440432485142,-0.10947839616233068,0.1538643677034864,-0.09816659179512147
153,3,691.8467,766.8024,659.47864,772.06964,644.0905,770.7104,14.290556774979818,656.5524747798495,774.3470219694384,1.5408172168670262,-0.7109829053002841,1.6969426588494618,-0.29208078742453836,-0.5304733446457703,0.605568456710064,-0.4323202925818796
154,3,685.56195,765.53076,656.09814,768.58105,644.04877,763.6528,28.155517626438904,657.6492429133872,772.9865301782561,1.0967681335376938,-1.3604917911823122,1.747523462680319,-0.44404908332933246,-0.6495088858820282,0.7867918284052866,-0.8923131986244763
157,3,689.16986,775.0058,655.54034,769.8302,646.3,751.66425,54.29002406882512,658.1634856915628,771.9283512636443,0.5142427781755714,-1.0581789146117444,1.1765152996177395,-0.5825253553621224,0.3023128765705678,0.6562993714610263,-1.1184359109853346
158,3,683.53864,779.41675,651.1965,771.1234,645.9026,742.0196,65.30862910494449,657.4362865437113,771.5917340675546,-0.7271991478514792,-0.3366171960897191,0.8013299803072527,-1.2414419260270506,0.7215617185220253,1.4359071590232468,-2.7080667458736603
159,3,683.2739,780.3528,649.8766,771.6321,645.1531,742.2126,66.24430703704253,656.3418257936399,771.2600454281319,-1.0944607500713346,-0.33168863942273674,1.1436178063360218,-0.3672616022198554,0.004928556666982331,0.3672946707153739,-2.847329747512599
160,3,680.35077,781.68195,648.58636,771.7468,644.9686,742.493,65.58180258587744,655.2314999211683,771.0065774725246,-1.1103258724716625,-0.25346795560733426,1.1388896116831166,-0.01586512240032789,0.07822068381540248,0.07981339164154443,-2.917156094294175
170,3,682.3631,785.6432,652.69086,773.9383,647.0007,749.42316,55.404626557699466,654.9345471216493,771.3084636192166,-0.29695279951897646,0.30188614669202707,0.4234574485195856,0.813373072952686,0.5553541022993613,0.9848827010082088,2.3479564896351093
171,3,682.49756,780.52545,652.5731,772.3004,647.92004,750.90063,62.36399605373219,654.6505301255208,771.4757516134545,-0.2840169961284573,0.16728799423788132,0.3296224007951607,0.01293580339051914,-0.13459815245414575,0.13521833327410757,2.6092954678007345
172,3,676.8383,784.61426,651.01013,772.852,647.2985,750.1447,56.23210592572223,654.0958679639053,771.641320005667,-0.5546621616155107,0.16556839221254904,0.5788462714986073,-0.2706451654870534,-0.0017196020253322786,0.2706506283618053,2.851509698022546
173,3,670.8425,787.0374,649.82605,773.2691,646.9273,749.55133,49.80237437723071,653.3711769710471,771.7985071053674,-0.7246909928581999,0.15718709970042255,0.7415421899272044,-0.1700288312426892,-0.008381292512126493,0.1702352769490763,2.927999012008537
174,3,671.21814,783.93835,650.6832,773.18414,647.34314,751.5625,53.57720304258032,652.6100666491078,771.9406512220693,-0.7611103219393272,0.1421441167018429,0.7742698961444474,-0.036419329081127216,-0.015042982998579646,0.039403792561313114,2.9569607425997755
175,3,669.96484,784.37305,650.5997,772.9775,647.9098,751.1039,52.51434160222468,652.111403743148,772.0769667835539,-0.49866290595980445,0.13631556148459367,0.5169590177984488,0.2624474159795227,-0.005828555217249232,0.2625121296440398,2.8747497803727438
177,3,707.0669,779.2739,668.2577,774.5051,648.4359,755.4026,36.93613814554482,655.906260288689,772.6388639625621,3.7948565455410517,0.5618971790082696,3.836230525009311,4.293519451500856,0.42558161752367596,4.314560115885544,0.14700002046767274
178,3,718.19684,770.8964,681.3266,774.93036,657.7313,791.96436,29.58258075345379,661.5230711048403,773.2416356183335,5.616810816151201,0.6027716557713347,5.6490616400809825,1.8219542706101493,0.040874476763065104,1.8224127104048675,0.10690649286950114
179,3,715.34863,775.5866,680.32007,777.6065,656.07684,781.36865,5.520734908738537,666.8836024170682,774.0653496923533,5.360531312227977,0.8237140740197901,5.423449163135475,-0.2562795039232242,0.2209424182484554,0.3383707084140252,0.1524701767703867
180,3,718.36896,770.4704,681.5009,775.2385,656.30615,788.99243,21.26114727360571,671.0909489158287,774.6399362799357,4.207346498760444,0.5745865875824165,4.2464001586357085,-1.1531848134675329,-0.2491274864373736,1.1797879972735577,0.1357278025860105
181,3,716.87585,772.3865,677.3774,774.4965,652.65564,772.23065,8.29472038170855,674.2172537455456,774.6865691452764,3.1263048297169007,0.04663286534071176,3.1266526050140437,-1.0810416690435432,-0.5279537222417048,1.203073656530356,0.01491518255746205
182,3,718.1147,771.87494,678.43115,774.66675,653.2645,773.4228,6.854005429023725,676.6589240338953,774.8895550779657,2.441670288349769,0.20298593268933018,2.4500932810568257,-0.6846345413671315,0.15635306734861842,0.7022611600411233,0.08294331675492023
183,3,699.21747,784.1101,669.63043,775.4703,647.72906,753.71375,28.53136486291208,676.5507895396186,775.2410831645267,-0.10813449427678279,0.35152808656096113,0.3677839916224008,-2.549804782626552,0.14854215387163094,2.5541278748296965,1.8692225092168089
184,3,668.1021,798.1294,657.0457,776.56244,649.0643,747.5747,11.747876139529474,673.8425836952459,775.533737248905,-2.7082058443726282,0.2926540843783414,2.723972339910482,-2.6000713500958454,-0.058874002182619734,2.600737813337252,3.0339483787173176
188,3,687.7065,790.8595,656.6545,777.56396,644.3515,748.7497,43.69957473350043,670.7031606443825,776.3924416376043,-3.1394230508634564,0.858704388699266,3.254742742439745,-0.4312172064908282,0.5660503043209246,0.7115906310481925,2.874600122336613
189,3,692.1615,788.8452,657.9812,777.279,643.93085,748.9196,44.94913642866289,668.8353773558832,776.7060194206248,-1.867783288499254,0.31357778302049155,1.8939232927447547,1.2716397623642024,-0.5451266056787745,1.3835572635220226,2.9752562093724793
190,3,693.8235,790.565,662.3427,777.2065,643.2685,755.36053,25.881606290421644,667.1626072031017,777.0506190463258,-1.6727701527814816,0.3445996257009938,1.7078960407676593,0.19501313571777246,0.031021842680502232,0.1974651306579776,2.938429429400719
191,3,702.5806,790.4023,663.4007,778.3282,643.2164,754.18115,32.98023848038217,666.823789917958,777.3731768214162,-0.3388172851437048,0.3225577750904449,0.4678040946629781,1.3339528676377768,-0.022041850610548863,1.3341349617851208,2.3807739406551662
195,3,713.7451,767.58435,678.61945,777.5455,658.8545,784.9603,4.7310199017673895,669.231459491747,778.0532206168169,2.4076695737890077,0.6800437954007066,2.5018657718215698,2.7464868589327125,0.35748602031026167,2.769654549038083,0.2752781868781143
197,3,717.58826,770.65594,684.3957,777.59064,665.16034,786.397,12.798587161257684,673.2888361293155,778.1404073858602,4.057376637568495,0.0871867690432282,4.058313284085252,1.6497070637794877,-0.5928570263574784,1.7530010981129962,0.02148515184520696
198,3,719.8401,769.54224,684.98334,777.4559,663.4801,789.0446,15.530363238366078,676.1983698341846,778.1554066618,2.909533704869091,0.014999275939885592,2.9095723668690523,-1.1478429326994046,-0.0721874931033426,1.1501106174227396,0.005155170755381096
199,3,719.1989,769.72375,684.00256,777.5756,662.9075,787.6141,12.872146470368545,678.9340522290069,778.1645297410028,2.73568239482222,0.00912307920270905,2.735697606811538,-0.17385131004687082,-0.005876196737176542,0.1739505898038498,0.003334833531972733
200,3,721.05066,768.3964,682.51697,777.6464,658.98395,786.93805,8.047325378217586,680.7294350408986,778.1709901805241,1.7953828118917272,0.006460439521333683,1.7953944353581621,-0.9402995829304928,-0.0026626396813753672,0.9403033528119165,0.003598347714500334
201,3,723.0099,767.9131,679.46564,777.4258,653.4619,784.22974,2.339586410934296,681.3680133234084,778.1512961386923,0.6385782825097976,-0.019694041831826326,0.6388818968924043,-1.1568045293819296,-0.02615448135316001,1.1571001581943545,-0.030830678156540104
202,3,719.74457,767.8226,673.9687,776.2254,647.9423,773.47925,16.42490780501492,681.0183852221585,778.0752794241532,-0.3496281012498912,-0.07601671453903691,0.3577965204874323,-0.9882063837596888,-0.056322672707210586,0.9898101334924213,-2.927503005199963
203,3,717.90753,767.773,676.67413,776.14056,650.8422,772.6756,19.111091261422903,680.549489582972,777.9254120755963,-0.4688956391864849,-0.14986734855688155,0.49226348900926226,-0.11926753793659373,-0.07385063401784464,0.14028065351392704,-2.832236530889251
206,3,699.2402,779.0648,661.0761,776.1066,639.5313,752.41705,43.28235320229083,676.8271114674149,777.4135967346259,-3.7223781155571487,-0.5118153409704291,3.7573998693819464,-3.253482476370664,-0.3619479924135476,3.273553814016685,-3.0049525627249163
207,3,698.55493,776.7776,661.40564,777.64777,639.34845,752.33386,50.27467573774572,673.955942273907,777.3744978188914,-2.8711691935078534,-0.03909891573448476,2.8714354011469854,0.8512089220492953,0.47271642523594437,0.9736618754291314,-3.12797572735274
208,3,696.44196,776.7355,662.1696,777.6031,640.1529,752.8365,49.814069651812176,671.1160413807478,777.477273983629,-2.8399008931592107,0.10277616473752005,2.841760022064607,0.0312683003486427,0.1418750804720048,0.145279885275391,3.1054183874805923
209,3,707.845,774.2008,665.42596,777.426,640.45087,753.74994,47.81850368223081,669.2672108569132,777.7395345436635,-1.8488305238346356,0.2622605600345196,1.8673389909741276,0.991070369324575,0.15948439529699954,1.003820576246771,3.000680643386523
210,3,698.8727,779.26715,667.45135,779.6531,644.6267,757.4098,44.96463202561301,668.421461428212,778.0666333174931,-0.8457494287011968,0.32709877382967534,0.9067997044492669,1.0030810951334388,0.06483821379515575,1.0051744512184166,2.7725552846634756
211,3,708.74133,777.69336,669.2307,778.8929,643.46606,754.1795,45.54585229761395,668.3538559846608,778.3358602495346,-0.06760544355120146,0.2692269320414198,0.27758536873219736,0.7781439851499954,-0.05787184178825555,0.7802930293787592,1.816818963690551
212,3,709.7543,777.53125,672.60455,778.6676,644.49896,755.021,41.82758288709837,668.8510984481569,778.4587808865282,0.49724246349614987,0.12292063699362643,0.5122104552843868,0.5648479070473513,-0.14630629504779336,0.5834883804039162,0.24234599694447503
213,3,712.1542,776.9701,675.4683,778.00385,644.23267,755.79156,37.03145144661524,669.7464568681197,778.4840631845132,0.895358419962804,0.0252822979849725,0.8957152978428412,0.3981159564666541,-0.09763833900865393,0.40991408860604883,0.02822956837354571
214,3,704.64484,778.21484,674.8709,778.1511,644.3433,756.3144,35.45394313334862,670.884840325849,778.4946507018531,1.1383834577293328,0.010587517339899932,1.1384326911834595,0.24302503776652884,-0.01469478064507257,0.24346890060052756,0.009300216033489603
215,3,711.8564,774.8801,677.3309,778.6721,644.0051,757.3042,38.93508811153503,672.1111579026449,778.5734869969114,1.22631757679585,0.07883629505829504,1.228849038969785,0.08793411906651727,0.0682487777183951,0.11131174671192318,0.06419867060039698
216,3,712.81946,774.3066,677.3005,779.0182,643.44763,757.53973,39.94990517697726,673.5536312696493,778.7790026550655,1.442473367004368,0.20551565815412687,1.4570401848485313,0.21615579020851783,0.12667936309583183,0.2505413871499764,0.14152203531003132
217,3,711.55035,774.1639,684.1242,779.28516,647.64984,760.2948,38.0807287761817,675.8681042278217,779.0715763697484,2.3144729581724732,0.2925737146829306,2.332891864753917,0.8719995911681053,0.08705805652880372,0.8763346348307336,0.12574356570041
218,3,700.9247,776.4811,683.71234,779.99396,654.8837,759.62,46.78500041248567,678.0755185892726,779.387073861407,2.207414361450901,0.31549749165856156,2.229846817694555,-0.10705859672157203,0.02292377697563097,0.10948535373656451,0.14196479438950568
219,3,688.23914,778.48267,685.09,780.7414,671.0326,759.2138,92.5059530372685,680.3559815446487,779.667052142981,2.280462955376038,0.2799782815740173,2.2975854998227057,0.07304859392513663,-0.035519210084544284,0.08122629721629258,0.12216122779133136
220,3,697.5401,778.1654,687.0462,780.4542,664.9721,758.7085,56.87471518999877,682.3842996243171,779.8758333973802,2.028318079668452,0.20878125439924133,2.0390350277762366,-0.2521448757075859,-0.07119702717477594,0.2620039217724035,0.10257195169760414
221,3,712.67236,775.33936,683.76263,779.1536,647.27496,758.4466,37.09127382891075,683.5120043165383,779.983431100007,1.1277046922211866,0.10759770262677648,1.1328261731034648,-0.9006133874472653,-0.10118355177246485,0.9062795290629316,0.09512504909408792
222,3,698.91364,778.74304,678.94025,778.7066,646.776,759.45844,30.793214568917367,683.389510333596,779.9598587262635,-0.12249398294227376,-0.02357237374349097,0.12474146327891492,-1.2501986751634604,-0.13117007637026745,1.2570609835308124,-2.951479679220352
225,3,717.96924,777.19934,682.7406,778.54596,642.1241,761.26733,25.234402580525245,683.9055262817576,779.6143048952948,0.5160159481615665,-0.3455538309686972,0.6210313267897388,0.6385099311038402,-0.3219814572252062,0.7150992874525174,-0.5900701642742794
277,3,785.1016,720.2271,760.8201,736.85345,736.62854,755.68164,3.4926702771598794,701.8566199636338,770.0544815494692,17.95109368187616,-9.559823345825635,20.337944507223117,17.435077733714593,-9.214269514856937,19.720159691876034,-0.4893458951522643
279,3,784.0772,717.4977,762.38055,736.05206,739.34094,753.77094,2.9736794703762373,731.2073581173893,754.2968926274851,29.350738153755515,-15.757588921984052,33.31317215163627,11.399644471879355,-6.197765576158417,12.975522811134196,-0.4927082793595475
281,3,787.66974,709.89966,766.18085,733.9554,742.26166,751.1787,12.469431664043103,753.1939294852534,742.4583974940529,21.986571367864144,-11.838495133432275,24.97116912638419,-7.364166785891371,3.919093788551777,8.342076994003996,-0.49392628099587027
282,3,788.681,709.16766,767.43567,734.22675,742.0081,751.0942,16.149940195016782,761.7511195269342,737.8909128468437,8.55719004168077,-4.567484647209199,9.69986687599022,-13.429381326183375,7.271010486223076,15.271407148485324,-0.4902893464301704
283,3,789.53,709.4456,767.6669,733.7285,742.29065,751.13763,13.549928997003471,768.5770310129664,734.099827482844,6.825911486032169,-3.7910853639996276,7.808034058089019,-1.7312785556486006,0.776399283209571,1.8973985570293448,-0.50697673152356
284,3,790.7444,709.51154,767.54126,733.16235,742.04895,750.89606,10.723080303139657,773.859009837394,730.9915594047075,5.281978824427597,-3.1082680781365752,6.128672837349403,-1.5439326616045719,0.6828172858630523,1.6881846787134287,-0.5318958882052452
285,3,792.9338,708.8349,767.7088,731.2529,742.79016,751.80634,2.111646955480572,777.853466284899,728.4725266150879,3.9944564475050583,-2.5190327896195868,4.722415537221748,-1.2875223769225386,0.5892352885169885,1.4159491856383697,-0.5626391763018077
286,3,793.304,707.6622,768.1325,731.46,742.37085,751.5218,5.483764849021926,780.7981785414945,726.455170804051,2.944712256595494,-2.0173558110368504,3.569461407897258,-1.0497441909095642,0.5016769785827364,1.163461497939781,-0.6006404290978365
287,3,795.1758,706.44806,769.5681,730.83417,742.58124,751.7573,5.813621493956994,782.8563963985129,724.876028411311,2.0582178570183487,-1.579142392739982,2.5942149956196303,-0.8864943995771455,0.43821341829686844,0.9888899435513893,-0.654442286115108
288,3,796.57526,703.95264,769.48663,729.5714,743.3484,750.9142,4.169881356033757,784.1727375486172,723.677659563995,1.3163411501043356,-1.1983688473160328,1.780124129850377,-0.7418767069140131,0.38077354542394914,0.8338882066298244,-0.7385196478670049
289,3,797.6912,704.2815,770.09515,729.0966,743.747,750.95544,2.283190912381801,784.8918196844695,722.802624389229,0.7190821358523181,-0.8750351747660261,1.132592457673872,-0.5972590142520176,0.32333367255000667,0.6791634515416496,-0.8829181796696733
290,3,799.0149,704.1881,770.5775,728.6411,745.0418,751.2462,0.8244823036500668,785.1582604987327,722.1934830141397,0.26644081426320554,-0.6091413750892798,0.6648638374516234,-0.4526413215891125,0.2658937996767463,0.5249606449215751,-1.1584665474458318
291,3,798.513,704.2536,771.03766,729.2413,745.6428,750.87384,1.8592006664070664,785.1166776840693,721.792795565854,-0.0415828146634567,-0.40068744828568015,0.4028393745514768,-0.30802362892666224,0.20845392680359964,0.37192955727797516,-1.6742048304559605
292,3,799.3505,703.2425,771.9261,728.6564,746.01825,750.6305,2.517383906738881,784.9116889331417,721.5431221714982,-0.20498875092755497,-0.2496733943557956,0.3230436376961846,-0.16340593626409827,0.15101405392988454,0.2225011112122468,-2.2582281209486306
293,3,801.84424,702.437,773.1112,727.05206,747.0154,750.18787,0.9733752508491704,784.6583524998782,721.393652162922,-0.25333643326348465,-0.1494700085762588,0.2941438965582167,-0.048347682335929676,0.1002033857795368,0.11125743529732583,-2.608554113410423
294,3,802.19946,701.1992,774.2529,726.6791,748.83276,749.15045,0.8804895247036632,784.3534888832696,721.3200916908689,-0.30486361660859984,-0.07356047205303184,0.3136127672470307,-0.05152718334511519,0.07590953652322696,0.09174589014583838,-2.904828504593731
295,3,803.53876,700.9516,775.2268,725.71136,750.23584,748.8296,1.6000997794208385,783.9643591435707,721.3047761108053,-0.38912973969888753,-0.015315580063656853,0.3894310225326306,-0.08426612309028769,0.05824489198937499,0.10243655081816,-3.102254413884928
296,3,803.67834,700.5586,775.33673,725.5098,749.9114,749.08923,1.4827934857183616,783.4582243410384,721.3300407781975,-0.5061348025323014,0.02526466739220723,0.5067649768411887,-0.11700506283341383,0.04058024745586408,0.12384240474179384,3.0917171764669273
297,3,802.5876,701.04297,774.7552,725.6665,749.78015,749.8697,2.6012815419623747,782.8023455359279,721.3782210485119,-0.6558788051105466,0.048180270314446716,0.6576460639590354,-0.14974400257824527,0.022915602922239486,0.15148726403709084,3.0682652562788473
298,3,801.75977,700.8961,774.1043,725.3998,750.2216,749.617,3.8564071316014217,781.9639837884955,721.4316522772154,-0.8383617474323728,0.053431228703516354,0.8400626856125852,-0.18248294232182616,0.005250958389069638,0.18255847502220945,3.077945831835777
0,4,730.71704,627.03424,711.2053,653.5056,692.9662,673.0642,6.607200145129191,711.191919216335,653.4666189901509,,,,,,,
1,4,731.0233,625.6301,710.8523,652.93555,692.0109,675.55566,3.3385334840873413,710.8652538723056,653.1790931234942,-0.3266653440293794,-0.28752586665666513,0.43517969964889125,,,,-2.4198336710205917
2,4,731.2868,625.25867,711.69836,651.63116,694.6333,672.6371,2.486639463877834,711.6193349521991,651.5959131614429,0.7540810798934672,-1.5831799620513038,1.7535954685428639,1.0807464239228466,-1.2956540953946387,1.6872262349000269,-1.1262814246198078
3,4,733.53015,622.54865,713.65546,648.78815,694.96344,669.6263,4.750935813222668,712.9417113806214,649.5763401475248,1.3223764284223307,-2.019573013918148,2.4139914202402277,0.5682953485288635,-0.43639305186684396,0.7165183171958693,-0.9910680188254064
4,4,734.1676,620.20654,715.1496,647.3565,696.05786,667.81616,8.00871348845391,714.3844412829943,647.810033217834,1.4427299023728892,-1.7663069296908134,2.280638011845517,0.12035347395055851,0.25326608422733443,0.28040803860056335,-0.8858915669260751
5,4,734.14856,620.5299,715.95825,646.46466,699.1557,666.19666,5.370347719624016,715.7576195880062,646.3082438787335,1.3731783050118338,-1.501789339100469,2.034942229251483,-0.06955159736105543,0.2645175905903443,0.27350864781062295,-0.8301031342776581
6,4,734.7184,619.28827,716.5316,645.4794,699.2211,665.9887,5.389724882375481,716.9532985586756,644.9087273268515,1.1956789706694053,-1.3995165518820158,1.8407321314881142,-0.17749933434242848,0.10227278721845323,0.20485540436472802,-0.8637814501638758
7,4,735.02136,618.5831,717.9887,643.0655,700.40765,662.1713,7.793241190359437,717.9333229920796,643.4336611496094,0.9800244334040826,-1.47506617724207,1.7709511899859147,-0.2156545372653227,-0.07554962536005405,0.2285051976108311,-0.9843690805236728
8,4,733.929,618.2783,718.8191,641.8523,702.5447,659.7979,9.545919991848132,718.6769858188113,641.9343940785536,0.7436628267316792,-1.4992670710557832,1.6735698820828302,-0.23636160667240347,-0.024200893813713265,0.23759733241377645,-1.1103397248844582
9,4,735.7886,618.1044,718.3041,642.36383,701.8012,662.97723,2.8990128846542422,719.1635799694631,641.1287205053936,0.48659415065174016,-0.8056735731599929,0.9412139894502625,-0.257068676079939,0.6935934978957903,0.7397001044645122,-1.0274705670473072
10,4,736.2242,618.1085,717.4162,643.35986,701.08704,666.1265,1.030216201084711,719.3723983746273,640.904234266094,0.20881840516426564,-0.22448623929960831,0.30659288636598925,-0.2777757454874745,0.5811873338603846,0.6441568767162734,-0.8215413510766021
11,4,735.9751,617.699,716.9027,643.93976,700.7543,668.6061,2.798623012243321,719.3364787594737,640.8946260811744,-0.035919615153602535,-0.009608184919670748,0.03718246858713796,-0.24473802031786818,0.21487805437993757,0.32568278561080977,-2.880220524601619
12,4,735.892,616.7016,717.4856,643.0469,701.5048,667.093,1.3331015377627158,719.3038380274787,640.7812403115432,-0.03264073199500217,-0.11338576963112246,0.1179904663098317,0.0032788831586003653,-0.10377758471145171,0.10382937042720758,-1.8510908852578025
13,4,736.25836,615.2593,719.12964,640.858,702.8628,664.1379,1.1562293314067484,719.576237876696,640.2573347282063,0.2723998492173223,-0.5239055833369548,0.590490252337204,0.30504058121232447,-0.41051981370583235,0.5114452792151121,-1.0913236938877708
14,4,737.2162,613.1082,721.2038,638.4942,702.9314,660.5719,7.370570250724596,720.3545026831869,639.1374394317091,0.7782648064908244,-1.119895296497134,1.3637674230375956,0.5058649572735021,-0.5959897131601792,0.7817308316742246,-0.9634715427986106
15,4,738.10693,610.70526,722.99493,636.47107,704.28375,658.1858,10.35865849691712,721.4357075350433,637.721173840756,1.0812048518564552,-1.4162655909531168,1.7818002569860967,0.3029400453656308,-0.29637029445598273,0.42380186705824735,-0.9187618757359587
16,4,738.06067,610.4683,723.7315,634.9798,705.9319,655.88983,10.09589995660409,722.5573681188653,636.3577903447514,1.1216605838219493,-1.3633834960046443,1.7654849255877667,0.040455731965494124,0.05288209494847251,0.06658214636825074,-0.8823641875433319
17,4,738.2094,610.86017,724.5163,634.13214,707.39685,654.34705,9.787997640154778,723.6225118032544,635.1099838977404,1.0651436843891133,-1.2478064470109302,1.640595013279041,-0.056516899432836,0.11557704899371402,0.12865540865271335,-0.8642085217516531
18,4,738.83276,610.5556,725.2119,633.7307,708.0212,654.2211,9.551149183102863,724.575543877312,633.9688100949284,0.9530320740576599,-1.1411738028120908,1.4867911024778342,-0.11211161033145345,0.10663264419883944,0.15472405753452806,-0.8749968027487998
19,4,739.57605,610.1267,725.884,633.1407,708.7491,653.7381,9.00653883500903,725.3727783558646,632.9327471241232,0.797234478552582,-1.0360629708051192,1.3072908219927717,-0.15579759550507788,0.10511083200697158,0.18793929277924207,-0.9149412636310873
20,4,739.4398,610.0512,725.727,632.53357,708.9373,653.47656,7.338048015176953,726.0181641566388,632.0299635435451,0.6453858007741928,-0.9027835805781024,1.1097481809862835,-0.15184867777838917,0.13327939022701685,0.20204310629746933,-0.950150597541675
21,4,739.2473,608.9955,725.38434,632.21356,708.7884,653.51166,7.086068277950424,726.5330436626962,631.2809306075004,0.5148795060573548,-0.7490329360447276,0.9089286248312629,-0.13050629471683806,0.15375064453337473,0.20167090433462717,-0.9685820872350619
22,4,740.18555,609.09406,725.8523,631.84546,708.8216,653.45026,6.037444475120841,726.9606982155362,630.6456399842269,0.4276545528400675,-0.6352906232734767,0.7658215148349129,-0.0872249532172873,0.11374231277125091,0.143337037008273,-0.9783092910137949
23,4,741.6452,608.0578,726.1677,631.0527,708.76874,653.3674,3.999928768521281,727.3498938962694,630.068963445447,0.38919568073310984,-0.5766765387799069,0.6957220050282169,-0.03845887210695764,0.05861408449356986,0.07010489101880604,-0.9771193121368092
24,4,743.7622,607.9023,726.8196,630.6958,708.94763,653.3177,1.6860920120912473,727.7493967860053,629.495772762882,0.3995028897359134,-0.5731906825650412,0.6986774058796544,0.010307209002803575,0.0034858562148656347,0.010880705444877755,-0.9620995592005772
25,4,745.5722,606.2266,728.00885,629.7559,709.3015,653.03253,2.049468122499429,728.2079729658541,628.8709397082539,0.45857617984881927,-0.624833054628084,0.7750538425687591,0.05907329011290585,-0.051642372063042785,0.07846392927365593,-0.937667443258033
26,4,746.9211,604.4479,728.73126,628.642,709.74225,652.72614,1.316855482352709,728.7606148843321,628.1523090820707,0.5526419184780025,-0.7186306261831987,0.9065556060978849,0.09406573862918322,-0.0937975715551147,0.13283955590670526,-0.915232610707727
27,4,746.86115,604.5832,729.3638,627.6476,711.1168,650.9747,0.8478835767956632,729.38722045958,627.3496177999848,0.626605575247936,-0.8026912820859025,1.0183063592399424,0.07396365676993355,-0.08406065590270373,0.11196792573578067,-0.9079779328476459
28,4,747.08093,603.22107,730.23914,626.41455,713.06177,650.1405,0.0791293700133838,730.0539139771457,626.4855758064349,0.6666935175657045,-0.864041993549904,1.0913518282303947,0.040087942317768466,-0.061350711464001506,0.07328678541464279,-0.9136148600897923
29,4,747.43945,602.6201,730.8237,625.2355,714.57635,648.17017,0.9905131769755658,730.726819722576,625.5828930458599,0.6729057454302847,-0.9026827605749759,1.1258944481932338,0.0062122278645802,-0.03864076702507191,0.03913694739408468,-0.9302129556874961
30,4,748.0412,601.3828,731.4899,623.89496,716.184,646.37634,2.0758458253540035,731.3720619814181,624.6642794626985,0.6452422588421314,-0.9186135831614592,1.1225811720158285,-0.02766348658815332,-0.015930822586483373,0.031922712893721096,-0.9584555511292002
31,4,748.5971,601.64124,731.63055,623.2846,716.76044,645.92535,4.79705824343293,731.9627892072167,623.7521764223713,0.5907272257985596,-0.9121030403271106,1.0866879089571309,-0.05451503304357175,0.006510542834348598,0.054902422494272574,-0.9960720502101257
32,4,748.9045,601.1078,732.20636,623.0375,716.9599,645.77893,3.4481572932341584,732.5002465255042,622.8679509742266,0.5374573182874656,-0.8842254481447753,1.0347535997171418,-0.05326990751109406,0.02787759218233532,0.06012356602967857,-1.024640542112236
33,4,749.34607,600.157,732.72723,622.4684,716.97815,645.5461,2.3698423600966443,732.99270322981,622.0327015885931,0.4924567043058232,-0.8352493856334604,0.9696159764653355,-0.045000613981642346,0.04897606251131492,0.0665109762207488,-1.038064609189766
34,4,749.77234,599.05475,733.028,621.81445,717.06396,645.29297,2.1285404894779467,733.4484286136637,621.2675267358009,0.4557253838537463,-0.7651748527922564,0.8906055135885336,-0.03673132045207694,0.07007453284120402,0.07911782387721585,-1.033630709718179
35,4,750.8621,597.32983,733.5608,621.07935,717.59546,645.1162,2.480807835481152,733.8756919705949,620.5935248861797,0.42726335693112105,-0.6740018496211633,0.7980178378136668,-0.028462026922625228,0.09117300317109311,0.09551232110979399,-1.005808218340265
36,4,751.3085,596.04224,734.02966,620.5307,717.72345,644.87103,1.3870567321783045,734.2827625941329,620.0211976022861,0.4070706235380612,-0.5723272838936282,0.7023282796789003,-0.020192733393059825,0.10167456572753508,0.10366032894876441,-0.9525565650102533
37,4,750.8686,594.5945,734.3805,620.23645,717.53436,644.7045,1.805802658430116,734.6779097778075,619.5186588155854,0.3951471836745668,-0.5025387867007112,0.6392859523754333,-0.011923439863494423,0.06978849719291702,0.0707997369954448,-0.9044638967690898
38,4,750.4808,593.7773,734.2888,619.84106,717.5469,644.4856,2.3391680840411126,735.0694028151484,619.04342554977,0.39149303734086516,-0.4752332658154046,0.6157218976323248,-0.0036541463337016467,0.027305520885306578,0.02754894292429419,-0.8817158962531207
39,4,749.2297,593.20026,734.7926,619.644,717.56195,643.88586,6.771959522702372,735.4655109996845,618.553014828532,0.3961081845361605,-0.49041072123793583,0.6304001660545826,0.004615147195295322,-0.015177455422531239,0.015863629368374856,-0.8913736148236966
40,4,748.3151,592.62964,735.1433,619.1015,717.97736,642.6374,9.651314959955483,735.8689924783374,618.0174886480812,0.40348147865290684,-0.5355261804508018,0.6705114417846729,0.007373294116746365,-0.04511545921286597,0.045714003610707946,-0.925103643426467
41,4,746.5492,590.6003,736.19794,617.83813,718.58167,641.03467,16.40592294239058,736.2605608115936,617.4570888946967,0.3915683332561457,-0.5603997533845586,0.6836473090727924,-0.011913145396761138,-0.024873572933756805,0.027579297738254505,-0.960922963961419
42,4,745.5951,589.99194,736.32025,616.9749,718.94775,639.77655,18.33431988136056,736.6154184133309,616.9046024271745,0.35485760173730796,-0.5524864675221579,0.6566317189306852,-0.03671073151883775,0.007913285862400699,0.037553933239918534,-0.9998588809603132
43,4,746.4782,590.1876,736.08673,616.9225,718.6313,639.4999,16.468548837508777,736.9087676974278,616.3928161043109,0.29334928409696204,-0.5117863228635997,0.5898974849500928,-0.06150831764034592,0.0407001446585582,0.07375482976845146,-1.050325606965798
44,4,746.9413,589.1272,736.36487,616.5296,718.90906,639.3051,16.36265288206689,737.1158110777626,615.9545167849026,0.20704338033476688,-0.43829931940831557,0.48474039932136825,-0.08630590376219516,0.07348700345528414,0.11335364441007724,-1.1294886882103583
45,4,746.30536,588.8025,736.5696,616.3114,719.3396,639.1604,17.529677238737243,737.2209227674136,615.6109257175311,0.10511168965103934,-0.34359106737144884,0.35930946115952456,-0.10193169068372754,0.09470825203686672,0.13913922009815125,-1.2739164018817408
46,4,745.8618,589.28314,736.75964,616.28955,719.6639,638.84796,18.53072263730377,737.2451641762614,615.3370017099212,0.024241408847728962,-0.27392400760993496,0.2749945596698423,-0.08087028080331038,0.06966705976151388,0.10674034632237529,-1.4825294346777937
47,4,745.82574,589.4209,735.9816,616.0891,719.434,638.544,16.12671890128208,737.2187685133872,615.096137959582,-0.026395662874165282,-0.24086375033914464,0.24230575157433715,-0.050637071721894245,0.033060257270790316,0.060473908782045054,-1.6799482941113588
48,4,745.9193,589.78845,735.58075,616.1072,719.0625,638.3955,15.096773016406985,737.1719689878715,614.8517276640237,-0.046799525515666573,-0.24441029555839577,0.24885053378169375,-0.02040386264150129,-0.0035465452192511293,0.02070979463165787,-1.759985695203303
49,4,745.4782,588.7761,735.5732,615.54065,718.82,638.1796,16.193444799650678,737.1349988087961,614.567164020756,-0.03697017907541067,-0.28456364326768835,0.28695515540001737,0.009829346440255904,-0.040153347709292575,0.0413389330257316,-1.699991521021802
50,4,744.2936,584.97614,736.3825,614.20844,719.441,638.13513,20.157688048442385,737.1281092283427,614.2219171534593,-0.006889580453389499,-0.34524686729662335,0.34531560303142395,0.03008059862202117,-0.060683224028935,0.06772958062770695,-1.5907491976104144
51,4,744.4399,584.2227,736.5273,613.87946,719.65814,638.25586,19.74543448845647,737.1316236710978,613.8597648904959,0.0035144427550903856,-0.362152262963491,0.36216931520692963,0.010404023208479884,-0.016905395666867662,0.019850342606008996,-1.56109230780122
52,4,746.46027,584.7262,736.36066,613.97174,719.28754,637.7064,16.67691560626844,737.1158836047483,613.5405619863974,-0.015740066349508197,-0.31920290409846075,0.319590744036147,-0.019254509104598583,0.04294935886503026,0.04706786109200442,-1.6200669545103696
53,4,746.63556,584.2926,736.81995,613.9839,718.7837,637.86725,18.766082054491697,737.0512304969817,613.3241631956968,-0.06465310776661681,-0.21639879070062307,0.2258505279174123,-0.048913041417108616,0.10280411339783768,0.11384714028989595,-1.8611227765108818
54,4,746.4649,586.1098,736.18445,614.4281,718.8225,637.7688,16.69113062391326,736.9080058154855,613.2704232729265,-0.14322468149623546,-0.053739922770319026,0.15297479756174853,-0.07857157372961865,0.16265886793030404,0.18064163283893608,-2.782634275256039
55,4,747.26355,588.77655,735.6116,615.11804,719.01825,637.81805,12.30427384680084,736.6762482598585,613.4050607765206,-0.23175755562692757,0.13463750359414917,0.2680276514918432,-0.08853287413069211,0.1883774263644682,0.208144480026595,2.6153048962177095
56,4,749.56036,590.5145,735.47656,615.5956,719.1749,638.4435,6.19175586545934,736.4247854573475,613.6172494805214,-0.25146280251101416,0.21218870400082324,0.3290252074723794,-0.01970524688408659,0.07755120040667407,0.08001553248762973,2.4406988392023976
57,4,753.3369,591.1192,735.7442,614.9441,719.5006,638.7972,2.1884748650278367,736.2421422671104,613.762026962873,-0.18264319023717235,0.14477748235162835,0.23306448535992777,0.06881961227384181,-0.06741122164919489,0.09633489418564178,2.4713314999672247
58,4,756.28125,591.8387,736.2193,613.6097,720.05884,638.286,9.4398590844244,736.2168435483056,613.6944308015196,-0.02529871880472001,-0.06759616135343549,0.0721752464691322,0.15734447143245234,-0.21237364370506384,0.2643101345596177,-1.9289204008133818
59,4,756.40295,592.7119,736.4694,612.91125,721.2932,637.3599,12.79110809122196,736.4173940697169,613.3117359594199,0.20055052141128726,-0.3826948420996814,0.4320600118132194,0.22584924021600727,-0.3150986807462459,0.38767906561248877,-1.08809580610316
60,4,758.1245,592.1168,737.89923,611.55225,722.7019,635.8514,14.117964491410834,736.8322182386318,612.6801669395933,0.41482416891483354,-0.6315690198266566,0.7556179708825658,0.21427364750354627,-0.24887417772697518,0.3284076009378468,-0.9896449735927332
61,4,759.811,590.45013,739.49243,609.8753,723.7154,634.38525,13.518335393405147,737.4297203719623,611.9081856300736,0.5975021333305222,-0.7719813095196741,0.9761987203342545,0.18267796441568862,-0.14041228969301756,0.2304058371220128,-0.9121205520696264
62,4,760.192,589.5137,740.77893,608.52783,725.3148,632.2376,12.481399159793668,738.1783047866212,611.1042539188946,0.7485844146589216,-0.8039317111789615,1.0984920673857292,0.1510822813283994,-0.03195040165928731,0.15442371546360167,-0.8210331342724028
63,4,760.83997,589.77136,741.69183,609.24896,725.9611,631.2623,8.961772959168625,739.0463757995217,610.3768336940908,0.8680710129004865,-0.7274202248038364,1.1325579309208604,0.11948659824156493,0.07651148637512506,0.14188394802327745,-0.6974703037677856
64,4,761.64417,591.0626,742.39215,609.7343,726.4127,631.4793,9.566162195734044,740.0044677055249,609.8012726684536,0.9580919060032329,-0.575561025637171,1.1176809001595311,0.09002089310274641,0.15185919916666535,0.17653605174738962,-0.5409610581348181
65,4,762.8668,591.18677,743.154,609.7246,726.63324,631.67236,9.78952424284883,741.0316347112868,609.3204618538043,1.0271670057618394,-0.48081081464931685,1.1341301059444115,0.06907509975860648,0.09475021098785419,0.11725601003319326,-0.4377986804840397
66,4,763.17535,589.8696,743.81757,609.0956,727.15894,630.9122,7.831279486713969,742.1090610014114,608.8441780867219,1.077426290124663,-0.4762837670824638,1.1780040905863005,0.050259284362823564,0.004527047566853071,0.05046275680475366,-0.4162288734043764
67,4,766.05664,587.7328,745.22974,607.36194,727.86084,629.95544,9.144325087361496,743.2179307605036,608.2821982037852,1.1088697590921583,-0.5619798829366118,1.243146625082717,0.03144346896749539,-0.08569611585414805,0.0912826161610052,-0.4690761636040229
68,4,767.4162,586.1734,746.1623,605.6956,729.09595,628.9276,11.130575160960468,744.3394281731678,607.5442990415735,1.1214974126642119,-0.737899162211761,1.3424796535535801,0.012627653572053532,-0.17591927927514917,0.1763719094851097,-0.5819498716837164
69,4,767.7838,585.65686,746.9985,604.70667,730.3549,627.56946,11.441000769933195,745.4407620136756,606.5733754671814,1.1013338405077775,-0.9709235743920317,1.4682059853977607,-0.020163572156434384,-0.2330244121802707,0.23389516094624196,-0.7225495446307366
70,4,768.35956,584.8267,747.8489,603.8544,731.0951,626.2275,10.3209086288416,746.4332394149692,605.4447944697674,0.9924774012936268,-1.1285809974140193,1.5028993511884199,-0.10885643921415067,-0.1576574230219876,0.19158702302692118,-0.8494780840698775
71,4,768.1685,584.31006,747.15704,603.12714,731.96954,624.6738,12.974912170700463,747.2141920996575,604.2670410690048,0.7809526846882591,-1.17775340076264,1.4131490256621073,-0.21152471660536776,-0.04917240334862072,0.21716498563548542,-0.9852762179373975
72,4,768.1155,583.9276,746.8024,601.8883,732.2737,624.11017,16.702030746208063,747.7259029475327,603.1486002845678,0.5117108478752925,-1.1184407844369844,1.2299421856840538,-0.26924183681296654,0.059312616325655654,0.27569757551675084,-1.141705046724092
73,4,768.07684,583.84143,746.28564,601.4025,732.0016,623.6982,18.48905970923626,748.0904594671221,602.1979571361306,0.3645565195893141,-0.950643148437166,1.0181472642234037,-0.1471543282859784,0.16779763599981834,0.22318253287483103,-1.2046083784215151
74,4,768.5367,583.0924,747.5012,600.9349,732.2936,623.831,16.102935575483283,748.4511134834818,601.491261535905,0.3606540163597174,-0.7066956002256575,0.7934040527339759,-0.003902503229596732,0.24394754821150855,0.24397876098108068,-1.0989121171086844
75,4,767.69824,582.40137,748.4815,601.64575,732.88477,623.5791,9.542294950081958,748.8559694590513,600.9753229662551,0.4048559755694896,-0.5159385696498475,0.655820835752154,0.04420195920977221,0.19075703057580995,0.19581128137082107,-0.9054557514453292
76,4,767.2206,581.4144,748.9132,601.8681,733.2788,623.6003,6.098922186763535,749.3293450156168,600.5646158020836,0.47337555656554287,-0.41070716417152653,0.6267094959034486,0.06851958099605326,0.105231405478321,0.12557301333812734,-0.7146313192208932
77,4,768.6794,579.4252,749.9071,601.2521,733.1786,623.7699,4.088494543202134,749.8955577749634,600.1736144182922,0.5662127593466266,-0.3910013837913766,0.6880980823790256,0.09283720278108376,0.019705780380149918,0.09490555305463831,-0.6043592682407425
78,4,770.44147,578.51776,750.74384,600.5892,733.78156,623.45905,5.18349487092468,750.5666994152228,599.7299918741435,0.6711416402594068,-0.44362254414875224,0.8045073417732734,0.10492888091278019,-0.05262116035737563,0.11738422622722802,-0.5840671027491454
79,4,770.6792,578.2777,751.3263,599.9705,733.8512,622.1996,3.564966417300817,751.3059578399084,599.2142159663398,0.7392584246855449,-0.5157759078036861,0.9014032424721302,0.06811678442613811,-0.07215336365493386,0.09922703365151102,-0.609176400003132
80,4,771.28265,577.2663,752.2291,598.9411,734.0379,620.8868,1.6615393372840774,752.0642950088787,598.6199531759438,0.7583371689703426,-0.5942627903959874,0.9634435769110609,0.019078744284797722,-0.0784868825923013,0.08077245336463658,-0.6646849724542814
81,4,773.36365,575.97455,753.2027,597.61127,735.1469,619.7549,3.784238270398949,752.7926728819924,597.9408699840174,0.7283778731136863,-0.679083191926452,0.9958354821950439,-0.029959295856656354,-0.08482040153046455,0.08995587765130136,-0.7503886408256237
82,4,773.2865,576.2502,753.8643,596.424,736.696,618.20654,5.668424189094157,753.4420534191089,597.1706328716236,0.6493805371164854,-0.7702371123937155,1.0074523766880021,-0.07899733599720093,-0.09115392046726356,0.1206217903664461,-0.870326568376942
83,4,773.44775,576.5221,754.3155,595.4796,737.7277,617.1987,7.892423369685113,753.978468270377,596.3120980742901,0.5364148512680913,-0.8585347973335047,1.0123353648339322,-0.11296568584839406,-0.08829768493978918,0.1433796615455774,-1.0123389095115933
84,4,773.69226,576.0397,753.4092,593.9411,738.18823,616.3635,14.399284640438536,754.4282278471063,595.4048808454048,0.44975957672932054,-0.9072172288853153,1.0125842074840434,-0.08665527453877075,-0.04868243155181062,0.09939374098597184,-1.1105486233003117
85,4,773.4546,575.03503,753.6268,593.4981,738.40234,616.22815,13.227348856191044,754.8327122508956,594.4977861928215,0.4044844037892972,-0.9070946525832824,0.9931909895150927,-0.04527517294002337,0.00012257630203293957,0.04527533886895651,-1.1513471683851748
86,4,772.6523,573.7133,754.7026,593.6031,738.9833,615.73865,6.684982102387432,755.2333015833447,593.6396191243933,0.4005893324490444,-0.8581670684282017,0.9470599403451847,-0.003895071340252798,0.048927584155080694,0.049082380463850384,-1.1340626066053245
87,4,772.2439,572.2957,755.5284,593.39,738.7984,614.78,0.3636945235202828,755.6713759460531,592.8791846479742,0.43807436270844846,-0.7604344764191637,0.8775931518587078,0.037485030259404084,0.09773259200903794,0.10467467236324893,-1.0481475489045617
88,4,771.9838,571.7446,755.5876,593.01636,739.0646,614.4101,0.052339156274413,756.1801322847668,592.2468096457238,0.5087563387137379,-0.6323750022503418,0.8116225450617592,0.07068197600528947,0.1280594741688219,0.14627088109534134,-0.8933072755815707
89,4,772.60864,568.16736,756.75854,592.3176,738.8429,614.3671,5.817126808273843,756.7600349218192,591.698908497029,0.5799026370523279,-0.5479011486947911,0.797798682125582,0.07114629833858999,0.0844738535555507,0.11044287076044465,-0.7570307254509155
90,4,773.08813,565.03864,758.27686,591.2151,739.1666,613.76227,10.781255157889312,757.4033650236892,591.1734174555826,0.6433301018699922,-0.5254910414464575,0.8306710869005476,0.06342746481766426,0.02241010724833359,0.06727002452859558,-0.6849189554348878
91,4,773.5331,564.6003,758.5937,590.8717,739.735,613.341,10.3820884690824,758.1024037568565,590.6082727750778,0.6990387331672991,-0.5651446805047726,0.8989124876043184,0.055708631297306965,-0.03965363905831509,0.06838027999055299,-0.6798780824291936
92,4,774.0203,563.1023,759.2461,589.80585,740.2146,611.80383,11.910240749424954,758.8494322878013,589.9414107092078,0.7470285309448172,-0.6668620658699638,1.0013773718942962,0.047989797777518106,-0.10171738536519115,0.11246976116386966,-0.728759605778224
93,4,774.64185,561.8623,760.4097,588.66876,741.2876,610.2544,13.572096170886772,759.6286428433943,589.1357746806536,0.7792105555930675,-0.8056360285542041,1.120811536544948,0.03218202464825026,-0.13877396268424036,0.14245664403441322,-0.8020704550407837
94,4,774.5658,561.7717,760.9262,587.7399,742.52594,609.1278,12.995490945724448,760.3918718920734,588.2543367880476,0.7632290486790225,-0.8814378926060726,1.165955118891512,-0.015981506914044985,-0.0758018640518685,0.0774682590289831,-0.8571488132077285
95,4,774.163,562.1257,760.8752,587.2282,744.1943,608.30945,10.459274218776784,761.0828669626674,587.3850762990102,0.6909950705939991,-0.8692604890374014,1.1104449492823802,-0.07223397808502341,0.012177403568671252,0.0732532371138773,-0.8991588522083073
96,4,774.7548,561.4615,761.27014,586.349,744.91394,607.5353,9.218891824459536,761.6453755840055,586.6159724811616,0.562508621338111,-0.7691038178485314,0.9528570888170426,-0.12848644925588815,0.10015667118886995,0.16291140667866488,-0.9393176605446669
97,4,773.7713,562.16876,761.49646,586.235,745.5214,606.8341,10.770679410944547,762.0432129029201,586.0088300519817,0.3978373189146396,-0.6071424291799303,0.7258763404545538,-0.1646713024234714,0.1619613886686011,0.23097213957814056,-0.9907309247707307
98,4,773.1296,562.42694,761.4464,586.2476,745.7621,606.73706,11.307212167500651,762.3204645382569,585.5207555283893,0.2772516353368246,-0.4880745235924451,0.5613245138749383,-0.12058568357781496,0.11906790558748526,0.16946407650271847,-1.0541994447031564
99,4,773.1177,562.7196,761.41956,586.0852,746.14233,606.37146,10.387658427870004,762.5412837268647,585.0826808771625,0.2208191886077202,-0.4380746512267706,0.49058181183654637,-0.05643244672910441,0.04999987236567449,0.07539634129330777,-1.1039000251648057
100,4,773.816,561.4677,761.5122,585.5384,745.5411,606.6398,10.047293850431943,762.769823705592,584.6255380650794,0.22853997872732634,-0.45714281208313423,0.5110871476724518,0.007720790119606136,-0.019068160856363647,0.02057195563176157,-1.1072037171117983
101,4,776.6658,559.58673,762.3751,584.1534,745.4175,606.3804,7.154177316491211,763.0702377112882,584.0802590589184,0.30041400569621146,-0.5452790061609676,0.6225574426334777,0.07187402696888512,-0.08813619407783335,0.11372714917401883,-1.067234541062426
102,4,778.71533,557.4936,763.4913,582.9923,745.72656,606.0774,6.740055915419173,763.4905413277178,583.3947141045875,0.42030361642957814,-0.6855449543309078,0.804131217148264,0.11988961073336668,-0.1402659481699402,0.18452115048907142,-1.0208043513187206
103,4,779.02655,556.8912,763.9758,581.98395,746.745,604.7606,6.15249595054905,764.014199526307,582.5845265645146,0.5236581985892599,-0.8101875400728886,0.9646873892816819,0.10335458215968174,-0.12464258574198084,0.16191955976301767,-0.9969969667178448
104,4,779.8566,556.59015,764.84845,581.12036,747.8863,603.06616,6.241552873045152,764.6085396253973,581.6822580802564,0.5943400990902319,-0.9022684842582294,1.0804298084893018,0.070681900500972,-0.09208094418534074,0.11608114119224167,-0.9883171558461973
105,4,780.7433,555.7696,765.8402,580.0859,749.1524,602.4843,5.184175231851772,765.2408889433314,580.7204702933708,0.6323493179340858,-0.9617877868855658,1.1510436164168316,0.03800921884385389,-0.0595193026273364,0.0706204510206812,-0.9891857382829781
106,4,781.485,554.9966,766.79944,578.50073,750.84045,601.2903,3.005242348639879,765.8785747984507,579.731724845415,0.6376858551193436,-0.9887454479558073,1.176546136227823,0.005336537185257839,-0.026957661070241556,0.02748079546715591,-0.9979833339353187
107,4,781.71173,555.2058,766.9919,577.35065,752.52277,600.14557,1.2070693761483222,766.4903760069598,578.7505257611316,0.611801208509064,-0.9811990842833893,1.156309803526595,-0.02588464661027956,0.0075463636724180105,0.02696224276308348,-1.0132590863602153
108,4,781.933,555.81085,767.1905,577.3426,752.69214,600.5021,2.351352604644981,767.0508773765138,577.8191465980043,0.5605013695540038,-0.9313791631273034,1.0870275667063969,-0.051299838955060295,0.04981992115608591,0.07151012530274115,-1.0290564059727467
109,4,781.50214,556.08203,766.9387,577.42645,752.5793,600.3277,2.217526163021844,767.5361152126299,576.981803296702,0.4852378361160845,-0.8373433013023259,0.967780740578411,-0.07526353343791925,0.09403586182497747,0.12044643114151221,-1.0455890846207478
110,4,781.6058,554.937,767.27246,576.7832,752.7143,599.90155,1.0693603852585385,767.9546891440874,576.23584536687,0.4185739314575585,-0.7459579298320023,0.8553697265949288,-0.06666390465852601,0.09138537147032366,0.11311658721465254,-1.0594537359166847
111,4,782.1488,551.1505,768.4431,574.9293,752.8645,598.7197,3.259426309239741,768.4454520927167,575.3911565940626,0.4907629486292535,-0.8446887728073307,0.976907055279075,0.07218901717169501,-0.09873084297532841,0.12230712798048295,-1.04446566626381
112,4,784.4515,547.0952,770.2093,572.3799,753.6447,597.141,4.390168624999698,769.1349222398669,574.2745805963941,0.6894701471502458,-1.1165759976685194,1.312292285423042,0.19870719852099228,-0.27188722486118877,0.3367598755593957,-1.0176185282002062
113,4,784.3215,546.54175,771.01135,571.786,754.4377,595.82806,6.780324284799797,769.9700255119167,572.9682660463085,0.8351032720497642,-1.3063145500856308,1.5504370928075883,0.1456331248995184,-0.18973855241711135,0.23918554584535337,-1.0019927238012152
114,4,784.6568,544.8139,771.7034,570.50977,755.2468,594.95734,7.193202237343493,770.852789771502,571.6181878798328,0.8827642595853149,-1.3500781664756687,1.6130665806455455,0.0476609875355507,-0.043763616390037896,0.06470567094465765,-0.9917112426261475
115,4,785.23303,543.8606,772.65015,569.2846,756.3803,593.25635,7.833284330197371,771.6852428812587,570.3703210329938,0.8324531097566705,-1.2478668468389742,1.5000499482961878,-0.050311149828644375,0.1022113196366945,0.11392263014412383,-0.9824931531241442
116,4,784.90967,544.3737,772.6987,568.9464,757.2252,592.2318,7.180399523802046,772.3897203690659,569.3361042378478,0.704477487807253,-1.0342167951459942,1.2513564281168135,-0.12797562194941747,0.21365005169298001,0.24904639005966991,-0.9728200270933022
117,4,784.9129,545.02264,772.55115,568.81647,757.5204,591.817,5.710966135370297,772.9697884237744,568.4888314105681,0.5800680547084767,-0.8472728272797667,1.026815558871176,-0.12440943309877639,0.18694396786622747,0.22455679496628023,-0.9704607263161925
118,4,784.62695,545.11615,772.671,568.89655,757.6773,591.65576,6.685216791698867,773.4493208994769,567.7672602633567,0.4795324757025128,-0.7215711472114208,0.8663811607724322,-0.10053557900596388,0.12570168006834592,0.16096060082538582,-0.9842486485130139
119,4,784.49817,543.6819,773.01996,568.1906,757.68463,591.47723,8.27160784720098,773.852191650267,567.1101485084155,0.40287075079004353,-0.6571117549411838,0.7707792811979417,-0.07666172491246925,0.064459392270237,0.100160038530361,-1.0208050556477575
120,4,785.66693,541.6838,773.5732,567.134,757.62305,591.4392,7.857877347729466,774.2022745302385,566.456253857947,0.35008287997152365,-0.6538946504684873,0.7417116938275016,-0.05278787081851988,0.0032171044726965192,0.052885811582512245,-1.0792460235452412
121,4,785.2206,540.22876,774.02924,566.5011,758.04926,590.8751,10.176663724588618,774.5219732883984,565.7550986130815,0.319698758159916,-0.7011552448655038,0.7706010468273431,-0.030384121811607656,-0.047260594397016575,0.0561850392989266,-1.1429971148026297
122,4,784.3616,538.9777,774.08484,565.48206,758.40137,589.4615,11.993026566047453,774.8278112534098,564.9992634306589,0.30583796501139204,-0.7558351824226293,0.8153672079683845,-0.013860793148523953,-0.05467993755712541,0.056409371189167695,-1.1862999796556775
123,4,781.94385,536.1246,774.23486,564.017,758.7628,588.28986,17.06450395075169,775.1348416488494,564.1920935564469,0.30703039543959676,-0.8071698742119224,0.8635918419942872,0.001192430428204716,-0.051334691789293174,0.05134853913625813,-1.2073182608689936
124,4,781.21454,536.01013,775.021,563.3507,759.1645,587.41626,20.616455859125185,775.4581176982945,563.3369342362138,0.3232760494450986,-0.855159320233156,0.9142236417455323,0.01624565400550182,-0.04798944602123356,0.05066466424927108,-1.2093716924223745
125,4,781.4094,535.4415,775.3287,562.502,759.6033,586.43274,20.64525214359532,775.8126926253219,562.4371307157273,0.35457492702744275,-0.8998035204864436,0.9671451568178968,0.031298877582344176,-0.044644200253287636,0.0545226957713044,-1.1954226899992204
126,4,782.7607,534.4475,775.5104,561.33563,760.4634,585.1381,17.208733664653543,776.1955665462867,561.4986614184438,0.382873920964812,-0.9384692972835182,1.0135665056121328,0.028298993937369232,-0.038665776797074614,0.04791529352084212,-1.1834321672368264
127,4,783.2646,532.9179,776.197,559.912,761.34686,583.638,17.37073033149214,776.5315271486566,560.5380374785718,0.3359606023698234,-0.9606239398719936,1.0176776897426247,-0.046913318594988596,-0.022154642588475326,0.05188147694329825,-1.2343605856437947
128,4,782.884,532.405,776.4646,558.83466,762.4233,582.19604,17.355922392544063,776.7273090126761,559.5744032080081,0.1957818640195228,-0.9636342705637162,0.9833216898267954,-0.1401787383503006,-0.003010330691722629,0.14021105796746405,-1.3703542681811518
129,4,782.261,532.3661,775.7371,558.3161,762.51746,582.06744,14.98792491006514,776.7213188320187,558.6269029186494,-0.005990180657363453,-0.9475002893586861,0.9475192243955274,-0.20177204467688625,0.016133981205030068,0.20241606498155143,-1.5771183310409838
130,4,782.0039,532.18414,774.94025,558.00653,762.16486,581.83704,12.896620471816714,776.5786517540707,557.7146809223931,-0.1426670779479764,-0.9122219962563349,0.9233108174304613,-0.13667689729061294,0.0352782931023512,0.14115641047151972,-1.7259347370840923
131,4,780.934,531.4392,774.16345,557.20685,761.5155,581.3923,12.885706241101492,776.3898405526284,556.8460433661327,-0.18881120144237684,-0.8686375562604098,0.8889211854468149,-0.046144123494400446,0.043584439995925095,0.06347348692820393,-1.7848316719642692
132,4,780.58844,530.0412,774.05884,556.3496,761.24567,581.1186,13.413992680828976,776.2204800534205,555.9859437367512,-0.169360499207869,-0.860099629381466,0.8766152811547799,0.019450702234507844,0.008537926878943836,0.021242081178775307,-1.765217051158944
133,4,780.883,527.5247,775.44135,555.15076,762.12225,580.6766,16.41184667449761,776.1299305951585,555.0884973561285,-0.09054945826198946,-0.8974463806226822,0.9020028882904378,0.07881104094587954,-0.037346751241216225,0.08721215513474247,-1.6713528102960906
134,4,780.3699,524.57526,776.43933,553.2518,762.8595,579.51056,19.541319896844207,776.1775525165541,554.1078195461442,0.04762192139560284,-0.9806778099842859,0.9818333944172932,0.1381713796575923,-0.08323142936160366,0.16130344382578485,-1.522274231709641
135,4,780.6379,523.0721,777.2719,551.75385,763.90393,577.8159,20.46121813750841,776.4010295617283,553.0209713479563,0.22347704517414968,-1.0868481981879086,1.109585956843395,0.17585512377854684,-0.10617038820362268,0.2054195119517033,-1.368003408688952
136,4,781.1097,523.41364,777.2129,551.4662,764.1604,576.9616,19.201997333487743,776.7513390964407,551.8967966798333,0.3503095347124372,-1.1241746681230325,1.177491169631422,0.12683248953828752,-0.037326469935123896,0.13221098955948224,-1.2687180500510922
137,4,781.9514,522.1006,777.6448,550.8241,764.7737,576.3494,18.23235133582943,777.1577818918597,550.8270851793216,0.40644279541902506,-1.069711500511744,1.144324447119399,0.05613326070658786,0.054463167611288554,0.07821240044781308,-1.2076881800566615
138,4,782.91907,521.46423,778.0668,550.13477,765.242,575.51624,17.200674689080135,777.5496587191542,549.9036264839676,0.3918768272944817,-0.9234586953539292,1.003166690931856,-0.01456596812454336,0.1462528051578147,0.1469763601533761,-1.1694698212982524
139,4,782.98773,522.6324,778.0219,550.28735,765.54956,575.09283,16.513783869113613,777.8562703494932,549.218210231318,0.3066116303390345,-0.6854162526495884,0.750870249281036,-0.08526519695544721,0.23804244270434083,0.252852443809627,-1.15015966959392
140,4,783.24445,523.9624,777.66693,550.73224,765.7403,575.1784,14.237262751471128,778.0266194884065,548.8356132883954,0.17034913891325232,-0.3825969429226461,0.4188069362632872,-0.13626249142578217,0.30281930972694227,0.3320647540963406,-1.151904207554908
141,4,783.97797,524.6697,777.9495,550.92175,765.8887,575.35956,13.334843301609636,778.0885165788662,548.7125614401258,0.06189709045975178,-0.12305184826959703,0.13774253943479706,-0.10845204845350054,0.2595450946530491,0.28129255761967936,-1.104738557678049
142,4,784.8389,525.89087,777.9198,551.50586,765.8101,575.90875,11.276393515971725,778.0894739982062,548.7787677009119,0.0009574193400112563,0.06620626078608893,0.06621318312140148,-0.060939671119740524,0.18925810905568596,0.19882725004263388,1.5563361745847883
143,4,784.90857,526.9542,777.0958,551.6558,765.9655,576.0436,6.9800806943768166,778.0770041237591,548.9639450851555,-0.012469874447106122,0.18517738424361596,0.18559677099571095,-0.013427293787117378,0.11897112345752703,0.1197264400004932,1.6380349725033951
144,4,786.2096,528.2404,777.1183,552.1176,765.99945,576.3429,3.809508735412912,778.0986193328589,549.1978066072593,0.021615209099763888,0.23386152210377986,0.2348583164061329,0.03408508354687001,0.0486841378601639,0.05943011189274805,1.4786307971134236
145,4,790.23395,528.9332,778.4528,552.3193,766.5665,576.544,0.6019843115643858,778.1927911300485,549.4144370024004,0.09417179718957414,0.2166303951411237,0.2362140035749652,0.07255658808981025,-0.017231126962656163,0.07457459494786123,1.1607285073761187
146,4,794.098,529.60803,778.297,551.24603,766.88367,576.51495,11.83108213879112,778.36182752871,549.5654078888542,0.16903639866154663,0.15097088645381973,0.22663960957678483,0.07486460147197249,-0.06565950868730397,0.09957850990357012,0.7290045807493996
147,4,794.711,529.4937,778.40546,551.06714,766.88873,576.25354,12.5098891403208,778.5989956694362,549.6066626056707,0.23716814072622583,0.041254716816524706,0.24072947188731691,0.0681317420646792,-0.10971616963729502,0.12914941794931822,0.17222389773346278
148,4,797.4448,527.70624,779.6514,549.7456,767.3545,575.9649,13.788822237918104,778.8975626928196,549.4941444919002,0.29856702338338437,-0.112518113770534,0.31906518672285955,0.06139888265715854,-0.1537728305870587,0.16557749309101097,-0.3604007834424197
149,4,799.36566,526.34656,780.3827,548.3172,767.82715,575.72687,16.216426344540125,779.2507957394517,549.1837968865932,0.35323304663211275,-0.31034760530701533,0.47020125622206,0.05466602324872838,-0.19782949153648133,0.2052434696145367,-0.7208605914096688
150,4,799.22034,526.1894,780.48596,547.86285,768.02637,574.49023,15.763851095488656,779.6519619499247,548.6484411826286,0.4011662104729794,-0.5353557039645693,0.668984348241908,0.047933163840866655,-0.225008098657554,0.23005702044772058,-0.927714441574346
151,4,799.255,525.8379,780.8585,546.8135,769.2596,573.2213,17.539946829208322,780.0943284648317,547.9284109882046,0.4423665149070075,-0.7200301944239982,0.8450630830850632,0.04120030443402811,-0.18467449045942885,0.18921451453814603,-1.019876023030963
152,4,799.97363,524.72345,781.6139,545.5647,770.0266,571.78754,17.538360297247074,780.5711624247645,547.080917965348,0.47683395993271915,-0.8474930228566109,0.9724274004447602,0.03446744502571164,-0.1274628284326127,0.13204081716894253,-1.0583000875286208
153,4,800.03754,523.7458,781.80536,544.27484,770.2802,570.03687,17.506498238124255,781.0757309703151,546.1631737760857,0.5045685455506828,-0.9177441892622937,1.0473031147112264,0.027734585617963603,-0.07025116640568285,0.07552770101597887,-1.0681127121376488
154,4,799.4752,522.763,781.6505,543.344,770.44324,567.6031,16.098945783751603,781.6055282333954,545.2377352278552,0.5297972630802406,-0.9254385482305452,1.0663590607850495,0.025228717529557798,-0.007694358968251436,0.026375961558178843,-1.0508561632714897
155,4,799.5678,522.27484,782.6413,543.19116,770.78015,566.5099,12.021180216989473,782.1749563111922,544.388539709734,0.5694280777968288,-0.8491955181211779,1.0224389291202125,0.03963081471658825,0.07624303010936728,0.08592788322400613,-0.9801100592991666
156,4,800.53516,522.1075,783.99554,543.58624,771.3351,566.1796,8.333288323876463,782.8026442922112,543.7048697562113,0.6276879810189939,-0.6836699535226671,0.9281146517889838,0.05825990322216512,0.16552556459851075,0.1754791408091338,-0.8280623363040647
157,4,801.9197,522.5814,784.9107,543.6556,771.6055,566.1787,8.335267430917987,783.5072212649594,543.2192676235501,0.7045769727482138,-0.4856021326612563,0.8557091455466617,0.07688899172921992,0.19806782086141084,0.2124683004825049,-0.6034481996999803
158,4,803.18524,521.6802,785.5801,542.90967,772.0726,565.5449,8.841713084900809,784.3073163179428,542.7373144551159,0.8000950529833517,-0.48195316843418823,0.9340401224637973,0.09551808023513786,0.0036489642270680633,0.09558775335646641,-0.542160244100111
159,4,804.2429,518.88544,786.80804,541.6265,772.47363,564.1962,5.055863739118851,785.2097458376094,542.0599635111349,0.9024295196666117,-0.6773509439809686,1.1283542614257371,0.10233446668325996,-0.1953977755467804,0.22057342033884594,-0.6438760295155975
160,4,805.01154,516.09814,787.9054,539.8447,772.91724,562.7854,2.6091704868685777,786.1740754021754,541.1966176321748,0.9643295645660146,-0.8633458789601036,1.2943328844673123,0.06190004489940293,-0.185994934979135,0.1960248234189761,-0.7302017600189986
161,4,805.84143,515.5665,788.6935,538.9425,773.5245,560.91846,1.6473449915298028,787.1480578877987,540.2087920538899,0.9739824856233099,-0.9878255782849692,1.3872423203661985,0.009652921057295316,-0.12447969932486558,0.12485341176334476,-0.7924543393649797
162,4,806.461,515.63586,788.96747,538.39624,774.21564,559.4619,2.5430668867081367,788.0794461706372,539.1580020119336,0.9313882828384976,-1.0507900419562475,1.4041523584295463,-0.042594202784812296,-0.06296446367127828,0.07601835170723865,-0.8455631101408909
163,4,806.7476,514.84393,789.41516,537.1245,774.64374,557.5938,2.0644062885166807,788.9159931268492,538.1057627419605,0.8365469562120325,-1.0522392699731427,1.3442538046147492,-0.09484132662646516,-0.0014492280168951766,0.09485239848371153,-0.8991018638705978
164,4,806.8124,514.642,789.12213,536.058,775.7589,556.8544,6.834030728435127,789.6232455358095,537.1025710496549,0.7072524089602439,-1.0031916923055633,1.2274361659536386,-0.12929454725178857,0.04904757766757939,0.13828501301334942,-0.9567210254957086
165,4,806.8006,513.75885,789.4421,534.7924,776.38983,555.69305,7.547718599753856,790.2379257897585,536.1548500208245,0.6146802539490182,-0.947721028830415,1.1296047818074293,-0.09257215501122573,0.055470663475148285,0.10791940691921706,-0.9954145381897697
166,4,807.25665,513.2288,790.6512,534.6692,776.7775,555.08905,3.564691794310081,790.8145501841533,535.2580043113072,0.5766243943947984,-0.8968457095172653,1.066221327347514,-0.03805585955421975,0.0508753193131497,0.06353382218649718,-0.9993951610436773
167,4,808.735,512.7958,791.9587,534.5547,777.33514,554.9708,2.0194542645539157,791.407635014451,534.4074385769418,0.5930848302976983,-0.850565734365432,1.0369241459267193,0.016460435902899917,0.04627997515183324,0.049120077872167295,-0.9618963364351444
168,4,809.2144,512.0242,792.4415,534.1186,777.3898,554.6495,0.9575663607718244,792.0716965761093,533.5985574735664,0.6640615616582863,-0.80888110337537,1.0465497585255075,0.07097673136058802,0.04168463099006203,0.0823122400096773,-0.8834030525819574
169,4,809.4544,510.0539,793.0933,533.19684,777.50397,554.3187,1.171028028497648,792.8445472060076,532.8209786594817,0.7728506298983575,-0.7775788140846771,1.0963242714852304,0.10878906824007117,0.0313022892906929,0.11320289167411356,-0.7884477504311045
170,4,810.5488,508.67996,793.91254,532.1918,777.8873,553.6195,1.5094764529138778,793.6971834067165,532.0411718028379,0.8526362007088437,-0.7798068566438587,1.155459745914148,0.0797855708104862,-0.002228042559181631,0.07981667421786398,-0.7408140157767653
171,4,811.9421,507.16058,795.024,531.05774,778.29395,552.5156,2.645748747080806,794.583897722229,531.2198195742479,0.8867143155125632,-0.8213522285899444,1.2086694174771617,0.03407811480371947,-0.04154537194608565,0.053733935633955614,-0.7471501156148649
172,4,812.1356,505.7092,795.7574,529.8091,778.7794,550.6887,4.915856837941798,795.4589826965386,530.3176046443243,0.8750849743095159,-0.9022149299236162,1.2568872232779527,-0.011629341203047261,-0.0808627013336718,0.08169466349643346,-0.8006616811919688
173,4,813.4888,503.9207,796.9337,528.25745,779.7643,549.39667,4.858251633028389,796.2760436735497,529.3141762247834,0.8170609770111241,-1.00342841954091,1.2940082044935963,-0.058023997298391805,-0.10121348961729382,0.11666599651566785,-0.8874149391857634
174,4,813.4561,504.0137,797.2279,527.4868,781.0039,547.4829,4.396276475087037,796.9859371968166,528.2650496917577,0.7098935232669419,-1.049126533025742,1.266734106541292,-0.10716745374418224,-0.04569811348483199,0.11650399442973629,-0.9759126501084872
175,4,813.1173,504.3099,796.707,526.8743,781.7506,546.7883,0.8811559864158589,797.5388326098043,527.2447069624826,0.5528954129877093,-1.0203427292750575,1.1605139477349349,-0.1569981102792326,0.028783803750684456,0.1596148927563089,-1.0742146375267516
176,4,812.60706,504.9429,796.36475,526.59674,782.36066,546.54846,1.8081853253669948,797.9179569242142,526.3276299541947,0.3791243144098644,-0.9170770082879471,0.9923535080338665,-0.1737710985778449,0.1032657209871104,0.20213907052309016,-1.1787875061401865
177,4,813.4159,504.68787,797.17456,526.2023,782.7857,546.65045,1.9162211846421824,798.2387678246869,525.5883005841296,0.32081090047267935,-0.7393293700650929,0.8059327213253836,-0.05831341393718503,0.17774763822285422,0.1870686428528634,-1.1613934316978443
178,4,812.42346,504.2843,797.8297,526.2957,783.3843,545.58606,3.282648731310976,798.6219727869443,525.0590522739236,0.3832049622574232,-0.5292483102059578,0.6534139705841733,0.062394061784743826,0.21008105985913517,0.21915079433471366,-0.9441077355398667
179,4,812.16754,503.12854,798.2706,525.6953,783.51935,545.0414,5.700111035941033,799.0770477780973,524.6036244628144,0.45507499115296923,-0.45542781110918895,0.643822754105959,0.07187002889554606,0.0738204990967688,0.10302799202324904,-0.7857856635102253
180,4,795.9559,524.60846,799.69824,524.83563,801.6019,517.5708,78.79004099593504,799.5856608881028,524.0436080944394,0.5086131100055127,-0.5600163683750452,0.7565088423260194,0.05353811885254345,-0.10458855726585625,0.1174950913069238,-0.8334631556420212
181,4,811.6611,499.09012,799.97174,522.7337,784.748,542.41516,11.41452560715378,800.1321376338393,523.2505943650087,0.5464767457365269,-0.7930137294306405,0.9630719644430928,0.037863635731014256,-0.23299736105559532,0.23605386073869325,-0.9674139278819238
182,4,812.0145,498.1221,800.8587,521.6622,786.3837,540.5596,12.094647976520696,800.711433239873,522.2961754810239,0.5792956060337247,-0.9544188839848857,1.1164671089095886,0.032818860297197716,-0.1614051545542452,0.1647079278841391,-1.0252737258210833
183,4,812.5038,497.57028,801.2633,520.6976,787.18976,539.4606,10.951431534299848,801.3157216938442,521.2874748212979,0.6042884539712077,-1.008700659725946,1.1758577960512364,0.02499284793748302,-0.0542817757410603,0.05975913006084436,-1.031056444093771
184,4,809.29,503.97757,801.837,520.12964,792.0745,531.7795,15.192784539145826,801.915422328001,520.2737394436024,0.5997006341567612,-1.0137353776955251,1.1778371137808108,-0.004587819814446448,-0.0050347179695791056,0.006811495847685014,-1.0365946173543925
185,4,814.556,493.25818,802.5155,518.60565,787.0924,540.7811,9.410099330995376,802.4755158107447,519.2897473254488,0.5600934827436959,-0.9839921181535374,1.1322301877269692,-0.03960715141306537,0.029743259541987754,0.04953168613362089,-1.053327857627062
186,4,814.9004,493.2245,802.59406,517.74335,787.78906,539.6132,7.443709695525994,802.960982810476,518.3702764443484,0.48546699973132945,-0.9194708811004375,1.0397619482457288,-0.0746264830123664,0.06452123705309987,0.09865141660238498,-1.0850120296512065
187,4,815.06726,493.41562,802.6455,517.51105,788.83356,539.3243,5.069447479525891,803.3368039955967,517.5501047778125,0.3758211851206852,-0.8201716665358845,0.9021768816444846,-0.10964581461064427,0.09929921456455304,0.14792747775436757,-1.1411255698657399
188,4,814.47876,494.09985,802.3765,517.5724,789.25037,539.50696,3.622068464144764,803.5812267400074,516.8548266496657,0.24442274441071277,-0.6952781281468106,0.7369899276547797,-0.13139844070997242,0.12489353838907391,0.18128415858081814,-1.2327442495335266
189,4,815.3682,493.20917,803.0189,517.267,789.2327,539.46136,4.674704447602309,803.7255652396115,516.2733017689868,0.14433849960403222,-0.5815248806788986,0.5991700837963712,-0.10008424480668054,0.11375324746791193,0.1515145450708267,-1.3275059789636117
190,4,813.8057,493.14517,802.70087,517.08527,789.0804,539.16907,6.78006394543743,803.8144003958121,515.7852061911676,0.08883515620061644,-0.48809557781919466,0.4961138761049135,-0.055503343403415784,0.09342930285970397,0.1086722400698899,-1.3907633403403472
191,4,813.4493,492.3146,802.6642,516.7393,789.025,539.2987,7.332109737360629,803.8923131100123,515.3702159716004,0.07791271420023804,-0.4149902195672439,0.42224077653693903,-0.010922442000378396,0.07310535825195075,0.07391679879701024,-1.3852108341972285
192,4,813.1779,491.53915,802.8259,516.25836,789.023,538.9774,8.557539989684017,803.9964435196604,515.0076892547851,0.10413040964806441,-0.3625267168152959,0.3771853160163469,0.026217695447826372,0.052463502751948,0.058649694590838505,-1.29109116717812
193,4,815.69653,489.95767,803.1606,515.725,788.5223,539.1081,6.10415933206003,804.134168706385,514.6757125416557,0.1377251867246514,-0.3319767131293929,0.3594116930743007,0.03359477707658698,0.030550003685902993,0.045408278672883655,-1.1775421905594075
194,4,816.7352,488.30005,803.3403,514.47003,788.3607,539.0018,4.303659424658355,804.30542498786,514.3520544222536,0.171256281474939,-0.3236581194021255,0.3661738551556406,0.03353109475028759,0.008318593727267398,0.034547551530493395,-1.0841194689068718
195,4,817.364,489.28293,804.36334,515.1942,789.20996,538.58124,6.296128710646059,804.5101486817586,514.0144834866209,0.20472369389858613,-0.3375709356326979,0.39479859096432585,0.03346741242364715,-0.013912816230572389,0.03624409123981687,-1.0256394420865267
196,4,819.03424,489.0728,805.00354,514.8598,789.76355,538.3328,4.443251063682443,804.7482761057549,513.6407683247995,0.23812742399638864,-0.37371516182133746,0.4431339438976711,0.03340373009780251,-0.03614422618863955,0.04921599609092936,-1.0034794193092285
197,4,819.4263,489.41354,805.03845,514.0536,790.92957,537.3215,0.9495632317971618,805.0205558701317,513.2150842152489,0.27227976437677626,-0.4256841095506161,0.5053149821774273,0.034152340380387614,-0.051968947729278625,0.06218644451603861,-1.0017466035405713
198,4,820.2221,489.89163,805.68164,512.962,793.1435,535.33185,2.951610311257329,805.3309857556075,512.7472331900991,0.3104298854757417,-0.46785102514979826,0.5614724352363162,0.03815012109896543,-0.042166915599182175,0.05686370117231449,-0.9849733117107359
199,4,822.06793,489.25436,806.1882,512.081,793.8253,534.2603,5.689614227512939,805.6843758355097,512.2534239698977,0.3533900799022831,-0.4938092202014559,0.6072331467643314,0.04296019442654142,-0.02595819505165764,0.05019368680926062,-0.9496500562852866
200,4,821.58136,489.07132,806.4354,511.24368,795.4492,532.7278,7.253390353603081,806.0855361831658,511.74986527519206,0.40116034765605946,-0.503558694705589,0.643817507951692,0.04777026775377635,-0.009749474504133104,0.0487550072748864,-0.8981010272696115
201,4,821.85724,489.1888,806.9481,511.44742,796.36676,532.24884,6.852975156285497,806.5392768719038,511.25276582653004,0.45374068873798024,-0.49709944866202704,0.6730441846390978,0.05258034108192078,0.006459246043561961,0.052975599361804265,-0.8309670684247848
202,4,822.1054,487.95914,807.26685,510.8038,795.35345,532.2771,3.983838148838299,807.048613065753,510.77276996840146,0.509336193849208,-0.47999585812857504,0.6998709753843098,0.055595505111227794,0.017103590533452007,0.05816694076284694,-0.755750141392227
203,4,822.72424,487.33627,807.8156,510.512,795.38666,532.0449,2.7588215579281887,807.6093802915507,510.29826454106376,0.5607672257976901,-0.4745054273377036,0.7345851088211456,0.05143103194848209,0.0054904307908714145,0.05172326244114087,-0.702267409246976
204,4,825.1022,487.40952,809.324,509.97278,796.56177,532.0833,4.97106260688457,808.2156191668365,509.8120720087169,0.6062388752858396,-0.48619253234687676,0.777115662187881,0.045471649488149524,-0.011687105009173138,0.04694954026046015,-0.6759481770552506
205,4,826.6413,487.1717,809.99615,509.40396,796.9312,532.12836,6.926028699966378,808.8613703091496,509.2970148355607,0.6457511423130882,-0.5150571731562081,0.8260014705908958,0.03951226702724853,-0.028864640809331377,0.04893247116878841,-0.6732815508921334
206,4,827.43494,486.31754,810.3621,508.6156,797.1965,531.71106,7.7544353550563745,809.5406743360295,508.7359154857949,0.6793040268798904,-0.5610993497657546,0.8810711896565382,0.03355288456680228,-0.04604217660954646,0.05697085298376553,-0.6903897146960054
207,4,828.026,484.39008,811.008,508.02606,797.3398,530.6716,4.639963119054938,810.2475718650153,508.11159642361923,0.7068975289857917,-0.6243190621756867,0.9431216294212253,0.02759350210590128,-0.06321971240993207,0.0689792243770753,-0.723445217259686
208,4,829.2177,481.83817,811.884,506.43588,797.67914,529.9342,4.018831023835348,810.9761035136465,507.4068801132337,0.7285316486312468,-0.7047163103855496,1.0135992507795104,0.02163411964545503,-0.08039724820986294,0.08325714775652703,-0.7687833504255853
209,4,829.8914,481.66635,812.714,505.44223,798.5766,528.3901,4.211241657533051,811.7203098994626,506.6045890188378,0.7442063858160282,-0.802291094395855,1.0943098943335263,0.015674737184781407,-0.0975747840103054,0.09882578540274657,-0.8229393942409888
210,4,830.67316,481.15198,813.2515,504.2692,799.01874,527.49384,5.501212237612177,812.4742316400027,505.6875456046315,0.7539217405401359,-0.9170434142063186,1.187167475294977,0.009715354724107783,-0.11475231981046363,0.11516285433809882,-0.8827110475727676
211,4,831.3535,480.1021,813.73303,503.40677,799.4515,526.80835,5.697738035113284,813.2179329513789,504.66019187093144,0.743701311376185,-1.0273537337000676,1.2682851945403,-0.01022042916395094,-0.11031031949374892,0.11078277735780188,-0.9442095635228747
212,4,830.26306,480.66254,813.919,502.62262,800.8359,524.08575,5.29405673442849,813.8755724439928,503.6134479625215,0.6576394926139528,-1.046743908409951,1.236188704057304,-0.08606181876223218,-0.019390174709883468,0.08821913354790503,-1.0098478432921212
213,4,830.6499,479.92096,813.727,501.9099,801.10004,524.4194,8.291452955907737,814.3573323268197,502.6598535603024,0.4817598828268501,-0.9535944022190961,1.0683795527081823,-0.1758796097871027,0.09314950619085494,0.19902378662477416,-1.1029940424010478
214,4,830.1262,480.3867,813.29407,501.9505,801.4518,524.0938,9.836732560483968,814.6230445681551,501.88012843109266,0.26571224133545,-0.7797251292097371,0.823756197133988,-0.2160476414914001,0.17386927300935895,0.2773213073148177,-1.2423616700586126
215,4,830.9107,479.32065,814.2994,501.1802,801.3797,524.0389,7.756611760045505,814.8311401735823,501.22771268538344,0.208095605427161,-0.6524157457092201,0.6847993036265548,-0.05761663590828903,0.12730938350051701,0.13974031580281351,-1.2620355617050703
216,4,830.95135,478.726,814.8325,501.01804,801.3849,523.7986,5.315886570758944,815.1489250196245,500.617360458962,0.31778484604217283,-0.6103522264214121,0.6881257506238392,0.10968924061501184,0.04206351928780805,0.1174779518104302,-1.0907591285519906
217,4,828.4041,482.54123,815.0075,499.9573,805.65656,517.6384,9.69499256179285,815.5806054292783,499.9363616451291,0.43168040965383625,-0.6809988138329004,0.8062923542492024,0.11389556361166342,-0.07064658741148833,0.13402663811089022,-1.005827559375918
218,4,831.775,476.22607,815.6617,498.98035,801.94293,522.15826,4.683286860676344,816.0896128371608,499.06514007656403,0.50900740788245,-0.8712215685650904,1.009017127115406,0.07732699822861377,-0.19022275473218997,0.20533913672982787,-1.0420414596196435
219,4,830.93616,473.58594,816.7298,496.51834,803.4952,518.9635,1.2525767865362936,816.6393786778867,497.9385681786292,0.5497658407259678,-1.1265718979348094,1.2535576256580983,0.04075843284351777,-0.255350329369719,0.2585827537889631,-1.1167956137602215
220,4,832.3879,470.87262,817.534,494.9241,803.04083,518.12366,0.2947505664483941,817.1933343860728,496.7093127474229,0.5539557081860949,-1.2292554312062975,1.3483085113512183,0.004189867460127061,-0.10268353327148816,0.10276897875550894,-1.147407571388041
221,4,831.8849,471.07935,818.0808,494.77243,804.225,516.3835,2.4396766223854187,817.7213675315835,495.5522994761313,0.5280331455106761,-1.157013271291646,1.2718092281088762,-0.025922562675418703,0.07224215991465144,0.07675225680587563,-1.1426527437529046
222,4,831.696,472.2956,818.556,493.60736,806.3081,513.6281,0.2007689357290851,818.2191902252772,494.513695275558,0.49782269369370624,-1.0386042005732747,1.1517491566330356,-0.030210451816969908,0.11840907071837137,0.12220220712971486,-1.123830003138285
223,4,833.0896,469.39484,818.7089,493.41168,804.9314,515.0382,1.58769920427459,818.6889707132606,493.60747736091133,0.46978048798337113,-0.9062179146466747,1.0207470870477477,-0.02804220571033511,0.13238628592660007,0.13532366386755962,-1.0925398093368823
224,4,829.6414,473.36682,818.75793,493.96838,808.52985,511.05783,3.0539630402222104,819.1328772416408,492.84762294739966,0.44390652838023925,-0.7598544135116754,0.8800180314469518,-0.02587395960313188,0.1463635011349993,0.1486328908756048,-1.042075902240761
225,4,833.2452,468.66513,819.44196,493.11243,805.76184,515.18726,2.3376614877292363,819.5530780565249,492.24810925023144,0.42020081488408323,-0.59951369716822,0.7321102361813798,-0.023705713496156022,0.16034071634345537,0.16208363942697687,-0.9594647290866438
226,4,833.1664,468.274,819.8568,492.92654,805.8417,514.95184,4.105368290205974,819.9517414040192,491.8053076911189,0.39866334749433463,-0.4428015591125245,0.5958235354430632,-0.0215374673897486,0.1567121380556955,0.15818519752350993,-0.8378041484808583
227,4,816.46387,495.88477,819.43304,493.06274,820.32776,487.45273,37.394077105788746,820.3310355302314,491.44516651779134,0.3792941262121303,-0.3601411733275768,0.5230350838182722,-0.019369221282204307,0.08266038578494772,0.08489938816737953,-0.7595018189170583
228,4,830.78894,469.86194,820.03033,492.115,807.64197,511.65198,6.576469060131642,820.6931286812681,491.07602818448174,0.3620931510367882,-0.3691383333095928,0.5170827391688243,-0.017200975175342137,-0.008997159982016001,0.019411914761937488,-0.7950325465458568
229,4,829.6312,469.68494,820.49164,491.48447,808.4667,509.75635,10.603279352406814,821.0401891032362,490.6062351454233,0.34706042196808085,-0.4697930390584588,0.584085983434327,-0.01503272906870734,-0.10065470574886604,0.10177108004066757,-0.9345330612150753
230,4,807.9986,510.82687,821.2055,490.71246,827.46155,466.92056,18.556151399195723,821.3674984904242,489.98477264478356,0.3273093871879382,-0.6214625006397227,0.7023866987939913,-0.019751034780142618,-0.15166946158126393,0.15295008647018443,-1.086036361850786
231,4,805.67664,513.2927,821.9719,489.10538,827.8126,462.17642,21.73111293574097,821.6427923298432,489.3231970864681,0.2752938394190778,-0.6615755583154623,0.7165674548725421,-0.052015547768860415,-0.04011305767573958,0.06568618276161137,-1.176472361430074
232,4,805.64813,513.19257,821.2208,488.7162,824.6327,462.37747,25.085000156444696,821.8269195566871,488.7737076643165,0.18412722684388427,-0.5494894221516233,0.5795183005926078,-0.09116661257519354,0.112086136163839,0.14448063250337081,-1.2474675430567266
233,4,804.9269,513.57336,820.80206,489.51382,823.3948,463.2721,27.77540917722805,821.8807291061489,488.4272527174691,0.053809549461789175,-0.3464549468473592,0.3506087531826427,-0.1303176773820951,0.2030344753042641,0.24125856503001433,-1.4167127152257066
234,4,813.82477,480.63464,819.3661,489.51318,809.8722,494.21765,95.60973812698592,821.7650699134219,488.1297771662675,-0.11565919272698011,-0.2974755512016145,0.31916884626316694,-0.16946874218876928,0.04897939564574472,0.1764047498704781,-1.9416124410092372
235,4,801.70953,511.7524,818.7988,488.23325,820.0901,462.53815,33.12571124250091,821.4515364650897,487.7353726709406,-0.31353344833223673,-0.3944044953269099,0.5038433577583195,-0.19787425560525662,-0.0969289441252954,0.2203393774171541,-2.2424528839922635
236,4,804.09485,502.98718,818.86334,488.33755,814.81104,472.04114,59.195597621592086,820.954705453299,487.3757212700659,-0.4968310117907322,-0.35965140087466807,0.6133434473670636,-0.18329756345849546,0.03475309445224184,0.18656305728580783,-2.5150118878953265
237,4,803.3085,506.48856,818.6703,488.66278,816.6421,469.3379,46.74536754552901,820.2998991215862,487.2519025968078,-0.6548063317127344,-0.12381867325814255,0.6664100808800045,-0.1579753199220022,0.23583272761652552,0.28385432376398506,-2.954707165389444
238,4,801.45795,511.5343,816.8123,489.46432,824.6734,464.97977,17.026920205242018,819.5374412869929,487.5089879046,-0.762457834593306,0.2570853077922379,0.804633335759427,-0.10765150288057157,0.3809039810503805,0.39582406300334283,2.8163843683466796
239,4,802.0972,509.69522,816.22705,490.87003,828.36414,469.39023,7.42277632386055,818.8176620605796,488.0680149279553,-0.7197792264133795,0.5590270233552701,0.911368941547657,0.042678608179926414,0.3019417155630322,0.3049430490982254,2.481243473114934
240,4,831.4484,474.1539,816.4056,493.21524,804.975,512.41046,7.506396789651084,818.2857416261672,488.80556037490743,-0.5319204344123136,0.7375454469521401,0.9093473675473067,0.18785879200106592,0.17851842359686998,0.25915198879347084,2.195611606556272
241,4,835.78577,475.38486,817.62164,493.5691,803.9805,514.95825,12.440295663640123,817.9662541645991,489.6443903664984,-0.3194874615680874,0.8388299915909556,0.8976123845467501,0.21243297284422624,0.10128454463881553,0.23534299848121248,1.93470571725068
242,4,838.6504,477.3949,818.5812,493.07016,803.87775,515.3798,18.620699773329417,817.8536223559755,490.51881837702234,-0.11263180862363242,0.8744280105239568,0.881652011795309,0.20685565294445496,0.035598018933001185,0.2098963556306567,1.6988972589545919
243,4,839.799,480.37982,818.9021,493.5542,803.8847,515.1747,22.98728619012371,817.9422688803958,491.36315788077326,0.08864652442025545,0.8443395037509163,0.8489802140722329,0.20127833304388787,-0.030088506773040535,0.20351482892594716,1.4661903567995793
244,4,841.39105,483.81073,819.59766,494.25928,804.374,515.1334,28.281767904582125,818.2266164179601,492.1117223520457,0.28434753756437203,0.7485644712724593,0.8007510785321107,0.1957010131441166,-0.09577503247845698,0.21788011242856284,1.2077741819594998
245,4,844.694,486.13736,821.0199,493.86786,804.8042,515.33496,34.84968118555843,818.6957042338618,492.7136778347901,0.4690878159016165,0.6019554827443585,0.7631472873786177,0.1847402783372445,-0.14660898852810078,0.23584564010673453,0.9088220279305806
246,4,846.20306,483.92682,821.65216,493.6419,805.0385,515.30927,30.931163218821784,819.3170379336697,493.177600651585,0.6213336998079058,0.4639228167949341,0.7754224309754824,0.15224588390628924,-0.13803266594942443,0.20550383460050736,0.6413578025709555
247,4,846.66205,483.90036,822.358,493.97888,805.52637,515.51276,29.46459345517133,820.0527397080463,493.52691969466525,0.7357017743765937,0.34931904308024286,0.8144205883199201,0.11436807456868792,-0.11460377371469121,0.16190763240254336,0.443293838447053
248,4,847.95514,483.4013,823.36334,493.8575,805.9472,515.6983,28.39591497331057,820.8649317476542,493.78506385626577,0.8121920396079076,0.25814416160051223,0.8522290287070046,0.07649026523131397,-0.09117488147973063,0.11901100658342356,0.307739050481067
249,4,849.6509,482.00107,823.75726,493.4491,806.1754,515.6028,27.712318802496377,821.7189361515261,493.96266772551877,0.8540044038719543,0.1776038692530051,0.8722767085084472,0.041812364264046664,-0.08054029234750715,0.09074696962858454,0.20504329823618733
250,4,851.1451,480.3855,824.39716,492.6207,806.6135,515.2757,27.28833173824879,822.5928746521769,494.0191886791459,0.8739385006507518,0.05652095362711407,0.8757643068306693,0.01993409677879754,-0.12108291562589102,0.1227128382478912,0.06458388922651127
251,4,851.11176,480.62186,824.9691,492.20157,807.53253,514.6947,28.3266683879418,823.468068890491,493.9012897907658,0.8751942383141795,-0.11789888838006846,0.8830997127502606,0.0012557376634276807,-0.17441984200718252,0.17442436229750094,-0.13390556019644287
252,4,852.3318,480.1187,826.0564,491.84918,808.14435,513.5283,26.37726132319702,824.3258405073536,493.5556341339975,0.8577716168625784,-0.3456556567683151,0.9247972641346736,-0.017422621451601117,-0.22775676838824666,0.22842218212096482,-0.38306352353468354
253,4,853.47144,479.10495,826.63556,490.71634,808.3454,511.77444,25.62657604897576,825.14751114365,492.9288847824598,0.8216706362964032,-0.6267493515376827,1.0334202360146825,-0.03610098056617517,-0.28109369476936763,0.2834024453615984,-0.6516267401334633
254,4,853.4385,477.99426,826.8331,489.17697,808.55206,509.57947,25.34110116982521,825.9236201715868,492.0172355999438,0.7761090279367409,-0.9116491825160438,1.1972674952687405,-0.04556160835966239,-0.284899830978361,0.2885199713153631,-0.8655339876188872
255,4,853.69604,477.25977,827.38403,487.48737,809.3064,507.05618,26.026971858285133,826.6815778886574,491.0150036109296,0.7579577170706671,-1.002231989014149,1.256570276852924,-0.0181513108660738,-0.09058280649810513,0.09238352082070701,-0.9232946509424095
256,4,854.26483,476.29523,828.0174,487.2338,809.6732,506.38174,23.604311250157284,827.4580123236781,490.1660366300697,0.7764344350206329,-0.8489669808599274,1.1504761477215553,0.01847671794996586,0.1532650081542215,0.15437471240691,-0.8299929674956507
257,4,854.05164,477.84918,828.9627,488.52356,811.191,506.76498,22.69932561090777,828.2895515054639,489.6356369713453,0.8315391817858426,-0.5303996587243773,0.9862967143917719,0.05510474676520971,0.31856732213555006,0.32329811606112585,-0.5677884909175818
258,4,856.20215,477.44952,830.3363,489.34464,811.7701,507.4096,19.519397505704703,829.2128234628309,489.2749249460553,0.9232719573669783,-0.3607120252900131,0.9912337123247345,0.09173277558113568,0.16968763343436422,0.1928958139939127,-0.3724538106332181
259,4,857.2808,476.7141,831.74854,488.85376,812.3901,507.15918,17.96916960246398,830.2515435859534,488.89485800397927,1.0387201231225163,-0.3800669420760414,1.1060697874179044,0.11544816575553796,-0.019354916786028298,0.11705935152781365,-0.35076818095588647
260,4,859.0065,476.1362,832.39594,488.15836,812.3949,506.60095,18.36600585578733,831.3777767104381,488.4599241515023,1.1262331244846564,-0.43493385247694505,1.207298019014737,0.08751300136214013,-0.054866910400903635,0.10329038321330175,-0.3685400835518023
261,4,859.96094,475.17688,833.2269,487.62534,813.5544,505.50775,17.30232150094735,832.5506750332502,487.97299403416207,1.1728983228121024,-0.4869301173402505,1.2699572492129145,0.04666519832744598,-0.05199626486330544,0.06986595948439325,-0.3934991190968325
262,4,863.9768,474.34625,835.8717,486.5863,814.2357,504.7298,16.448913451000365,833.7293907513549,487.4369382974953,1.1787157181047405,-0.5360557366667535,1.294884742716706,0.005817395292638139,-0.049125619326503056,0.04946886457362144,-0.4268214393990019
263,4,862.25354,474.95752,836.25464,485.96027,816.2051,502.9413,17.324950933540435,834.8730760617183,486.85462758703954,1.1436853103633666,-0.5823107104557721,1.283394659741288,-0.03503040774137389,-0.04625497378901855,0.05802285814013044,-0.47094310166870745
264,4,861.41907,475.07217,836.404,485.70908,817.6028,501.37283,16.7623852734627,835.9466816789246,486.2382757061506,1.07360561720634,-0.6163518808889421,1.237949377952242,-0.07007969315702667,-0.03404117043317001,0.07790997803518583,-0.5211540673157581
265,4,862.11816,474.27783,836.9082,484.93353,818.5803,500.8837,18.119257013312016,836.9383523880372,485.6374690894595,0.9916707091125545,-0.6008066166911021,1.1594737538951045,-0.08193490809378545,0.01554526419783997,0.08339654910916706,-0.5447120236514149
266,4,863.1807,472.92026,837.4677,484.0812,818.4286,499.98492,16.408921336117647,837.8420314917385,485.1111373294162,0.903679103701279,-0.5263317600433197,1.0457825032465622,-0.08799160541127549,0.07447485664778242,0.11527804168861192,-0.5274017965323405
267,4,863.54004,473.293,838.52045,484.97064,819.1034,499.81464,12.376898911491264,838.6516622927111,484.7182100184706,0.8096308009726272,-0.39292731094559485,0.8999410567201133,-0.09404830272865183,0.13340444909772486,0.163223252893721,-0.45183208189944213
268,4,864.1687,474.03204,838.87897,485.84137,819.6796,500.6224,12.560900934603504,839.3817476199248,484.4922173814924,0.7300853272137147,-0.2259926369781624,0.764262557620809,-0.07954547375891252,0.16693467396743245,0.18491800282325896,-0.3001884765906207
269,4,865.5678,473.61655,839.6478,485.80655,819.6309,500.7689,11.59025653905547,840.1290284074971,484.3650921730326,0.747280787572322,-0.1271252084598018,0.7580167505409481,0.017195460358607306,0.09886742851836061,0.10035164312943551,-0.16850392418350307
270,4,866.53986,472.55356,840.70465,485.75452,820.1378,500.19284,8.004005820745608,841.0108051158323,484.24336778006193,0.8817767083352237,-0.12172439297069104,0.8901387482896054,0.13449592076290173,0.005400815489110755,0.13460431460324057,-0.1371774843037291
271,4,870.3522,471.4405,843.0777,484.19186,821.4103,498.9392,9.183095957857336,842.1098588873818,484.033577589551,1.0990537715495066,-0.20979019051094383,1.1188972771402266,0.21727706321428286,-0.08806579754025279,0.23444595730236908,-0.18861361201299742
272,4,873.03876,470.72208,844.93604,482.74222,823.08624,497.79932,11.413990653897002,843.3708935927795,483.64225498847077,1.2610347053976056,-0.3913226010802191,1.320356734497694,0.16198093384809908,-0.18153241056927527,0.2432937299179619,-0.3008963662719477
273,4,872.7524,471.30402,845.5819,481.5909,825.7036,497.6249,18.152971796728405,844.6972459803668,483.0099065454189,1.3263523875873489,-0.6323484430518533,1.4693791918659946,0.06531768218974321,-0.24102584197163424,0.24971955491065473,-0.44488131834925054
274,4,873.693,470.79962,846.9454,480.9672,827.1461,497.04242,18.26021944337397,845.9648615811328,482.21293155549944,1.267615600766021,-0.7969749899194767,1.4973371183078814,-0.05873678682132777,-0.16462654686762335,0.17479104685209676,-0.5612697358869053
275,4,874.5249,469.96637,847.3604,479.8491,827.9046,496.29553,20.21669961839753,847.0428381217272,481.3617024954428,1.0779765405943635,-0.851229060056653,1.3735444422211915,-0.18963906017165755,-0.05425407013717631,0.19724724907901556,-0.6684008183265374
276,4,872.87225,469.80884,846.9434,479.5097,827.99414,495.58856,19.802761134752394,847.8504607768629,480.5665918419797,0.807622655135674,-0.7951106534630981,1.1333381244531178,-0.27035388545868955,0.05611840659355494,0.27611682118481984,-0.7775916572011038
277,4,873.1421,469.90033,847.56415,479.68787,828.5141,495.38416,18.54721006603047,848.5077645135063,479.9379720718409,0.6573037366434846,-0.6286197701388119,0.9095114169788415,-0.15031891849218937,0.1664908833242862,0.22431003429798355,-0.7630957399544485
278,4,874.05133,468.73376,848.42114,480.46124,828.47046,495.47778,12.380977087428372,849.1558012146158,479.554586356105,0.6480367011095041,-0.3833857157358693,0.7529516405554831,-0.009267035533980561,0.24523405440294255,0.24540908578635276,-0.534228368532111
279,4,872.68555,469.08942,848.679,480.87433,829.5105,494.70282,9.660680736600003,849.8189406348691,479.3686606432426,0.6631394202532874,-0.18592571286239945,0.6887105788335602,0.01510271914378336,0.19746000287346988,0.19803672603920397,-0.2733536075298255
280,4,873.7061,468.2224,849.7078,480.91687,829.58905,495.60666,8.257566824508617,850.4923819968733,479.3007915760716,0.673441362004155,-0.06786906717098873,0.6768526267487418,0.010301941750867627,0.11805664569141072,0.11850528087703752,-0.1004403505967966
281,4,872.86035,467.52808,849.9221,480.1898,830.1378,493.93945,5.900100286077197,851.1713245232354,479.27157579741066,0.678942526362107,-0.02921577866095504,0.6795708320886986,0.005501164357951893,0.03865328851003369,0.039042790908605685,-0.04300476793624734
282,4,870.67053,467.1326,851.1683,479.75143,832.87665,491.79202,0.4502395892623046,851.8509674365623,479.201609950078,0.6796429133269157,-0.06996584733263944,0.6832347396235584,0.0007003869648087857,-0.0407500686716844,0.04075608713612568,-0.10258364694807412
283,4,875.1503,463.5347,852.2723,478.8525,831.537,493.90353,2.1706952855001167,852.526509959461,479.02857439307667,0.6755425228986951,-0.17303555700135576,0.6973514208998957,-0.004100390428220635,-0.10306970966871631,0.10315123970586741,-0.2507519964827145
284,4,876.5306,462.79175,852.76263,479.42886,830.3277,494.15012,1.7193081387868123,853.1931513145385,478.7584843501488,0.666641355077445,-0.27009004292784766,0.7192769477664767,-0.008901167821250056,-0.0970544859264919,0.09746180804313899,-0.3849385169133079
285,4,871.7683,465.1142,853.7494,478.7072,833.9328,489.75156,7.8978433491746385,853.8460907244022,478.41443876122133,0.652939409863734,-0.3440455889274858,0.7380360697240087,-0.013701945213711042,-0.07395554599963816,0.07521413488662976,-0.4849494642361469
286,4,876.4392,461.9436,854.49896,478.38333,832.7168,491.3026,6.171331096148699,854.4805274116588,478.019536566221,0.6344366872566525,-0.3949021950003271,0.7473002433783036,-0.018502722607081523,-0.05085660607284126,0.054117881750145765,-0.5567601871966743
287,4,876.6809,461.89648,854.3123,477.0715,832.164,490.8851,2.202115360830124,855.0930497746847,477.5948889109628,0.6125223630258461,-0.42464765525818393,0.745324946800414,-0.021914324230806415,-0.02974546025785685,0.03694631256897839,-0.6061996062566009
288,4,877.974,461.77612,854.74164,476.6358,832.8287,491.0497,0.7327531559869731,855.6858029149297,477.1536557648146,0.5927531402450086,-0.4412331461482495,0.7389472068627104,-0.01976922278083748,-0.016585490890065557,0.025805051393532067,-0.6398941217403215
289,4,879.5769,461.0693,855.87274,475.93915,834.7069,491.12656,3.560734877792737,856.2623211096137,476.70700930303207,0.576518194684013,-0.4466464617825068,0.7292916361953877,-0.016234945560995584,-0.0054133156342572875,0.017113662481321307,-0.6591419267110178
290,4,879.6018,461.72903,856.15826,475.6363,835.83215,490.52896,5.55230888552026,856.8261386359557,476.2661217008708,0.5638175263419498,-0.44088760216124,0.7157318497522959,-0.012700668342063182,0.005758859621266765,0.013945301734725668,-0.66364907559977
291,4,881.94165,462.19998,857.29584,475.56216,835.8465,490.45068,6.30030016699396,857.3807897711753,475.842165133587,0.5546511352196148,-0.4239565672838239,0.6981239522774526,-0.009166391122334971,0.016931034877416096,0.019253120999669162,-0.6526322398167497
292,4,882.4268,462.80106,857.6916,475.90137,836.3778,490.5823,6.652456971822087,857.9372898969892,475.4432607776789,0.5565001258139546,-0.3989043559080869,0.6847021799245223,0.0018489905943397389,0.025052211375736988,0.02512035153083178,-0.6219183850223905
293,4,881.1131,462.58252,857.6134,475.7402,836.6019,489.99774,4.914382062781743,858.5365788131028,475.0653258146142,0.5992889161135508,-0.3779349630647175,0.7085069098345365,0.04278879029959626,0.020969392843369405,0.04765077136335124,-0.5626440539076037
294,4,886.57635,462.66156,859.2986,475.08002,836.5453,490.35178,9.391219196703103,859.2270774237182,474.7012264271029,0.6904986106154638,-0.36409938751131676,0.780613025287179,0.09120969450191296,0.013835575553400759,0.09225308407866999,-0.48524773179041447
295,4,890.486,463.71155,861.4246,473.6533,837.2853,490.02786,15.2649023072575,860.0409771591518,474.34382879785517,0.8138997354335515,-0.3573976292477141,0.8889127317856864,0.12340112481808774,0.006701758263602642,0.12358297281661837,-0.4137672867335588
296,4,892.40796,463.70673,862.29956,473.47507,837.0424,489.68658,14.719636214789402,860.9455515541732,473.98599910958114,0.9045743950214273,-0.3578296882740233,0.9727779407134323,0.0906746595878758,-0.0004320590263091617,0.09067568894901969,-0.3766884651534557
297,4,892.9153,463.38873,862.4335,473.54214,837.17523,489.88556,14.482190684865689,861.8980093946914,473.62073376517355,0.9524578405181501,-0.3652653444075895,1.0200954415101033,0.04788344549672274,-0.007435656133566226,0.04845733520091936,-0.36619977346529486
298,4,894.2543,463.46213,863.07416,473.66245,837.5837,489.8244,14.26122414145958,862.8802183667166,473.2415500482533,0.9822089720252052,-0.3791837169202381,1.0528602736850972,0.029751131507055106,-0.013918372512648602,0.03284586609226402,-0.3684246968634729
299,4,894.76013,463.67496,864.21136,472.98178,839.9263,489.45276,17.20284566166868,863.8802108812844,472.84209546262366,0.9999925145677935,-0.3994545856296554,1.0768235673369053,0.017783542542588293,-0.0202708687094173,0.026965950819477533,-0.38003868254879336
300,4,895.10596,463.8735,866.08,472.29938,842.89624,489.2589,19.999072092208404,864.8860193494303,472.4160175120883,1.005808468145915,-0.42607795053538666,1.0923337834775904,0.00581595357812148,-0.02662336490573125,0.027251217861346794,-0.4006989753234497
301,4,895.5479,463.36594,866.4789,471.71655,845.0763,488.41727,21.93769431888189,865.8856761821903,471.9569637004506,0.9996568327600244,-0.45905381163765924,1.1000200840270449,-0.006151635385890586,-0.032975861102272574,0.03354474673264526,-0.43048766930611204
302,4,896.5861,463.12247,867.6509,470.96735,845.0334,487.00235,20.166001038326588,866.8672137905992,471.48206109838264,0.9815376084088712,-0.47490260206797075,1.0903891773912358,-0.018119224351153207,-0.01584879043031151,0.02407260786020819,-0.4506324731575703
303,4,897.51355,463.15338,868.54047,471.0789,845.95636,486.22388,18.547124174721574,867.8186645856932,471.10235504403084,0.951450795094047,-0.37970605435180005,1.024419495712819,-0.030086813314824212,0.0951965477161707,0.09983786372172758,-0.3797139931892637
304,4,897.81476,463.03116,868.9365,471.98016,846.8428,487.23636,17.40832459594264,868.7280609785079,470.9523704424104,0.9093963928146422,-0.14998460162041738,0.9216817129505817,-0.04205440227940471,0.22972145273138267,0.23353911577312886,-0.1634561765719294
305,4,895.90735,463.52963,868.5024,473.16425,847.5783,487.20865,14.499960206468495,869.5834353800788,471.1666321985364,0.8553744015708844,0.2142617561259499,0.8818012627576152,-0.05402199124375784,0.36424635774636727,0.3682306134332603,0.24543871084955132
0,5,687.3451,686.8585,698.34406,679.7784,698.4972,660.8113,56.76763116187363,698.344060003601,679.7783999543856,,,,,,,
112,5,657.2998,730.9157,638.2597,767.69104,638.84106,791.6835,28.760514660073632,645.6286863627852,756.9112163622974,-52.71537364081587,77.13281640791183,93.42581005860993,,,,2.1703190612607033
124,5,658.92505,746.2188,639.9427,768.5033,618.95233,774.4902,33.65576272856135,627.2137332023658,784.3455617071736,-18.414953160419373,27.434345344876192,33.041697964880214,34.3004204803965,-49.69847106303564,60.385899605250515,2.161956474628053
125,5,658.8851,735.9777,642.1785,763.2936,633.86145,776.09064,1.570473010077456,629.0362323684915,782.6591016128974,1.8224991661256809,-1.6864600942761854,2.4830728664529444,20.237452326545053,-29.120805439152377,35.46231501318196,-0.746648504096822
126,5,656.8484,748.2448,642.316,763.59033,640.65906,764.58875,15.486924783893253,630.0844823214636,781.5081046906805,1.048249952972128,-1.1509969222169047,1.5567985993245421,-0.7742492131535528,0.5354631720592806,0.9413727490748192,-0.8320833780335255
127,5,649.36597,769.39886,641.43726,764.3345,647.91046,747.1778,78.10343130022034,630.9514371875973,779.8241726694674,0.8669548661337103,-1.6839320212130815,1.894000473067442,-0.18129508683841777,-0.5329350989961767,0.5629278179783036,-1.0953476485962463
128,5,644.07056,754.1613,641.13855,761.9997,653.4224,759.13885,123.6188481361468,631.7670063750535,777.9668171038013,0.8155691874561626,-1.8573555656661256,2.0285272482367196,-0.05138567867754773,-0.1734235444530441,0.1808762387485132,-1.1570417564256341
129,5,657.39246,735.31146,641.0435,762.38043,635.01794,778.1936,10.271632477696468,632.5453381124544,776.5092530809485,0.7783317374008902,-1.4575640228528073,1.6523598803409465,-0.03723745005527235,0.3997915428133183,0.40152198618714796,-1.080324090676865
130,5,640.2093,758.3078,641.742,763.60126,653.00586,753.1632,116.67250128251143,633.3005806284226,775.4515999934638,0.7552425159682343,-1.0576530874847094,1.2996235267922658,-0.023089221432655904,0.39991093536809785,0.40057691942166757,-0.9506870783702132
131,5,646.4559,770.6634,642.0971,764.476,648.61084,742.9939,52.03136386663715,634.0393912935368,774.6610395256512,0.7388106651142152,-0.790560467812611,1.0820476200956237,-0.016431850854019103,0.2670926196720984,0.26759759566519453,-0.8192225665117238
132,5,643.44403,753.39935,641.40216,765.02014,653.76807,759.20166,125.16383420153365,634.7384640462013,774.0460982235213,0.699072752664506,-0.6149413021298642,0.9310507604760884,-0.039737912449709256,0.17561916568274683,0.18005885993464701,-0.7214591436540968
133,5,658.4774,745.6536,641.4625,764.22626,639.24347,764.525,39.838326486966,635.3670019667775,773.525638848511,0.6285379205761501,-0.5204593750103186,0.8160501691920187,-0.07053483208835587,0.09448192711954562,0.11790673046928105,-0.6916107620333001
134,5,640.5681,755.1669,641.3853,764.812,657.60095,756.6229,111.9514008201785,635.8942081356263,773.0185241620571,0.5272061688488066,-0.5071146864538605,0.7315132600913216,-0.10133175172734354,0.013344688556458095,0.10220667600896165,-0.7659757995628675
135,5,651.26135,772.79486,641.38586,765.2399,646.6342,742.1331,65.38007194111596,636.2892856331085,772.4436169255973,0.39507749748224796,-0.5749072364598078,0.6975704692363983,-0.1321286713665586,-0.0677925500059473,0.14850527139937122,-0.968711252279608
136,5,645.33264,777.8074,641.0591,765.28375,649.0269,738.9128,35.65358649220053,636.5927734187359,771.8161032429227,0.3034877856273397,-0.6275136826745893,0.6970496811338567,-0.09158971185490827,-0.0526064462147815,0.10562250470905253,-1.120325954249187
137,5,639.2702,783.5897,640.81946,765.4409,651.4941,735.68787,14.857509493737206,637.1305539686228,771.5364625872429,0.5377805498869748,-0.27964065567982743,0.6061409210289145,0.23429276425963508,0.34787302699476186,0.41941476165595226,-0.4795116363870637
138,5,665.3125,785.1203,644.20447,769.86456,648.9068,737.24445,62.34556812641491,638.1532523216948,771.9212492226493,1.0226983530719735,0.38478663540638536,1.0926905674359477,0.4849178031849988,0.6644272910862128,0.8225623994481684,0.3598630094058645
139,5,668.3027,785.2564,643.82294,770.77075,648.35144,737.92505,67.23546354818708,639.3251202515214,772.5660232073412,1.1718679298265897,0.6447739846919376,1.3375380130267611,0.14916957675461617,0.2599873492855522,0.29974152935100445,0.5030047728772256
140,5,667.35956,784.1294,645.5554,770.90564,649.09344,740.2535,65.34828704164927,640.2674108351404,773.0126694780434,0.9422905836189557,0.4466462707022174,1.04278685986598,-0.22957734620763404,-0.19812771398972018,0.30324964788525677,0.44263257281234997
141,5,669.346,783.7143,644.3084,771.48975,649.54865,739.78937,73.36256750008307,641.0157556288182,773.3093666914727,0.748344793677802,0.29669721342929734,0.8050150102211648,-0.19394578994115363,-0.14994905727292007,0.24515237957836664,0.3774606749703069
142,5,670.2049,783.0892,643.31274,771.1499,647.9146,740.36597,74.56242841230099,641.7093808086277,773.6308669343439,0.6936251798094872,0.32150024287113865,0.7645118025458761,-0.05471961386831481,0.024803029441841318,0.060078502073456504,0.43402954188055876
143,5,672.4047,782.2127,644.5759,771.8795,644.64594,741.59143,69.76182118608533,642.4461976001796,774.0936572811206,0.7368167915519734,0.46279034677672826,0.8700999306876588,0.0431916117424862,0.1412901039055896,0.1477444035710523,0.5608212581344062
144,5,619.67346,785.9505,645.5591,775.26196,656.4107,748.10486,45.78256977978646,643.1588574272367,774.4769789541068,0.7126598270571094,0.3833216729861988,0.8092092029148009,-0.02415696449486404,-0.07946867379052946,0.08305919002513633,0.49348630382002723
145,5,625.3899,786.5064,645.24084,769.44824,653.1832,738.8865,34.75937040921275,643.7670770250974,774.2672889285102,0.6082195978606251,-0.20969002559661476,0.6433513706027597,-0.10444022919648432,-0.5930116985828136,0.6021383861959707,-0.3319994107822006
146,5,643.6164,783.2757,645.4499,769.2112,646.74536,741.56195,4.744870712799741,644.3040941770544,773.5757542874948,0.5370171519570022,-0.691534641015437,0.8755612949533341,-0.0712024459036229,-0.4818446154188223,0.48707701825355204,-0.9105132671146133
147,5,650.90283,779.543,646.04266,768.5629,644.2049,743.77997,19.63483236961308,644.8315269283997,772.6957660920021,0.5274327513453727,-0.879988195492615,1.0259456766311257,-0.009584400611629462,-0.18845355447717793,0.18869711955980376,-1.030845017353523
148,5,658.349,780.94214,645.5686,767.7904,647.37177,738.78644,47.73707201230612,645.4109933244258,771.9207154029739,0.5794663960260777,-0.7750506890282622,0.9677214861139724,0.05203364468070504,0.10493750646435274,0.11712975899281078,-0.9288011235413818
149,5,638.9221,784.6433,646.689,769.4306,650.61035,738.9466,19.716716223782782,646.0841245668834,771.450169362496,0.6731312424575435,-0.4705460404778705,0.8212912064437546,0.09366484643146578,0.3045046485503917,0.3185846582085014,-0.6100817544390335
150,5,640.6751,783.05176,648.74457,769.5277,649.81036,741.017,28.682612275727266,646.8126044833602,771.1083994372295,0.7284799164768856,-0.3417699252664761,0.8046674285236248,0.05534867401934207,0.12877611521139443,0.140166913230754,-0.4386684711090493
151,5,638.0109,783.0209,648.8667,768.95197,650.7489,740.9807,33.804634252092086,647.5381300579038,770.62585317498,0.7255255745435534,-0.48254626224957065,0.8713427881883138,-0.0029543419333322163,-0.14077633698309455,0.14080733358258313,-0.5869164417886499
152,5,641.4087,781.10175,648.61273,767.5022,649.14154,740.6293,26.78402947494792,648.1765210956161,769.8530735204978,0.6383910377122675,-0.7727796544821786,1.0023629639072569,-0.08713453683128591,-0.2902333922326079,0.30303110314891696,-0.8803438358961791
153,5,646.1789,778.152,646.95886,766.78156,646.3556,743.1705,5.387724824775639,648.5400886858191,769.1209850063169,0.3635675902030471,-0.7320885141808731,0.8173952442005087,-0.2748234475092204,0.040691140301305495,0.2778195389094758,-1.1098587909617967
154,5,668.40265,782.4474,648.4877,768.2287,647.0142,742.3678,51.21336175062543,648.5448418319057,768.7874557357458,0.004753146086613924,-0.3335292705711481,0.3335631375398709,-0.35881444411643315,0.39855924360972494,0.5362809673793589,-1.5565462301206876
155,5,670.5005,786.09106,646.9822,770.4466,647.1656,741.78656,56.734656171103296,648.6250899093268,768.8377465074057,0.08024807742106077,0.05029077165988838,0.09470435916009144,0.07549493133444685,0.3838200422310365,0.39117426995576726,0.5598146039911872
157,5,685.75323,778.8105,652.85126,771.8491,646.6039,744.91583,64.99437163694856,650.1340489110562,769.6582240672244,1.5089590017294086,0.8204775598187553,1.7175973611607442,1.4287109243083478,0.7701867881588669,1.6230842842848565,0.49802242044191725
158,5,689.8627,777.2071,654.3421,772.7359,646.2209,745.2024,66.39174375450372,651.131884018447,770.2126288002852,0.9978351073907561,0.5544047330607782,1.1415075600195184,-0.5111238943386525,-0.26607282675797705,0.5762311901510456,0.5071382456404084
159,5,688.9921,778.37146,652.8985,773.00256,645.48956,744.80115,66.81951082685629,651.958115997423,770.7359949207231,0.8262319789760113,0.5233661204379132,0.9780446713237838,-0.1716031284147448,-0.031038612622865003,0.1743875831453595,0.5646435642604867
160,5,685.64825,779.25256,651.5137,772.9527,645.5026,745.3207,67.27031732931194,652.5658277686925,771.2039586776965,0.6077117712695781,0.4679637569734041,0.7670095662899331,-0.2185202077064332,-0.05540236346450911,0.2254340325982665,0.656205259243062
165,5,691.6925,778.33264,654.0324,775.5053,647.6523,750.4987,71.3936084435974,653.246979202698,772.4447016681117,0.6811514340054146,1.2407429904152423,1.4154188229327003,0.07343966273583646,0.7727792334418382,0.7762609920005695,1.0687313930309283
169,5,685.71606,786.49884,656.4061,775.0854,646.3117,750.6359,46.28958065189224,654.598268384155,773.3420020218587,1.3512891814569912,0.897300353746914,1.6220759466674308,0.6701377474515766,-0.3434426366683283,0.7530188877054588,0.5861769477773949
170,5,692.5899,790.7324,659.39813,777.8664,646.63434,756.4878,37.97360289152992,655.8243314872997,774.2344262500893,1.2260631031447247,0.8924242282306523,1.5164602652314854,-0.1252260783122665,-0.004876125516261709,0.12532097705300674,0.6291919836009127
172,5,693.0904,784.4827,658.6581,774.1881,646.5191,749.3457,47.31236546810541,657.4805021849926,774.9337682410904,1.6561706976929145,0.6993419910011198,1.7977710088534762,0.4301075945481898,-0.19308223722953244,0.4714586866540816,0.3995513230998949
174,5,688.7385,786.1289,658.4873,774.8189,646.30237,749.6332,43.68293857566662,658.1418857224014,775.0547012753498,0.6613835374088239,0.12093303425933755,0.6723488546361771,-0.9947871602840905,-0.5784089567417823,1.1507208243119622,0.18085073470069418
176,5,675.98987,794.60547,655.9168,776.6551,648.3173,748.1414,33.27163485274592,658.4566683953606,775.8248783172145,0.3147826729591543,0.7701770418647129,0.8320221193038017,-0.34660086444966964,0.6492440076053754,0.7359687090146882,1.1827999320855038
177,5,679.6874,793.1939,657.4843,776.637,648.66785,748.32996,35.98838317717517,658.6866426251199,776.2374687680165,0.22997422975936388,0.41259045080198575,0.47235476757030675,-0.08480844319979042,-0.35758659106272717,0.36750597566003484,1.0622963110323371
178,5,674.94403,795.61365,657.6958,775.564,649.6444,752.52167,21.444372351004976,659.0656394536774,776.4862281578115,0.3789968285574332,0.24875938979505463,0.45334294972768724,0.14902259879806934,-0.16383106100693112,0.22146862419581498,0.5808351390615305
179,5,696.1137,788.6818,662.0311,775.2242,646.6694,749.87585,37.23625117920072,660.4332763279428,776.5790395329226,1.3676368742654859,0.09281137511106863,1.3707824667687707,0.9886400457080526,-0.155948014683986,1.000864088306448,0.06775869645274171
180,5,716.35486,772.74725,676.90765,774.6479,654.0387,775.68054,0.1724585150738755,664.5016773528256,776.5577876589695,4.068401024882746,-0.021251873953133327,4.068456530603897,2.7007641506172604,-0.11406324906420195,2.703171733731776,-0.0052235953462534054
183,5,720.7338,769.3839,683.383,775.5229,656.6871,785.95654,12.013503920989558,669.7090487903088,776.2285001989164,5.207371437483175,-0.329287460053024,5.217772275527532,1.138970412600429,-0.3080355860998907,1.1798896232627418,-0.06315078775653023
184,5,723.24054,770.65393,687.2311,773.8786,662.19415,783.88214,16.66203373236488,675.09312292998,776.1698429848996,5.38407413967127,-0.058657214016875514,5.384393652978314,0.17670270218809492,0.2706302460361485,0.32320980033124125,-0.010894146690772696
185,5,725.2701,770.76404,693.0993,776.48676,673.0937,793.0462,29.529340342725728,680.4075367569988,776.1955754245741,5.314413827018711,0.025732439674584384,5.3144761250060455,-0.06966031265255879,0.0843896536914599,0.10942656354385243,0.004841971177918638
186,5,725.12683,769.1333,686.7845,775.01917,661.05414,784.9545,12.38605702721535,684.1744240270754,776.2927276568538,3.7668872700766087,0.09715223227965453,3.7681398941257642,-1.5475265569421026,0.07141979260507014,1.5491737253183808,0.02578540121107781
188,5,723.3875,769.9936,679.43414,775.70905,652.87054,775.31,8.269494892661275,685.0212589681698,776.6055283535167,0.8468349410944711,0.3128006966628618,0.9027589342073818,-2.9200523289821376,0.21564846438320728,2.9280044166949,0.3538311477809204
189,5,702.70764,792.2546,664.15076,778.16327,642.8244,753.621,28.93480061469917,682.2388511972017,776.7732952450442,-2.7824077709681205,0.16776689152754898,2.7874609833747632,-3.6292427120625916,-0.14503380513531283,3.6321395165510184,3.0813699835298025
190,5,698.2454,786.3662,659.6211,777.5595,643.7134,748.97095,48.06246634021985,678.7579335161563,776.9213142366493,-3.480917681045412,0.14801899160511311,3.4840633639603,-0.6985099100772914,-0.019747899922435863,0.6987890053711007,3.099095276271473
191,5,696.3997,787.06903,659.0339,776.95776,644.0785,748.70264,46.96610276299376,675.0094762251817,777.0486218078224,-3.7484572909745566,0.12730757117310532,3.7506185196495667,-0.2675396099291447,-0.0207114204320078,0.26834009357036137,3.1076430452603847
192,5,685.1817,790.22296,655.7562,776.4179,644.16626,748.6753,42.19264139168568,671.1125750504405,777.1588498912382,-3.896901174741288,0.11022808341579093,3.898459823580788,-0.14844388376673123,-0.017079487757314382,0.1494232094749777,3.113314107470554
193,5,676.04224,794.13257,653.6636,776.7347,642.7938,749.2848,30.534524585854275,667.1863257180937,777.2556304195712,-3.9262493323467424,0.0967805283329426,3.92744195252045,-0.029348157605454617,-0.01344755508284834,0.03228236503945837,3.116948030721725
194,5,671.69525,794.68524,651.2282,776.7564,641.9854,749.69885,29.92206628778864,663.3498239543032,777.3425953254954,-3.8365017637904657,0.08696490592421924,3.837487287070768,0.08974756855627675,-0.009815622408723357,0.09028273647289513,3.118928773606354
195,5,669.95917,795.28357,650.1393,777.56696,641.0311,750.20685,29.79453269151574,659.7221654852314,777.4233765416855,-3.627658469071889,0.08078121619007561,3.6285577814220007,0.20884329471857654,-0.006183689734143627,0.20893482181684886,3.1193281905710397
196,5,669.3358,792.97626,649.2019,777.453,640.167,750.68524,33.716701208990386,656.4224460370394,777.501606000816,-3.2997194481919223,0.07822945913051171,3.3006466465000246,0.32793902087996685,-0.002551757059563897,0.32794894858773727,3.1178891816382057
197,5,673.34753,790.9485,649.75226,777.39124,640.03546,750.62585,40.16668694687668,653.5697613358896,777.5809156355612,-2.852684701149883,0.07930963474518649,2.853786961624503,0.44703474704203927,0.001080175614674772,0.44703605206101504,3.1137980605214994
198,5,673.6235,790.1791,649.45496,777.3795,640.2267,750.68396,43.02492656214976,651.2832071079433,777.6649373785956,-2.286554227946226,0.08402174303444099,2.2880974390618305,0.566130473203657,0.004712108289254502,0.5661500831531567,3.1048631698571914
199,5,676.37244,788.1145,650.0682,777.1361,641.121,751.13275,48.35895125422051,649.7343716170233,777.7466306382181,-1.5488354909200552,0.0816932596225115,1.5509884482488319,0.7377187370261709,-0.002328483411929483,0.7377224117474596,3.0888965289228243
200,5,682.02466,785.4989,652.43353,776.8756,641.3177,751.5998,50.01407527795045,649.3048132775963,777.7762647252248,-0.42955833942698973,0.02963408700668424,0.43057931451010584,1.1192771514930655,-0.052059172615827265,1.120487170523552,3.0727144453411035
201,5,701.51196,785.8068,660.4601,778.9113,640.5835,755.92395,39.61587262133241,650.0807507755644,777.6934364260367,0.7759374979681297,-0.0828282991881224,0.780345774576526,1.2054958373951195,-0.11246238619480664,1.2107303590335836,-0.10634339869191564
202,5,703.38947,777.76843,661.9473,776.2521,639.9796,753.0343,44.48918641291852,652.2285989259834,777.4703862340261,2.1478481504190086,-0.22305019201053256,2.15939877406057,1.3719106524508788,-0.14022189282241015,1.3790580181902774,-0.10347729471933279
203,5,723.05725,764.82886,684.1871,774.9428,659.86194,785.4043,8.686204522823273,658.4409668782538,777.2099294703738,6.21236795227037,-0.2604567636523143,6.217825447865852,4.064519801851361,-0.03740657164178174,4.06469192820856,-0.041900982120909216
208,5,708.6949,767.61273,687.41315,776.141,692.7309,763.2693,134.28474626736295,665.0370732202916,776.7757610626007,6.596106342037842,-0.4341684077730861,6.610379798603107,0.38373838976747265,-0.17371164412077178,0.4212254587325823,-0.06572711156391345
210,5,720.94696,763.32117,689.90784,775.45575,677.02795,768.47485,49.81044415355702,671.3405974474674,776.6301845952748,6.303524227175785,-0.14557646732589546,6.305205007803567,-0.2925821148620571,0.2885919404471906,0.41096180117892805,-0.02309035217430124
211,5,717.3371,766.1777,689.33044,776.1224,674.2528,763.22815,60.08580312174504,676.337357006564,776.4693763679011,4.996759559096631,-0.16080822737376366,4.999346495034591,-1.306764668079154,-0.015231760047868192,1.3068534364090632,-0.03217139885648236
212,5,716.3461,770.3804,680.5214,775.8814,644.66406,756.47925,37.14733221611756,679.1123903756222,776.2185416542602,2.7750333690581783,-0.2508347136408702,2.7863467574861676,-2.221726190038453,-0.09002648626710652,2.2235494219226117,-0.09014482956875856
213,5,714.52765,769.724,684.6269,774.9599,651.5126,757.6394,37.54420826721356,681.6206933629098,775.8618722973079,2.508302987287607,-0.35666935695235225,2.5335344691211006,-0.2667303817705715,-0.10583464331148207,0.2869600464948796,-0.141248568810088
214,5,705.2615,772.73737,684.6315,775.24646,654.0347,757.5047,37.04208804918972,684.1925155434769,775.4143669831986,2.5718221805670964,-0.4475053141092076,2.6104655398248173,0.06351919327948963,-0.09083595715685533,0.11084159430231603,-0.17227833229775213
215,5,721.29224,764.5739,696.69226,773.70917,669.1397,761.53955,44.20302779282705,688.5560925170836,774.898726108888,4.363576973606655,-0.515640874310634,4.393937814290281,1.7917547930395585,-0.06813556020142642,1.793049830022633,-0.11762383346396543
216,5,723.4603,761.9918,700.4721,772.1953,687.4839,764.29767,55.23658955090544,693.0510130630787,774.3376500713314,4.4949205459951145,-0.5610760375566315,4.529803200441413,0.1313435723884595,-0.0454351632459975,0.1389801714884283,-0.12418215310758067
217,5,729.1271,760.258,700.4425,772.5659,681.28204,764.94867,44.90342267174199,696.9951745563969,773.753839267484,3.9441614933182336,-0.5838108038474275,3.987134928750631,-0.5507590526768809,-0.02273476629079596,0.5512280868241678,-0.14695196953708917
218,5,705.0119,764.63947,702.193,771.8558,714.1973,760.6964,154.24799625661632,700.3185755710082,773.1675128630468,3.3234010146112496,-0.586326404437159,3.3747256120252636,-0.620760478706984,-0.002515600589731548,0.6207655758584323,-0.1746266392012916
219,5,675.6366,768.31384,703.92633,771.6525,735.2132,757.2725,31.415125730663373,703.2059650493195,772.5889650987065,2.88738947831132,-0.5785477643403283,2.944781064032793,-0.4360115362999295,0.0077786400968307134,0.4360809179824093,-0.1977518147125059
220,5,687.2901,766.20105,704.791,772.2168,729.63544,758.3366,48.161256174825695,705.9057795258486,772.0260089838949,2.699814476529127,-0.5629561148115272,2.757882846474798,-0.18757500178219289,0.0155916495288011,0.1882218925327727,-0.20557101875788658
221,5,708.068,764.0261,707.2918,771.18774,720.85236,762.78534,127.9688700598562,708.6664555351128,771.4864575280445,2.760676009264216,-0.5395514558504146,2.8129073574572803,0.060861532735088986,0.023404658961112546,0.06520662717815033,-0.19300884668632007
222,5,709.48737,765.28033,711.9222,769.5415,723.9566,761.0264,95.53822599886232,711.3475911434302,770.9756902310127,2.6811356083173905,-0.5107672970318617,2.7293536564367575,-0.07954040094682568,0.028784158818552896,0.08458843408926225,-0.18824842711111328
224,5,744.0023,754.55,713.1605,769.2351,685.32245,773.4888,16.77353625763461,714.1164842708672,770.0206564500625,2.768893127436968,-0.9550337809502025,2.928968875547112,0.08775751911957741,-0.4442664839183408,0.45285106922164636,-0.33213791508163526
225,5,744.5027,755.5812,713.7376,769.1124,685.54663,773.3352,15.221999456175451,716.104573666691,769.562813870111,1.9880893958237493,-0.4578425799514889,2.040127269021096,-0.7808037316132186,0.4971912009987136,0.92566384700477,-0.22634641454906204
226,5,746.2261,754.3624,714.12726,769.1761,683.5568,774.199,15.44279001429135,717.891306593194,769.1090367664863,1.7867329265030776,-0.45377710362470225,1.843455508121711,-0.20135646932067175,0.004065476326786666,0.20139750702292789,-0.24871191444350563
227,5,746.6772,753.30743,714.9103,768.5262,684.69244,773.78015,15.734547616626012,719.2470695353462,768.6525370911716,1.3557629421521824,-0.456499675314717,1.4305541265102777,-0.4309699843508952,-0.0027225716900147745,0.4309785839319839,-0.3247869566449341
228,5,743.16614,754.1686,715.9566,768.06384,691.86743,770.67554,20.864610712989013,720.328257458843,768.1650524726743,1.0811879234968274,-0.4874846184972057,1.1860053031866036,-0.27457501865535505,-0.030984943182488678,0.27631776557726184,-0.42358442351506986
229,5,735.10956,757.23425,718.0108,767.4934,705.51196,766.64636,34.84052421479258,721.5823838431479,767.5324232455966,1.2541263843048682,-0.6326292270777003,1.4046539526739426,0.17293846080804087,-0.1451446085804946,0.22577570424347984,-0.4671918437901342
230,5,752.02405,749.30896,721.89746,765.1871,691.24634,778.1545,4.859743400431679,723.346101512196,766.6600731562702,1.7637176690481056,-0.87235008932646,1.9676622409499973,0.5095912847432373,-0.23972086224875966,0.5631601630828942,-0.45932526822385283
231,5,753.81757,747.7021,723.7703,764.0596,693.97546,777.9996,3.4903150524628104,725.2215021540436,765.6176568918476,1.875400641847591,-1.0424162644226271,2.145637256335558,0.11168297279948547,-0.17006617509616717,0.20345906302047792,-0.5073132179714845
232,5,754.9433,747.7218,724.6556,762.6511,693.92114,776.2989,2.295501872367612,726.7447956116299,764.502735007421,1.5232934575863055,-1.1149218844265079,1.887716548186829,-0.3521071842612855,-0.07250562000388072,0.35949483186905207,-0.6318261209874597
233,5,755.3274,747.35614,725.9374,761.6414,696.5294,774.68085,2.009934377781846,727.9232254833066,763.3602605890163,1.1784298716767125,-1.1424744184047313,1.641324087183644,-0.344863585909593,-0.027552533978223437,0.3459624763107184,-0.7699074008622893
234,5,755.4983,746.7442,726.11237,760.7546,697.56274,774.7955,0.6977350759259296,728.8817938062781,762.2220348553931,0.9585683229714732,-1.1382257336232442,1.4880897320009017,-0.21986154870523933,0.0042486847814871,0.21990259644087598,-0.8708713604865945
235,5,756.0821,746.89166,726.2486,759.5254,698.2835,775.22064,6.351657548096323,729.7455026177489,761.1198590253107,0.8637088114708149,-1.1021758300823876,1.4002801403398277,-0.0948595115006583,0.036049903540856576,0.1014786798665049,-0.9061110499773275
236,5,757.0833,745.7641,727.69495,759.41455,699.98254,774.8108,4.141133068409069,730.6393539549236,760.0855343175291,0.8938513371747376,-1.0343247077815931,1.367039799748546,0.03014252570392273,0.06785112230079449,0.07424517932693686,-0.8581226617430593
237,5,757.92145,742.947,729.32666,759.1483,700.6911,774.45135,1.4143003492909272,731.6628590703339,759.1413311622658,1.0235051154102166,-0.944203155263267,1.392509360715392,0.12965377823547897,0.0901215525183261,0.15789869042854082,-0.7451182762026594
238,5,758.9394,741.68756,731.1709,758.735,702.42694,773.9067,3.720154408793444,732.8135660778196,758.2713968355724,1.150707007485721,-0.8699343266933965,1.4425367759042529,0.12720189207550447,0.0742688285698705,0.14729623296177366,-0.647329968099248
239,5,760.99536,740.10284,733.31274,757.77094,705.0347,772.79584,4.564586171394061,734.0635323065474,757.450347824958,1.2499662287277715,-0.821049010614388,1.4955056171043937,0.09925922124205044,0.04888531607900859,0.1106443271465957,-0.5811804823695123
240,5,762.41223,738.9916,735.39685,756.6648,707.8468,771.3948,5.060627992302424,735.3848150856841,756.6528006179325,1.321282779136709,-0.7975472070255591,1.5433307260200244,0.07131655040893747,0.023501803588828807,0.07508918120580625,-0.5430739612379174
241,5,763.6546,738.2121,737.3407,755.7889,709.9701,769.6425,6.895289832849058,736.7453124411048,755.8567578031355,1.3604973554207618,-0.7960428147970333,1.5762732050938602,0.03921457628405278,0.0015043922285258304,0.03924342224010342,-0.5294002278282158
242,5,764.567,738.1197,738.15753,754.60504,711.19324,768.7808,4.241270491223597,738.0962851855181,755.0537663737318,1.3509727444132977,-0.8029914294036189,1.5715987375418907,-0.009524611007464046,-0.006948614606585579,0.01178988803145983,-0.5362770362678964
243,5,765.43744,737.8386,738.31213,753.6276,711.71606,768.96,0.239031108279993,739.3848348283406,754.2387594240154,1.2885496428224315,-0.8150069497164623,1.5246627529076546,-0.06242310159086628,-0.012015520312843364,0.06356898882798093,-0.5639740158878986
244,5,766.4249,736.0476,739.3252,753.77106,711.9074,768.7905,4.47106798255857,740.5580628789888,753.4066700482815,1.1732280506482766,-0.8320893757338581,1.4383451560863674,-0.11532159217415483,-0.017082426017395846,0.1165799249451718,-0.6168942510146116
245,5,767.1271,735.27997,740.1686,752.8864,712.10315,768.6496,3.827098924844186,741.5630708468799,752.552431340825,1.0050079678910606,-0.8542387074564886,1.3190014347382082,-0.168220082757216,-0.02214933172263045,0.16967200458120285,-0.7044836286015933
246,5,766.9591,734.4851,740.83624,752.50507,712.4199,768.31915,5.50192465811599,742.4317905841016,751.6794880084396,0.8687197372216815,-0.8729433323853755,1.2315453882803473,-0.13628823066937912,-0.018704624928886915,0.13756578358269264,-0.7878231943681663
247,5,769.67737,732.0958,743.3076,751.5446,714.3874,767.49286,7.53551498380593,743.5354753134264,750.8253312079167,1.1036847293248684,-0.854156800522901,1.3956015984601147,0.2349649921031869,0.018786531862474476,0.23571483044872346,-0.6586310774365165
248,5,778.61786,729.88727,747.16486,749.3909,717.39496,766.2479,2.2820762395648693,745.1548644965807,750.0359637085462,1.619389183154226,-0.7893674993705417,1.8015333401242992,0.5157044538293576,0.06478930115235926,0.5197583450443554,-0.45355542129974546
249,5,779.922,728.5669,748.0892,749.0149,719.15704,764.53265,4.508021094035543,746.8693211804218,749.3573882796181,1.7144566838411492,-0.6785754289280703,1.8438617989189172,0.09506750068692327,0.11079207044247141,0.1459887412089977,-0.3768771608022787
250,5,778.7708,728.74786,748.0371,749.4476,718.9929,763.9819,7.376717129927288,748.1963933081543,748.8224398067919,1.3270721277324355,-0.5349484728262723,1.430835525412846,-0.3873845561087137,0.143626956101798,0.4131531154797371,-0.38317962448594733
251,5,778.143,729.5791,747.17426,749.845,718.06616,764.28,6.82331734951442,749.1077448232409,748.4112816412035,0.9113515150866078,-0.4111581655884038,0.9998062918289107,-0.4157206126458277,0.12379030723786855,0.4337599197075131,-0.42381161459817274
252,5,778.09766,729.7139,746.9899,749.63074,718.1296,764.40936,5.513701890327322,749.6885686692083,748.0909092503573,0.5808238459674158,-0.32037239084615976,0.6633210450911873,-0.33052766911919207,0.09078577474224403,0.34276901398597215,-0.5040575310185981
253,5,778.1477,729.8534,746.9554,749.4989,718.0579,764.2317,5.18961491699306,750.0240577895836,747.8283181017583,0.3354891203753141,-0.2625911485989718,0.4260364552626093,-0.24533472559210168,0.05778124224718795,0.25204721688005216,-0.6641098338059663
254,5,779.29205,729.207,747.48114,749.31836,718.4274,764.23254,5.128888987549057,750.1994051278942,747.5905036629119,0.17534733831064386,-0.2378144388463852,0.2954697892787831,-0.16014178206467022,0.024776709752586612,0.16204714039134493,-0.9354544934885253
255,5,779.73114,728.97314,747.5931,749.0109,718.7924,764.4066,3.815928530915381,750.2943445042326,747.3496115882269,0.09493937633840233,-0.24089207468500717,0.2589256202571925,-0.08040796197224154,-0.0030776358386219727,0.08046683907601075,-1.195372792522807
256,5,781.55536,729.07263,748.02325,747.9067,719.1744,764.91144,1.1950126036573925,750.366773244957,747.0983882797311,0.07242874072437644,-0.25122330849580976,0.2614556811669996,-0.022510635614025887,-0.010331233810802587,0.02476818741452271,-1.2901038391692952
257,5,781.829,729.51935,747.7011,747.08954,719.2868,765.10205,5.130607775013537,750.4691295529907,746.8347303263563,0.10235630803367712,-0.2636579533748318,0.2828291536813169,0.029927567309300684,-0.012434644879022017,0.03240801873487658,-1.20048942676473
258,5,782.41156,727.65283,748.609,746.97736,719.22736,764.6801,1.3132841856957846,750.6538516312577,746.5565343170343,0.1847220782669865,-0.27819600932195954,0.3339390150939816,0.08236577023330938,-0.01453805594712776,0.08363895729173176,-0.9846423294027036
259,5,783.29193,726.2876,749.7242,746.6647,719.392,764.5263,0.7671933766688764,750.9541434207968,746.2646016277037,0.30029178953907376,-0.29193268933067884,0.41880765748064114,0.11556971127208726,-0.013736680008719304,0.11638322276503414,-0.7712843510579762
260,5,783.45514,724.756,750.36414,746.91425,719.60144,764.12195,4.585607887669188,751.3262718151103,745.9713527823291,0.37212839431356315,-0.29324884537459184,0.47378732271761137,0.07183660477448939,-0.0013161560439129971,0.0718486607547985,-0.6674002657386865
261,5,784.9414,724.90765,751.19073,746.6495,719.75525,764.06305,3.8051370968934695,751.7072694458155,745.6921130918815,0.38099763070522386,-0.2792396904475254,0.47237061649114453,0.008869236391660706,0.014009154927066447,0.016580704928974184,-0.6324781295301292
262,5,785.40967,725.5053,751.3341,745.80316,720.3111,764.14185,0.1938266572205511,752.0341689445302,745.4422078673324,0.3268994987146243,-0.24990522454913844,0.41148013745116296,-0.05409813199059954,0.029334465898386952,0.061539570801362894,-0.6526984756221026
263,5,786.7062,725.7929,752.07776,745.2317,720.84235,763.8893,1.5428155622973354,752.2440029428717,745.2369624196529,0.20983399834153715,-0.20524544767954467,0.2935234243687766,-0.11706550037308716,0.04465977686959377,0.12529496018453085,-0.7743439813481366
264,5,780.58704,726.41986,751.4465,745.42316,723.0011,762.964,1.4492892073704555,752.3768841231333,745.0174798278391,0.1328811802616201,-0.21948259181374397,0.2565736077171612,-0.07695281807991705,-0.014237144134199298,0.07825875339882929,-1.026394293533304
265,5,779.79736,728.19257,751.8367,743.9247,725.7423,761.66174,4.8407193652514575,752.8852453703106,744.4279742429865,0.5083612471772767,-0.5895055848526454,0.7784266132424402,0.3754800669156566,-0.3700229930389014,0.5271643918441883,-0.8591749263840913
266,5,781.05835,723.679,756.99414,740.3896,729.5879,759.815,0.5521385769041436,754.126753395535,743.1776444488875,1.241508025224448,-1.2503297940990024,1.7620064615966542,0.7331467780471712,-0.660824209246357,0.9870120737291014,-0.7889384146732694
267,5,783.57654,718.8983,759.27527,737.72327,734.6076,756.6396,0.2797648263255765,755.6676900117806,741.532516688026,1.5409366162455171,-1.6451277608614419,2.254092057756995,0.2994285910210692,-0.3947979667624395,0.4955026898823245,-0.81808866000281
268,5,784.30054,720.0233,759.7472,735.53046,734.84174,756.2386,7.467212980546417,756.9904251654344,739.8420020367467,1.3227351536538663,-1.6905146512792726,2.1465013563707798,-0.21820146259165085,-0.04538689041783073,0.22287181988518823,-0.9068515370823101
269,5,782.81854,719.1953,759.01575,735.0946,734.73676,755.99713,6.984800269742439,758.0330662346977,738.2322234481447,1.0426410692632544,-1.609778588602012,1.9179383471936495,-0.2800940843906119,0.08073606267726063,0.29149786950720885,-0.9960451576666735
270,5,783.24554,716.9815,758.90216,734.7184,734.93274,755.8153,5.275406410082424,758.8476549557245,736.7734818445027,0.8145887210267801,-1.4587416036420109,1.67077283034532,-0.22805234823647424,0.15103698496000106,0.2735325288918627,-1.0615125389535964
271,5,783.2108,715.1218,758.88165,734.8027,735.216,756.26825,3.2383959968341647,759.4862330646688,735.5360781481033,0.6385781089443299,-1.237403696399383,1.3924618160243292,-0.17601061208245028,0.2213379072426278,0.28279003650798046,-1.094381149687443
272,5,783.69336,715.16675,759.1004,735.24805,735.3009,756.5059,2.5382132741530268,760.0008422976853,734.5903132812298,0.514609233016472,-0.9457648668735601,1.076705087811033,-0.12396887592785788,0.291638829525823,0.31689349801788086,-1.0724789996885433
273,5,782.73737,714.70935,758.805,734.7978,735.554,756.76416,3.363073412985978,760.4159262146432,733.9877251234132,0.41508391695788305,-0.6025881578166263,0.7317152083002882,-0.09952531605858894,0.34317670905693376,0.3573171450906175,-0.9676029041101468
274,5,782.48926,717.6537,759.2276,735.83844,735.45276,755.92505,2.1769975807883952,760.6455356702731,733.7047993831774,0.22960945562999768,-0.28292574023578254,0.3643727166002819,-0.18547446132788536,0.3196624175808438,0.36957385867847714,-0.8890499907382846
275,5,783.6651,717.6927,760.06433,735.6888,735.6817,756.0294,2.509440604088654,760.7443100749198,733.6223935353008,0.09877440464663323,-0.0824058478765437,0.12863555798281012,-0.13083505098336445,0.20051989235923884,0.23942856512450703,-0.6952987197164293
276,5,786.3252,717.3795,761.28845,735.40717,736.1018,756.00574,3.521866677296148,761.439635766522,733.3139042905823,0.6953256916021928,-0.3084892447185439,0.7606861583525004,0.5965512869555596,-0.22608339684200018,0.6379554375471314,-0.41757034715044444
277,5,790.3792,707.4411,766.09235,732.74506,741.7194,749.1171,12.284434507561311,763.3046312951568,732.4449934270144,1.8649955286348359,-0.8689108635678622,2.057477681690419,1.169669837032643,-0.5604216188493183,1.2969964990460308,-0.4360015747397914
278,5,792.27997,704.7073,772.98975,728.7203,762.1011,748.8949,10.4190525977108,765.6225971318604,731.3578437553384,2.3179658367035927,-1.087149671676002,2.560246087537334,0.4529703080687568,-0.2182388081081399,0.5028024237773382,-0.4385498830646987
299,5,805.2686,700.3215,775.17566,724.04816,750.13666,749.9116,7.674065308215659,768.6874390012906,728.9787485718678,3.064841869430211,-2.3790951834706675,3.8798646338017773,0.7468760327266182,-1.2919455117946654,1.4922958867824545,-0.6600929192607853
300,5,805.32544,700.67365,775.8449,725.2991,750.3326,749.8538,4.031820538353418,771.0676613874695,727.498237014567,2.3802223861788434,-1.4805115573007015,2.803100618773407,-0.6846194832513675,0.898583626169966,1.1296709122873505,-0.5564431113747953
301,5,805.63916,700.21576,776.0279,724.4916,750.13464,749.5103,4.670470252974402,773.377336676555,725.9784273187905,2.3096752890855896,-1.5198096957765301,2.764854689199588,-0.0705470970932538,-0.03929813847582864,0.08075417386086234,-0.5819916795347696
302,5,805.2362,700.1584,776.2314,723.8683,750.51215,748.59296,4.606321259694158,775.1504964341332,724.6367010907804,1.773159757578128,-1.3417262280100886,2.223583773286877,-0.5365155315074617,0.17808346776644157,0.5652987148759984,-0.6477668156853926
303,5,806.662,699.6852,777.13513,723.0467,751.6773,748.1345,6.229762377655926,776.683675136727,723.4154689882329,1.5331787025937729,-1.2212321025475603,1.9601134616087559,-0.23998105498435507,0.12049412546252825,0.2685325697608831,-0.6726252036545772
304,5,809.748,698.8881,778.51,721.70435,753.1515,747.3101,9.133531224009264,778.3239951203198,722.1883989317075,1.6403199835928035,-1.2270700565253492,2.048499590479583,0.10714128099903064,-0.005837953977788857,0.1073002134236462,-0.6422631561010199
305,5,811.4046,697.6365,779.957,720.2044,754.84094,745.7072,9.773221600571263,779.8584272477999,720.829158841764,1.5344321274801587,-1.3592400899435688,2.0498818443883753,-0.10588785611264484,-0.13217003341821965,0.16935511744823503,-0.724928822015794
0,6,729.5031,625.72595,708.78375,655.2649,687.00116,674.15045,14.027852738419414,708.7829265951028,655.2662220999201,,,,,,,
1,6,728.87695,623.52814,708.78894,652.694,684.4338,673.8183,14.506260400426877,708.7891482149691,653.0082824808479,0.0062216198663236355,-2.2579396190722036,2.257948190709807,,,,-1.5680408925627094
114,6,597.42096,790.72046,623.8065,803.2058,644.9209,793.10583,50.88691679532949,642.5522782094243,769.6745233725469,-66.2368700055448,116.66624089169898,134.15787234423246,-66.24309162541113,118.92418051077118,136.1290119638393,2.087162453301162
116,6,633.5228,802.9705,623.4255,808.08276,643.9732,790.03064,165.55209843940335,608.1467466574363,834.8826499539653,-34.40553155198802,65.20812658141836,73.72815183926097,31.831338453556782,-51.45811431028062,60.50761634798375,2.056300044292304
117,6,648.5818,786.4209,621.5466,806.4778,614.8864,805.0775,48.44422627428665,602.7612885448282,841.8747199087161,-5.385458112608148,6.992069954750832,8.825655858619585,29.02007343937987,-58.21605662666752,65.04824295541242,2.2271154761819676
118,6,653.0181,785.86163,618.02985,803.6259,595.147,809.049,13.58512936820926,599.2803480544253,842.7084408881045,-3.4809404904028725,0.8337209793884313,3.5793906421622377,1.904517622205276,-6.158348975362401,6.446118946749088,2.9065107868760682
119,6,655.3634,785.4097,617.9627,797.83716,593.8034,805.4891,0.8060004926362228,597.9921446382067,840.0730665359364,-1.2882034162186073,-2.635374352168128,2.933371101245608,2.192737074184265,-3.4690953315565594,4.1039880964653985,-2.0254537907236956
122,6,658.1501,783.551,629.7624,789.2885,600.6962,785.3841,19.076900525886327,601.7251648025828,833.8063511166022,3.7330201643760574,-6.2667154193342185,7.294323936771625,5.021223580594665,-3.6313410671660904,6.196718824701252,-1.0335519172303664
126,6,659.62787,765.0693,633.768,777.4029,609.36005,777.83856,24.47579196562793,606.4709650422435,824.6208223723302,4.745800239660753,-9.185528744272005,10.339079176919542,1.0127800752846952,-2.918813324937787,3.08952985205323,-1.0939092950554308
129,6,660.55963,748.96655,636.39276,769.8132,614.84174,783.15393,9.022645920231469,611.0351888776108,814.8466683316269,4.564223835367329,-9.774154040703252,10.787317851566764,-0.18157640429342337,-0.5886252964312462,0.6159949108514624,-1.133921189947792
130,6,654.38837,758.44,640.3974,767.075,631.26697,762.1367,60.08946923301772,615.9119202523315,806.4403250770674,4.8767313747206344,-8.406343254559488,9.718493495118594,0.3125075393533052,1.3678107861437638,1.4030564168428434,-1.045118870460809
131,6,656.93066,783.1619,643.9721,769.91486,647.07983,740.4438,50.38882082580601,621.234428802791,800.2919695415256,5.3225085504594745,-6.148355535541782,8.1321198380952,0.44577717573884,2.257987719017706,2.3015702964811826,-0.8572693430532858
132,6,659.2291,777.90497,644.12616,770.583,645.9277,746.3629,68.38964402534792,625.3232909903902,795.4215887802611,4.088862187599261,-4.870380761264528,6.359198278782841,-1.2336463628602132,1.2779747742772543,1.7762609246074272,-0.87240834373648
133,6,644.1304,755.44,643.9445,770.1182,661.83466,766.2954,102.78715191075928,628.3277859217209,791.1599182673623,3.004494931330669,-4.2616705128988315,5.214290493720413,-1.0843672562685924,0.6087102483656963,1.2435354892132764,-0.9567198351841292
134,6,660.88904,761.73816,641.02094,769.28357,633.0861,760.01166,70.23893172785925,630.8543683646737,787.4491229027552,2.526582442952872,-3.7107953646070655,4.489278458619713,-0.47791248837779676,0.550875148291766,0.7292899118683412,-0.9730225658459221
135,6,664.36145,781.5793,644.0641,769.6267,646.3075,740.63477,63.93205764424098,633.3706061125469,784.2189118499165,2.516237747873106,-3.23021105283874,4.094595932409336,-0.010344695079766097,0.4805843117683253,0.48069563492310624,-0.9090106938533324
136,6,660.87976,782.2887,643.9622,769.66907,648.00525,740.6139,61.20077338251856,635.7885190602733,781.3491713265275,2.4179129477264496,-2.8697405233889413,3.7525609514522005,-0.09832480014665634,0.36047052944979896,0.3736398920427238,-0.8706406398753246
137,6,661.93823,783.6913,644.51184,769.69257,648.2018,739.2115,58.12735012582384,637.881240128195,779.1499587666138,2.0927210679217296,-2.19921255991369,3.035789411636715,-0.32519187980472,0.6705279634752515,0.745223126649459,-0.8102050816701482
138,6,615.1638,789.1339,645.7463,775.5632,657.8877,740.45264,46.99542739652725,639.4219022366535,778.3240900885631,1.5406621084584913,-0.8258686780507105,1.748055721601858,-0.5520589594632384,1.3733438818629793,1.4801494899415093,-0.4920683556647646
139,6,635.45447,789.90247,641.547,767.71106,653.2631,734.6282,4.149259271150951,640.2903714996662,775.9534195942358,0.8684692630126847,-2.370670494327328,2.5247410666189065,-0.6721928454458066,-1.5448018162766175,1.6847124006904164,-1.2196403216879756
140,6,635.25946,788.0515,641.6266,766.9066,653.445,736.217,4.303295338429461,640.7934468059519,773.5316872103638,0.503075306285723,-2.4217323838720404,2.473433343126317,-0.36539395672696173,-0.05106188954471236,0.36894452181386456,-1.365975744921656
141,6,631.7296,788.1707,641.5689,772.0397,654.2455,738.58685,10.627898154800205,641.344660237906,773.1007650743915,0.5512134319541246,-0.43092213597230966,0.6996643015315146,0.0481381256684017,1.9908102478997307,1.9913921568303552,-0.663525834802497
142,6,635.3488,785.9032,642.9669,776.7498,654.2129,746.9363,19.102671716514894,642.2648428561698,773.4959592581724,0.920182618263766,0.3951941837809727,1.001456186684704,0.3689691863096414,0.8261163197532824,0.9047687186285268,0.4056537551531231
143,6,660.069,782.8275,645.61304,778.4461,646.5665,758.0953,75.82111161761325,643.5040216343692,774.215459479325,1.2391787781994026,0.7195002211525434,1.432914726206107,0.31899615993563657,0.3243060373715707,0.4548988414244785,0.5260525740770793
144,6,670.8934,779.4748,648.365,778.84863,640.93353,761.8342,64.81343821609352,644.9195225243774,775.14799549871,1.4155008900081612,0.9325360193849974,1.6950711480832634,0.17632211180875856,0.213035798232454,0.27653885521069044,0.5825386452176136
145,6,684.0966,775.2291,650.3251,781.5464,636.80975,769.84406,51.48310391429998,646.3686714780666,776.1822970771894,1.449148953689246,1.0343015784794716,1.7803967100687876,0.03364806368108475,0.10176555909447416,0.1071840529523737,0.6198816429326656
146,6,686.1913,776.20844,649.03094,780.37524,635.1819,767.3459,49.651097162283584,647.7336999449101,777.2070939756247,1.3650284668434551,1.0247968984352838,1.7069011097118578,-0.08412048684579077,-0.009504680044187808,0.08465574552217492,0.6439817685509455
147,6,687.66296,774.95197,650.23004,780.05316,636.93506,768.4051,48.98263528832005,648.9964613647819,778.1111159548768,1.262761419871822,0.9040219792520929,1.5530042313166992,-0.10226704697163314,-0.12077491918319083,0.15825653225066097,0.621323389534701
148,6,687.9335,775.1937,650.87006,779.9871,638.55347,768.53516,50.28581105792432,650.1637146751568,778.7830927758074,1.1672533103749174,0.6719768209305812,1.3468604747519966,-0.09550810949690458,-0.23204515832151174,0.250931772560049,0.5223531692622737
149,6,688.9157,775.52637,651.6294,779.6952,638.19745,768.6654,45.77099436781309,651.2617147481421,779.1377960481223,1.0980000729853145,0.35470327231485044,1.1538711243750834,-0.06925323738960287,-0.31727354861573076,0.32474376905517244,0.3124625205586333
150,6,690.5337,775.06946,653.28094,778.34357,635.496,772.3898,23.531531338104067,652.3947001943758,779.1941647769053,1.132985446233647,0.056368728783013466,1.1343868189298874,0.03498537324833251,-0.29833454353183697,0.30037888774957977,0.04971139575368814
151,6,691.2977,774.20856,654.992,777.3623,635.63654,776.4014,7.806653487847372,653.6864055591277,778.9971798160848,1.2917053647519197,-0.19698496082048678,1.3066391330885274,0.1587199185182726,-0.25335368960350024,0.2989650557676496,-0.1513339529681839
152,6,693.20856,770.654,657.00354,776.4089,637.3582,779.43506,0.2726810091663889,655.2605653876684,778.591822019589,1.5741598285407008,-0.405357796495764,1.6255134908610234,0.28245446378878114,-0.2083728356752772,0.3509982375476605,-0.2520318702199655
153,6,695.39105,767.8097,660.2607,773.98737,643.30615,777.18097,0.6937977568020887,657.1804934644578,778.0230722413461,1.919928076789347,-0.5687497782429318,2.00239859426025,0.34576824824864616,-0.16339198174716785,0.3824298905632302,-0.2879990414576513
154,6,698.8577,767.9744,661.7821,775.8637,643.5015,785.55774,15.92387538372104,659.2678205307125,777.3359113352844,2.0873270662547156,-0.6871609060616493,2.197526880913857,0.16739898946536869,-0.11841112781871743,0.20504540196094925,-0.318031501235018
155,6,700.9783,769.0492,664.0207,775.1997,646.7484,786.3422,23.377852628298523,661.2837565668393,776.5753201553325,2.0159360361268455,-0.7605911799519163,2.154645456861863,-0.07139103012787018,-0.07343027389026702,0.10241427784404915,-0.3607762521387852
156,6,702.2969,771.24207,664.792,773.20825,647.14764,777.8413,11.71162464260056,663.0116681354205,775.7921863061699,1.7279115685811348,-0.7831338491625957,1.8970969966084341,-0.28802446754571065,-0.022542669210679378,0.2889052887022531,-0.42553314141730664
157,6,703.8578,771.4076,663.1411,773.6318,647.4066,769.2777,18.59460648429163,664.3235481277429,775.061024395484,1.3118799923224742,-0.7311619106859553,1.5018744467810723,-0.4160315762586606,0.05197193847664039,0.4192652559338604,-0.5084603093418183
158,6,704.81757,771.12134,663.3525,773.29846,646.44556,767.06903,23.232107480011425,665.1677364225491,774.462255781713,0.8441882948061448,-0.5987686137709716,1.034977163963011,-0.46769169751632944,0.1323932969149837,0.48606944873518315,-0.6169291968671595
159,6,705.23083,772.4939,662.956,773.2622,646.26166,765.07306,27.170732571569737,665.7093345196968,774.0763018232952,0.5415980971476984,-0.38595395841775826,0.6650480861203529,-0.3025901976584464,0.2128146553532133,0.36993364979693943,-0.6191460386339721
160,6,705.1513,771.4367,663.3569,773.7471,647.2246,769.8133,16.86790108076306,666.1328535323527,773.9528624566802,0.42351901265590186,-0.12343936661500265,0.4411412827103614,-0.1180790844917965,0.2625145918027556,0.28784819107263504,-0.2836047558264908
161,6,705.87854,769.8936,663.78735,775.5631,643.0295,779.9066,4.147134765052497,666.4836814058019,774.0187519303591,0.3508278734492478,0.06588947367890796,0.3569616499438069,-0.07269113920665404,0.18932884029391062,0.20280387443586542,0.18564875608968895
162,6,706.9611,770.28326,664.1567,775.8871,646.17944,773.82996,13.986497997348073,666.772425293358,774.1700630708333,0.28874388755605196,0.1513111404741494,0.3259878737508034,-0.06208398589319586,0.08542166679524144,0.105599632870876,0.48268813703872904
165,6,708.51794,773.3008,663.2006,777.0962,648.1817,776.70874,6.265192736111305,666.8408791040266,774.570951946772,0.0684538106686432,0.4008888759386764,0.40669130190653685,-0.22029007688740876,0.249577735464527,0.3328915198899814,1.4016723936252211
166,6,703.9405,772.9329,661.85223,775.1387,647.8605,753.4124,60.21836330809376,666.2592184929317,774.673744537331,-0.5816606110948896,0.10279259055903367,0.5906736689349861,-0.6501144217635328,-0.2980962853796427,0.7151993825095727,2.96667603936719
167,6,702.9906,772.80035,661.61304,775.1522,647.1786,753.02795,60.131670033297176,665.470713062374,774.7633093171742,-0.7885054305577341,0.08956477984315825,0.793575871487655,-0.2068448194628445,-0.013227810715875421,0.20726734985267642,3.028489388028271
168,6,705.6001,773.97327,662.24524,775.4934,646.89276,752.54016,58.2312014025129,665.7404456151568,774.8409607102989,0.2697325527827843,0.07765139312471092,0.28068735077471146,1.0582379833405184,-0.011913386718447327,1.0583050402259788,0.28030346609080503
169,6,716.06726,771.1306,676.56744,775.7484,651.0865,785.07697,13.439627613433396,667.9843452299503,774.9080131407018,2.243899614793577,0.06705243040289588,2.2449012249303304,1.9741670620107925,-0.010598962721815042,1.9741955138078657,0.029873209442198997
170,6,717.4274,770.3957,676.69995,775.5927,652.5012,788.07947,20.02219570540462,670.6236841524519,774.9657810323798,2.6393389225015653,0.057767891678054184,2.6399710371783724,0.3954393077079885,-0.009284538724841696,0.3955482887586626,0.021883763857317284
172,6,717.5652,769.73083,676.5925,775.19055,652.78656,788.468,21.55990584378305,672.9959773099725,775.0587208955486,2.3722931575206303,0.09293986316879455,2.374113022453867,-0.267045764980935,0.03517197149074036,0.2693520153494275,0.03915719980835145
173,6,717.8159,770.22833,678.123,775.2263,654.1379,788.1415,21.124243313473315,674.5170569915612,775.0965217150332,1.521079681588617,0.03780081948457337,1.5215493089924603,-0.8512134759320134,-0.05513904368422118,0.8529974769872832,0.024846193827360384
174,6,717.876,770.38855,678.95856,775.4551,653.0217,785.6017,13.948239536986067,676.4802729231851,775.1302956917801,1.9632159316239495,0.033773976746942935,1.963506423643018,0.4421362500353325,-0.004026842737630432,0.4421545872856457,0.017201696927783134
175,6,718.0862,770.46747,680.271,775.26154,653.89435,784.58594,12.243807425977575,678.4642000754451,775.1613572497868,1.9839271522599802,0.03106155800662691,1.9841702965875165,0.020711220636030703,-0.002712418740316025,0.020888079750354307,0.015655322985503314
176,6,718.09393,770.3732,680.0619,775.4384,654.18317,786.1159,14.83477100885137,680.0474134189419,775.19102081305,1.5832133434968227,0.02966356326328423,1.583491211851794,-0.40071380876315743,-0.0013979947433426787,0.40071624739056777,0.018734109963472353
177,6,718.0563,770.3781,680.3019,775.6155,654.0319,787.7839,16.956042526655114,680.7628797462952,775.2206008055664,0.7154663273532833,0.029579992516346465,0.7160775387719285,-0.8677470161435394,-8.357074693776667e-05,0.8677470201677939,0.041320122245057565
178,6,706.9918,776.08484,671.4899,774.4934,651.85205,770.89856,7.806930048305535,679.961133138201,775.2514116513325,-0.8017466080941631,0.03081084576615467,0.8023384147648182,-1.5172129354474464,0.0012308532498082059,1.5172134347179964,3.103181899700307
179,6,697.7655,786.85236,666.1311,775.07904,647.9288,755.3826,26.843928634919536,677.52843290944,775.2847677743462,-2.432700228761064,0.033356123013618344,2.432928900308563,-1.6309536206669009,0.002545277247463673,1.6309556067541322,3.1278819495496655
180,6,700.2421,786.2782,664.4053,775.3831,646.2398,750.73004,36.70532076900213,675.1938608439093,775.3216793249524,-2.334572065530665,0.03691155060619167,2.334863848648197,0.09812816323039897,0.0035554275925733236,0.09819255310021151,3.1257831286398914
181,6,703.12836,783.6911,666.5397,775.3405,646.0195,750.44293,37.64885026567153,673.3377874209912,775.3619393588928,-1.8560734229181435,0.0402600339403989,1.8565100111757964,0.4784986426125215,0.0033484833342072307,0.4785103586367437,3.1199050839419473
182,6,704.33936,782.9366,667.2586,775.4342,646.06805,750.8293,37.82591497217384,671.8580719409221,775.4050366582577,-1.4797154800691033,0.043097299364944774,1.4803429599821416,0.37635794284904023,0.002837265424545876,0.3763686374030795,3.1124754889545856
183,6,700.8362,784.1194,666.17444,775.386,646.2525,749.7442,38.01326999545408,670.6525737039384,775.4504600051371,-1.205498236983658,0.04542334687937455,1.206353712562129,0.27421724308544526,0.0023260475144297743,0.27422710825595187,3.1039303273188787
185,6,680.2149,792.75385,657.02966,774.99097,646.4828,748.3871,30.91781937109044,667.1783688294125,775.546239969801,-3.474204874525867,0.09577996466396144,3.475524897308366,-2.268706637542209,0.05035661778458689,2.2692654309672062,3.114030747043407
186,6,672.64197,795.07263,653.0151,776.6617,646.969,747.97253,34.9303057122101,663.5096088132211,775.5955741517661,-3.6687600161914133,0.049334181965036805,3.669091702031305,-0.19455514166554622,-0.04644578269892463,0.20002228345616016,3.128146364254859
187,6,682.60583,791.96436,655.20135,776.7906,646.22394,748.1462,43.62538739846018,660.8717676133958,775.645189509607,-2.6378411998252886,0.04961535784093485,2.6383077681023877,1.0309188163661247,0.00028117587589804316,1.030918854710498,3.122785794371188
188,6,642.55994,749.7411,662.8781,775.9571,702.35803,784.9522,39.38807594887791,660.1273150963115,775.6945748254137,-0.744452517084369,0.04938531580671679,0.7460887746177273,1.8933886827409196,-0.0002300420342180587,1.893388696715688,3.0753519437350834
189,6,642.4302,750.17596,664.1514,775.7072,705.2533,783.0607,39.46636908402007,660.3306379815999,775.7432188812766,0.20332288528845766,0.048644055862837376,0.2090608520331106,0.9477754023728266,-0.0007412599438794132,0.9477756922443611,0.234831313772082
190,6,642.1555,750.5486,665.55865,776.0196,710.48676,780.28064,42.00493642608672,660.5096566751149,775.7906104592862,0.17901869351499045,0.04739157800963767,0.18518545918634555,-0.02430419177346721,-0.0012524778531997072,0.024336442602283247,0.258793217639348
191,6,642.6488,750.0448,664.7344,775.3018,707.7744,780.9485,41.35820206688567,660.8706217368359,775.8362383415323,0.3609650617210036,0.04562788224609449,0.36383743543169306,0.18194636820601318,-0.0017636957635431827,0.18195491619108417,0.1257383943816428
195,6,664.52686,786.28595,685.0862,776.1036,722.035,768.19666,14.268791460689206,665.694869675706,775.9908885546893,4.82424793887003,0.15465021315696958,4.826726102040723,4.463282877149027,0.1090223309108751,4.464614194988066,0.032045880050593466
198,6,658.79645,786.92975,682.4106,775.61456,721.1651,767.7282,14.099976067579028,669.5201110849321,776.0633077314651,3.8252414092261233,0.07241917677583842,3.8259268649600644,-0.999006529643907,-0.08223103638113116,1.0023851503366743,0.018929661891664198
199,6,659.4066,786.2333,681.9391,775.75745,720.7167,767.72504,13.231945001998838,672.4226424249354,776.0764222028545,2.902531340003293,0.013114471389371829,2.902560967328875,-0.9227100692228305,-0.059304705386466594,0.9246139302033992,0.004518256862924767
200,6,656.71265,785.35846,681.3627,775.8114,721.56604,766.7598,8.483319870656413,675.0243535930332,776.0830526715246,2.601711168097836,0.006630468670095979,2.6017196169687065,-0.30082017190545685,-0.00648400271927585,0.3008900432325606,0.0025484974645851506
201,6,653.3205,784.2244,680.33466,775.5564,722.95166,766.07043,5.2411606585725385,677.1353742876338,776.0820911907247,2.1110206946005974,-0.0009614807999014374,2.1110209135575415,-0.4906904734972386,-0.007591949469997417,0.4907492011992472,-0.0004554577488874834
202,6,654.3786,785.22723,680.4132,776.26245,722.8279,766.853,6.492563444428435,678.9660759484041,776.0723104679361,1.8307016607702735,-0.00978072278860509,1.8307277878716173,-0.28031903383032386,-0.008819241988703652,0.28045773256735423,-0.005342557960808649
203,6,660.1259,787.0192,684.5679,776.6007,723.543,766.20984,8.158391196599212,680.7268300150108,776.0524832106395,1.7607540666067507,-0.01982725729658341,1.7608656970945045,-0.06994759416352281,-0.010046534507978322,0.07066540019617018,-0.011260186580069139
204,6,659.9381,784.8442,684.52106,775.7605,722.8001,765.7158,5.576575315173305,682.5398375635614,776.021382126316,1.8130075485505586,-0.031101084323495343,1.8132742893857519,0.052253481943807856,-0.011273827026911931,0.053455828036656425,-0.017152732839120773
205,6,654.65466,778.48315,684.3948,776.29663,723.9632,764.664,12.177817438397486,684.174618215922,775.977779922447,1.6347806523606323,-0.04360220386899982,1.6353620191000182,-0.17822689618992626,-0.01250111954550448,0.17866478252690357,-0.026665271001806323
206,6,658.28625,783.2126,683.8834,775.2234,724.4509,764.51044,2.541064931288405,685.3125212303996,775.920449306513,1.1379030144776152,-0.057330615934006346,1.1393463344745602,-0.4968776378830171,-0.013728412065006523,0.49706725533476176,-0.0503401250473599
208,6,681.5461,758.9316,685.2205,775.95074,711.48834,766.09436,98.38426457375589,686.0546696187167,775.8227896991292,0.742148388317105,-0.09765960738377544,0.7485463440536128,-0.39575462616051027,-0.04032899144976909,0.39780416247043066,-0.13083865922183802
209,6,648.8113,761.1244,683.309,776.2698,725.73627,763.63806,40.28235240817291,686.7150335888734,775.8667631649279,0.660363970156709,0.043973465798671896,0.6618264415807802,-0.08178441816039594,0.14163307318244733,0.16355004883196758,0.06649157818810732
210,6,664.0869,760.5617,687.46515,775.355,724.64307,765.3366,47.40611612817189,687.5718079138433,776.0340651177819,0.8567743249698196,0.16730195285401805,0.8729560053956088,0.19641035481311064,0.12332848705534616,0.23192012244989157,0.19284295808240204
211,6,645.0055,755.84015,677.3588,777.2629,716.2215,769.9802,44.12431561538906,686.2989143222231,776.3707902882378,-1.272893591620118,0.33672517045590666,1.316678372270967,-2.1296679165899377,0.1694232176018886,2.136396419584882,2.882981267199279
213,6,686.4561,792.55853,662.4388,782.02264,645.6741,754.22473,35.22011154094013,681.6030833592688,777.5797401542059,-4.695830962954346,1.2089498659680658,4.848957435476718,-3.4229373713342284,0.8722246955121591,3.5323188088758006,2.889612975167179
215,6,685.1445,791.0169,663.91907,782.75134,645.16754,756.14,33.55292508999054,677.6589669066946,779.0766253575207,-3.944116452574235,1.4968852033148323,4.218615875304323,0.7517145103801113,0.2879353373467666,0.8049729583091637,2.778862013358311
216,6,686.3889,791.5784,663.18384,783.1523,645.0982,756.54254,35.84074147343498,674.3909470629638,779.7536260684194,-3.2680198437307126,0.6770007108987102,3.337406727022505,0.6760966088435225,-0.8198844924161222,1.0626933731769261,2.9373227221680516
217,6,714.02783,775.53217,676.3251,779.82434,642.7706,757.7335,39.85393279140276,673.9678572378132,780.3051524665452,-0.42308982515066873,0.5515263981258158,0.6951160823744904,2.844930018580044,-0.12547431277289434,2.8476956673394156,2.2251678070962
218,6,707.28735,777.16003,675.0977,780.314,642.1627,757.7904,39.96354515988993,673.9424627676442,780.7486526130311,-0.025394470168976113,0.44350014648591696,0.44422658525598485,0.3976953549816926,-0.10802625163989887,0.41210589223812516,1.627993087421724
219,6,700.88776,778.8512,675.82385,780.9892,644.5012,757.5275,41.71004083223699,673.8906950278166,781.1194175926169,-0.051767739827596415,0.3707649795857151,0.3743615484715991,-0.026373269658620302,-0.07273516690020188,0.07736894633175849,1.7095236103048872
220,6,708.461,778.1117,677.0987,780.1486,642.3837,757.92126,36.34673945408899,673.8593714841035,781.4527384900425,-0.0313235437131425,0.33332089742566495,0.3347894637699935,0.020444196114453916,-0.03744408216005013,0.042661744497557025,1.6644952876306047
221,6,700.7635,786.23236,673.18585,783.73004,643.2244,757.29047,36.24224465572141,673.7628692430455,781.7764631983582,-0.09650224105791949,0.32372470831569444,0.33780226361479915,-0.06517869734477699,-0.00959618910997051,0.06588132840946936,1.8605088236929812
228,6,708.58453,784.70886,677.33417,785.25793,646.37537,764.2296,35.19233566349743,674.0618388362899,783.1953347351368,0.298969593244351,1.4188715367786244,1.4500273292477035,0.3954718343022705,1.09514682846293,1.1643644393482724,1.3631247772169386
230,6,707.6477,779.75494,681.3484,781.3691,648.7348,770.21277,22.396715324885804,675.4708645335824,783.0473698981586,1.4090256972924635,-0.14796483697818985,1.4167734499956213,1.1100561040481125,-1.5668363737568143,1.9202085241613416,-0.10462868853213524
279,6,673.275,793.2533,675.2639,793.5598,664.2087,770.5484,124.42197465424316,675.3166614323775,785.8131538811097,-0.15420310120487102,2.7657839829510067,2.7700793556809042,-1.5632287984973345,2.9137488199291965,3.3066019509596565,1.626492512692208
280,6,662.39545,794.5919,674.6371,794.98584,665.39526,771.3688,113.21445238632909,675.0954336255048,788.4038187237874,-0.22122780687266186,2.590664842677711,2.6000934732466865,-0.06702470566779084,-0.17511914027329567,0.1875073984138018,1.6559838817530397
283,6,636.8689,798.9755,671.1178,804.7276,671.16736,776.66876,99.43260197901206,674.0699474342778,792.8426882726363,-1.0254861912270599,4.43886954884897,4.5557858597717305,-0.804258384354398,1.8482047061712592,2.0156121116717713,1.797837218489209
284,6,576.51105,795.89825,643.4475,807.188,674.0487,778.44037,52.78472197148536,667.0386260999657,797.1017139595298,-7.031321334312111,4.2590256868934375,8.220631332687944,-6.005835143085051,-0.1798438619555327,6.008527238899605,2.596976454153236
285,6,576.9202,797.5807,643.7668,807.8685,674.92896,777.531,52.98108262429493,660.9946328194595,800.8887595202276,-6.043993280506129,3.787045560697834,7.132430781550173,0.9873280538059817,-0.4719801261956036,1.0943408634223275,2.581857935380764
287,6,633.3899,798.06726,670.6028,805.69543,674.3949,776.8556,94.09365752862216,661.7935105358391,803.5318621066172,0.798877716379593,2.6431025863895456,2.761194829762467,6.842870996885722,-1.1439429743082883,6.937830281038091,1.2772766065609074
291,6,659.53143,804.14935,674.5965,803.6581,676.1968,780.7709,84.13261596280228,663.6623241350627,805.0634765215897,1.8688135992235857,1.5316144149725233,2.4162588819898083,1.0699358828439927,-1.1114881714170224,1.542779552819232,0.6865575522645591
292,6,648.9631,803.5811,671.75824,803.27515,676.82477,781.08167,76.37136767242592,664.5522553885696,806.4895405479306,0.8899312535069157,1.426064026340896,1.6809628916760766,-0.97888234571667,-0.10555038863162736,0.9845565150340826,1.0128824690413205
293,6,589.2624,804.36395,647.3396,808.30994,679.5631,781.929,43.19360452565531,660.2264155275367,808.1913130960153,-4.325839861032932,1.7017725480847048,4.648539588808094,-5.215771114539848,0.2757085217438089,5.223053083037775,2.7667914213008653
294,6,575.19653,800.5636,635.2716,808.6811,681.6276,782.3999,37.2460816110116,653.7887131670611,809.7607573012714,-6.437702360475555,1.5694442052561044,6.6262483197873365,-2.1118624994426227,-0.1323283428286004,2.1160042549266778,2.9024676591320744
295,6,584.7401,800.4405,637.4184,808.45703,681.59485,782.13654,39.43947586665654,648.4118607320195,811.0055812949589,-5.3768524350416556,1.2448239936875325,5.519069566826782,1.0608499254338994,-0.3246202115685719,1.1094056273752781,2.9140855061056157
296,6,566.3108,798.65906,629.7948,808.6344,681.0209,783.8576,34.74187571351058,642.7768939125315,811.8552416008108,-5.634966819488,0.8496603058518986,5.698664202431219,-0.25811438444634405,-0.39516368783563394,0.4719929826194172,2.991936485324273
297,6,582.95654,799.13605,637.9251,809.03094,681.60406,782.3615,41.611881215192334,639.3946696160488,812.5104433166205,-3.3822242964827183,0.6552017158096533,3.4451023903678006,2.2527425230052813,-0.1944585900422453,2.2611198593169313,2.9502435738040664
298,6,565.71234,799.2825,629.82935,809.84576,681.29144,782.7266,37.14348638835199,635.1417528984011,813.2397036836967,-4.252916717647622,0.7292603670762219,4.314987982629241,-0.8706924211649039,0.07405865126656863,0.8738363554473032,2.971771224604109
299,6,549.4952,792.3396,613.0182,813.8747,678.4897,800.8574,29.97238946287206,627.8292449949698,814.1622174123609,-7.31250790343131,0.9225137286641711,7.370468330935236,-3.059591185783688,0.19325336158794926,3.06568835433256,3.0161000123743658
300,6,550.09875,788.5261,611.5701,811.14026,675.7687,804.9986,25.66225904845192,621.6897759985626,814.7998890889892,-6.139468996407231,0.6376716766283153,6.172495826245618,1.173038907024079,-0.2848420520358559,1.2071268665721275,3.038099439098458
301,6,576.8291,799.44366,634.8883,809.21063,680.87195,782.59875,39.60816491733106,621.2540106906114,814.6695056761037,-0.4357653079512147,-0.13038341288552147,0.4548529850066869,5.703703688456017,-0.7680550895138367,5.755184131392745,-2.8508648415846194
302,6,603.2879,803.36145,653.0615,808.2025,678.60254,782.10046,51.17762829024515,626.1643176712323,813.864673764754,4.9103069806209305,-0.8048319113496518,4.975828478701951,5.346072288572145,-0.6744484984641304,5.388447799851042,-0.16246204863509664
303,6,646.6232,803.8349,671.9987,805.59924,676.7213,783.4506,81.94081390367474,634.3141259753501,812.6753182618413,8.149808304117755,-1.18935550291269,8.236136345773751,3.2395013234968246,-0.3845235915630383,3.2622426668484086,-0.14491363556963097
304,6,639.5711,801.8399,669.5057,805.03357,677.382,784.2739,75.31267946461507,641.4894025584413,811.5998177091401,7.175276583091204,-1.0755005527012145,7.255432136180284,-0.9745317210265512,0.11385495021147563,0.9811600404493802,-0.14878214091705164
305,6,598.90717,800.0798,649.5264,808.79407,678.45685,784.76575,49.47945519216635,643.2231123078644,811.1886640571436,1.7337097494231557,-0.4111536519965284,1.7817959537486283,-5.441566833668048,0.664346900704686,5.481971033282831,-0.2328508571929739
0,7,641.173,200.49448,665.75977,212.21846,687.6364,210.73822,29.364607552104303,665.8080583306892,212.14787585549902,,,,,,,
1,7,640.89557,200.03027,666.7482,210.92123,685.31305,215.58917,8.73036956870608,666.4275243667435,211.35329776220982,0.6194660360542912,-0.7945780932892035,1.0075179979334972,,,,-0.9086086351432205
2,7,639.809,201.38106,664.481,213.7106,683.9613,222.7837,1.5789236886887394,665.3528861624845,212.56986615868578,-1.0746382042589175,1.2165683964759637,1.6232331728242029,-1.6941042403132087,2.011146489765167,2.629581597962297,2.294327931302962
3,7,639.13464,202.36911,665.08704,213.62558,683.03784,226.3563,11.896167027611533,664.9693842319512,213.70754351829316,-0.38350193053338444,1.1376773596073804,1.2005763221411847,0.6911362737255331,-0.07889103686858334,0.6956242840480882,1.8959258534695291
4,7,639.0499,202.58055,665.559,214.07828,683.6292,228.46028,15.068437633251325,664.9230084949139,214.24932433145054,-0.04637573703723774,0.5417808131573736,0.5437620421574239,0.3371261934961467,-0.5958965464500068,0.6846508339381808,1.6561868835024296
5,7,638.9227,202.61552,665.0803,214.2454,682.02234,229.61613,18.245717888124585,664.8841878557812,214.4467278748753,-0.038820639132723045,0.19740354342476962,0.20118449487802983,0.007555097904514696,-0.34437726973260396,0.34446013327064345,1.7649746776621527
6,7,638.56714,202.47014,664.02325,214.25902,681.0353,229.62282,17.236507928460263,664.7590931012609,214.6022728282905,-0.12509475452031893,0.1555449534151876,0.199606939111424,-0.08627411538759588,-0.04185859000958203,0.09589246343432047,2.248114486679654
7,7,640.39343,203.46313,665.29596,214.34128,682.45575,231.11542,20.75177742248656,664.6403274718432,214.82219091593745,-0.11876562941768043,0.21991808764695975,0.2499384724392659,0.0063291251026385,0.06437313423177216,0.06468352367787801,2.0659643096270863
8,7,639.48193,204.04344,664.9791,214.84262,682.40125,234.10214,24.912782970777364,664.6671023214641,215.16364212318703,0.026774849620892383,0.3414512072495768,0.3424993715387152,0.1455404790385728,0.12153311960261703,0.18961099704163065,1.4925415949553107
9,7,640.4109,204.22685,666.20575,216.32149,683.6716,237.07083,24.79007196050086,664.9477247296788,215.6653613214578,0.2806224082147537,0.501719198270763,0.5748661495563163,0.2538475585938613,0.16026799102118616,0.30020728164058724,1.0608245619386516
10,7,640.81775,204.76636,666.2942,216.82338,684.7657,237.08849,22.32465860041924,665.4668846785239,216.29238292636015,0.519159948845072,0.6270216049023531,0.814053527416435,0.2385375406303183,0.1253024066315902,0.26944545161800215,0.8792270483662358
11,7,642.7401,205.38988,667.2522,217.23459,685.2305,237.09981,22.06368948788577,666.1751040498159,216.99393609572772,0.7082193712919889,0.7015531693675712,0.996870867927689,0.18905942244691687,0.07453156446521803,0.20322012527698807,0.7806696330502594
12,7,646.4166,206.45459,669.0582,218.2557,685.19476,237.07532,21.860001346817103,667.0098494220092,217.72972941209454,0.8347453721933107,0.7357933163668235,1.1127405990653154,0.12652600090132182,0.034240146999252374,0.1310771397712496,0.722476165696434
13,7,648.1712,207.21655,670.04034,219.43358,685.9247,236.1465,17.26651714393755,667.9053235477193,218.46209131417018,0.8954741257100522,0.7323619020756382,1.1568179914870054,0.06072875351674156,-0.0034314142911853196,0.060825620487874196,0.6855296377796919
14,7,649.4639,207.93964,670.68445,219.48979,685.2385,236.4517,20.809848508372127,668.7957291795609,219.15335024066417,0.8904056318416451,0.6912589264939868,1.127236041241114,-0.005068493868407131,-0.041102975581651435,0.041414299846308095,0.6601476921459271
15,7,648.9427,207.07019,670.6314,219.5277,685.9501,238.32523,20.95029921381363,669.6152690701489,219.76583463028595,0.8195398905879756,0.612484389621784,1.0231240197528941,-0.07086574125366951,-0.07877453687220282,0.10595933627039232,0.6418039308799165
16,7,648.83185,206.68877,671.0088,220.89606,688.1017,239.03084,14.049083281312972,670.3146134134885,220.28365393910357,0.6993443433395896,0.5178193088176215,0.8701835134874949,-0.12019554724838599,-0.09466508080416247,0.15299819313311383,0.6373516097580384
17,7,655.51807,211.2195,671.24854,220.32083,680.0716,232.9236,24.951750446535723,670.9103021691452,220.77804169261896,0.5956887556567381,0.4943877535153831,0.7741216599746193,-0.10365558768285155,-0.023431555302238394,0.10627096800989055,0.6927341250109794
18,7,670.423,221.66193,671.34393,220.9903,667.2572,222.2998,161.6647138971837,671.4353427380743,221.34201243369262,0.5250405689290574,0.5639707410736605,0.770539159166179,-0.0706481867276807,0.06958298755827741,0.09916127492849529,0.8211311269722427
19,7,685.1206,231.57439,672.1406,222.42941,656.2685,214.28175,7.99352628931963,671.9227425212312,222.0420177175984,0.4873997831568886,0.7000052839057957,0.8529747628842343,-0.03764078577216878,0.13603454283213523,0.14114611435351077,0.9625712722516649
20,7,693.72614,238.23788,672.44257,223.95897,653.3426,208.80045,4.579709272050125,672.4055089195716,222.83825714926513,0.4827663983404591,0.7962394316667201,0.9311609033392457,-0.004633384816429498,0.09623414776092432,0.09634562496620454,1.0257514403058348
21,7,699.8287,242.18915,673.5276,224.91042,651.32355,207.04218,5.521409324729407,672.9138029347639,223.66963079800536,0.5082940151922912,0.8313736487402252,0.9744459706417471,0.025527616851832136,0.03513421707350517,0.043428935417554576,1.0220434730196573
22,7,699.67145,241.80608,673.62115,225.09245,652.3879,207.575,6.838764561879074,673.4663999713263,224.4960925410141,0.5525970365623607,0.8264617430087355,0.994184337773705,0.04430302137006947,-0.004911905731489696,0.04457448283975793,0.9814357896469341
23,7,698.6897,242.21143,673.64636,225.04016,653.1423,207.76457,5.678614907274989,674.0792290344897,225.28285970745716,0.6128290631634172,0.7867671664430702,0.9972773109073572,0.06023202660105653,-0.03969457656566533,0.07213568074952817,0.9090415573960202
24,7,700.49884,241.00195,675.43134,225.76482,654.3776,209.22203,6.865128283550291,674.7682191294854,225.99514962650017,0.6889900949956882,0.7122899190430019,0.9909915639259769,0.07616103183227096,-0.07447724740006834,0.10652400269444993,0.8020241602712056
25,7,703.22156,241.88126,676.851,226.5496,655.9192,209.26672,9.372217487003052,675.5492992615443,226.59817962730892,0.7810801320589462,0.6030300008087579,0.9867782702170895,0.09209003706325802,-0.10925991823424397,0.14289263332609528,0.6574620657220684
26,7,694.9113,238.31601,677.5466,227.17393,661.5036,212.70393,9.36273378837076,676.4107003363129,227.07336946083979,0.861401074768537,0.4751898335308624,0.9837770019183614,0.08032094270959078,-0.1278401672778955,0.15097868130102893,0.5041072810423843
27,7,696.4109,239.88745,677.8958,227.05551,660.3349,211.97415,5.932040737650715,677.2298608610984,227.46694856521182,0.8191605247855023,0.39357910437203714,0.9088060721436418,-0.042240549983034725,-0.08161072915882528,0.09189436966813794,0.44789896593878364
28,7,697.4087,241.80286,677.5991,226.77321,659.4504,210.96324,3.872369028746198,677.8565212436229,227.84134880033494,0.6266603825245056,0.3744002351231188,0.7299854595031372,-0.19250014226099665,-0.019178869248918318,0.19345318244001844,0.5385447304595763
29,7,697.5548,241.97641,677.3916,227.10344,658.89526,211.37637,3.9602721459894736,678.2290752457773,228.259002026119,0.37255400215440204,0.4176532257840506,0.5596701720916395,-0.2541063803701036,0.0432529906609318,0.25776127278144484,0.8424089707704643
30,7,698.21436,242.52289,678.213,228.28156,660.69324,212.65358,6.281975059753128,678.6405300461261,228.78234010247382,0.41145480034879256,0.5233380763548325,0.6657160016800266,0.03890079819439052,0.10568485057078192,0.11261687147283572,0.9045192815894868
31,7,700.8953,244.44789,679.89154,229.96269,661.2802,213.66275,6.620187486782797,679.379702678144,229.46166066296317,0.7391726320179259,0.6793205604893444,1.0039186241064886,0.3277178316691334,0.15598248413451188,0.36294560549852606,0.7432290570166751
32,7,702.5432,245.6972,681.50006,231.70175,662.90717,215.67848,7.127391249484133,680.3640361782717,230.29872443576707,0.9843335001277183,0.8370637728039014,1.2921254580010357,0.24516086810979232,0.157743212314557,0.2915249085132562,0.7047183178293349
33,7,700.12195,243.11809,683.0379,233.01974,666.2595,219.74106,7.771425555381465,681.4181300836918,231.28315792271906,1.0540939054201317,0.9844334869519855,1.442297906701771,0.06976040529241345,0.14736971414808409,0.16304706926114862,0.7512395236519184
34,7,699.86414,242.93634,683.4537,233.46078,667.22125,219.77917,10.123585055316497,682.4051293416611,232.37181539120007,0.9869992579692735,1.088657468481017,1.4694701830630634,-0.06709464745085825,0.10422398152903156,0.12395293478703467,0.8343354678523159
35,7,702.9923,245.74947,683.9776,234.15001,667.2196,218.1347,12.317583981269504,683.3423605397359,233.39046217077941,0.9372311980747554,1.018646779579342,1.3842122598041118,-0.049768059894518046,-0.07001068890167517,0.08589735936658052,0.8270002507725523
36,7,702.34814,245.90546,684.99567,234.2269,668.4209,219.44478,7.786639861877513,684.270352999374,234.17914698401586,0.9279924596381761,0.7886848132364435,1.2178644176488267,-0.009238738436579297,-0.22996196634289845,0.23014747500720464,0.7044260091948086
37,7,703.32996,247.30534,685.49994,234.5159,668.74915,219.66942,5.899269662472912,685.1682653373417,234.7661410632381,0.8979123379676821,0.5869940792222508,1.0727574822468342,-0.03008012167049401,-0.20169073401419269,0.20392146995080127,0.5789943379039753
38,7,698.1031,243.5583,685.5684,234.6764,672.4993,223.61533,4.922229169750676,685.9999134942328,235.2267712682173,0.8316481568911058,0.4606302049791964,0.9506938742831732,-0.06626418107657628,-0.1263638742430544,0.14268416312774082,0.5058143858064109
39,7,669.7474,220.81213,687.4005,234.89984,706.4021,248.12405,3.7548369338913954,686.7291134106409,235.6363644587247,0.7291999164081062,0.40959319050739396,0.8363606278392207,-0.10244824048299961,-0.05103701447180242,0.11445706105023618,0.5117832027307657
40,7,681.3519,230.04305,686.6813,234.85454,694.3421,237.91248,20.316493812571345,687.3522392303515,236.05880334917953,0.6231258197105944,0.42243889045482774,0.7528216278499883,-0.10607409669751178,0.012845699947433786,0.10684908047022482,0.5957633361133385
41,7,688.84436,235.57251,686.9206,235.23131,689.1496,233.70322,135.50999000310622,687.9958979099173,236.5121940725935,0.6436586795657604,0.4533907234139747,0.7873116561173126,0.020532859855165952,0.03095183295914694,0.037143159496235915,0.6136703398037101
42,7,709.91797,248.15427,689.595,236.31357,676.37195,224.60686,11.293199711808562,688.8192546090831,237.0031986166261,0.8233566991658563,0.49100454403259164,0.9586457720774382,0.1796980196000959,0.037613820618616955,0.18359242290935088,0.5377275705558996
43,7,714.5418,251.97603,690.8335,237.79872,672.56714,222.37244,9.302757704276328,689.9329075151313,237.538478968937,1.1136529060481735,0.535280352310906,1.2356163849349155,0.29029620688231716,0.044275808278314344,0.29365325628870376,0.44805037351027716
44,7,706.99426,245.18921,693.42926,238.58612,683.66925,231.04474,11.737002209351598,691.2531869254939,238.124697117186,1.3202794103625592,0.586218148249003,1.444572406895479,0.20662650431438578,0.050937795938097,0.212812526276566,0.4178620489383772
45,7,713.2065,250.96259,694.1679,239.07365,677.9215,226.60518,5.521480311109232,692.6487240842906,238.76051323281558,1.395537158796742,0.6358161156295807,1.5335534208095822,0.07525774843418276,0.04959796738057776,0.0901314987541403,0.42750668811497533
46,7,714.0129,251.44493,695.36975,239.53708,678.77216,226.82037,4.891045774672346,693.9916219122434,239.41258022239953,1.342897827952811,0.6520669895839433,1.4928382146855177,-0.05263933084393102,0.016250873954362532,0.055090743832130334,0.45203475660292214
47,7,715.60126,253.78865,695.76843,240.10884,677.3516,226.45868,1.949031083672107,695.1548512492247,240.03954917629443,1.163229336981317,0.6269689538949024,1.3214357947180264,-0.17966849097149407,-0.0250980356890409,0.18141300406371705,0.49435093982587275
48,7,713.62866,251.08263,695.8862,240.16774,679.6064,229.6411,1.2875520544454508,696.0688303029451,240.600071184857,0.913979053720368,0.5605220085625717,1.072167259676679,-0.2492502832609489,-0.06644694533233064,0.25795522915742763,0.5501245874307533
49,7,707.20807,245.06604,696.68304,240.2554,686.6872,235.72395,0.1780411400122593,696.8937667524683,241.05279733844387,0.824936449523193,0.4527261535868661,0.9410000615799609,-0.08904260419717502,-0.10779585497570565,0.13981606385590367,0.5019223985849877
50,7,706.83563,244.0608,697.24,240.58392,688.8118,236.92921,3.525589493473683,697.8067036147095,241.39070983710175,0.9129368622411675,0.33791249865788586,0.9734672933324284,0.08800041271797454,-0.11481365492898021,0.1446590750581684,0.354501175322127
51,7,710.7399,245.27531,698.3661,241.38655,688.44574,236.91566,6.813508411074595,698.8222357866316,241.74411531963813,1.015532171922132,0.35340548253637394,1.0752678862942247,0.10259530968096442,0.015492983878488076,0.10375851829123277,0.33489222410830627
52,7,699.48425,238.23776,700.79224,242.51633,704.3263,246.82106,22.386271010205665,699.9143461352115,242.27765153455024,1.0921103485799222,0.5335362149121181,1.2154694180019951,0.07657817665779021,0.18013073237574417,0.19573272053096716,0.45443515503793713
53,7,718.7567,249.93175,702.0226,243.84097,686.2634,236.48476,5.022582798732513,701.0570175274249,243.07705089605042,1.1426713922134013,0.7993993615001784,1.3945383643879452,0.05056104363347913,0.2658631465880603,0.2706282170192366,0.6104494992543107
54,7,723.5197,253.48584,702.49854,244.75552,686.52075,234.93465,9.02371290573348,702.2242328302485,243.91242448120988,1.1672153028235925,0.8353735851594593,1.4353538204664866,0.024543910610191233,0.035974223659280824,0.04354937790518962,0.6211839824727114
55,7,711.9975,245.78984,703.8259,244.66838,700.5354,243.97824,4.030848988944237,703.3859619476025,244.54083270412755,1.161729117353957,0.6284082229176704,1.3207995444951321,-0.0054861854696355294,-0.20696536224178885,0.20703806268143574,0.49584908596808475
56,7,690.1253,234.81194,704.7155,244.52953,722.31647,255.42867,1.897851588326375,704.4961229311853,244.98275466415316,1.110160983582773,0.4419219600256099,1.1948859477884686,-0.051568133771183966,-0.1864862628920605,0.1934848796885416,0.37884161538080324
57,7,695.19354,237.57681,705.0715,244.41063,717.6678,253.24338,0.362076891766538,705.5046208696397,245.31170779706093,1.0084979384544113,0.3289531329077704,1.0607913345784055,-0.10166304512836177,-0.11296882711783951,0.15197805974926654,0.31529994124507127
58,7,689.618,236.3558,705.9083,244.2294,722.36755,255.77306,9.248007638015116,706.3613608516085,245.54994419907123,0.8567399819688717,0.23823640201030116,0.8892468610834882,-0.15175795648553958,-0.09071673089746923,0.1768049847187312,0.27122106106917804
59,7,687.45447,235.39151,706.4203,244.89261,725.2597,256.89264,5.8866631028794405,707.0557873049162,245.72067371799935,0.6944264533076421,0.1707295189281126,0.7151060534542101,-0.1623135286612296,-0.06750688308218855,0.17579209552744993,0.2410754677518509
60,7,707.0108,244.58426,706.1065,245.03865,708.28937,247.24826,107.97245908326764,707.7355020141135,245.90220254759393,0.6797147091973557,0.18152882959458339,0.7035373493093491,-0.014711744110286418,0.010799310666470774,0.018249945907796453,0.2609753699679182
61,7,687.42456,235.25417,708.2222,245.38136,728.3814,257.05405,4.108658475199761,708.5876461029322,246.18661096808665,0.8521440888187044,0.2844084204927242,0.8983527691034442,0.17242937962134874,0.1028795908981408,0.20078869783922604,0.32213113631812595
62,7,686.257,234.68065,710.71185,246.57462,733.78436,259.96594,4.194279479003473,709.7478341807879,246.63769835897696,1.1601880778556506,0.4510873908903079,1.2447956499838095,0.3080439890369462,0.16667897039758373,0.3502470247619426,0.3708187664896084
63,7,687.2307,234.95149,712.97784,247.90388,737.7744,262.09787,3.082356283812139,711.1455747998266,247.2061404968357,1.3977406190387,0.5684421378587388,1.5089086460763959,0.23755254118304947,0.11735474696843085,0.2649591411115096,0.38625721504376676
64,7,690.0741,236.07649,714.0179,248.65782,738.0457,261.6912,0.7571809080667814,712.6460226790479,247.81297219029668,1.5004478792212694,0.6068316934609754,1.6185143009712086,0.10270726018256937,0.03838955560223667,0.10964734047639835,0.3843226825724842
65,7,692.55927,237.414,714.8732,248.65274,736.09546,260.7071,2.864231940464657,714.0630232621353,248.37378797917526,1.4170005830874288,0.5608157888785854,1.5239438971056722,-0.08344729613384061,-0.04601590458239002,0.09529383351814802,0.37686029183685904
66,7,692.72125,237.6348,715.40015,248.54593,735.74963,261.39554,6.577363556275609,715.1975946739434,248.80282233608207,1.1345714118081105,0.42903435690681135,1.2129809429247806,-0.2824291712793183,-0.13178143197177405,0.3116610059055413,0.3615265024707617
67,7,691.89056,237.87924,715.0411,248.12576,735.8038,261.93896,9.760981960015892,715.935698175268,249.04823586743407,0.7381035013246446,0.24541353135199984,0.7778332597918134,-0.39646791048346586,-0.18362082555481152,0.43692494964302053,0.3209931902022438
68,7,691.35956,237.58942,715.0517,248.27608,737.18085,262.56512,8.572353292683088,716.5030675706718,249.19389371487367,0.5673693954037162,0.14565784743959398,0.5857680764274497,-0.17073410592092841,-0.09975568391240586,0.1977405658873531,0.2512978910343077
69,7,692.1027,237.78761,715.8338,248.69595,737.9736,262.54214,7.335293462787085,717.1542788742092,249.3382909802118,0.6512113035374796,0.14439726533814223,0.6670282843269221,0.08384190813376335,-0.001260582101451746,0.08385138416713772,0.21820596059683228
70,7,692.9229,237.95718,716.3602,248.77776,739.62964,261.9001,4.638062973388426,717.9195043941361,249.50273807070823,0.7652255199268438,0.1644470904964237,0.782695944744859,0.11401421638936426,0.020049825158281465,0.11576371205070453,0.2116807340404648
71,7,694.4932,238.32922,718.23865,248.70644,742.4824,262.2275,5.542735305138874,718.772815512259,249.68924921998453,0.8533111181228605,0.1865111492762992,0.8734565090011365,0.08808559819601669,0.022064058779875495,0.09080691217848948,0.21518919946974144
72,7,697.8185,239.73354,720.0798,249.28835,744.33923,261.241,2.999961406135735,719.6882836103842,249.8998386616626,0.9154680981253023,0.21058944167808136,0.9393773212247803,0.06215698000244174,0.024078292401782164,0.0666577401957917,0.22610135716938237
73,7,708.8719,244.6904,721.18964,250.23062,735.87714,256.0312,2.6665303555800377,720.639980070319,250.13652062936427,0.9516964599347375,0.2366819677016565,0.9806857323768096,0.03622836180943523,0.026092526023575147,0.044646546492268485,0.24374986970894147
74,7,720.95465,248.19548,721.94495,250.93793,726.6128,252.49277,51.72268910220866,721.6041429276205,250.40130935671112,0.9641628573015169,0.2647887273468541,0.9998615331783656,0.012466397366779347,0.0281067596451976,0.030747373888827503,0.26802284991495573
75,7,713.11615,244.58766,722.72003,250.67612,735.8379,256.0231,10.196591783985635,722.5656768328533,250.6962190773251,0.9615339052328409,0.2949097206139868,1.005743105482179,-0.0026289520686759715,0.03012099326713269,0.030235502714161186,0.29759910498756864
76,7,734.81586,254.21619,722.3592,250.46906,712.9696,245.80086,9.693086124778066,723.5116530903334,251.02326402482805,0.9459762574800834,0.3270449475029409,1.0009143207104325,-0.015557647752757475,0.032135226888954094,0.03570312606486214,0.33285874739674043
77,7,705.2862,242.53549,725.0454,251.57784,744.94806,261.9369,2.9063637294820093,724.4291430043764,251.38445843284165,0.917489914043017,0.3611944080136027,0.9860269482884124,-0.028486343437066353,0.03414946051066181,0.0444708602973199,0.3750434049204995
78,7,712.2988,245.61153,725.2519,252.49406,736.1368,257.87814,1.6650690222626208,725.3163816643721,251.78109917490278,0.8872386599956599,0.3966407420611233,0.9718622937709296,-0.03025125404735718,0.03544633404752062,0.04660022498707666,0.42039865410380456
79,7,724.5254,250.75772,725.8237,252.42062,726.269,251.4979,116.2594060169982,726.216259300007,252.2116136842082,0.8998776356348799,0.430514509305425,0.9975582698962063,0.012638975639220007,0.03387376724430169,0.03615488642673245,0.4462305731786702
80,7,708.0176,244.11722,727.3726,252.5564,744.7339,259.59558,1.4878001026685628,727.1828299260409,252.67371203386966,0.9665706260338993,0.4620983496614599,1.0713513242029473,0.06669299039901944,0.0315838403560349,0.07379359010103247,0.44595856154445157
81,7,709.1282,244.18742,728.9423,253.5355,747.1107,261.43768,1.7512244050218035,728.2701475572351,253.16510429699917,1.087317631194196,0.49139226312951223,1.1931998941373159,0.1207470051602968,0.029293913468052324,0.12424963831518576,0.4244583716045839
82,7,709.6516,243.65492,730.61383,254.74078,750.97485,263.05798,5.652774413215226,729.5322662083493,253.68350054670856,1.2621186511141786,0.518396249709383,1.3644332747346155,0.17480101991998254,0.027003986579870798,0.1768745653175492,0.38972625871576105
83,7,709.12933,243.409,732.5662,255.01868,756.32336,265.69928,2.14447982847598,730.9729356999135,254.22051703438413,1.440669491564222,0.5370164876755723,1.5375029404717644,0.17855084045004332,0.01862023796618928,0.17951912401561662,0.35680083613103647
84,7,717.0671,245.87224,733.7323,255.40868,750.50757,263.57437,3.8243861842904185,732.3946890755328,254.74339472451038,1.4217533756193461,0.5228776901262506,1.5148543626094124,-0.018916115944875855,-0.01413879754932168,0.023616202882357936,0.35241668286594546
85,7,719.2716,246.6669,733.4151,255.54422,749.50336,262.57523,8.50828520285249,733.549755184582,255.21328075984613,1.1550661090491303,0.46988603533574747,1.246984603945632,-0.2666872665702158,-0.05299165479050316,0.2719011100163609,0.3863584857415927
86,7,723.5563,248.52127,733.08765,254.78986,743.1076,258.20306,14.521141135115638,734.2694186087073,255.59132228315028,0.719663424125315,0.3780415233041481,0.8129150246894775,-0.4354026849238153,-0.09184451203159938,0.4449841709872271,0.48368468511160195
87,7,716.3879,246.04645,733.0061,255.45203,752.9628,264.39557,5.36961789506305,734.7011868586443,255.83866643718187,0.4317682499370221,0.2473441540315946,0.49759717863678044,-0.2878951741882929,-0.1306973692725535,0.31617310710380436,0.5202269572865809
88,7,726.28784,249.53392,732.6777,254.39227,744.73413,261.2238,7.709633572735773,735.0377760994531,255.93521149869895,0.33658924080884844,0.09654506151707665,0.350161771088183,-0.09517900912817367,-0.15079909251451795,0.17832389094516504,0.2793340747994643
89,7,714.2859,245.99324,732.567,254.39317,754.0804,264.7866,1.107651698510945,735.3365141844035,255.93586028045618,0.29873808495040066,0.0006487817572349286,0.29873878944255183,-0.03785115585844778,-0.09589627975984172,0.10309610308638409,0.0021717376187951427
90,7,727.76935,250.26358,734.06256,255.21255,743.696,261.5574,4.811493009469646,735.6208818888174,255.91426672920704,0.28436770441385306,-0.021593551249139864,0.28518638251002404,-0.0143703805365476,-0.022242333006374793,0.026480732888869516,-0.07578986598470654
91,7,720.36584,248.74915,734.8823,255.38834,754.909,265.19507,1.5131021052698284,735.9143599880172,255.94408479170545,0.2934780991997741,0.029818062498407016,0.2949890024408899,0.009110394785921017,0.05141161374754688,0.05221257819033923,0.1012548777289859
92,7,739.7628,256.6932,734.90375,255.89124,738.97186,258.48618,156.83926639060093,736.2404292573257,256.0989684147051,0.32606926930850477,0.1548836229996482,0.3609849097412236,0.032591170108730694,0.12506556050124118,0.1292423258555255,0.4434501382411971
93,7,743.7391,258.14636,734.9474,256.54926,738.2782,257.96115,167.32453973792863,736.6354434057234,256.42842621722104,0.39501414839776317,0.3294578025159467,0.5143720648256926,0.06894487908925839,0.1745741795162985,0.18769533959696835,0.6951554823244128
94,7,746.1035,260.03827,737.3287,257.74692,735.834,257.0182,11.356624330732018,737.1872478768256,256.88538550731397,0.551804471102173,0.45695929009292513,0.7164495565848157,0.15679032270440985,0.12750148757697843,0.2020886801087467,0.6916525502112756
95,7,737.2751,256.511,738.9145,258.23694,744.056,261.58563,13.396875975084138,737.9392622637513,257.3986282653059,0.7520143869256799,0.5132427579919181,0.9104634900831318,0.2002099158235069,0.05628346789899297,0.20797076513970103,0.5988777843123266
96,7,724.96246,251.00615,738.7747,258.49573,755.4221,267.4266,0.2556443966647406,738.7057110230008,257.8969364715187,0.7664487592495561,0.4983082062128119,0.9141962420258652,0.014434372323876232,-0.014934551779106187,0.02076997691927191,0.5764820787532844
97,7,716.48584,247.17357,739.0823,258.68976,761.4031,271.29575,2.450643184570738,739.3040038301035,258.3251370828312,0.5982928071026663,0.42820061131249076,0.7357377566491875,-0.16815595214688983,-0.07010759490032115,0.1821853427285923,0.6211880532859406
98,7,714.4685,245.81976,739.1372,258.46732,763.24567,271.5445,1.3329547380407436,739.7934863733266,258.692236962349,0.48948254322306184,0.3670998795178093,0.6118459623647987,-0.10881026387960446,-0.06110073179468145,0.12479171828048027,0.6434853820905162
99,7,719.7037,248.24295,740.2349,258.9352,761.0949,269.43008,0.8021066839285893,740.2939883441207,259.0232879497345,0.5005019707941756,0.3310509873854812,0.6000808104061951,0.011019427571113738,-0.03604889213232809,0.03769549585777123,0.5843739677764788
100,7,742.6542,256.96802,740.56006,259.38745,743.2041,260.68045,104.81777285931058,740.8849660951905,259.3433418846502,0.5909777510697722,0.32005393491573386,0.6720782867453244,0.09047578027559666,-0.01099705246974736,0.09114165885861647,0.49634554488880445
101,7,735.63324,253.83662,742.07495,260.0461,750.7037,264.60577,16.09516444455048,741.4843826242558,259.6774506067584,0.5994165290652518,0.33410872210816933,0.6862425325680329,0.00843877799547954,0.01405478719243547,0.016393596831740062,0.5084991325128672
102,7,755.09064,262.1626,740.93463,260.29272,730.2754,255.51805,16.604719106284893,741.9974075443931,260.03491307692184,0.5130249201373545,0.3574624701634548,0.625279126676477,-0.08639160892789732,0.02335374805528545,0.08949250047562923,0.6085576391119601
103,7,726.7544,251.92712,742.01587,260.1718,757.5594,267.90335,1.9329994931368304,742.4395302850872,260.3620167408048,0.44212274069411706,0.3271036638829514,0.5499721127152979,-0.0709021794432374,-0.03035880628050336,0.07712830977389667,0.6369721617111852
104,7,733.65283,254.05618,742.6326,259.89203,750.0588,264.99045,1.4521219804201673,742.8538202299271,260.58929616527126,0.41428994483987935,0.22727942446647376,0.47253792988631277,-0.027832795854237702,-0.09982423941647767,0.10363176781345537,0.5017676466316179
105,7,727.07117,251.70483,742.6101,259.8318,756.40454,267.19205,0.4735395197007923,743.2833467625002,260.6809965231296,0.42952653257304974,0.09170035785831487,0.43920609947446104,0.015236587733170381,-0.13557906660815888,0.1364325361051761,0.21033407304266463
106,7,726.5747,251.28065,743.6311,259.88614,757.73254,267.65732,2.08628480694236,743.771179266395,260.7362054109632,0.48783250389487876,0.055208887833600784,0.49094660926843153,0.05830597132182902,-0.03649147002471409,0.06878381841935322,0.11269232728120596
107,7,725.27234,251.06134,744.70245,260.24756,760.0882,268.26993,2.234145103310685,744.3530396757716,260.86195590499665,0.5818604093765316,0.12575049403346839,0.5952938121209445,0.09402790548165285,0.0705416061998676,0.11754728926914411,0.21284449509220058
108,7,727.6105,250.93684,745.2626,260.7826,762.597,266.93677,9.605087230270296,745.0352601270766,261.0622205762443,0.6822204513050565,0.20026467124762348,0.71100680920002,0.10036004192852488,0.0745141772141551,0.12499800247123065,0.2855273677839077
109,7,729.2902,251.34387,746.77856,261.9433,764.7201,266.00748,18.45598117937297,745.8168253073281,261.31520686941735,0.7815651802515049,0.2529862931730804,0.821490228496373,0.09934472894644841,0.05272162192545693,0.1124675268150506,0.3130482838647299
110,7,738.5441,254.25603,747.8958,261.9834,758.6976,264.9131,24.392314652742293,746.6967199035448,261.59912222922765,0.8798945962166727,0.2839153598102939,0.9245660776750951,0.09832941596516775,0.03092906663721351,0.10307900468621232,0.31212281624774324
111,7,729.6905,252.39758,748.72595,261.8436,767.34344,267.35767,9.89399843283972,747.6739286027456,261.89217410038646,0.9772086992007871,0.29305187115880926,1.0202040192938733,0.09731410298411447,0.009136511348515342,0.09774206095240874,0.29135282670140233
112,7,732.39856,253.02527,749.8638,261.79175,765.3796,266.52805,9.67875567919811,748.7383124437033,262.17256992760525,1.0643838409577029,0.28039582721879697,1.1006974065625785,0.08717514175691576,-0.012656043940012296,0.08808905033288689,0.25758274117957963
113,7,736.07916,254.14546,751.5699,262.58417,764.35004,266.7617,10.478407688428272,749.8432378722122,262.4185171555957,1.1049254285088637,0.24594722799042756,1.1319674206979948,0.040541587551160774,-0.0344485992283694,0.053200811177699606,0.21902100759534038
114,7,747.91754,257.30023,751.54297,262.52124,753.4199,263.60104,25.312544988889297,750.9329476858211,262.6082232290693,1.0897098136089198,0.1897060734736442,1.106099395257214,-0.01521561489994383,-0.056241154516783354,0.05826304487549628,0.17236122773076118
115,7,733.3338,253.98164,753.0646,262.22357,767.2507,268.02618,0.4261256468425825,751.951684682079,262.71989559273754,1.0187369962578714,0.11167236366821953,1.0248393944183436,-0.07097281735104843,-0.07803370980542468,0.10548175514629302,0.10918251610372545
116,7,730.37805,253.1029,753.4009,261.84546,772.14056,269.01303,0.139882308942023,752.86716057445,262.7430111802679,0.9154758923710915,0.023115587530355697,0.9157676779071862,-0.10326110388677989,-0.08855677613786384,0.1360336655973369,0.025244440769345497
117,7,729.74866,252.72427,753.90765,261.87592,774.48,268.47806,2.954394528669696,753.7409627400597,262.7121248811513,0.873802165609618,-0.030886299116616556,0.8743478644665288,-0.04167372676147352,-0.05400188664697225,0.06821219292488986,-0.03533230602206603
118,7,731.03345,252.96974,754.52783,261.7857,775.6718,267.4111,5.66939222793514,754.6581474719485,262.67306107383473,0.917184731888824,-0.0390638073165519,0.9180162381200229,0.043382566279206,-0.008177508199935346,0.04414655929208653,-0.042565266460382126
119,7,732.0831,252.84915,756.02094,261.96506,779.6827,266.48047,10.043691389840138,755.694596460654,262.6716441367654,1.0364489887055015,-0.0014169370693366545,1.0364499572576167,0.11926425681667752,0.03764687024721525,0.12506498228299187,-0.0013671065359075524
120,7,733.9491,253.64253,758.38007,263.1599,780.7868,267.51974,10.273164526667587,756.8894929867016,262.7536984483902,1.1948965260476143,0.08205431162480181,1.1977105735597717,0.1584475373421128,0.08347124869413847,0.1790895626448927,0.06856300403502277
121,7,742.5363,255.7277,759.92926,263.3403,775.4988,266.00104,13.94036002681784,758.2494463843625,262.9488568833939,1.3599533976608882,0.195158435003691,1.3738850237783669,0.16505687161327387,0.1131041233788892,0.2000907633851892,0.14253068845419894
122,7,740.5233,254.95622,761.07135,263.53503,779.44354,266.5056,13.475946090775995,759.6874686128991,263.2219863014127,1.4380222285366244,0.2731294180188115,1.4637307159285597,0.07806883087573624,0.07797098301512051,0.11033683223044116,0.18769831517399355
123,7,742.3899,255.71242,762.2099,263.98593,778.1485,266.85184,12.46386300574273,761.0931722878238,263.5217620583206,1.4057036749246663,0.29977575690787717,1.4373128838657234,-0.03231855361195812,0.026646338889065646,0.04188694646020337,0.21010930845657994
124,7,742.47644,255.86537,763.5721,264.11057,777.9362,268.2655,5.215038013385295,762.3561700246482,263.7968595099916,1.2629977368244454,0.27509745167100164,1.2926104947506616,-0.14270593810022092,-0.02467830523687553,0.14482404330230697,0.21446340931914648
125,7,748.35486,257.57367,763.4837,264.22537,773.2097,266.69022,9.512708095221624,763.3660744388837,263.99595401229965,1.009904414235507,0.19909450230807124,1.029342288425799,-0.25309332258893846,-0.0760029493629304,0.2642587335377445,0.1946459083708916
126,7,758.05743,259.37473,761.81396,263.63394,764.78613,264.06042,40.42268761033832,764.0598559797453,264.08525453175633,0.6937815408615506,0.08930051945668538,0.6995051173618827,-0.3161228733739563,-0.10979398285138586,0.334646664021288,0.1280117601507546
127,7,749.4272,257.58142,762.4733,263.2577,773.6382,266.05893,9.428775230274685,764.5639164312578,264.1011044774228,0.5040604515124869,0.01584994566644582,0.50430958701635,-0.18972108934906373,-0.07345057379023956,0.2034430596847945,0.03143417578599976
128,7,748.26196,256.97,763.1705,263.41855,776.81494,266.28513,11.525724836629887,765.0520154111496,264.09738086899733,0.4880989798917881,-0.0037236084254459456,0.4881131830130284,-0.01596147162069883,-0.019573554091891765,0.025256535710318367,-0.007628649813164373
129,7,741.9386,255.27849,765.03674,263.89505,785.7127,269.56494,5.122505348278278,765.6979125371483,264.1279607261786,0.645897125998772,0.0305798571812943,0.6466206190949233,0.15779814610698395,0.03430346560674025,0.1614836916454224,0.0473094523794318
130,7,744.04144,255.94029,767.9336,264.5264,787.92126,271.98953,0.7077590450788085,766.6753674269823,264.2467210686653,0.9774548898340072,0.11876034248666656,0.9846431234756893,0.33155776383523516,0.08818048530537226,0.34308358857297816,0.12090693910461624
131,7,749.079,257.7956,770.2428,265.1053,782.8637,270.88635,5.556154876593368,768.0640694328097,264.4885128726582,1.3887020058273265,0.24179180399289635,1.4095944585117306,0.4112471159933193,0.12303146150622979,0.4292562532254848,0.172385405566528
132,7,756.8871,259.75977,770.0396,265.5056,776.1334,268.21426,0.3669083924131978,769.5674268445089,264.81208294036765,1.5033574116991986,0.3235700677094542,1.537784476455792,0.11465540587187206,0.08177826371655783,0.14083162468756297,0.211997546413947
133,7,758.9214,259.9439,771.4695,265.77023,776.2952,268.4757,4.370180844552055,770.8653643689106,265.1571520305065,1.297937524401732,0.3450690901388498,1.3430243833301576,-0.20541988729746663,0.02149902242939561,0.2065418554741957,0.25984871114489627
134,7,790.7501,270.73093,772.32935,265.747,751.6538,257.27316,7.146797085545455,771.9201534429312,265.4634409017874,1.0547890740206185,0.30628887128091264,1.0983591686437588,-0.24314845038111343,-0.03878021885793714,0.2462215959200295,0.2826072255009022
135,7,792.53265,272.17816,772.8719,265.53113,750.7403,257.30356,1.713264807403311,772.7625621045804,265.68605252288427,0.8424086616491877,0.22261162109685984,0.8713255918822467,-0.2123804123714308,-0.08367725018405281,0.22827028224765386,0.2583505079199321
136,7,791.3159,271.2188,772.22723,265.33884,751.4512,258.28955,1.621361465961469,773.4149980661495,265.8416187023157,0.65243596156904,0.15556617943144602,0.6707261140968158,-0.18997270008014766,-0.06704544166541382,0.20145649163988769,0.23406847713065085
137,7,793.6962,272.0275,771.5278,266.007,751.359,257.68143,7.2366551088818145,773.8977789585001,265.9621534585615,0.4827808923506609,0.12053475624577459,0.4976002587239367,-0.16965506921837914,-0.03503142318567143,0.17323407032655735,0.2446658101831761
138,7,782.8917,268.0413,772.022,266.34033,761.8475,261.67743,15.72783392765554,774.2795268579,266.0796708101011,0.3817478993998975,0.11751735153961818,0.39942682259598,-0.1010329929507634,-0.0030174047061564124,0.10107804111551501,0.29863403199085015
139,7,781.78314,267.89246,773.31213,265.66333,764.6396,262.94745,2.6454527990957755,774.822081622244,266.2261847754146,0.5425547643440041,0.14651396531348837,0.5619893365040478,0.16080686494410656,0.028996613773870195,0.16340027975344207,0.26375337093091095
140,7,779.375,267.8598,777.07355,266.70792,769.35223,264.33728,9.52039209718308,775.7568802913685,266.42784501623396,0.9347986691244614,0.20166024081936484,0.9563029878256099,0.39224390478045734,0.055146275505876474,0.3961014927257792,0.21246983987449009
141,7,792.50073,273.0575,778.7442,266.97064,762.14307,261.33728,5.124111560983342,777.0005308512506,266.6873437673004,1.2436505598820986,0.25949875106641684,1.2704354831710611,0.3088518907576372,0.057838510247052,0.3142209154276109,0.2057073876622128
142,7,798.1643,275.22247,780.2246,267.5331,762.3165,260.2665,1.114871415338023,778.3909340244041,267.00150890660757,1.3904031731535724,0.3141651393071925,1.4254545656286035,0.14675261327147382,0.05466638824077563,0.1566037787069583,0.22222090580056392
143,7,799.35016,276.77582,781.2118,268.19,763.52954,259.50607,0.8254310917150232,779.7659905333419,267.3671683121492,1.375056508937746,0.3656594055416349,1.4228447573903218,-0.015346664215826422,0.05149426623444242,0.05373248140163419,0.2599081408747784
144,7,800.9972,278.32016,781.1214,268.2463,762.0956,258.58704,0.0395646826484524,780.9636011005778,267.78114986191895,1.19761056723587,0.4139815497697441,1.2671431625135263,-0.1774459417018761,0.04832214422810921,0.1839078352035818,0.3328147768083599
145,7,801.39703,278.41623,781.03925,267.82303,762.0119,258.62357,1.6871362870467808,781.8722602460454,268.24271836721294,0.9086591454675954,0.4615685052939966,1.0191697246883047,-0.2889514217682745,0.04758695552425252,0.2928437168149155,0.47000056622885616
146,7,802.7148,278.0594,781.9284,270.24506,762.81824,262.54858,1.3336885750966336,782.5828376793614,268.7608863725365,0.7105774333160753,0.5181680053235596,0.8794420790927949,-0.19808171215152015,0.05659950002956293,0.20600938836003124,0.6300693988608633
147,7,798.80554,276.0915,782.1435,271.02792,768.11523,265.58566,4.299789435061825,783.2367969075624,269.3471033556973,0.6539592282009608,0.5862169831607957,0.878244284635739,-0.056618205115114506,0.06804897783723618,0.08852279104925376,0.7308293117869513
148,7,782.7744,268.66446,783.7049,271.51776,788.1342,274.61194,37.00163686575922,783.9756014376857,270.01281879450323,0.7388045301232751,0.6657154388059325,0.994489406276029,0.08484530192231432,0.0794984556451368,0.11627007228109243,0.7334065757087338
149,7,784.7936,269.0641,785.24316,271.51154,795.2321,276.1911,54.48920558252314,784.9407147767681,270.7694821667622,0.9651133390824498,0.75666337225897,1.2263699344786598,0.2263088089591747,0.09094793345303742,0.24389998690426032,0.6649177314500809
150,7,794.00824,273.7399,787.0854,272.26685,785.4172,273.19736,41.16463551618467,786.2230075612424,271.61923133229965,1.2822927844742935,0.8497491655374461,1.5382939996783525,0.31717944539184373,0.0930857932784761,0.330556750784734,0.5852371885551647
151,7,792.2246,273.30588,789.7931,274.279,787.45355,276.16663,17.086288084606608,787.7109789451229,272.5269576790124,1.4879713838804491,0.9077263467127636,1.7429933906253343,0.20567859940615563,0.05797718117531758,0.2136937991395947,0.5477712636700768
152,7,808.83887,283.15967,790.5147,275.2083,771.15985,266.99985,0.475189497624518,789.2425352118198,273.4482409768154,1.5315562666969527,0.9212832978029724,1.7872961458217906,0.04358488281650352,0.013556951090208713,0.04564463750530456,0.5415467406893271
153,7,796.3481,276.07166,792.00183,275.69385,784.44824,274.87848,1.1928819394748638,790.6555826447429,274.3386609956231,1.413047432923122,0.8904200188077311,1.6701948561722328,-0.1185088337738307,-0.030863278995241217,0.12246177229148504,0.5622881293328125
154,7,790.6829,273.78986,792.2958,275.75473,790.53033,277.7763,80.51134005790229,791.8256490419486,275.162481601346,1.1700663972056873,0.8238206057228581,1.4309911824618187,-0.24298103571743468,-0.06659941308487305,0.25194298073486154,0.6134591207528143
155,7,808.10974,284.50485,791.6175,275.92944,772.15656,267.496,4.04326722023842,792.7787482600786,275.9187030438774,0.953099218129978,0.7562214425313982,1.2166630551406763,-0.21696717907570928,-0.06759916319145987,0.22725405092155457,0.6707245163062663
156,7,806.9457,283.62018,792.85236,276.86807,775.38983,269.5099,2.7499381657090933,793.5785156704208,276.6150096691063,0.7997674103421559,0.6963066252289423,1.0604106878861213,-0.15333180778782207,-0.05991481730245596,0.16462207814223548,0.7163532336560483
157,7,801.9906,281.46414,793.07574,277.12836,780.65076,272.58643,5.856417522126665,794.2885866442629,277.2590858229217,0.7100709738421074,0.6440761538153765,0.9586630689698479,-0.08969643650004855,-0.05223047141356574,0.10379534124849028,0.7367013532941593
158,7,795.90497,278.83118,793.7099,277.647,787.5042,276.65512,19.26452165564841,794.9725965528935,277.8586158512128,0.6840099086306282,0.5995300282910989,0.9095635271533298,-0.026061065211479217,-0.04454612552427761,0.05160946055890983,0.7196750758327807
159,7,770.9281,264.909,794.9713,278.3343,816.5323,291.98972,3.169532669548554,795.6873483607475,278.4256591731564,0.7147518078539861,0.567043321943629,0.9123641136034492,0.030741899223357905,-0.03248670634746986,0.044726395530668824,0.6706685756075248
160,7,774.7045,267.2578,795.6492,278.76028,814.4942,290.24442,2.5830834857318385,796.4623154048467,278.9897755010808,0.7749670440991849,0.5641163279244097,0.9585411576300458,0.060215236245198867,-0.0029269940192193644,0.060286333194627596,0.629221461877212
161,7,775.27014,267.00726,796.344,279.32977,816.0633,290.89682,0.0766166826838707,797.3201386153605,279.58489962060196,0.8578232105138568,0.595124119521131,1.0440466359948208,0.08285616641467186,0.03100779159672129,0.08846822849272781,0.6065262986791854
162,7,795.3933,277.6944,798.81696,280.11487,801.6845,282.30048,2.054332554295362,798.2834589224584,280.244966317336,0.963320307097888,0.6600666967340203,1.167764555980584,0.10549709658403117,0.06494257721288932,0.12388371855378127,0.6007235981160479
163,7,794.07306,278.20416,800.56573,281.5797,804.6481,283.76727,0.7146374202728484,799.3749172563097,281.0039103768989,1.0914583338512784,0.7589440595629071,1.3293898525561394,0.12813802675339048,0.09887736282888682,0.16185205213480594,0.607597414701769
164,7,798.0036,279.54828,801.56824,283.02017,803.3345,283.81906,19.907062258518625,800.5711395953746,281.88098300722294,1.1962223390648887,0.8770726303240508,1.4833085597209443,0.10476400521361029,0.11812857076114369,0.15789191245427328,0.6326634352920583
165,7,797.51465,279.32977,801.6793,283.90186,806.21173,285.82538,24.67383387277082,801.6646921112787,282.8367011055051,1.0935525159040935,0.9557180982821478,1.452327163012597,-0.1026698231607952,0.07864546795809702,0.12932981952441217,0.7182390837012066
166,7,807.07385,285.46466,801.1171,284.02505,794.4715,278.98578,23.585907812353263,802.4021260239388,283.81689799125786,0.7374339126600944,0.9801968857527754,1.2266192197991255,-0.35611860324399913,0.024478787470627594,0.3569589200629241,0.9258041282447924
167,7,821.223,294.75046,800.2518,285.35297,787.51556,273.89624,17.83488344885204,802.6483807676008,284.7674069839944,0.24625474366200706,0.9505089927365589,0.9818903930933984,-0.49117916899808733,-0.02968789301621655,0.49207555014387167,1.31729328919708
168,7,818.9616,294.04648,800.4045,286.52335,791.0,276.5152,24.71330938305164,802.7419486338308,285.6340614032276,0.09356786623004609,0.8666544192331571,0.8716907869004953,-0.15268687743196097,-0.08385457350340175,0.17419779573048585,1.463248458351784
169,7,807.778,285.85458,801.5401,286.5114,807.05524,287.1046,167.85002730065818,803.0385342844345,286.38579934302606,0.29658565060367437,0.7517379397984882,0.8081293078935328,0.20301778437362827,-0.11491647943466887,0.23328527175463884,1.1950114869486828
170,7,806.1094,284.6928,802.04816,286.60596,809.74475,288.74814,139.2225492832735,803.4891390048575,287.0839779956822,0.4506047204230299,0.6981786526561109,0.8309621201307671,0.15401906981935554,-0.05355928714237734,0.16306584899119478,0.9976614292762268
171,7,808.495,285.75415,803.7558,287.6418,809.34827,288.22073,152.3720914793996,804.0051587117564,287.8130593280441,0.5160197068988737,0.7290813323619432,0.8932166182436743,0.06541498647584376,0.03090267970583227,0.07234705293677193,0.9548766096443563
172,7,808.6981,285.9339,804.97833,288.88376,810.2359,289.85983,131.0676523058085,804.7442712229931,288.6575053069597,0.7391125112367263,0.8444459789155871,1.1222193705213628,0.2230928043378526,0.11536464655364398,0.25115612877605553,0.851817263170196
173,7,805.6042,285.1912,807.39435,290.63016,813.5439,293.86508,44.03542089554132,805.8482415185669,289.67616894570415,1.1039702955737312,1.0186636387444423,1.502140480251171,0.3648577843370049,0.17421765982885518,0.40431793898805807,0.7452307224024483
174,7,794.3361,279.1425,808.831,291.90295,824.5147,301.6958,9.378360028287496,807.1489013258232,290.82546744326066,1.300659807256352,1.149298497556515,1.7356851588631486,0.19668951168262083,0.1306348588120727,0.23611910202861186,0.7236954105227686
175,7,791.6031,277.86713,810.0504,292.9763,828.1479,304.98593,5.750366213840727,808.4005990589432,292.0362090450393,1.2516977331199541,1.2107416017786363,1.741448374593726,-0.04896207413639786,0.06144310422212129,0.07856551253691775,0.7687673555811574
176,7,811.2383,290.4027,810.38885,294.3621,808.5234,293.92627,91.04142522975988,809.4040474846191,293.23920199645005,1.0034484256759697,1.2029929514107494,1.566556984005219,-0.24824930744398443,-0.007748650367886967,0.24837020801404838,0.8755900732328511
177,7,813.3411,293.00754,809.6384,295.30118,805.84265,291.9214,73.45832738616825,810.1454167795855,294.36525454290324,0.7413692949663755,1.1260525464531952,1.3481924079643328,-0.2620791307095942,-0.07694040495755416,0.27313970174350155,0.9885533398078238
178,7,818.6148,297.5274,808.8654,295.74966,801.0709,288.3878,33.03102088979754,810.676188234169,295.36205627135314,0.530771454583487,0.9968017284498956,1.1293059916786814,-0.21059784038288853,-0.12925081800329963,0.24709760081485754,1.0815079178647375
179,7,809.0415,290.28745,810.15283,296.12396,810.512,295.8694,114.54653992794093,811.1236301830231,296.2448221349307,0.44744194885413435,0.8827658635775606,0.9896867522060816,-0.0833295057293526,-0.11403586487233497,0.1412373357235248,1.1016728672937741
180,7,811.8813,291.97314,810.92065,296.19788,809.36084,295.05374,113.4500217979345,811.6339577218832,297.04564842831104,0.5103275388601105,0.8008262933803394,0.9496088400432627,0.06288559000597616,-0.0819395701972212,0.1032893537326334,1.0034356068462196
181,7,794.70703,278.83707,812.2993,297.01877,832.0984,310.7737,11.155226610559678,812.3182255296487,297.7966314461694,0.6842678077654227,0.7509830178583456,1.0159714198026073,0.17394026890531222,-0.049843275521993746,0.1809407893804316,0.831848038654573
182,7,800.8401,283.27856,813.2573,297.89078,830.0359,308.3061,17.81262491940914,813.1468466178793,298.52986748318114,0.8286210882306477,0.7332360370117499,1.106457407148255,0.144353280465225,-0.01774698084659576,0.14544010763967877,0.724402360803902
183,7,802.1856,285.62347,814.35065,298.77713,831.4765,308.30814,18.138968809439056,814.0593609870537,299.2777718260672,0.912514369174346,0.747904342886045,1.1798488801780767,0.0838932809436983,0.014668305874295129,0.085165966117459,0.6865833852523163
184,7,800.7546,284.99844,816.59576,299.95367,835.1349,312.11655,10.084691739558298,815.0124582606685,300.0740357297316,0.9530972736148442,0.7962639036643964,1.241946302080292,0.04058290444049817,0.04835956077835135,0.06313176103596085,0.6959854069608917
185,7,833.7558,309.00723,815.53864,301.19373,812.1572,292.771,44.91145774966383,815.9671154679759,300.9526694411243,0.9546572073073776,0.8786337113927516,1.297446562390807,0.0015599336925333773,0.08236980772835523,0.0823845775514526,0.7439535880546666
186,7,829.1669,304.6219,817.3275,302.33832,817.81744,299.08188,87.6388251844657,816.884309638227,301.9476832071954,0.9171941702511504,0.9950137660710539,1.3532544256767085,-0.03746303705622722,0.11638005467830226,0.12226118056194647,0.8260719185261212
187,7,832.9939,309.1044,817.9638,303.83572,811.8399,295.2163,35.289352669643264,817.7250178006747,303.09308727489474,0.8407081624476405,1.14540406769936,1.4208239485271665,-0.07648600780350989,0.15039030162830613,0.16872270805547032,0.9376245565906214
188,7,837.1609,314.88116,818.47186,305.62103,805.91907,291.3753,22.25698838457428,818.4660125076159,304.37599778905087,0.740994706941251,1.2829105141561286,1.481530473209138,-0.09971345550638944,0.13750644645676857,0.16985522077991264,1.047018693448432
189,7,832.6289,311.12094,818.8352,306.59534,811.30597,296.8125,34.25252884074543,819.1472484035314,305.5959544860065,0.6812358959155063,1.2199566969556486,1.397274736167064,-0.05975881102574476,-0.06295381720047999,0.08680033753000113,1.061519316430824
190,7,831.7227,310.19577,819.32104,306.6398,813.1588,298.36426,37.328120423762606,819.8244756559485,306.57909266336077,0.677227252417083,0.9831381773542489,1.1938163289165657,-0.0040086434984232255,-0.23681851960139966,0.23685244446468345,0.9675980080301709
191,7,828.38983,307.1199,820.2486,307.12244,818.2088,302.44177,66.47065103249518,820.5534444323937,307.4455062722235,0.7289687764451855,0.8664136088627288,1.1322844248043547,0.051741524028102504,-0.11672456849152013,0.12767854243482843,0.8713376200167046
192,7,836.70746,315.40265,820.8978,308.0772,810.60596,295.60898,25.60133642179053,821.3888495469938,308.35215147086404,0.8354051146001211,0.9066451986405468,1.232845173457721,0.10643633815493558,0.040231589777818044,0.11378609271735465,0.8262697791534236
193,7,806.2523,290.64703,823.48157,309.03152,842.5148,323.60498,9.41715666539663,822.3811644002766,309.30947459267736,0.9923148532827781,0.9573231218133174,1.3788242555177281,0.156909738682657,0.050677923172770534,0.16489062432583892,0.7674522804087364
194,7,821.01886,302.79935,825.21216,310.0315,831.8572,314.64407,25.128173419689052,823.5798070393694,310.2912945148401,1.1986426390927818,0.9818199221627424,1.5494239367606795,0.20632778581000366,0.02449680034942503,0.2077769198554506,0.6862851233488932
195,7,809.6814,293.9278,827.081,311.6149,844.8873,325.4186,7.686177895944644,824.9675527530038,311.2714301145286,1.3877457136344447,0.9801355996884809,1.6989714416338704,0.18910307454166286,-0.0016843224742615348,0.1891105754401562,0.6149276126391824
196,7,810.2339,294.5144,827.5065,312.73087,845.6881,326.10086,10.194353731074097,826.2606057963307,312.22370026891934,1.293053043326836,0.9522701543907601,1.6058656917065617,-0.09469267030760875,-0.027865445297720726,0.09870757241278783,0.6347731806094242
197,7,815.9186,298.6999,826.8725,312.85056,839.31146,322.6691,13.97147003022873,827.1910757293771,313.12677195599696,0.9304699330464246,0.9030716870776132,1.2966544521593348,-0.36258311028041135,-0.04919846731314692,0.3659057269934153,0.7704564752924651
198,7,837.3062,320.32843,826.1369,313.31918,817.35364,301.98834,20.10829722393721,827.8212643652623,313.97870455697773,0.6301886358852471,0.8519326009807742,1.0596824398907323,-0.30028129716117746,-0.05113908609683904,0.30460476613411563,0.9339091833888499
199,7,826.458,309.1479,826.63525,313.8481,829.0262,314.10736,81.65202879931479,828.2960215803787,314.7824055538858,0.4747572151163695,0.8037009969080486,0.9334504302511419,-0.15543142076887762,-0.04823160407272553,0.1627427853812882,1.0372329466569061
200,7,815.9397,299.66364,828.0079,315.00928,840.71906,326.05878,10.818035157838118,828.7601972511186,315.5407824287456,0.4641756707399054,0.7583768748598345,0.8891538323760463,-0.01058154437646408,-0.04532412204821412,0.0465429384636648,1.0215529623691784
201,7,811.7975,295.79736,828.8294,315.67914,847.1181,331.81894,7.986204611063475,829.3586412538745,316.2567426635814,0.5984440027558549,0.7159602348357907,0.9331314389198181,0.13426833201594945,-0.04241664002404377,0.14080893555905657,0.8745675371512474
202,7,814.3159,297.37634,830.04553,316.3501,848.30536,331.6159,10.44387466423865,830.1778414479744,316.9404133825179,0.8192001940999489,0.6836707189364688,1.0670026288367345,0.22075619134409408,-0.03228951589932194,0.2231051520108015,0.6954610580400057
203,7,813.747,297.64655,831.1905,317.41785,850.7092,333.19904,9.623224744679078,831.0708376244897,317.63080027808064,0.8929961765153394,0.6903868955627672,1.1287498557412137,0.07379598241539043,0.00671617662629842,0.07410097198504383,0.658130036015855
204,7,814.5336,298.3791,831.7935,318.4073,851.36993,333.5553,11.513617504534748,831.8323075574276,318.3741286848955,0.7614699329378709,0.7433284068148396,1.064130433333383,-0.13152624357746845,0.05294151125207236,0.14178136818091744,0.7733429618384855
205,7,816.006,299.1652,831.12384,318.96255,850.792,334.16107,14.938589802553247,832.3504299961037,319.2166239375883,0.5181224386760732,0.8424952526927996,0.9890647664685794,-0.2433474942617977,0.09916684587795999,0.2627775985217894,1.019430818843452
206,7,821.27423,302.45282,832.41376,320.37885,850.68866,333.7042,22.044416654250004,832.8873875910701,320.2045113707852,0.5369575949664522,0.9878874331969314,1.1243865169329355,0.018835156290379018,0.14539218050413183,0.146607125557488,1.0729253497740987
207,7,819.61414,302.29987,834.0047,322.06708,853.22705,337.27606,15.593794250033548,833.7167648264868,321.36082994013486,0.8293772354167004,1.1563185693496507,1.4230035953750333,0.29241964045024815,0.16843113615271932,0.3374585807869586,0.94858233284454
208,7,825.7653,307.706,836.00543,323.77582,851.5397,336.39282,18.409938210921315,834.7837496197078,322.6158730853783,1.0669847932209677,1.2550431452434623,1.647297740357642,0.23760755780426734,0.09872457589381156,0.25730117258015206,0.866210624450866
209,7,821.81757,306.24792,836.7947,325.43692,854.5248,340.0633,12.506987821916912,835.9355604472462,323.87674786727933,1.1518108275383838,1.260874781901009,1.7077685434708574,0.08482603431741609,0.005831636657546824,0.08502625526344845,0.8305717892054978
210,7,821.9513,307.37805,837.7176,326.4085,855.5521,341.00235,11.065871794813097,836.9559345890563,325.05056134660185,1.0203741418100662,1.1738134793225186,1.5553139469296435,-0.13143668572831757,-0.08706130257849054,0.15765555100251943,0.8552144140286841
211,7,820.5393,306.2484,837.3791,326.00055,856.1268,342.4493,8.28763934239436,837.6962644483744,326.08110619130383,0.7403298593181944,1.0305448447019785,1.268901484568413,-0.28004428249187185,-0.14326863462054007,0.3145643047493169,0.9478364914016683
212,7,821.71075,307.3679,838.12164,326.78345,856.65344,343.04562,8.526132387233933,838.342044118124,327.0589174981199,0.6457796697495723,0.9778113068160792,1.1718132673763493,-0.09455018956862205,-0.052733537885899295,0.10826155534364884,0.9871211834647946
213,7,823.3788,308.43457,838.8568,327.8529,857.31134,344.19565,9.915202776833086,839.16229311365,328.1112159709792,0.820248995525958,1.0522984728592633,1.334219056468345,0.17446932577638563,0.07448716604318406,0.18970472725267404,0.9086914180069978
214,7,824.4599,310.02542,841.1471,329.981,859.28217,346.29263,8.127167421089082,840.3308542146647,329.3373677717775,1.1685611010146886,1.226151800798334,1.6938073342047077,0.3483121054887306,0.17385332793907082,0.38928948414448944,0.8094426327297128
215,7,825.7703,311.22818,843.0696,332.5798,861.6359,349.43478,8.75138159598183,841.6408632583517,330.7253208942805,1.310009043687046,1.3879531225030064,1.9085433096494546,0.14144794267235739,0.16180132170467232,0.21491204757207394,0.8142801120753688
216,7,826.86383,312.94977,844.07733,333.96545,862.13116,350.48914,8.213627627251453,842.843829714987,332.23157329091015,1.202966456635295,1.506252396629634,1.9276733587779318,-0.10704258705175107,0.11829927412662755,0.15953944246367002,0.8968799163425953
217,7,829.2661,315.52063,844.6978,334.84103,860.2784,350.4552,6.323070152108232,843.905464529737,333.79824091684463,1.0616348147499366,1.5666676259344854,1.8924893474047162,-0.1413316418853583,0.06041522930485144,0.15370306740585543,0.975236028539111
218,7,829.5625,315.78333,844.8756,336.1387,860.89215,351.4283,9.376410779971026,844.8450290164928,335.3638442279516,0.9395644867558985,1.5656033111069405,1.8258957123893715,-0.12207032799403805,-0.0010643148275448766,0.12207496771502405,1.0302817266808757
219,7,831.5319,317.51627,845.0102,338.36383,860.31366,353.25787,12.893483369411356,845.6817844891455,336.86690368009863,0.8367554726526123,1.5030594521470562,1.7202753958894794,-0.10280901410328624,-0.06254385895988435,0.12033880369391918,1.062822563200925
220,7,830.6869,317.41605,845.7032,339.07718,861.89496,354.69006,11.311600604724608,846.4349922615856,338.2459397291534,0.7532077724401915,1.3790360490547755,1.5713250373671643,-0.08354770021242075,-0.12402340309228066,0.14953936847992524,1.0708873926124
221,7,830.854,317.81918,846.1377,338.99036,862.28015,354.612,10.113438022665088,847.1255816793534,339.46150086637164,0.6905894177677965,1.2155611372182307,1.3980352721759715,-0.06261835467239507,-0.16347491183654483,0.1750574338377093,1.0541449205244338
222,7,830.86426,318.11435,846.70294,339.69177,864.23816,356.02072,10.759892176600552,847.7811542145857,340.56224772456113,0.6555725352322952,1.1007468581894955,1.28117875207363,-0.03501688253550128,-0.1148142790287352,0.12003541448836405,1.0336400577469247
223,7,832.6524,319.46317,847.67865,340.48407,865.21674,357.18777,10.837777509662718,848.4309793710679,341.6188689719177,0.6498251564821658,1.0566212473565884,1.2404520121159317,-0.005747378750129428,-0.044125610832907114,0.04449833585511495,1.0194182406887766
224,7,832.8794,321.63135,849.1271,342.819,866.85236,359.8867,8.60014561879502,849.104326652586,342.70205327663734,0.6733472815180903,1.083184304719623,1.275415539939331,0.023522125035924546,0.02656305736303466,0.035480788924114104,1.014619111166643
225,7,833.4638,322.59433,849.29004,344.01813,867.98926,362.32703,9.150168281738932,849.8304655629263,343.882489306916,0.7261389103402962,1.1804360302786563,1.3858957171050879,0.052791628822205894,0.09725172555903328,0.11065646929986103,1.019315414042757
226,7,834.9931,324.6714,850.6849,345.6638,868.47815,363.0987,8.80477611165113,850.614244017007,345.2026533726957,0.7837784540806751,1.320164065779693,1.5352986112340044,0.05763954374037894,0.13972803550103663,0.15114973009429428,1.035023710352159
227,7,837.469,327.1389,851.1112,346.9283,867.9256,363.24857,11.273249427747183,851.3628235742768,346.59217235090347,0.7485795572698635,1.389518978207775,1.5783327736450017,-0.035198896810811675,0.06935491242808212,0.07777574309902226,1.0766446318246004
228,7,836.7741,327.7222,851.42944,347.834,868.51965,363.50516,11.399710336649571,851.9589442053172,347.95246076021266,0.5961206310403213,1.3602884093091916,1.4851748594872058,-0.15245892622954216,-0.029230568898583442,0.15523578951131023,1.157772439234833
229,7,846.22705,335.1181,850.40594,348.82794,861.0387,355.93237,39.29881026280824,852.2853458807094,349.1849331192961,0.32640167539227605,1.232472359083431,1.27496124239271,-0.26971895564804527,-0.1278160502257606,0.29847153588103903,1.311904883323574
230,7,855.1193,348.51315,849.3557,350.46164,849.20044,343.49448,107.40198640635948,852.3347554456464,350.219286213281,0.049409564936922834,1.0343530939849188,1.035532533599708,-0.2769921104553532,-0.1981192650985122,0.3405523050247717,1.5230640436069454
231,7,838.15094,329.33875,852.288,350.00333,868.4975,366.07648,10.865060133209168,852.5398472437657,351.09834589311095,0.20509179811938338,0.8790596798299362,0.9026674727487148,0.15568223318246055,-0.15529341415498266,0.21989316089544256,1.341588265380808
232,7,839.97174,330.91202,853.0424,350.51932,868.79803,365.8884,12.023147720180225,853.1922999090851,351.89322027618283,0.6524526653194016,0.7948743830718854,1.0283578002554858,0.4473608672000182,-0.08418529675805075,0.45521303770014476,0.8834856487917213
233,7,838.8166,330.8121,853.5401,351.34116,871.53064,368.26767,11.097178887098174,853.7933319770317,352.67501747989434,0.6010320679465622,0.7817972037115055,0.9861269768296831,-0.05142059737283944,-0.013077179360379887,0.053057426004313554,0.9153823403824192
234,7,840.1745,331.95377,855.2881,352.05508,872.23663,368.4553,9.00361513915602,854.447060352141,353.5148456216425,0.6537283751092673,0.8398281417481712,1.0642706874170638,0.052696307162705125,0.0580309380366657,0.0783868009170007,0.9093610228624256
235,7,840.43207,333.3278,855.9496,353.97943,872.5541,371.07315,7.247301874419337,855.3749604571544,354.47578335948583,0.9279001050134639,0.9609377378433237,1.3358143362366799,0.2741717299041966,0.12110959609515248,0.29972933080529623,0.8028873642071209
236,7,842.30005,335.16333,857.5339,356.21048,873.6134,373.25082,7.441442324655589,856.4140608343001,355.5887915141268,1.0391003771457008,1.1130081546409656,1.5226676413720839,0.11120027213223693,0.15207041679764188,0.18839031871965203,0.8197267030365137
237,7,844.3051,338.63055,858.47455,358.08365,872.58203,374.127,5.2571001175863055,857.305278305677,356.8768014469291,0.8912174713768763,1.2880099328023107,1.5662816376005966,-0.14788290576882446,0.1750017781613451,0.22911782160771269,0.9655045299514096
238,7,844.40344,338.8904,857.641,359.44736,871.78296,376.12885,7.510735096414917,857.8620647901893,358.3160170104011,0.5567864845122585,1.4392155634719757,1.5431631888674235,-0.3344309868646178,0.15120563066966497,0.36702483256784313,1.2016616226218375
239,7,845.39374,339.64447,856.7353,360.49997,870.846,377.57574,11.03087217289594,858.1880125939646,359.69573202163116,0.32594780377530697,1.3797150112300756,1.4176937197432855,-0.23083868073695157,-0.059500552241900095,0.2383837499526076,1.3388068889928841
240,7,847.05023,340.46375,856.6145,360.59326,870.1327,376.97034,14.123325850983056,858.4367928455433,360.82167726511284,0.24878025157875072,1.1259452434816808,1.153102035768998,-0.07716755219655624,-0.25376976774839477,0.26524314531215026,1.3533378159252047
241,7,846.44183,339.5216,857.40576,360.6763,870.6583,378.1867,9.723302045401953,858.6722515758913,361.75224143038105,0.23545873034800024,0.9305641652682084,0.9598908684732915,-0.013321521230750477,-0.1953810782134724,0.19583469726215616,1.322969877877262
242,7,846.7751,340.25598,858.06256,361.8146,870.97833,379.7827,8.07392117057432,858.9357785415821,362.6089776832314,0.26352696569074396,0.8567362528503395,0.8963500814939503,0.02806823534274372,-0.0738279124178689,0.0789834570478918,1.2723871660602382
243,7,851.8583,344.38745,858.8652,362.9017,870.781,377.8614,17.80871713887183,859.2687634991887,363.51343918945923,0.3329849576066408,0.9044615062278467,0.963809938857367,0.06945799191589686,0.047725253377507215,0.08427403188963999,1.218037360719515
244,7,867.73096,367.47165,859.8495,365.0879,860.11505,357.6243,75.2098006551386,859.7125962052844,364.58717911486025,0.4438327060956908,1.0737399254010143,1.1618540779290656,0.11084774848904999,0.16927841917316755,0.20234230042889773,1.1788327308962083
245,7,876.74164,383.48807,860.2991,366.79333,851.642,347.13358,20.798040865425524,860.2909280736709,365.9106272258895,0.5783318683864991,1.323448111029279,1.4442931324971346,0.13449916229080827,0.2497081856282648,0.2836268721871909,1.1588151232264452
246,7,876.07,383.46622,861.04333,368.17538,852.37805,349.30334,19.838083108835217,860.9564571470607,367.39971969164185,0.6655290733898482,1.4890924657523215,1.631050372946059,0.08719720500334915,0.1656443547230424,0.1871934956455731,1.150493320890499
247,7,875.5488,383.8987,862.0523,370.09378,853.9005,352.24097,19.810813858908308,861.644143125396,368.9292692818715,0.6876859783352529,1.5295495902296352,1.67703129182808,0.022156904945404676,0.040457124477313755,0.04612707835678039,1.1482748283361826
248,7,870.14075,375.91443,863.1852,371.12225,861.1156,361.91238,42.76957909222476,862.2889457086173,370.3740887663328,0.6448025832213489,1.444819484461334,1.582173730665517,-0.042883395113904044,-0.0847301057683012,0.0949640795248536,1.1510353271937142
249,7,864.2156,365.7885,863.6345,371.88007,866.3749,371.32523,106.8947319021366,862.8454956717749,371.64043625995146,0.5565499631575221,1.266347493618639,1.3832511832942158,-0.08825262006382673,-0.17847199084269505,0.19909991577970387,1.1567148899119957
250,7,877.00305,388.70905,862.3487,372.91193,853.03503,352.39374,18.436521237533,863.3471080903543,372.7603512583373,0.5016124185793842,1.119914998385866,1.2271204594833687,-0.05493754457813793,-0.1464324952327729,0.1563988793577849,1.1496882816426541
251,7,862.1662,363.41168,863.4818,373.6515,865.1658,374.55573,54.444272681608105,863.8467691149496,373.7973186022716,0.49966102459529793,1.0369673439342932,1.1510701159728567,-0.0019513939840862804,-0.08294765445157282,0.08297060514121044,1.121775183789944
252,7,858.09564,357.06195,864.4631,373.96677,872.679,383.85675,19.07797673602209,864.3863094349808,374.81482313253514,0.5395403200312785,1.0175045302635226,1.1517027507331248,0.039879295435980566,-0.01946281367077063,0.04437521065249557,1.0832360389085267
253,7,860.8458,360.07547,865.0064,375.0836,871.25024,383.18216,22.136924056691537,864.9629378951765,375.8763496899094,0.5766284601957068,1.0615265573742363,1.208031048077188,0.037088140164428296,0.04402202711071368,0.05756273978705921,1.0731835691576674
254,7,857.9578,357.83475,866.07935,376.57507,877.44214,390.42688,15.931877165544314,865.5602667209239,377.0329479769977,0.5973288257473541,1.1565982870883431,1.3017378091476035,0.020700365551647337,0.09507172971410682,0.09729922365982172,1.0940730046169367
255,7,874.1598,382.29556,866.42096,378.3246,864.78174,369.6449,52.14180662561438,866.1521435049373,378.28592714369324,0.5918767840133796,1.2529791666955248,1.3857398455796213,-0.005452041733974511,0.09638087960718167,0.09653496109142556,1.1294914431436296
256,7,883.8239,398.42923,866.49945,380.3682,856.0674,357.95062,18.85253466031117,866.7099746817651,379.62416120171116,0.5578311768277899,1.3382340580179175,1.449843445300278,-0.03404560718558969,0.08525489132239272,0.09180141536506106,1.1758564466382033
257,7,884.8792,400.5512,866.8429,382.60828,857.6406,359.47476,23.456556724422708,867.2051666859547,381.0365241627673,0.49519200418967557,1.4123629610561466,1.4966576945904075,-0.06263917263811436,0.07412890303822905,0.09705029734338097,1.2335760205220523
258,7,885.37946,401.0108,867.10486,383.37262,858.19305,360.3702,24.837416371494008,867.6091259520542,382.5118900385769,0.4039592660994913,1.4753658758095867,1.5296691002210343,-0.09123273809018428,0.06300291475344011,0.11087280896081511,1.3035435098278303
259,7,875.9613,391.65216,867.3731,385.04462,865.53906,369.42282,45.73017394240802,867.9187808953708,384.02115056897105,0.3096549433165592,1.5092605303941582,1.5406990402171465,-0.0943043227829321,0.033894654584571526,0.10021054288324588,1.3684346167355916
260,7,883.9845,401.84775,867.3085,385.7106,859.6754,362.97836,27.379789619965045,868.2331478542492,385.46326840624414,0.31436695887839505,1.4421178372730878,1.4759845667945377,0.0047120155618358694,-0.06714269312107035,0.06730783260665293,1.3561642398277125
261,7,864.62,371.73724,868.679,386.02545,879.686,392.83673,42.39123621408775,868.6767651477937,386.7192239308058,0.4436172935445484,1.2559555245616707,1.3319987172699423,0.12925033466615332,-0.18616231271141714,0.22663198292689427,1.231263806651062
262,7,870.9653,380.68698,870.2298,386.86758,877.3493,387.54163,91.37774147628348,869.3254417602202,387.7264881858556,0.6486766124264705,1.0072642550497903,1.19806620309985,0.20505931888192208,-0.24869126951188036,0.3223300665339002,0.9986517032667795
263,7,874.9271,389.73288,870.3784,387.86523,872.51843,380.84732,84.63587406855306,870.0600693361921,388.64849486575235,0.7346275759718992,0.9220066798967537,1.1788867601057293,0.08595096354542875,-0.08525757515303667,0.12106371155455013,0.8980277942181236
264,7,867.0909,375.92358,871.4863,388.9801,881.08307,396.96793,31.622085864658068,870.7352979419662,389.66848018644686,0.675228605774123,1.0199853206945022,1.2232349424734124,-0.05939897019777618,0.09797864079774854,0.11457771036781342,0.9860325976007056
265,7,887.5232,410.071,871.3901,390.78827,863.3259,368.84058,19.74326103239597,871.2957286697265,390.82292779909926,0.5604307277602629,1.1544476126524046,1.2832894805836812,-0.1147978780138601,0.13446229195790238,0.1768011899141442,1.1188534261113692
266,7,887.752,412.3186,871.2285,392.05972,864.7338,370.89694,22.140449259226376,871.7351820555955,392.1116332136722,0.43945338586900107,1.2887054145729167,1.3615729594484764,-0.12097734189126186,0.13425780192051207,0.1807226455859993,1.2421583505987555
267,7,887.9755,412.4777,871.9653,394.03198,865.98114,372.21127,25.6210719166268,872.1544053855193,393.53439194012833,0.41922332992385236,1.422758726456152,1.4832365266738732,-0.020230055945148706,0.13405331188323544,0.13557118274326532,1.2842501558631338
268,7,887.90704,412.05124,872.26337,396.53998,867.1674,374.74908,32.081065114991986,872.6378652636918,395.0642168444308,0.4834598781724253,1.5298249043024725,1.604399480063044,0.06423654824857294,0.10706617784632044,0.12485792153288136,1.2647051061696413
269,7,888.644,413.12555,873.05096,398.1955,868.55927,378.10236,33.64331924813926,873.0979788174723,396.5669902165456,0.4601135537805021,1.5027733721148024,1.5716336374326612,-0.02334632439192319,-0.02705153218767009,0.035732845622948345,1.2736829007500534
270,7,889.3701,416.48468,872.563,397.0053,866.9727,375.61826,26.13961290545109,873.4041508050116,397.8818117024391,0.30617198753930097,1.3148214858935034,1.3499988243405867,-0.15394156624120114,-0.187951886221299,0.24294838412909486,1.3420114176971352
271,7,887.3088,412.78452,872.42804,397.70898,867.9871,376.72168,32.67986169333799,873.5112613384774,398.91853241016923,0.10711053346585686,1.036720707730126,1.0422391722708342,-0.1990614540734441,-0.2781007781633775,0.34200220074278764,1.4678449302919672
272,7,888.78107,416.3327,873.07794,399.08688,867.9716,377.30905,29.12336323567107,873.7160919461095,399.87000929616084,0.2048306076320614,0.9514768859916103,0.9732748031256184,0.09772007416620454,-0.08524382173851563,0.1296754488700014,1.3587559045443616
273,7,875.68604,384.71967,874.4783,400.4595,883.38116,408.46594,52.42258832806012,874.2906143647679,400.93639274756447,0.5745224186583755,1.066383451403624,1.2113008193543728,0.3696918110263141,0.1149065654120136,0.3871376420792756,1.076625303700102
274,7,879.98083,394.3167,876.09845,401.7909,882.4348,404.82343,91.8737534815292,875.0656597497277,402.0640010260664,0.7750453849598671,1.1276082785019526,1.368282053705933,0.20052296630149158,0.06122482709832866,0.20966148780252744,0.9686205807011345
275,7,870.7369,380.41864,876.50775,403.32578,888.55585,420.00287,21.70562278849964,875.7617741108677,403.13569436198736,0.6961143611399621,1.0716933359209406,1.2779287186860822,-0.07893102381990502,-0.05591494258101193,0.09672945427891277,0.9947401703076877
276,7,869.8617,378.3076,876.48175,402.7456,890.6425,423.9375,18.594285181997662,876.1890485989355,404.03433298564784,0.4272744880678374,0.8986386236604744,0.9950451568084859,-0.26883987307212465,-0.1730547122604662,0.319723021987765,1.126965688178074
277,7,869.1406,377.42667,876.5255,402.10196,888.9876,424.01776,12.962555583358728,876.5157549281604,404.6427771273686,0.3267063292248622,0.6084441417207813,0.6906093679859275,-0.10056815884297521,-0.2901944819396931,0.30712667080752326,1.078024619183138
278,7,868.113,376.14572,876.1742,402.1703,885.9526,424.49603,6.442172620839492,876.9416296466541,404.9211319278849,0.42587471849367375,0.278354800516297,0.5087736931313699,0.09916838926881155,-0.3300893412044843,0.3446641011288831,0.5789068895054468
279,7,867.7604,376.28604,877.001,402.80557,882.33014,426.3677,6.466113046941374,877.4340880745824,405.13848216959025,0.4924584279283408,0.2173502417053328,0.5382902848900577,0.06658370943466707,-0.06100455881096423,0.09030474272041622,0.4156436567915295
280,7,868.7913,378.8112,877.7037,404.33942,878.6264,424.57217,16.633782182972386,877.9024652251251,405.48732000341414,0.4683771505426648,0.3488378338238931,0.5840076964025492,-0.024081277385676003,0.13148759211856031,0.1336745854740637,0.6401517917626611
281,7,867.6923,376.16293,877.9738,402.87625,878.8267,427.52243,19.068853218827662,878.2560961114613,405.67178623086227,0.353630886336191,0.18446622744812657,0.3988515925000977,-0.11474626420647382,-0.16437160637576653,0.20046129335084073,0.48080538243590853
282,7,867.25446,375.70068,877.77893,402.99817,879.75085,428.52682,16.667047389417597,878.404315746771,405.7501793839264,0.14821963530971516,0.07839315306415529,0.16767392981225507,-0.20541125102647584,-0.10607307438397129,0.2311823504455506,0.48649829956239027
283,7,867.38416,375.89194,876.74725,404.23535,878.86755,428.85635,13.358646805063914,878.282487784229,405.85591325379767,-0.12182796254194272,0.10573386987124422,0.16131244122841304,-0.2700475978516579,0.02734071680708894,0.27142811184727383,2.426800967197183
284,7,867.2252,376.514,875.778,404.8772,878.2862,428.62418,10.751181459886686,877.9300904369925,405.9148673961003,-0.3523973472365469,0.05895414230263896,0.35729467003300686,-0.2305693846946042,-0.04677972756860527,0.23526704841486262,2.9758331617154195
285,7,866.11414,375.7317,874.7829,402.70013,880.30194,427.14273,5.095699247582393,877.412630558214,405.80103780756707,-0.5174598787784817,-0.11382958853323544,0.5298319557851212,-0.16506253154193473,-0.1727837308358744,0.2389557636061455,-2.9250637029861077
286,7,864.8406,376.0942,872.97284,402.6761,878.2749,425.5807,3.977048889663589,876.7956150010457,405.38842048493063,-0.6170155571683154,-0.4126173226364358,0.7422676422473145,-0.0995556783898337,-0.29878773410320036,0.314937205090451,-2.5521623783872407
287,7,865.5405,375.2792,873.09937,400.4738,879.8146,424.5373,1.1080049711123208,876.1346113872676,404.59933534287023,-0.6610036137781208,-0.7890851420604008,1.0293595770420645,-0.043988056609805426,-0.376467819423965,0.37902898066789376,-2.2680964355954014
288,7,866.1628,375.1144,873.8909,399.38727,882.7702,419.81134,5.835999097476929,875.4454304131688,403.5493979678497,-0.6891809740988037,-1.0499373750205336,1.2559215367708225,-0.028177360320682965,-0.2608522329601328,0.2623696839860295,-2.1516589048499415
289,7,866.98145,375.4052,873.3901,398.59174,883.6257,416.02237,14.971753099318793,874.7339435436659,402.4025478642791,-0.7114868695028918,-1.146850103570614,1.3496216971933108,-0.022305895404088005,-0.09691272855008037,0.0994466184684008,-2.126069014488078
290,7,876.38934,393.03287,871.9498,398.2774,875.0398,392.04495,166.1235743724125,874.0006502379217,401.3227245365689,-0.7332933057441551,-1.0798233277101872,1.3052729566325556,-0.021806436241263327,0.06702677586042682,0.07048481640600462,-2.1673479736516112
291,7,870.1652,378.1975,871.1365,397.0767,882.209,407.04297,45.06485095105772,873.224561932087,400.4738674891293,-0.776088305834719,-0.8488570474395942,1.1501614432075482,-0.04279500009056392,0.23096628027059296,0.23489749818758282,-2.311442120412645
292,7,885.9499,406.80988,870.1354,399.6131,869.98505,376.94812,65.15092083153714,872.3935219277749,399.96534899128824,-0.831040004312058,-0.5085184978410666,0.9742784773428592,-0.05495169847733905,0.3403385495985276,0.34474630891189223,-2.5924645888541122
293,7,885.57025,399.93256,869.88837,400.78226,870.7305,378.0551,95.22360539666876,871.5521890114599,399.6882723720439,-0.841332916315082,-0.27707661924432614,0.8857835678127621,-0.010292912003023957,0.23144187859674048,0.2316706438155045,-2.8234489335131827
294,7,883.3523,394.62885,869.69226,399.4442,874.3738,382.03568,124.47025302970756,870.7594258408334,399.4791737253123,-0.792763170626472,-0.20909864673160428,0.819875410514747,0.048569745688610055,0.06797797251272186,0.08354654357420553,-2.8837065821820094
295,7,887.6802,402.4588,870.06464,398.85223,871.8042,376.2539,82.83109604678177,870.0740950735856,399.2163976125955,-0.6853307672478195,-0.26277611271683554,0.733981979309476,0.10743240337865245,-0.053677465985231265,0.12009576033444791,-2.7754521935949885
296,7,888.12885,404.1066,869.51483,399.18576,871.5482,375.80762,80.16290328124906,869.5550593674077,398.94552246574125,-0.5190357061778741,-0.2708751468542232,0.5854668303762917,0.1662950610699454,-0.008099034137387662,0.16649216705363482,-2.6605934516566156
297,7,887.7085,402.7073,869.70306,399.0598,871.8551,376.12018,83.90756075537392,869.250117332859,398.6813346455238,-0.3049420345487306,-0.2641878202174439,0.4034660441548504,0.2140936716291435,0.006687326636779289,0.2141980872211386,-2.427680406994344
298,7,886.7996,401.83295,869.9527,398.28485,872.10626,376.7998,83.83081708728615,869.1628113919726,398.14821835807714,-0.087305940886381,-0.53311628744666,0.5402178294493492,0.2176360936623496,-0.26892846722921604,0.3459595203934451,-1.733120717204116
299,7,886.4283,401.51495,870.8445,393.1073,871.8858,376.4328,65.2260670230648,869.2856199196495,397.20832845089564,0.12280852767696615,-0.9398899071815094,0.9478791969928714,0.21011446856334715,-0.4067736197348495,0.4578349785805468,-1.4408697180107448
300,7,886.9005,401.3364,872.44086,396.1208,874.13257,379.26068,75.8953675706948,869.6110212907919,396.4071332568868,0.32540137114233403,-0.8011951940088125,0.8647541796627118,0.20259284346536788,0.138694713172697,0.24552002705571646,-1.1850038409948003
301,7,887.9828,403.55865,873.6969,395.54913,872.2131,376.62952,56.2379968201281,870.1314938803013,395.8677873502983,0.5204725895093816,-0.5393459065885509,0.7495236643258351,0.19507121836704755,0.2618492874202616,0.3265238575628175,-0.8032043466708033
302,7,884.7309,397.02292,873.9107,395.95786,875.77625,382.85846,92.48354393212504,870.8086769663147,395.5411960228959,0.6771830860134287,-0.32659132740235464,0.7518236675691333,0.15671049650404711,0.21275457918619622,0.2642398355268191,-0.44937074564477614
303,7,885.63794,398.20834,873.33527,396.10242,875.1272,381.4294,87.249193280765,871.4808534399123,395.3219523751998,0.6721764735975739,-0.21924364769608928,0.7070282799953315,-0.005006612415854761,0.10734767970626535,0.10746436854232906,-0.31528955452814117
304,7,888.9954,404.9797,872.9277,395.5431,871.2968,375.26395,54.97635703052919,871.9554670954101,395.0905714599186,0.4746136554978193,-0.2313809152812496,0.5280106532461173,-0.19756281809975462,-0.012137267585160316,0.1979352933661668,-0.453609201197502
305,7,889.365,405.36865,873.0102,395.01346,870.91187,374.66107,51.77328308677195,872.0399617271233,394.7275683297607,0.08449463171325533,-0.36300313015789243,0.37270714413972056,-0.390119023784564,-0.13162221487664283,0.41172473834790924,-1.3421029058009022
0,8,863.39197,575.21906,876.2162,581.04785,888.44415,589.76544,11.043412629472542,876.1318787448081,580.9912172696041,,,,,,,
1,8,863.2718,576.1337,876.2703,582.7511,888.503,590.49805,5.366040324086029,876.6129166240237,582.7927687887183,0.4810378792155916,1.8015515191141276,1.8646676157596171,,,,1.3098705172763314
2,8,864.891,581.2356,878.3155,588.35443,888.0064,592.07263,6.945711861661867,877.4194423094928,586.9920963071568,0.8065256854690688,4.199327518438508,4.276077091030548,0.3254878062534772,2.397775999324381,2.4197669422809573,1.3810462558545458
3,8,864.4466,582.63336,877.5901,591.2236,887.86053,592.24023,27.514229051391847,878.1624072695333,591.1313177360202,0.742964960040581,4.1392214288633795,4.205371680245386,-0.06356072542848779,-0.06010608957512886,0.08747975663551556,1.3931936574589554
29,8,864.4711,583.38104,878.23926,593.83765,888.7098,591.9234,47.57644135625102,878.5615933436056,594.1881458636398,0.3991860740723041,3.0568281276196103,3.0827824645179995,-0.3437788859682769,-1.0823933012437692,1.1356756495650395,1.4409428158562698
30,8,863.03577,581.3251,876.99316,590.9599,888.5837,591.8977,29.991620077604903,877.6690793785726,593.737579734533,-0.8925139650330038,-0.45056612910673266,0.999795486325658,-1.291700039105308,-3.507394256726343,3.7376869134722335,-2.6740900287588616
31,8,860.2782,579.9865,874.83936,588.9939,888.79565,591.9379,19.82880271553802,876.5456399256575,593.2223649508114,-1.123439452915136,-0.5152147837216035,1.2359459849570928,-0.23092548788213207,-0.06464865461487079,0.23980414820664295,-2.711606015086555
32,8,859.0391,579.12213,873.0407,589.1544,888.83954,591.2781,27.96626827605543,875.1627209407486,592.4645630197989,-1.3829189849088834,-0.7578019310125228,1.5769364874552572,-0.2594795319937475,-0.24258714729091935,0.3552156409203295,-2.640307198270632
33,8,857.0607,578.5735,872.05725,588.3522,889.2502,591.54865,22.57485733319525,873.8919555663149,591.5842845698583,-1.2707653744337222,-0.8802784499406471,1.5458767047502806,0.11215361047516126,-0.12247651892812428,0.16606905199755126,-2.5357725888885687
34,8,856.08905,578.55414,872.13477,587.6773,889.20404,591.8251,15.963472704660722,872.8242020086856,590.6982903564015,-1.0677535576293167,-0.8859942134567973,1.3874737497008696,0.2030118168044055,-0.0057157635161502185,0.20309226404468994,-2.4489586075149554
35,8,855.955,578.57764,871.5881,587.21497,888.8233,591.6296,14.554024762108831,871.9487660121141,589.9025778939856,-0.8754359965714684,-0.7957124624158496,1.1830243053027165,0.19231756105784825,0.09028175104094771,0.2124543218253252,-2.403864185043393
36,8,856.03796,578.7057,871.4442,587.0628,888.81464,591.7323,13.4311467833379,871.2549533208544,589.2931446971667,-0.6938126912597227,-0.6094331968189408,0.9234635195491011,0.18162330531174575,0.18627926559690877,0.2601672343391598,-2.4208498899507944
37,8,855.1649,579.0197,870.9979,587.2256,888.8318,592.76996,10.126673819027046,870.7452843082611,588.9659882805012,-0.5096690125932355,-0.32715641666550255,0.6056350579046557,0.18414367866648718,0.28227678015343827,0.3370297835601759,-2.570932895203706
38,8,854.2555,580.5297,870.69366,588.76056,887.9833,595.6695,4.816213656931788,870.4751378640949,589.0171061585459,-0.2701464441662438,0.05111787804469259,0.27494024578343845,0.2395225684269917,0.37827429471019514,0.44773039077592053,2.9545808935157742
39,8,853.9233,581.54614,872.362,590.8278,885.89,601.8177,12.36990239610682,870.4703578347771,589.5424958458568,-0.00478002931777155,0.5253896873109625,0.5254114313687794,0.26536641484847223,0.4742718092662699,0.5434639667855014,1.5798941403819151
40,8,853.4727,581.3736,873.2609,593.6188,883.92,608.80695,23.18911899509578,870.6083859115931,590.5760450991027,0.13802807681599916,1.0335492532458375,1.0427251837730551,0.1428081061337707,0.508159565934875,0.5278449579456403,1.4380342245260378
41,8,853.68005,579.433,872.77997,595.5233,880.7187,612.5731,24.920629658245243,870.8143002519053,591.9032026434008,0.20591434031211975,1.3271575442981884,1.343036806246863,0.06788626349612059,0.293608291052351,0.30135423233488323,1.4168692468767297
42,8,854.3501,577.8612,872.302,595.2889,877.647,614.18286,30.05308440676672,871.0357755477047,593.2473074459806,0.22147529579945058,1.34410480257975,1.3622294325727229,0.01556095548733083,0.016947258281561517,0.023007670437066134,1.407488443358935
43,8,855.5985,577.4,872.531,596.1244,874.3652,615.40796,36.689748013852544,871.2204864909833,594.3316984740711,0.18471094327856008,1.084391028090522,1.100010015577165,-0.0367643525208905,-0.25971377448922794,0.2623029970772767,1.4020795240658903
44,8,856.4552,576.7482,872.4761,595.7297,873.52014,615.17816,37.09241201552956,871.324183528593,595.0291330391007,0.103697037609777,0.697434565029539,0.7051014452594646,-0.08101390566878308,-0.38695646306098297,0.3953461233101652,1.4231941220281992
45,8,857.0842,576.60724,873.0097,596.4122,872.9596,614.5965,38.96122488756,871.3349201268309,595.8100418292909,0.010736598237826911,0.7809087901902103,0.780982594644758,-0.09296043937195009,0.08347422516067127,0.12493834301126477,1.5570483424807655
46,8,856.1574,576.40393,870.99866,598.39886,867.6316,619.45496,43.09502277564483,871.2488255068544,596.9806271190131,-0.08609461997650669,1.1705852897222258,1.1737470784214827,-0.0968312182143336,0.38967649953201544,0.4015271586186876,1.6442124919399392
47,8,856.494,576.7943,870.5611,599.0556,865.6337,621.12897,44.87275223814342,871.1078164729457,597.8241141836836,-0.14100903390863095,0.8434870646705122,0.8551923619340401,-0.05491441393212426,-0.3270982250517136,0.33167580811613345,1.7364385014059782
55,8,855.11395,623.70276,865.1644,603.30225,860.268,578.62225,37.44909627196828,869.4097216574941,599.7739554303448,-1.6980948154516682,1.949841246661208,2.5856153792560037,-1.5570857815430372,1.106354181990696,1.9101140560426733,2.287293083990273
56,8,855.4058,617.33923,864.22614,604.2462,859.35095,586.35223,49.20701759047576,868.1779404745952,601.21610492175,-1.2317811828988852,1.442149491405189,1.8965969624841283,0.466313632552783,-0.507691755256019,0.6893470260032384,2.277682400985858
57,8,855.0338,628.3289,864.1557,603.8542,860.1335,577.9088,29.25293513844002,867.0044778080794,602.7661359517724,-1.1734626665157748,1.55003103002241,1.9441221216113573,0.058318516383110364,0.10788153861722094,0.12263554023017163,2.2187989762365543
58,8,853.6321,626.36554,865.10455,606.4285,859.7507,582.619,42.59059875352965,866.0118975034031,604.2932882277782,-0.9925803046762667,1.527152276005836,1.8213757809252422,0.18088236183950812,-0.02287875401657402,0.1823235207261796,2.1471399339828996
59,8,851.30865,632.5439,864.81793,606.8658,860.24884,579.4103,37.19735914946507,865.232900865717,605.7040182743774,-0.7789966376860775,1.4107300465991557,1.6115194773578971,0.21358366699018916,-0.11642222940668034,0.24325319793375322,2.07532241387863
60,8,852.293,630.8096,864.8696,607.0811,861.0257,580.2081,36.06498101198403,864.6822318366267,606.8298766962964,-0.5506690290903862,1.1258584219190197,1.2533130358395441,0.22832760859569134,-0.28487162468013594,0.36508264734841545,2.025694342012097
61,8,851.7835,631.7961,864.85223,608.0762,860.80426,581.0967,37.385961694747145,864.3028049035562,607.9619433945871,-0.3794269330704765,1.1320666982907142,1.193959717460395,0.1712420960199097,0.00620827637169441,0.1713545976762786,1.894192725779417
62,8,850.996,632.57764,865.171,609.7408,861.6572,583.1983,39.36944602731651,864.0195771903843,609.3781934089571,-0.28322771317186834,1.4162500143700072,1.4442929206748927,0.09619921989860813,0.28418331607929304,0.3000240774453346,1.7681767533910817
63,8,848.6737,635.1715,864.4726,611.62555,862.4817,584.0489,37.990184134186194,863.7575058209899,610.79404283902,-0.2620713693944481,1.415849430062849,1.4398996531930883,0.02115634377742026,-0.0004005843071581694,0.021160135864770113,1.7538231703565996
64,8,848.0168,635.1138,864.39667,612.29285,863.43066,584.86304,37.686132078975696,863.4415479192514,611.8822101352789,-0.31595790173844307,1.0881672962589164,1.1331096417904138,-0.053886532343994986,-0.32768213380393263,0.33208333168402,1.853383794064131
65,8,848.15704,634.3624,863.1851,611.3763,863.9433,585.3671,31.50646494921954,862.9966606090476,612.7071820918916,-0.4448873102038533,0.8249719566126714,0.9372851476353176,-0.12892940846541023,-0.263195339646245,0.2930777698474295,2.0653686251156436
66,8,847.00836,635.4952,861.4928,612.28656,863.537,585.6005,27.58779704323181,862.347801014257,613.4313875889283,-0.6488595947905651,0.724205497036678,0.9723643225097875,-0.2039722845867118,-0.1007664595759934,0.22750510379989908,2.301375230499694
67,8,845.1321,635.26495,860.18286,612.8276,861.6685,585.2928,30.764911663179376,861.4549398230846,614.1900797551181,-0.8928611911724147,0.7586921661898032,1.1716718438793343,-0.2440015963818496,0.03448666915312515,0.24642668156303235,2.437254561630282
68,8,843.38055,635.0382,858.9892,613.4973,860.71155,586.9638,32.213299167914904,860.418101981041,615.0098087138279,-1.0368378420436102,0.8197289587097885,1.321736840842792,-0.1439766508711955,0.06103679251998528,0.15638019707499365,2.4726068138522503
69,8,842.1119,633.54865,857.8945,615.69354,859.82043,591.55334,36.9127744003517,859.3723259979618,615.8899488370828,-1.0457759830792384,0.8801401232549324,1.3668555312645718,-0.008938141035628178,0.06041116454514395,0.061068806823723336,2.441987053877558
70,8,858.8485,589.13586,857.3286,616.9698,843.6613,639.59143,28.01347987199252,858.4526503836834,616.8298744969078,-0.9196756142783897,0.9399256598250076,1.3150146316660547,0.12610036880084863,0.05978553657007524,0.13955505506674362,2.3453054649657523
71,8,849.0523,615.9092,857.7692,617.94727,854.0649,610.86816,130.78193611937732,857.7592729541005,617.8289600653284,-0.6933774295828243,0.9990855684205826,1.216118511034662,0.2262981846955654,0.05915990859557496,0.23390332015930215,2.177492221559687
72,8,848.7041,620.2857,858.01556,618.79095,855.4265,609.01984,95.7208307960141,857.2530287493413,618.8865799143696,-0.5062442047592413,1.0576198490412025,1.1725369674079589,0.18713322482358308,0.05853428062061994,0.19607423553503192,2.017229646809866
73,8,854.62933,607.8674,857.72266,620.48444,850.3485,625.1905,71.23014632870174,856.8599121155917,620.0021084160569,-0.3931166337496279,1.1155285016873222,1.1827698532712951,0.11312757100961335,0.05790865264611966,0.12708760511483427,1.9096111291945734
74,8,861.4338,594.43616,856.96246,621.9073,841.4146,645.0132,24.691800970120926,856.5162443924976,621.1548000354961,-0.3436677230940859,1.1526916194392243,1.202832271525043,0.04944891065554202,0.037163117751902064,0.06185702939894152,1.8605492079055026
75,8,863.0343,594.5448,857.49963,622.7554,840.28284,646.11743,25.288611908946844,856.1996548935449,622.2434296101176,-0.3165894989526805,1.08862957462145,1.1337298009612293,0.02707822414140537,-0.06406204481777422,0.06954980811538376,1.8538050972124467
76,8,862.91595,594.06305,857.90576,622.00415,841.13257,645.23047,25.66961557524234,855.8980999256784,623.1466520704312,-0.30155496786653657,0.9032224603136001,0.9522322255941251,0.015034531086143943,-0.18540711430784995,0.1860156852551536,1.8930259036643402
77,8,861.91,594.9875,855.85223,622.2815,840.01294,645.2718,22.051512810129285,855.5995357958434,623.7431223469478,-0.29856412983497194,0.5964702765165839,0.667021236837242,0.0029908380315646355,-0.3067521837970162,0.30676676380659207,2.034885089697687
78,8,861.34106,595.4005,855.92487,621.5945,840.7089,644.55225,21.85303875968741,855.2919188109848,624.0214118121213,-0.30761698485855504,0.27828946517354325,0.4148171112671767,-0.009052855023583106,-0.31818081134304066,0.3183095708441605,2.4062077014963994
79,8,861.9394,596.28827,855.45905,622.8361,841.12427,645.3203,18.801845014651672,854.9632052780485,624.4097576061795,-0.3287135329363764,0.38834579405818204,0.5087878167745314,-0.021096548077821353,0.11005632888463879,0.11206007258771344,2.2732231723201615
80,8,862.83826,597.19934,854.4931,625.8156,839.93646,649.733,15.067741390329674,854.601351503979,625.277649182197,-0.3618537740694592,0.8678915760175414,0.9403052384893552,-0.03314024113308278,0.4795457819593594,0.4806895386602171,1.9658154746396168
81,8,863.24084,598.28644,854.2419,627.2889,838.0876,652.4606,15.452662486667291,854.1988338237685,626.3882160193108,-0.40251768021050793,1.1105668371137654,1.1812616909808433,-0.040663906141048756,0.24267526109622395,0.24605860198491028,1.9185133351310601
82,8,863.395,599.91785,854.09564,628.4448,837.6839,652.69116,16.03789520291177,853.7662086845978,627.6091096373444,-0.4326251391706819,1.2208936180336423,1.2952782471722935,-0.03010745896017397,0.11032678091987691,0.11436108461002403,1.911342237237968
83,8,862.05475,603.63947,853.2619,629.91364,838.7163,650.71454,16.461005950489533,853.3185525616935,628.8762780985678,-0.44765612290427725,1.2671684612233776,1.3439166318983153,-0.015030983733595349,0.04627484318973529,0.04865482077075404,1.910383781129367
84,8,856.3096,615.4752,853.0855,631.63586,845.34534,636.9611,44.18952160134725,852.8709419302832,630.1256694652506,-0.4476106314103845,1.2493913666827439,1.3271526153735966,4.549149389276863e-05,-0.017777094540633698,0.017777152746788365,1.9148132963256237
85,8,848.648,628.16437,853.0183,632.0529,850.56665,626.19324,154.36582105898077,852.4384532655938,631.2932317996626,-0.43248866468934466,1.1675623344120822,1.2450896553351343,0.015121966721039826,-0.08182903227066163,0.08321456843525188,1.9255457903330166
86,8,857.8703,610.7671,852.0348,632.1156,839.62164,647.0844,24.3797504734019,852.0361630428531,632.3149131640738,-0.40229022274070303,1.0216813644111653,1.098030160650346,0.03019844194864163,-0.14588097000091693,0.14897383429493216,1.9459058877364968
87,8,858.65594,609.05725,850.9267,632.7085,837.919,649.6865,19.36003005658957,851.6746693425663,633.1462360306275,-0.3614937002868146,0.8313228665537054,0.9065182865238424,0.04079652245388843,-0.19035849785745995,0.1946810569903482,1.980973213106211
88,8,856.89514,612.1246,851.5275,632.43604,841.0978,645.30743,24.215118165541348,851.3466566663545,633.8210205109648,-0.3280126762117561,0.67478448033728,0.750284219919126,0.033481024075058485,-0.15653838621642535,0.16007887222353046,2.023262157417041
89,8,856.8414,611.55634,852.1765,632.9605,840.4537,648.27106,25.145354196564025,851.0403311211171,634.3926611266002,-0.30632554523742783,0.5716406156353742,0.6485432391976629,0.021687130974328284,-0.10314386470190584,0.10539918631347553,2.0627271499828015
90,8,858.98206,609.5919,851.2543,633.72644,839.2969,651.5826,16.053426036019435,850.7438988137536,634.9145523990483,-0.2964323073634887,0.5218912724481015,0.6002021435369423,0.009893237873939142,-0.04974934318727264,0.05072349853071429,2.0873512046807376
91,8,855.45233,616.266,850.99854,634.34576,841.2619,647.78204,22.090285008026218,850.4417564075338,635.4400888498238,-0.3021424062197866,0.5255364507755758,0.6062001276229424,-0.005710098856297918,0.003645178327474241,0.006774404327155465,2.0925718981363137
92,8,859.8106,609.1437,849.6493,635.70935,836.31647,657.5636,10.454739517002746,850.1030627912089,636.0226650004415,-0.33869361632491746,0.5825761506176832,0.67387560944715,-0.03655121010513085,0.05703969984210744,0.06774598377931441,2.0974063459615504
93,8,857.5916,612.2013,849.4485,636.3442,837.2536,655.0562,14.45415555003407,849.6931674099006,636.715675372416,-0.4098953813082744,0.6930103719744238,0.8051568786776804,-0.07120176498335695,0.11043422135674064,0.13139790174662144,2.10492073265053
94,8,858.8185,611.75964,848.69293,636.7644,836.04425,657.4476,9.402430541359529,849.1903836426305,637.554548579747,-0.5027837672701025,0.8388732073310621,0.9780080646948774,-0.09288838596182813,0.14586283535663824,0.1729283637373329,2.1107422308339907
95,8,849.8723,626.23444,848.6836,639.0803,844.99005,640.0426,70.1103915707017,848.6248806040202,638.5028496063762,-0.565503038610359,0.948301026629224,1.1041143617323295,-0.06271927134025646,0.10942781929816192,0.1261275332106511,2.10851501841773
96,8,836.80255,648.52325,847.4021,641.18915,854.9103,621.785,34.166352643512035,848.0397913425904,639.5061775287304,-0.5850892614297436,1.003327922354174,1.1614630272272752,-0.019586222819384602,0.05502689572495001,0.058408726894661075,2.098732923214742
97,8,845.22906,633.27167,846.1648,641.13336,845.3594,637.4813,174.35069376421544,847.4782489068623,640.5101314232365,-0.5615424357281427,1.0039538945061395,1.1503274878996588,0.023546825701600937,0.0006259721519654704,0.023555144698273682,2.0807751401103354
98,8,841.0093,642.63074,847.203,641.62396,851.45764,628.4655,62.84941430690733,846.9666769360209,641.4603103663208,-0.5115719708413735,0.9501789430842109,1.0791412814044115,0.04997046488676915,-0.05377495142192856,0.07340839707710968,2.0646864207676816
99,8,834.7863,651.7303,846.8077,641.91986,855.3964,621.3918,28.078755552777825,846.464661431903,642.3023134344099,-0.502015504117935,0.8420030680891841,0.9803003279844313,0.009556466723438461,-0.10817587499502679,0.10859717301650097,2.108428655961673
100,8,845.6517,629.3131,845.29395,642.2811,840.5556,647.1351,42.72941567235178,845.9150789870093,642.9817397039312,-0.5495824448936446,0.6794262695212865,0.8738769475451836,-0.047566940775709554,-0.16257679856789764,0.16939253019937633,2.2509357254191458
101,8,854.7255,619.28754,844.453,642.30634,829.861,660.5878,14.546657101739097,845.2747014422456,643.5123125150851,-0.6403775447637372,0.5305728111538883,0.8316194488907603,-0.0907950998700926,-0.14885345836739816,0.1743591185695627,2.4496950917720093
102,8,856.2679,619.16095,844.1092,644.10785,828.13885,664.08905,12.65039405492839,844.5558816321407,644.1802522631693,-0.7188198101049466,0.6679397480842226,0.9812468733555926,-0.07844226534120935,0.1373669369303343,0.15818616991849552,2.392867934726177
103,8,855.51306,620.5166,842.925,646.49023,826.32556,665.946,14.613390193583411,843.7848676396279,645.2323426774024,-0.7710139925127351,1.052090414233021,1.3043606925890696,-0.0521941824077885,0.38415066614879834,0.38768023805680757,2.203224310056555
104,8,855.2382,622.4247,842.1851,647.5929,825.4321,667.0955,13.250164929165454,842.9879075476407,646.4851237675877,-0.7969600919872164,1.2527810901852945,1.4847915167275598,-0.025946099474481343,0.20069067595227352,0.2023609337103388,2.137375403687354
105,8,853.65027,623.782,841.12366,648.7086,823.4738,668.1376,15.571635419034273,842.1912494391131,647.6946158140319,-0.7966581085275948,1.2094920464442112,1.448286971664998,0.0003019834596216242,-0.04328904374108333,0.04329009704340372,2.1532434683706385
106,8,852.4579,625.21906,840.5905,649.63403,822.567,668.35315,17.992434854278297,841.4211413969788,648.8050038984649,-0.7701080421343249,1.1103880844329979,1.3513060699230006,0.026550066393269844,-0.0991039620112133,0.10259873932854655,2.177179320878279
107,8,851.9176,626.713,840.61725,650.015,823.0435,667.5532,19.1868006377952,840.7038315041713,649.8075143029724,-0.7173098928075206,1.002510404507575,1.2327045848318559,0.05279814932680438,-0.10787767992542285,0.12010511395618222,2.19185844252469
108,8,853.5862,625.0219,840.3918,650.6343,820.7669,670.6605,17.164479610821207,840.0581121562193,650.6936730061736,-0.6457193479519674,0.8861587032012039,1.0964628236190928,0.07159054485555316,-0.11635170130637107,0.1366123146337912,2.200507435189166
109,8,853.2091,625.5156,839.7951,650.8353,820.8176,670.9381,15.4366711199197,839.4729529990333,651.4562047728194,-0.5851591571860126,0.7625317666457931,0.9611794496256144,0.06056019076595476,-0.1236269365554108,0.13766319823280437,2.225334376859869
110,8,853.1492,625.6403,839.12604,651.0284,819.9412,671.9473,13.609881925404164,838.9298679911182,652.0881340641936,-0.5430850079151242,0.6319292913741492,0.8332322336052566,0.04207414927088848,-0.13060247527164393,0.13721239223900067,2.280726853257679
111,8,853.0217,626.01666,838.5891,651.39435,819.5653,672.96313,11.78503769963334,838.4103710909787,652.6062488003301,-0.5194969001394156,0.5181147361365674,0.7337028751860843,0.023588107775708522,-0.11381455523758177,0.11623317862111056,2.357526552340674
112,8,853.0157,626.4543,838.3401,651.9537,819.12476,674.3231,10.74094294457373,837.8959762571208,653.1223907362634,-0.5143948338579776,0.5161419359332058,0.7287005853769117,0.005102066281438056,-0.0019728002033616576,0.005470193870656775,2.3544991597076566
113,8,853.12354,627.3074,837.9907,652.92145,819.0707,675.9059,8.885509166292497,837.3681974480494,653.7721650857766,-0.5277788090713784,0.6497743495132227,0.8371124037966073,-0.013383975213400845,0.13363241358001687,0.1343009782232937,2.2529618982491235
114,8,853.2299,629.16614,836.79456,655.0905,817.51263,679.5155,5.915197328829349,836.8142484860505,654.6498942094936,-0.5539489619989126,0.8777291237170175,1.0379151541049567,-0.026170152927534218,0.22795477420379484,0.22945207775601775,2.1337816361938073
115,8,852.1562,631.3381,835.73535,657.4015,816.51544,682.56714,5.157954716732744,836.2441426485349,655.684769055398,-0.5701058375155981,1.034874845904369,1.1815187737209059,-0.01615687551668543,0.15714572218735157,0.15797412012176534,2.0743252759718853
116,8,851.5519,631.8042,835.5605,657.37537,816.9494,681.6428,5.464612575992723,835.673593076694,656.7646977183126,-0.5705495718408429,1.0799286629146536,1.2213814845953743,-0.0004437343252448045,0.04505381701028455,0.04505600212344195,2.056843619080817
117,8,851.0574,633.0673,835.27515,657.9738,816.94946,681.28735,5.808494550142313,835.1183129117195,657.7775882930607,-0.5552801649745334,1.0128905747480985,1.1551118465446013,0.01526940686630951,-0.0670380881665551,0.06875507291157297,2.0722668173077983
118,8,850.31915,634.15955,834.94714,658.05035,816.88666,680.88153,5.587213648260611,834.5940152948033,658.6359539993834,-0.5242976169162148,0.8583657063227292,1.005822885449988,0.03098254805831857,-0.15452486842536928,0.15760029583114274,2.1191258359219414
119,8,850.34283,634.4149,834.6488,659.295,816.50525,682.563,5.70258616138852,834.1164133671367,659.3507285566947,-0.4776019276665693,0.7147745573112161,0.8596547383050173,0.04669568924964551,-0.14359114901151315,0.1509930643074245,2.159849628279556
120,8,850.39307,634.32745,834.4671,659.2289,815.8539,682.7681,5.733161885789858,833.7012202699115,659.957450809326,-0.41519309722525577,0.6067222526313572,0.7351851466274119,0.06240883044131351,-0.10805230467985893,0.1247804578597213,2.170922141109497
121,8,849.9227,634.79193,834.0732,659.71155,815.39087,682.41205,6.996641421073733,833.3585139989998,660.4892921236154,-0.3427062709116626,0.5318413142894087,0.6326948488072773,0.07248682631359316,-0.07488093834194842,0.10421849603591342,2.143208432924999
122,8,850.0468,634.97485,833.8172,659.876,815.1146,682.47943,6.510298237600603,833.0758319689972,660.9699539539239,-0.28268203000254744,0.4806618303084633,0.5576243585083449,0.06002424090911518,-0.051179483980945406,0.07888123399942057,2.1024273056384963
123,8,849.85876,635.0659,833.6347,660.079,815.3854,683.016,5.538384657761821,832.8350764491788,661.4207702766189,-0.24075551981843546,0.4508163226950046,0.5110759015364466,0.041926510184111976,-0.02984550761345872,0.051464420534224106,2.0613063758261516
124,8,849.93066,635.5414,833.2388,660.76166,815.3884,683.66504,4.433675001747566,832.618149708821,661.8630750680671,-0.21692674035784876,0.44230479144823676,0.4926365183584645,0.023828779460586702,-0.008511531246767845,0.02530329810016837,2.0267717921416772
125,8,849.8588,635.8997,832.7792,661.82477,814.06805,686.2252,4.104986649173411,832.4069540171992,662.3221099514121,-0.2111956916218105,0.459034883344998,0.5052886742122474,0.005731048736038247,0.016730091896761223,0.017684481742163697,2.0020063482746955
126,8,847.99457,637.1549,832.9143,662.43805,815.15094,685.2324,7.114636169348539,832.1833916435893,662.8387471368995,-0.22356237360986597,0.5166371854874114,0.5629334919175011,-0.012366681988055461,0.057602302142413464,0.058914854115915335,1.9791927738302755
127,8,845.83954,639.1757,832.6185,663.60626,815.6267,684.3987,10.835307117719104,831.9293648572673,663.4577664815522,-0.25402678632201514,0.6190193446526564,0.6691147563933222,-0.03046441271214917,0.10238215916524496,0.10681847666594814,1.9602100185762692
128,8,845.352,640.1164,832.0392,664.49805,815.0576,685.0789,10.891226966179628,831.6310102241271,664.2018156670636,-0.2983546331402067,0.7440491855113578,0.8016387450568631,-0.044327846818191574,0.1250298408587014,0.13265526415747417,1.9521539505905612
129,8,845.31805,640.8633,831.60895,665.20996,814.0007,686.7727,9.85233240551173,831.2914014965367,665.0050136738118,-0.3396087275904165,0.8031980067482891,0.8720442224451731,-0.04125409445020978,0.059148821236931326,0.07211437694818758,1.9708196236328688
130,8,843.4257,643.1444,830.63116,665.97485,814.2267,685.00964,11.488267734195588,830.9178467234827,665.779347306846,-0.37355477305391105,0.774333633034189,0.8597300411869327,-0.033946045463494556,-0.02886437371410011,0.04455879343650221,2.0202820614965975
131,8,842.0315,644.4625,829.93823,666.52246,814.1849,683.87665,13.500207532852656,830.5176539539514,666.4368033712157,-0.4001927695313725,0.6574560643696259,0.7696770292542112,-0.026637996477461456,-0.11687756866456311,0.11987472174429818,2.1175875223262755
132,8,842.06586,643.935,829.86584,666.6653,813.57074,684.48694,14.214263213980622,830.0981312369288,666.9229138366868,-0.4195227170225735,0.48611046547114256,0.6421080086236062,-0.019329947491200983,-0.17134559889848333,0.17243248282122636,2.2828003786130644
133,8,842.1155,643.57947,829.6673,666.52325,813.1757,684.49603,14.0569593019606,829.6665866214023,667.317391331895,-0.4315446155264908,0.3944774952082071,0.5846736264067739,-0.012021898503917328,-0.09163297026293549,0.09241821943127074,2.4010386525850036
134,8,841.64996,644.0472,829.2095,667.0871,811.5491,685.24713,15.833856143685376,829.2303281563572,667.733493650192,-0.43625846504505716,0.41610231829702116,0.6028785844725494,-0.004713849518566349,0.021624823088814082,0.022132630907919528,2.379837519397904
135,8,843.2755,642.9719,828.4529,667.9924,808.9846,689.30536,11.766630478596875,828.7861897747446,668.261419179386,-0.4441383816126745,0.5279255291940217,0.6899016353048553,-0.007879916567617329,0.11182321089700054,0.1121005066020117,2.2702119069243025
136,8,843.92206,643.7639,828.0091,668.3928,808.8477,690.01636,8.67839952204211,828.2891089453715,668.8991286851066,-0.4970808293730897,0.6377095057205224,0.8085559749433257,-0.052942447760415234,0.10978397652650074,0.12188283011497378,2.2328982842527276
137,8,844.2206,645.06946,826.84924,670.0132,806.15234,691.6221,8.910899478246916,827.6835490210098,669.6215235274383,-0.605559924361728,0.7223948423317097,0.9426330835592592,-0.10847909498863828,0.08468533661118727,0.13762020304629732,2.2684393550159903
138,8,843.017,645.99243,825.7632,671.05096,803.6439,691.23816,13.065755275587248,826.9362985345884,670.4035050664662,-0.7472504864213079,0.7819815390279246,1.0816091793422256,-0.14169056205957986,0.05958669669621486,0.15371008359872282,2.333486959651874
139,8,841.5041,647.5433,824.99176,672.19196,804.1309,691.50006,13.3952840031034,826.1034467396653,671.2199746622755,-0.8328517949231582,0.8164695958092807,1.1663038682897766,-0.08560130850185033,0.034488056781356136,0.09228764856568293,2.366126854188193
140,8,835.5103,651.0406,824.1849,673.0186,806.1427,689.08777,21.04795267102524,825.2634080699564,672.0458336749509,-0.8400386697088607,0.825859012675437,1.1780102187262553,-0.007186874785702457,0.009389416866156353,0.011824225905818407,2.3647060060929634
141,8,836.5696,651.1575,823.4758,673.2499,804.45135,691.05115,16.24799567603527,824.4783146148578,672.852942037485,-0.785093455098604,0.8071083625341089,1.125964316535455,0.0549452146102567,-0.01875065014132815,0.05805655423196984,2.342368664576536
142,8,836.25836,651.4881,823.4776,673.81226,803.9252,690.82983,19.173630497600715,823.7451690864876,673.600993974502,-0.7331455283701871,0.7480519370169532,1.0474178088251205,0.05194792672841686,-0.05905642551715573,0.07865270806681948,2.3461310747535222
143,8,837.78436,651.2822,822.50024,673.75867,802.0523,692.55554,13.19312690003654,823.0446918526463,674.2466422835329,-0.7004772338412977,0.6456483090308893,0.9526437393298729,0.03266829452888942,-0.10240362798606384,0.10748823420325791,2.3969029031000337
144,8,836.4947,651.6002,822.1346,673.72797,802.3371,691.78894,14.644126107554715,822.3576032811327,674.7465397621096,-0.687088571513641,0.4998974785767132,0.8496988844243655,0.013388662327656675,-0.14575083045417614,0.1463644794921432,2.5126091504782897
145,8,835.20905,652.9671,821.4081,674.2645,801.40894,691.9715,15.535069077388036,821.6646237397456,675.0898728287027,-0.6929795413871034,0.343333066593118,0.7733681137707414,-0.005890969873462382,-0.15656441198359516,0.15667520105562002,2.681595891065884
146,8,836.0086,652.3148,820.69324,674.4935,798.96204,693.549,14.126614471249972,820.9464735962852,675.3959623855374,-0.7181501434604343,0.30608955683464956,0.7806602624416554,-0.025170602073330883,-0.03724350975846846,0.04495150973953049,2.738689577348643
147,8,837.32837,652.4054,819.79156,675.13824,797.2771,696.43555,8.943668190529166,820.18387321855,675.8166629557779,-0.7626003777351116,0.4207005702405695,0.870946787078565,-0.044450234274677314,0.11461101340591995,0.12292887260934943,2.6374713942899914
148,8,836.5333,654.26825,818.8059,676.63403,796.4766,697.3823,8.701071320826129,819.364338089158,676.4671744292361,-0.8195351293920794,0.6505114734582094,1.0463283449321552,-0.05693475165696782,0.22981090321763986,0.2367585630636156,2.470670232147721
149,8,832.21387,657.4688,818.17194,677.77405,797.0867,694.6141,16.72142466764699,818.5025641499997,677.3160781623131,-0.8617739391582973,0.8489037330770088,1.2096660159913935,-0.042238809766217855,0.19839225961879947,0.20283886641154322,2.363717803011794
150,8,827.8464,660.841,816.8286,680.58234,795.93774,694.44135,27.273527031509047,817.6200424577831,678.2953008780572,-0.8825216922165282,0.979222715744072,1.3182267120119817,-0.020747753058230956,0.1303189826670632,0.13196024590892383,2.304300040477838
151,8,828.72406,660.5023,815.6563,680.93475,795.26666,695.9275,21.07121805529063,816.7382640692177,679.3367692995172,-0.881778388565408,1.0414684214599674,1.3646206796906326,0.0007433036511201863,0.06224570571589538,0.06225014361740557,2.2733530353803006
152,8,829.56824,660.59064,815.3844,680.7786,795.394,695.9587,17.696747252767313,815.8787200410115,680.3724101497415,-0.8595440282061872,1.035640850224354,1.3458706873538562,0.022234360359220773,-0.0058275712356135045,0.022985372894296016,2.2635425063150425
153,8,826.8528,664.30493,815.649,681.3439,799.38885,691.7463,24.064414823046867,815.0629014298732,681.3341501517784,-0.8158186111382975,0.9617400020368905,1.2611517901495992,0.043725417067889794,-0.07390084818746345,0.08586761590138292,2.274287246849593
154,8,819.84607,671.464,814.3574,682.8342,800.9125,685.9733,51.09056409867113,814.3122992925119,682.1539160286768,-0.7506021373613976,0.8197658768983729,1.111494337159869,0.06521647377689987,-0.1419741251385176,0.15623648953026473,2.3121799216887693
155,8,819.16125,671.2291,813.4893,682.9402,800.43085,686.1952,50.161484414034135,813.6403147884391,682.7891914790723,-0.671984504072725,0.6352754503955111,0.9247367579960719,0.07861763328867255,-0.18449042650286174,0.20054288752064986,2.384268026209422
156,8,822.5855,666.4094,813.2239,682.2587,797.2005,691.6266,29.118998389586107,813.0279894883813,683.2996881039514,-0.6123253000578188,0.5104966248791243,0.7972133196979809,0.05965920401490621,-0.12477882551638686,0.13830754108486318,2.446637038100108
157,8,829.9848,660.20404,812.93335,682.60486,794.2069,701.42584,7.577404091761769,812.4482750658682,683.7706744798877,-0.5797144225131206,0.47098637593626336,0.7469250149695724,0.03261087754469827,-0.039510248942860926,0.05123015816647601,2.45930892566424
158,8,832.0698,661.5493,813.3098,683.8254,795.94135,705.39496,1.2608296248840334,811.8741231944296,684.287419183455,-0.5741518714386302,0.5167447035672694,0.7724477070593883,0.0055625510744903295,0.04575832763100607,0.04609518979289278,2.4087698351925004
159,8,832.3939,662.40076,811.7717,684.51154,796.24817,708.3312,9.912147992506874,811.2784855475951,684.9375350157916,-0.5956376468344615,0.6501158323366099,0.8817226331342628,-0.021485775395831297,0.13337112876934043,0.13509069743534563,2.3124912230577617
160,8,831.1193,665.33057,810.5462,686.4953,794.64105,709.4505,9.470646999837973,810.6343137988946,685.8180116762944,-0.6441717487005008,0.8804766605028362,1.0909612236528334,-0.048534101866039236,0.23036082816622638,0.23541807534123788,2.2024281765374156
161,8,829.7648,667.6666,809.328,689.3104,792.3714,712.49335,7.1742767754847625,809.9145596218577,687.028183088925,-0.7197541770368616,1.2101714126305296,1.4080344183684508,-0.07558242833636086,0.3296947521276934,0.3382474435287905,2.107349477231093
162,8,828.38416,669.8634,808.4859,691.02496,791.2403,714.17346,6.55167311718933,809.105367366813,688.5503310351181,-0.8091922550447634,1.5221479461931722,1.723869622600422,-0.08943807800790182,0.31197653356264254,0.3245435676323137,2.0594126291671073
163,8,827.62573,670.95404,807.66754,691.5848,790.71027,714.5467,7.605013496019563,808.2456520912872,689.8985287262019,-0.8597152755257866,1.348197691083783,1.5989832298107516,-0.050523020481023195,-0.17395025510938922,0.18113880548117645,2.1384601192354467
164,8,827.72516,671.0083,806.8774,689.92755,790.34265,712.93066,12.067676020463429,807.387521529605,690.655378724683,-0.8581305616821737,0.7568499984811297,1.1442071408157917,0.0015847138436129171,-0.5913476926026533,0.5913498159841163,2.418825645797248
165,8,826.87396,670.7602,806.3821,689.68097,789.51013,712.389,10.67060619020726,806.5830834160914,691.1142451798228,-0.8044381135135836,0.45886645513974145,0.9261096598814881,0.05369244816859009,-0.2979835433413882,0.3027822172661825,2.6232082405598036
166,8,826.53784,670.9234,806.3142,690.35876,789.9046,712.6169,9.739485561561931,805.8844454850715,691.6278161823271,-0.6986379310199027,0.5135710025043636,0.8670929207836421,0.10580018249368095,0.05470454736462216,0.11910611284927562,2.5076938427258093
167,8,827.17786,672.13763,806.676,692.8987,789.6496,716.6871,9.047068141592174,805.3437154708704,692.4469992410484,-0.5407300142011309,0.8191830587212507,0.9815548033369605,0.1579079168187718,0.30561205621688714,0.3439965684409627,2.1542281702074764
168,8,825.76324,673.1471,805.76685,694.4881,789.0608,718.92487,8.778745699579618,804.9498984398269,693.5422007319614,-0.39381703104345434,1.0952014909130412,1.1638548705221066,0.14691298315767654,0.27601843219179045,0.3126813066524793,1.9159836659525116
169,8,823.9574,674.79895,804.2768,695.9367,788.84644,719.97375,10.257392758580131,804.4395887863325,694.8150654063596,-0.5103096534944598,1.2728646743981926,1.3713498538959534,-0.11649262245100545,0.17766318348515142,0.21244937715039572,1.9520906473923534
170,8,822.52795,676.981,803.23303,697.6402,788.70294,720.68176,10.808660538492202,803.5926977834054,696.1676016578133,-0.8468910029271228,1.352536251453671,1.595800326587025,-0.33658134943266305,0.07967157705547834,0.3458822993106462,2.1302224089346384
171,8,819.9624,679.1943,802.0339,699.27795,789.68945,720.70953,11.813396242416102,802.614814890517,697.5018178798924,-0.977882892888374,1.3342162220791352,1.6542030949864817,-0.13099188996125122,-0.018320029374535807,0.1322667710043018,2.2032807789172577
172,8,817.9734,680.34705,801.2713,699.71387,790.6062,719.7034,12.693299360267757,801.7579507216162,698.7358325752128,-0.8568641689007563,1.2340146953204112,1.5023343410215686,0.1210187239876177,-0.10020152675872396,0.15711740043792244,2.1777345224455247
173,8,815.4373,683.11127,800.47876,699.8278,793.15607,715.8126,17.210615104646642,801.0341223221085,699.8522046825731,-0.7238283995077381,1.1163721073602346,1.3304939812061778,0.1330357693930182,-0.11764258796017657,0.1775902430877333,2.146028744089674
174,8,814.2139,684.5269,799.9765,700.482,794.07227,714.5816,19.02235519132744,800.395348345263,700.8496032498174,-0.6387739768455276,0.9973985672443177,1.184413819336835,0.08505442266221053,-0.11897354011591688,0.14624964294696802,2.1404216281591784
175,8,797.10016,707.15936,800.92413,701.61444,812.50146,690.1529,10.696415063987551,799.8000747549144,701.7392674264484,-0.5952735903485973,0.8896641766309585,1.0704452319231241,0.04350038649693033,-0.10773439061335921,0.11618512187975782,2.160481102867386
176,8,814.40656,685.80334,800.1792,702.02313,793.4784,716.7209,16.747399411942418,799.2324567571648,702.5827167685985,-0.5676179977496076,0.8434493421501656,1.0166597189536037,0.027655592598989642,-0.04621483448079289,0.05385761532121872,2.1631516359657654
177,8,816.55133,682.33356,799.2194,702.74066,787.1387,724.3818,11.16986829293935,798.6830768686826,703.4540409340586,-0.5493798884821217,0.8713241654601234,1.0300602230857228,0.018238109267485925,0.02787482330995772,0.033311175365245194,2.1333491393336583
178,8,789.86676,714.43024,798.9382,704.3633,812.03204,692.40875,5.5820901097346285,798.142517606135,704.4273295806191,-0.5405592625476174,0.9732886465604906,1.1133261453184218,0.008820625934504278,0.10196448110036727,0.10234529226077574,2.0777718315895424
179,8,780.85834,729.4943,797.80383,706.1411,815.29065,684.877,3.4672961086527607,797.6013614861904,705.5371113818861,-0.5411561199446169,1.1097818012669904,1.2346925093224297,-0.0005968573969994395,0.1364931547064998,0.13649445966955892,2.0244941192087023
180,8,798.9735,705.94385,797.2338,706.9391,799.1535,707.85986,124.60221069824468,797.0501910255164,706.6596710747261,-0.5511704606740295,1.1225596928400137,1.2505715256268581,-0.010014340729412652,0.012777891573023226,0.016234578322109606,2.0272134910777466
181,8,782.2214,727.9654,796.01025,707.75397,812.54987,688.66986,6.611383773800445,796.4795887407811,707.631732411822,-0.570602284735287,0.9720613370958517,1.1271602416789304,-0.01943182406125743,-0.15049835574416193,0.1517476552307942,2.101603905157449
182,8,787.91907,719.91125,795.93335,707.9252,807.52875,695.0773,8.29869639323162,795.8917482250176,708.3262420409387,-0.5878405157634461,0.6945096291167374,0.909890156507313,-0.017238231028159134,-0.2775517079791143,0.2780865103004886,2.273203035907442
183,8,813.95624,687.2987,795.675,706.66504,781.0614,730.0479,11.344929223780367,795.3353073767206,708.7610381901756,-0.5564408482970293,0.4347961492368313,0.7061686123332688,0.03139966746641676,-0.2597134798799061,0.2616047223356871,2.478304029442233
184,8,813.77423,686.65094,795.3615,705.85657,781.13245,729.84436,13.116958090222578,794.8705151707496,708.9901819827154,-0.4647922059709799,0.22914379253984407,0.518207171304019,0.09164864232604941,-0.20565235669698723,0.2251496512438627,2.683558572025467
185,8,814.7646,687.3333,795.6262,706.91095,780.9413,731.56635,13.571601365744575,794.5576205819643,709.06773454174,-0.31289458878529786,0.07755255902463887,0.3223622544628802,0.15189761718568207,-0.1515912335152052,0.21459913370130246,2.898633617730944
186,8,816.3808,688.02057,796.57806,706.08875,784.93304,730.99695,22.56550578038309,794.4317203219579,709.047756990432,-0.12590026000646048,-0.019977551307988506,0.12747540165050536,0.18699432877883737,-0.09753011033262737,0.21090045380923766,-2.9842270466907315
187,8,816.5584,688.13574,796.7813,705.8919,786.2342,730.76074,25.09976124687495,794.4273020492559,708.984310451974,-0.004418272701968817,-0.06344653845803805,0.06360019163474481,0.12148198730449167,-0.04346898715004954,0.12902490489552723,-1.6403218124800567
188,8,816.23956,688.6132,795.6706,706.8179,787.9393,731.23895,30.922478345603963,794.4537011591174,708.9314560495486,0.026399109861472425,-0.052854402425396074,0.0590804608751811,0.030817382563441242,0.010592136032641974,0.03258687487003755,-1.1075739966215286
189,8,815.71606,689.51074,794.4738,708.5185,791.00134,732.8642,40.060078900500606,794.4381774393651,708.9339707047907,-0.015523719752309262,0.0025146552420665103,0.015726072807115236,-0.04192282961378169,0.055369057667462585,0.06944966659249682,2.9809996846399236
190,8,816.2443,689.57794,795.3663,708.3912,790.99414,733.02014,37.91167964018422,794.3796882480775,708.999494533149,-0.05848919128754915,0.06552382835832304,0.0878314156791435,-0.042965471535239885,0.06300917311625653,0.0762639340779106,2.299530226631581
191,8,817.20966,689.7306,795.52545,707.8825,787.7605,734.5801,33.850183728211114,794.2951153358965,709.1263834485245,-0.08457291218098817,0.12688891537550262,0.15249057124932217,-0.026083720893439022,0.061365087017179576,0.06667859026908748,2.1586914497009055
192,8,817.2788,690.2862,794.70734,709.00757,784.9898,736.782,31.04320513930243,794.201340453464,709.3129933648185,-0.09377488243251264,0.1866099162939463,0.20884680853310927,-0.009201970251524472,0.05972100091844368,0.060425774361696785,2.036456479561081
193,8,817.54254,690.4757,794.8864,709.08203,785.9833,736.5225,32.629689968300006,794.1152453514222,709.5576801959326,-0.0860951020417815,0.24468683111410883,0.2593916188242195,0.007679780390731139,0.05807691482016253,0.05858248084434691,1.9091257220625604
194,8,817.0554,691.58856,794.823,709.8417,786.1126,736.57684,32.567803333982994,794.0537117804136,709.8587998557676,-0.061533571008681065,0.3011196598350807,0.30734252862283007,0.024561531033100437,0.056432828720971884,0.061546185618123445,1.7723703206514314
195,8,817.1034,692.1642,794.7591,710.17957,785.53064,737.1913,32.259504832275226,794.0208423784231,710.2135106041006,-0.03286940199041055,0.354710748332991,0.35623042061306004,0.028664169018270513,0.05359108849791028,0.060775318607958206,1.6631978177190074
196,8,816.5528,692.894,794.4689,710.47095,784.8219,737.9229,32.12100538348757,793.9696233328112,710.6141800842098,-0.05121904561190149,0.4006694801091726,0.40392997279769755,-0.01834964362149094,0.045958731776181594,0.04948650773201446,1.6979404054409768
197,8,815.88727,694.2895,794.1035,710.9099,785.55,736.9733,34.48845848956178,793.8402617182809,711.0519782852492,-0.1293616145303531,0.43779820103941347,0.4565103417746923,-0.07814256891845162,0.03712872093024089,0.08651475593845635,1.8581032960845634
198,8,813.7933,695.06537,792.74817,711.86066,786.10126,737.1316,36.6714877959353,793.5729646095363,711.5180751963724,-0.26729710874462853,0.4660969111231452,0.5373025915643577,-0.13793549421427542,0.02829871008373175,0.1408084427743575,2.0914872972628116
199,8,812.68677,695.77924,792.04626,712.58466,785.7603,737.6199,36.75295815296644,793.1744180419297,712.0036408067334,-0.3985465676065587,0.48556561036104995,0.6281825598631884,-0.13124945886193018,0.01946869923790473,0.13268553312839157,2.258085147687018
200,8,812.79004,696.59735,793.1032,713.26373,785.38763,737.9217,32.374458647572574,792.917223893409,712.4998451054861,-0.25719414852073896,0.4962042987526729,0.5588985025332773,0.14135241908581975,0.010638688391622964,0.1417522065863783,2.04899473202976
201,8,813.36835,697.21844,794.01886,713.83655,785.2743,738.3885,29.73853242132092,792.9955235945281,712.997858081784,0.07829970111913553,0.4980129762979004,0.5041307050323746,0.3354938496398745,0.0018086775452275106,0.33549872497618427,1.414848725509238
202,8,813.7313,697.963,794.0086,714.19336,785.423,738.65173,31.2054973915519,793.1154588597717,713.4879248438746,0.11993526524361187,0.49006676209057787,0.5045293838370553,0.04163556412447633,-0.007946214207322555,0.04238705604535464,1.3307814194738563
203,8,814.1533,698.29626,794.17365,714.20526,785.23505,738.6105,31.35547197273421,793.2052636599952,713.9565909763788,0.08980480022353277,0.4686661325042678,0.4771926716743422,-0.0301304650200791,-0.02140062958631006,0.036957162621292505,1.3814733568252286
204,8,814.0949,698.6464,794.1176,714.4469,785.41693,738.5012,31.77321309891848,793.2849298821577,714.3894771830102,0.07966622216247288,0.4328862066313377,0.44015585290361603,-0.010138578061059889,-0.03577992587293011,0.037188625419240465,1.388797766813292
205,8,813.79254,698.90295,794.09344,714.5422,786.7046,737.74036,33.88654159589422,793.3744494132193,714.7722041674832,0.08951953106156907,0.3827269844730381,0.3930568547746094,0.009853308899096191,-0.0501592221582996,0.05111785660399565,1.3410278226171206
206,8,813.7704,699.0354,794.0888,714.4194,787.1787,737.1112,35.05078427219076,793.4938141401389,715.0903926335118,0.11936472691957078,0.3181884660285732,0.33984090093189223,0.029845195858001716,-0.0645385184444649,0.07110524649285044,1.211904284077218
207,8,813.66797,698.97473,794.2031,714.5348,787.40533,737.14246,34.62614477957699,793.6630159498759,715.3296632848098,0.16920180973704646,0.2392706512980567,0.29305237926160554,0.049837082817475675,-0.07891781473051651,0.09333678966836206,0.9552834356572717
208,8,813.765,699.21155,794.95703,714.33704,787.5212,736.8559,32.92003736177609,793.9020467293898,715.475636825092,0.2390307795138824,0.1459735402821707,0.28007853901633517,0.06982896977683595,-0.093297111015886,0.11653512751099912,0.5482422310323918
209,8,813.74646,699.7606,795.4712,714.5309,787.85345,736.3743,31.82866135436208,794.2233116555699,715.520596042713,0.32126492618010616,0.04495921762099897,0.32439556723636254,0.08223414666622375,-0.10101432266117172,0.13025493564781837,0.13904138022019905
210,8,813.7191,699.54297,795.5125,714.3261,787.96423,736.1837,31.87279739578433,794.6088690650257,715.4834720645937,0.38555740945582784,-0.03712397811932533,0.3873405552452428,0.06429248327572168,-0.0820831957403243,0.10426492424925721,-0.0959905959268542
211,8,813.537,699.46625,795.6317,714.3458,787.9676,736.1924,30.941167702135072,795.033190584297,715.3898581022961,0.42432151927130235,-0.09361396229758157,0.4345254027715287,0.03876410981547451,-0.056489984178256236,0.06851112699588154,-0.21714193952629668
212,8,813.852,699.4043,796.33655,713.9733,788.4261,735.7976,30.32329480640468,795.4707478399233,715.265347367382,0.4375572556263023,-0.1245107349141108,0.45492776905798266,0.013235736354999972,-0.030896772616529233,0.033612427388937244,-0.27723098491513565
213,8,813.28394,699.34906,797.0941,714.15955,788.9399,736.1619,27.21259091805343,795.896012458444,715.1355330714132,0.42526461852071407,-0.12981429596879934,0.44463664626686306,-0.012292637105588256,-0.005303561054688544,0.013387930641831629,-0.2962712069331606
214,8,813.4685,699.4541,797.2102,714.39453,788.53516,736.497,25.989175877431567,796.2834560663988,715.0260084259518,0.38744360795476496,-0.10952464546141982,0.4026266227020455,-0.03782101056594911,0.02028965050737952,0.04291967798040009,-0.2754971195817328
215,8,787.823,736.86206,796.9849,714.4072,813.79193,699.74335,26.699519259444724,796.6075502903275,714.9623666425597,0.32409422392868237,-0.06364178339208593,0.33028373041562326,-0.06334938402608259,0.045882862069333896,0.07822008366243037,-0.19390097050245694
216,8,787.5292,737.33246,796.9134,714.6517,813.9976,699.8174,26.55468810214928,796.8491962176689,714.964689540483,0.24164592734143753,0.0023228979233635982,0.24165709187910392,-0.08244829658724484,0.06596468131544952,0.10558911303343306,0.009612520280393052
217,8,814.00226,699.83405,796.7974,714.801,787.2457,737.7514,26.382503245921782,797.0150127794627,715.0310133697084,0.16581656179380388,0.06632382922532543,0.17858886440153124,-0.07582936554763364,0.06400093130196183,0.09922808013296984,0.3804918434551156
218,8,814.1048,699.91034,796.63654,715.00354,786.55255,738.2462,25.717892801055694,797.1180483676477,715.1538629879055,0.10303558818498004,0.122849618197165,0.16033827092685643,-0.06278097360882384,0.056525788971839575,0.08447849114514756,0.8728914755157606
219,8,786.1405,738.78015,796.58466,715.531,813.9443,699.999,23.98946436694552,797.1713513741622,715.3257632527452,0.05330300651451125,0.17190026483967813,0.1799747525500105,-0.04973258167046879,0.04905064664251313,0.06985195498809274,1.270116757463462
220,8,813.8005,700.21985,796.7685,716.06104,785.8712,739.0419,21.70473630439677,797.1879701909461,715.5392390218977,0.016618816783875445,0.21347576915252375,0.21412166888607428,-0.03668418973063581,0.041575504312845624,0.05544594065448552,1.493104296259468
221,8,812.85065,699.81366,796.6847,716.4315,785.7739,739.0539,18.462247747102253,797.1809532099373,715.7868151530339,-0.00701698100874637,0.24757613113615662,0.24767555133848906,-0.023635797792621815,0.034100361983632865,0.0414907896370809,1.5991314613054304
222,8,811.9881,699.4763,796.4621,716.8356,786.037,739.00586,16.624987276496853,797.1587229209606,716.0631604222228,-0.022230288976743395,0.276345269188937,0.27723797277987655,-0.015213307967997025,0.028769138052780363,0.03254394019827742,1.651067366027806
223,8,811.4131,699.43866,796.0863,717.01086,786.1077,738.9387,16.626944743081896,797.1111982053822,716.3715192791319,-0.047524715578447285,0.3083588569090807,0.31199965260411305,-0.02529442660170389,0.03201358772014373,0.04080046342658773,1.7237145795161504
224,8,785.9801,739.022,796.1064,717.2886,811.4133,699.2668,15.360867410420724,797.0236720424534,716.7172800918268,-0.08752616292872517,0.3457608126948344,0.3566670279019608,-0.040001447350277886,0.03740195578575367,0.05476332793682764,1.8187288296698139
225,8,785.15393,739.5033,795.9943,717.5536,811.6612,699.1241,14.084210715724147,796.8814374114258,717.1058312283739,-0.14223463102757705,0.3885511365471075,0.4137664510029782,-0.05470846809885188,0.042790323852273104,0.0694552251245758,1.9217098819044431
226,8,811.28546,699.3453,795.4742,718.33575,783.8706,740.36334,12.001307044061546,796.6697872915511,717.5484862345321,-0.21165011987477556,0.4426550061582475,0.49065183961742664,-0.0694154888471985,0.05410386961114,0.08800987898409347,2.0168017647025147
227,8,811.0526,699.1817,795.55426,718.423,783.77686,740.37006,10.631304748591807,796.3740146620809,718.0802593668313,-0.295772629470207,0.5317731322992358,0.6084933135039866,-0.08412250959543144,0.08911812614098835,0.12255054886663937,2.0783877428472746
228,8,808.6944,699.4254,795.3628,720.6021,783.9138,740.71686,2.544375006454385,795.9794125022665,718.7420900594952,-0.3946021598143261,0.6618306926638979,0.7705392464255834,-0.09882953034411912,0.1300575603646621,0.16334700816374595,2.108437870668614
229,8,805.3737,700.5328,794.3396,721.7608,783.40424,740.6095,2.6560124708235757,795.4807801038023,719.5580413380042,-0.498632398464224,0.8159512785089191,0.956248271997667,-0.10403023864989791,0.1541205858450212,0.1859447378517802,2.119341719185753
230,8,783.59076,740.1259,793.3173,722.16943,802.1949,702.2501,4.421819779982822,794.910942008154,720.4846705928703,-0.5698380956482652,0.9266292548661568,1.087822242476155,-0.07120569718404113,0.11067797635723764,0.13160496100830932,2.122141834412086
231,8,784.20514,739.9834,792.61914,723.3638,800.3124,704.3027,4.872264299390845,794.3122290692298,721.4616588058631,-0.5987129389242227,0.976988212992751,1.1458460418232674,-0.028874843275957573,0.05035895812659419,0.058049816862822054,2.1205853039935327
232,8,785.2103,739.2027,792.2921,724.0333,799.6644,705.27484,3.56996086942248,793.726972140938,722.4286869587519,-0.5852569282918694,0.9670281528888154,1.1303402676155478,0.013456010632353355,-0.009960060103935575,0.016741177360389433,2.1150392830177065
233,8,784.241,739.7434,792.18866,723.7934,799.82996,704.70355,4.671099335905566,793.1975020771869,723.3254360333061,-0.5294700637510914,0.8967490745542364,1.041392073679488,0.05578686454077797,-0.07027907833457903,0.08972916530788083,2.104151417919497
234,8,782.5951,740.5728,792.15106,724.36725,799.3404,704.5073,10.626342611770578,792.7661497318852,724.0915870112958,-0.43135234530166144,0.766150977989696,0.8792338522098723,0.09811771844942996,-0.13059809656454036,0.1633491643688532,2.083574789234101
235,8,781.5043,741.3577,792.41034,725.16675,799.0768,704.3581,16.199933752733035,792.4582133011453,724.7038218771879,-0.3079364307399146,0.6122348658921055,0.6853148009424301,0.12341591456174683,-0.15391611209759049,0.19728572561224605,2.0368179726809927
236,8,781.5161,741.0147,792.3919,725.73047,798.68243,704.5421,18.89904497711001,792.230860349899,725.2868266262433,-0.22735295124630284,0.5830047490553625,0.6257666512858526,0.08058347949361178,-0.029230116836743036,0.08572104116019005,1.9426242606078261
237,8,782.4722,740.00745,792.14404,726.40875,797.0758,705.5206,22.137150628155315,792.0242257852818,726.0022882564197,-0.20663456461716123,0.7154616301763781,0.7447034225442798,0.020718386629141605,0.1324568811210156,0.13406743415468747,1.851958412810286
238,8,783.96466,738.04376,792.1766,727.0355,795.57477,707.8239,26.691316906372407,791.77844451443,727.0118937656758,-0.24578127085180768,1.0096055092561755,1.0390917752643176,-0.039146706234646444,0.29414387907979744,0.29673740278086314,1.8095941234377035
239,8,795.1944,710.3259,791.83545,730.55646,780.79034,739.84467,40.51134187434519,791.3381487158118,728.4194625111897,-0.44029579861819457,1.4075687455139132,1.4748254688702813,-0.1945145277663869,0.39796323625773766,0.442956700959487,1.8739598493574092
240,8,792.20245,714.54535,788.0658,734.1887,776.2023,738.709,57.25002256304747,790.1659596532243,729.8496771368094,-1.172189062587563,1.4302146256196693,1.8492001172902623,-0.7318932639693685,0.022645880105756078,0.7322435289775526,2.25736854373651
241,8,775.80774,721.53125,780.207,728.51086,786.50055,725.45624,83.66678245058455,787.9793996258034,730.3095536316606,-2.18656002742091,0.4598764948511871,2.234397266385623,-1.014370964833347,-0.9703381307684822,1.403746609014678,2.934294349854277
242,8,774.5243,716.83575,779.5606,726.0623,786.1512,727.617,48.09893108702089,785.6528036822314,730.1875614767193,-2.326595943571988,-0.12199215494126747,2.3297920015556843,-0.1400359161510778,-0.5818686497924546,0.598482400262168,-3.08920687438944
243,8,773.47327,716.24133,778.8208,725.6606,786.05994,727.7789,44.10506913450966,783.431701409284,729.9256649177335,-2.2211022729474053,-0.2618965589858817,2.2364894621930986,0.10549367062458259,-0.13990440404461424,0.17522030936203314,-3.0242217279138366
244,8,773.7373,722.3371,777.246,729.2488,785.3535,726.49524,81.84456051980784,781.3168200872583,729.8714854949205,-2.114881322025667,-0.054179422812921985,2.1155751974603443,0.10622095092173822,0.20771713617295973,0.23330087671205654,-3.1159800698402744
245,8,773.7603,726.65784,776.4448,730.9117,785.791,725.0778,89.71714348196323,779.3088869964515,730.3061617225601,-2.007933090806773,0.4346762276395566,2.05444365219195,0.10694823121889385,0.4888556504524786,0.5004175967531177,2.9284028515107803
246,8,775.31604,725.25635,776.16583,731.16003,784.99945,726.56323,109.30033522183057,777.4086294171608,731.2449000111794,-1.9002575792907237,0.9387382886193336,2.1194830601285295,0.10767551151604948,0.504062060979777,0.5154343577017575,2.6827518832289967
277,8,792.8962,703.71265,774.6005,727.0276,766.53326,748.6607,17.670799286765305,775.8757394723789,730.5953555266236,-1.532889944781914,-0.649544484555804,1.6648302076279025,0.3673676345088097,-1.5882827731751377,1.6302150614104582,-2.7407909937614665
0,9,728.55725,629.0083,706.76105,658.68536,688.90027,684.58014,1.6992720909246437,706.7491342563292,658.7392446497732,,,,,,,
1,9,729.7241,627.8337,705.669,657.8757,681.876,687.76117,0.159490382944794,705.8496695865638,657.7592278416732,-0.8994646697653934,-0.9800168081000038,1.330214131752737,,,,-2.3133620003044975
2,9,729.61304,627.32837,707.0417,654.67975,688.04785,682.21625,4.933956633907243,706.5375845529638,655.5571661589593,0.6879149664000579,-2.2020616827139747,2.307011628812108,1.5873796361654513,-1.222044874613971,2.003289241443441,-1.2680063306236635
3,9,731.15314,624.28467,708.94116,652.00885,690.6077,679.10565,4.618976210957768,708.2253469231546,652.4044823344263,1.6877623701907396,-3.1526838245329145,3.5760253236943593,0.9998474037906817,-0.9506221418189398,1.379629402188644,-1.0792768817965346
117,9,621.644,796.48175,623.54224,803.3282,641.59546,788.3761,114.1356648327966,659.0826010359062,739.6011455223262,-49.14274588724834,87.19666318789984,100.09129604737223,-50.83050825743908,90.34934701243276,103.66650893747014,2.084009744519712
119,9,655.11847,787.8353,621.50464,796.2473,595.66626,797.3564,11.592126172344734,617.680424915963,806.5427632474851,-41.40217611994319,66.94161772515895,78.71035745775843,7.740569767305146,-20.255045462740895,21.6837101765408,2.124694702143289
121,9,651.0367,783.421,626.9988,790.344,603.80164,785.32666,28.27110578308661,610.7183525935513,817.2444660821731,-6.9620723224117,10.701702834687921,12.767023716765726,34.44010379753149,-56.23991489047103,65.94731819014453,2.147563315957167
122,9,660.35876,773.135,629.1143,784.1901,601.5568,782.23346,23.546495818187065,608.6285757902401,820.2476610650378,-2.0897768033112243,3.003194982864784,3.6587357369400006,4.872295519100476,-7.698507851823138,9.110778603940998,2.1787324245754704
123,9,660.1061,782.4467,630.8108,787.79675,600.44037,786.0996,13.547990227173091,607.6676505128949,823.2482408308351,-0.9609252773452681,3.0005797657972835,3.1506914034149966,1.1288515259659562,-0.0026152170675004527,1.1288545553063858,1.8807228914447303
124,9,661.9882,780.97864,631.1841,787.0622,599.74817,787.0995,11.103706481533344,607.695654572305,824.4328724362224,0.028004059410136506,1.184631605387267,1.1849625596726083,0.9889293367554046,-1.8159481604100165,2.0677642405245353,1.5471612620366073
125,9,661.9868,781.01825,632.1132,786.6177,599.93713,786.9219,10.074505941173628,608.3776286072983,823.6505034221163,0.6819740349933454,-0.7823690141060524,1.0378775740126487,0.6539699755832089,-1.9670006194933194,2.072864724493956,-0.8538507853384175
126,9,660.95874,773.4887,630.6519,781.23346,603.416,779.30084,18.393667556263075,609.5527196584188,821.1656514504979,1.1750910511204893,-2.4848519716184683,2.7486957451270677,0.49311701612714387,-1.7024829575124159,1.7724594811206151,-1.1290612981806942
127,9,654.2272,772.82904,634.53973,775.91266,621.53094,767.38544,42.14655755656558,611.0600747662106,817.3003135866634,1.5073551077917955,-3.8653378638344975,4.148849987957946,0.3322640566713062,-1.3804858922160292,1.4199086949389244,-1.1989686951727703
128,9,660.9036,775.9026,632.15015,774.72235,613.51984,768.9855,14.764795832729842,612.7388409712179,812.606404509174,1.678766205007264,-4.693909077489366,4.985081583967464,0.17141109721546854,-0.8285712136548682,0.8461158433371355,-1.2273246448274162
129,9,662.5462,747.6993,633.943,768.7098,608.8633,784.3321,4.380074324052332,614.5184414916838,807.7943399904843,1.7796005204659195,-4.812064518689681,5.1305889471360615,0.10083431545865551,-0.11815544120031518,0.1553327636374786,-1.2165742266651047
130,9,659.408,768.8266,636.434,775.6318,614.26276,772.0022,25.79713973190175,616.6894042566475,803.9786225653577,2.170962764963747,-3.8157174251266497,4.390077310853897,0.3913622444978273,0.9963470935630312,1.0704540799445237,-1.0535186226186946
131,9,631.7282,788.2033,636.3936,780.4692,643.2884,760.2395,12.278975966345085,619.4210014798739,802.0107068649712,2.731597223226345,-1.9679157003864702,3.366647530372826,0.560634458262598,1.8478017247401795,1.930979598479533,-0.6243040462535002
132,9,609.34033,789.3582,639.266,785.0521,649.6196,767.6177,51.10732731089955,622.0363778032329,801.2857691438426,2.615376323358987,-0.7249377211286401,2.713987474602998,-0.11622089986735773,1.2429779792578302,1.248399597278795,-0.2703945460794868
141,9,611.51776,787.45667,643.5917,780.68134,658.99316,752.91095,49.05933301382106,625.5217996202379,798.9868808189627,3.485421817004976,-2.29888832487984,4.175290741100925,0.8700454936459892,-1.5739506037512,1.7984158762818072,-0.5830751522673189
143,9,678.6841,779.36566,645.42535,776.44855,637.59595,757.3178,62.730201729949066,629.6237018619194,795.7198874865378,4.1019022416815005,-3.2669933324249314,5.243934346883138,0.6164804246765243,-0.9681050075450912,1.1477261954156264,-0.6725775225311824
144,9,633.67975,785.489,647.30457,776.28375,654.6413,750.2082,40.24137330077992,633.0281438234264,793.2383773515342,3.4044419615070183,-2.4815101350036457,4.212851483187553,-0.6974602801744823,0.7854831974212857,1.0504449989657876,-0.6298621636422822
145,9,642.38257,783.9478,648.64795,775.13684,650.8568,748.9865,30.58798836518545,636.3784821455779,790.2067431301623,3.350338322151515,-3.03163422137186,4.518359539154669,-0.05410363935550322,-0.5501240863682142,0.5527781781094228,-0.7355014325840222
146,9,675.9155,777.869,649.0857,774.97003,637.54407,756.75415,51.47462268792725,639.4984856745162,787.1470215215411,3.120003528938355,-3.059721608621203,4.369933448332058,-0.23033479321316008,-0.02808738724934301,0.2320409840675646,-0.7756436828948625
147,9,680.03986,773.6859,650.2537,774.31177,636.5722,760.75165,45.948369523364775,642.4502101929842,784.5634074826411,2.951724518467927,-2.5836140389000093,3.9227208841473713,-0.16827901047042815,0.4761075697211936,0.5049715272277514,-0.7189940483128098
148,9,680.5895,770.4269,650.61664,774.4176,636.86896,765.9725,39.14621121090477,645.2188868374798,782.408142621132,2.7686766444955992,-2.1552648615090675,3.5086659836797107,-0.18304787397232758,0.4283491773909418,0.46582136268883767,-0.6614592984476144
149,9,668.2258,778.96405,650.8528,773.963,644.49506,750.8222,58.57846043246582,647.7705405829395,780.4954802073578,2.551653745459703,-1.9126624137742283,3.188920561221804,-0.21702289903589644,0.2426024477348392,0.325507121815914,-0.643230698712383
150,9,673.54755,778.1902,653.4841,773.91974,641.76733,756.1935,44.52010884141512,650.0711964043002,778.6396735116627,2.3006558213606922,-1.855806695695037,2.955847712610948,-0.25099792409901056,0.05685571807919132,0.257356815686535,-0.6787781257557353
151,9,670.7816,778.3335,654.66174,773.2215,643.612,756.3475,39.18664674489484,652.0959674242532,776.7044415766618,2.02477101995305,-1.9352319350009566,2.8008606401406806,-0.27588480140764204,-0.0794252393059196,0.28709021628494535,-0.7627911523261862
152,9,679.1848,774.63715,655.8556,771.2884,643.2345,755.9758,42.33495374172439,653.856319356508,774.7513665340496,1.760351932254821,-1.9530750426122268,2.6293233059987187,-0.2644190876982293,-0.01784310761127017,0.26502043398272374,-0.8372506320733895
153,9,691.54736,777.7678,655.44086,767.9048,644.85693,741.5158,52.86711164966241,655.37280606253,772.8914962877915,1.516486706021965,-1.8598702462580832,2.3997602510370597,-0.243865226232856,0.09320479635414358,0.2610696892192187,-0.8867520557152616
154,9,692.2624,778.5116,655.6714,768.97644,646.7272,742.9468,56.430706863515255,656.6659814037832,771.235878741853,1.2931753412532316,-1.6556175459385258,2.1008026850813284,-0.22331136476873326,0.20425270031955733,0.302633658443183,-0.9076968133620756
155,9,693.6267,780.7831,655.1231,769.8287,647.45825,742.026,58.70588851466248,657.7563992417324,769.8794942256122,1.0904178379491896,-1.3563845162407233,1.740341925374254,-0.20275750330404207,0.2992330296978025,0.36145679023669564,-0.8936727533753672
156,9,693.8866,781.2222,655.97174,769.57947,646.9886,742.06964,54.845393244106425,658.6646134378423,768.8530527701005,0.9082141961098387,-1.0264414555117582,1.3705601364436868,-0.1822036418393509,0.32994306072896507,0.37690926019762366,-0.8464324960477084
157,9,697.67505,778.21643,657.16534,769.92175,646.82007,742.4565,57.788426047223226,659.4111778535774,768.1711968317614,0.746564415735179,-0.6818559383390266,1.011081573113764,-0.1616497803746597,0.34458551717273167,0.3806176955166098,-0.7401283885180782
158,9,695.3154,774.2652,657.3995,771.2364,646.1437,752.5228,54.40679465095825,660.0166463504027,767.8485688670396,0.6054684968252104,-0.3226279647218462,0.6860618807865225,-0.14109591890996853,0.3592279736171804,0.38594403138558064,-0.48958619664860953
159,9,697.96436,777.2106,658.28217,770.4732,645.43176,744.1658,54.32989420885056,660.4451881855714,767.8817853167495,0.428541835168744,0.033216449709925655,0.4298272176364905,-0.17692666165646642,0.35584441443177184,0.39740192612416,0.07735573472267379
160,9,696.1294,777.6888,657.3181,770.74347,645.26385,745.56665,54.26990062119199,660.4354341994948,768.1953585591898,-0.009753986076589172,0.3135732424402704,0.31372490914635215,-0.4382958212453332,0.28035679273034475,0.520291416564954,1.60189222614405
161,9,693.5405,774.84406,654.571,773.62585,646.1739,747.1211,70.6305358509513,659.9735979294227,768.6957749570294,-0.46183627007212635,0.5004163978395582,0.6809620485613372,-0.4520822839955372,0.18684315539928775,0.48917149980572655,2.3161224004583754
162,9,694.8713,774.769,656.00226,774.2563,646.30414,748.466,68.6361366040385,659.9488247241562,769.289520872937,-0.02477320526645599,0.5937459159076752,0.5942625045854888,0.43706306480567036,0.09332951806811707,0.44691668301838167,1.6124957205302994
164,9,703.3275,773.40015,660.8055,774.48975,647.7909,753.0567,60.20085789898694,660.6629824324746,770.3829467096327,0.7141577083183392,1.093425836695701,1.3059867123000126,0.7389309135847952,0.4996799207880258,0.8920195728177649,0.9922184569491806
165,9,702.29535,774.11896,659.61273,774.70184,647.829,753.19794,62.06045205214199,660.7553975983519,770.7247753754465,0.09241516587735532,0.3418286658137504,0.35410083261148617,-0.6217425424409839,-0.7515971708819507,0.975429185722229,1.3067534332470674
169,9,703.4165,777.903,662.24786,775.05023,645.88257,751.5575,51.17453791055371,661.6422926528619,771.8508257153263,0.8868950545099779,1.1260503398798392,1.4333779005055707,0.7944798886326225,0.7842216740660888,1.116334146891836,0.903652466993691
170,9,706.27936,778.1629,663.75903,773.87354,646.00916,751.66425,45.6074178628723,662.9423646096606,772.4301342861828,1.3000719567986607,0.5793085708564831,1.423300921492739,0.41317690228868287,-0.546741769023356,0.6853041037230556,0.41918662234580994
171,9,716.0835,772.6083,669.75214,774.98553,647.02606,749.6099,51.0900418303174,664.5746005950072,773.0138843244484,1.6322359853465969,0.5837500382656344,1.7334815888942996,0.33216402854793614,0.004441467409151301,0.33219372133431524,0.34346323357328107
173,9,718.5356,775.1614,674.4255,776.7006,646.3996,777.86755,0.3866430319548,667.7869971967299,773.7108662870658,3.2123966017227303,0.6969819626173148,3.2871379318449097,1.5801606163761335,0.11323192435168039,1.5842124359562977,0.21365486924500673
177,9,717.39594,775.8628,678.47626,777.7746,651.31604,776.6648,5.152063381652869,670.9320110792353,774.7810036507909,3.1450138825053955,1.0701373637251663,3.3220936618934016,-0.06738271921733485,0.3731554011078515,0.3791904326655457,0.32797580422719225
178,9,702.1627,783.6636,665.27203,774.66235,648.2416,754.3949,36.24806123100287,670.4634913315798,775.3442748291528,-0.46851974765547766,0.5632711783619015,0.7326562456680197,-3.613533630160873,-0.5068661853632648,3.648909237863875,2.264619329007409
179,9,674.1967,796.98895,658.26825,776.6605,649.3512,751.514,18.556001159032878,669.2971242875539,775.9364906102178,-1.1663670440259466,0.5922157810649651,1.3081022944449763,-0.6978472963704689,0.028944602703063538,0.6984473058701074,2.6717691136367656
180,9,675.02704,797.5339,659.30304,777.6912,648.5253,751.0555,16.364616607460352,667.4290304841697,776.4171109101691,-1.868093803384113,0.4806202999512834,1.9289298408618658,-0.7017267593581664,-0.11159548111368167,0.7105448586854373,2.889775491872538
181,9,678.94727,791.9959,656.349,777.0258,647.43976,748.75775,38.98446993541296,665.2316886246065,776.7828773541038,-2.1973418595632666,0.36576644393471724,2.2275763374792796,-0.32924805617915354,-0.11485385601656617,0.3487057366026908,2.976646428783622
182,9,678.8671,791.62195,656.38446,776.918,647.37476,748.7362,39.08582250218135,663.3327411078175,777.0648519943477,-1.8989475167890078,0.2819746402439023,1.9197685717970843,0.2983943427742588,-0.08379180369081496,0.3099358807325185,2.9941798441520486
183,9,682.49,793.1253,660.84406,777.79395,648.6754,748.084,32.41777761119925,663.0041269496877,777.294096883226,-0.328614158129767,0.2292448888782701,0.40067503540917787,1.5703333586592407,-0.05272975136563218,1.571218407477806,2.5324717684954363
185,9,725.2197,769.97784,687.80054,775.08154,660.9938,787.8043,17.622729632072115,668.3300636629687,777.6777522647895,5.325936713280953,0.38365538156358525,5.3397371963118765,5.65455087141072,0.15441049268531515,5.656658745021044,0.07191107483408721
210,9,720.53815,763.96545,696.0288,772.7009,693.3012,764.26404,91.70104755949612,675.013144763631,776.4396226174116,6.683081100662321,-1.2381296473779457,6.7968035150169035,1.3571443873813678,-1.621785028941531,2.1147169002728545,-0.18318633934369188
211,9,721.54175,763.72076,693.3794,773.1069,678.7426,760.0978,60.063019380398366,680.1654191348376,776.0515406817271,5.1522743712066585,-0.38808193568445404,5.166869340809535,-1.5308067294556622,0.8500477116934917,1.7509855382332782,-0.07518048769884858
212,9,726.7785,760.9753,697.7494,771.37714,683.2803,761.9028,52.9306159758962,685.4716799155254,775.0056270019687,5.306260780687808,-1.0459136797584279,5.408358244252261,0.15398640948114917,-0.6578317440739738,0.6756141042165286,-0.19461456194998278
213,9,709.97906,764.00684,699.7977,770.44543,707.97577,760.1411,160.74628767430443,690.5095957453502,773.7556137258866,5.037915829824783,-1.2500132760820861,5.190677132974137,-0.2683449508630247,-0.20409959632365826,0.33714337880664275,-0.24320951733934615
214,9,704.03,766.64856,701.58435,769.85364,713.9845,760.58704,164.1166166859036,694.9345833190986,772.8949980395832,4.4249875737483535,-0.8606156863033902,4.507901328482999,-0.6129282560764295,0.3893975897786959,0.7261621926418027,-0.19209188078572026
215,9,720.63104,762.3206,700.52563,771.6406,690.76526,763.75476,63.80678447314295,698.3324010331179,772.4758560428058,3.397817714019311,-0.41914199677739816,3.4235719988289954,-1.0271698597290424,0.4414736895259921,1.1180236756345872,-0.12273619109834014
216,9,724.3142,764.02026,697.1733,773.79065,666.37494,762.2562,40.329877608879634,700.4474572107083,772.414908563714,2.115056177590418,-0.060947479091851164,2.115934126945128,-1.2827615364288931,0.358194517685547,1.3318335000447301,-0.028808037648650947
217,9,729.6905,761.9716,696.8167,774.3898,660.3913,762.99023,38.07199045610387,701.7284181814223,772.628876430467,1.280960970713977,0.21396786675302337,1.2987083030824642,-0.8340952068764409,0.27491534584487454,0.8782330337189894,0.16550897179825072
218,9,709.6221,765.49304,697.1912,775.291,687.1717,760.21844,94.63104252964666,702.739285899159,773.0403573531418,1.0108677177366872,0.4114809226747411,1.091407390705888,-0.2700932529772899,0.19751305592171775,0.3346068925820117,0.38657527564542643
219,9,680.5286,768.4158,700.0227,775.23444,724.21173,757.3262,55.79315467388231,703.8011468089546,773.5954565694843,1.061860909795655,0.555099216342569,1.1982002051978586,0.05099319205896791,0.14361829366782786,0.15240249313059556,0.48168997803918207
220,9,694.8594,767.8261,699.6697,776.1688,705.9428,758.2533,130.73506507243704,705.1158713671325,773.9750708468703,1.3147245581778861,0.3796142773859401,1.368432557151169,0.2528636483822311,-0.17548493895662887,0.30779049445001444,0.2810952736220641
221,9,717.80005,759.85547,706.7534,770.9841,706.45404,763.0828,133.04189644664794,706.6513815840287,773.3780285087126,1.5355102168962276,-0.5970423381576211,1.647498461227026,0.22078565871834144,-0.9766566155435612,1.0013013790965712,-0.370834421500992
223,9,684.9042,772.00574,712.207,770.1626,743.21387,755.63007,21.24986183332788,709.6814355565019,772.5937452593014,3.0300539724731834,-0.7842832494112599,3.1299085116673306,1.4945437555769558,-0.18724091125363884,1.5062271396376992,-0.2532762782862099
277,9,793.7854,702.38416,774.99036,725.2288,770.65015,745.2029,27.185865542813072,725.9928745807373,761.8521801889857,16.31143902423537,-10.741565070315687,19.53059812707165,13.281385051762186,-9.957281820904427,16.599477406053655,-0.5823480589786298
279,9,791.26666,706.4817,772.9443,729.7624,761.0459,746.8921,3.419477489493964,751.1583308161117,745.717522652223,25.16545623537445,-16.13465753676269,29.893600675782764,8.85401721113908,-5.393092466447001,10.367211154731752,-0.5701236789284478
2,10,328.94156,358.279,324.105,391.18793,313.96463,424.30234,8.664967668541019,324.03179225479846,391.18850641734593,,,,,,,
3,10,330.5183,355.24503,323.5885,388.93976,315.26144,423.39508,1.9646331039825733,323.91416187485925,389.2109456756016,-0.11763037993921444,-1.9775607417443553,1.9810561308486765,,,,-1.6302088843634792
4,10,329.57593,356.3465,324.88168,390.27078,313.72046,423.8842,10.490343893847632,324.25233377433636,389.7103853689229,0.3381718994771177,0.4994396933213352,0.60315855366634,0.4558022794163321,2.4770004350656905,2.5185882698918345,0.975603623813327
5,10,329.48114,355.37927,324.60117,389.0632,314.75375,423.42303,7.748713069044176,324.6494918090806,389.0760963169435,0.39715803474422273,-0.6342890519794082,0.7483696319485643,0.058986135267105055,-1.1337287453007434,1.1352621864903927,-1.0113728000938842
6,10,330.01505,352.8204,324.8281,388.26886,314.20352,423.2855,8.553913046469951,324.9529779810417,388.38192714077394,0.3034861719611399,-0.6941691761695665,0.7576111810919645,-0.09367186278308282,-0.05988012419015831,0.11117574893060751,-1.1586432696291822
7,10,330.14792,352.37115,324.97116,387.7644,314.5766,422.56363,8.30964431424347,325.1691551666604,387.9592567058899,0.21617718561867605,-0.4226704348840258,0.47474506011865253,-0.08730898634246387,0.27149874128554075,0.28519191015136025,-1.0980262467518067
8,10,329.83295,352.42123,325.2284,386.9879,314.82272,421.4315,9.22240843279061,325.3326234840155,387.068444329007,0.16346831735512524,-0.8908123768829341,0.9056868010447865,-0.05270886826355081,-0.46814194199890835,0.47109988606678055,-1.3893106988072483
9,10,331.55527,349.7376,325.9144,384.79166,315.69904,419.44977,7.281062677230915,325.48641859057693,385.7375881461604,0.15379510656140383,-1.33085618284656,1.3397130716027033,-0.00967321079372141,-0.4400438059636258,0.440150113227309,-1.4557456316104267
10,10,332.5249,349.08865,325.57758,382.83887,316.33875,417.24637,3.398457142463412,325.67568502866243,384.18672099821566,0.1892664380854967,-1.550867147944757,1.5623734173237447,0.035471331524092875,-0.22001096509819718,0.2228520588272234,-1.449357729935408
11,10,333.06894,349.3559,326.1565,381.34256,316.92575,414.2017,3.496760111891968,325.9455673405896,382.6358757260379,0.2698823119271765,-1.550845272177753,1.5741529533457816,0.08061587384167979,2.1875767004075897e-05,0.08061587680976257,-1.398499057980988
12,10,333.4878,348.35944,326.42154,380.21893,317.2016,412.72766,3.32872573028632,326.3412100686763,381.3050851704926,0.39564272808667056,-1.3307905555453203,1.388357544372661,0.12576041615949407,0.2200547166324327,0.25345563829749257,-1.2818193339301898
13,10,334.09796,348.71323,326.6144,381.00092,318.15833,413.3113,1.6167684019420685,326.89283413084104,380.3598167128563,0.5516240621647626,-0.9452684576363026,1.0944503474170348,0.155981334078092,0.3855220979090177,0.4158815511139579,-1.04255024976757
14,10,334.37497,349.46323,329.20566,380.9483,319.46014,413.1941,7.492424091700148,327.57096594740597,379.747275896051,0.6781318165649282,-0.6125408168052786,0.9138211055179932,0.1265077544001656,0.332727640831024,0.35596614290737194,-0.7346226062151481
15,10,334.68356,349.33093,330.24808,381.03796,319.88303,413.35556,9.81890558634763,328.33120831429443,379.3601028034097,0.7602423668884626,-0.38717309264131927,0.8531538314264405,0.08211055032353443,0.22536772416395934,0.23985986235565995,-0.4710407385411484
16,10,334.4477,349.8782,330.0027,380.79315,319.60507,413.2493,9.581316044745837,329.1135244026509,379.0909375182658,0.782316088356481,-0.269165285143913,0.8273260619779782,0.022073721468018448,0.11800780749740625,0.12005453681470163,-0.3313751326494059
17,10,334.83746,347.00278,330.0856,379.90305,319.2816,413.13278,9.792416106914228,329.79531888450634,378.83242012395243,0.6817944818554338,-0.2585173943133441,0.729160447810412,-0.10052160650104724,0.01064789083056894,0.10108397970346784,-0.3624233096998924
18,10,336.3166,346.9144,330.0658,379.89127,319.19403,413.09677,7.3957375148057105,330.27550397219807,378.49487702291276,0.48018508769172286,-0.337543101039671,0.586952351985223,-0.20160939416371093,-0.07902570672632692,0.21654424522174215,-0.6126988972073777
19,10,335.9942,345.9281,330.2181,379.6973,317.83624,412.29596,11.091872423490514,330.6015805384024,378.05937989403014,0.32607656620433545,-0.4354971288826164,0.5440438183571361,-0.1541085214873874,-0.09795402784294538,0.18260456720927074,-0.9280985069984824
20,10,336.09174,344.3169,330.03207,377.87216,318.9365,411.58215,7.982270755748477,330.8507730479856,377.5246867352977,0.24919250958322436,-0.5346931587324661,0.5899098921256428,-0.07688405662111109,-0.09919602984984977,0.1255030298458587,-1.1346775742134503
21,10,335.23175,341.52487,330.99496,376.29614,319.01593,410.91257,12.141110152370093,331.0706116742346,376.8895555447089,0.2198386262489862,-0.6351311905887655,0.6721016670487764,-0.029353883334238162,-0.1004380318562994,0.10463961348345606,-1.2375723822519094
22,10,335.39243,340.67172,330.77933,375.9031,318.59335,410.22345,12.088518003703456,331.2948701589292,376.1661648880406,0.22425848469458742,-0.7233906566683004,0.7573545471656636,0.004419858445601221,-0.08825946607953483,0.08837006564059864,-1.2701813478522619
23,10,336.04398,340.1628,330.9383,375.45834,319.01834,410.30798,10.651684743049778,331.53199080940277,375.42037560220484,0.237120650473571,-0.7457892858357695,0.7825777033294755,0.01286216577898358,-0.022398629167469153,0.025828935268567617,-1.262957784196464
24,10,337.07513,339.20645,331.20343,374.9009,318.80786,409.9102,10.155844819296195,331.78408307437644,374.73146909189734,0.252092264973669,-0.688906510307504,0.7335820949311792,0.014971614500097985,0.05688277552826548,0.05882005944011433,-1.220000147368397
25,10,338.71887,338.14413,331.55264,374.03256,318.7171,409.28305,8.715417135741703,332.0532564025714,374.1307071496012,0.2691733281949382,-0.600761942296117,0.6583078245949556,0.017081063221269233,0.08814456801138704,0.08978433933979262,-1.1495625157934624
26,10,340.81995,338.72968,331.9604,373.28278,318.87497,408.14114,6.194446669796424,332.3416202427091,373.4572731189509,0.28836384013771976,-0.6734340306502986,0.7325756602132504,0.01919051194278154,-0.0726720883541816,0.07516321024533223,-1.1662191435056801
27,10,341.36456,338.48325,332.46982,372.27258,319.0077,405.87973,7.081720574078484,332.65128404351094,372.55816868718676,0.3096638008018431,-0.8991044317641581,0.9509366165759909,0.02129996066412332,-0.2256704011138595,0.22667337352054265,-1.2391068917257182
28,10,342.83734,336.60117,333.177,370.04614,319.62372,403.53995,5.919702403932234,332.98435725369814,371.5037473648232,0.3330732101871945,-1.0544213223635666,1.1057766901139376,0.02340940938535141,-0.15531689059940845,0.15707112068499288,-1.2648328955773331
29,10,343.29315,336.9093,333.71277,368.8913,320.0315,401.44272,6.120933038498912,333.34294932199197,370.42020061819363,0.35859206829383083,-1.0835467466295654,1.1413421150447236,0.025518858106636344,-0.029125424265998845,0.03872340968640383,-1.2511987315536852
30,10,342.8868,337.95422,333.845,368.66693,319.83533,399.7616,7.84947980231667,333.7291696971139,369.4337199136313,0.38622037512192264,-0.9864807045623252,1.0593915039460626,0.02762830682809181,0.09706604206724023,0.10092145391732342,-1.1976273598384246
31,10,342.5752,338.2932,334.204,369.30466,320.09494,399.9284,9.630351874795856,334.14512782778513,368.6704967174694,0.41595813067124254,-0.7632231961619027,0.8692127551014796,0.0297377555493199,0.22325750840042247,0.2252293257155378,-1.0717984866024224
32,10,343.26935,338.44537,335.11435,369.72586,320.6102,400.01245,10.97753844644089,334.58933163087096,368.2162630925185,0.4442038030858271,-0.45423362495091624,0.6353307836961483,0.028245672414584533,0.30898957121098647,0.31027789661415023,-0.7965613283796474
33,10,343.00876,336.85626,335.9378,369.28702,320.94617,400.73627,13.18696067795762,335.045882895812,367.99491348749734,0.4565512649410266,-0.2213496050211461,0.5073802372602513,0.012347461855199526,0.23288401992977015,0.2332111201313419,-0.4514378681741599
34,10,342.5655,337.8796,335.6508,369.55838,321.27396,400.55496,12.569660331386531,335.49528188019286,367.88988294760173,0.44939898438087766,-0.1050305398956084,0.4615093297792877,-0.007152280560148938,0.11631906512553769,0.11653874904464251,-0.22959229340377826
35,10,342.41687,338.0096,335.6875,369.55838,321.0343,400.5499,13.264610056651808,335.91802884159813,367.7846065180278,0.4227469614052666,-0.1052764295739621,0.4356582605681055,-0.02665202297561109,-0.0002458896783537057,0.026653157231863213,-0.24406496536236744
36,10,343.0292,337.2996,335.57672,369.89062,320.92728,399.92905,13.11786096823212,336.2946240376125,367.56251924397145,0.37659519601436386,-0.2220872740563209,0.43720326961136113,-0.04615176539090271,-0.11681084448235879,0.12559760681389887,-0.5328294487733144
37,10,344.2213,333.62003,336.43158,367.2117,320.58582,399.219,13.282652202463732,336.6130608996675,367.13218588622976,0.3184368620550231,-0.4303333577416879,0.5353399236939884,-0.05815833395934078,-0.208246083685367,0.21621476170515994,-0.9337407467961385
38,10,345.21274,330.84265,337.23615,364.96655,321.25497,396.6595,13.602652473887064,336.8913055545834,366.50269006800403,0.278244654915909,-0.6294958182257346,0.6882478282951283,-0.04019220713911409,-0.19916246048404673,0.20317750658173983,-1.1546051136364157
39,10,347.5498,332.79965,336.90204,364.93375,321.40115,395.5431,8.52525703457617,337.15481730302713,365.7082451280969,0.2635117484437046,-0.7944449399071232,0.8370072903576712,-0.014732906472204377,-0.16494912168138853,0.1656057706620764,-1.2505228854956134
40,10,348.2838,334.0587,336.4059,363.86752,323.8696,392.92776,1.609367922485393,337.42905544566594,364.78306440531065,0.27423814263880786,-0.9251807227862514,0.9649693926199284,0.01072639419510324,-0.13073578287912824,0.13117507559535577,-1.2826310654882316
41,10,348.55093,330.9773,338.0292,362.37634,322.78973,391.61514,9.0030040986984,337.7325650014469,363.7673318234673,0.3035095557809768,-1.0157325818433378,1.0601088285022904,0.029271413142168967,-0.0905518590570864,0.09516540761239865,-1.2804329856970418
42,10,349.0979,330.64764,338.11826,361.3477,323.02722,390.91974,7.356661088418476,338.05623386243826,362.725113646467,0.3236688609913472,-1.0422181770003363,1.091320420429005,0.02015930521037035,-0.026485595156998443,0.033284896535595306,-1.2696819496840535
43,10,348.40378,330.81076,338.4877,360.94064,323.97565,388.10483,9.895727435908116,338.38403563898794,361.7264467232293,0.327801776549677,-0.9986669232376926,1.05108973369459,0.004132915558329842,0.04355125376264368,0.043746916409165004,-1.2536373466945507
44,10,349.12177,330.31744,338.64148,360.5876,324.3584,388.65924,7.870257450834993,338.6999439414439,360.8413679026737,0.31590830245596635,-0.8850788205555773,0.9397672978757359,-0.011893474093710665,0.11358810268211528,0.1142090705545778,-1.2279640645938854
45,10,349.71613,328.51553,339.08154,359.6935,324.39526,388.3427,8.306642746834825,338.9879323801546,360.1399140337201,0.2879884387106699,-0.7014538689535925,0.7582709747187828,-0.027919863745296425,0.18362495160198478,0.185735407616284,-1.181220342275073
46,10,349.26276,330.04105,338.3538,360.3224,324.55554,388.55457,6.234952931666278,339.2368686097487,359.66812412311305,0.24893622959410777,-0.47178991060707176,0.5334369373741934,-0.03905220911656215,0.22966395834652076,0.23296053056317528,-1.0852803407208054
47,10,349.1949,330.8724,338.56262,360.93207,324.7186,388.46606,7.214199799035873,339.4551964619779,359.376045808897,0.21832785222920847,-0.2920783142160417,0.3646598314790154,-0.030608377364899297,0.17971159639103007,0.1822995629241183,-0.9288986493267266
48,10,349.53986,330.27927,339.45514,361.2913,324.53864,389.07144,10.219638606060432,339.65625381287475,359.18972888694134,0.2010573508968605,-0.1863169219556653,0.2741132133931102,-0.017270501332347976,0.1057613922603764,0.10716222426360811,-0.747364350632246
49,10,349.8914,328.772,340.11526,360.67255,324.56033,388.53116,12.13891788056636,339.8533785384717,359.0352231531156,0.19712472559695016,-0.1545057338257152,0.2504599353722979,-0.003932625299910342,0.031811188129950096,0.03205334977796506,-0.6647825725283218
50,10,351.0643,326.729,340.25632,359.47717,324.47043,388.22873,10.50412138770176,340.05990851480124,358.8385784032894,0.2065299763295343,-0.19664474982624824,0.28517326094307255,0.009405250732584136,-0.04213901600053305,0.04317586606932112,-0.760884607054943
51,10,350.30713,327.63867,340.03497,359.69238,324.28745,388.4465,10.938876916052644,340.28949816835615,358.53144597065733,0.22958965355491046,-0.30713243263204504,0.3834602198324378,0.023059677225376163,-0.1104876828057968,0.11286840463802479,-0.9288800942372396
52,10,350.89896,327.31155,339.9885,358.64005,324.6583,386.99896,9.193490129290556,340.5570681274697,358.0678833377162,0.2675699591135299,-0.46356263294114797,0.5352419991735939,0.03798030555861942,-0.15643020030910293,0.16097487747804676,-1.0473076595006987
53,10,352.91913,324.33536,341.06107,356.1803,325.08957,386.04126,7.716910789835242,340.87785557093525,357.4075495242877,0.3207874434655764,-0.6603338134285082,0.7341289594085063,0.05321748435204654,-0.1967711804873602,0.20384061938472814,-1.118576450562465
54,10,353.71097,321.77216,341.85785,354.39374,325.64645,384.87448,8.037878966129437,341.2670976775464,356.5234051331001,0.38924210661116376,-0.8841443911875899,0.9660334994334154,0.06845466314558735,-0.22381057775908175,0.23404532813801224,-1.1560823532671762
55,10,354.3015,321.94672,342.0329,353.9891,326.0874,384.05728,6.986316602360722,341.7400316260967,355.44161709850806,0.4729339485502919,-1.081788034592023,1.1806489196530194,0.08369184193912815,-0.19764364340443308,0.21463302212227903,-1.158656171132316
56,10,354.42575,321.73032,343.4071,352.74683,326.81146,382.5246,9.573988491409192,342.30159974365085,354.21376473748245,0.5615681175541454,-1.2278523610256116,1.350177829446727,0.08863416900385346,-0.14606432643358858,0.1708531631884572,-1.1418403480079267
57,10,356.15442,318.4707,344.2143,350.90344,327.61874,381.14127,8.548285968415213,342.91556495035917,352.9398705658342,0.6139652067083148,-1.2738941716482373,1.4141285781737574,0.05239708915416941,-0.04604181062262569,0.06975172598036342,-1.1216851198163877
58,10,356.084,318.35187,344.3984,350.0036,328.29297,379.87073,8.071391988683466,343.5353953146433,351.73206789908437,0.6198303642841552,-1.207802666749842,1.3575628760012033,0.005865157575840385,0.06609150489839521,0.06635124032845231,-1.0966537196083153
59,10,355.9803,319.74258,344.4882,350.06207,328.49136,379.37283,7.865841773090477,344.1145589049248,350.7024900527538,0.579163590281496,-1.0295778463305965,1.1812963243667958,-0.04066677400265917,0.1782248204192456,0.18280556096917755,-1.0583876451915402
60,10,355.96954,319.78925,344.53943,350.22626,328.69864,379.75485,7.628794411352232,344.61608403873333,349.93421582760607,0.5015251338085136,-0.7682742251477066,0.9174817408907692,-0.0776384564729824,0.26130362118288986,0.2725936763147641,-0.9924591649874248
61,10,356.7599,317.86212,345.14343,349.70605,328.852,380.69348,7.691231969958111,345.04124003003125,349.39410596537607,0.42515599129791326,-0.5401098622299969,0.6873691004217585,-0.07636914251060034,0.2281643629177097,0.24060594845815578,-0.9039302792400536
62,10,356.53992,318.60788,345.36,350.33188,328.95685,380.44586,9.16409539309741,345.40085644188883,349.01996669304083,0.3596164118575871,-0.3741392723352419,0.5189452367840657,-0.06553957944032618,0.165970589894755,0.17844235254901727,-0.8051880809761369
63,10,355.74008,320.07098,345.15793,351.00558,328.80853,380.53552,10.086466382714203,345.7057628373764,348.7496042375777,0.3049063954875919,-0.27036245546310056,0.4075092236174205,-0.054710016369995174,0.10377681687214135,0.11731501869462026,-0.7254218409990959
64,10,355.7956,319.31754,345.37128,350.6671,329.00806,380.34283,10.479440438461408,345.9667887795645,348.52082482596427,0.26102594218809827,-0.22877941161345916,0.347094456414079,-0.04388045329949364,0.0415830438496414,0.06045364933211428,-0.7196576352477321
65,10,357.03857,317.4348,345.66806,349.55267,328.94415,380.0185,9.268936934167808,346.1984946431634,348.27454580627403,0.23170586359884737,-0.2462790196902347,0.3381434056220388,-0.029320078589250897,-0.01749960807677553,0.034145326053804145,-0.8158774600470854
66,10,357.6239,314.60486,346.26346,348.3393,328.89636,379.21912,10.742317187445328,346.43036404944263,347.9641290109663,0.23186940627925878,-0.3104167953077308,0.3874558147420395,0.0001635426804114104,-0.06413777561749612,0.06413798412304986,-0.9292426726776607
67,10,358.05038,314.79382,346.3951,347.85736,328.4317,378.31107,11.116520053213954,346.69561143131193,347.5460473935965,0.2652473818693011,-0.41808161736980765,0.4951246432678069,0.0333779755900423,-0.10766482206207684,0.11272002113266359,-1.0054380236851062
68,10,358.72772,314.09732,346.8116,346.76935,329.9116,377.20016,9.008174821171608,347.02745122168085,346.97677390772014,0.3318397903689174,-0.5692734858763515,0.6589309130659295,0.06659240849961634,-0.15119186850654387,0.16520753606382435,-1.0430317829915832
69,10,358.76453,312.6084,347.4742,345.4382,330.26297,376.01678,10.39475868333589,347.459097853459,346.2127815068929,0.43164663177816465,-0.7639924008272487,0.8774982639568114,0.09980684140924723,-0.19471891495089722,0.21880781848861197,-1.0565187893299954
70,10,359.7657,311.3143,348.7034,344.30804,330.6992,373.94617,12.741823770831044,348.00913466193356,345.2354926806736,0.5500368084745446,-0.9772888262193078,1.1214427941406442,0.11839017669637997,-0.21329642539205906,0.24394999287401156,-1.058164504263608
71,10,362.24118,311.8363,349.49402,342.7772,332.16528,372.39508,7.939983129575144,348.63762059190105,344.12612806263377,0.6284859299674963,-1.1093646180398196,1.2750233017187347,0.07844912149295169,-0.13207579182051177,0.15361731493562522,-1.0553524162694758
72,10,363.5757,310.16223,350.5707,341.00516,332.7912,371.74255,7.183595502566972,349.2899834905352,342.99085782234795,0.6523628986341237,-1.13527024028582,1.3093570445042633,0.023876968666627363,-0.025905622246000348,0.03523082310505352,-1.0492384607450422
73,10,363.84045,308.42172,350.654,340.23618,333.5533,371.17352,6.418662617864399,349.91165120501023,341.93585212939104,0.621667714475052,-1.055005692956911,1.22454389851574,-0.030695184159071687,0.08026454732890898,0.0859336481738905,-1.0383147908273846
74,10,363.30334,309.52133,350.52786,340.67215,334.22626,371.3648,5.67440265284228,350.44805158250006,341.06728115333783,0.5364003774898265,-0.8685709760532063,1.0208530283117387,-0.08526733698522548,0.1864347169037046,0.2050083472044894,-1.0175602834827626
75,10,362.97583,310.8314,350.57758,341.62857,334.29214,371.98703,6.282224738182219,350.8583045805343,340.46259685758815,0.4102529980342524,-0.6046842957496779,0.7307192483590235,-0.12614737945557408,0.26388668030352846,0.29248819016350935,-0.974674742596076
76,10,362.31732,310.96753,350.17108,341.60626,335.14337,370.86258,5.562535483202937,351.1562985980665,340.0843783808423,0.2979940175321758,-0.3782184767458716,0.4815076849199129,-0.11225898050207661,0.22646581900380625,0.25276242972489077,-0.9034841518322702
77,10,362.97293,310.49854,350.59207,341.7112,334.26282,371.98993,6.701624712665494,351.3696141444056,339.8664866556258,0.21331554633911765,-0.21789172521647515,0.3049267555131366,-0.08467847119305816,0.16032675152939646,0.1813149490239633,-0.7960102457852519
78,10,362.72775,309.38193,350.93683,341.27896,334.24414,371.86496,8.336963437085592,351.5258317288607,339.742782614464,0.15621758445507794,-0.12370404116182954,0.19926520893710228,-0.057097961884039705,0.09418768405464562,0.1101430754922387,-0.6697640167275934
79,10,362.85272,310.09924,350.81708,341.23816,334.82532,371.10376,7.034862722219127,351.65229921240103,339.6484239227342,0.12646748354035253,-0.09435869172978073,0.15778969262276013,-0.029750100914725408,0.029345349432048806,0.041787773782835005,-0.6410070476044025
80,10,363.22586,309.4849,351.03128,340.9673,334.1717,371.3772,7.83080326142893,351.77543386263784,339.5237551772222,0.12313465023680692,-0.1246687455119968,0.17522681928425168,-0.0033328333035456126,-0.030310053782216073,0.030492739104745144,-0.7915888601495127
81,10,363.7845,308.6433,351.4239,339.97546,333.8784,370.6053,8.27580842306961,351.9214202988425,339.3104177075654,0.1459864362046801,-0.21333746965677847,0.25850515568417587,0.022851785967873184,-0.08866872414478166,0.09156607867209818,-0.9706864312742348
82,10,363.54892,306.05536,351.70245,339.32034,334.23294,370.1878,9.905757702486891,352.11644314028626,338.95005284340124,0.1950228414437447,-0.36036486416418256,0.4097520518665669,0.04903640523906461,-0.1470273945074041,0.15498910856703965,-1.07474866451603
83,10,364.62415,304.05655,352.50525,337.7744,334.56772,369.24896,9.90960824152926,352.3866870062409,338.38430191436754,0.270243865954626,-0.5657509290336975,0.6269815474067747,0.0752210245108813,-0.20538606486951494,0.21872731464325895,-1.1251694343356482
84,10,365.3607,304.02948,352.8389,336.52612,335.1143,368.2997,8.081552583603271,352.7484216549901,337.5798307132934,0.3617346487492341,-0.8044712010741364,0.8820577472384648,0.0914907827946081,-0.23872027204043889,0.25565197362709974,-1.1482291840295618
85,10,366.91663,304.09674,353.21707,335.60745,335.90497,367.05234,5.337774228527285,353.17825740086806,336.60340288577396,0.4298357458779378,-0.9764278275194442,1.0668505381677345,0.06810109712870371,-0.17195662644530785,0.1849509145924515,-1.1561114240018675
86,10,367.7846,301.56702,354.07867,333.70773,336.96017,364.8427,5.707533202835274,353.64288969722134,335.5468065405961,0.4646322963532725,-1.0565963451778657,1.154243911596565,0.0347965504753347,-0.08016851765842148,0.08739445719570064,-1.1565036378719264
87,10,368.8486,300.30865,354.8502,332.68393,336.97644,363.892,6.418326575829175,354.1090139973964,334.5018297865465,0.4661243001750677,-1.0449767540495714,1.1442238765720958,0.0014920038217951515,0.01161959112829436,0.011714989261326208,-1.1512221625006582
88,10,368.608,301.44092,354.86636,332.55988,337.9823,362.50287,5.592017096586113,354.5433257547399,333.5602607324121,0.4343117573434938,-0.9415690541344475,1.0369083789180373,-0.031812542831573865,0.10340769991512389,0.10819052769603739,-1.1386149703640183
89,10,368.39084,301.8002,354.99493,332.39474,338.47208,361.70743,5.762623677936681,354.9208918236777,332.79287790321547,0.3775660689378242,-0.767382829196606,0.8552382960081647,-0.056745688405669625,0.17418622493784142,0.18319638127083634,-1.113554784045783
90,10,368.83606,301.08997,355.0283,332.61948,339.2717,361.79623,4.72069855229912,355.25026466295157,332.186421488922,0.3293728392738444,-0.6064564142934614,0.690127415546576,-0.048193229663979764,0.16092641490314463,0.16798779241071105,-1.0732579514644986
91,10,369.61493,300.157,355.4776,332.08734,339.4501,361.7566,4.496492189921368,355.54836813238256,331.7066220957325,0.2981034694309983,-0.47979939318952347,0.5648655912620568,-0.03126936984284612,0.12665702110393795,0.1304598577543762,-1.0148559361620626
92,10,369.61127,300.32004,355.94296,332.24875,339.09686,361.97806,6.362884129010904,355.83212609179157,331.31921032984803,0.2837579594090016,-0.38741176588445114,0.4802150100461973,-0.014345510021996688,0.09238762730507233,0.09349474496918078,-0.9386251604082726
93,10,368.89273,300.51862,356.07333,332.54468,339.28665,362.2074,7.691053346866291,356.11846240099953,330.9899167974698,0.28633630920796804,-0.32929353237824444,0.4363745093803979,0.0025783497989664284,0.05811823350620671,0.058175398181428875,-0.8550629274204886
94,10,368.98322,300.42075,356.18427,332.4038,339.3938,361.69638,8.01104178682588,356.4243009198274,330.6772445170389,0.30583851882784074,-0.31267228043088835,0.43737987442114845,0.0195022096198727,0.016621251947356086,0.02562425016180852,-0.7964464483352629
95,10,370.89273,298.8637,356.77142,330.91983,339.109,360.7617,6.845529715684222,356.76656550809633,330.3107861559576,0.3422645882689608,-0.3664583610812997,0.5014347203667826,0.036426069441120035,-0.05378608065041135,0.06495999543304981,-0.8195220497147296
96,10,372.4222,297.23938,357.1382,329.05286,339.6158,358.59274,5.014696990942606,357.16218002562715,329.8129067938681,0.39561451753081656,-0.4978793620895203,0.6359203611112074,0.05334992926185578,-0.13142100100822063,0.14183685860257814,-0.8993572733266109
97,10,373.16763,297.58942,357.86475,328.29776,340.0075,357.5695,4.896930253814301,357.6280683322409,329.1059715104129,0.46588830661374914,-0.7069352834551523,0.8466459763285026,0.07027378908293258,-0.209055921365632,0.22055109088396233,-0.9881025052441791
98,10,373.97498,296.6973,358.49835,327.00726,341.074,355.73737,4.186755096468747,358.1764116193005,328.1451244338525,0.5483432870595948,-0.9608470765604125,1.1063035139589914,0.08245498044584565,-0.25391179310526013,0.2669644592043166,-1.0522091459629996
99,10,375.51025,294.79022,359.78772,325.56467,341.54874,354.67776,5.004293802039731,358.800420404336,327.01662588692096,0.624008785035528,-1.128498546931553,1.2895332233905965,0.07566549797593325,-0.16765147037114048,0.18393554061559542,-1.0656873206225341
100,10,376.51395,292.78824,361.09177,323.6693,342.0913,353.25287,6.173332141842682,359.48856253641975,325.8395152409704,0.6881421320837262,-1.1771106459505631,1.3634988326943622,0.06413334704819817,-0.0486120990190102,0.08047497980514616,-1.0417752648881518
101,10,376.0765,293.4007,361.35843,323.60257,342.88055,351.6247,7.419947273990604,360.2293058646239,324.732831867353,0.7407433282041325,-1.1066833736173862,1.3317089650971394,0.05260119612040626,0.07042727233317692,0.08790271054745075,-0.9809478085491995
102,10,375.96185,293.50656,361.37582,323.8473,342.59412,350.81448,9.180356457191175,361.0111182380207,323.8156151374213,0.7818123733968037,-0.917216729931738,1.2052041805698377,0.04106904519267118,0.18946664368564825,0.19386664370783865,-0.8649252171294695
103,10,376.4463,292.65076,362.83533,323.50824,343.24738,351.31903,11.356277466035603,361.8190160962445,323.17265743588996,0.8078978582238392,-0.6429577015313157,1.032518065353386,0.026085484827035543,0.27425902840042227,0.27549676436903053,-0.6721994090935988
104,10,377.24985,291.36008,363.89392,323.76135,344.08554,351.3794,13.247408174143995,362.6242102411787,322.7517632009254,0.8051941449341484,-0.4208942349645781,0.9085645646087305,-0.002703713289690768,0.2220634665667376,0.22207992536289595,-0.4816610396166589
105,10,377.84213,290.5218,364.53384,323.5663,344.45682,350.97568,14.285810496959355,363.39446006526896,322.46648988405633,0.7702498240902855,-0.285273316869052,0.8213803362806943,-0.0349443208438629,0.13562091809552612,0.14005048726909963,-0.35470063348848724
106,10,377.38943,291.47403,364.36844,323.76715,344.39926,350.2347,15.073822601938744,364.0975249609609,322.23039493681154,0.7030648956919663,-0.23609494724479418,0.7416475387061414,-0.06718492839831924,0.04917836962425781,0.08326059477800653,-0.32397626560370135
107,10,376.5352,292.08807,364.1139,323.60602,344.33023,349.53458,15.834369309511397,364.7011643207003,321.9570358107201,0.6036393597393612,-0.2733591260914636,0.6626505024853107,-0.09942553595260506,-0.03726417884666944,0.10617935875008536,-0.42522289152067966
108,10,377.81238,291.01428,364.3811,322.59576,344.34207,349.62677,13.511291754440178,365.18457534491694,321.57587051558846,0.4834110242166503,-0.3811652951316091,0.6156079925950909,-0.12022833552271095,-0.1078061690401455,0.16148381573914455,-0.6676838236287801
109,10,380.17044,288.58337,364.62332,321.15277,343.41092,349.3374,11.44831558412947,365.5727064659779,321.0799592943344,0.38813112106095105,-0.49591122125406173,0.629740983660525,-0.09527990315569923,-0.1147459261224526,0.1491472008019553,-0.906716791240555
110,10,381.04654,287.4524,365.39035,320.06952,343.50455,348.5822,11.86818611121011,365.9019439242339,320.478262948153,0.3292374582559887,-0.6016963461814271,0.6858832239725241,-0.05889366280496233,-0.10578512492736536,0.12107417633204406,-1.0701191600971023
111,10,381.43692,287.83997,365.46936,319.32202,343.93167,347.5894,10.41083486502152,366.2086739600364,319.7797422782394,0.30673003580250224,-0.6985206699135915,0.7628987096331576,-0.02250742245348647,-0.09682432373216443,0.09940590390761853,-1.1570321904222869
112,10,381.9258,287.02283,366.13202,318.1896,344.0563,346.41385,11.157256409530907,366.52928281373636,318.9933580857892,0.32060885369998005,-0.7863841924501571,0.8492291417552161,0.013878817897477802,-0.0878635225365656,0.08895290989487033,-1.1836696734402743
113,10,381.5815,286.05124,366.70245,317.29208,345.14767,345.13528,12.278156979073492,366.8924821001939,318.13841581900925,0.3631992864575295,-0.8549422667799718,0.9288918135122813,0.04259043275754948,-0.06855807432981464,0.0807103123416564,-1.1690754629953042
114,10,381.6653,285.29718,366.97333,316.13074,345.61435,343.5593,12.43085958676607,367.29628493230496,317.27559951415316,0.4038028321110687,-0.8628163048560964,0.952632512119153,0.040603545653539186,-0.007874038076124634,0.04135998543596578,-1.1330702710646083
115,10,381.60907,285.06378,367.18103,315.90936,346.7326,342.28778,12.71476067307605,367.73102979747443,316.4759378544863,0.43474486516947763,-0.7996616596668673,0.910198806707851,0.030942033058408924,0.06315464518922909,0.07032722530261724,-1.072832926503217
116,10,370.78934,305.3579,368.0235,316.831,355.82443,322.22217,52.603970583760486,368.1870551831071,315.8104595232742,0.4560253856326426,-0.665478331212114,0.8067345050599116,0.021280520463164976,0.13418332845475334,0.13586031865993617,-0.9700319350460426
117,10,376.9925,293.82877,368.78125,315.65573,353.50378,329.59152,27.013423734883457,368.6539220067667,315.2836922215105,0.46686682365964316,-0.526767301763698,0.7038809709329066,0.01084143802700055,0.13871102944841596,0.139134059342537,-0.8456095341197593
118,10,385.0133,282.09082,369.3015,313.56137,348.6672,340.5259,10.89379325148191,369.1180809066532,314.6341597211027,0.4641588998864563,-0.6495325004077586,0.79833323457674,-0.002707923773186849,-0.12276519864406055,0.12279506036187708,-0.950335731602031
119,10,385.588,282.40823,369.5239,313.80298,349.09534,341.0202,9.792978315614803,369.5652049511255,313.7713010073166,0.4471240444723321,-0.8628587137861246,0.9718256382201188,-0.017034855414124195,-0.213326213378366,0.2140052794052807,-1.0927034891624257
120,10,385.61606,283.0214,369.72275,314.23892,349.62836,340.94,9.982627010604077,369.9809672085422,313.31517917516993,0.41576225741670214,-0.456121832146664,0.6171753239178165,-0.031361787055629975,0.40673688163946053,0.40794417825618645,-0.831655211915761
121,10,385.38788,283.28296,370.26804,314.45856,349.34573,341.0753,12.29651507764603,370.35104074726246,313.16711082424234,0.3700735387202485,-0.14806835092758774,0.3985958612521492,-0.045688718696453634,0.3080534812190763,0.3114231948768676,-0.38059707210340243
122,10,383.05768,287.483,369.93515,315.13202,352.58063,336.21072,14.075773923081853,370.67113679252407,313.03839383716706,0.3200960452616073,-0.12871698707527912,0.3450065810297805,-0.04997749345864122,0.019351363852308623,0.05359314448092184,-0.38233253306768555
123,10,386.87662,282.85953,370.72488,313.5793,349.92526,340.33023,10.131780860793771,370.9771191970807,312.83641391986066,0.30598240455663017,-0.20197991730640297,0.36663485771726434,-0.014113640704977115,-0.07326293023112385,0.07460999798954365,-0.5834447827228363
124,10,387.89682,281.91806,371.3156,313.0653,349.73938,339.27274,11.435627897214458,371.3148899705652,312.51757873406063,0.33777077348452167,-0.318835185800026,0.46448355312590905,0.0317883689278915,-0.11685526849362304,0.12110183389946029,-0.7565675676871881
125,10,389.19806,281.31824,371.5402,312.1264,349.87173,338.47357,9.615192800900507,371.7303511226104,312.0382959415045,0.4154611520451681,-0.47928279255614825,0.6342869729855076,0.07769037856064642,-0.16044760675612224,0.17826729771515523,-0.8566070615348758
126,10,390.00574,281.1702,372.29047,310.9991,350.28375,337.31912,9.193810751712546,372.26940466284907,311.35497320392983,0.5390535402386831,-0.683322737574656,0.8703497474753352,0.12359238819351503,-0.20403994501850775,0.2385526725537406,-0.9028782508291325
127,10,391.94876,279.6379,373.83057,309.21198,351.5575,335.52737,8.750955111906844,372.95917920051227,310.44752637718136,0.6897745376631974,-0.907446826748469,1.139845891418811,0.15072099742451428,-0.224124089173813,0.2700896636538165,-0.9208455873059789
128,10,394.29037,277.2468,375.74304,306.9278,352.93683,334.3841,7.713476590149354,373.75170974322356,309.389904093533,0.7925305427112903,-1.0576222836483566,1.3216162665463138,0.1027560050480929,-0.15017545689988765,0.18196555835798628,-0.927710570059286
129,10,393.79703,277.1587,375.7526,306.2299,354.62448,333.0412,6.411357391505305,374.58025789820437,308.27956317936594,0.8285481549808082,-1.1103409141670681,1.3854057134267428,0.03601761226951794,-0.05271863051871151,0.06384764989696762,-0.9297248512813423
130,10,392.96378,278.21613,375.8314,306.22913,355.77298,331.9793,6.4678716731341845,375.3780852726766,307.2139604610612,0.7978273744722628,-1.0656027183047172,1.3311790535896013,-0.03072078050854543,0.04473819586235095,0.05427036506300931,-0.9281213514410984
131,10,393.1603,277.83963,376.4606,306.01917,355.9182,331.5562,8.161952073732566,376.07845347386206,306.2905527650002,0.7003682011854266,-0.9234076960610196,1.1589639297132721,-0.09745917328683618,0.14219502224369762,0.17238826760728013,-0.9219024931337091
132,10,393.90662,277.25534,376.64642,305.5491,356.58484,331.46222,6.361836327714427,376.6326741566686,305.58380025902727,0.5542206828065446,-0.7067525059729292,0.8981423439241509,-0.14614751837888207,0.21665519008809042,0.2613399481908808,-0.9057768760064214
133,10,393.36392,277.49066,376.48813,305.7669,356.104,331.95425,7.067468073865452,377.06425916674937,305.07617647684043,0.43158501008076655,-0.5076237821868403,0.6662938729780488,-0.12263567272577802,0.1991287237860888,0.233862688049164,-0.8661824241400082
134,10,393.47357,278.11478,376.39685,306.2995,356.7475,332.02136,6.165769241621035,377.414770397444,304.727158293601,0.35051123069462164,-0.3490181832394228,0.49464311889968265,-0.0810737793861449,0.15860559894741755,0.17812549991908053,-0.7832638068453486
135,10,393.92883,277.69174,377.1366,305.9845,356.2979,332.26694,7.720165517557332,377.7257697420918,304.49622258447016,0.31099934464782564,-0.23093570913084704,0.38736532385223155,-0.03951188604679601,0.11808247410857575,0.12451770890350278,-0.6387225537325236
136,10,395.45148,276.36502,377.49796,305.70407,355.8124,332.48138,7.538326938900268,378.0325299666831,304.3416777984638,0.3067602245913008,-0.15454478600634047,0.3434907950339439,-0.0042391200565248255,0.07639092312450657,0.07650845230866916,-0.46668034655130086
137,10,395.13855,275.85934,377.9798,305.49808,355.72314,332.12744,9.820807855999073,378.34516732781225,304.21715868001615,0.3126373611291342,-0.12451911844766528,0.3365221098721039,0.005877136537833394,0.030025667558675195,0.03059544812923021,-0.3790280132197737
138,10,394.7665,275.6881,378.03934,305.35245,356.09082,331.50443,10.587826692859547,378.66750895472404,304.075131547416,0.32234162691179336,-0.14202713260016253,0.35224399332673645,0.00970426578265915,-0.017508014152497253,0.020017575626047557,-0.41501830799284256
139,10,395.88782,275.0127,378.43372,304.8215,356.31268,331.56842,9.24197060623322,379.00338197666343,303.86806271895193,0.33587302193939195,-0.2070688284640596,0.3945734235705408,0.013531395027598592,-0.06504169586389708,0.06643433488975867,-0.5524703029722753
140,10,398.03323,273.882,379.17017,303.66467,356.44623,330.8425,7.551331682837618,379.3566135228757,303.5484185129129,0.35323154621227104,-0.31964420603901544,0.4763873882606721,0.017358524272879094,-0.11257537757495584,0.1139058119723309,-0.7355234486640049
141,10,399.126,273.7017,379.45212,302.98718,356.68274,330.46118,5.757587646426335,379.7318155833934,303.0807308095464,0.3752020605177222,-0.4676877033664937,0.599590171781501,0.02197051430545116,-0.14804349732747824,0.14966489434666064,-0.8946854580824356
142,10,399.9975,272.70477,380.18036,302.10345,357.05518,329.7027,5.976156733876415,380.1367395913993,302.47779373693515,0.404924008005878,-0.6029370726112688,0.7262895881042154,0.02972194748815582,-0.13524936924477515,0.13847666245110843,-0.9793958605408467
143,10,400.25705,272.36722,380.46405,301.6735,357.60114,329.3719,5.50256575794887,380.57992184086356,301.7644669851205,0.44318224946425744,-0.713326751814634,0.8397889979599732,0.038258241458379416,-0.11038967920336518,0.11683139267384232,-1.0148698603513786
144,10,401.90378,270.07678,381.51273,299.63058,358.73007,328.13898,4.026085013486619,381.0698986257566,300.9656102441438,0.489976784893031,-0.7988567409767029,0.9371495837581268,0.04679453542877354,-0.08552998916206889,0.0974941413217141,-1.020620252333352
145,10,402.31314,269.82492,382.08707,298.31335,361.24924,326.60162,1.0024915755865114,381.6152062400487,300.1060832040466,0.545307614292085,-0.8595270400971913,1.017913123435966,0.05533082939905398,-0.06067029912048838,0.08211203247610395,-1.0054463723666607
146,10,401.66388,270.2087,382.67416,298.0575,363.02332,325.02844,1.787503055957438,382.2179726594084,299.2155720533812,0.6027664193597388,-0.890511150665418,1.0753313283668469,0.057458805067653884,-0.030984110568226697,0.06528039052814211,-0.9757583762433794
147,10,402.5432,268.57404,383.61542,296.92352,363.46094,324.12662,2.804841171810393,382.8546925862964,298.34306897474204,0.6367199268879631,-0.8725030786391699,1.0801267923401596,0.033953507528224236,0.0180080720262481,0.0384334662965978,-0.940373597755996
148,10,403.1448,268.56458,384.1003,296.62234,363.9805,323.8217,2.323973977619225,383.49545240487123,297.54239264923444,0.6407598185748498,-0.8006763255075953,1.0255026686110666,0.004039891686886676,0.0718267531315746,0.07194027516117754,-0.8958888112051064
149,10,403.17267,269.1608,384.47552,296.98297,364.45886,324.10565,2.5255347565595576,384.11033849929163,296.86736175796386,0.6148860944203989,-0.6750308912705805,0.9131000017966958,-0.025873724154450883,0.1256454342370148,0.12828181767588354,-0.831991291516567
150,10,402.9705,269.9079,384.5996,297.5808,364.62027,324.49634,3.007781720779984,384.66943725371664,296.3717949820357,0.5590987544250083,-0.4955667759281823,0.7471130079201198,-0.05578733999539054,0.17946411534239815,0.18793508453556745,-0.7252318863671777
151,10,402.75702,269.4403,384.8459,297.88495,364.90356,324.33878,4.812958532318977,385.151014142957,296.08779476655013,0.48157688924038666,-0.2840002154855483,0.5590817674064193,-0.07752186518462167,0.211566560442634,0.22532210073410322,-0.5328336145020742
152,10,403.2609,268.55634,385.3524,297.66852,364.92557,323.81677,6.398683496356049,385.56605100443284,295.9605986125876,0.4150368614758122,-0.12719615396252948,0.43409037995163174,-0.06654002776457446,0.15680406152301885,0.17033816074216906,-0.29738152866327267
153,10,404.40033,267.75388,385.7035,297.44492,364.95117,323.8282,5.988346433280167,385.93370876621657,295.9137277852232,0.36765776178373244,-0.04687082736438697,0.37063338254621087,-0.04737909969207976,0.08032532659814251,0.09325737065095871,-0.12680095085040144
154,10,404.05365,269.0433,385.6665,297.1603,365.34674,323.25647,4.723436523445768,386.2731483563804,295.87070354953227,0.3394395901638063,-0.04302423569095026,0.3421554036214586,-0.028218171619926125,0.0038465916734367056,0.028479141087360004,-0.12607847472361625
155,10,404.953,268.11316,385.96735,296.26718,365.44745,322.8134,3.709823744640013,386.60416711992445,295.7649582207377,0.3310187635440798,-0.1057453287945691,0.3474989156531613,-0.00842082661972654,-0.06272109310361884,0.06328385134512847,-0.3092077494614236
156,10,405.4979,265.9716,386.7436,295.76126,365.27493,322.78848,6.268571547029683,386.9491080695603,295.5695683146536,0.3449409496358271,-0.19538990608407403,0.39643596473479736,0.013922186091747335,-0.08964457728950492,0.09071922344788487,-0.5153808300388901
157,10,405.7248,265.96524,387.23456,295.6007,364.74533,322.34656,8.097836530553284,387.330950634927,295.2675213972416,0.38184256536669636,-0.30204691741204215,0.4868635178814868,0.03690161573086925,-0.10665701132796812,0.11286029996842582,-0.6692442144702896
158,10,406.2811,265.64853,387.48993,294.8803,364.94504,321.86713,7.141250065226159,387.7726742456636,294.8418050344632,0.4417236107366307,-0.4257163627783598,0.6134771143404149,0.05988104536993433,-0.12366944536631763,0.13740404401548287,-0.7669468217033358
159,10,407.43008,263.5282,388.808,293.8472,365.37155,320.9171,9.32672657751829,388.29725833140975,294.2754067922805,0.5245840857461417,-0.5663982421827427,0.7720074039579,0.08286047500951099,-0.14068187940438293,0.16327047960838217,-0.8237064832411786
160,10,408.7,263.08713,389.66003,292.4457,366.9083,319.5808,7.01386245756502,388.91803695175145,293.5631530709205,0.6207786203416958,-0.7122537213599571,0.9448129227865413,0.09619453459555416,-0.14585547917721442,0.17472037457626427,-0.8539125710932177
161,10,409.5135,262.947,390.13934,291.96414,367.8611,318.86075,5.904517246231691,389.6097626860634,292.7472256076726,0.6917257343119445,-0.815927463247931,1.0696831852429964,0.07094711397024867,-0.10367374188797385,0.12562538651785982,-0.8675933913743265
162,10,410.94742,261.6679,391.03528,290.7882,369.05322,318.13913,4.425184928407449,390.3375427436672,291.8816449740917,0.7277800576038089,-0.865580633580862,1.1308817999579133,0.03605432329186442,-0.04965317033293104,0.0613624604472909,-0.8716677378373472
163,10,412.14783,260.24796,392.25052,289.2298,370.16833,316.99985,4.019659320735194,391.0664843338845,291.0204317417327,0.7289415902172891,-0.8612132323590345,1.128292547852199,0.0011615326134801762,0.004367401221827549,0.004519220225282107,-0.8683887188344009
164,10,412.16248,261.68518,391.9795,289.05026,371.4363,316.64896,0.2510099675688194,391.7616946660369,290.2176064821506,0.695210332152385,-0.8028252595821073,1.0620008490366226,-0.03373125806490407,0.0583879727769272,0.06743109917271368,-0.8571123333898126
165,10,412.18207,261.13852,392.44763,288.94965,371.05112,316.17746,2.802257768657875,392.3964284596296,289.51856007447594,0.6347337935927158,-0.6990464076746434,0.9442207733424551,-0.06047653855966928,0.10377885190746383,0.12011436974563233,-0.8335791463391019
166,10,413.26996,260.33786,393.06213,288.80682,371.16818,316.62097,2.8402110249107566,392.9765304749007,288.93416462814196,0.5801020152711089,-0.5843954463339855,0.8234296483716749,-0.054631778321606816,0.11465096134065789,0.127001866674936,-0.7890850856538856
167,10,413.4618,259.9666,393.47073,288.86392,371.3469,316.22266,4.285645797314218,393.51599298227177,288.46666256015766,0.5394625073710699,-0.4675020679842987,0.713847308903436,-0.04063950790003901,0.11689337834968683,0.12375633924918904,-0.7140567117201738
168,10,413.03693,260.3433,394.07608,289.51276,371.23654,316.10535,7.633397785001748,394.0288082521645,288.11829628753196,0.5128152698927124,-0.34836627262569664,0.619950450389591,-0.02664723747835751,0.11913579535860208,0.12207953555348534,-0.5967123272092224
169,10,412.5235,260.66525,394.1551,289.91455,371.6285,315.64532,9.072594744214186,394.52896855500006,287.8913082272739,0.5001603028355817,-0.22698806025806562,0.5492575971548322,-0.012654967057130762,0.12137821236763102,0.1220361365693736,-0.4260349021213686
170,10,413.68228,259.9982,394.64197,289.26587,371.96814,315.13422,8.188561674844728,395.03046616120014,287.75863589505184,0.5014976062000756,-0.13267233222205732,0.5187502257943084,0.0013373033644938914,0.0943157280360083,0.09432520837639834,-0.25862733676519384
171,10,415.90808,257.79282,395.845,287.4108,372.0733,314.71405,6.931067905746122,395.5472933411865,287.57599720117196,0.5168271799863646,-0.18263869387988052,0.5481489090336739,0.015329573786289075,-0.0499663616578232,0.05226502778904518,-0.3396867408988547
172,10,416.2612,258.17053,396.03525,286.96918,372.8043,313.57706,6.042442723922353,396.0934423653805,287.19777170977926,0.5461490241939941,-0.3782254913926977,0.6643291947275083,0.02932184420762951,-0.19558679751281716,0.19777251049894734,-0.6056960512080328
173,10,417.3191,257.7919,396.64874,285.81744,373.47507,313.15717,3.87444177972133,396.68290550420375,286.590205205737,0.5894631388232483,-0.6075665040422678,0.8465245707393845,0.04331411462925416,-0.22934101264957008,0.23339539971740322,-0.8005205835487581
174,10,418.93213,257.9324,397.6833,285.00555,374.15,311.98868,2.966099326866366,397.3229975526448,285.7629080062517,0.6400920484410335,-0.8272971994853151,1.0460107488710064,0.05062890961778521,-0.21973069544304735,0.2254880595707256,-0.9122897239378551
175,10,419.8073,257.57077,398.23984,283.48764,375.47516,310.5071,0.3488659211959672,397.99432340396027,284.78708233718487,0.6713258513154869,-0.9758256690668077,1.1844467632840854,0.03123380287445343,-0.14852846958149257,0.15177699667018246,-0.9681988961034442
176,10,418.92606,256.13382,398.4332,282.71515,377.37506,308.7981,1.2855747478026878,398.67081047597384,283.74932840156214,0.6764870720135718,-1.0377539356227317,1.2387768118196127,0.00516122069808489,-0.06192826655592398,0.06214296740352775,-0.9931033048066658
177,10,421.1763,254.1017,400.01016,281.22208,378.2784,308.63385,0.4370072539760272,399.3263861865096,282.73624640240877,0.6555757105357429,-1.0130819991533713,1.206695756706319,-0.020911361477828905,0.02467193646936039,0.03234176074372856,-0.9964552725751546
178,10,422.2021,253.45724,400.3397,280.36404,378.56247,308.01703,0.8740208637741924,399.93497795339124,281.8344365427504,0.6085917668816592,-0.9018098596583854,1.0879544851202263,-0.04698394365408376,0.11127213949498582,0.12078484999817528,-0.977145614424232
179,10,421.57175,253.96072,400.3583,280.7149,378.63986,307.74295,0.3732531222001509,400.47585976526227,281.1118203877983,0.5408818118710315,-0.7226161549521066,0.9026224248325857,-0.06770995501062771,0.17919370470627882,0.1915594472060887,-0.9282526987629074
180,10,421.4574,253.98782,400.57434,280.7961,378.01544,308.1667,1.577435681313075,400.9496918940452,280.56160495150766,0.4738321287829308,-0.550215436290614,0.7261225190003645,-0.06704968308810066,0.17240071866149265,0.1849801821742369,-0.8598499032073635
181,10,421.2865,254.39772,400.76813,281.21735,377.90878,308.31995,2.7278543720556554,401.3624811824828,280.1583186100195,0.41278928843757967,-0.4032863414881831,0.5770917343713448,-0.061042840345351124,0.14692909480243088,0.1591049567326227,-0.7737540006427577
182,10,420.56665,253.67868,400.66522,281.56262,377.85144,308.03214,5.241310198635042,401.7202344733171,279.8764897394747,0.35775329083429597,-0.28182887054475714,0.4554282922429192,-0.055035997603283704,0.12145747094342596,0.13334495971037605,-0.6672417014161974
183,10,422.49582,252.85114,401.401,281.01126,378.1069,308.2027,3.748678319667565,402.0289586092909,279.6906467160144,0.30872413597381865,-0.1858430234603361,0.3603445871685322,-0.04902915486047732,0.09598584708442104,0.10778284124500767,-0.5418676156431175
184,10,421.69986,252.73366,401.4116,281.4581,377.66693,307.88635,6.704550492320627,402.30027895218797,279.5698076311181,0.2713203428970701,-0.12083908489626083,0.29701315275312207,-0.03740379307674857,0.06500393856407527,0.07499703837732725,-0.41900046844918415
185,10,421.97015,253.04988,401.5438,281.34512,378.54355,307.30707,5.712853371867156,402.56829493995707,279.4609494376194,0.26801598776910396,-0.10885819349874737,0.28927958101404116,-0.0033043551279661187,0.01198089139751346,0.012428214734656303,-0.38580804231600996
186,10,425.12964,252.14114,402.71005,279.8124,378.78375,306.96515,2.370998344394585,402.87272452958837,279.30553880368944,0.3044295896312974,-0.15541063392993237,0.341803803638262,0.036413601862193445,-0.046552440431185005,0.059102285156137295,-0.4720105315047088
187,10,426.71677,250.28987,403.19925,279.03525,379.50528,306.22705,1.780152547078038,403.253285678072,279.04504239750037,0.3805611484836504,-0.2604964061890769,0.46117801917764856,0.07613155885235301,-0.1050857722591445,0.12976530269910394,-0.6002514721481924
188,10,427.34238,249.61111,404.278,278.07065,380.01764,305.49606,2.473538543138305,403.74969634239835,278.62092688722396,0.4964106643263335,-0.42411551027640826,0.652914629728826,0.1158495158426831,-0.16361910408733138,0.20048022731263315,-0.7070222689492662
189,10,427.11713,250.13101,404.74,277.7833,380.90985,304.35986,2.9004305501010124,404.38917260565694,277.99561463203025,0.6394762632585866,-0.6253122551937054,0.8943966165894205,0.14306559893225312,-0.2011967449172971,0.24687627622588654,-0.7741999149992861
190,10,429.09845,249.45668,405.87537,276.27744,381.81522,303.66644,0.4097389534117032,405.14892305533505,277.21535075508257,0.7597504496781085,-0.7802638769476857,1.0890511757743624,0.12027418641952181,-0.15495162175398036,0.19615270837555746,-0.7987176590748282
191,10,429.9634,247.56734,407.58487,274.83676,383.8283,301.9249,1.8772186077048147,405.99365440501987,276.3473360705427,0.844731349684821,-0.868014684539844,1.2112062358315137,0.08498090000671255,-0.08775080759215825,0.12215546487581656,-0.7989914809630742
192,10,430.33936,247.96436,408.1808,274.16498,385.15555,300.6094,0.8242449359972601,406.888073368298,275.4587713925725,0.8944189632781558,-0.888564677970237,1.260766619485114,0.049687613593334845,-0.020549993430392988,0.05376951901021385,-0.7821147545458133
193,10,430.52646,247.63379,408.86893,273.60635,385.8774,299.54544,1.72918254784215,407.797293277112,274.617561951923,0.9092199088139523,-0.841209440649493,1.2386743581835722,0.014800945535796473,0.04735523732074398,0.04961437786022916,-0.7465641046305663
194,10,430.72156,247.42734,409.39154,273.39792,385.8618,299.01395,3.1724343592641056,408.6880539368261,273.89443064570406,0.8907606597141466,-0.7231313062189315,1.147333185665036,-0.018459249099805675,0.11807813443056148,0.11951229940023086,-0.6819027499917131
195,10,431.55804,246.71039,410.0755,273.66885,385.54236,299.4886,4.985820007406511,409.52750177116036,273.36080478761477,0.8394478343342371,-0.5336258580892945,0.9947005695132464,-0.051312825379909555,0.189505448129637,0.1963296231323323,-0.5662472796077269
196,10,432.01303,246.79663,410.75214,274.17883,385.7292,299.68506,6.624451760887464,410.28278320383447,273.0555335779557,0.75528143267411,-0.30527120965905397,0.8146413652577177,-0.08416640166012712,0.22835464843024056,0.24337179094568995,-0.3841063990460407
197,10,431.5995,246.6374,410.96408,274.21307,385.67447,298.83636,8.956531797199057,410.92104465856863,272.8871537634321,0.6382614547341632,-0.16837981452363238,0.660098058274968,-0.11701997793994678,0.1368913951354216,0.18009144704618196,-0.25793357560678926
198,10,431.65295,246.66153,410.83853,274.0661,385.57837,298.46417,8.77704491700143,411.42801432136326,272.7395253093471,0.5069696627946314,-0.1476284540850088,0.5280268927333454,-0.13129179193953178,0.02075136043862358,0.13292160693712282,-0.2833619538178896
199,10,432.20425,246.45024,411.06192,273.18057,386.2196,297.79254,6.924725839923688,411.86374742734137,272.52811350899117,0.4357331059781018,-0.21141180035590423,0.48431218132011544,-0.07123655681652963,-0.06378334627089544,0.09561883856535597,-0.45172669676652755
200,10,433.58997,247.24353,410.87622,272.8736,386.93668,297.04398,3.177305703054924,412.30688097390663,272.17628498765174,0.4431335465652637,-0.3518285213394279,0.5658185650183255,0.007400440587161938,-0.14041672098352365,0.14061159999320413,-0.6710446723417778
201,10,437.8009,244.71375,412.8168,271.13382,387.83932,295.93295,1.8054775057589123,412.8360519584628,271.62099714622127,0.5291709845561741,-0.55528784143047,0.7670505314101943,0.08603743799091035,-0.20345932009104217,0.2209030005861145,-0.8094763569526405
202,10,439.9589,243.13394,414.33685,269.3884,389.02264,294.96313,0.404935262540025,413.5298973784136,270.8535704880138,0.693845419950776,-0.7674266582074551,1.0345845265197673,0.16467443539460191,-0.2121388167769851,0.2685526899065995,-0.8357099049157565
203,10,440.3488,243.5358,415.5959,268.235,391.502,293.737,1.688527649312501,414.4328316123171,269.8965910263159,0.9029342339035225,-0.9569794616979266,1.3157127045318802,0.20908881395274648,-0.18955280349047143,0.2822204766335418,-0.8144479114384044
204,10,441.3994,242.725,416.55417,267.18637,393.2132,293.31842,3.6750899759610633,415.4523785633497,268.84334371188265,1.0195469510326234,-1.0532473144332357,1.4658805854232266,0.11661271712910093,-0.09626785273530913,0.15121516215809472,-0.8016551528263328
205,10,441.82965,242.61075,417.30643,266.59106,394.43735,292.614,4.3322805227473165,416.46183951584175,267.8047882298371,1.0094609524920202,-1.038555482045581,1.4483124331072441,-0.010085998540603214,0.014691832387654813,0.017820698792920357,-0.7996034070916773
206,10,442.68945,242.52716,417.81494,266.1974,394.59402,292.65454,5.148335068255667,417.35213501799376,266.8918842653016,0.8902955021520143,-0.9129039645354737,1.2751547865324793,-0.11916545034000592,0.12565151751010717,0.17317248166879512,-0.7979354773352743
207,10,442.3726,242.2477,418.17233,266.20627,395.17438,292.79944,4.434072575865082,418.084662673485,266.21559150339914,0.7325276554912534,-0.6762927619024595,0.9969797720421258,-0.15776784666076082,0.23661120263301427,0.28438627718547654,-0.7455030462758564
208,10,441.0337,243.20525,417.81378,266.90866,395.19324,292.54898,2.9900263387760733,418.65135211539814,265.8478705311605,0.5666894419131268,-0.36772097223865785,0.6755409957951884,-0.16583821357812667,0.3085717896638016,0.3503125211280718,-0.5755968184644742
209,10,441.6799,242.63351,418.3072,266.84113,394.59058,292.45786,1.200078154803118,419.0957840389509,265.70468554324947,0.44443192355277006,-0.1431849879110132,0.4669279124617549,-0.1222575183603567,0.22453598432764466,0.2556624905096898,-0.3116749362057694
210,10,441.72324,241.83014,418.74362,267.29553,395.25842,292.28632,1.158258467815676,419.47445190489475,265.66300163623816,0.3786678659438394,-0.0416839070113042,0.380955247768276,-0.06576405760893067,0.101501080899709,0.12094370879462901,-0.10963895668007739
211,10,441.65414,241.04254,419.03207,267.32486,395.21518,292.06516,3.1908936722452395,419.8438491739811,265.5997839066986,0.36939726908633475,-0.06321772953958771,0.37476769302673685,-0.009270596857504643,-0.02153382252828351,0.023444604470410354,-0.1694955101475635
212,10,441.86124,240.88538,419.246,266.81552,394.98535,291.6196,3.271776241964763,420.2521529768862,265.41411017437395,0.4083038029050954,-0.1856737323246307,0.44853843797619125,0.038906533818760636,-0.12245600278504298,0.1284880966933545,-0.42679208513570427
213,10,443.09756,240.38895,419.83063,265.89227,395.24487,290.48947,2.61209460228918,420.71427512398566,265.0935091516928,0.4621221470994783,-0.32060102268116,0.5624427922767234,0.05381834419438292,-0.13492729035652928,0.14526454438292996,-0.6065245321528635
214,10,444.16394,239.92746,420.67215,264.97122,396.30136,289.68182,1.4347687259992334,421.23681109557936,264.647622274255,0.5225359715936975,-0.445886877437772,0.6869199000469969,0.06041382449421917,-0.12528585475661203,0.13909124915721047,-0.7064144447084124
215,10,446.81915,238.90088,421.8986,263.47516,397.58667,288.6688,1.4212017891799793,421.82635637196734,264.08609097766026,0.5895452763879803,-0.561531296594751,0.8141750610076203,0.0670093047942828,-0.11564441915697898,0.13365582146381855,-0.7610657675092566
216,10,449.23972,236.92989,423.50192,261.80338,398.7492,287.76215,2.340924554913603,422.48950643345,263.41855669750856,0.6631500614826678,-0.667534280151699,0.9409410285571105,0.07360478509468749,-0.10600298355694804,0.12905152812659648,-0.7886928612218934
217,10,449.93207,236.17804,424.12497,261.4365,399.3664,286.79645,1.3029621930297808,423.22470277632,262.66232470212486,0.7351963428699833,-0.7562319953837005,1.0547039837847447,0.0720462813873155,-0.08869771523200143,0.11427139339798681,-0.7995015951509971
218,10,450.18665,235.8151,424.7442,260.69635,400.25848,286.3768,2.0031067699570184,423.9977709608413,261.8653555907354,0.7730681845213212,-0.7969691113894442,1.1103126507556202,0.037871841651337945,-0.0407371160057437,0.055621839330693076,-0.8006201462661297
219,10,449.76523,236.15765,424.8703,260.4241,401.0501,285.06787,1.7060533864623189,424.7663825632707,261.08327379529146,0.7686116024294165,-0.7820817954439576,1.0965471855574478,-0.004456582091904693,0.014887315945486534,0.015540054697542839,-0.7940845060648707
220,10,450.39633,235.7226,425.6287,260.05405,401.27533,284.77463,0.9377435070021276,425.4882091598645,260.3717037477444,0.7218265965937576,-0.7115700475470703,1.013590434108505,-0.04678500583565892,0.0705117478968873,0.08462117561530819,-0.778242869676783
221,10,450.28558,235.60387,425.61285,259.83646,401.96027,284.95523,2.23764652188306,426.12092232687945,259.7862698800457,0.6327131670149697,-0.5854338676986686,0.8620085644369986,-0.08911342957878787,0.12613617984840175,0.154439435372064,-0.7466051615964902
222,10,450.22733,235.84843,425.9489,259.94653,402.22375,284.9669,1.7356215372897046,426.633023383404,259.36859668376627,0.512101056524557,-0.417673196279452,0.660831590485701,-0.12061211049041276,0.16776067141921658,0.20661782128359085,-0.6841852099069324
223,10,451.19574,235.70425,426.48413,260.32208,401.86856,285.0471,0.2365625589919659,427.03633261985306,259.1043088889549,0.40330923644904715,-0.26428779481136644,0.4821891523991061,-0.1087918200755098,0.15338540146808555,0.18804983780601323,-0.5800907396706618
224,10,450.6423,235.28421,426.66635,260.47614,401.8161,284.6471,2.2104540732994837,427.3535000694732,258.96503128528013,0.31716744962017174,-0.1392776036747705,0.3464006957036181,-0.08614178682887541,0.12501019113659595,0.1518155305826109,-0.41377738745464104
225,10,450.17642,235.01215,426.73868,260.47205,401.63327,284.44763,3.6868989448480103,427.60717576551116,258.9223886624101,0.2536756960379307,-0.0426426228700052,0.25723481888259625,-0.06349175358224102,0.09663498080476529,0.11562665042318475,-0.16654194400322828
226,10,450.95642,234.8495,426.79248,260.4147,402.39203,284.51404,1.9698063267016448,427.8200097412135,258.9480058100134,0.2128339757023241,0.025617147603270496,0.2143700992782931,-0.040841720335606624,0.0682597704732757,0.07954522226404413,0.11978588594474432
227,10,451.01883,235.37315,426.9649,260.44208,402.46964,284.21637,2.0394165974197658,428.01465202982666,259.0135075177583,0.19464228861318134,0.06550170774488606,0.20536819187516223,-0.01819168708914276,0.039884560141615566,0.04383737693840078,0.324618967626731
228,10,451.79434,234.17845,427.60123,260.22562,402.75244,283.6577,3.794108582265204,428.21375266459756,259.09051857531307,0.19910063477090034,0.07701105755478466,0.2134754453136983,0.0044583461577190064,0.011509349809898595,0.012342689476311905,0.36907086642654213
229,10,451.30444,234.05836,427.55655,260.20593,403.07407,283.1132,4.657197865163043,428.43996167877276,259.1506637723463,0.2262090141751969,0.0601451970332505,0.23406828666071564,0.027108379404296556,-0.01686586052153416,0.031926814514748166,0.25987088143466097
230,10,449.72794,232.7637,427.84213,259.885,403.14667,282.4793,8.641929150730126,428.7159291055988,259.1655678985262,0.27596742682601416,0.01490412617988568,0.27636959609580325,0.04975841265081726,-0.04524107085336482,0.06725068119720563,0.05395441477038563
231,10,445.46027,234.09473,428.84192,259.60934,406.79828,279.5403,14.804114794596586,429.06492402182147,259.1024963213493,0.3489949162226935,-0.06307157717691325,0.3546483827636441,0.07302748939667936,-0.07797570335679893,0.10683269406679596,-0.17879362855156686
232,10,450.1906,231.36276,429.66187,258.9035,404.61166,281.75107,10.93228814362543,429.5126916781821,258.9112767196242,0.447767656360611,-0.1912196017250949,0.48688890947173785,0.09877274013791748,-0.12814802454818164,0.1617960765592106,-0.40360653473700764
233,10,452.9439,232.15894,430.1509,258.5208,405.5367,281.79633,5.753807739929493,430.08559636892153,258.53737734998776,0.572904690739449,-0.3738993696364332,0.6841202549886869,0.12513703437883805,-0.18267976791133833,0.22142984211092898,-0.5782274649464033
234,10,455.0262,228.71863,432.9862,256.4102,406.28485,281.1635,8.651469714718349,430.8100023882802,257.9552421477076,0.7244060193586961,-0.582135202280142,0.9293252792305036,0.15150132861924703,-0.20823583264370882,0.2575166296964446,-0.6769343305961208
235,10,454.72275,228.51714,434.06168,255.5161,409.13626,278.83594,9.480935999345077,431.712274030499,257.2552177625771,0.90227164221875,-0.7000243851305186,1.1419843502121563,0.17786562286005392,-0.11788918285037653,0.21338706434206467,-0.6598387694270988
236,10,455.29523,229.31367,434.45416,254.94597,410.06555,278.02032,7.472282977451959,432.7983625670444,256.5437585123269,1.0860885365454465,-0.7114592502501864,1.2983691978716942,0.18381689432669646,-0.011434865119667847,0.18417222043570222,-0.5799280437864277
237,10,455.91962,229.65492,435.49042,254.74945,410.78763,276.76453,9.14391678471233,433.99256717828746,255.87584667191274,1.1942046112430376,-0.6679118404141775,1.368294880528166,0.1081160746975911,0.04354740983600891,0.11655669226363806,-0.5099509396553022
238,10,456.25192,229.4401,436.219,255.2098,411.13315,276.3573,12.008055411900528,435.19877402182516,255.2935965055971,1.2062068435377,-0.5822501663156459,1.3393842635971869,0.012002232294662463,0.08566167409853165,0.08649841610930276,-0.44972156694709386
239,10,457.78638,225.94582,438.48895,254.2497,411.1541,276.7834,16.21330770727395,436.31996140003923,254.83912227764208,1.1211873782140742,-0.4544742279550178,1.209796660989713,-0.08501946532362581,0.12777593836062806,0.15347638224773946,-0.3851106287274407
240,10,456.79944,225.11708,438.76392,254.88287,411.71506,277.2791,19.163229603323398,437.2554761944513,254.55453825230998,0.9355147944120858,-0.28458402533209437,0.9778425221057353,-0.18567258380198837,0.16989020262292343,0.2516684114523799,-0.2953059531470246
241,10,454.2257,227.6306,437.3326,256.1561,411.85388,276.83054,20.30829888956452,437.93074402880944,254.46052124171473,0.6752678343581238,-0.0940170105952518,0.6817813772757204,-0.2602469600539621,0.19056701473684257,0.32255893620087556,-0.13833989373207833
242,10,453.2325,227.68845,436.44772,255.56635,411.24237,276.10678,19.771205289227023,438.3791369166272,254.49199824937617,0.44839288781776077,0.031477007661436573,0.4494963669006337,-0.226874946540363,0.12549401825668838,0.2592701100896565,0.07008463956690208
243,10,450.25308,227.56396,436.54962,255.52519,412.12714,274.34906,26.267496785658736,438.66101346885995,254.56245882666565,0.2818765522327453,0.07046057728948085,0.29054962338744567,-0.16651633558501544,0.03898356962804428,0.17101873791373287,0.24495007879948005
244,10,431.02887,252.41338,437.52612,256.25497,430.02048,249.17117,167.25052945546386,438.8367322964629,254.5853925249547,0.17571882760296376,0.022933698289051563,0.17720908806089306,-0.10615772462978157,-0.04752687900042929,0.11631107740062414,0.1297800437110002
245,10,440.3173,239.91847,437.70447,255.03581,423.0488,259.11517,64.63971326223928,438.9666520103915,254.47428889561482,0.1299197139285866,-0.11110362933987972,0.17094779472043256,-0.04579911367437717,-0.13403732762893128,0.14164591067610807,-0.7074887026971857
246,10,451.64825,225.44174,437.83435,253.23485,413.91022,271.6379,26.002998014954887,439.1008991600478,254.1662464363432,0.13424714965628937,-0.30804245927163265,0.3360244840855404,0.0043274357277027775,-0.19693882993175293,0.1969863686524154,-1.15980753358933
247,10,452.2271,224.438,438.00854,252.64806,413.45447,272.26788,24.624317962201356,439.24867204862136,253.69279943014035,0.14777288857357007,-0.4734470062028322,0.4959726749326029,0.013525738917280705,-0.16540454693119955,0.16595665023967504,-1.2682565159151382
248,10,453.37842,222.96864,438.24826,252.1291,413.36154,273.18152,22.348202030782904,439.4089369177488,253.10909110633273,0.1602648691274453,-0.5837083238076275,0.6053100325938331,0.012491980553875237,-0.1102613176047953,0.11096669652694874,-1.3028361808057785
249,10,454.85574,222.2786,438.5862,251.55801,413.26776,273.92444,19.483111277587188,439.58066000906626,252.47026469424668,0.17172309131746033,-0.638826412086047,0.6615043498499135,0.011458222190015022,-0.055118088278419464,0.05629648755671524,-1.3081937289055912
250,10,455.948,222.5652,438.75757,251.21191,414.0326,273.13364,17.471781947528743,439.76857804819906,251.830751756262,0.18791803913279637,-0.6395129379846765,0.6665508137278866,0.016194947815336036,-0.0006865258986294975,0.016209492667907485,-1.2849953250853834
251,10,456.26126,222.27016,439.69113,250.29774,415.94025,272.864,15.873160291771908,440.0005096967275,251.24213718697305,0.2319316485284162,-0.58861456928895,0.6326605731103566,0.044013609395619824,0.050898368695726504,0.06728923946602686,-1.1954472932342641
252,10,455.13272,223.23979,440.0542,250.22469,418.70645,271.43204,15.993594523751238,440.31004410022035,250.75529421402751,0.30953440349287575,-0.4868429729455386,0.5769121486432235,0.07760275496445956,0.10177159634341137,0.12798298871475153,-1.0044689128607747
253,10,454.06525,223.44861,441.04587,250.52649,421.14496,272.69287,16.238558015223244,440.730770404247,250.42109606507316,0.4207263040266298,-0.33419814895435707,0.537307198597252,0.11119190053375405,0.1526448239911815,0.1888493606968449,-0.6712778739204327
254,10,454.34683,223.73712,442.384,251.1661,423.41742,273.66672,16.56491304156401,441.2962777543761,250.29041596775792,0.5655073501291099,-0.1306800973152349,0.5804100713154167,0.1447810461024801,0.20351805163912218,0.24976218419431087,-0.22709834749939362
255,10,454.49353,224.16748,443.02536,252.35211,423.50595,273.29877,20.838859651571013,442.00716061132977,250.3946420577536,0.710882856953674,0.10422608999567728,0.718482786256153,0.14537550682456413,0.23490618731091217,0.2762516150567237,0.1455778014267761
256,10,440.77475,242.61946,444.0324,252.89688,434.4998,256.2097,88.42367459495615,442.7320346964413,250.68722210282831,0.7248740851115372,0.2925800450747147,0.7816940079354646,0.013991228157863134,0.1883539550790374,0.18887288545283948,0.38363071896159223
257,10,438.47903,247.18059,443.49612,253.2727,435.92316,252.47504,135.48559983594396,443.3065210461968,251.10211877877424,0.5744863497554888,0.4148966759459256,0.7086422353814118,-0.15038773535604832,0.12231663087121092,0.19385001710911687,0.6254734490971313
258,10,435.91052,249.10829,442.82706,254.03914,436.56818,250.92926,170.93626750514625,443.6129738151583,251.57329476138358,0.306452768961492,0.47117598260933846,0.5620677060568782,-0.26803358079399686,0.056279306663412854,0.2738783686087065,0.9941400969385359
259,10,423.48206,274.5897,442.3183,253.44556,447.29483,225.48445,31.60438437789789,443.7206796301913,252.03471272644853,0.10770581503300036,0.46141796506495325,0.4738217819777868,-0.19874695392849162,-0.009758017544385211,0.19898635782950172,1.3414788457994362
260,10,423.34256,272.88116,442.35873,253.70822,443.71237,226.8407,41.88056724935814,443.72781577354,252.4291544319017,0.007136143348702717,0.3944417054531755,0.39450625285627966,-0.10056967168429765,-0.06697625961177778,0.12083078338847131,1.5527065436356842
261,10,424.4287,270.39,442.38242,253.7651,443.0279,229.36041,45.68563581037685,443.6611896766594,252.73467796423705,-0.06662609688061139,0.3055235323353429,0.3127037984998103,-0.0737622402293141,-0.08891817311783257,0.11553055697199718,1.7855068003474446
262,10,423.68613,273.9979,442.2235,253.35277,448.3965,225.76518,29.30811169129425,443.52976630830716,252.9381604920886,-0.13142336835221613,0.2034825278515484,0.24223385578795228,-0.06479727147160474,-0.1020410044837945,0.12087618866520655,2.1442631017762217
263,10,437.33835,246.50926,442.1523,253.5949,434.6337,252.58165,131.86731685212882,443.34251063724105,253.02647918409062,-0.18725567106611152,0.08831869200201936,0.20703834838832952,-0.05583230271389539,-0.11516383584952905,0.12798419868840577,2.7008831080817535
264,10,449.8035,225.33134,441.3654,252.09592,424.46396,272.42014,22.248015272498897,443.1083876322187,252.98651120887752,-0.2341230050223544,-0.039967975213102136,0.23751004299467532,-0.046867333956242874,-0.1282866672151215,0.1365797055836969,-2.9725090462348054
265,10,449.76382,226.62004,441.28937,251.84758,424.73035,271.01556,22.255112882240503,442.8363622619975,252.81322075910384,-0.2720253702211721,-0.17329044977367403,0.3225327611681145,-0.037902365198817733,-0.1333224745605719,0.13860545267275343,-2.574383720006809
266,10,452.4454,224.41948,440.88113,251.55684,422.2834,272.5904,18.402226526834085,442.53539949533547,252.53392012350562,-0.3009627666620531,-0.2793006355982186,0.41059399893623183,-0.028937396440881002,-0.10601018582454458,0.10988872740791562,-2.393508710394156
267,10,453.31845,223.8671,440.92294,250.94853,422.24585,273.037,15.62235327124656,442.21446430099024,252.1840086148395,-0.3209351943452248,-0.34991150866611065,0.4748025514531286,-0.019972427683171645,-0.07061087306789204,0.07338115059720367,-2.313027677187822
268,10,453.0123,224.41971,440.4662,251.04474,422.3562,272.70087,14.673599222597211,441.8825216477194,251.7988855458621,-0.3319426532708576,-0.385123068977407,0.5084345614915191,-0.011007458925632818,-0.03521156031129635,0.036891979230661426,-2.2821660824475383
269,10,454.83276,223.63928,440.73648,249.69312,422.14972,272.58408,10.66018042534248,441.5494294176823,251.38530635534613,-0.33309223003709576,-0.4135791905159749,0.5310350087696052,-0.0011495767662381695,-0.028456121538567913,0.028479332501995608,-2.248814763165071
270,10,456.7729,223.452,440.9355,248.9978,422.1874,272.54825,6.725374579129346,441.2286171466446,250.83545098612933,-0.3208122710377097,-0.5498553692168002,0.6366014768321832,0.012279958999386054,-0.1362761787008253,0.13682833871068478,-2.09895667212308
271,10,457.43756,223.67673,440.37314,248.31377,422.38455,272.04828,2.45112235116522,440.9344072837732,250.01285550706552,-0.2942098628713552,-0.822595479063807,0.8736262161742834,0.026602408166354508,-0.2727401098470068,0.27403440594130996,-1.9142792267361424
272,10,460.3681,222.92517,440.47687,246.28378,422.20587,271.6286,4.628677530086483,440.68112227823576,248.84911088616425,-0.2532850055374638,-1.1637446209012694,1.190989016199038,0.040924857333891396,-0.34114914183746237,0.34359508279985085,-1.785100727837191
273,10,463.469,222.67067,440.27625,243.81421,421.35272,271.43195,13.227587655636714,440.4830845791994,247.54802768805712,-0.19803769903637658,-1.3010831981071362,1.3160685463289197,0.05524730650108722,-0.13733857720586684,0.1480342854360331,-1.7218468086169783
274,10,464.09006,222.39609,440.10696,243.27315,421.55557,270.90308,15.082382147532984,440.3539654106167,246.30295743748815,-0.12911916858269024,-1.245070250568972,1.2517474539807811,0.06891853045368634,0.056012947538164326,0.08880998891908974,-1.6741312656454739
275,10,464.15213,221.68402,440.08322,242.47104,422.2232,270.44925,16.632302759159536,440.30483109558173,244.9931959030298,-0.04913431503496213,-1.309761534458346,1.3106828213037034,0.07998485354772811,-0.06469128388937406,0.10287146838801856,-1.6082926834591877
276,10,464.0974,221.45912,440.4244,240.69067,423.64523,268.64285,19.93457576507589,440.3460967319739,243.41952491421182,0.04126563639215419,-1.5736709888179803,1.5742119405576267,0.09039995142711632,-0.2639094543596343,0.2789629927399419,-1.5445798036391196
277,10,465.9065,220.93837,441.57513,237.69112,427.82666,266.36932,29.838332086952168,440.4881774176723,241.49074664699268,0.14208068569843135,-1.928778267219144,1.9340042723182957,0.10081504930627716,-0.35510727840116374,0.3691406958601404,-1.4972655691184824
278,10,464.942,221.12413,442.45834,236.02325,433.7391,264.49475,39.44204009030867,440.74148825055676,239.54774466304798,0.2533108328844378,-1.943001983944697,1.9594445865269159,0.11123014718600643,-0.014223716725553004,0.11213589862532619,-1.4411566468385486
279,10,464.71893,221.48724,443.03564,235.91295,436.68753,263.86172,43.56782010258,441.108932893277,237.94984998040184,0.3674446427202156,-1.5978946826461424,1.6395984210448007,0.11413380983577781,0.3451073012985546,0.3634908196326296,-1.3447702200625915
280,10,464.83737,221.22351,443.40515,236.03647,437.65973,264.22107,43.82770406761329,441.5633692675648,236.698102056756,0.45443637428780903,-1.251747923645837,1.3316851289353329,0.08699173156759343,0.34614675900030534,0.35691054919621484,-1.2225508631502342
281,10,464.7268,220.77922,443.7277,236.12035,438.04037,264.10596,42.36222828270575,442.07014385992227,235.70396745973198,0.5067745923574876,-0.994134597024015,1.1158512824114146,0.05233821806967853,0.2576133266218221,0.2628762353729809,-1.0993676135214345
282,10,466.24637,220.49301,444.03122,235.77382,437.58292,264.61588,42.87512271725404,442.5946031568518,234.87891275695105,0.5244592969295354,-0.8250547027809318,0.9776363417532894,0.01768470457204785,0.16907989424308312,0.17000223355312946,-1.0045637550470332
283,10,466.27866,220.51895,443.51672,235.61395,436.17587,264.17206,42.03314480960358,443.1020936448557,234.1344045160347,0.5074904880038957,-0.7445082409163604,0.9010211519197568,-0.016968808925639678,0.08054646186457148,0.08231447621928804,-0.9724955115143181
284,10,467.9225,219.98923,444.04816,234.45195,435.1777,262.2192,41.07666257300137,443.56409675031324,233.40243860999243,0.46200310545754064,-0.7319659060422623,0.8655755062735321,-0.04548738254635509,0.01254233487409806,0.04718487188721049,-1.0077644598275632
285,10,467.66522,220.0614,444.13168,234.11934,434.52048,260.9283,39.42458233345853,443.9766336591119,232.69712813338623,0.4125369087986428,-0.7053104766062006,0.8170982618581474,-0.04946619665889784,0.026655429436061695,0.0561908936600729,-1.0415529066991487
286,10,470.71973,220.45813,444.7029,233.06413,434.45013,260.24374,43.48065020450663,444.34186049701606,232.0531154861665,0.3652268379041743,-0.6440126472197392,0.7403667556721184,-0.04731007089446848,0.061297829386461444,0.07743169051190456,-1.0549108371090483
287,10,472.11853,221.49275,445.33694,232.42218,435.06616,259.80292,47.23832909871463,444.6619333897902,231.5050430682834,0.3200728927741352,-0.5480724178830769,0.6346889253272071,-0.04515394513003912,0.09594022933666224,0.1060349299333853,-1.0422265171483784
288,10,470.8346,220.34131,444.99872,232.66858,436.558,259.00433,46.72158951337496,444.93952231223193,231.0785708215959,0.27758892244173694,-0.42647224668752415,0.5088557625271322,-0.04248397033239826,0.12160017119555278,0.12880795538316658,-0.9937917457349547
289,10,469.77277,220.09325,445.404,232.66302,437.7843,258.34253,46.1878220831536,445.1793526352718,230.76342885559822,0.2398303230398824,-0.3151419659976682,0.3960215178273648,-0.03775859940185455,0.11133028068985595,0.11755910525038817,-0.9202776658785538
290,10,469.7675,220.06445,445.30884,232.32545,438.647,256.99988,48.266603004218325,445.38666357887365,230.54036482169315,0.20731094360183988,-0.22306403390507512,0.3045248603301375,-0.032519379438042506,0.09207793209259307,0.09765170565578239,-0.8219850039114878
291,10,469.30005,220.09412,445.38095,232.29889,439.60556,255.75151,49.13269036428913,445.566694363001,230.39012637128354,0.1800307841273252,-0.15023845040960282,0.23448384851622137,-0.027280159474514676,0.0728255834954723,0.07776742706564851,-0.6954354464921922
292,10,469.7384,219.91745,445.306,232.09311,440.18674,255.30264,51.0726380020042,445.7246842076176,230.2934611557723,0.15798984461662258,-0.09666521551125129,0.18521596824199907,-0.02204093951070263,0.05357323489835153,0.05793008296203624,-0.5490831921581102
293,10,469.3708,219.94554,445.48032,231.85194,440.26877,254.88878,50.76223659585008,445.86587233268733,230.23111682656227,0.141188125069732,-0.06234432921002053,0.1543402152562763,-0.01680171954689058,0.03432088630123076,0.03821283836924933,-0.4158208025772931
294,10,469.94302,219.74281,445.42102,231.64268,440.8891,254.8847,53.08037775597495,445.9954979581737,230.1838410350564,0.12962562548636924,-0.047275791505882125,0.13797754616328012,-0.01156249958336275,0.015068537704138407,0.018993478490163525,-0.34971912639398867
295,10,470.11536,219.91127,445.49817,231.51894,441.25543,254.84692,54.44696340499386,446.1188003040405,230.1323814326574,0.12330234586681854,-0.05145960239897818,0.13360972709844693,-0.0063232796195507035,-0.004183810893096052,0.007582093295140496,-0.39536886408735744
296,10,470.2899,219.93616,445.7684,231.34647,441.14883,254.63942,53.82894971186493,446.24101859025154,230.0574856707683,0.12221828621102304,-0.07489576188910974,0.14334114773263737,-0.0010840596557954996,-0.02343615949013156,0.023461218147918215,-0.5497804975315995
297,10,470.02243,219.92046,445.96646,231.01271,440.9038,254.05133,52.85192455079409,446.3661888709337,229.94490497815062,0.1251702806821413,-0.11258069261768355,0.1683508583771505,0.002951994471118269,-0.03768493072857382,0.03780037401104545,-0.7324947385765885
298,10,470.1587,219.88849,446.39197,230.47258,440.53903,252.84396,51.33359953914988,446.49353453686786,229.8004048930011,0.12734566593417185,-0.14450008514953083,0.1926063167199855,0.0021753852520305372,-0.03191939253184728,0.03199343558602139,-0.8484181056441398
299,10,470.5033,219.74452,446.70224,229.94711,440.39377,252.03708,50.85873748620827,446.62107581299756,229.63475453087474,0.12754127612970478,-0.16565036212634254,0.2090617602274075,0.0001956101955329359,-0.02115027697681171,0.021151181516512216,-0.9146536233961102
300,10,470.93124,219.75525,446.92807,229.63225,440.62427,251.43825,51.50964112338736,446.7468329242671,229.45872300732705,0.12575711126953593,-0.17603152354769236,0.216337579531112,-0.0017841648601688576,-0.010381161421349816,0.010533363978539007,-0.9504704514124078
301,10,470.6526,219.60735,446.81,229.48058,440.9668,251.25851,52.48633148441089,446.8688260956201,229.28307943791333,0.12199317135298315,-0.1756435694137224,0.21385274684499947,-0.003763939916552772,0.0003879541339699699,0.0037838805617360174,-0.9637377213721401
302,10,470.59796,219.48288,446.6861,229.53801,441.44476,251.282,53.6403898448779,446.9850755520007,229.11859293818878,0.1162494563806149,-0.16448649972454632,0.2014193255385929,-0.005743714972368252,0.011157069689176069,0.012548723669478845,-0.9555600963751718
303,10,470.57806,219.28426,446.7262,229.41864,441.5597,251.0884,53.56980936623926,447.0936015183529,228.97603262370885,0.1085259663522038,-0.14256031447993678,0.1791684364984473,-0.007723490028411106,0.021926185244609542,0.02324671799630862,-0.920125454036712
304,10,470.60754,219.05289,446.7938,229.40244,441.22955,251.10202,52.12805035856789,447.1924242196203,228.8661676100287,0.09882270126740877,-0.10986501368014956,0.1477709292003233,-0.00970326508479502,0.03269530079978722,0.03410478042290214,-0.8382619569738046
305,10,471.13147,218.91519,447.3408,229.26744,439.83707,250.72368,47.208412408452986,447.2795638807472,228.79976701270368,0.08713966112691196,-0.06640059732501413,0.10955528223883924,-0.011683040140496814,0.04346441635513543,0.04500720960042984,-0.6511382514320658
