Frame,ID,Head_X,Head_Y,Middle_X,Middle_Y,Tail_X,Tail_Y,Angle,Smoothed_X,Smoothed_Y,Velocity_X,Velocity_Y,Speed,Accel_X,Accel_Y,Acceleration,Direction
0,1,502.34018,383.8307,484.807,409.74094,466.7578,433.16956,3.524478616258165,484.81117870520427,409.7857223455976,,,,,,,
1,1,500.7303,386.17395,483.58548,412.00012,465.61017,436.5794,2.600453697082893,483.73032792203384,411.6131611978606,-1.0808507831704333,1.8274388522630147,2.123151236780014,,,,2.1049102370735526
2,1,498.3584,388.12292,482.37622,413.81693,464.21307,436.52457,6.772799357437979,482.4415599385441,413.7329647966624,-1.2887679834897199,2.1198035988017523,2.48082450261219,-0.20791720031928662,0.29236474653873756,0.35875717025206705,2.117052417682013
3,1,497.6007,389.74265,481.88925,415.96143,463.6479,438.5808,7.952458379052389,481.87528465076684,415.897903602035,-0.5662752877772732,2.1649388053726284,2.237772940348394,0.7224926957124467,0.04513520657087611,0.7239011550136066,1.8266310575180875
4,1,498.80612,390.92825,484.00375,418.0042,464.92798,439.87158,12.434159050208637,482.5470609959315,417.86074807401087,0.6717763451646306,1.9628444719758704,2.074618490009424,1.2380516329419038,-0.20209433339675797,1.2544377088644914,1.2410456251929172
5,1,498.77026,391.45764,484.4264,418.82993,465.0424,439.8049,15.086699503982024,483.313044076062,419.3742686726224,0.7659830801305247,1.5135205986115352,1.6963120825684364,0.09420673496589416,-0.4493238733643352,0.4590935112676538,1.1022857338275942
6,1,496.41757,391.8632,482.23746,419.14093,463.34943,439.8036,14.963581432363672,483.0442861746468,420.10745670800475,-0.2687579014151993,0.7331880353823408,0.7808940419806766,-1.034740981545724,-0.7803325632291944,1.295996839550951,1.9221476874544012
7,1,497.60944,390.53397,481.97107,416.8713,464.2981,440.40378,6.206019681404509,482.33083213623837,419.8343739758751,-0.7134540384084289,-0.2730827321296374,0.7639311772068759,-0.44469613699322963,-1.0062707675119782,1.1001524947959929,-2.776034811169838
8,1,498.43372,390.18683,481.82343,417.15335,463.68243,441.91904,4.591584263763942,481.95401637696835,419.6893291782056,-0.3768157592700163,-0.14504479766952727,0.4037673956193504,0.3366382791384126,0.12803793446011014,0.3601653004414546,-2.774151462183766
9,1,498.94315,390.35382,481.68015,419.1196,461.53375,446.22815,5.649895975656733,481.74133903821837,419.9799289640324,-0.21267733874998385,0.2905997858268279,0.36011093560231355,0.16413842052003247,0.43564458349635515,0.46554014243728087,2.202584109127746
10,1,497.4597,391.83643,480.818,420.69254,462.40363,445.1724,6.978787875844296,481.3643575976117,420.6757530745622,-0.37698144060669847,0.6958241105297702,0.7913824608597588,-0.16430410185671462,0.40522432470294234,0.4372671851601687,2.0673043159342814
11,1,495.9427,394.2177,480.49463,421.39285,462.7059,445.12973,7.231773521996983,480.82469315248983,421.6611627577888,-0.5396644451218435,0.985409683226635,1.123507880313033,-0.16268300451514506,0.2895855726968648,0.33215292242014954,2.0718372971486994
12,1,494.2154,396.8528,479.50818,423.179,462.60294,444.9166,8.681974850370993,480.2064827051239,422.79921463840327,-0.6182104473659251,1.138051880614455,1.2951240250271303,-0.07854600224408159,0.15264219738782003,0.17166570680223084,2.0684178437452214
13,1,493.02548,399.3647,478.9616,425.24857,462.8081,447.1505,7.892945638768397,479.593863257785,423.9529653410963,-0.6126194473388864,1.153750702693003,1.3063090259285515,0.005591000027038717,0.01569882207854789,0.016664702096234715,2.058920291062761
14,1,492.5876,400.3849,478.46887,425.91006,462.87686,448.75122,5.370274741618111,479.0933742196805,425.0421408207566,-0.5004890381044902,1.0891754796602982,1.1986627977692468,0.11213040923439621,-0.0645752230327048,0.1293954717321929,2.0015320946970254
15,1,492.52267,400.93307,479.25446,426.24274,464.18634,447.95828,7.091132636518908,478.901164627764,426.2131443530653,-0.1922095919165372,1.1710035323087027,1.1866734175434204,0.308279446187953,0.08182805264840454,0.3189546161167464,1.733486514645681
16,1,493.93698,402.48688,481.6643,428.4333,464.81125,448.82764,14.2547624754527,479.12803221561444,427.57689898297133,0.22686758785044958,1.3637546299060546,1.3824961457477127,0.4190771797669868,0.19275109759735187,0.4612793819654583,1.4059507749456581
17,1,493.69675,403.63782,481.5336,429.99622,464.03714,450.2688,16.025108654200857,479.4537598755677,428.8757295117041,0.3257276599532588,1.2988305287327648,1.3390516236601409,0.09886007210280923,-0.06492410117328973,0.11827278964044181,1.3250786537869648
18,1,491.9483,403.6495,480.32507,429.95255,463.32535,451.01328,15.06916011626614,479.53416264021325,429.8378433741163,0.08040276464555518,0.9621138624121954,0.9654676011179046,-0.24532489530770363,-0.3367166663205694,0.4166082303985045,1.487421190959258
19,1,492.06024,402.6327,479.02692,429.36234,462.0281,452.06772,10.827256317670312,479.3601989443987,430.50357678327254,-0.17396369581456383,0.6657334091562461,0.6880874504946736,-0.254366460460119,-0.2963804532559493,0.3905683925757578,1.8263923083258673
20,1,493.59235,401.27573,478.19052,428.90268,460.87256,454.92914,4.500367448600002,479.00661307353613,430.9912981467911,-0.35358587086255966,0.487721363518574,0.6024077493741691,-0.17962217504799582,-0.17801204563767214,0.25288814555269595,2.198088233411827
21,1,493.49982,401.5795,477.9477,429.10913,461.30908,455.34824,2.916382183270516,478.5481493130377,431.4193758722896,-0.4584637604984323,0.4280777254984969,0.6272476056218392,-0.10487788963587263,-0.059643638020077105,0.12065129626632393,2.390455881308055
22,1,492.84747,402.7094,477.44345,431.14435,460.46838,457.29935,4.538593190324508,478.05955194831563,431.9061783673865,-0.48859736472206805,0.48680249509686746,0.6897130229638159,-0.030133604223635757,0.058724769598370585,0.06600479276452907,2.358034625375126
23,1,491.99762,403.2422,477.19916,432.0287,460.10876,457.8457,6.297249670781656,477.6018258377406,432.55177746597553,-0.4577261105750381,0.6455990985890594,0.7913983752833701,0.03087125414702996,0.15879660349219193,0.16176957567251926,2.187533292518238
24,1,491.28644,404.82205,476.74466,433.52945,459.8191,458.42172,7.3492695408451905,477.18101813151765,433.3830587070554,-0.42080770622294494,0.8312812410798642,0.9317229348834855,0.03691840435209315,0.18568214249080484,0.18931673623818948,2.0394042096195473
25,1,490.90253,407.11517,476.3796,435.09814,459.49658,459.446,7.308872393109815,476.78943655281034,434.4086110559006,-0.3915815787073029,1.025552348845224,1.0977676224979764,0.02922612751564202,0.19427110776535983,0.19645719595357308,1.935537136906317
26,1,489.5997,409.94974,475.7808,437.05847,458.68985,459.7784,9.941506774245534,476.419388824782,435.63702347778553,-0.3700477280283394,1.2284124218849115,1.282938969421418,0.021533850678963518,0.20286007303968745,0.2039997940163941,1.8633909220642273
27,1,488.0166,411.53714,475.5361,438.81882,458.77444,461.42792,11.969485158487482,476.0624236663499,437.0504471899916,-0.35696515843210364,1.413423712206054,1.4578033867983704,0.013082569596235771,0.1850112903211425,0.18547326269178105,1.8181768715358515
28,1,488.84824,413.2203,476.37897,440.012,458.67633,461.77826,14.163661090440227,475.7070537794458,438.52528241782693,-0.3553698869041,1.4748352278353423,1.5170453868564246,0.00159527152800365,0.06141151562928826,0.061432232119095063,1.8072447176546698
29,1,487.71426,413.61688,475.7593,441.13123,458.28745,463.42694,14.598831803305082,475.34103286175485,439.9114916386067,-0.36602091769094613,1.38620922077979,1.433718004337755,-0.01065103078684615,-0.08862600705555224,0.08926373050367736,1.8289490413662195
30,1,486.4701,413.13672,474.41074,441.24075,457.25348,463.78525,14.048562749000572,474.95211461096244,441.059037329646,-0.3889182507924147,1.1475456910392836,1.2116594071034394,-0.022897333101468575,-0.23866352974050642,0.23975939666957205,1.8975602240204483
31,1,485.0738,413.87073,473.69034,441.885,457.35226,464.54816,13.67407039256871,474.5317969402859,441.8682180242193,-0.4203176706765248,0.8091806945732856,0.9118335049519974,-0.0313994198841101,-0.33836499646599805,0.33981876699572305,2.0498716467132603
32,1,488.30176,412.07947,473.6371,440.74066,457.39365,465.8531,5.799173551882669,474.0865546250709,442.4406764794395,-0.4452423152150118,0.5724584552202145,0.725223691154073,-0.024924644538486973,-0.23672223935307102,0.23803078899525282,2.2318360671517357
33,1,488.44434,411.9817,473.6903,440.91418,457.89896,466.65103,4.512928254150029,473.6266066561952,442.9283915083792,-0.4599479688757242,0.48771502893970364,0.6703865180077536,-0.014705653660712414,-0.0847434262805109,0.08600990958807718,2.326902307213329
34,1,486.91153,413.01157,473.10916,442.12302,457.7892,468.02527,5.235699531411336,473.16217202453646,443.4833419241111,-0.4644346316587189,0.5549504157318665,0.7236501164270903,-0.004486662782994699,0.0672353867921629,0.06738491952966971,2.267632259527678
35,1,486.18732,414.35968,472.44992,443.47156,456.4781,469.32684,6.443420436520807,472.69052021844783,444.2288812468549,-0.4716518060886301,0.7455393227438094,0.8822042325584052,-0.007217174429911211,0.19058890701194287,0.19072550716345932,2.1348647894566195
36,1,485.06085,417.77438,471.35825,445.43344,455.87845,470.03604,5.823491660147639,472.157122716184,445.17386182542015,-0.5333975022638242,0.9449805785652643,1.0851272687048408,-0.0617456961751941,0.1994412558214549,0.20878061576640297,2.084668438308157
37,1,483.97894,420.47736,470.61618,447.28635,455.79224,470.54706,6.01552034076772,471.4945014934746,446.29851071576365,-0.6626212227093902,1.124648890343508,1.3053359764197763,-0.12922372044556596,0.1796683117782436,0.22131306374237814,2.103222344289774
38,1,483.84525,422.62305,469.65347,450.01135,453.69342,473.27335,7.06222017261017,470.7468067234314,447.5830549738424,-0.7476947700432106,1.2845442580787676,1.4863046188830542,-0.08507354733382044,0.1598953677352597,0.18111884794011285,2.0979277207735016
39,1,484.6902,422.79446,470.9507,449.81186,455.22385,472.34326,7.959712250400264,470.4047013686937,449.0077216556133,-0.3421053547377255,1.4246666817708729,1.4651659386868965,0.4055894153054851,0.14012242369210526,0.42911195209315145,1.8064643195679164
40,1,485.50183,423.51126,474.25198,451.75638,456.0734,473.8834,17.687948411670472,470.8142003015088,450.52332569017335,0.4094989328150973,1.5156040345600559,1.5699506251953985,0.7516042875528228,0.09093735278918302,0.7570856009726316,1.3069087150760774
41,1,484.89352,425.0459,473.54614,453.61688,454.39716,475.0486,20.119171588330275,471.2962132430287,451.9630334991803,0.48201294151994034,1.4397078090069613,1.5182539481616144,0.07251400870484304,-0.07589622555309461,0.10496913123224495,1.2477271237706473
42,1,482.8468,425.47238,471.8703,453.90115,453.81616,475.04932,19.37545631727289,471.1495813990718,453.1676826432367,-0.14663184395692497,1.2046491440563614,1.213540464071113,-0.6286447854768653,-0.2350586649505999,0.6711533671789276,1.6919220850674273
43,1,482.72742,424.9942,469.753,453.66333,452.2026,476.2573,13.489626786827538,470.6099770652165,454.12644374616445,-0.5396043338552658,0.9587611029277809,1.1001798442085187,-0.3929724898983409,-0.24588804112858043,0.4635604670233993,2.083424411986519
44,1,483.28854,423.9927,468.7533,453.06445,451.38867,476.991,9.406108990259792,470.0632234880467,454.8769366108624,-0.5467535771698522,0.7504928646979465,0.9285359519752371,-0.007149243314586329,-0.20826823822983442,0.20839090847570635,2.200411843569883
45,1,483.95685,423.63382,468.81744,453.70163,451.02158,479.09042,8.30226845676235,469.5589166284085,455.502244693317,-0.5043068596381772,0.6253080824545805,0.8033278326195008,0.04244671753167495,-0.12518478224336604,0.1321852999941097,2.249484154558488
46,1,484.1178,424.27408,468.78363,454.98544,450.90625,481.1616,7.798754833752582,469.06259562571336,456.09681736278657,-0.4963210026951401,0.594572669469585,0.7745006113596667,0.007985856943037106,-0.03073541298499549,0.031755936806727704,2.2663715402210696
47,1,483.06384,426.2347,468.0418,456.23572,450.22922,481.86984,8.196661965495279,468.5397996193733,456.75510398852964,-0.5227960063400587,0.6582866257430737,0.8406288990257926,-0.026475003644918615,0.06371395627348875,0.06899560886040858,2.2419764751299396
48,1,481.71295,428.0417,467.398,456.8037,450.31155,481.61215,8.096915208802645,467.9669087163857,457.5524254156613,-0.5728909029875808,0.7973214271316351,0.981797048727054,-0.05009489664752209,0.1390348013885614,0.14778421657025026,2.1938435809909826
49,1,479.10107,431.88318,466.4765,458.4446,450.47372,481.22992,9.659825973600691,467.3636668940924,458.4875883927217,-0.6032418222933416,0.9351629770604291,1.1128479185532567,-0.030350919305760726,0.13784154992879394,0.1411434418932633,2.1436951683171643
50,1,478.04883,434.77664,465.657,460.13574,449.84845,481.39755,10.588923228814917,466.76065909742067,459.5402711441084,-0.6030077966717045,1.0526827513866692,1.2131609035547888,0.00023402562163710172,0.11751977432624017,0.11752000734207772,2.090997933055924
51,1,478.7476,436.53464,465.3706,461.54047,449.2357,482.91345,8.905187403604364,466.18847027129823,460.69015189421816,-0.5721888261224422,1.1498807501097872,1.2843775894231513,0.030818970549262303,0.09719799872311796,0.10196695494862804,2.032527784572855
52,1,480.38727,437.30356,466.629,462.61554,449.52036,484.10266,10.00162022822875,465.6719960421817,461.8970115208973,-0.5164742291165112,1.2068596266791474,1.3127283755025734,0.055714597005930955,0.05697887656936018,0.07969133387414012,1.9751620508382735
53,1,478.56845,438.49817,465.5438,463.55743,448.00833,485.29153,11.433905295452616,465.2133747626441,463.04104151578724,-0.4586212795376241,1.1440299948899337,1.2325332073630266,0.05785294957888709,-0.06282963178921364,0.08540799965896297,1.9520630035144335
54,1,478.1473,437.95044,464.60437,463.8006,447.09613,486.23596,10.317896466050144,464.80905546678696,463.9825360239789,-0.40431929585713533,0.9414945081916812,1.0246394497370797,0.054301983680488775,-0.2025354866982525,0.20968864729339565,1.9764251675756404
55,1,480.54266,436.7782,464.3725,463.872,447.33664,489.27,3.0222607787497244,464.45548718871237,464.64364252852505,-0.3535682780745901,0.661106504546126,0.7497148375307958,0.050751017782545205,-0.2803880036455553,0.28494402677421427,2.061904846672407
56,1,481.68427,436.1624,464.8006,463.35678,448.67188,490.15283,0.7900625328081842,464.14911896252227,465.19392186432816,-0.3063682261901022,0.5502793358031113,0.6298165109226519,0.04720005188448795,-0.11082716874301468,0.12045956263199284,2.0788073899402617
57,1,480.426,437.11435,464.34195,464.94556,447.40662,490.9461,3.053834834810352,463.8774954508074,465.8293371745359,-0.27162351171489263,0.6354153102077476,0.6910368648362679,0.03474471447520955,0.08513597440463627,0.09195286467419446,1.9747605901080203
58,1,479.5522,438.0195,463.9253,466.62515,446.39856,492.3497,5.62029855313501,463.5925438301134,466.60404748342864,-0.28495162069395974,0.7747103088927361,0.8254535049539694,-0.01332810897906711,0.1392949986849885,0.13993118004079305,1.9232547483305096
59,1,478.6857,438.77264,463.65735,467.10538,447.1334,492.4221,5.189501648218026,463.237286905475,467.53676078557,-0.35525692463841096,0.9327133021413374,0.9980789480271285,-0.07030530394445123,0.15800299324860134,0.1729386643820266,1.93471683229505
60,1,476.60196,441.88712,462.59546,469.65225,445.91394,493.7627,7.909292711301374,462.75474748192676,468.64618507552336,-0.4825394235482463,1.109424289953381,1.209820875343469,-0.12728249890983534,0.17671098781204364,0.21777880462120383,1.9810608969543002
61,1,474.54126,445.0372,461.34,471.75598,444.7542,493.5299,11.004371405661225,462.1288122017106,469.9316952387771,-0.6259352802161402,1.2855101632537185,1.4298011591993693,-0.1433958566678939,0.17608587330033743,0.22708722219768696,2.0239219375231565
62,1,475.2213,446.34357,460.6417,472.98022,443.89575,495.83975,7.530747899085539,461.50682305589794,471.3153337245182,-0.6219891458126767,1.3836384857411304,1.5170121808122674,0.003946134403463475,0.09812832248741188,0.09820763540032772,1.9932606168318172
63,1,475.06833,446.96313,460.63162,473.5413,443.82687,495.79697,8.545712364976836,461.047838704232,472.6998098728586,-0.4589843516659471,1.3844761483404113,1.4585749347900199,0.16300479414672964,0.000837662599280975,0.16300694645765235,1.8909158288545354
64,1,475.18918,447.78174,462.02774,474.3701,444.7099,496.12314,12.187915499046484,460.7943291323133,473.9878330239102,-0.2535095719186984,1.2880231510515614,1.3127340708228743,0.2054747797472487,-0.09645299728884993,0.22698692869454679,1.7651329721410403
65,1,473.009,449.7117,462.03113,475.70468,445.08347,496.10797,16.817867725120063,460.7129996742394,475.09774546723946,-0.08132945807386704,1.1099124433292786,1.1128881851326116,0.17218011384483134,-0.17811070772228277,0.24772851230520784,1.6439411633431753
66,1,474.10025,448.7295,461.02603,475.7703,443.738,498.01483,12.049907056369378,460.5840857322394,476.01042129023216,-0.1289139420000538,0.9126758229926963,0.9217352994853723,-0.04758448392618675,-0.1972366203365823,0.20289545956555713,1.7111163975436146
67,1,475.067,446.76678,460.23917,475.5163,442.68762,500.02588,8.32399913402881,460.233713376297,476.7223675297292,-0.35037235594239746,0.7119462394970242,0.7934911692908625,-0.22145841394234367,-0.20072958349567216,0.29889161044800916,2.028130685050377
68,1,475.56744,446.6551,460.24762,474.9129,443.1224,499.76346,6.107691073664546,459.8580412792819,477.230091222571,-0.37567209701506954,0.5077236928418074,0.6315954977266872,-0.025299741072672077,-0.20422254665521677,0.20578368608975406,2.2078113747616217
69,1,477.0187,447.08398,460.14813,475.01746,445.46664,503.24536,3.650928599503734,459.6828001458779,477.54347755467325,-0.17524113340402891,0.31338633210225453,0.3590549372801232,0.20043096361104062,-0.19433736073955288,0.27917661247544606,2.080664480328937
70,1,476.98914,446.9218,460.78787,475.71106,445.7581,504.6637,1.9342140585121828,459.68197620513524,477.7259243082525,-0.0008239407426344769,0.18244675357925644,0.18244861405326512,0.17441719266139444,-0.1309395785229981,0.2180975247903157,1.5753123575006625
71,1,476.77542,447.23822,460.7866,476.11053,445.92636,504.90552,1.680045717727644,459.76661956719647,477.8542074146,0.0846433620612288,0.12828310634751006,0.15369142498914778,0.08546730280386328,-0.05416364723174638,0.10118478408343975,0.9875508702660881
72,1,476.73404,447.34937,461.02255,476.25287,446.3661,505.3912,1.8254202878371544,459.84778034220386,478.00510280500737,0.08116077500739038,0.15089539040735644,0.17133735799874109,-0.003482587053838415,0.022612284059846388,0.022878894269407906,1.077320478363356
73,1,476.72437,447.43726,460.59448,476.38187,446.36795,506.19763,3.6213656452092193,459.8365086402998,478.25538641076605,-0.011271701904036036,0.2502836057586819,0.2505372917858353,-0.09243247691142642,0.09938821535132547,0.1357268585752386,1.6158016344673205
74,1,475.92163,448.40338,459.85782,477.66068,446.4518,507.3412,4.461463702276001,459.6676654834469,478.6702612159255,-0.1688431568529154,0.4148748051594566,0.4479164158324132,-0.15757145494887936,0.1645911994007747,0.2278574693418943,1.9573000665216307
75,1,474.58875,450.39532,459.12704,479.42368,446.5899,509.02078,5.084382468517771,459.3713555408882,479.26863841556616,-0.29630994255870746,0.5983771996406517,0.6677236367756745,-0.12746678570579206,0.1835023944811951,0.22342987767641653,2.0305879157790745
76,1,473.02686,452.68335,458.63943,480.84332,445.66556,509.40298,2.632249452254314,459.0014943936869,480.0578562575267,-0.36986114720127716,0.7892178419605216,0.8715859511705473,-0.0735512046425697,0.19084064231986986,0.2045236672501099,2.0090448780561707
77,1,470.68005,455.59482,457.30487,483.02496,444.7678,509.9471,1.023928940841777,458.611997622906,481.04525298964523,-0.3894967707809087,0.9873967321185546,1.061442434165488,-0.019635623579631556,0.19817889015803303,0.19914926617396989,1.9465249727214684
78,1,470.86823,456.7229,457.54034,483.88705,444.02368,509.8365,1.379842761744686,458.247242553643,482.2169338647796,-0.36475506926302614,1.1716808751343706,1.2271439743195252,0.024741701517882575,0.18428414301581597,0.18593761631545597,1.8725959967097576
79,1,469.95053,458.30026,458.21185,485.18655,443.1443,508.9959,8.74107286330812,457.913453487132,483.47407215586446,-0.33378906651097395,1.257138291084857,1.3006966686487753,0.03096600275205219,0.08545741595048639,0.09089479230062936,1.8303231980266228
80,1,469.23065,459.4285,457.46347,486.34882,442.44418,509.95804,8.852282805966059,457.60731646864105,484.69660814085364,-0.30613701849097197,1.2225359849891788,1.2602833446031108,0.027652048020001985,-0.03460230609567816,0.04429396512889201,1.8161622070276557
81,1,469.33453,459.097,457.35547,486.32837,442.4574,510.93582,7.447293904206462,457.32551754343854,485.7644820977008,-0.2817989252025086,1.0678739568471656,1.1044299081235127,0.02433809328846337,-0.15466202814201324,0.15656527627133304,1.8288025647142179
82,1,470.17804,457.90918,457.11356,486.29858,443.14343,513.2273,2.7080491729825966,457.0617837301683,486.59109925764704,-0.26373381327022116,0.8266171599462382,0.8676701293577166,0.018065111932287437,-0.24125679690092738,0.2419322019079341,1.8796390436605397
83,1,470.65585,457.6371,456.75446,486.6145,443.44894,515.1686,0.644373487153909,456.7980059409758,487.2237246650806,-0.2637777891924884,0.6326254074335793,0.6854149314114619,-4.3975922267236456e-05,-0.19399175251265888,0.193991757497102,1.965835071138157
84,1,469.3851,457.6964,456.02252,486.88965,442.4141,515.5437,0.8091504160220787,456.51311606138245,487.74308831767706,-0.2848898795933792,0.5193636525964394,0.5923688438237151,-0.021112090400890793,-0.11326175483713996,0.11521260985622964,2.0725151748144772
85,1,469.58664,457.38303,455.71194,487.35638,441.48773,516.5032,1.1740320581045396,456.1860459769095,488.2299202131116,-0.3270700844729504,0.4868318954345341,0.5864981965611864,-0.04218020487957119,-0.03253175716190526,0.05326804771834402,2.1623675970210927
86,1,468.72845,458.1973,456.01544,487.68558,441.7253,516.42163,3.118724537553,455.80252846518187,488.7652815680088,-0.38351751172763215,0.5353613548971907,0.6585571061943757,-0.05644742725468177,0.04852945946265663,0.07444071788618258,2.1924254493482245
87,1,469.02762,459.07764,455.64993,488.6386,441.20453,517.52527,2.219290665921503,455.3754998722396,489.43155847478977,-0.42702859294229256,0.6662769067809791,0.7913774925406355,-0.04351108121466041,0.13091555188378834,0.137956862509647,2.1407602082416908
88,1,467.9994,462.19656,454.15643,491.46765,439.2893,519.9406,2.260619942212846,454.9246974362265,490.3114682448247,-0.45080243601307757,0.8799097700349421,0.9886678106008456,-0.023773843070785006,0.21363286325396302,0.21495161287238757,2.0442576469340747
89,1,466.97852,463.9641,453.38257,493.35327,438.65942,521.78406,2.551672750737735,454.4698583952862,491.44539075111226,-0.4548390409402714,1.133922506287547,1.2217441644750746,-0.004036604927193821,0.254012736252605,0.25404480777586014,1.9522678824542505
90,1,466.11063,465.66885,453.27475,493.79642,439.49564,520.8759,2.4394359274159205,454.0307199875629,492.7043561131659,-0.4391384077233056,1.2589653620536296,1.3333552879816342,0.015700633216965798,0.12504285576608254,0.12602470258465603,1.9064096987039723
91,1,463.90656,467.38785,453.53723,494.9354,439.75284,519.84705,8.33003592015944,453.62470698450994,493.9379976639165,-0.4060130030529763,1.233641550750633,1.2987370920962114,0.03312540467032932,-0.025323811302996546,0.041696376982693004,1.8887478299669014
92,1,463.65576,468.06018,454.01697,496.0728,439.79788,520.0084,11.724942013964712,453.25999429082,495.07971134345297,-0.3647126936899667,1.1417136795364513,1.1985514068988674,0.041300309363009546,-0.09192787121418178,0.100779209460342,1.8799941277224133
93,1,463.15277,468.67728,453.52582,496.6398,439.7222,520.18066,11.388422100318968,452.94244434449524,496.0838337436534,-0.317549946324732,1.0041224002004014,1.0531380550502651,0.047162747365234736,-0.13759127933604987,0.14544993945811,1.8770905019592024
94,1,463.16287,468.27332,452.68793,496.65952,438.72144,521.1131,9.47774261565368,452.67791958353774,496.904701456396,-0.26452476095749944,0.820867712742654,0.8624367518740018,0.05302518536723255,-0.18325468745774742,0.19077198630424244,1.8825390928976538
95,1,463.9763,466.9964,452.25082,496.17383,438.21954,522.9944,5.722930988939902,452.4633376638561,497.52903736068794,-0.21458191968162055,0.624335904291911,0.660182339692791,0.04994284127587889,-0.19653180845074303,0.20277830043578918,1.9018443480718639
96,1,464.9737,466.84006,452.44827,496.7584,438.6148,524.485,3.798956820253262,452.25983711298335,498.0731094840529,-0.20350055087277497,0.5440721233649697,0.5808846267791821,0.011081368808845582,-0.08026378092694131,0.08102512735791091,1.9287183379150834
97,1,465.25375,467.15912,452.25372,498.20978,436.7336,527.3575,5.315997154089572,452.01961167635875,498.6855721411437,-0.2402254366245984,0.6124626570908163,0.6578896311177291,-0.03672488575182342,0.06839053372584658,0.07762720101092556,1.9445854142283823
98,1,464.37872,468.77866,452.11374,499.63486,436.76895,528.036,6.704550492320627,451.6948550994214,499.51507964661306,-0.32475657693737503,0.829507505469337,0.8908139737869201,-0.08453114031277664,0.21704484837852078,0.23292483742665446,1.9439582968718903
99,1,462.25027,471.07617,451.344,501.25293,436.22046,528.1657,9.463089149449214,451.2663309780638,500.6636033089703,-0.4285241213575546,1.1485236623572632,1.225862767841411,-0.10376754442017955,0.31901615688792617,0.33546834668942443,1.9279078032797186
100,1,460.70142,474.88074,450.66104,504.09207,435.08463,529.07404,12.975201164189723,450.82908230999135,502.0463824121502,-0.43724866807247054,1.382779103179871,1.4502635780857487,-0.00872454671491596,0.23425544082260785,0.23441785185939887,1.8770576027180788
101,1,459.22308,477.98035,449.93817,506.29318,434.8232,529.74585,14.644896060778636,450.50672194336283,503.53197323394465,-0.32236036662851575,1.4855908217944602,1.5201632464221764,0.11488830144395479,0.10281171861458915,0.15417383465803294,1.784475078368277
102,1,460.0978,477.6758,450.49332,506.19592,435.7288,530.84973,12.304722553821914,450.422862726337,504.988932052145,-0.08385921702586074,1.4569588182003486,1.4593701950539988,0.238501149602655,-0.028632003594111666,0.24021363406684734,1.6282906047100665
103,1,461.76556,477.5605,452.79736,506.19305,437.93176,530.9709,13.570480712184647,450.63810619499236,506.3000819814118,0.21524346865538746,1.3111499292667759,1.3287000744393274,0.2991026856812482,-0.1458088889335727,0.33275012948724525,1.408083770379001
104,1,462.846,479.0506,453.62402,508.04037,437.50238,531.96533,16.327290837879932,450.96100863708716,507.4053134838817,0.3229024420948008,1.1052315024699055,1.15143504426549,0.10765897343941333,-0.20591842679687034,0.23236362248967965,1.286549283884521
105,1,461.38058,479.7273,452.16208,508.12952,437.2467,531.9075,14.11722242291964,451.1371150282995,508.25878385856026,0.17610639121232907,0.8534703746785794,0.8714500223649229,-0.14679605088247172,-0.2517611277913261,0.2914322322967205,1.3673106350697835
106,1,460.20273,478.56314,450.5385,507.09006,435.93802,532.7666,10.908817529860375,451.00301767476344,508.83844234524554,-0.134097353536049,0.5796584866852754,0.5949672775973782,-0.3102037447483781,-0.273811887993304,0.4137623874428107,1.7981356403658584
107,1,460.60144,477.20145,450.55292,506.19376,436.95267,533.8239,7.091602913404797,450.75949820443896,509.2174059469072,-0.24351947032448606,0.37896360166166687,0.4504610347316411,-0.10942211678843705,-0.20069488502360855,0.22858616869159387,2.1419470920139445
108,1,460.83246,477.76242,450.9775,507.52786,439.26932,537.0513,3.312866627798712,450.6314528599509,509.4889285785788,-0.1280453444880436,0.2715226316715871,0.3002001828029525,0.11547412583644245,-0.1074409699900798,0.157727092695262,2.011452668566341
109,1,460.38092,477.95612,450.7378,508.08102,439.5304,538.38116,2.5482953393509344,450.57604702076077,509.73164404038255,-0.055405839190143524,0.2427154618037548,0.24895903762461408,0.07263950529790009,-0.028807169867832272,0.07814314279396369,1.795225637795338
110,1,460.1429,477.83752,449.99805,508.50467,439.0807,539.4609,1.121521366397348,450.4835133505393,510.02053110371236,-0.09253367022148495,0.28888706332980973,0.30334504361202286,-0.03712783103134143,0.04617160152605493,0.05924772252646204,1.8807812511278144
111,1,459.57553,477.8529,450.18668,509.15417,438.75162,541.1628,2.962533269279888,450.2440845129568,510.4305685399622,-0.2394288375824658,0.41003743624986555,0.4748229853244821,-0.14689516736098085,0.12115037292005582,0.19040904141526255,2.099307979562484
112,1,459.06644,480.0791,448.93604,510.64578,438.54086,542.5086,0.266878611148663,449.7936940181759,511.0217917917068,-0.45039049478089055,0.5912232517445659,0.7432338334551205,-0.21096165719842475,0.18118581549470036,0.2780883322694163,2.2218031449689795
113,1,458.19507,482.78677,448.2948,512.1116,439.0744,542.9388,2.003009064160092,449.25107876232784,511.7944629862434,-0.5426152558480908,0.7726711945365992,0.9441674061021722,-0.09222476106720023,0.18144794279203325,0.20354056720310854,2.1830367514882325
114,1,457.8621,485.2398,447.7245,513.54755,438.13367,543.7675,2.0958315632638285,448.7806764880353,512.7339009220501,-0.4704022742925531,0.9394379358067226,1.0506293042231414,0.07221298155553768,0.16676674127012348,0.18173018653761608,2.035025651769443
115,1,457.39896,486.79285,448.31332,514.938,437.1952,544.14484,2.949420869685341,448.54692493792146,513.8254243976052,-0.23375155011382276,1.09152347555505,1.1162720478756023,0.23665072417873034,0.1520855397483274,0.2813069082956506,1.781761475166614
116,1,457.6434,488.87808,449.26172,517.0929,436.81836,544.3867,7.963459976764514,448.6360252769321,515.0407775724037,0.08910033901065617,1.2153531747985653,1.2186148734956284,0.32285188912447893,0.12382969924351528,0.3457848127462863,1.497614946556608
117,1,458.6495,489.28336,450.93378,518.325,437.02652,546.02045,11.784987536667812,448.8212323593058,516.2974060500102,0.18520708237366534,1.256628477606455,1.270203445945917,0.09610674336300917,0.0412753028078896,0.10459520420041393,1.4244656735444083
118,1,457.67752,489.43796,450.04465,518.60864,436.53946,546.4192,11.238466973598534,448.8600228829157,517.4991807950066,0.03879052360991864,1.2017747449964418,1.2024006164474443,-0.1464165587637467,-0.05485373261001314,0.15635453514838804,1.538529830194245
119,1,455.84464,489.82544,448.40747,518.76355,436.29575,546.6303,9.07798589750788,448.75970723088386,518.5499727719746,-0.10031565203183845,1.0507919769679575,1.055569518744645,-0.1391061756417571,-0.15098276802848432,0.20529569976796513,1.6659745871908869
120,1,457.0309,489.04782,447.97165,518.564,436.1721,547.5875,5.061711912776236,448.57954191074697,519.3860939367482,-0.18016532013689357,0.8361211647736582,0.8553117237373098,-0.07984966810505512,-0.2146708121942993,0.22904044862130263,1.7830288697618557
121,1,456.71112,489.07678,447.9805,519.00616,437.3126,549.9834,2.740240349026443,448.33673424245137,520.0736202101702,-0.24280766829559752,0.6875262734220087,0.7291419206359621,-0.06264234815870395,-0.1485948913516495,0.16125912538099912,1.910284662895315
122,1,456.3319,489.02966,447.85983,520.1215,436.24545,552.7141,4.3713459432451165,448.03797924904575,520.7110685043352,-0.2987549934056233,0.637448294164983,0.703984995449932,-0.05594732511002576,-0.05007797925702562,0.07508599865110677,2.009069999023197
123,1,455.70215,490.1429,447.24725,521.44275,435.14996,554.2151,5.144299368989707,447.68997195357895,521.3969557313384,-0.3480072954668003,0.6858872270031497,0.7691231148939597,-0.04925230206117703,0.04843893283816669,0.06908052889798867,2.0403326172359715
124,1,455.35135,491.57632,446.81213,522.3934,434.64566,554.74243,5.123537971239158,447.2994073790997,522.2297988032747,-0.3905645744792423,0.8328430719362814,0.9198740507865267,-0.042557279012441995,0.14695584493313163,0.15299392915064788,2.0092996167807087
125,1,454.41238,494.21234,446.0838,523.71814,434.25586,554.7218,5.119138320382069,446.8762957775107,523.2897217409976,-0.42311160158902794,1.0599229377229449,1.14125372345963,-0.03254702710978563,0.2270798657866635,0.2294004673477677,1.9506050176225733
126,1,454.1567,497.50443,445.2864,525.7434,434.00732,555.0632,3.603044297444268,446.44390831612907,524.5832770003958,-0.4323874613816088,1.2935552593982038,1.363907667650852,-0.009275859792580832,0.23363232167525894,0.23381638801902505,1.8933832084301017
127,1,453.37347,500.21762,444.65588,528.27954,432.70294,556.33606,5.817800665882126,446.02883139112583,526.0724632674552,-0.415076925003234,1.489186267059381,1.5459510314587568,0.017310536378374763,0.19563100766117714,0.19639538138213583,1.8426245018651048
128,1,453.73456,501.05838,446.02615,529.0967,432.80707,556.1948,10.631971129871577,445.6576513986718,527.614635713518,-0.37117999245401734,1.5421724460628639,1.586212608761411,0.04389693254921667,0.0529861790034829,0.0688075275868826,1.8069902586804987
129,1,453.4747,502.232,446.12766,530.87415,432.28467,556.5633,13.931809505335115,445.34807589480556,529.0673316078821,-0.309575503866256,1.4526958943640693,1.4853155739088812,0.06160448858776135,-0.08947655169879454,0.10863317319339738,1.7807596831183348
130,1,452.89163,502.68604,445.37524,531.53296,431.68958,557.04395,13.60751607400549,445.0822970750361,530.3934601263134,-0.2657788197694799,1.3261285184312328,1.3524996223417862,0.04379668409677606,-0.1265673759328365,0.1339307663996468,1.7685929033609449
131,1,452.21124,502.69812,444.8769,531.77185,431.72928,558.5601,11.98324374489228,444.83362829473924,531.5822734211937,-0.24866878029683903,1.1888132948803332,1.2145423880534394,0.017110039472640892,-0.13731522355089965,0.13837710818480373,1.776997235981589
132,1,452.10126,502.66208,444.21475,531.5865,432.0791,558.79834,8.78391317767547,444.57538290929176,532.6230236449055,-0.25824538544748066,1.0407502237118251,1.0723113854012425,-0.009576605150641626,-0.14806307116850803,0.14837245165482024,1.8140178668315352
133,1,451.89398,503.16864,443.4113,532.48474,431.66864,560.32086,6.734466781938944,444.28229967166294,533.5214454814261,-0.2930832376288208,0.8984218365205834,0.9450182963921967,-0.03483785218134017,-0.14232838719124175,0.146530016532685,1.886131344646288
134,1,451.9685,503.24243,443.85132,534.1941,431.26132,562.5742,9.227925762819378,443.93481892519503,534.3492037411136,-0.34748074646790883,0.8277582596874709,0.8977341508747039,-0.054397508839088005,-0.07066357683311253,0.08917639855223945,1.9682417953969873
135,1,452.0892,504.16507,443.56097,534.2923,431.42453,562.99255,7.116538476560403,443.5148064108238,535.1944457659207,-0.4200125143712512,0.8452420248071348,0.9438456403080567,-0.07253176790334237,0.017483765119663985,0.07460924472170928,2.0319720125868863
136,1,450.80563,506.95724,442.8486,535.91235,431.0343,563.4294,7.870107807156446,443.0041278694847,536.1453188978006,-0.5106785413390753,0.9508731318799164,1.0793295537116208,-0.09066602696782411,0.10563110707278156,0.13920581606941448,2.063652682541899
137,1,449.82913,509.0134,441.7313,537.7017,429.9654,564.82886,7.685156469757727,442.42953038949344,537.2631021905369,-0.5745974799912688,1.1177832927362488,1.256822085075134,-0.06391893865219345,0.16691016085633237,0.17873061437680343,2.0456213469253828
138,1,449.363,510.9454,441.4244,538.97314,429.60626,565.2826,8.375220990923003,441.9972864486859,538.5016015452356,-0.43224394080755246,1.2384993546987744,1.311760449149967,0.1423535391837163,0.1207160619625256,0.18664645116870068,1.906585517648566
139,1,449.98135,512.0749,442.44772,540.0255,429.62308,565.38806,11.738899149749782,441.9585498722783,539.7877545748335,-0.038736576407586654,1.2861530295978127,1.2867362347798452,0.3935073643999658,0.04765367489903838,0.39638228841408985,1.6009053956096753
140,1,451.20508,514.02515,445.1151,541.9969,431.97733,565.9669,16.44413676330195,442.4246011802165,541.0484988922667,0.46605130793818716,1.2607443174332502,1.3441279907698995,0.5047878843457738,-0.02540871216456253,0.50542695895267,1.2167123150402734
141,1,452.5916,512.65405,446.35327,541.9216,431.57248,567.70026,17.79630722626386,442.9472276713675,542.2107721104722,0.5226264911510157,1.1622732182055415,1.2743694452593757,0.056575183212828506,-0.09847109922770869,0.11356631868066501,1.1482260999519824
142,1,450.39774,514.96094,444.16858,543.48114,431.19812,567.70526,15.845567308936351,443.0675716786231,543.2135811144925,0.12034400725559635,1.0028090040202642,1.0100042468358483,-0.4022824838954193,-0.15946421418527734,0.4327355225247822,1.4513605914659418
143,1,448.68817,515.46533,441.9282,543.7587,430.46692,567.96405,11.900208692234184,442.8436888920567,544.0442098777924,-0.22388278656637794,0.8306287632998419,0.8602718433970458,-0.3442267938219743,-0.17218024072042226,0.38488715343526153,1.8340738784173898
144,1,448.21454,515.1502,441.0087,543.25836,430.9649,569.705,6.41682944840816,442.4628633410363,544.7020116459425,-0.3808255510203935,0.6578017681501933,0.760086354627885,-0.15694276445401556,-0.1728269951496486,0.23345278230709796,2.095584069575925
145,1,449.1502,513.47516,442.01932,542.41406,433.34958,571.0597,2.996043601077794,442.11237905493044,545.1863396645138,-0.3504842861058819,0.48432801857120467,0.597840166248688,0.030341264914511612,-0.17347374957898865,0.17610716666168427,2.197219495492087
146,1,449.02914,513.4551,442.0589,542.9897,433.70255,572.13165,2.721172732768888,441.9288518857312,545.5210995929906,-0.1835271691992375,0.3347599284768421,0.3817675098120661,0.1669571169066444,-0.14956809009436256,0.22415461730746095,2.072283578863139
147,1,449.037,513.376,442.22803,543.9565,433.67773,573.6529,3.5097263411991886,441.8462249759275,545.828406746514,-0.08262690980370735,0.30730715352342486,0.31822145249869593,0.10090025939553016,-0.027452774953417247,0.10456824182670495,1.8334583909775726
148,1,448.55267,514.6009,441.90894,544.96985,433.34598,575.08295,3.533632922343374,441.747773290632,546.2549288541383,-0.09845168529551529,0.4265221076242369,0.43773718442662407,-0.01582477549180794,0.11921495410081207,0.12026067021526553,1.7976474999369227
149,1,447.99786,516.4464,440.73526,547.68866,431.97275,577.7113,3.183953215001272,441.5167717949573,546.9473336449184,-0.23100149567466133,0.6924047907801878,0.7299219720622789,-0.13254981037914604,0.26588268315595087,0.29709098511021054,1.8928066906134446
150,1,447.70773,519.1939,440.60815,549.47015,431.74463,577.91895,4.107943441376047,441.09888642579955,547.9993482088842,-0.41788536915777286,1.052014563965713,1.1319729787199415,-0.18688387348311153,0.3596097731855252,0.40527123157040956,1.9489072595240153
151,1,447.91284,521.00946,440.0539,550.49963,430.6215,578.71484,3.5627688414273755,440.6893470071878,549.2929370799666,-0.40953941861175736,1.2935888710824202,1.3568694494258269,0.008345950546015501,0.24157430711670713,0.24171843278788996,1.8774044533747074
152,1,447.69418,522.6002,439.92975,551.28143,430.39557,579.0531,3.7998845016131,440.47171166055347,550.6663022383776,-0.21763534663432438,1.3733651584110476,1.3905024280604634,0.19190407197743298,0.0797762873286274,0.2078254769306677,1.7279581243875877
153,1,448.91815,525.1576,441.68808,553.58264,431.37885,579.0528,7.765134388109208,440.33328780980435,551.9943580055541,-0.13842385074912045,1.3280557671764655,1.335250269869617,0.07921149588520393,-0.04530939123458211,0.09125459996307093,1.674651765886885
154,1,447.4922,527.21265,440.1427,554.3976,431.40482,578.71375,4.6372604564025055,440.12329484582193,553.1862718079688,-0.2099929639824154,1.1919138024146605,1.2102708611334465,-0.07156911323329496,-0.13614196476180496,0.15380758283714344,1.7451879937656716
155,1,446.08456,527.55884,438.73367,554.85175,430.9275,579.3296,2.6139673159624044,439.8348507249042,554.2515111510154,-0.2884441209177453,1.0652393430466418,1.103600864835857,-0.07845115693532989,-0.1266744593680187,0.14900000899554194,1.8352338057123903
156,1,445.7768,527.5685,438.67355,555.3338,431.21576,580.79016,1.978431290223645,439.49704804470343,555.2246185598177,-0.33780268020075255,0.9731074088023206,1.0300721721397867,-0.04935855928300725,-0.0921319342443212,0.10452062323816323,1.9049193190208853
157,1,446.2846,527.06445,438.97037,555.7049,431.5086,582.5332,1.2169182639019185,439.1389794028719,556.1401365594999,-0.35806864183155085,0.9155179996821516,0.9830495206270636,-0.0202659616307983,-0.057589409120168966,0.06105120181971187,1.9436158725768193
158,1,446.10077,527.7607,438.9518,556.91284,428.3917,583.66235,7.764325517306174,438.789737397062,557.0326076751854,-0.349242005809856,0.8924711156855665,0.9583708420831318,0.008826636021694867,-0.023046883996585166,0.024679310472773237,1.943797825201111
159,1,444.15695,529.03894,438.6439,557.03015,429.53058,583.46564,7.878832298876565,438.4787332402011,557.9365744319982,-0.31100415686091765,0.9039667568127925,0.9559704404464651,0.038237848948938336,0.011495641127226008,0.039928471760985226,1.9021551306894902
160,1,444.55426,529.50104,438.42804,558.7704,427.519,586.4005,9.723625572742897,438.236652606317,558.8865793550618,-0.24208063388408618,0.9500049230636023,0.98036339545436,0.06892352297683146,0.04603816625080981,0.08288525062563917,1.8203066654379398
161,1,444.3474,531.1009,438.17703,560.3946,427.2853,587.12946,10.27107705411602,438.09449978471247,559.9171649695004,-0.14215282160455445,1.0305856144385643,1.040343276701421,0.09992781227953174,0.08058069137496204,0.12836983870613927,1.7078654355012255
162,1,443.9559,532.8752,438.52075,562.2574,429.30853,589.15314,8.42699595697566,438.08327906469026,561.0628738004377,-0.011220720022208752,1.1457088309373376,1.1457637757607881,0.1309321015823457,0.11512321649877322,0.17434612184328363,1.5805897062203365
163,1,442.9028,534.3294,438.74557,562.90564,429.1398,588.5321,12.27067119090244,438.23689726868776,562.3354175069559,0.15361820399749604,1.2725437065181495,1.281782367486137,0.1648389240197048,0.12683487558081197,0.20798787593408916,1.4506602166570692
164,1,442.5512,540.646,441.60706,563.6808,432.5304,581.8577,24.188118887442315,438.60087135167987,563.6551842839704,0.3639740829921152,1.319766777014479,1.3690366973902257,0.21035587899461916,0.047223070496329456,0.21559131293885697,1.3016989033862492
165,1,446.5413,536.26587,442.09027,565.7618,430.88315,591.016,15.348989275001356,439.1623605933363,564.9197314603557,0.5614892416564317,1.2645471763853493,1.3836002781873362,0.19751515866431646,-0.05521960062912967,0.2050888641438893,1.1529231803104778
166,1,444.27368,538.69183,441.1429,566.56866,430.9049,592.2568,15.32191074396382,439.6634834395692,566.0266163649856,0.5011228462328745,1.106884904629851,1.2150383940904794,-0.06036639542355715,-0.1576622717554983,0.16882385385820883,1.1456723194298128
167,1,443.54,537.8187,439.679,567.1394,429.96515,592.53516,13.43008814792635,439.85905976164884,566.9081137236232,0.1955763220796598,0.8814973586376027,0.902932827536621,-0.3055465241532147,-0.2253875459922483,0.37968174081791034,1.3524646714470547
168,1,443.5924,536.2926,439.1341,566.0554,429.794,592.62103,10.85168125036751,439.7997559660388,567.6353678495877,-0.05930379561004884,0.7272541259645777,0.7296680778999862,-0.25488011768970864,-0.15424323267302498,0.2979175208324355,1.6521611035740176
169,1,443.4502,536.2452,439.19174,566.876,429.92444,595.3762,10.097945345116914,439.6102000930005,568.3142404530882,-0.18955587303827315,0.6788726035005084,0.7048400107732679,-0.1302520774282243,-0.04838152246406935,0.13894738353171457,1.8430830446162187
170,1,443.01196,537.1992,439.1411,568.16785,430.12476,596.3448,10.6195993225967,439.41502018279584,569.0505932443327,-0.19517991020467207,0.7363527912444852,0.7617812222160955,-0.005624037166398921,0.057480187743976785,0.057754668877345795,1.8299009609382513
171,1,442.4544,538.6762,438.93454,569.3606,431.30908,596.40924,9.200114074802512,439.2919683571866,569.9261742940305,-0.12305182560925232,0.8755810496977574,0.8841854592649647,0.07212808459541975,0.13922825845327225,0.1568023231311807,1.7104192331419148
172,1,441.81207,540.1779,438.5298,570.8268,430.67175,596.97736,10.612406757258553,439.1312930639351,570.9262771148923,-0.16067529325147234,1.0001028208617981,1.0129275404278297,-0.03762346764222002,0.12452177116404073,0.1300815006496116,1.730093853402241
173,1,440.27194,542.5579,437.15015,572.46094,428.85092,597.8991,12.108999051647144,438.7763668323044,572.0120815801298,-0.3549262316307136,1.0858044652375156,1.142341440476229,-0.19425093837924123,0.08570164437571748,0.21231627094953823,1.88672640607642
174,1,440.7576,546.5724,436.5778,574.5979,430.8738,602.37286,3.1224258646047938,438.1879536369399,573.1447675629544,-0.5884131953645237,1.1326859828245688,1.276404177432191,-0.23348696373381017,0.04688151758705317,0.23814709514268437,2.049910022378499
175,1,440.80304,546.7992,437.27255,574.6888,431.1688,602.4814,5.171990847789706,437.7963832340187,574.2855149365778,-0.3915704029211611,1.1407473736234124,1.2060812372608047,0.19684279244336267,0.008061390798843604,0.19700779415676029,1.9014521268237219
176,1,442.07935,546.7376,439.1599,575.64746,431.28918,602.8007,10.398486763111569,437.94625601998854,575.4081591801503,0.14987278596981923,1.1226442435724948,1.1326040568534153,0.5414431888909803,-0.01810313005091757,0.5417457430511792,1.4380812356298618
177,1,441.82715,548.0912,438.91907,577.00275,431.031,602.5003,11.446422780488696,438.1696891708467,576.5371581965769,0.2234331508581704,1.1289990164266328,1.1508958041433266,0.07356036488835116,0.006354772854137991,0.07383434445117702,1.3754171920639864
178,1,441.18167,548.68304,438.08328,578.2027,430.2075,603.60706,11.232507617683105,437.99534360180223,577.709625494702,-0.17434556904447618,1.1724672981250706,1.185358993140114,-0.39777871990264657,0.04346828169843775,0.4001467249912248,1.718414373423
179,1,441.2096,549.0511,437.24817,579.1965,430.3615,605.5247,7.171979404332203,437.7505384053605,578.9626745833692,-0.24480519644174592,1.2530490886672396,1.2767386587766039,-0.07045962739726974,0.08058179054216907,0.10704197335598822,1.7637337163810765
180,1,441.85464,549.778,437.69376,580.48145,431.19016,607.39874,5.865514198567738,437.78712219831186,580.2365090320822,0.036583792951375926,1.2738344487129325,1.2743596731827673,0.28138898939312185,0.02078536004569287,0.282155621145338,1.5420847938375792
181,1,442.25488,551.1764,438.18347,582.22876,431.48074,609.8148,6.187131292634144,437.5215304792534,581.0836926529817,-0.26559171905847734,0.8471836208995001,0.8878395399805221,-0.30217551200985326,-0.42665082781343244,0.5228202070810807,1.8745915956868462
182,1,439.55692,545.66064,430.35745,576.6537,418.55072,606.1216,5.302045543655857,436.0730742534815,581.3056744691008,-1.4484562257719062,0.22198181611918244,1.4653673139063004,-1.182864506713429,-0.6252018047803176,1.3379259089885993,2.989521767746036
183,1,439.98642,547.0752,432.604,580.0867,418.7695,608.64703,13.239581880509643,435.06596106902623,581.8272885640422,-1.0071131844552497,0.5216140949413557,1.1341773363742917,0.4413430413166566,0.29963227882217325,0.5334446387684524,2.663704178687665
184,1,439.12164,551.14343,435.97186,584.13855,428.96973,613.04297,8.164597672320717,434.76557826122416,582.8437285194467,-0.30038280780206605,1.0164399554045076,1.0598962280175217,0.7067303766531836,0.4948258604631519,0.862740086855508,1.858142025103102
185,1,437.31372,553.6124,434.986,585.7097,428.8106,613.11224,8.552007141842418,434.6856386210328,584.1453784135714,-0.07993964019135547,1.3016498941246937,1.3041022938975109,0.2204431676107106,0.2852099387201861,0.3604717732236688,1.6321333766901815
186,1,437.3116,553.79395,436.0942,586.13153,429.70984,613.2837,11.075760200676536,434.79644461520826,585.4863688339167,0.11080599417545045,1.3409904203452925,1.3455605805028081,0.19074563436680592,0.039340526220598804,0.19476029891461155,1.4883536509902597
187,1,442.384,557.44946,442.73962,586.8169,432.33392,614.2072,21.495792562956893,436.2800992683868,586.6208303679839,1.4836546531785189,1.1344615340672135,1.8676814777087678,1.3728486590030684,-0.20652888627807897,1.3882966618823898,0.652804989699637
188,1,443.9253,557.9102,443.6723,587.1657,432.5148,614.41223,21.773723677522945,437.8950972310463,587.4267885926297,1.6149979626595155,0.8059582246457921,1.8049340927769588,0.1313433094809966,-0.32850330942142136,0.35378735031971814,0.46288409369447814
189,1,443.23517,558.2561,443.30457,587.35187,432.78946,614.2905,21.45910782463292,439.19758086767337,588.2778490421339,1.3024836366270733,0.8510604495041889,1.555881586879785,-0.3125143260324421,0.04510222485839677,0.31575214118464645,0.5787711585390628
190,1,441.09125,559.9566,442.12158,590.13477,431.25906,616.5333,24.321681073393915,440.15210235998046,589.3746708047465,0.9545214923070944,1.0968217626126489,1.4540045592146127,-0.34796214431997896,0.24576131310845994,0.4260003250005243,0.8546565248601077
199,1,440.97205,572.4479,442.74527,599.08234,435.5465,624.65155,19.532956219621724,440.9934437808375,592.3894442924491,0.8413414208570202,3.0147734877025414,3.129970378231055,-0.11318007145007414,1.9179517250898925,1.9212882522798964,1.2986475790351681
200,1,441.04788,574.11237,441.93555,600.54474,435.41696,625.4808,16.57339172744869,441.5370332528504,595.1243682079489,0.5435894720129113,2.7349239154998486,2.7884221950157224,-0.29775194884410894,-0.2798495722026928,0.40862208225020713,1.3745947673503205
201,1,440.7115,574.24304,441.95673,600.5197,435.27487,625.51056,17.682316278324304,441.9861031268065,597.4802421989117,0.4490698739560912,2.3558739909627775,2.3982923118314465,-0.09451959805682009,-0.3790499245370711,0.3906568823256312,1.3824388464746187
208,1,440.52927,582.8187,441.22244,610.11127,435.78928,636.1212,13.253621253048184,442.1730049025902,601.5918886451902,0.18690177578372413,4.111646446278542,4.115892220768915,-0.2621680981723671,1.755772455315764,1.775237738035349,1.5253709223255967
209,1,440.3442,584.4273,440.47427,611.1387,435.33554,636.7256,11.634910485057834,442.080019892777,604.9632260247769,-0.09298500981321922,3.3713373795866346,3.3726194477064912,-0.27988678559694335,-0.740309066691907,0.7914506472156251,1.598370381766934
210,1,440.4834,585.9161,440.42374,612.34106,434.48538,637.38354,13.210846512462892,442.0201393474938,608.3489833578426,-0.05988054528319253,3.385757333065726,3.386286815689384,0.03310446453002669,0.014419953479091419,0.03610873343332546,1.588480495245005
211,1,440.35245,586.68774,440.9491,613.28613,434.17587,637.9659,16.631718112885743,441.9992598542816,611.3111394677711,-0.020879493212191846,2.9621561099285145,2.9622296961619345,0.039001052071000686,-0.4236012231372115,0.42539285173353175,1.5778449584839302
212,1,439.64,596.5241,441.24344,613.7761,435.677,627.2574,27.745707129462136,442.0003827121698,613.4184158234254,0.0011228578882196416,2.107276355654335,2.107276654810576,0.022002351100411488,-0.8548797542741795,0.8551628486562237,1.5702634788943652
216,1,440.11755,586.3883,440.03745,615.8189,434.7429,642.1454,11.215207808614258,441.7704471927445,615.8737980286969,-0.2299355194253394,2.4553822052714622,2.466124919191473,-0.23105837731355905,0.3481058496171272,0.4178105506858784,1.664169527545112
217,1,439.97675,586.7751,439.73517,616.1084,434.77017,642.40875,10.218676140208595,441.5407439596488,617.7332108016546,-0.22970323309567675,1.8594127729577394,1.8735472867085572,0.0002322863296626565,-0.5959694323137228,0.5959694775819312,1.6937089588609675
218,1,440.16785,587.5268,439.97247,617.1129,434.3848,644.58923,11.11676802823502,441.2097677496023,619.1423697940529,-0.330976210046515,1.409158992398261,1.4475062409100823,-0.10127297695083826,-0.4502537805594784,0.46150263571142036,1.8014898201742875
220,1,439.58572,597.16644,438.53424,620.0203,436.10657,641.0205,3.9599754486198537,440.42736232765935,621.2523716007222,-0.7824054219429399,2.1100018066692883,2.2503923809934503,-0.45142921189642493,0.7008428142710272,0.8336479974598158,1.9258867101838875
221,1,440.18436,594.08984,438.16815,621.5004,435.07898,648.2878,2.371411059444013,440.08720579607865,622.8275948216688,-0.34015653158070336,1.5752232209465546,1.6115317749849838,0.4422488903622366,-0.5347785857227336,0.6939540451458127,1.7834724974248088
222,1,441.74542,603.2129,439.27258,623.68335,435.13535,646.72003,3.29348536762436,439.85526183763557,624.6263356206908,-0.23194395844308247,1.7987407990220845,1.8136334971335453,0.1082125731376209,0.22351757807552985,0.24833459020808102,1.6990366370566674
223,1,441.43042,606.17065,439.1273,624.7377,435.6626,645.3742,2.459413081353559,439.7549959316309,626.2939323430205,-0.10026590600466534,1.6675967223296766,1.6706082964691684,0.13167805243841713,-0.1311440766924079,0.1858436933163961,1.6308500203197671
224,1,441.3088,599.73987,439.67047,625.54565,434.98358,651.7025,6.52600217990218,439.6811901139361,627.6376273097312,-0.07380581769479022,1.3436949667107,1.3457204250100636,0.02646008830987512,-0.3239017556189765,0.3249807433778524,1.6256686964738418
225,1,441.40775,598.37213,440.63644,624.88367,437.41577,651.59863,5.207781526022243,439.4964555595662,628.5069027728301,-0.1847345543699248,0.8692754630989157,0.8886881828426036,-0.11092873667513459,-0.4744195036117844,0.4872156093841753,1.780196599211099
235,1,440.50748,607.3321,437.85037,634.07587,447.1013,655.37885,29.14707174876649,439.18717971181485,631.1278584269137,-0.3092758477513371,2.6209556540835592,2.6391400286219913,-0.12454129338141229,1.7516801909846436,1.756101940447966,1.6882543391776053
236,1,468.12662,652.413,450.11398,637.91547,442.77704,607.50934,37.60493353604997,441.686366402358,634.1930276701955,2.4991866905431266,3.0651692432818436,3.9548952709457295,2.8084625382944637,0.44421358919828435,2.843376081673299,0.8867652730997568
237,1,455.66962,637.1255,463.64395,642.2833,476.15628,642.80176,30.52234909178314,446.53667341501574,637.4073455919502,4.850307012657765,3.2143179217546276,5.818704135729027,2.351120322114639,0.149148678472784,2.355846365396229,0.5852542082790216
238,1,457.6295,634.1775,467.00586,641.8184,484.62012,651.45215,10.50161090467133,451.80500508286633,640.2380522512569,5.268331667850589,2.8307066593067702,5.980653706203116,0.4180246551928235,-0.38361126244785737,0.567364268372549,0.4930451949356659
239,1,456.24292,633.16,467.51526,641.88544,485.99182,652.11884,8.761812811934085,456.42229458513805,642.3619875918982,4.617289502271717,2.12393534064131,5.082367920469131,-0.6510421655788718,-0.7067713186654601,0.960927467736114,0.43113555347382787
240,1,485.6941,652.20496,467.121,641.8962,456.66534,632.63855,12.490292370982267,460.18065336499996,643.9336500022536,3.758358779861908,1.5716624103553158,4.07374317431634,-0.8589307224098093,-0.5522729302859943,1.0211598187483268,0.3960780677104984
241,1,485.61304,652.2569,466.22125,642.05225,456.76193,631.4918,20.393203357765948,463.02626371664934,645.1843126731626,2.845610351649384,1.250662670909037,3.1083203486480375,-0.9127484282125238,-0.3209997394462789,0.9675487201836461,0.41409288037451214
242,1,485.11734,650.8169,465.1168,642.50446,454.00925,629.3863,27.176124211404947,465.1053757472141,646.1746895607131,2.0791120305647723,0.9903768875504966,2.302944466337254,-0.7664983210846117,-0.26028578335854036,0.809486482434449,0.44454605238150036
243,1,484.9059,650.9507,464.6749,642.90076,454.39032,629.5365,30.722002097099345,466.6142565170544,646.9228548123042,1.5088807698402888,0.7481652515911037,1.6841830130013193,-0.5702312607244835,-0.24221163595939288,0.6195402870690164,0.460315037527056
244,1,481.61826,647.6516,464.6179,643.0082,459.31433,633.82513,44.71495340940576,467.7491730865307,647.446882575335,1.1349165694762746,0.5240277630308583,1.2500562851723602,-0.37396420036401423,-0.2241374885602454,0.43598949176785295,0.4325676531776528
245,1,481.1604,654.4732,464.90637,643.1512,458.248,630.0834,28.140177700011883,468.663618428131,647.7648469972046,0.9144453416002989,0.317964421869533,0.968148571423474,-0.22047122787597573,-0.2060633411613253,0.30177750560919736,0.33463584333932156
246,1,482.10083,651.3328,465.44717,643.08844,462.99072,634.7439,47.2590389897457,469.3399891628569,647.8948222253123,0.6763707347259356,0.12997522810769624,0.688745911577956,-0.23807460687436333,-0.18798919376183676,0.30334708735969107,0.1898513165866412
247,1,480.3357,649.8965,465.3129,643.4538,466.24826,637.9116,76.36705415135137,469.71790782383744,647.8548824070573,0.3779186609805265,-0.03993981825499304,0.38002329323287015,-0.29845207374540905,-0.16991504636268928,0.34343087121481947,-0.10529279075971688
248,1,477.20837,646.35614,464.9391,643.7741,469.60156,642.1123,148.49858034126183,469.73699694420196,647.6631016898388,0.01908912036452648,-0.19178071721853485,0.19272840479064576,-0.35882954061600003,-0.1518408989635418,0.3896335429820514,-1.4715869211483676
249,1,468.13345,639.0029,464.40695,642.9103,479.31714,645.9252,122.21162642530123,469.41257892746324,647.3615394966095,-0.3244180167387185,-0.30156219322930156,0.4429297980153853,-0.343507137103245,-0.10978147601076671,0.36062324622238384,-2.392690332499109
250,1,461.07568,632.90717,462.72504,642.4316,483.98846,647.86896,65.83145159878602,469.06277565866884,647.0881963525372,-0.34980326879440327,-0.2733431440722143,0.443935582343354,-0.02538525205568476,0.028219049157087284,0.03795689340898114,-2.478284326628818
254,1,440.52814,618.9086,455.793,642.0313,487.8341,655.0754,34.41702674545041,466.6010031209217,646.3549607361379,-2.4617725377471515,-0.7332356163993836,2.568649157974408,-2.1119692689527483,-0.45989247232716934,2.1614613758066556,-2.8521107454450756
255,1,446.4005,617.07135,452.3887,641.7386,473.20694,648.87585,57.431272636970455,463.9714951139655,645.6877189489363,-2.6295080069562005,-0.667241787201533,2.7128442567229447,-0.16773546920904892,0.06599382919785057,0.18025086164280843,-2.893086228978379
256,1,452.53113,626.87646,450.21674,640.3846,457.65637,632.53253,146.26717070398715,460.915899297264,644.8312157338833,-3.055595816701498,-0.8565032150530669,3.1733678564641594,-0.42608780974529736,-0.18926142785153388,0.4662303182826553,-2.868299802417458
257,1,462.85236,640.1974,450.38107,640.58765,448.29974,620.8876,85.7613736513834,458.2146505960474,643.9686724122189,-2.7012487012165707,-0.8625433216643614,2.83561730978847,0.35434711548492714,-0.0060401066112945045,0.35439859077084956,-2.8325131886513084
258,1,456.89835,632.67816,450.75104,640.8195,454.59567,629.1874,161.23423641615273,456.2214558999005,643.3831791934417,-1.9931946961469293,-0.5854932187771738,2.0774088201368324,0.7080540050696413,0.2770501028871877,0.7603270569991318,-2.8558831883382787
259,1,439.14093,616.4614,453.6486,643.28253,482.2796,655.83246,37.92139397674965,455.05241564935966,643.295240872178,-1.1690402505408315,-0.08793832126366397,1.1723430623035398,0.8241544456060979,0.4975548975135098,0.962700070765539,-3.066511391638599
260,1,468.86575,647.2009,454.34418,644.6277,450.87537,627.4144,68.55779057499998,454.29993252441346,643.5751516953017,-0.7524831249461954,0.2799108231236005,0.8028579713937721,0.4165571255946361,0.36784914438726446,0.5557272999503515,2.785469769503023
261,1,479.25684,661.82294,454.3625,645.1358,438.61334,619.00116,25.09150795557458,453.5647678976249,644.030180810217,-0.7351646267885599,0.4550291149153054,0.8645915358721532,0.01731849815763553,0.1751182917917049,0.17597257314275064,2.587356748040706
262,1,445.4297,630.80634,454.10812,646.6747,474.6452,650.31537,51.27304410628816,453.0048156724042,644.5657075141997,-0.5599522252206839,0.5355267039827822,0.7748131034051102,0.17521240156787599,0.08049758906747684,0.19281920938759967,2.3784874564473015
263,1,436.18198,621.4901,453.5481,646.4361,482.397,661.5705,27.47443838567239,452.841250650083,645.1116386419937,-0.1635650223212224,0.545931127794006,0.5699072844080669,0.3963872028994615,0.01040442381122375,0.39652372773555733,1.8618929266859219
264,1,462.8345,646.94434,456.25314,646.65656,457.72174,635.79724,95.19811179658426,452.9912386928314,645.5978810283436,0.1499880427484186,0.48624238634988615,0.5088497531204407,0.313553065069641,-0.05968874144411984,0.31918375658819087,1.2715930263548871
265,1,473.49033,658.8593,457.1128,646.3411,446.46796,625.6072,25.431433559662896,453.31442093474715,645.9729889492025,0.3231822419157311,0.375107920858909,0.49512898701325464,0.1731941991673125,-0.11113446549097716,0.20578411028350052,0.8596227319920231
266,1,473.09613,659.8468,456.94208,646.3373,446.4561,625.1313,23.78291625812656,453.74434853679713,646.2601064453648,0.42992760204998604,0.28711749616229554,0.5169856860755014,0.10674536013425495,-0.08799042469661345,0.13833613681349566,0.5888058598609534
267,1,444.49136,624.4684,456.95456,646.71466,475.3265,660.5908,23.67742447301077,454.2330501666658,646.5010249988342,0.4887016298686717,0.2409185534693279,0.5448587270495441,0.05877402781868568,-0.04619894269296765,0.07475779994074028,0.45801326000095705
268,1,447.8077,626.55743,457.23444,646.941,473.79483,658.4555,30.36990148886845,454.7325544920375,646.7375360916142,0.49950432537167444,0.23651109278000604,0.5526681355687192,0.010802695503002724,-0.0044074606893218515,0.011667216457172324,0.4422168826831527
269,1,440.88614,622.5958,457.34418,647.12085,479.40866,663.13965,20.155953697176336,455.20983774581134,647.0053921070049,0.47728325377386227,0.2678560153907483,0.5473080935944341,-0.02222107159781217,0.03134492261074229,0.038422391862409054,0.5114087891730114
270,1,446.37677,626.6086,457.7171,647.18384,475.4959,658.6818,28.246328597068427,455.6916664217449,647.3161890334917,0.4818286759335706,0.3107969264867734,0.5733703885496029,0.004545422159708323,0.04294091109602505,0.04318081412348191,0.5728777946408103
271,1,441.34323,624.6143,457.8497,647.68066,479.2785,662.7312,19.329853925848266,456.2197545788106,647.6754837608552,0.5280881570656675,0.35929472736347634,0.6387251386505841,0.04625948113209688,0.04849780087670297,0.06702220739790027,0.5974288310511829
272,1,439.7725,625.5722,458.77185,648.7661,480.10452,663.9938,15.157311866862726,456.83581627598073,648.0888331788769,0.6160616971701529,0.4133494180217667,0.7418825756810187,0.08797354010448544,0.05405469065829038,0.10325334542124519,0.5909652878182879
273,1,441.2849,628.4997,459.84073,649.6891,479.18124,663.7951,12.685805901104247,457.58156557222753,648.5617941773382,0.7457492962467995,0.47296099846130346,0.8830821699695391,0.12968759907664662,0.05961158043953674,0.14273196515414616,0.5651942058875473
274,1,448.8822,633.74725,461.03467,650.1174,473.3759,659.6578,15.70553148427659,458.4757998937293,649.0847909394153,0.8942343215017559,0.522996762077014,1.0359443203641527,0.14848502525495633,0.05003576361571049,0.1566888010215544,0.5292084900105579
275,1,441.32245,630.4394,461.80325,650.3413,481.38025,663.81256,9.64620070526407,459.4456501354863,649.587716821863,0.9698502417570012,0.5029258824476983,1.0924943636796987,0.07561592025524533,-0.02007087962931564,0.07823431219830655,0.4783853998730684
276,1,442.00052,631.64764,463.0086,648.4783,482.87863,660.8683,6.754240909197386,460.3953305597049,650.0155128197576,0.9496804242186272,0.427795997894691,1.0415864457445605,-0.02016981753837399,-0.07512988455300729,0.07779023777106933,0.42323898247618524
277,1,482.1902,670.4673,462.071,651.37335,439.167,629.65454,0.0279764551182933,461.22905542859115,650.4338413078798,0.833724868886236,0.4183284881221425,0.9327893014898535,-0.11595555533239121,-0.00946750977254851,0.11634141375166687,0.4650533698771092
278,1,482.8006,670.84827,462.0722,651.84845,438.95792,629.82404,1.1080049711123208,461.8747032436745,650.9186473253316,0.6456478150833505,0.4848060174517741,0.8074019913768817,-0.18807705380288553,0.06647752932963158,0.19947992398470962,0.64406603796183
279,1,482.8319,671.5139,462.1742,652.24805,439.31967,629.6526,1.6699980515070707,462.35480946377487,651.4662851888029,0.4801062201003674,0.5476378634713228,0.7282919827146923,-0.16554159498298304,0.06283184601954872,0.17706456603096588,0.8510124572776181
280,1,483.1187,672.19916,462.1119,652.55975,439.25754,629.6021,2.055856279662996,462.7155737870362,652.0532115343794,0.36076432326132135,0.5869263455765577,0.6889364499502489,-0.11934189683904606,0.039288482105234834,0.1256426407207158,1.0196619300354497
281,1,483.9037,672.6699,462.35748,653.01514,440.03162,629.707,3.861532248434729,463.00319591160155,652.6558829981473,0.2876221245653596,0.6026714637678197,0.6677869269306922,-0.07314219869596172,0.01574511819126201,0.07481771165263179,1.1255176204888122
282,1,485.14355,672.8822,462.91965,653.7576,440.42548,630.3705,5.40170972235054,463.2638755356143,653.2507562161919,0.26067962401276645,0.5948732180446541,0.6494828803919622,-0.026942500552593174,-0.007798245723165564,0.028048368444267013,1.157789780223462
283,1,485.6581,672.3682,463.12717,653.8628,440.67944,630.64197,6.572442327585027,463.543812357218,653.8142878245995,0.2799368216036555,0.5635316084076294,0.629231672569052,0.019257197590889064,-0.0313416096370247,0.036784999030775895,1.1097485449859261
284,1,485.93582,672.8833,463.58923,654.2849,441.20895,631.31836,5.9711032037605305,463.8892060745558,654.322934459456,0.34539371733779944,0.5086466348564045,0.6148318624853206,0.06545689573414393,-0.0548849735512249,0.08542227766144642,0.9742733135001649
285,1,486.55078,674.27,464.49655,655.1089,442.27942,632.1275,4.983972802275408,464.3462563857711,654.7531527568472,0.4570503112153119,0.43021829739120676,0.6276804683851508,0.11165659387751248,-0.07842833746519773,0.13644852169914737,0.7551662375524524
286,1,485.9557,670.928,465.6273,654.23126,442.65146,633.144,3.1479024953949115,464.94378543317293,655.0939674343387,0.5975290474018493,0.34081467749149397,0.687892147711102,0.1404787361865374,-0.0894036198997128,0.16651511214222897,0.5183503197203381
287,1,485.88458,673.273,466.33224,655.21136,444.72647,633.7607,2.06326833355113,465.64110513573337,655.3846755354148,0.697319702560435,0.29070810107612033,0.7554905476644015,0.09979065515858565,-0.05010657641537364,0.11166397743699369,0.3949844429068808
288,1,485.84268,674.3216,466.92288,655.6738,445.69043,634.19763,0.7420407678801975,466.38014985658936,655.677142185039,0.7390447208559863,0.29246664962420255,0.7948105689832696,0.04172501829555131,0.0017585485480822172,0.041762059872090286,0.3768251750503856
289,1,486.6971,675.7347,467.82687,655.0895,444.33945,634.94116,6.947773115947993,467.10285395887854,656.0232325081757,0.7227041022891854,0.3460903231367638,0.8012987777567908,-0.016340618566800913,0.053623673512561254,0.05605813211414952,0.44661131090175954
290,1,487.12335,678.1786,468.26697,656.28394,444.44415,636.4922,9.544437185087078,467.7511518057384,656.4748116297886,0.6482978468598617,0.4515791216128946,0.7900720228686788,-0.07440625542932366,0.1054887984761308,0.12908980382257731,0.6084143097368863
291,1,487.28748,679.76855,468.66434,657.3944,445.48807,636.15424,7.723571350049391,468.28245059831124,657.0409451363015,0.5312987925728407,0.5661335065128696,0.7763926546444885,-0.11699905428702095,0.11455438489997505,0.16374213203653148,0.8171295255351189
292,1,487.22485,679.9756,468.67322,658.1703,445.89267,636.0611,5.466154390030638,468.71604888976043,657.5595004599775,0.4335982914491865,0.5185553236759688,0.6759490380645145,-0.09770050112365425,-0.04757818283690085,0.10866955140182889,0.8743886847605786
293,1,487.55524,678.9493,468.59125,658.3898,446.39554,635.8939,1.9269151872552104,469.0867180712537,657.8782951636773,0.37066918149326966,0.31879470369983665,0.4889025518607539,-0.06292910995591683,-0.19976061997613215,0.20943824429433264,0.7103007944652362
295,1,489.2438,670.4034,469.3078,656.7621,447.65317,635.40735,10.21846438568476,469.77835466904594,658.2046173379472,0.6916365977922396,0.3263221742698761,0.7647531267185794,0.32096741629896997,0.007527470570039441,0.32105567295847476,0.44084368077296
296,1,489.59003,674.1871,470.08078,657.9695,448.22577,635.37946,6.211514072337354,470.15583850830495,658.3881223463168,0.3774838392590141,0.18350500836959327,0.4197238818538322,-0.31415275853322555,-0.14281716590028282,0.3450923044198813,0.4524875743647256
297,1,489.4756,672.261,470.12442,657.2017,449.0595,635.1838,8.37683863978143,470.5313206460242,658.4824550239457,0.37548213771924566,0.09433267762892683,0.38715047438283945,-0.002001701539768419,-0.08917233074066644,0.08919479457220088,0.24613672669256967
298,1,489.2769,670.345,469.92126,656.6363,449.58746,635.45135,10.866255825848292,470.86141431711513,658.3162556035473,0.33009367109093546,-0.16619942039835678,0.36957283319400036,-0.0453884666283102,-0.2605320980272836,0.2644562099958466,-0.4664370579988951
299,1,489.91284,668.873,470.85913,655.01605,451.5213,634.7491,10.317190960450022,471.10273275648876,657.7181643178355,0.24131843937362873,-0.5980912857118028,0.6449401330558683,-0.08877523171730672,-0.43189186531344603,0.44092133662410726,-1.1872927384496006
300,1,452.8602,633.01465,470.5256,652.0974,488.0834,665.2211,10.43220651453875,471.22414639746154,656.651906584259,0.12141364097277574,-1.066257733576549,1.0731480916565361,-0.119904798400853,-0.46816644786474626,0.4832773360978594,-1.4574157370032261
301,1,452.701,629.86707,469.20844,651.62396,487.25473,663.5876,19.26958264034625,471.2435544669679,655.6215485592057,0.019408069506368975,-1.0303580250532605,1.0305407963557869,-0.10200557146640676,0.03589970852328861,0.1081384560748178,-1.5519623155383848
302,1,452.91696,628.287,469.41528,653.96497,488.12973,669.14685,18.22859608701512,471.19111339034725,655.0505317794357,-0.05244107662065289,-0.5710167797700478,0.5734197670957014,-0.07184914612702187,0.45934124528321263,0.4649265312041405,-1.6623774969581901
303,1,453.3983,627.83325,470.33423,652.9153,488.57416,670.3037,12.340982520407284,471.0969795929388,654.4994585642572,-0.0941337974084604,-0.5510732151784623,0.559055328479807,-0.0416927207878075,0.019943564591585528,0.046217190906726685,-1.739982410350988
0,2,447.25278,628.18677,466.39114,643.2713,486.61838,652.1445,14.558753366355283,466.3825916859178,643.2580056667388,,,,,,,
1,2,447.1897,628.17816,466.27325,643.2442,486.73804,652.2317,14.580732519431365,466.3808226106926,643.257389085555,-0.0017690752252406128,-0.0006165811837490764,0.0018734458915894896,,,,-2.806225291271056
2,2,446.9923,628.172,466.33652,643.2057,486.6846,652.2204,13.958634947381269,466.37861135854627,643.2565351814953,-0.0022112521463100165,-0.0008539040596815539,0.002370398320473016,-0.00044217692106940376,-0.00023732287593247747,0.0005018391943314909,-2.7730712219607567
3,2,447.01868,628.1712,466.42062,643.27356,486.72546,652.1254,14.342264527554631,466.37602489033804,643.2554759245687,-0.002586468208221504,-0.001059256926623675,0.002794967446812358,-0.0003752160619114875,-0.00020535286694212118,0.000427734605892151,-2.7528910306864787
4,2,447.2167,628.1074,466.39725,643.1483,486.5544,652.11145,14.129748458088232,466.37313016692684,643.2542432847836,-0.002894723411202449,-0.0012326397851438742,0.0031462397345534683,-0.0003082552029809449,-0.00017338285852019908,0.0003536705893815019,-2.739025130744598
5,2,447.08002,628.0156,466.29285,643.2442,486.4261,652.13696,14.570405407297535,466.3699941491722,643.252869232149,-0.0031360177546275736,-0.0013740526345600301,0.0034238323556916054,-0.00024129434342512468,-0.00014141284941615595,0.0002796793774109175,-2.7286350415360925
6,2,447.55045,628.22015,466.64505,643.36835,486.53693,652.16077,14.579837153173198,466.36668379793286,643.2513857366738,-0.0033103512393495294,-0.0014834954752132035,0.003627558979925897,-0.00017433348472195576,-0.00010944284065317333,0.00020583949879830226,-2.7202879217725866
7,2,446.9735,628.0897,466.31168,643.2672,486.59128,652.0288,14.760212226678911,466.3632660740682,643.2498247683666,-0.003417723864686195,-0.001560968307217081,0.0037573206505942106,-0.0001073726253366658,-7.747283200387756e-05,0.00013240438199088822,-2.7131582811513297
8,2,446.8179,628.205,466.36484,643.26953,486.82443,652.056,14.379468292519718,466.3598079384372,643.2482182972361,-0.0034581356309786315,-0.001606471130457976,0.0038130632744866567,-4.041176629243637e-05,-4.550282324089494e-05,6.085735598731369e-05,-2.706706415720037
9,2,446.88943,628.25226,466.45016,643.26636,486.92932,652.18134,13.984081584574914,466.3563763518991,643.2465982932911,-0.0034315865381131516,-0.0016200039450495751,0.00379475940614627,2.6549092865479906e-05,-1.3532814591599163e-05,2.9799184598751612e-05,-2.700524567402569
10,2,447.09232,628.15466,466.25882,643.3454,486.75748,652.0875,15.302214949027451,466.3530382753131,643.2449967265406,-0.0033380765859760686,-0.0016015667504234443,0.003702400754902629,9.350995213708302e-05,1.8437194626130804e-05,9.531023709109836e-05,-2.694245563863846
11,2,447.10852,628.2616,466.3924,643.3071,486.74976,652.1576,14.46459121458218,466.3498606695381,643.2434455669932,-0.00317760577502213,-0.0015511595474890782,0.003535996946155428,0.00016047081095393878,5.040720293436607e-05,0.00016820156740019138,-2.6874670368821403
12,2,447.08286,628.1965,466.19086,643.20435,486.61978,652.0738,14.678290141790272,466.34691049543335,643.2419767846576,-0.0029501741047397445,-0.0014687823355643559,0.00329558019133852,0.0002274316702823853,8.237721192472236e-05,0.00024189082184309152,-2.6796561584344434
13,2,447.32663,628.2643,466.2967,643.2532,486.53424,652.1105,14.676066181882268,466.3442547138581,643.2406223495428,-0.0026557815752425995,-0.001354435114762964,0.0029812195919624953,0.000294392529497145,0.00011434722080139181,0.00031581996189083684,-2.6699811163372056
14,2,447.25555,628.27936,466.30667,643.20984,486.6556,652.19507,14.261778657295771,466.34196028567146,643.2394142316574,-0.0022944281866443816,-0.0012081178854259633,0.0025930579493629383,0.00036135338859821786,0.00014631722933700075,0.0003898525401382824,-2.656935866891156
15,2,447.1691,628.2087,466.32123,643.23785,486.76715,652.17053,14.522040042025578,466.3400941717324,643.2383844010102,-0.0018661139390587778,-0.0010298306472122931,0.002131415584884177,0.0004283142475856039,0.0001782872382136702,0.00046393904124861056,-2.6373237700068617
16,2,447.18307,628.22766,466.35724,643.1477,486.6178,652.1674,13.889719291984992,466.3387233329001,643.2375648276097,-0.0013708388323152576,-0.000819573400463014,0.0015971536128156136,0.0004952751067435202,0.00021025724674927915,0.0005380571913564511,-2.6027461821238074
17,2,447.01376,628.1581,466.38293,643.23047,486.73532,652.1767,14.160087738901716,466.33791473003396,643.2369874814651,-0.0008086028661296041,-0.0005773461446096917,0.0009935628645479286,0.0005622359661856535,0.00024222725585332228,0.0006121954958597345,-2.521529353113551
18,2,446.9187,628.4166,466.50613,643.2385,486.7633,652.15533,13.356813833593144,466.33773532399266,643.2366843325852,-0.00017940604129762505,-0.00030314887987969996,0.00035225810285414576,0.000629196824831979,0.00027419726472999173,0.0006863474224939242,-2.105170788868649
19,2,446.70505,628.2829,466.15085,643.21277,487.042,652.05206,14.582116161492694,466.3382520756358,643.2366873509784,0.0005167516431470176,3.018393158527033e-06,0.0005167604584257605,0.0006961576844446427,0.000306167273038227,0.0007605089879094072,0.005841024158776437
20,2,446.63297,628.32904,466.34567,643.26404,487.19656,652.09143,14.203021185648494,466.33953194582216,643.2370285066537,0.0012798701863516726,0.00034115567530079716,0.0013245583749694869,0.000763118543204655,0.0003381372821422701,0.0008346776219339752,0.26049804657653314
21,2,446.76276,628.16187,466.23795,643.2229,486.9456,652.0904,14.534659850467202,466.34164189541116,643.2377397696198,0.002109949588998461,0.0007112629660923631,0.00222660779551525,0.0008300794026467884,0.0003701072907915659,0.0009088515948137637,0.3251362723189768
22,2,446.76132,628.2403,466.3191,643.251,486.87817,652.06805,14.293586390169931,466.34464888526173,643.2388531098857,0.003006989850575792,0.0011133402658742853,0.003206480080880411,0.000897040261577331,0.0004020772997819222,0.0009830296973594684,0.3546004624181405
23,2,447.01062,628.3419,466.3935,643.28394,486.9798,652.1078,14.426889555949389,466.348619876233,643.2404004974596,0.003970990971254196,0.0015473875739644427,0.00426182796436481,0.0009640011206784038,0.00043404730809015746,0.0010572110604460828,0.3715721274708871
24,2,446.9869,628.1451,466.37372,643.2572,486.91302,652.01416,14.845571368976428,466.3536218291842,643.2424139023507,0.005001952951204203,0.0020134048910449565,0.0053919692674702984,0.001030961979950007,0.00046601731708051375,0.0011313950432635625,0.38268013398293427
25,2,447.1317,628.3058,466.3635,643.2678,486.96506,652.0239,14.85583126158432,466.35972170497445,643.2449252945678,0.0060998757902552825,0.0025113922171158265,0.006596633650941399,0.0010979228390510798,0.00049798732607087,0.001205581161696382,0.3905619996064053
26,2,446.95587,628.1969,466.326,643.2189,486.9271,652.13,14.403239215712045,466.3669864644629,643.2479666441195,0.0072647594884642785,0.0030413495517223055,0.007875692827998895,0.001164883698208996,0.000529957334606479,0.0012797690443420917,0.3964749496773235
27,2,446.98175,628.11224,466.39923,643.23395,486.96045,652.0775,14.637343405208098,466.37548306850874,643.2515699210151,0.008496604045831191,0.0036032768955465144,0.00922907821494727,0.0012318445573669123,0.000561927343824209,0.0013539584015957856,0.4010948372180233
28,2,446.98572,628.31604,466.48077,643.25653,486.9243,652.0741,14.134392222091996,466.38527847797104,643.2557670952623,0.009795409462299176,0.004197174247224211,0.010656749888951244,0.0012988054164679852,0.0005938973516776969,0.001428149002792201,0.4048177510268989
29,2,446.94766,628.41003,466.55356,643.2089,487.32388,652.1339,13.793034164692816,466.3964396537088,643.2605901368709,0.011161175737754547,0.0048230416085743855,0.012158683078651263,0.0013657662754553712,0.0006258673613501742,0.0015023406648209542,0.40789147470671794
30,2,447.03226,628.20795,466.3721,643.1548,487.05566,652.1067,14.295605784361737,466.40903355658133,643.2660710158491,0.012593902872538365,0.005480878978232795,0.013734861627878318,0.0014327271347838177,0.0006578373696584094,0.001576533237094906,0.41047915137273366
31,2,447.08337,628.2111,466.49048,643.21173,487.226,652.1826,14.307108238085034,466.4231271474478,643.2722417022056,0.014093590866480099,0.0061706863565405,0.015385274570917686,0.001499687993941734,0.0006898073783077052,0.0016507265970901214,0.41269271857006945
32,2,447.08957,628.28156,466.47546,643.21814,487.07324,652.1718,14.119616506671708,466.43878738716717,643.2791341659497,0.015660239719352376,0.006892463744065935,0.0171099142175186,0.0015666488528722766,0.0007217773875254352,0.001724920643203351,0.4146116344162688
33,2,446.9868,628.1513,466.42096,643.2725,486.99545,652.07007,14.734238979153808,466.4560812365986,643.2867803770899,0.017293849431439412,0.007646211140240666,0.018908775025327205,0.0016336097120870363,0.000753747396174731,0.0017991152905429035,0.41629393167008544
34,2,446.9863,628.19055,466.4155,643.2031,486.78058,652.2275,13.793062812936784,466.4750756566016,643.2952123056349,0.01899442000296858,0.008431928544951006,0.020781852906714852,0.0017005705715291697,0.0007857174047103399,0.0018733104678124762,0.41778303483990165
35,2,447.1848,628.33765,466.52457,643.2454,487.10843,652.2218,14.06485910647018,466.4958376080347,643.3044619215937,0.020761951433144077,0.00924961595876539,0.02272914478586647,0.0017675314301754952,0.000817687413814383,0.0019475061138206178,0.41911212271573195
36,2,447.45798,628.24567,467.08078,643.565,487.28107,652.30634,14.579077406281916,466.5184340517574,643.3145611949744,0.022596443722704862,0.01009927338077432,0.024750648309347065,0.0018344922895607851,0.0008496574220089315,0.002021702177679204,0.4203070101152386
37,2,447.033,628.2094,466.52863,643.395,487.18384,652.27155,14.660367781266244,466.54293194862885,643.3255420957865,0.024497896871423563,0.010980900812114669,0.02684636164861833,0.0019014531487187014,0.0008816274313403483,0.002095898615025079,0.4213881050760338
38,2,447.2149,628.2243,466.5491,643.40424,487.1748,652.28357,14.844838254267176,466.5693148704868,643.337424509931,0.02638292185793034,0.011882414144452014,0.028935278323560874,0.001885024986506778,0.0009015133323373448,0.00208950843217654,0.4231722149897023
39,2,447.09668,628.2696,466.63293,643.39343,487.21106,652.3242,14.284412610586344,466.5972328330837,643.3501799868784,0.027917962596916368,0.012755476947404532,0.030693889094062187,0.0015350407389860266,0.0008730628029525178,0.0017659526404312413,0.4285700144145567
40,2,447.18436,628.2494,466.66846,643.4511,487.27295,652.3732,14.548288632711136,466.62625246315116,643.3637679919914,0.02901963006746655,0.013588005112978863,0.032043295901060934,0.0011016674705501828,0.0008325281655743311,0.0013808600081626663,0.437914211752476
41,2,447.06186,628.1479,466.6024,643.5184,487.06506,652.35944,14.821279765291475,466.6559403874203,643.3781479906332,0.029687924269126142,0.014379998641857128,0.03298722795794126,0.0006682942016595916,0.0007919935288782654,0.0010362774193028036,0.4510672093832476
42,2,447.38995,628.3317,466.64188,643.3883,486.86078,652.2617,14.333217819175804,466.68586323262224,643.3932794481669,0.029922845201951986,0.015131457533698267,0.033531144807090844,0.00023492093282584392,0.0007514588918411391,0.0007873235108942687,0.4681832247563353
43,2,447.41693,628.2942,466.5445,643.3702,487.12698,652.25494,14.896257095562577,466.7155876254883,643.4091218299552,0.02972439286605777,0.015842381788274906,0.033682645264011116,-0.00019845233589421696,0.0007109242545766392,0.0007381033974770887,0.4896789212190315
44,2,447.41107,628.5539,466.8311,643.51544,487.16428,652.3857,14.042371185693494,466.74468019275,643.4256346013613,0.02909256726172771,0.016512771406041793,0.03345219109993159,-0.0006318256043300607,0.0006703896177668867,0.0009212088980772379,0.5162507870144244
45,2,447.3257,628.43823,466.8358,643.46106,487.0534,652.4733,13.570873678965526,466.77270756113853,643.4427772277476,0.028027368388507057,0.017142626386316806,0.032854269406059386,-0.0010651988732206519,0.0006298549802750131,0.0012374837112818025,0.548933528042371
46,2,447.18756,628.488,466.9038,643.48865,487.00897,652.61523,12.849561660126447,466.799236357385,643.4605091744777,0.026528796246452657,0.017731946730123127,0.031909230092964085,-0.0014985721420543996,0.000589320343806321,0.0016102847364877777,0.5892042314643522
47,2,447.2843,628.17065,466.68518,643.61475,487.0396,652.45416,15.047457731385592,466.82383320822095,643.478789906914,0.024596850835962414,0.018280732436323888,0.030646211013028172,-0.0019319454104902434,0.0005487857062007606,0.0020083771609049387,0.6391441272754599
48,2,447.32413,628.3822,466.90778,643.48505,486.8635,652.6884,12.880605736851455,466.8460647403774,643.4975788904197,0.022231532156467892,0.018788983505714896,0.029107849855358477,-0.0023653186794945213,0.0005082510693910081,0.0024193080839576444,0.7016717495342573
49,2,447.25632,628.2514,466.73663,643.5486,486.86374,652.628,13.860924313855511,466.86549758058584,643.5168355903579,0.01943284020842384,0.019256699938182464,0.027357919713957252,-0.002798691948044052,0.00046771643246756867,0.0028375051156335914,0.7808455361846798
50,2,447.3576,628.3831,466.92096,643.5209,486.74475,652.7121,12.857406323103325,466.8816983555772,643.5365194720913,0.01620077499137551,0.019683881733385533,0.025493534678719756,-0.00323206521704833,0.00042718179520306876,0.0032601732857942666,0.8821590045477301
51,2,447.0705,628.0367,466.89536,643.59106,486.974,652.7432,13.613132498670076,466.89423369208333,643.5565900009834,0.01253533650611871,0.02007052889211991,0.02366349068356257,-0.0036654384852568,0.0003866471587343767,0.00368577472379404,1.0125103608648047
52,2,447.044,627.9052,466.79587,643.7511,487.36203,652.4474,15.817438800786112,466.9026702168351,643.5770066423961,0.008436524751743946,0.020416641412680292,0.022091043353829175,-0.004098811754374765,0.0003461125205603821,0.004113399041509272,1.1789472670472028
53,2,447.00516,628.2458,466.82318,643.68713,487.0774,652.5915,14.192466898594317,466.9065745565639,643.5977288616931,0.00390433972881965,0.020722219296999356,0.02108682625031496,-0.0045321850229242955,0.00030557788431906374,0.004542474977961267,1.3845663335387424
54,2,447.09045,628.40735,466.82166,643.47504,486.78314,652.76904,12.400537134539562,466.9055133380008,643.6187161242374,-0.0010612185631089233,0.020987262544281293,0.02101407561472261,-0.0049655582919285735,0.0002650432472819375,0.004972626778018874,1.6213181850822191
55,2,446.9921,628.2211,466.75208,643.5077,487.07303,652.78204,13.194323896531037,466.8990531878776,643.6399278953915,-0.006460150123189123,0.021211771154071357,0.022173695567199305,-0.0053989315600802,0.00022450860979006393,0.005403597515202247,1.866426727454745
56,2,447.2123,628.27997,466.81235,643.7475,487.418,652.65784,14.894317405234451,466.88676073292504,643.6613236405187,-0.012292454952557819,0.021395745127279042,0.024675541702506718,-0.005832304829368695,0.00018397397320768505,0.00583520574148806,2.0922758241368413
57,2,446.99408,628.43463,466.89215,643.70593,487.01392,652.87994,12.99597691047549,466.8686237116393,643.6828628249817,-0.018137021285724586,0.021539184462994854,0.028158267142168847,-0.0058445663331667674,0.00014343933571581147,0.005846326236690613,2.2706555308882908
58,2,447.4021,628.37415,466.89355,643.8736,486.8369,652.7068,14.602232288750274,466.84631430957427,643.7045049141436,-0.022309402065047834,0.021642089161900913,0.03108197940594565,-0.004172380779323248,0.00010290469890605891,0.004173649571385099,2.371376264801327
59,2,446.94528,628.16754,466.77454,643.79205,487.0951,652.72424,14.507869111651686,466.821925824049,643.7262093733674,-0.024388485525264514,0.021704459223769845,0.032647844896904366,-0.0020790834602166797,6.237006186893268e-05,0.002080018764137501,2.4143595475694912
60,2,447.44458,628.4019,466.82825,643.6686,486.76886,652.8074,13.60211519551106,466.79755155238206,643.7479356680161,-0.02437427166694306,0.02172629464871534,0.03265175337492215,1.4213858321454609e-05,2.1835424945493287e-05,2.6054165711698674e-05,2.413570589088672
61,2,447.4114,628.395,466.75308,643.6337,486.85016,652.76385,13.80111065901092,466.77528479189203,643.7696432634523,-0.022266760490026627,0.021707595436168958,0.03109707900013431,0.0021075111769164323,-1.8699212546380295e-05,0.0021075941310834826,2.368909512573392
62,2,447.0526,628.2849,466.7552,643.6671,487.14655,652.818,13.811128235631871,466.7572188398977,643.7912916250391,-0.018065951994344687,0.021648361586812825,0.02819627955697985,0.00420080849568194,-5.923384935613285e-05,0.004201226090833855,2.2662334680184952
63,2,447.08987,628.247,466.7684,643.72064,487.18665,652.66895,14.513252934644148,466.74544699371796,643.8128402181397,-0.011771846179726708,0.02154859310064694,0.02455439323413216,0.0062941058146179785,-9.97684861658854e-05,0.006294896484966188,2.0707890399173587
64,2,447.12482,628.1163,466.54376,643.7879,487.00436,652.7254,15.308062900684188,466.74206255067133,643.834248508117,-0.003384443046627439,0.021408289977216555,0.021674162832378455,0.00838740313309927,-0.0001403031234303853,0.008388576535000903,1.7275890070516675
65,2,447.28552,628.26495,466.74173,643.793,486.84793,652.69464,14.71311614942055,466.7491588080767,643.8554759603335,0.007096257405351025,0.02122745221652167,0.022382171404216125,0.010480700451978464,-0.00018083776069488522,0.010482260455636213,1.2481794092318061
66,2,447.23453,628.2293,466.8203,643.8297,487.13297,652.7917,14.730760856248452,466.7680626422474,643.8764820401524,0.018903834170714617,0.021006079818903345,0.028259694543855494,0.011807576765363592,-0.0002213723976183246,0.01180965176490744,0.8380242993513058
67,2,447.11453,628.1291,466.60068,643.7443,487.386,652.57556,15.687366677164665,466.79703524547625,643.897226212937,0.028972603228851312,0.020744172784588955,0.035633305240649886,0.010068769058136695,-0.00026190703431439033,0.010072174821790687,0.6213788835372152
68,2,447.179,628.52496,466.98453,643.79846,487.48694,652.77545,13.992191200371176,466.83357138905063,643.9176679440499,0.03653614357438073,0.020441731112896377,0.04186590687157891,0.007563540345529418,-0.0003024416716925771,0.007569584765575154,0.5101025792588818
69,2,446.96454,628.2389,467.00812,644.00916,487.6018,652.75635,15.182212524610422,466.8751658442581,643.9377666988538,0.0415944552074734,0.0200987548039393,0.04619587263679933,0.005058311633092671,-0.000342976308957077,0.005069925968491697,0.4501236279002505
70,2,446.8997,628.28094,467.03497,644.10876,487.86737,652.73627,15.673606353198092,466.919313382386,643.9574819427123,0.04414753812790195,0.01971524385851353,0.04834972557476632,0.002553082920428551,-0.000383510945425769,0.002581726756232221,0.420003122546594
71,2,446.96143,628.27466,466.98773,643.9953,487.657,652.82654,14.996624734994558,466.9635087747217,643.9767731409879,0.044195392335666384,0.01929119827559589,0.048222225525288986,4.785420776443061e-05,-0.0004240455829176426,0.00042673725123631355,0.411569069592452
72,2,447.13043,628.50134,467.23273,644.2093,487.5259,652.7924,15.077866659762275,467.0052467925529,643.9955997590436,0.04173801783122144,0.01882661805564112,0.04578759307817295,-0.0024573745044449424,-0.00046458021995476884,0.0025009046834834087,0.4237404033987617
73,2,446.95837,628.2883,467.0992,644.2002,487.7443,652.7783,15.746670527981111,467.04202220716695,644.0139212622423,0.036775414614055535,0.018321503198762912,0.04108659878230332,-0.004962603217165906,-0.0005051148568782082,0.00498824334908237,0.4622063902861343
74,2,446.86533,628.47534,467.32907,644.2045,487.77664,652.86664,14.588462990915994,467.0713297898513,644.031697115947,0.029307582684339195,0.01777585370473389,0.034277038637132586,-0.00746783192971634,-0.0005456494940290213,0.0074877397858649575,0.5452052851602991
75,2,447.10397,628.275,467.17416,644.08777,487.6457,652.896,14.95295703578226,467.09125887701964,644.0487488377843,0.01992908716835018,0.017051721837219702,0.02622841461044901,-0.009378495515989016,-0.0007241318675141883,0.00940640978827606,0.7077476209885771
76,2,446.9862,628.49554,467.06967,644.12164,487.68942,652.71454,15.261944585893398,467.1022770655905,644.0643461544336,0.011018188570858456,0.015597316649291315,0.019096511881525797,-0.008910898597491723,-0.001454405187928387,0.009028809903052172,0.9557775227309383
77,2,446.90237,628.36743,467.06,644.1167,487.3251,652.7688,14.88086563564027,467.1054465176088,644.0776208448387,0.003169452018312313,0.01327469040518281,0.013647814163807937,-0.007848736552546143,-0.0023226262441085055,0.008185185284469466,1.3364250724814781
78,2,446.94427,628.48376,467.0148,643.9609,487.03882,652.7854,13.854179928554212,467.10182939511895,644.0877046879427,-0.0036171224898566834,0.010083843103984691,0.0107129578946436,-0.0067865745081689965,-0.0031908473011981187,0.00749927330176015,1.9152047956965308
79,2,447.0044,628.4313,466.92343,643.915,486.81934,652.83923,13.700554287393636,467.092487860166,644.0937294626888,-0.009341534952966413,0.00602477474603802,0.011115852914553642,-0.005724412463109729,-0.004059068357946671,0.00701747347570975,2.5687793624888187
80,2,447.09625,628.3403,466.86572,643.8691,486.97083,652.7212,14.38593009290565,467.07848407479486,644.0948269480205,-0.014003785371130562,0.0010974853316838562,0.01404672484154052,-0.004662250418164149,-0.0049272894143541635,0.00678341801265987,3.063381895194003
81,2,446.77277,628.2239,466.7875,643.8024,486.94855,652.7828,13.885877651782904,467.06088020104994,644.0901289228809,-0.017603873744917564,-0.004698025139532547,0.01821998383749771,-0.0036000883737870026,-0.005795510471216403,0.006822651824698027,-2.8807962294135447
82,2,446.894,628.3637,467.10806,643.9015,487.28494,652.8252,13.689577147580602,467.0407384009761,644.0787671662137,-0.02014180007381583,-0.011361756667270129,0.02312534593859786,-0.0025379263288982656,-0.006663731527737582,0.007130665321320226,-2.627997360329961
83,2,446.6577,628.31213,467.05368,643.92957,487.45895,652.8042,13.936602968302385,467.01912083661836,644.0598734569616,-0.021617564357768515,-0.018893709252097324,0.02871047436154707,-0.0014757642839526852,-0.007531952584827195,0.007675167096674537,-2.4233304077941455
84,2,446.85526,628.3085,466.83875,643.8376,486.99756,652.8107,13.855748677473125,466.99708967002124,644.0325795740683,-0.02203116659711668,-0.027293882893218324,0.03507603662072763,-0.0004136022393481653,-0.008400173641121,0.008410349815160952,-2.2499020108840444
85,2,446.93155,628.44214,466.95837,643.9262,487.0106,652.8221,13.78621422231121,466.97556519910813,643.9963612951445,-0.021524470913107052,-0.0362182789237977,0.04213153897368574,0.0005066956840096282,-0.008924396030579373,0.00893876865271805,-2.10701304304482
86,2,446.979,628.1483,466.81747,643.8711,486.9356,652.7999,14.465602931652075,466.9549002653164,643.9520703924715,-0.020664933791749718,-0.04429090267308311,0.04887456954504991,0.0008595371213573344,-0.008072623749285412,0.008118254631416666,-2.007346465047348
87,2,446.74258,628.22565,466.8777,643.7795,486.84488,652.805,13.36133668705135,466.93530584596175,643.9009026369973,-0.019594419354632464,-0.05116775547412544,0.05479124446574553,0.0010705144371172537,-0.006876852801042332,0.006959677119470432,-1.936513932184022
88,2,446.78564,628.2846,466.9472,643.9253,486.9383,652.7949,13.87727998554864,466.91699291836017,643.8440537996706,-0.01831292760158476,-0.05684883732669732,0.059725652970379316,0.0012814917530477032,-0.005681081852571879,0.005823822810555864,-1.8824335958480398
89,2,446.6389,628.129,466.84927,643.91144,486.99527,652.73596,14.331686496872504,466.90017245982733,643.7827196514396,-0.016820458532833982,-0.06133414823102612,0.06359878587269,0.0014924690687507791,-0.004485310904328799,0.004727100361708924,-1.8384585901281827
90,2,446.87454,628.1887,467.02502,643.71893,486.76953,652.61383,13.37028927746826,466.8850554476793,643.7180959632528,-0.015117012148039066,-0.06462368818677078,0.06636825394075799,0.0017034463847949155,-0.003289539955744658,0.0037044301459619178,-1.8005880694975327
91,2,447.11856,628.06665,466.87073,643.5888,486.58725,652.4112,14.055215698733662,466.87185285923164,643.6513785060591,-0.013202588447654762,-0.06671745719370392,0.06801123022054419,0.0019144237003843045,-0.002093769006933144,0.0028370560020885977,-1.7661603567813076
92,2,446.7292,627.9236,466.57312,643.3356,486.50513,652.2181,13.815362096733848,466.86077567180047,643.5837630508065,-0.011077187431169477,-0.06761545525262136,0.06851681450858979,0.0021254010164852843,-0.0008979980589174374,0.0023073209561515636,-1.7331801028171314
93,2,446.8764,627.85834,466.53,643.1653,486.40527,652.07214,13.773841050744451,466.8520348627014,643.5164453684436,-0.008740809099094804,-0.06731768236295466,0.06788278207635921,0.0023363783320746734,0.0002977728896667031,0.002355277564196732,-1.6999180949486343
94,2,447.03735,627.9535,466.85294,643.2035,486.27835,652.09985,12.975109903771305,466.84589941350293,643.4505318511369,-0.0061354491984388915,-0.06591351730662609,0.06619845542456049,0.0026053599006559125,0.0014041650563285657,0.002959658716365789,-1.663612198170269
95,2,446.93817,628.03625,467.03717,643.17377,486.44116,652.02155,12.473195449958771,466.84287032278326,643.3867713759242,-0.0030290907196786065,-0.06376047521268902,0.06383238668525541,0.003106358478760285,0.0021530420939370742,0.0037795572831789245,-1.6182679768658816
96,2,446.9785,627.8955,467.0571,643.19727,486.56738,651.9918,13.04658652230255,466.84350659337355,643.3258234410619,0.0006362705902915877,-0.06094793486238359,0.06095125596945007,0.0036653613099701943,0.002812540350305426,0.0046200927214421345,-1.5603571301487154
97,2,447.19843,627.9824,466.97275,643.2705,486.58234,651.86786,14.034740626281772,466.84836722810434,643.2683475448058,0.00486063473078957,-0.057475896256050873,0.0576810577262803,0.004224364140497983,0.003472038606332717,0.005468117086839865,-1.4864288421424947
98,2,446.7999,627.78674,466.97818,643.212,486.57715,651.88324,13.5297699820476,466.8580112298069,643.215003185412,0.009644001702554306,-0.05334435939380455,0.05420910853329221,0.004783366971764735,0.004131536862246321,0.0063206167761279365,-1.391940556498429
99,2,447.0076,627.7682,467.0457,643.30237,486.60785,651.8331,14.222744623476736,466.8729976013119,643.1664498611367,0.01498637150501736,-0.04855332427530357,0.05081354769221667,0.005342369802463054,0.004791035118500986,0.007175996976934904,-1.271415470488583
100,2,446.85016,627.73175,467.08542,643.2129,486.6726,651.8499,13.62283615373251,466.8938853454503,643.1233470702359,0.020887744138406106,-0.04310279090077529,0.0478972696364571,0.005901372633388746,0.005450533374528277,0.008033337601828783,-1.1195419706597216
101,2,446.90082,627.659,467.0029,643.1989,486.6199,651.7944,14.044510391774072,466.9212334650529,643.0863543109655,0.027348119602606857,-0.036992759270447095,0.04600417246554642,0.006460375464200752,0.006110031630328194,0.008892071618135905,-0.934189427279597
102,2,446.6954,627.71454,467.1924,643.27423,486.84525,651.82623,13.68641655444236,466.9556009629507,643.0561310815817,0.034367497897790145,-0.03022322938375055,0.04576645612386229,0.007019378295183287,0.006769529886696546,0.009751830932587377,-0.7213240197923297
103,2,446.90424,627.73517,467.07245,643.1229,486.65652,651.68225,13.734599213590826,466.9975468419745,643.0330791693044,0.04194587902378544,-0.023051912277310294,0.0478627979407687,0.007578381125995293,0.007171317106440256,0.01043358277544029,-0.5025078081634877
104,2,447.23016,627.6708,467.00815,643.0277,486.63715,651.65576,14.099948030689465,467.04763010495526,643.0165695172088,0.050083262980763266,-0.01650965209557853,0.05273425682720231,0.008137383956977828,0.006542260181731763,0.01044117742157239,-0.3184265767609733
105,2,446.80792,627.5516,467.18036,642.97943,486.71164,651.86224,12.68031518974718,467.10640975472376,643.0057153573343,0.058779649768496256,-0.010854159874497782,0.05977340557043943,0.00869638678773299,0.005655492221080749,0.010373607637874193,-0.18260151287655965
106,2,447.14386,627.75183,467.20724,642.95105,486.7223,651.7908,12.777017255098867,467.17444479411114,642.99962992172,0.06803503938738231,-0.00608543561429542,0.06830665495439224,0.009255389618886056,0.004768724260202362,0.010411674604367269,-0.08920821172067785
107,2,447.60843,627.9225,467.4102,642.98157,486.84656,651.6143,13.30409891146329,467.252294225948,642.9974264424052,0.077849431836853,-0.002203479314857759,0.07788060964329842,0.009814392449470688,0.003881956299437661,0.010554235351884616,-0.028296817530925823
108,2,447.5111,627.7524,467.24768,643.03925,486.83246,651.5722,14.216961117668983,467.34051705306535,642.998218151429,0.08822282711736307,0.0007917090238152014,0.08822637943244935,0.010373395280510067,0.0029951883386729605,0.010797151607244895,0.008973729340077289
109,2,447.6949,627.9087,467.54227,643.1379,486.94843,651.66455,13.779821104651226,467.4396722782941,643.0011182808305,0.09915522522874198,0.0029001294014960877,0.09919762820102088,0.010932398111378916,0.0021084203776808863,0.011133856697241137,0.02924004085673286
110,2,448.63602,628.35706,468.002,643.37225,487.00354,651.4138,14.849396320819858,467.55031890446514,643.0052400626495,0.11064662617104659,0.004121781818980708,0.11072337137388209,0.011491400942304608,0.00122165241748462,0.011556155513229529,0.03723454530051381
111,2,449.57794,628.7253,468.12125,643.20154,486.6291,651.0118,15.09862173707278,467.67301593440925,643.0096967289245,0.12269702994410636,0.004456666275018506,0.12277794195779558,0.01205040377305977,0.00033488445603779837,0.012055056146392221,0.0363065666310845
112,2,449.75586,628.90375,468.2544,643.30493,486.67334,651.02026,15.173055601972877,467.8058177047993,643.0137481058986,0.13280177039007413,0.004051376974075538,0.13286355359587532,0.010104740445967764,-0.0004052893009429681,0.010112865019263118,0.030497491309523513
113,2,454.0667,630.58624,467.95148,643.1914,483.95102,649.08234,22.021075006589783,467.9367598876749,643.0172403966268,0.1309421828755717,0.003492290728217995,0.13098874513006853,-0.0018595875145024365,-0.000559086245857543,0.001941814397516001,0.026664157919269696
114,2,454.4332,630.8199,468.2174,643.24347,483.61667,649.0201,21.465856029228338,468.05137348891736,643.0201663983688,0.11461360124246767,0.002926001742025619,0.11465094450531894,-0.016328581633104022,-0.0005662889861923759,0.016338398372081175,0.025523727472452316
115,2,450.94528,629.26886,467.96906,643.11115,485.83502,650.3419,17.080742841538296,468.1351895144086,643.0225189083834,0.0838160254912168,0.0023525100145889155,0.0838490335812706,-0.03079757575125086,-0.0005734917274367035,0.03080291487693126,0.02806017743821705
116,2,450.03525,628.92,468.1707,643.0693,486.41434,650.8469,14.871833523123406,468.1737389700298,643.0242907239299,0.03854945562119383,0.0017718155464763186,0.038590152358096846,-0.04526656987002298,-0.000580694468112597,0.04527029438674956,0.04592981749362637
117,2,450.77783,629.1829,467.79895,642.7829,485.88385,650.4145,15.745940641251392,468.15849891214873,643.0254746422669,-0.015240057881044322,0.0011839183370057071,0.015285974841215706,-0.05378951350223815,-0.0005878972094706114,0.05379272614337707,3.0640637280236884
118,2,449.3454,628.3467,467.51572,642.7804,486.73422,650.9674,15.388290870087726,468.10473059907633,643.0260634606537,-0.05376831307239627,0.0005888183868592023,0.05377153705952549,-0.038528255191351946,-0.0005950999501465049,0.0385328508164216,3.1306420617470594
119,2,450.52576,629.0135,467.64706,642.7241,485.95306,650.5606,15.512560289171333,468.03364133961054,643.0260499763494,-0.07108925946579348,-1.3484304304256511e-05,0.07108926074465376,-0.017320946393397207,-0.0006023026911634588,0.017331415190189246,-3.1414029722758525
120,2,451.98288,629.7236,467.74673,642.82214,485.32162,649.9617,17.61531695180984,467.9664384425484,643.0254269866128,-0.06720289706214544,-0.0006229897365983561,0.06720578464505286,0.003886362403648036,-0.0006095054322940996,0.003933867003914209,-3.1323226381802525
121,2,456.48322,631.7757,467.91022,643.0768,482.6572,648.25256,25.34292831660817,467.9200706591348,643.0241872887033,-0.046367783413586494,-0.0012396979095683491,0.04638435285305008,0.020835113648558945,-0.000616708172969993,0.02084423876563918,-3.114862830501802
122,2,455.78067,631.4396,467.7441,643.0515,482.92194,648.4431,24.589296718737693,467.8944525104043,643.0223236798798,-0.02561814873052981,-0.0018636088234416093,0.025685844004555418,0.020749634683056684,-0.0006239109138732601,0.02075901260437883,-3.0689749215442435
123,2,452.5187,630.0971,467.68982,643.00555,484.9717,649.6266,19.43020758163243,467.8852399598391,643.0198289574013,-0.009212550565166566,-0.002494722478559197,0.009544355827439554,0.016405598165363244,-0.0006311136551175878,0.016417732961924,-2.877138989123524
124,2,455.83044,631.61115,467.7288,642.95135,482.9588,648.33813,24.14570091462543,467.8880889709207,643.0166959185267,0.002849011081593744,-0.003133038874580052,0.004234713299938238,0.01206156164676031,-0.0006383163960208549,0.012078440179925069,-0.832842542912566
125,2,453.94604,630.95135,467.79532,643.01086,484.04285,649.0287,20.724493112823943,467.89865550713137,643.0129173605153,0.010566536210660615,-0.003778558011390487,0.01122181750594106,0.007717525129066871,-0.0006455191368104352,0.007744474744859532,-0.3434263464475528
126,2,452.7884,630.2221,467.88727,643.09753,484.54428,649.33344,19.93113982170213,467.9125955319533,643.0084860806261,0.01394002482192036,-0.004431279889217876,0.014627389838667135,0.003373488611259745,-0.0006527218778273891,0.0034360546066809993,-0.30778030153557456
127,2,450.14716,629.1556,468.09268,643.19025,486.15195,650.7016,15.444123798781153,467.92556500886803,643.0033948761179,0.012969476914747702,-0.005091204508175906,0.013932971498795375,-0.0009705479071726586,-0.0006599246189580299,0.0011736540132526827,-0.37406993904458435
128,2,450.40134,629.0751,467.79916,642.8929,485.76837,650.3717,15.86033187376984,467.933219901358,642.99763654425,0.007654892489938447,-0.005758331867923516,0.009578922952694607,-0.005314584424809254,-0.0006671273597476102,0.00535629223647748,-0.6449344646251407
129,2,448.7406,628.1098,467.88202,643.07697,486.42505,651.2312,14.285436817679816,467.9312161729048,642.9912038822815,-0.002003728453189524,-0.006432661968460707,0.006737511982520109,-0.009658620943127971,-0.0006743301005371904,0.00968213197635318,-1.8727634208662234
130,2,448.16232,627.90045,467.84543,643.0723,486.65308,651.4851,13.526032514055636,467.91614026222345,642.9841169147084,-0.015075910681332516,-0.007086967573172842,0.01665857713776057,-0.013072182228142992,-0.0006543056047121354,0.013088547055732933,-2.70216170774182
131,2,448.26196,627.90424,467.79877,643.1766,486.71558,651.4537,14.383606921665038,467.8883005089598,642.9765045749759,-0.02783975326366317,-0.00761233973241815,0.028861732068318355,-0.012763842582330653,-0.0005253721592453076,0.012774650420744488,-2.874682767497393
132,2,449.80502,628.7322,467.78146,642.9121,485.89056,650.54694,15.406246763189266,467.84893572799257,642.9685230237669,-0.03936478096721885,-0.00798155120901356,0.04016579565126553,-0.01152502770355568,-0.0003692114765954102,0.011530940147367675,-2.9415459250835787
133,2,450.8859,629.36304,467.97598,642.8539,485.0619,650.06177,15.414394777283604,467.79928473420074,642.960328421763,-0.04965099379182902,-0.008194602003868567,0.05032268560518259,-0.010286212824610175,-0.00021305079485500755,0.010288418970588395,-2.9780231348650394
134,2,453.21457,630.6094,467.6538,642.91113,483.58975,649.05536,19.345375492631344,467.7405863424629,642.9520769296472,-0.058698391737834754,-0.008251492115846304,0.059275528801911004,-0.00904739794600573,-5.6890111977736524e-05,0.0090475768069815,-3.0019333831078683
135,2,454.6632,631.2375,467.32315,643.11914,482.99582,648.6095,23.87750959093043,467.6740793676579,642.9439247081015,-0.06650697480500867,-0.008152221545742577,0.06700474918873234,-0.007808583067173913,9.927057010372664e-05,0.007809214055399165,-3.019624147106695
136,2,461.32645,634.5459,467.19818,642.9987,478.68677,645.78674,41.57358025164073,467.6010026246644,642.9360279178084,-0.0730767429935213,-0.00789679029310264,0.07350217454929074,-0.006569768188512626,0.00025543125263993716,0.006574731871005667,-3.033948746749138
137,2,454.53763,631.22095,467.05405,642.9707,483.1835,648.6955,23.649226399355037,467.52259492836123,642.9285427194503,-0.07840769630314526,-0.007485198358040179,0.07876417354372142,-0.005330953309623965,0.00041159193506246083,0.0053468187841368975,-3.046415990458991
138,2,456.96933,632.3689,467.14273,642.85565,481.7356,647.9363,26.672950065640368,467.44009509362706,642.9216252737094,-0.08249983473416478,-0.006917445740896255,0.0827893337739998,-0.004092138431019521,0.000567752617143924,0.004131336342262717,-3.0579403311110602
139,2,454.56805,631.33386,467.48276,642.8895,483.18152,649.09283,20.25989112588525,467.3547419353408,642.9154317412683,-0.0853531582862388,-0.006193532441102434,0.08557757576336644,-0.0028533235520740163,0.0007239132997938214,0.002943723111713916,-3.0691560133085996
140,2,453.69446,630.90405,467.33023,643.10767,483.99536,649.5355,20.735636663706156,467.2677742683812,642.9101182828095,-0.08696766695965152,-0.005313458458772402,0.08712983379530781,-0.001614508673412729,0.0008800739823300319,0.0018387953858162607,-3.080571563924133
141,2,461.4863,634.6833,467.0685,642.7407,479.1377,645.9143,40.55327142816059,467.1804309076268,642.9058410590151,-0.08734336075434612,-0.004277223794474594,0.08744802634280473,-0.0003756937946945982,0.0010362346642978082,0.0011022377723814486,-3.092661519921251
142,2,453.8655,630.90594,467.19406,642.89557,483.5304,649.4504,20.110095110468844,467.0939506679566,642.9027562305675,-0.0864802396702089,-0.0030848284475268883,0.08653524149135683,0.0008631210841372194,0.0011923953469477055,0.0014720002273453452,-3.1059368660385163
143,2,452.82013,630.3153,467.20398,642.90173,484.2657,649.9918,18.62158748027233,467.00957236424944,642.9010199581492,-0.08437830370718302,-0.0017362724183840328,0.08439616566179092,0.0021019359630258805,0.0013485560291428556,0.0024973462227731026,-3.1210183193677197
144,2,465.8161,636.42535,466.8034,642.6554,475.5197,644.1774,71.08987983807225,466.9285348113838,642.9007884024426,-0.08103755286560954,-0.00023155570659127989,0.08103788368714793,0.003340750841573481,0.001504716711792753,0.003663985339520659,-3.1387352736688223
145,2,464.57397,635.962,466.70944,642.7921,476.48914,644.8735,60.62326527974872,466.85207682423857,642.90221772413,-0.07645798714526109,0.001429321687396623,0.07647134599829515,0.004579565720348455,0.001660877393987903,0.004871440844847724,3.122900620588241
146,2,462.84143,635.2409,466.7531,642.91223,477.82062,645.7707,48.50093783109872,466.78143721769254,642.9054640838938,-0.07063960654602397,0.0032463597638070496,0.07071416311244261,0.005818380599237116,0.0018170380764104266,0.006095504914993028,3.095668315077616
147,2,467.54782,637.3331,466.45898,642.8092,474.55975,643.6853,95.07320013242888,466.7178548066245,642.9106836424163,-0.06358241106806872,0.005219558522526313,0.06379629133734144,0.007057195477955247,0.0019731987587192634,0.007327859261440767,3.0596850820001626
148,2,470.0275,641.09033,466.33173,642.9156,472.38797,639.9288,179.98021765897056,466.66244993712843,642.9179452014102,-0.055404869496044284,0.007261558993945982,0.05587870616698508,0.008177541572024438,0.0020420004714196693,0.008428638803950854,3.011271915426374
149,2,465.02185,636.34973,466.73532,643.1394,476.04196,644.8464,65.4429961173939,466.6158690801596,642.9269681267093,-0.04658085696883063,0.0090229252990639,0.0474467008010372,0.008824012527213654,0.0017613663051179174,0.008998089149437687,2.9502576460891365
150,2,464.67685,636.1211,466.8105,643.0766,476.98288,645.27576,60.74737203710822,466.5786402378884,642.9373844251787,-0.03722884227119039,0.010416298469408503,0.03865858210872424,0.009352014697640243,0.0013933731703446028,0.009455245512238976,2.8687776804271987
151,2,469.94385,641.1223,466.38873,643.0525,472.73007,640.20905,175.65251076566634,466.5512914124856,642.9488261036815,-0.027348825402782495,0.011441678502819741,0.029645746033347995,0.009880016868407893,0.0010253800334112384,0.009933082982284147,2.745358817591471
152,2,468.11993,640.14716,466.3374,643.0081,474.34424,641.1409,135.05183520681123,466.5343506061215,642.9609251690824,-0.016940806364118544,0.01209906540088923,0.020817740123307196,0.010408019038663952,0.0006573868980694897,0.010428759170819158,2.521402213603116
153,2,460.56058,634.4537,466.98627,643.0417,479.64948,647.30084,34.60567485468109,466.52834582096676,642.9733136282458,-0.006004785154743786,0.012388459163389598,0.013767039086078134,0.010936021209374758,0.0002893937625003673,0.010939849571254106,2.0221356591972945
154,2,458.72998,633.43445,467.07983,643.15936,481.3718,648.40656,29.19010193779039,466.5338050591919,642.9856234880358,0.0054592382251144045,0.012309859789979782,0.013466103001518716,0.01146402337985819,-7.85993734098156e-05,0.011464292822299839,1.1533734641887725
155,2,459.132,633.9055,467.1745,643.1175,480.98682,648.1358,28.91026215197911,466.5512563229672,642.9974867553169,0.01745126377534234,0.011863267281114531,0.021101746798304125,0.011992025550227936,-0.00044659250886525115,0.012000338397990874,0.5970358929111451
156,2,466.37796,637.0792,466.88608,642.9471,476.60657,645.1018,72.55235184574425,466.5812276144635,643.0085354369528,0.029971291496281083,0.01104868163588435,0.03194294413240863,0.012520027720938742,-0.0008145856452301814,0.012546499268978962,0.35318505622403884
157,2,467.02072,637.35077,466.8498,642.9583,475.9483,644.8425,80.04591442249755,466.62424693585103,643.0184015398081,0.04301932138753273,0.00986610285531242,0.04413617561814157,0.013048029891251645,-0.0011825787805719301,0.013101510470753187,0.2254425990088629
158,2,464.70633,636.11615,466.90463,643.02985,478.1685,646.2701,56.31247311043635,466.68000536537846,643.026717070747,0.0557584295274296,0.008315530938943994,0.05637508774416114,0.01273910813989687,-0.0015505719163684262,0.012833127033884499,0.14804383171938595
159,2,469.9033,641.54285,466.47714,642.84845,473.7635,640.69995,175.56871119053685,466.74484628560543,643.0331140366338,0.06484092022697041,0.006396965886779071,0.06515570664521225,0.009082490699540813,-0.0019185650521649222,0.009282915984034001,0.09833808951330736
160,2,466.67874,637.1977,466.91724,642.9825,475.675,645.2737,72.97805137646988,466.8142761551695,643.0372244443325,0.06942986956408959,0.004110407698703966,0.06955143592432911,0.004588949337119175,-0.002286558188075105,0.005127065863249645,0.05913327495034101
161,2,463.10342,635.24884,467.08365,643.0652,479.0421,647.19727,43.95210611946779,466.88380143270837,643.0386803007078,0.06952527753884397,0.0014558563752871123,0.06954051865379453,9.540797475438012e-05,-0.002654551323416854,0.0026562653124830925,0.02093689797329133
162,2,462.21786,635.0725,466.99875,642.98517,479.18692,647.36786,39.08149441693182,466.94892857685954,643.0371136126237,0.06512714415117671,-0.0015666880841536113,0.0651459854238247,-0.004398133387667258,-0.0030225444594407236,0.005336604941815469,-0.024051200217680806
163,2,459.63623,634.0279,467.1655,643.082,480.54678,648.41315,28.53087151330684,467.00516404626086,643.0321563869442,0.056235469401315186,-0.004957225679504518,0.05645353935072446,-0.008891674749861522,-0.0033905375953509065,0.009516177018257535,-0.08792395613923663
164,2,456.65814,632.553,467.17538,642.9148,482.3871,649.5323,21.063180586016,467.0480142995498,643.0234406305337,0.04285025328891834,-0.008715756410424547,0.043727664203914586,-0.013385216112396847,-0.003758530730920029,0.01390289767030019,-0.20066297653455517
165,2,453.15686,631.19934,467.3187,642.9529,484.09692,650.8805,14.400342044189951,467.07298579536393,643.0105983502567,0.024971495814156697,-0.012842280277027385,0.02808023799596741,-0.017878757474761642,-0.004126523866602838,0.018348792005551433,-0.47500431834028706
166,2,455.5628,632.2259,467.20596,642.8742,482.94913,650.03394,17.989416329339583,467.075584992341,642.9932615529772,0.0025991969770871037,-0.017336797279540406,0.017530555177677012,-0.022372298837069593,-0.004494517002513021,0.022819299689977868,-1.4219809907358032
167,2,458.758,633.3663,467.20932,643.0297,481.9802,649.20764,26.13105371060064,467.0529098465437,642.9714056234468,-0.022675145797336427,-0.02185592953037485,0.031493553190568624,-0.02527434277442353,-0.004519132250834446,0.025675181771110927,-2.374588922922751
168,2,472.123,639.5704,466.87088,643.02386,473.97507,643.8544,140.00549874501004,467.0084243037339,642.946379457967,-0.04448554280980943,-0.025026165479744122,0.05104186984920247,-0.021810397012473004,-0.003170235949369271,0.02203959649849254,-2.629151152542295
169,2,469.50842,641.4981,466.3984,642.8008,476.57257,642.09625,161.23417272160705,466.947183807099,642.919875330727,-0.061240496634866304,-0.02650412724005946,0.06672980734905753,-0.016754953825056873,-0.0014779617603153383,0.016820013336639846,-2.7331443779583253
170,2,467.0184,640.09705,466.21405,642.8069,478.84415,643.4371,103.67583409197078,466.8742437998264,642.8935855159151,-0.07294000727262073,-0.0262898148118893,0.07753321239168025,-0.011699510637754429,0.00021431242817016027,0.01170147336790531,-2.795655877163375
171,2,467.54297,640.23956,466.03616,642.7852,478.3257,643.0204,119.52557681345992,466.79465972510286,642.8692022877208,-0.07958407472352746,-0.024383228194324147,0.08323560996818902,-0.006644067450906732,0.0019065866175651536,0.00691221417654841,-2.8442899950866423
172,2,471.8772,642.7352,466.30096,642.77167,474.87845,641.0506,169.02866850130354,466.7134870261159,642.8484179203325,-0.08117269898696122,-0.020784367388273495,0.08379138970418466,-0.0015886242634337577,0.003598860806050652,0.00393389452727167,-2.890926897460627
173,2,469.8826,638.53564,466.5822,642.8135,476.5485,645.61774,111.93523023033003,466.63578114605275,642.8329246879391,-0.07770588006314938,-0.015493232393396283,0.07923537118222101,0.003466818923811843,0.005291134994877211,0.006325736556679717,-2.9447904220552856
174,2,468.37857,637.6659,466.5769,642.8364,477.55164,646.33417,91.5333064810193,466.5665975281004,642.8244148647296,-0.06918361795237615,-0.00850982320946514,0.06970502194273162,0.008522262110773227,0.006983409183931144,0.011018028649215557,-3.019203980401965
175,2,472.6281,639.8812,466.392,642.7481,474.3078,644.3242,144.04983486441895,466.5109916154461,642.8245807248929,-0.05560591265430048,0.0001658601632925638,0.05560616001587829,0.01357770529807567,0.008675683372757703,0.016112776394704192,3.138609883170361
176,2,462.42505,635.0347,466.843,642.89294,481.0913,648.9351,37.67506985164433,466.47256970564337,642.8344037500492,-0.03842190980270743,0.00982302515626543,0.03965772278015984,0.01718400285159305,0.009657164992972866,0.019711691700740927,2.8912921198043002
177,2,459.90298,633.6308,466.8343,643.05585,482.81598,649.9326,30.38698677972978,466.44914151371023,642.8520222515447,-0.023428191933135167,0.017618501495462624,0.029313678926423385,0.014993717869572265,0.007795476339197194,0.01689914278616859,2.496799109031912
178,2,456.02115,631.77924,466.67932,643.1242,484.09888,651.2081,21.8931616526555,466.4370676090312,642.8748637481568,-0.012073904679027692,0.022841496612159062,0.02583627569293842,0.011354287254107476,0.005222995116696438,0.012497980518380653,2.057057512949522
179,2,456.9776,632.1387,466.7267,643.15,483.82904,651.2642,23.09730965967366,466.43270856099093,642.900355758663,-0.004359048040271318,0.02549201050612737,0.02586201653896891,0.007714856638756373,0.0026505138939683093,0.008157465100059108,1.7401549663557003
180,2,457.78177,632.34045,466.6103,642.97736,483.35175,651.1693,24.234161416954347,466.4324249389736,642.9259258018409,-0.00028362201732079484,0.025570043177935986,0.025571616092265655,0.0040754260229505235,7.80326718086144e-05,0.004076173004965799,1.5818878366804232
181,2,459.8508,632.852,466.45807,642.84155,482.93,650.9671,30.26167725963524,466.4325773123637,642.9490013964677,0.00015237339010809592,0.023075594626789098,0.023076097699349235,0.00043599540742889076,-0.0024944485511468883,0.002532264909052348,1.5641931957378339
182,2,472.54874,643.77374,466.163,642.7951,475.70056,641.3143,162.46154904003905,466.4295262505456,642.9670100613213,-0.003051061818098333,0.0180086648535962,0.018265294632909938,-0.003203435208206429,-0.005066929773192896,0.005994645482398871,1.7386245466700672
183,2,473.77408,639.98566,466.1958,642.9711,474.16483,645.18066,143.00111532686884,466.4196323229041,642.977379315179,-0.009893927641542177,0.010369253857675176,0.014332174634052708,-0.006842865823443844,-0.0076394109959210255,0.010255994005568396,2.332741161280246
184,2,472.2969,644.20624,465.9956,643.0632,475.9232,641.1473,158.7952050252904,466.3992560988231,642.9775366768181,-0.020376224080962402,0.00015736163913970813,0.020376831708660323,-0.010482296439420224,-0.010211892218535468,0.014634250282363875,3.133870000453196
185,2,468.9683,637.19775,466.39053,643.07623,478.3768,647.8945,91.77869448206371,466.36582695036367,642.9648917051674,-0.03342914845944733,-0.01264497165072953,0.035740778877516415,-0.013052924378484931,-0.012802333289869239,0.018283286698384957,-2.779965347517552
186,2,466.21655,635.7168,466.2126,642.837,480.11676,649.1749,65.5269610141092,466.3210494602913,642.9367821197586,-0.04477749007236298,-0.028109585408742532,0.05286939009513876,-0.011348341612915647,-0.015464613758013002,0.01918173965124013,-2.5810099874433843
187,2,465.22156,635.5448,466.0102,642.54895,480.23697,649.2887,58.22718038830439,466.26769701404794,642.8905276802745,-0.0533524462433661,-0.04625443948407337,0.07061130711250908,-0.008574956171003123,-0.01814485407533084,0.020069020971379616,-2.427334437831461
188,2,470.8767,638.5826,466.38333,642.6187,477.90512,647.8277,113.74088452601292,466.2085429970755,642.8234481463982,-0.0591540169724567,-0.06707953387638099,0.0894363549629022,-0.005801570729090599,-0.02082509439230762,0.02161811229902285,-2.293492240695678
189,2,463.27298,634.23126,466.39597,642.5551,481.1089,650.5921,40.78892675813471,466.1463607948158,642.7328632778124,-0.06218220225969162,-0.09058486858577908,0.10987376709009326,-0.003028185287234919,-0.023505334709398085,0.023699592104816074,-2.172371970956562
190,2,457.6415,630.73425,465.59802,642.1239,482.08856,651.2055,26.220563828436926,466.0839237927105,642.6189305265997,-0.062437002105298234,-0.11393275121270108,0.12991940205678387,-0.0002547998456066125,-0.023347882626922,0.02334927292490812,-2.072115249884763
191,2,479.2199,643.3756,465.83435,642.31274,464.70627,640.7887,48.9516006187328,466.024005376202,642.4931581144399,-0.05991841650848073,-0.1257724121597903,0.13931588673721293,0.002518585596817502,-0.011839660947089214,0.01210457949498974,-2.015389164716479
192,2,465.83035,635.9411,466.4774,642.06366,478.18036,647.8735,57.5657542085492,465.96937893073186,642.3698919554139,-0.05462644547014861,-0.12326615902600224,0.13482801825187074,0.005291971038332122,0.00250625313378805,0.005855447228108914,-1.9879463096458443
193,2,451.76074,629.427,465.91568,642.04,483.58813,652.15656,11.91421153990263,465.9228178417419,642.2634779636011,-0.04656108898996081,-0.10641399181281486,0.11615452062433419,0.008065356480187802,0.016852167213187386,0.018682759831827184,-1.9832459496257622
194,2,448.15466,628.0239,465.9122,642.2309,484.52155,653.03015,8.53446680481388,465.8870954946743,642.1852372378612,-0.035722347067576266,-0.0782407257398745,0.08600986713347857,0.010838741922384543,0.02817326607294035,0.030186275816614875,-1.999100193383584
195,2,444.52936,626.8191,465.69852,642.42255,485.0699,653.4634,6.7120931409635896,465.8649852749706,642.1343916161728,-0.022110219703733947,-0.05084562168838147,0.05544491915609033,0.013612127363842319,0.027395104051493036,0.0305905498048269,-1.9809803616064061
196,2,446.85645,628.2589,466.08514,642.31256,484.2193,652.86597,5.964106549555785,465.8592605680729,642.107138121294,-0.005724706897694887,-0.02725349487877793,0.027848254023764042,0.01638551280603906,0.023592126809603542,0.02872409228012757,-1.7778402847742896
197,2,447.72076,628.3976,466.21982,642.2527,484.28555,652.83026,6.482679824672815,465.8726947594232,642.0996737759823,0.01343419135031354,-0.007464345311746001,0.015368602674603299,0.019158898248008427,0.019789149567031927,0.02754403424816162,-0.5071500185333864
198,2,447.04865,628.0675,466.19073,642.2281,484.49677,652.94727,6.141301317565346,465.90806123446316,642.1081956029961,0.035366475039950274,0.00852182701385118,0.0363786900864425,0.021932283689636733,0.01598617232559718,0.02714005846468269,0.23645039220344666
199,2,445.7966,627.65765,466.29318,642.0965,484.82196,653.1988,4.233089278862262,465.96813337863466,642.1289006250934,0.06007214417149953,0.020705022097217807,0.06354022698580564,0.024705669131549257,0.012183195083366627,0.027546330602767306,0.3319179689568597
200,2,445.39203,627.44476,466.26553,642.20514,484.99036,653.12225,5.022036655937704,466.0556845773797,642.1579858650322,0.08755119874501816,0.029085239938808627,0.09225596774186338,0.027479054573518624,0.00838021784159082,0.028728496154984025,0.320737734741114
201,2,446.38596,627.9779,466.4895,642.2993,484.9996,653.0935,5.216728493387537,466.17348821614024,642.1916483455705,0.11780363876056299,0.03366248053828258,0.12251881447850968,0.030252440015544835,0.004577240599473953,0.030596752415895566,0.2783333898557817
202,2,446.70444,628.669,466.72794,642.2812,485.06033,652.9077,4.109135095409855,466.3243176803579,642.2260850894661,0.1508294642176793,0.034436743895639665,0.15471075142447624,0.0330258254571163,0.0007742633573570856,0.033034900194649545,0.22446818142310312
203,2,445.29575,629.0832,466.76837,642.4599,485.32434,653.04706,2.2146116611781017,466.50902510716963,642.2582206943528,0.1847074268117126,0.032135604886661895,0.18748208079930148,0.033877962594033306,-0.0023011390089777706,0.03395602435888746,0.17225689117056914
204,2,445.44012,629.58154,467.18085,642.5196,485.28775,652.95685,0.7969671915501043,466.7207776404904,642.2878900573648,0.21175253332074817,0.02966936301208989,0.21382096826386726,0.027045106509035577,-0.002466241874572006,0.027157321942138754,0.13920713950314548
205,2,446.59775,630.7505,467.75397,642.6016,484.8956,653.02844,2.05480883979722,466.9508211759305,642.3156556505128,0.23004353544013156,0.027765593147933032,0.23171309061132392,0.018291002119383393,-0.0019037698641568568,0.01838980962998148,0.12011609726829595
206,2,447.8869,631.87384,467.84848,642.37683,484.06964,652.7244,4.782539051892234,467.19040160909987,642.3420799458065,0.23958043316935118,0.026424295293736577,0.24103324944783974,0.009536897729219618,-0.0013412978541964549,0.009630757926106662,0.10985004796655225
207,2,446.77322,631.02734,467.6067,642.4093,484.69272,652.95386,3.0314446218298188,467.43076483560844,642.3677254152562,0.24036322650857755,0.025645469449727898,0.24172747208563342,0.0007827933392263731,-0.0007788258440086793,0.0011042350778855956,0.10629252773508967
208,2,446.8556,630.86115,467.89355,642.46533,484.8626,653.3871,3.8859985506673,467.6631567510665,642.393154530872,0.23239191545803806,0.025429115615793307,0.23377904587720708,-0.007971311050539498,-0.0002163538339345905,0.00797424660052041,0.1089897934838495
209,2,446.06946,630.8137,468.1703,642.51245,485.14456,653.5849,5.222922251829636,467.87882325108376,642.4189297646641,0.21566650001727794,0.025775233792046492,0.21720129351994477,-0.016725415440760116,0.0003461181762531851,0.016728996367324302,0.11895010709353596
210,2,446.90793,630.66614,468.24286,642.7523,485.21545,653.364,2.483252480747136,468.06901023127045,642.4456135886425,0.1901869801866951,0.026683823978373766,0.1920497693168185,-0.02547951983058283,0.0009085901863272738,0.025495714677642476,0.13939320810386344
211,2,447.05948,630.97015,468.4087,642.78156,485.2361,653.6299,3.8556961825820015,468.22496358723674,642.4737684748171,0.15595335596628956,0.028154886174661442,0.15847443595942018,-0.034233624220405545,0.0014710621962876758,0.03426521634616195,0.17861015009493728
212,2,446.83606,631.0403,468.24472,642.6507,485.07764,653.80646,5.061866739660185,468.3401843653823,642.5039568951984,0.11522077814555587,0.03018842038125058,0.11910990068664531,-0.040732577820733695,0.002033534206589138,0.04078330733635386,0.2562451872491537
213,2,447.09314,630.9722,468.2895,642.6031,485.29575,653.8533,4.731475346880601,468.4171942152668,642.5367413217962,0.07700984988451864,0.03278442659780012,0.08369788292772189,-0.038210928261037225,0.00259600621654954,0.03829901156487589,0.40247806362046246
214,2,448.0354,630.6199,468.46512,642.714,485.32462,653.59973,2.2243998130525617,468.46076993724006,642.5726842266208,0.04357572197324089,0.03594290482465112,0.05648659976244912,-0.033434127911277756,0.0031584782268510025,0.03358298518442299,0.6897035550906255
215,2,447.80328,630.7793,468.38113,642.6501,485.1326,653.7818,3.625310480572319,468.4756883316515,642.6123480816825,0.014918394411438385,0.0396638550616899,0.042376643214983176,-0.028657327561802504,0.003720950237038778,0.02889788735618859,1.2110435428522146
216,2,447.2373,630.5557,467.76303,642.4885,484.86163,653.7615,3.224522292032768,468.4667261988507,642.656295358991,-0.00896213280077518,0.04394727730846171,0.0448517893418486,-0.023880527212213565,0.004283422246771806,0.024261642279067016,1.7719670863976642
217,2,447.58698,630.9296,467.81955,642.5585,484.7929,653.73694,3.479921897751968,468.43866033918715,642.7050885305566,-0.028065859663570336,0.04879317156564866,0.05628912923549315,-0.019103726862795156,0.004845894257186956,0.019708756206319025,2.092781320553159
218,2,448.21567,631.0603,467.68146,642.5684,484.8074,653.52374,2.015282706130056,468.3962675530104,642.7592900683896,-0.042392786176776553,0.054201537833023394,0.06881100946283643,-0.014326926513206217,0.005408366267374731,0.015313760119477129,2.2345471235069962
219,2,448.41757,631.28235,467.79877,642.7221,484.70486,653.4901,1.942996960707297,468.34432464067027,642.8194624444998,-0.051942912340109615,0.060172376110131154,0.07949076040088807,-0.009550126163333061,0.0059708382771077595,0.011263028876237235,2.2829240928677756
220,2,447.44656,631.0654,467.77856,643.0118,484.64978,653.8178,2.202559703931706,468.2876084025161,642.8861681308974,-0.056716238154137955,0.06670568639765406,0.08755786811097598,-0.00477332581402834,0.006533310287522909,0.0080912781833232,2.2754331468913827
221,2,447.8313,631.1795,467.93948,643.0876,484.68832,653.68494,1.688527649312501,468.2322107050056,642.9594264874637,-0.055397697510500166,0.07325835656627078,0.09184602166809265,0.0013185406436377889,0.006552670168616714,0.006684013447593007,2.218251281472953
222,2,448.17776,631.0898,468.08368,643.01495,485.1287,653.9652,1.7930780280804255,468.18948367902846,643.0370844255642,-0.042727025977171706,0.07765793810051491,0.0886360767344613,0.01267067153332846,0.004399581534244135,0.01341276387557621,2.073789402799075
223,2,448.23846,630.9461,467.91327,643.1669,485.46674,653.8131,0.6090934032904695,468.17209452158215,643.1164457444347,-0.01738915744630276,0.07936131887049669,0.08124408735136952,0.025337868530868946,0.0017033807699817771,0.025395060301860724,1.786501154176353
224,2,449.97275,631.4586,467.9497,643.40533,485.06537,653.598,2.831721042248949,468.1927104296647,643.1948142433121,0.02061590808256142,0.07836849887735298,0.08103479056774501,0.03800506552886418,-0.000992819993143712,0.03801803121404429,1.313560698306879
225,2,451.04764,631.949,469.0626,644.12177,485.9694,653.3824,5.335607854394804,468.2639986002738,643.2694937214326,0.07128817060907977,0.07467947812051534,0.10324256738933701,0.05067226252651835,-0.0036890207568376354,0.05080636833804179,0.8086272661866895
226,2,450.97086,632.79816,469.18942,643.86664,486.91873,653.0582,3.876311361114852,468.39397110288115,643.3381410946076,0.12997250260735882,0.06864737317505387,0.14698745959385448,0.05868433199827905,-0.0060321049454614695,0.05899353449452999,0.48592759053043627
227,2,453.95407,633.8911,468.97607,643.33594,486.04288,652.17535,4.777867213502737,468.5720194968552,643.3998257449487,0.17804839397405203,0.06168465034102155,0.1884309599944588,0.04807589136669321,-0.00696272283403232,0.048577472556377836,0.33350765999138143
228,2,456.088,634.342,469.44296,643.2305,485.2558,651.7151,5.429932683031941,468.7828802140386,643.4539701711421,0.21086071718337962,0.05414442619348847,0.21770131129350445,0.03281232320932759,-0.007540224147533081,0.0336675442316249,0.25134786010223675
229,2,459.75415,635.6706,469.05533,643.13635,482.86606,650.5815,10.424546401100088,469.01128968627347,643.4999968718744,0.22840947223488683,0.046026700732227255,0.23300073859735626,0.017548755051507214,-0.008117725461261216,0.019335363211540883,0.19884667327067837
230,2,451.81363,633.25323,469.4694,643.1726,486.89526,652.23047,1.8631963643467293,469.24198434540256,643.5373283458318,0.23069465912908527,0.03733147395746528,0.23369566683728168,0.002285186894198432,-0.008695226774761977,0.008990497639505494,0.16043128850438038
231,2,451.5267,633.1251,469.85373,643.2085,487.04623,652.3669,0.7748072417814497,469.4544660707517,643.5613467174384,0.2124817253491642,0.02401837160653031,0.21383490309579264,-0.01821293377992106,-0.013313102350934969,0.022559912479401593,0.11255956695196408
232,2,450.8546,632.85834,469.45065,643.1081,486.92096,652.37134,0.9285166229680388,469.6072985315799,643.5512726140661,0.15283246082816504,-0.010074103372289755,0.15316412321933678,-0.05964926452099917,-0.034092474978820064,0.06870466947797364,-0.0658207742770937
233,2,451.32336,633.0635,469.4809,642.88965,487.1312,652.26984,0.4325065228937175,469.6538108446293,643.482286288824,0.04651231304939074,-0.0689863252421219,0.0832016125782208,-0.1063201477787743,-0.05891222186983214,0.12155090994863318,-0.9775791899328148
234,2,452.03845,633.3187,469.38477,642.9685,487.06573,652.2334,1.4323115666235815,469.54733212664223,643.3295679948218,-0.106478717987045,-0.1527182940021703,0.1861735607090813,-0.15299103103643574,-0.0837319687600484,0.1744055565915988,-2.179656148241742
235,2,455.7506,635.7477,468.22464,643.10504,484.08173,651.21643,3.4416213295633327,469.2411914943614,643.0682979851686,-0.30614063228085797,-0.2612700096532308,0.4024724893424677,-0.19966191429381297,-0.10855171565106048,0.22726274439568533,-2.4351098904148
236,2,482.7613,645.95215,464.18463,642.6501,459.83875,637.81024,37.99885520854311,468.20612161432615,642.6552407059011,-1.0350698800352234,-0.41305727926749114,1.1144442437879043,-0.7289292477543654,-0.15178726961426037,0.7445651237122897,-2.761894972940219
237,2,453.2029,646.7944,453.93945,637.99963,458.6391,616.4879,7.536504494355347,465.20095930002213,641.9734973747647,-3.005162314304016,-0.6817433311363175,3.081521459419342,-1.9700924342687927,-0.2686860518688263,1.9883300515839906,-2.918511009031473
238,2,444.74292,629.1452,456.231,637.50684,475.53644,636.19324,39.94171400674789,462.54937901829754,640.9736764522545,-2.6515802817245913,-0.9998209225102528,2.833817190208274,0.3535820325794248,-0.3180775913739353,0.4755981580044666,-2.781011876886758
239,2,443.28268,624.03827,455.40295,637.47485,474.9974,642.20276,34.382946330055304,460.48744243391593,639.9500785981561,-2.0619365843816126,-1.0235978540983979,2.302028463100784,0.5896436973429786,-0.02377693158814509,0.5901228959225744,-2.6808087490806978
240,2,442.02164,620.8844,455.12848,638.15594,475.5918,646.2631,31.193729642704778,458.5405155456501,639.2107149904132,-1.946926888265807,-0.7393636077429164,2.0825904188550854,0.11500969611580558,0.28423424635548145,0.30662083589005895,-2.7786559820492016
241,2,440.99234,615.29266,453.44064,638.9152,475.41782,652.4031,30.67394442930581,456.69728443815126,638.7747466803143,-1.843231107498866,-0.43596831009892867,1.8940879818693777,0.10369578076694097,0.30339529764398776,0.3206267636697682,-2.9093369857940306
242,2,441.77,618.9006,453.57068,639.37537,473.66818,648.9252,34.6270763449694,455.0622652175396,638.5891221874839,-1.635019220611639,-0.18562449283035676,1.6455225018540518,0.20821188688722714,0.2503438172685719,0.32561360027759834,-3.028546221558414
243,2,441.75,618.6373,453.5137,640.03357,474.48816,649.2545,37.466284741335215,453.7399739899356,638.6007900315462,-1.322291227604012,0.011667844062344557,1.3223427048929441,0.312727993007627,0.19729233689270131,0.36976081972967545,3.1327689232309366
244,2,443.29214,623.3414,453.85144,640.122,471.33884,644.248,44.544077026180005,452.83492686145996,638.7566987321259,-0.9050471284756441,0.15590870057963002,0.9183778240345515,0.4172440991283679,0.14424085651728547,0.4414726072433979,2.9710011310970224
245,2,442.51416,622.0898,453.98077,640.70807,473.12936,647.0286,40.10494944342214,452.3425100688088,639.0021409843529,-0.49241679265117,0.24544225222700788,0.5501965074981224,0.41263033582447406,0.08953355164737786,0.42223222391619036,2.679190527397072
246,2,441.446,620.4296,454.01215,640.9996,475.01416,650.01526,35.346600379501105,451.8215903709812,639.2757861853796,-0.5209196978275941,0.2736452010267385,0.5884207912962934,-0.028502905176424065,0.02820294879973062,0.04009765485033319,2.6579013491148005
247,2,441.8148,618.27844,452.0719,640.7347,470.36273,652.01465,33.788812716936086,450.86535522610586,639.5146479078647,-0.9562351448753361,0.23886172248512594,0.9856168498779414,-0.43531544704774205,-0.03478347854161257,0.4367029068117481,2.8968079602642063
248,2,441.1472,612.9705,448.24228,640.65717,465.60703,658.1699,30.383313837905288,449.6407943665268,639.6557397244667,-1.2245608595790713,0.1410918166019428,1.2326622406503212,-0.26832571470373523,-0.09776990588318313,0.28558298910767915,3.026880184630012
249,2,445.47144,614.5859,447.1557,640.34125,460.38202,662.2018,27.43374949703338,448.43823044164566,639.6696702603527,-1.202563924881133,0.01393053588606108,1.2026446080432858,0.021996934697938286,-0.12716128071588173,0.12904982157836808,3.1300091422800302
250,2,449.01184,615.6742,448.1287,639.92365,459.4319,658.2175,33.79630988077038,447.46751549487976,639.661428350729,-0.9707149467658951,-0.0082419096237345,0.9707499353329674,0.23184897811523797,-0.02217244550979558,0.2329067753264489,-3.133102301599303
251,2,468.32324,645.6954,449.94763,639.9025,444.09357,614.2889,59.62875244425099,446.91838391814997,639.7695978833106,-0.549131576729792,0.10816953258154172,0.5596839611250769,0.42158337003610313,0.11641144220527622,0.437360448334449,2.9470998237748973
252,2,455.22336,630.42395,449.22546,639.9803,451.90283,628.12976,160.61714368272715,447.1415071940915,640.0776758733564,0.22312327594153203,0.30807799004583103,0.3803893324181952,0.772254852671324,0.1999084574642893,0.7977098149328238,0.9439846134232406
253,2,487.5513,652.50525,457.2685,642.8027,445.28412,623.2265,40.75996750494505,448.4402376563614,640.4488118463021,1.298730462269873,0.37113597294569445,1.350719335777076,1.075607186328341,0.06305798289986342,1.0774540029572353,0.27834957936017046
255,2,471.55304,650.93756,452.72742,642.9123,446.8619,627.66754,45.86716468497144,449.1455447800229,640.9652711237057,0.7053071236614983,0.5164592774036691,0.8741786567424168,-0.5934233386083747,0.1453233044579747,0.6109583632488346,0.6320422709339202
256,2,461.68634,633.9577,451.96054,642.4258,455.44604,643.54645,121.1307542591589,449.1315453070891,641.211768544103,-0.013999472933790003,0.24649742039730427,0.24689464049458276,-0.7193065965952883,-0.2699618570063649,0.7682977184294001,1.6275289698921271
257,2,454.34402,624.8756,451.19125,641.6383,460.56558,652.16327,52.342576965705206,449.5046936340118,641.5472907938318,0.37314832692271693,0.33552224972879685,0.5018115721546246,0.38714779985650694,0.08902482933149258,0.39725160688313815,0.7323540796874572
258,2,457.7646,630.1139,451.72546,642.4373,458.056,648.2987,73.31093148193524,450.0911160701863,642.0444726040429,0.5864224361744732,0.4971818102110319,0.768817940772406,0.21327410925175627,0.16165956048223507,0.26761849557240897,0.7032282310317072
259,2,470.42288,649.3474,453.70157,644.9559,447.21555,633.0544,46.69533846890114,450.62274587791893,642.750525538462,0.5316298077326564,0.7060529344191764,0.8838218138696232,-0.05479262844181676,0.20887112420814447,0.2159383677337983,0.9254033360568134
260,2,447.7874,624.458,453.501,645.3896,467.5621,660.77466,27.157761666020555,451.06421336211105,643.6109684911164,0.4414674841921169,0.8604429526543527,0.9670861463031396,-0.09016232354053955,0.15439001823517629,0.17878904417465574,1.0967474555747665
261,2,439.33072,620.52356,452.7921,646.1476,472.96185,666.6989,16.748240860627988,451.4383230883119,644.5458971886076,0.3741097262008566,0.9349286974911593,1.007000375685429,-0.06735775799126031,0.07448574483680659,0.10042506532486326,1.1901624826921455
262,2,466.65765,645.8877,452.73114,647.97876,449.6737,641.4019,73.60645265538528,451.7678796220713,645.475407357538,0.3295565337593871,0.929510168930392,0.986203155079372,-0.04455319244146949,-0.0054185285607672995,0.04488148179918379,1.2300750591097251
263,2,475.54025,661.50195,451.97556,647.66095,438.16846,626.5925,26.3329892208598,452.07568752893843,646.3195947245096,0.30780790686714,0.844187366971596,0.898553291733087,-0.021748626892247103,-0.08532280195879594,0.08805102671631992,1.2211565154631348
264,2,452.162,633.7035,453.58957,648.0274,459.23926,654.3729,35.98850522328212,452.3845513744634,647.0176388669821,0.30886384552496793,0.6980441424725541,0.76332332593254,0.0010559386578279373,-0.14614322449904193,0.14614703922223832,1.1542216636123077
265,2,444.07782,626.01794,454.88434,647.8766,468.34085,664.392,12.865629722441604,452.71727572419536,647.5850547658476,0.3327243497319614,0.5674158988655336,0.6577737416391277,0.023860504206993483,-0.13062824360702052,0.13278953907920252,1.040447777947403
267,2,441.94412,624.28503,454.85742,648.4506,470.37692,667.1146,11.62561023150222,453.54552419847823,648.4663971597544,0.8282484742828728,0.8813423939067206,1.20944613375261,0.49552412455091144,0.3139264950411871,0.5865952627670902,0.8164446907691763
268,2,443.80106,625.65186,455.36197,648.72687,469.487,666.1926,12.35185923249373,454.0866574541284,648.8495213182948,0.541133255650152,0.3831241585404541,0.663030407468514,-0.2871152186327208,-0.4982182353662665,0.5750274417990776,0.6160771695426553
269,2,440.32053,622.7548,455.99103,649.04895,473.74734,670.32983,9.047241885487862,454.73571392265734,649.2383198092618,0.6490564685289542,0.38879849096701946,0.7565966996475129,0.10792321287880213,0.005674332426565343,0.10807228102788621,0.5396993773750713
270,2,447.84073,628.5299,456.9936,648.88367,471.64734,666.28455,15.888698250032656,455.4797204019828,649.6569277095841,0.7440064793254351,0.4186079003222858,0.8536850798101498,0.09495001079648091,0.029809409355266325,0.09951937216623546,0.5124959008724307
271,2,443.43768,626.82086,457.09528,649.3362,474.12192,669.6192,8.771246371427933,456.2985481364958,650.1273873452263,0.8188277345130359,0.4704596356422144,0.9443575210567002,0.07482125518760085,0.051851735319928594,0.09103198714482738,0.521498011057156
272,2,441.42358,626.92523,458.26453,650.64844,476.06277,671.9289,4.537298274693184,457.1720683705877,650.6717410421534,0.8735202340918704,0.5443536969270326,1.0292514497080116,0.054692499578834486,0.07389406128481824,0.09193259380298853,0.5572840033683072
273,2,440.84344,628.97504,459.55365,652.3852,476.22778,672.3565,1.2258902143661643,458.0801523486495,651.3120311263297,0.9080839780618248,0.6402900841762857,1.1111201119172778,0.03456374396995443,0.09593638724925313,0.10197275516361819,0.6141406409335977
274,2,447.0367,635.86505,460.77206,653.186,471.34705,666.0521,1.0034670717681802,459.00267131507263,652.0190872375717,0.9225189664231266,0.7070561112420819,1.1623121731510726,0.014434988361301748,0.06676602706579615,0.06830864703053005,0.6539404122832937
275,2,443.8058,631.3034,460.9605,652.43274,476.95938,670.5237,2.415407445310152,459.9194965142481,652.5588882711029,0.9168251991754914,0.5398010335311483,1.0639330813751753,-0.005693767247635151,-0.16725507771093362,0.16735196445085634,0.5321227311167277
276,2,440.44492,629.8419,462.18393,650.70575,481.42053,668.1485,1.6231709407486972,460.8104991905673,652.7274345231071,0.8910026763192036,0.168546252004262,0.9068040627790921,-0.025822522856287833,-0.3712547815268863,0.3721517371896033,0.18695562474064428
277,2,439.72382,629.84937,462.99127,650.35095,484.10272,667.4806,2.328517397461974,461.6555505884214,652.6456626382035,0.8450513978540926,-0.08177188490367371,0.8489985313154879,-0.045951278465111045,-0.2503181369079357,0.2545008637659963,-0.09646523716256392
278,2,439.40036,629.896,462.967,650.7723,484.7365,667.6799,3.700575601516857,462.43767259631227,652.4978259463284,0.7821220078908482,-0.1478366918751135,0.7959714333390296,-0.06292938996324438,-0.0660648069714398,0.09123961223788538,-0.1868159097219178
279,2,439.79474,629.7403,463.11707,651.19073,484.63068,668.4523,3.863864210330771,463.15248967918444,652.3965081702522,0.7148170828721732,-0.10131777607614367,0.721961739786049,-0.06730492501867502,0.04651891579896983,0.08181663925437851,-0.14080153899641867
280,2,439.63745,629.59436,463.06387,651.4762,484.79852,669.14966,3.9314382242863632,463.79877694609274,652.4363756309539,0.6462872669083026,0.039867460701657365,0.6475157494537116,-0.06852981596387053,0.14118523677780104,0.15693822593634002,0.06160883714110289
281,2,440.45486,629.58606,463.46008,651.8323,485.21805,669.5566,4.872384923457781,464.3753095060927,652.651966359443,0.5765325599999755,0.21559072848913274,0.6155234804218279,-0.06975470690832708,0.17572326778747538,0.18906185754343838,0.3578442925499659
282,2,440.7642,630.13873,464.06598,652.4312,486.20663,669.694,5.788788058506284,464.88086246823934,652.837305226854,0.5055529621466235,0.18533886741101924,0.5384554701258264,-0.07097959785335206,-0.030251861078113507,0.07715749095268107,0.35139152202297375
283,2,441.02902,630.40906,464.26486,652.4536,486.6974,669.0362,7.02043175448264,465.30637804768895,652.7829972357666,0.42551557944960905,-0.05430799108739848,0.4289672088287,-0.08003738269701444,-0.23964685849841771,0.2526590576590299,-0.12694238896698462
284,2,440.97598,631.3841,464.81537,650.4592,486.9255,663.3348,8.45131319070729,465.61146688400123,652.5064810744207,0.30508883631227945,-0.2765161613459668,0.4117528209106643,-0.1204267431373296,-0.22220817025856832,0.2527430936590063,-0.736310343163826
285,2,442.12967,632.01013,465.79773,650.6727,487.31418,663.6979,7.067301533413431,465.76375481603037,652.0819038524713,0.15228793202913948,-0.42457722194933467,0.45106255845495136,-0.15280090428313997,-0.14806106060336788,0.2127679346535551,-1.2264085947599688
294,2,447.22565,635.39856,469.03555,657.61884,488.62274,674.51245,4.756828473488508,467.2780816131592,653.8322342208317,1.514326797128831,1.7503303683603235,2.314485266081175,1.3620388650996915,2.174907590309658,2.5661981405239582,0.8575630898677503
295,2,454.6798,641.0203,470.33954,664.07983,485.75922,684.6733,2.64412062353868,468.28460093004094,655.9399409940739,1.006519316881736,2.1077067732422847,2.335703101258266,-0.5078074802470951,0.3573764048819612,0.6209559821446762,1.1252756782187876
296,2,449.02533,637.0616,471.17044,665.98517,489.99112,693.0581,2.6327699348863787,469.4164481695592,658.324026334154,1.1318472395182653,2.384085340080105,2.639117481733238,0.12532792263652937,0.27637856683782047,0.3034669675594289,1.1275510551719188
297,2,452.96927,639.4692,471.09467,665.10126,487.78455,688.68243,0.0279764551182933,470.498937203626,660.6674587719633,1.082489034066782,2.3434324378092697,2.581367486324164,-0.04935820545148317,-0.04065290227083551,0.06394443610223588,1.1380702894019354
298,2,458.83853,645.5723,471.21713,665.0017,484.30652,682.7848,3.85371499119191,471.4115655432805,662.7391030382644,0.9126283396545318,2.071644266301064,2.263758037520499,-0.16986069441225027,-0.2717881715082058,0.32050189652790784,1.1558427183916244
299,2,451.98166,640.81415,473.0793,668.362,491.75192,693.9007,1.2748750062961336,472.2505652560693,664.6514086633006,0.8389997127887909,1.912305625036197,2.0882608365826223,-0.0736286268657409,-0.15933864126486696,0.1755277109013516,1.157347877738275
300,2,452.07648,642.39923,473.55756,669.2689,491.71564,695.2622,3.7038547241358537,473.129403745869,666.5366121940328,0.8788384897997048,1.8852035307322694,2.0799878469449866,0.03983877701091387,-0.027102094303927515,0.04818352072425073,1.1345713568912539
301,2,461.12634,650.9578,474.20694,670.2493,490.51022,690.4396,4.781105200044257,474.013755205371,668.2625134448144,0.8843514595019997,1.7259012507815896,1.93928147296177,0.005512969702294868,-0.1593022799506798,0.15939764500275147,1.0972781554084634
302,2,458.7094,646.19434,474.09076,669.3775,491.3803,693.48755,2.08168305880434,474.83234552447107,669.6308030468458,0.8185903191000534,1.368289602031382,1.5944612085439787,-0.06576114040194625,-0.3576116487502077,0.36360778169451546,1.0316586296214383
303,2,463.7715,652.92725,475.6198,668.4739,491.0832,687.8705,1.2510135429689735,475.51390059306414,670.443171631328,0.6815550685930702,0.8123685844822148,1.060405596259536,-0.13703525050698318,-0.5559210175491671,0.572561645270108,0.8727391141258739
0,3,363.83475,530.1525,346.48352,557.668,346.62207,586.32367,32.51248403316913,346.40997897603063,557.7004268688007,,,,,,,
1,3,364.96454,528.2809,346.70743,556.18207,345.54874,585.0987,30.90406472751033,346.9045870210022,556.2263353233973,0.49460804497158506,-1.4740915454034393,1.5548578720836554,,,,-1.247066352218582
2,3,365.6276,526.746,347.55368,553.6034,343.8935,581.9169,26.572901675930563,347.21873271845425,554.1801047038782,0.3141456974520338,-2.046230619519065,2.0702046438661568,-0.18046234751955126,-0.5721390741156256,0.599924811123988,-1.4184616291539576
3,3,365.75198,526.455,346.91617,553.2101,344.2846,580.85974,29.70913541222706,347.24103526764475,552.8175417868292,0.02230254919049912,-1.3625629170489901,1.362745429864818,-0.2918431482615347,0.6836677024700748,0.7433531802500847,-1.5544297007054295
4,3,366.07663,526.3946,346.78403,552.0319,343.8584,578.7325,30.70914476039291,346.9984048151793,551.7358030394488,-0.24263045246544834,-1.0817387473804274,1.1086154671696424,-0.26493300165594746,0.2808241696685627,0.3860721559973834,-1.7914412759669962
5,3,366.0499,526.06573,347.0546,551.0174,343.97745,576.98505,30.523438409112806,347.0709152970562,550.5866803495552,0.07251048187691822,-1.149122689893602,1.1514081493590056,0.31514093434236656,-0.06738394251317459,0.32226449417644293,-1.5077791456060667
6,3,367.77002,524.36475,348.77026,548.7744,342.9161,575.76385,25.65793725653238,347.99028457504033,549.2308735324274,0.9193692779841172,-1.3558068171278137,1.6381245357637768,0.8468587961071989,-0.2066841272342117,0.8717156353964877,-0.9749217307651459
7,3,369.4328,523.4585,351.13,547.83026,343.3725,575.26904,21.1192488623258,349.5416424245721,547.8641295820229,1.5513578495317688,-1.3667439504044978,2.0675348130735616,0.6319885715476516,-0.010937133276684108,0.6320832029497012,-0.7222173020673383
8,3,371.34,522.6903,353.67358,547.23773,344.87778,574.8757,18.08826453260223,351.3234715995111,546.7659572869693,1.7818291749389914,-1.0981722950535868,2.093059387185903,0.2304713254072226,0.268571655350911,0.3539036110198515,-0.5523312580390907
9,3,371.83658,522.2748,355.59933,547.7371,345.557,575.47327,12.621887941478144,352.9980913709754,546.1336464732096,1.674619771464279,-0.6323108137596591,1.790019090450288,-0.10720940347471242,0.4658614812939277,0.4780384670157583,-0.36103478588325544
10,3,371.4334,522.32916,355.39975,547.6206,346.0849,575.2355,13.732973738499435,354.48316707911886,545.8356111159524,1.4850757081434836,-0.2980353572572767,1.5146864141112977,-0.18954406332079543,0.33427545650238244,0.38427468399575043,-0.19805602910202164
11,3,372.19,522.5179,355.7225,547.7188,346.9965,574.97144,15.407994956387784,355.7622271781691,545.6808460583246,1.2790600990502412,-0.15476505762774195,1.288389289013585,-0.20601560909324235,0.14327029962953475,0.2509358681934416,-0.1204136777979307
12,3,373.01285,521.0291,356.7611,547.41125,347.20517,575.15,12.624903902182822,356.82690650961234,545.5695454658619,1.0646793314432443,-0.11130059246272594,1.0704811538205554,-0.21438076760699687,0.04346446516501601,0.21874248158930193,-0.10416073710613845
13,3,371.95114,519.6707,357.24234,546.94635,347.18903,574.6588,8.397091608858439,357.6708665117501,545.4247033347021,0.8439600021377487,-0.14484213115974853,0.8562988544703575,-0.22071932930549565,-0.03354153869702259,0.22325334744910702,-0.16996620618801372
14,3,370.30167,517.3039,357.40402,546.2328,347.1039,573.73773,3.49916695823752,358.2877686228835,545.1693136609833,0.6169021111334132,-0.2553896737188097,0.6676766434158545,-0.2270578910043355,-0.11054754255906118,0.2525391950434311,-0.3925059867921804
15,3,369.7707,515.86224,357.5327,545.70935,346.95694,573.8955,1.7280504274720905,358.6712742813142,544.726370440844,0.3835056584306926,-0.44294322013934107,0.5858969929226193,-0.23339645270272058,-0.18755354642053135,0.29941649404989645,-0.8571937726945031
16,3,369.54132,514.7003,356.7736,544.51215,346.07233,572.5294,2.279845259823235,358.82469291769456,544.045726622665,0.15341863638036557,-0.6806438181789645,0.6977200622126686,-0.23008702205032705,-0.2377005980396234,0.3308196064691183,-1.3490990664428546
17,3,369.13614,513.27936,355.47913,542.68225,345.03204,570.73914,4.490912933148559,358.7899259320829,543.1846709638014,-0.03476698561166813,-0.86105565886362,0.8617572691597006,-0.1881856219920337,-0.18041184068465554,0.2606957241378426,-1.6111515698003975
18,3,369.22162,512.4527,355.28476,541.0448,345.3625,568.39197,6.044226814805246,358.6185227168888,542.2273511738515,-0.17140321519411827,-0.9573197899499064,0.9725431827988997,-0.13663622958245014,-0.0962641310862864,0.1671413837692681,-1.7479639742925166
19,3,370.14032,511.92902,355.90695,540.14825,347.58875,566.7801,9.419973958917964,358.3620326645216,541.2579149624129,-0.2564900523671554,-0.9694362114386195,1.0027929572009218,-0.08508683717303711,-0.012116421488713058,0.08594520073746455,-1.8294463167419137
20,3,370.13986,511.73233,356.14926,539.4692,347.929,566.17474,9.657648024477632,358.0692737433303,540.348351017218,-0.2927589211913073,-0.9095639451949182,0.955517847209377,-0.03626886882415192,0.05987226624370123,0.07000085078725962,-1.8821922317398323
21,3,369.68253,511.69427,355.28818,539.1614,348.43494,566.6223,13.644438325485254,357.7781382254212,539.5220119385364,-0.29113551790914016,-0.826339078681599,0.876125654654957,0.0016234032821671462,0.08322486651331928,0.08324069824536771,-1.9095361776960462
22,3,369.57376,511.78934,355.1998,538.9212,347.52786,566.6867,12.467723358732872,357.52378695883976,538.7900913047711,-0.25435126658140916,-0.7319206337652986,0.7748563614909304,0.036784251327731,0.09441844491630036,0.1013307647565838,-1.905253025106187
23,3,369.89288,512.0001,355.56754,539.05273,347.3716,566.6518,11.36335143819918,357.3413807916317,538.1637826943256,-0.18240616720805747,-0.6263086104454487,0.6523300432707685,0.0719450993733517,0.10561202331984987,0.12778887585996662,-1.8541972448352793
24,3,370.57144,511.2635,356.89584,538.2744,347.10263,566.14484,7.49239790129438,357.26608057184285,537.6542796856037,-0.0753002197888577,-0.5095030087219357,0.515037318062444,0.10710594741919977,0.11680560172351306,0.15847786143987538,-1.7175256868475208
25,3,369.81006,511.22433,357.15295,538.58655,347.68073,565.84863,5.664342785060242,357.3206356855327,537.2634352583221,0.05455511368984389,-0.3908444272815359,0.39463353477212704,0.1298553334787016,0.11865858144039976,0.1759041403216899,-1.4321097038312238
26,3,369.2188,510.62988,357.4814,538.67706,348.13602,566.23413,3.975374396230161,357.47814967081734,536.9557399974534,0.15751398528465188,-0.30769526086874066,0.3456689588628633,0.10295887159480799,0.08314916641279524,0.1323416529865744,-1.0976617894000797
27,3,369.37897,509.3793,357.75797,537.7046,348.22775,566.0798,3.7415153653570297,357.6993146038269,536.6863438892835,0.22116493300956108,-0.2693961081698717,0.3485515610210301,0.0636509477249092,0.038299152698868966,0.07428504724189387,-0.8834015866303743
28,3,369.9178,508.0062,358.0757,537.2459,348.23508,566.5183,3.466618430972669,357.9448225606915,536.4103969200985,0.2455079568645715,-0.2759469691850427,0.3693519821068072,0.024343023855010415,-0.0065508610151709945,0.02520905770642158,-0.8437052352632969
29,3,371.88452,507.26578,358.60828,536.8107,348.53915,566.3511,5.3749433422859125,358.1814347000338,536.0971442419259,0.23661213934229863,-0.3132526781726028,0.39257170665554547,-0.008895817522272864,-0.03730570898756014,0.03835168174218834,-0.9238866504999674
30,3,373.11163,506.53088,358.72552,536.123,348.83008,566.29486,7.768621684615985,358.4001885104481,535.7722116697605,0.2187538104143414,-0.3249325721653804,0.39170704107126253,-0.017858328927957245,-0.011679893992777579,0.02133869339443342,-0.9782647853391061
31,3,373.5411,506.77844,358.56857,536.1551,349.0767,566.4606,9.615847049947268,358.5981905630213,535.4753201843388,0.19800205257320158,-0.2968914854217246,0.3568604306155545,-0.020751757841139806,0.028041086743655796,0.03488463844247975,-0.9826202635499263
32,3,373.19913,507.04727,358.6648,536.246,349.55655,566.29346,9.599375176386156,358.7725474288402,535.2461907663969,0.17435686581887921,-0.2291294179418628,0.2879246547702358,-0.023645186754322367,0.0677620674798618,0.07176902288447382,-0.9203216638772119
33,3,373.3912,507.00858,358.95084,536.5193,349.20032,566.61285,8.12105340882403,358.92036567899186,535.1245443966719,0.1478182501516585,-0.1216463697249992,0.19143686777935304,-0.02653861566722071,0.10748304821686361,0.1107109017916532,-0.6885763733053722
34,3,372.96747,507.46777,358.8487,536.76495,349.2857,566.4156,7.85450440614625,359.04900939156784,535.1359870527344,0.12864371257597895,0.011442656062513379,0.12915161308747197,-0.01917453757567955,0.13308902578751258,0.13446319822282354,0.08871495436171019
35,3,373.30814,507.254,359.27667,536.92664,349.31378,566.26434,6.551194205116204,359.2068726726788,535.2496646994947,0.15786328111096282,0.11367764676026582,0.19453386053864927,0.029219568534983864,0.10223499069775244,0.10632862506559626,0.624090151890932
36,3,373.29028,507.45145,359.53537,536.5895,349.6839,566.56635,7.077813683632692,359.45260713544025,535.4206082986981,0.2457344627614475,0.1709435992033832,0.29934451773377135,0.08787118165048469,0.057265952443117385,0.10488438336506468,0.6077961987416006
37,3,373.80524,507.78992,359.91623,537.041,351.15308,566.82416,9.00372424919572,359.8448643929675,535.6038488120888,0.3922572575272625,0.18324051339072867,0.4329466962924038,0.14652279476581498,0.012296914187345465,0.14703789812329363,0.437018826791522
38,3,375.186,507.66226,362.23737,537.16046,351.91806,567.3839,4.848079307282234,360.41447867603483,535.7674154513559,0.5696142830673239,0.16356663926706005,0.5926335098148112,0.17735702554006139,-0.01967387412366861,0.17844488177432252,0.27962959158398404
39,3,375.66614,507.31708,363.04617,536.9346,352.68573,567.52045,4.365831391683472,361.0810146860526,535.9313304279632,0.6665360100177509,0.16391497660731602,0.6863952011826425,0.096921726950427,0.0003483373402559664,0.0969223529117806,0.241135616045075
40,3,376.04062,507.46417,363.02155,536.9107,353.3127,567.9962,6.506471838843255,361.73621974208976,536.1286142033185,0.6552050560371754,0.19728377535534491,0.6842620502958909,-0.011330953980575487,0.033368798748028894,0.035240136889580526,0.2924678082202006
41,3,375.0452,507.95728,362.6483,537.23444,353.3047,567.9264,6.017475271091913,362.2718411632154,536.3922872388293,0.5356214211256543,0.2636730355108057,0.5970040003418302,-0.11958363491152113,0.06638926015546076,0.13677638539836262,0.45744853365948185
42,3,372.92703,509.5445,362.04245,538.0365,352.6792,567.2607,3.1427364662795663,362.57962626849877,536.7553699959036,0.307785105283358,0.36308275707426674,0.4759839908221061,-0.22783631584229624,0.09940972156346106,0.2485793224665226,0.8676392844879449
43,3,370.69415,511.875,361.2115,539.24603,352.53162,566.8576,1.6577660587463632,362.585877505902,537.2353261923197,0.006251237403205323,0.479956196416083,0.47999690462258704,-0.3015338678801527,0.11687343934181627,0.32339151859990173,1.5577724633698595
44,3,368.1423,513.8653,360.52988,539.8514,352.24304,565.5906,1.5185243564100577,362.3551178389585,537.7873925713371,-0.23075966694347017,0.5520663790174467,0.5983538340558172,-0.2370109043466755,0.0721101826013637,0.24773785987214586,1.9667167127223844
45,3,365.20322,513.64014,360.1347,540.1436,351.81818,566.18713,6.883417666925756,361.98642536009487,538.3512491325863,-0.3686924788636361,0.5638565612491675,0.6736975327506766,-0.13793281192016593,0.011790182231720792,0.13843579378636528,2.149891759595074
46,3,362.7414,512.38226,359.55936,539.5238,350.96204,566.37805,11.06558710720082,361.57887816173735,538.8665758756973,-0.40754719835751985,0.515326743111018,0.6570056096065487,-0.03885471949388375,-0.048529818138149494,0.06216777682586256,2.2399342910111373
47,3,361.2039,512.66473,359.62888,539.4863,351.31363,566.5194,13.737015500413662,361.23155433631257,539.2730528003005,-0.34732382542478035,0.4064769246032256,0.5346562727048095,0.060223372932739494,-0.1088498185077924,0.1243991062531205,2.277881854343043
53,3,343.78595,516.63605,357.43533,536.7698,347.36124,564.77374,53.92035950083698,360.30389634004644,539.0268363394285,-0.9276579962661344,-0.24621646087200588,0.9597770072474311,-0.5803341708413541,-0.6526933854752315,0.8733821645129016,-2.882157065357823
54,3,342.29117,517.0454,357.72537,537.00214,346.98102,565.05054,58.67785259339137,359.82634614132905,538.7337628644556,-0.47755019871738114,-0.29307347497297087,0.56030907009234,0.4501077975487533,-0.04685701410096499,0.4525401741112578,-2.591159081910598
55,3,342.95792,515.79266,357.27325,537.5225,346.86697,565.56934,53.73284606479998,359.1866913769428,538.4284689404097,-0.6396547643862505,-0.3052939240458272,0.7087754211746686,-0.16210456566886933,-0.012220449072856354,0.16256453975647656,-2.6962863253520655
56,3,342.79886,515.2547,357.86725,537.29913,346.97562,565.4867,55.480864518977775,358.6577696847386,538.1333759058348,-0.5289216922042215,-0.29509303457496117,0.6056715739894324,0.11073307218202899,0.010200889470866059,0.11120193982510948,-2.632693432477834
57,3,342.44586,514.23956,357.31992,537.3722,346.40475,565.9207,53.66433345381561,358.22143283309987,537.870905099274,-0.43633685163871405,-0.26247080656082744,0.5091962022586937,0.09258484056550742,0.032622228014133725,0.09816395704710848,-2.6000470611647706
58,3,341.26816,509.59454,357.20667,536.5555,346.91257,565.6653,50.065442694502494,357.79075962929875,537.6523089792635,-0.4306732038011205,-0.21859612001048845,0.48297377998806656,0.005663647837593544,0.04387468655033899,0.044238727679701356,-2.6719086520285567
59,3,342.34888,507.23495,357.29504,536.23566,347.80734,565.0032,45.51820678744605,357.3796994875698,537.4441644843085,-0.4110601417289672,-0.20814449495492227,0.46075434984195024,0.019613062072153298,0.010451625055566183,0.022224056113776286,-2.672869841208254
60,3,342.4493,506.01724,356.97147,536.3038,347.47632,565.30164,43.748025628106745,357.0274194738881,537.2018796729071,-0.3522800136817068,-0.24228481140141866,0.42755483610339917,0.058780128047260405,-0.0341403164464964,0.06797547101947321,-2.5391274104747277
61,3,342.64368,506.17548,356.74445,536.2367,346.46127,564.63934,45.032567871187695,356.7730866542286,536.8808626035568,-0.254332819659453,-0.3210170693503187,0.4095572511507948,0.09794719402225383,-0.07873225794890004,0.12566790066904585,-2.2408072476796868
62,3,342.35388,505.28857,356.7554,535.167,347.0289,563.2858,44.81512193841024,356.6407590108069,536.434043780696,-0.13232764342171777,-0.44681882286079144,0.4660017872028482,0.12200517623773521,-0.12580175351047274,0.17524652411705793,-1.8587219067696255
63,3,343.57114,505.47195,357.43988,534.58655,346.8207,561.93427,46.69208621013154,356.5940581907993,535.804443492525,-0.04670082000762932,-0.629600288170991,0.6313299370807469,0.08562682341408845,-0.18278146531019956,0.20184404115289403,-1.6448360842327034
64,3,342.65475,506.0061,357.36572,532.6547,347.85107,559.93713,48.12628089247843,356.5814967576225,534.9326044731857,-0.012561433176756509,-0.8718390193392906,0.871929507039388,0.03413938683087281,-0.24223873116829964,0.24463258288955647,-1.585203303081087
65,3,342.37833,505.03662,357.58463,530.73553,349.18192,558.2783,47.57903670365148,356.5515872746934,533.8167621806567,-0.02990948292909934,-1.1158422925290097,1.1162430734232944,-0.01734804975234283,-0.24400327318971904,0.2446191982602887,-1.5975943099285737
66,3,342.60178,502.65042,356.5612,529.956,350.93848,557.9511,38.43398941542633,356.4528423054288,532.6859229682709,-0.09874496926460097,-1.1308392123858084,1.13514223479898,-0.06883548633550163,-0.01499691985679874,0.07045020783671455,-1.6578954829249057
67,3,343.42566,503.22318,356.19736,530.83453,351.177,558.4399,35.13027001854113,356.24767076846166,531.7682230753815,-0.20517153696715695,-0.9176998928894591,0.9403554928806394,-0.10642656770255599,0.21313931949634934,0.2382330452063979,-1.790750682221677
68,3,343.65176,506.3084,355.58673,529.5268,349.686,558.26685,38.806934130820224,355.95406700328994,531.057547390078,-0.29360376517172426,-0.7106756853034994,0.7689363436622122,-0.08843222820456731,0.20702420758595963,0.22512059326463046,-1.9625729636821785
69,3,342.31784,502.5588,355.3855,531.24567,350.12872,559.54974,35.011952636471385,355.60392170462814,530.4892179626329,-0.35014529866180055,-0.5683294274450645,0.6675328218709522,-0.05654153349007629,0.1423462578584349,0.15316462429591715,-2.1229668881999375
70,3,340.7451,501.6705,354.97205,530.0251,349.91327,559.13007,36.50544351877976,355.2291255671904,529.9985568433192,-0.3747961374377269,-0.4906611193136996,0.6174305456036427,-0.02465083877592633,0.07766830813136494,0.08148637886386512,-2.2231086432546077
71,3,340.85538,501.65613,353.99817,530.1951,349.2667,558.3467,34.267664558337415,354.8568625807292,529.529271319341,-0.3722629864611804,-0.46928552397821477,0.5990063723404824,0.0025331509765464943,0.02137559533548483,0.021525169681477063,-2.2414107775325802
72,3,339.73108,500.8734,353.61566,529.24445,349.0319,558.13074,35.093493211789266,354.49548991515024,529.0586096256262,-0.3613726655789833,-0.4706616937147601,0.5933907931187561,0.010890320882197102,-0.0013761697365453074,0.010976927259529482,-2.2255905981255033
73,3,339.18594,500.65906,353.90393,528.60944,349.011,557.6704,37.32734883983685,354.1486580353969,528.5722052340346,-0.3468318797533243,-0.4864043915915772,0.5973956686926989,0.014540785825658986,-0.015742697876817147,0.021430515366374844,-2.190228765335326
74,3,340.1882,503.87057,354.08966,527.5144,347.60318,555.96985,43.29480979285624,353.82001740641283,528.0556916164251,-0.32864062898408974,-0.5165136176095757,0.6122017479517591,0.018191250769234557,-0.03010922601799848,0.03517793478804709,-2.1374568403317658
75,3,338.10654,499.40454,353.11862,527.46545,349.10645,556.7665,35.942986248489234,353.5132184931418,527.494702244657,-0.30679891327105224,-0.5609893717680734,0.6394017895040929,0.0218417157130375,-0.04447575415849769,0.04954950305761173,-2.07124791231906
76,3,336.3098,498.0963,353.32718,526.7437,350.07645,556.7083,36.90306704353756,353.2319117605273,526.8748705905896,-0.281306732614496,-0.6198316540674114,0.6806796288990781,0.02549218065655623,-0.05884228229933797,0.06412694800800582,-1.9968421304265789
77,3,335.97137,497.88876,353.4128,525.76697,350.30936,556.6804,37.76414286492586,352.9797476735131,526.1818301260822,-0.2521640870141937,-0.6930404645073622,0.7374902116125218,0.02914264560030233,-0.07320881043995087,0.07879608948810518,-1.919757677899034
78,3,335.40625,496.90213,352.61224,524.5087,350.7723,555.6789,35.311656445181136,352.7603766970428,525.4012143229943,-0.21937097647031578,-0.780615803087926,0.8108542762717278,0.0327931105438779,-0.08757533858056377,0.09351378522251881,-1.8447533834908065
79,3,335.21085,495.79123,352.94202,523.9074,351.34552,555.19104,35.15858085023119,352.5774492960601,524.518656653185,-0.18292740098269178,-0.88255766980933,0.9013159682206662,0.036443575487624,-0.10194186672140404,0.10826023455067263,-1.7751720429145
80,3,336.05334,498.13184,353.4486,522.7288,352.1968,553.1608,37.62387382082338,352.4314393112152,523.532939197006,-0.146009984844909,-0.9857174561789179,0.9964726885822047,0.036917416137782766,-0.10315978636958789,0.10956658769035948,-1.7178526134713668
81,3,335.79144,495.82068,352.70993,520.49426,353.25873,550.02057,33.373313620832974,352.3101140859851,522.4954384687787,-0.12132522523006628,-1.0375007282273145,1.0445705200460782,0.024684759614842733,-0.05178327204839661,0.05736588377494784,-1.6872075035801473
82,3,335.50815,495.04068,351.94638,520.1551,354.8888,548.49207,27.277946122715814,352.198064339553,521.4706795913164,-0.11204974643209198,-1.0247588774623182,1.030866578473338,0.009275478797974301,0.012741850764996343,0.01576037016853058,-1.6797062149986859
83,3,335.48776,493.68655,352.05756,519.9793,356.15762,548.4596,24.02716838512057,352.0798807911027,520.5231876874332,-0.11818354845030399,-0.9474919038832468,0.9548341526404495,-0.006133802018212009,0.07726697357907142,0.0775100556912943,-1.6948884628054148
84,3,335.5864,493.3155,352.44446,519.6574,356.71368,548.3324,24.14988325863389,351.9401541598176,519.7174878799426,-0.1397266312851002,-0.805699807490555,0.8177259389799248,-0.021543082834796223,0.14179209639269175,0.14341932581580935,-1.7425111481947189
85,3,335.23752,494.2428,352.55954,519.8861,355.31317,548.1494,28.474327630813544,351.7519112390473,519.0977374869333,-0.18824292077033533,-0.6197503930093262,0.6477082266386317,-0.04851628948523512,0.18594941448122881,0.19217443922469754,-1.865680678259237
86,3,335.30502,493.67453,351.08652,519.4154,353.6887,548.02856,26.315707823671648,351.4419231188057,518.6266226075937,-0.3099881202415986,-0.4711148793395523,0.563952005250483,-0.12174519947126328,0.1486355136697739,0.1921312299397868,-2.1527668036287495
87,3,335.7938,491.10645,349.75418,519.66266,353.0943,548.2886,19.39753506432323,351.0072513608521,518.2464615363879,-0.4346717579535948,-0.38016107120586184,0.577461667319015,-0.1246836377119962,0.09095380813369047,0.15433277269302362,-2.4229929603367473
88,3,335.6971,489.99457,349.7091,519.2233,352.7136,547.5899,19.566614657393227,350.6945079673795,517.8995725677789,-0.3127433934726014,-0.3468889686089369,0.46705501464316856,0.12192836448099342,0.033272102596924924,0.1263865454715425,-2.3044760973999674
89,3,334.74576,490.05112,351.32312,518.16046,352.4934,548.7785,28.340894133540875,350.5206907386259,517.5282739962307,-0.17381722875359173,-0.3712985715482091,0.4099695820976466,0.13892616471900965,-0.02440960293927219,0.14105427309793322,-2.008627168715524
90,3,334.90402,488.3548,351.12677,517.51904,352.4591,548.2728,26.60454361657225,350.43220127616775,517.0937681331422,-0.08848946245814204,-0.43450586308847505,0.4434249993227621,0.08532776629544969,-0.06320729154026594,0.10618846173114597,-1.7717042044652187
91,3,335.09763,486.73407,351.17197,517.0825,352.3158,547.99097,25.788969347951817,350.4045249864723,516.6327933576516,-0.02767628969542102,-0.4609747754906266,0.4618048512628884,0.060813172762721024,-0.026468912402151545,0.06632379139661217,-1.6307629639859769
92,3,335.1092,486.10028,351.1249,516.88214,352.5809,547.62354,24.776197637525136,350.420418227229,516.2009720658323,0.015893240756668092,-0.4318212918193467,0.43211366927034234,0.04356953045208911,0.0291534836712799,0.0524235595318279,-1.5340077976931557
93,3,334.8979,485.7592,351.19714,516.7111,352.70197,547.6148,24.98348181945008,350.4626373561274,515.8539266537579,0.04221912889840951,-0.347045412074408,0.34960402298434173,0.026325888141741416,0.08477587974493872,0.08876937632415693,-1.4497381481002387
94,3,334.53857,485.99152,351.22418,516.5912,352.5601,547.52783,26.130464394775707,350.51393873085715,515.647279517502,0.051301374729746385,-0.20664713625581044,0.21291986748983607,0.009082245831336877,0.14039827581859754,0.14069173053941667,-1.327459824044298
95,3,334.96564,487.89243,351.12463,516.95856,352.3183,547.6902,26.84704436244319,350.5570787091077,515.6192300173893,0.043139978250565036,-0.02804950011272922,0.05145709066817926,-0.008161396479181349,0.17859763614308122,0.17878401502479696,-0.5765139520735613
96,3,335.32312,490.54156,350.9902,518.14996,352.14508,548.15204,27.369428611534936,350.57481364856864,515.738285370749,0.017734939460922305,0.11905535335972672,0.12036903771855939,-0.02540503878964273,0.14710485347245594,0.1492824635081294,1.4229199181778793
97,3,334.64227,488.7941,349.8228,518.11707,352.13483,548.0409,22.952570619030173,350.54989990692945,515.9555297591617,-0.024913741639181808,0.21724438841260962,0.218668284895713,-0.04264868110010411,0.0981890350528829,0.10705137366794806,1.6849782238844573
98,3,333.65097,489.89505,350.78833,517.3138,351.58206,547.2123,30.485654884559747,350.4650938418798,516.2220473642072,-0.08480606504963362,0.2665176050455784,0.27968500579836886,-0.05989232341045181,0.0492732166329688,0.07755604606258384,1.8788661738346073
99,3,333.11035,491.6759,350.50085,518.0949,351.72052,547.9188,31.01336470279564,350.3090957153118,516.4979186437317,-0.15599812656802214,0.27587127952449464,0.3169233004359486,-0.07119206151838853,0.009353674478916219,0.07180390553093575,2.0854423459676696
100,3,332.27545,494.7577,350.1248,518.8291,351.21484,549.2075,34.50248450682586,350.09438140592914,516.779209160642,-0.21471430938265712,0.28129051691030327,0.35387369153037784,-0.058716182814634976,0.0054192373858086285,0.058965738002380516,2.222767048517666
101,3,331.0418,496.89136,349.1921,518.9465,350.52908,549.0424,36.90911236245323,349.83937069663756,517.0709807541109,-0.2550107092915823,0.29177159346886583,0.3875062897667043,-0.040296399908925196,0.010481076558562563,0.0416371566205772,2.289064214140938
102,3,328.77515,496.91812,348.72467,518.3685,349.90463,547.7271,40.62218624672168,349.5624833703434,517.3782952633104,-0.27688732629417245,0.3073145091995002,0.4136529934943844,-0.021876617002590137,0.015542915730634377,0.026835957238146312,2.304158168600171
103,3,328.18863,496.75565,348.53702,518.50494,349.23654,547.95166,41.733199424286745,349.2821392099526,517.7062145274131,-0.2803441603907686,0.32791926410266115,0.4314207830353515,-0.0034568340965961397,0.020604754903160938,0.020892717070566107,2.2781387625133656
104,3,328.80328,497.15503,348.387,519.12445,348.69888,548.8906,41.113737981719,349.0167579983715,518.0598003855911,-0.26538121158114336,0.3535858581780076,0.4420974401235023,0.014962948809625232,0.02566659407534644,0.029709659851773363,2.214644540880509
105,3,329.69965,496.32758,349.07208,519.9884,349.01578,549.21436,39.41947873665231,348.784759518506,518.4441146770172,-0.2319984798654673,0.38431429142610796,0.44891064729435753,0.03338273171567607,0.030728433248100373,0.045372275529047094,2.113908980013834
106,3,331.13406,495.75122,348.37033,519.54755,348.90054,549.0596,34.887488219926105,348.60456355326227,518.8642192408633,-0.18019596524374037,0.42010456384616646,0.4571197112950841,0.051802514621726914,0.0357902724200585,0.06296383184842097,1.9759920395167703
107,3,333.41986,496.26498,349.15726,520.4292,348.73618,549.2564,33.911799672597446,348.49458988554653,519.3251759163024,-0.10997366771573525,0.4609566754390926,0.4738937267180395,0.07022229752800513,0.04085211159292612,0.08124079081171331,1.8049953887410777
108,3,334.7716,496.64087,349.18872,521.05225,348.88992,549.05396,31.177036985608304,348.49076580406336,519.8379384341135,-0.0038240814831738135,0.5127625178110975,0.5127767772346619,0.10614958623256143,0.05180584237200492,0.11811680642997852,1.5782539908318536
109,3,336.04617,497.71753,349.3825,521.58484,348.99866,548.80615,30.00302741643917,348.6990486207131,520.4370280915042,0.20828281664972792,0.5990896573906639,0.6342634699428994,0.21210689813290173,0.08632713957956639,0.22900155297192,1.2362027351667364
110,3,339.6499,499.25964,350.64343,523.046,349.3339,548.4673,27.75422993938414,349.18907813590715,521.1628580772889,0.4900295151940668,0.725829985784685,0.8757614367083814,0.28174669854433887,0.12674032839402116,0.3089406301897808,0.9769574354037217
111,3,342.76895,501.87875,353.4308,523.2987,349.5282,544.4971,36.8932095890243,349.77800791144364,521.9366238814737,0.5889297755364851,0.7737658041847908,0.9723948787602651,0.09890026034241828,0.047935818400105745,0.10990497796499497,0.9202153828637912
115,3,361.54935,500.43967,352.902,521.8787,356.41428,546.9303,29.94737428689268,350.7754919799222,522.2637694655666,0.9974840684785704,0.32714558409293204,1.0497612586012437,0.40855429294208534,-0.44662022009185876,0.6052984646241122,0.3169164774338551
116,3,366.25195,506.96432,352.62357,521.5857,358.04776,544.6448,56.22393441215907,351.1439692128303,522.3095266816587,0.36847723290810563,0.045757216092056296,0.37130741171717735,-0.6290068355704648,-0.28138836800087574,0.6890783793158555,0.12354676238933157
117,3,369.14545,508.53717,352.36377,520.5854,358.38187,545.57184,67.86597584910297,351.6438478580891,522.2741545102425,0.4998786452587751,-0.03537217141615656,0.5011285768108243,0.1314014123506695,-0.08112938750821286,0.15442897618390286,-0.07064376537659593
118,3,372.01108,511.49774,353.7217,519.9159,357.5197,545.9557,73.58282650152947,352.2335993906082,521.9763033440628,0.5897515325191307,-0.2978511661797256,0.6606982573787265,0.08987288726035558,-0.26247899476356906,0.27743892761580213,-0.4676755987213644
119,3,372.27008,514.09784,353.8352,519.8833,357.65048,544.6791,81.32383924942144,352.8716952852977,521.592107598968,0.6380958946894566,-0.3841957450947575,0.7448306796638106,0.048344362170325894,-0.08634457891503189,0.09895738305790935,-0.5419601250319264
120,3,373.00723,515.851,354.57022,520.1273,357.6986,545.7209,83.91051956271978,353.5233283521178,521.3389997128884,0.6516330668201249,-0.25310788607964696,0.6990631271702927,0.013537172130668296,0.13108785901511055,0.1317849832509791,-0.3704846924975398
121,3,373.88077,517.52637,355.24872,520.08704,357.5908,546.3209,87.27630506082446,354.180576741232,521.2421201889755,0.6572483891142156,-0.09687952391288945,0.6643501239157101,0.005615322294090674,0.1562283621667575,0.15632924547177363,-0.1463478505419937
122,3,375.9475,519.54266,356.01263,520.996,357.2343,546.9056,88.52994305304938,354.84223993785446,521.278536546687,0.6616631966224418,0.03641635771145957,0.6626645734257997,0.004414807508226204,0.13329588162434902,0.1333689715913981,0.05498213369661314
123,3,377.03912,520.83606,356.5034,521.8171,356.8805,546.71277,88.13280486013268,355.50711742719943,521.4253163054804,0.664877489344974,0.1467797587934001,0.6808864614817398,0.0032142927225322637,0.11036340108194054,0.11041019869595108,0.21727711730123997
124,3,378.98425,521.3534,357.0699,522.414,356.55215,546.7526,86.0105596932733,356.1740086944812,521.6595269848133,0.6668912672817555,0.23421067933293216,0.7068228948543329,0.00201377793678148,0.08743092053953205,0.08745410892558814,0.3377414141348408
125,3,380.4095,520.80743,356.9936,522.66644,356.01047,546.9633,83.14366441980033,356.83910727093553,521.9558492511126,0.6650985764543407,0.2963222662992848,0.7281229304906793,-0.0017926908274148445,0.06211158696635266,0.06213745228025918,0.4191315850783723
126,3,382.33707,520.70935,357.79337,523.21075,356.24982,546.7564,80.43002732898665,357.4881828718859,522.2794163586848,0.6490756009503684,0.32356710757221663,0.7252549957440709,-0.016022975503972248,0.027244841272931808,0.031607232083625154,0.46245049303608926
127,3,382.84836,519.78937,357.99146,523.1701,356.51117,546.5282,78.6286509159691,358.1043992586773,522.5929747088059,0.6162163867913932,0.31355835012107036,0.6914054340840023,-0.03285921415897519,-0.010008757451146266,0.034349718788678194,0.47069818818098796
128,3,384.4264,521.23334,359.0648,522.9232,356.3207,546.34784,79.50646634759997,358.6709201926549,522.8592707027514,0.5665209339775856,0.26629599394550496,0.6259868409369803,-0.049695452813807606,-0.0472623561755654,0.06858110776034011,0.43940592975179527
129,3,385.55722,522.04614,359.5696,522.87506,355.99252,546.1002,79.41730730204853,359.1836797213815,523.0531777110032,0.5127595287266331,0.19390700825181284,0.5481991081250748,-0.05376140525095252,-0.07238898569369212,0.09016902985126715,0.3615413808544392
130,3,385.66013,523.5543,360.17487,523.23694,356.45694,545.36755,81.17690838127214,359.68969303729193,523.1980769808682,0.5060133159104225,0.14489926986504997,0.5263509041372358,-0.006746212816210573,-0.04900773838676287,0.049469887903117335,0.2788916008231241
131,3,386.35767,523.7044,360.21295,523.3513,356.42807,545.87427,81.23456622622389,360.24874561903846,523.3294767288585,0.5590525817465277,0.13139974799025822,0.5742871084478228,0.05303926583610519,-0.013499521874791753,0.0547302549900968,0.2308499161296605
132,3,387.07507,523.5559,360.51614,523.2075,355.55365,546.3011,78.62387851443243,360.9206229452735,523.4828851714867,0.6718773262350624,0.1534084426282334,0.6891685510659903,0.11282474448853463,0.022008694637975168,0.11495131842902352,0.22447986566988407
133,3,389.44608,525.0945,362.90875,523.7486,354.58286,545.9245,72.32482417714098,361.76511049464983,523.6938105252657,0.8444875493763107,0.21092535377897548,0.8704301958907403,0.1726102231412483,0.05751691115074209,0.1819408810608377,0.24475961561836138
134,3,390.75854,525.279,364.43716,524.7277,353.6799,545.75977,64.11142457791092,362.8134594235198,523.9827402216134,1.0483489288699843,0.28892969634773635,1.0874354445641536,0.20386137949367367,0.07800434256876088,0.21827537540604125,0.26892813523605386
135,3,392.63086,525.288,365.8224,525.0555,353.74432,545.6012,60.04729587186115,363.9827835990371,524.3100785515725,1.1693241755172608,0.32733832995904777,1.214277319935401,0.12097524664727644,0.038408633611311416,0.12692609439062297,0.27295125630052613
136,3,394.00452,525.1155,366.64523,524.76154,353.9539,545.4792,59.25013329815872,365.1616625660556,524.621209021091,1.1788789670185338,0.31113046951850265,1.2192447612934365,0.00955479150127303,-0.01620786044054512,0.018814589570144407,0.258036908229171
137,3,395.82477,525.29675,367.18924,524.56726,354.03745,545.3729,59.16127039043917,366.2386758694291,524.8615151361171,1.0770133033734623,0.240306115026101,1.1034965720664272,-0.10186566364507144,-0.07082435449240165,0.12406733099053999,0.21952688339189577
138,3,397.33853,525.3855,367.91718,524.65735,354.4104,545.365,58.302903597671,367.13038525931074,524.9917365057324,0.8917093898816688,0.1302213696153558,0.9011677097564232,-0.18530391349179354,-0.1100847454107452,0.2155369841292271,0.14501060620058825
139,3,397.2897,525.0977,367.92596,524.55273,354.55145,545.0346,57.91902929282315,367.86528130705216,525.0340371515541,0.7348960477414153,0.04230064582168325,0.7361124544679869,-0.15681334214025355,-0.08792072379367255,0.17977896969779164,0.05749659745153902
140,3,396.7581,524.89215,367.59067,524.62915,354.9449,544.6988,58.30178775388366,368.49983678930386,525.025937198332,0.6345554822516988,-0.008099953222085787,0.6346071771559837,-0.10034056548971648,-0.050400599043769034,0.11228735221193371,-0.012764074313574795
141,3,397.7841,524.6807,368.2098,524.27094,354.72595,544.18677,56.694203458535256,369.09052448271683,525.0049567708169,0.5906876934129741,-0.020980427515155498,0.5910601741686361,-0.043867788838724664,-0.01288047429306971,0.04571968411541538,-0.03550372156423939
142,3,397.80038,524.789,369.31088,524.46234,354.23526,543.4975,52.27811026667028,369.693817163942,525.0086159937588,0.6032926812251844,0.003659222941905682,0.6033037784834524,0.012604987812210311,0.02463965045706118,0.02767667054383756,0.0060653447047253764
143,3,397.92932,524.5758,369.81613,524.9138,353.94855,543.5844,48.95092588791257,370.3544007456962,525.0675851781472,0.6605835817541674,0.058969184388388385,0.6632103988860523,0.057290900528983,0.0553099614464827,0.07963315338873142,0.08903232262608665
144,3,398.47968,524.2488,370.41818,524.97974,353.52533,543.4295,46.03024137651759,371.0698136849613,525.1851353799259,0.715412939265093,0.11755020177872666,0.7250060162551335,0.05482935751092555,0.058581017390338275,0.08023711138586684,0.1628557869283684
145,3,401.15887,523.92175,372.43164,525.6829,354.43094,544.41296,42.62932479339473,371.825807574785,525.3576878412781,0.7559938898237419,0.17255246135221114,0.7754360794865934,0.040580950558648965,0.05500225957348448,0.068352484274037,0.22440172490554164
146,3,402.5389,524.27625,373.21484,526.00836,355.39368,544.8761,43.25353413546566,372.6081340082154,525.5816638043864,0.7823264334303985,0.2239759631082734,0.8137566469739012,0.0263325436066566,0.05142350175606225,0.05777351803077435,0.2788362470270562
147,3,403.53906,524.24146,373.75085,526.08563,356.10782,545.21985,43.77921984875499,373.4042362520873,525.8254813624387,0.7961022438718715,0.24381755805234206,0.8326018161837241,0.013775810441472913,0.019841594944068675,0.024154954838373963,0.29719374524902054
148,3,404.75507,524.2278,374.53574,525.9023,355.8038,544.81433,42.10254154952052,374.2083242683842,525.9455460126426,0.8040880162969302,0.12006465020385804,0.813002495802385,0.007985772425058713,-0.12375290784848403,0.12401030103253603,0.14822268853549248
149,3,405.7873,523.96814,374.30356,524.9839,356.31204,544.63257,45.6730292252498,375.0162996928764,525.8290404747894,0.807975424492156,-0.11650553785318607,0.8163319342851533,0.0038874081952258166,-0.2365701880570441,0.23660212556065832,-0.1432073281945018
150,3,406.55884,523.24274,375.50732,524.13837,356.97647,542.81024,43.56503528423146,375.8240641613344,525.5851392651085,0.8077644684580036,-0.24390120968087103,0.8437838802602438,-0.000210956034152332,-0.12739567182768496,0.12739584648988972,-0.29324111202252845
151,3,408.34998,523.80066,377.91275,524.249,356.765,541.28735,38.01377462304402,376.6275193095289,525.3292785118919,0.80345514819453,-0.2558607532166661,0.8432110650346649,-0.004309320263473637,-0.011959543535795092,0.0127122351582152,-0.3082968106075594
152,3,407.8283,524.2593,377.7121,524.8003,355.99335,541.0147,35.714498083758,377.42395149240815,525.1517140237829,0.7964321828792436,-0.177564488108942,0.8159861330704018,-0.007022965315286456,0.07829626510772414,0.07861060470215667,-0.21936228808777408
153,3,407.41312,524.33484,378.02203,524.7043,356.15784,540.3356,34.841803447997016,378.2161859416323,525.0944990903491,0.7922344492241677,-0.0572149334337837,0.794297784930408,-0.004197733655075808,0.12034955467515829,0.12042273987228438,-0.07209453203406292
154,3,406.97617,524.38477,378.5201,525.146,355.9044,540.11444,31.966621534884275,379.0084326080396,525.1876363713881,0.7922466664072658,0.09313728103893482,0.7977025345031511,1.2217183098073292e-05,0.15035221447271852,0.15035221496908488,0.11702382326790861
155,3,407.87076,525.0122,379.69,526.50684,356.81674,540.78845,28.943883849751565,379.80490144246806,525.4611285266982,0.7964688344284809,0.27349215531012305,0.8421167159200911,0.004222168021215111,0.18035487427118824,0.1804042886856504,0.33076591102723574
156,3,409.24536,525.3602,380.78058,527.67664,358.42227,542.30865,28.549699057715586,380.6096587078016,525.9214062546534,0.8047572653335351,0.46027772795525834,0.9270867505032981,0.008288430905054156,0.1867855726451353,0.18696937780085532,0.519536116068058
157,3,410.79865,525.6726,382.18964,528.0296,359.1149,542.457,27.30571240167942,381.4261959151081,526.4806124079324,0.81653720730651,0.5592061532789785,0.9896689005829106,0.011779941972974939,0.09892842532372015,0.09962730735053282,0.6004861889100808
158,3,411.77103,526.06885,382.49203,528.5253,359.55176,542.35925,26.295856639627768,382.25786088750095,527.0273178777899,0.8316649723928435,0.546705469857443,0.995265540987548,0.015127765086333511,-0.012500683421535541,0.019624381837722804,0.5815336554044765
159,3,413.74704,526.27454,383.62918,527.9527,359.89993,542.2727,27.9207191584504,383.10800144809366,527.4500935554801,0.8501405605927062,0.42277567769019697,0.9494620826611697,0.018475588199862614,-0.12392979216724598,0.12529940441178355,0.4614860097129134
160,3,415.12112,524.5936,383.87616,527.64136,360.19452,541.4159,24.61343931553572,383.97996542000004,527.6375103322581,0.8719639719063821,0.18741677677803636,0.8918779157040622,0.021823411313675933,-0.2353589009121606,0.2363685121160306,0.21171534701911768
161,3,414.775,522.9867,384.04834,525.94464,360.83008,539.5383,24.84915394202244,384.87565774152864,527.5156179685226,0.8956923215285997,-0.12189236373546919,0.9039482746165912,0.023728349622217593,-0.30930914051350555,0.3102179539952479,-0.13525642769256457
162,3,416.11536,522.97186,386.37064,525.27734,362.9581,538.1999,24.46443081121806,385.79121181176816,527.160381701249,0.9155540702395228,-0.35523626727365354,0.9820550193948788,0.019861748710923166,-0.23334390353818435,0.23418767341662827,-0.3701201618353865
163,3,416.9549,523.622,387.777,525.20795,364.70407,538.1733,26.22165366247821,386.72131814500233,526.6852456365557,0.9301063332341641,-0.47513606469328806,1.044438639219426,0.014552262994641296,-0.11989979741963452,0.12077967452984216,-0.47228242002232595
164,3,417.59283,523.5382,387.97318,524.8449,364.98843,538.34534,27.90243658273042,387.6606672555148,526.2036538805626,0.9393491105124667,-0.4815917559931222,1.0556075837455419,0.009242777278302583,-0.006455691299834143,0.011274080094405076,-0.47374534767448895
165,3,416.921,523.61163,388.65997,524.1157,365.74258,536.8564,28.049501534110583,388.6039496575894,525.8290505393887,0.9432824020746011,-0.3746033411738381,1.0149430295746813,0.0039332915621344,0.10698841481928412,0.10706069161020758,-0.37802759633866406
166,3,418.713,524.1857,390.11478,524.5533,366.43124,536.38635,25.81187329378778,389.54327910795575,525.6682127824934,0.9393294503663583,-0.1608377568953756,0.9529997903298304,-0.003952951708242836,0.21376558427846248,0.2138021301323262,-0.16958161603340993
167,3,418.9356,525.4732,390.7206,526.4277,366.78607,537.3745,22.640251189050936,390.46046233312546,525.8012500326962,0.9171832251697083,0.13303725020284674,0.9267815160404542,-0.022146225196649993,0.29387500709822234,0.29470828812139127,0.14404520317151157
168,3,419.45294,527.9482,390.7384,529.5371,367.3817,539.9637,20.88902888736937,391.3347293020559,526.3016047761573,0.8742669689304421,0.5003547434611164,1.0073219953256567,-0.042916256239266204,0.3673174932582697,0.3698160974094196,0.5198129207759677
169,3,421.37216,528.6537,392.19205,530.13403,368.2611,541.1019,21.718472938253345,392.1453099837047,527.1584700681495,0.810580681648787,0.8568652919922215,1.1795164984361717,-0.06368628728165504,0.3565105485311051,0.36215426878841417,0.8131488247188319
170,3,422.12653,527.7297,392.32938,529.6989,368.35562,540.7447,20.956544785279856,392.8714343470293,528.0240412404005,0.7261243633246295,0.8655711722509523,1.1298097385159531,-0.08445631832415756,0.008705880258730758,0.0849038400542095,0.8727840189200163
171,3,422.9603,526.5904,392.7638,529.5407,368.55545,540.8784,19.51520647186752,393.51093141543925,528.5588974077812,0.6394970684099235,0.5348561673806671,0.8336831654111906,-0.086627294914706,-0.33071500487028516,0.3418723485024669,0.6965277369134443
172,3,424.69785,525.5946,393.52658,528.8717,369.07602,540.2833,19.017933075850717,394.1360264301517,528.7941505412838,0.6250950147124286,0.23525313350262422,0.667898056772989,-0.014402053697494921,-0.2996030338780429,0.2999489907628183,0.3599517791282658
173,3,425.22433,524.59265,394.04333,528.22565,369.793,539.3134,17.925148160781596,394.8375436868361,528.6562735313777,0.7015172566844399,-0.13787700990610574,0.7149381310901739,0.0764222419720113,-0.37313014340872996,0.38087591547411875,-0.19406754324765402
174,3,426.20224,522.64185,396.26654,522.9791,369.67017,535.5326,24.62175241779316,395.70630748116196,527.6714128890329,0.8687637943258437,-0.9848606423447563,1.313278727144837,0.16724653764140385,-0.8469836324386506,0.8633381017724219,-0.8479488038505149
175,3,427.85678,522.0141,398.12427,522.0049,371.50568,534.27893,24.772554727091485,396.78332107458743,526.5152609887652,1.0770135934254768,-1.1561519002676732,1.5800776869875133,0.20824979909963304,-0.17129125792291688,0.26964545956839836,-0.8208210659341098
176,3,428.057,521.69305,398.91583,521.7705,373.9087,533.4789,24.936769701384524,397.9103035917265,525.4193408567919,1.1269825171390835,-1.0959201319733438,1.571982992783833,0.04996892371360673,0.06023176829432941,0.07826084109539097,-0.7714252781718863
177,3,426.92346,522.1545,398.39844,522.17084,374.5884,533.204,24.829292947395498,398.87915312298196,524.4069424825775,0.9688495312554437,-1.0123983742143992,1.4012922187487702,-0.15813298588363978,0.08352175775894466,0.1788349105840894,-0.8073751363108645
178,3,427.07065,522.9425,399.56094,521.917,376.1093,531.0348,23.380563602614256,399.57142847137374,523.507090027679,0.6922753483917745,-0.8998524548984506,1.1353323736147583,-0.2765741828636692,0.1125459193159486,0.29859648789190124,-0.915044044657698
179,3,427.60703,523.98303,399.9628,521.3143,375.84854,529.8326,24.96989421488228,400.2273312903932,522.7717443420252,0.6559028190194454,-0.7353456856538969,0.9853637832838464,-0.036372529372329154,0.16450676924455365,0.16847978519757725,-0.8424380743287379
180,3,426.6557,525.892,400.58206,521.6468,376.71567,529.9779,28.49029714542606,401.0994447206427,522.3720006155496,0.8721134302494988,-0.399743726475549,0.9593627479103543,0.21621061123005347,0.3356019591783479,0.3992188665541983,-0.4297860356098527
181,3,429.7544,528.2143,402.48193,526.4828,376.73297,532.7587,17.330729924992454,402.1312350007021,522.9325547098356,1.031790280059397,0.5605540942859761,1.1742282889820956,0.15967684980989816,0.9602978207615251,0.97348271732196,0.4976715642957682
182,3,429.81308,529.8017,403.84866,533.78735,381.51996,536.503,1.792859728200332,403.1888891436456,524.8313832062314,1.0576541429435338,1.8988284963958222,2.173518333212407,0.02586386288413678,1.338274402109846,1.3385243048767383,1.0625920445804597
183,3,428.33386,527.1264,404.90475,533.86926,383.4019,534.92377,13.248183102748078,404.1385941625475,527.0059848934935,0.9497050189019092,2.1746016872621112,2.3729374456927212,-0.1079491240416246,0.27577319086628904,0.2961483854116526,1.159035752220606
184,3,427.55096,525.1157,404.83154,532.13135,381.52853,535.0865,9.933036811957091,404.87661738500753,528.3214535013581,0.738023222460015,1.3154686078645454,1.5083553742959084,-0.21168179644189422,-0.8591330793975658,0.8848270062899366,1.0595208507875746
185,3,432.69617,522.98645,403.91678,527.7951,377.44696,533.62335,2.931779759114676,405.41954739672826,528.7937403160688,0.5429300117207276,0.47228681471074196,0.7196025520915612,-0.19509321073928731,-0.8431817931538035,0.8654576229848735,0.7159258028101146
186,3,434.50882,519.68304,403.66803,528.84625,379.54736,533.07214,6.610137862200441,405.81405309793786,528.7265110129972,0.3945057012095958,-0.06722930307159913,0.40019311273230057,-0.1484243105111318,-0.5395161177823411,0.559560021175239,-0.16879252202075096
187,3,436.12097,518.0166,404.75565,526.18494,380.6318,532.3998,0.1480375253231069,406.1254414038458,528.3843344651207,0.31138830590793987,-0.34217654787653373,0.46265264180907745,-0.08311739530165596,-0.2749472448049346,0.28723594626640375,-0.8324715290939236
188,3,436.58105,517.6228,405.18503,524.3648,381.57648,532.48785,6.867213607818557,406.4935712895888,527.8753923358456,0.3681298857429738,-0.5089421292750558,0.6281255477435721,0.05674157983503392,-0.16676558139852204,0.17615438121534932,-0.9445877964471235
189,3,437.45816,517.18195,406.66727,524.35504,382.8902,532.08453,4.894569303902925,407.03445769934297,527.2654939157085,0.5408864097541937,-0.6098984201371422,0.8151896657481396,0.17275652401121988,-0.10095629086208646,0.20009245176435164,-0.8452959447768118
190,3,437.973,517.1025,408.00247,524.8154,385.30774,531.348,1.6264229236444956,407.6941873935197,526.6073462133422,0.6597296941767468,-0.6581477023662501,0.9318807152787946,0.1188432844225531,-0.04824928222910785,0.12826425647063158,-0.7841977550326236
191,3,438.2836,517.35626,408.46222,524.33154,386.80533,531.778,5.81004660100787,408.3763650865889,525.9503806669042,0.6821776930692067,-0.656965546438073,0.9470850722759285,0.022447998892459964,0.0011821559281770533,0.02247910467332736,-0.7665733150668519
192,3,438.1154,517.2066,408.88278,522.6515,387.03033,531.62317,11.769912388664942,408.9845954930206,525.3440287145519,0.6082304064316872,-0.60635195235227,0.8588404493440356,-0.07394728663751948,0.050613594085803015,0.0896099163448661,-0.7838515802710524
193,3,437.29962,517.20465,408.39594,523.1764,387.14825,529.8483,5.759153369526534,409.4462377958,524.8271691589553,0.4616423027794099,-0.5168595555966249,0.693006072070813,-0.14658810365227737,0.08949239675564513,0.17174679388402164,-0.8417687803584579
194,3,437.31216,517.92334,408.32098,523.9954,387.32986,529.32184,2.408591034269311,409.7836690519748,524.3964702608339,0.33743125617479564,-0.4306988981213635,0.5471392816154377,-0.12421104660461424,0.08616065747526136,0.15116892205470991,-0.9062283360585125
195,3,438.25836,517.9532,409.39987,524.29614,387.6771,528.8136,0.6480072396634939,410.0430207871075,524.0380476454208,0.2593517351326682,-0.3584226154131329,0.4424139393779498,-0.07807952104212745,0.07227628270823061,0.10639676991473049,-0.9444116562972048
196,3,438.35324,516.9058,408.9329,523.70526,388.09265,529.8836,3.499726453009523,410.27042452676136,523.7380169379486,0.22740373965388017,-0.30003070747216043,0.3764716273968263,-0.031947995478788016,0.05839190794097249,0.0665604186292399,-0.9222362036553468
197,3,438.47647,515.3486,409.9289,523.2113,388.15314,528.8529,0.8744685144186445,410.5120117964989,523.4824937636498,0.2415872697375221,-0.2555231742987871,0.35164826389868414,0.014183530083641926,0.044507533173373304,0.04671287868256998,-0.8134246426827504
198,3,439.05032,515.2555,410.17258,523.19183,388.15604,529.0892,0.3716770936242403,410.8011342089306,523.2575937477571,0.2891224124317091,-0.22490001589267195,0.36629467170415597,0.047535142694187016,0.03062315840611518,0.056545270551326784,-0.6611014142068835
199,3,440.0137,518.60803,410.8894,523.16797,388.15598,529.40393,6.440894121027124,411.12002372485574,523.0494325155031,0.31888951592515014,-0.20816123225404226,0.3808170452861819,0.029767103493441027,0.016738783638629684,0.03415065633468976,-0.5783194232314184
202,3,442.36087,521.63684,413.28293,520.7331,389.90173,530.7558,24.983328188777072,412.2840685409263,522.3865377728999,1.1640448160705432,-0.6628947426031573,1.339563277188357,0.8451553001453931,-0.454733510349115,0.959723943016052,-0.5176723908489962
203,3,442.29572,522.3479,413.88538,522.2024,390.924,530.98846,21.232602331716866,412.8745975881104,522.106487927527,0.590529047184134,-0.28004984537290056,0.653569025781965,-0.5735157688864092,0.3828448972302567,0.689558229953508,-0.44282439850039945
204,3,442.23447,523.096,415.19485,522.2654,392.396,531.0081,22.73996483259194,413.62358986161524,521.7808399644971,0.7489922735048253,-0.3256479630299509,0.8167227323856507,0.15846322632069132,-0.04559811765705035,0.16489324555550736,-0.4101263843792737
205,3,445.48935,520.8,415.23413,521.32605,393.098,530.7538,22.07291550264653,414.49638566981594,521.4311343717468,0.8727958082006921,-0.349705592750297,0.9402481185376209,0.1238035346958668,-0.024057629720346085,0.12611932742824145,-0.3810862943001736
206,3,447.44363,519.5883,416.75037,520.5628,395.45258,530.9664,24.216133938839786,415.4426472767994,521.0859966097543,0.9462616069834553,-0.34513776199253243,1.0072393477243258,0.07346579878276316,0.004567830757764568,0.07360766718638097,-0.3497438200480293
207,3,448.06067,518.8834,417.62793,520.8299,397.22968,530.9334,22.690164318543346,416.41203694665256,520.90063137229,0.9693896698531717,-0.18536523746422517,0.9869531920401341,0.02312806286971636,0.15977252452830726,0.16143781120373907,-0.18893772691314184
208,3,449.64795,519.6938,417.3768,523.7539,397.60245,532.2863,16.168788191518168,417.3542169434625,521.1986374022326,0.9421799968099549,0.2980060299425986,0.9881855798740212,-0.027209673043216753,0.4833712674068238,0.48413649775822304,0.306337725492083
209,3,449.96857,519.15,418.77158,523.1206,397.97073,530.91754,13.294582785954736,418.2283712507218,521.33191584412,0.874154307259289,0.13327844188734161,0.8842561257757194,-0.0680256895506659,-0.164727588055257,0.17822085373307475,0.15130039450173235
210,3,449.6802,518.5233,419.55984,521.89154,398.1571,529.6733,13.599936826582477,419.0317707295468,521.3281037769075,0.8033994788249856,-0.0038120672124932753,0.803408522753332,-0.07075482843430336,-0.1370905090998349,0.15427265937948828,-0.004744885582710572
211,3,449.6548,518.4065,420.25162,521.2761,397.8881,528.7539,12.914434169669171,419.77120796045955,521.412667483217,0.7394372309127561,0.0845637063094955,0.7442569710017658,-0.06396224791222949,0.08837577352198878,0.10909375098324998,0.11386755657646334
212,3,449.873,518.2225,419.9129,522.3939,398.38617,529.1606,9.523323617764182,420.453475523982,521.5887312418544,0.68226756352243,0.17606375863738322,0.7046186737096568,-0.05716966739032614,0.09150005232788772,0.10789175337126888,0.2525470063139229
213,3,450.52527,517.904,420.4258,523.622,398.27118,528.68463,2.1155360822967344,421.0924845610124,521.8093692382619,0.6390090370304051,0.22063799640750403,0.6760278654502664,-0.043258526492024885,0.04457423777012082,0.0621141110139112,0.3324650838148256
214,3,451.49866,517.8439,421.64523,523.4355,398.33582,528.34467,1.2843564309138076,421.7306204539544,522.049797288243,0.6381358929419889,0.24042804998111933,0.6819259967757448,-0.0008731440884162112,0.019790053573615296,0.01980930592034208,0.3603182396530481
215,3,453.32724,517.18243,422.73544,523.2575,398.54156,528.4059,0.7808448851888667,422.41738714558755,522.2907666151917,0.6867666916331814,0.2409693269487434,0.727815021325416,0.04863079869119247,0.0005412769676240714,0.048633810894263343,0.3374541996401368
216,3,455.06418,516.7736,423.74042,523.08405,399.22723,528.5073,1.0848030139182203,423.20228857869165,522.513028442502,0.7849014331040962,0.22226182731026256,0.8157638013347742,0.09813474147091483,-0.01870749963848084,0.09990194205463201,0.2759473369825179
217,3,456.89328,516.05835,424.41052,522.74884,399.7867,529.39545,3.467126701635472,424.1348286960464,522.6973339935677,0.9325401173547334,0.1843055510656768,0.9505785641542749,0.1476386842506372,-0.03795627624458575,0.15243969297271184,0.19512357116969
218,3,457.74985,515.61774,425.8696,522.9721,401.3004,528.4595,0.4000738988378775,425.2437017918641,522.8232070028695,1.108873095817728,0.125873009301813,1.1159944252096812,0.17633297846299456,-0.05843254176386381,0.18576243223702846,0.1130305223406053
219,3,459.1124,515.5887,427.93777,522.44666,403.86758,528.5609,1.846101940629796,426.47436356608756,522.8652612492342,1.2306617742234494,0.04205424636472799,1.231380104667975,0.12178867840572138,-0.08381876293708501,0.14784474021119415,0.034158766750771646
220,3,460.4791,515.46716,429.61865,522.4415,406.08093,527.7876,0.0559529119041135,427.7514600700921,522.7968830225757,1.2770965040045326,-0.068378226658524,1.2789257454682674,0.046434729781083206,-0.11043247302325199,0.11979780977911697,-0.053490865998556424
221,3,461.51352,515.4562,430.83926,522.48975,407.76605,527.8694,0.2102892866464081,428.99963735525336,522.5914586128076,1.2481772851612618,-0.20542440976805665,1.2649686649562084,-0.028919218843270755,-0.13704618310953265,0.14006419072481208,-0.1631172485779856
222,3,460.99323,515.5049,430.955,521.3915,407.8961,527.49426,3.73638308751507,430.1651841440882,522.2492186346063,1.1655467888348312,-0.3422399782012917,1.2147540984258531,-0.0826304963264306,-0.13681556843323506,0.15983209530273162,-0.28560293570294965
223,3,461.6173,515.4928,431.42438,520.0348,408.88434,527.8159,10.490381407903037,431.2809598436802,521.8777710016986,1.1157756995920067,-0.3714476329076888,1.1759799130056419,-0.04977108924282447,-0.02920765470639708,0.05770830458318211,-0.3213652659881149
224,3,461.96603,515.62335,432.49405,520.3399,409.2111,526.78766,6.386752110735188,432.40146653225474,521.6115679525742,1.120506688574551,-0.26620304912444226,1.1516941010977941,0.004730988982544204,0.10524458378324653,0.10535086460234559,-0.23324967350122477
225,3,462.66003,515.9121,434.03006,521.7469,410.00143,526.42865,0.4941642497168431,433.5488295342126,521.5470976263454,1.1473630019578422,-0.06447032622884308,1.1491728682951772,0.026856313383291308,0.20173272289559918,0.20351253783345674,-0.05613097450553786
226,3,463.41888,515.9374,434.82623,522.9853,410.05786,526.77264,5.1532421860257385,434.6156671586576,521.6289917646169,1.066837624444986,0.08189413827153658,1.0699762459114026,-0.08052537751285627,0.14636446450037965,0.16705356294335932,0.07661320291115369
227,3,463.86343,515.2604,435.336,522.5414,410.14215,526.46735,5.460630538189563,435.50461772222053,521.7718438336561,0.8889505635629575,0.14285206903923608,0.9003553843275945,-0.17788706088202844,0.06095793076769951,0.18804168621006923,0.15933520744376267
228,3,464.44348,515.12103,435.64078,522.1301,410.38007,525.89905,5.1910116958919685,436.28790658694055,521.9219505958946,0.7832888647200207,0.1501067622384653,0.797542152907352,-0.10566169884293686,0.007254693199229223,0.10591045829279763,0.18934098375034464
229,3,465.98795,514.50836,436.36877,522.3118,410.347,525.82306,7.075013811474833,437.0801558762083,522.033534637804,0.7922492892677724,0.11158404190939564,0.8000687062709854,0.0089604245477517,-0.03852272032906967,0.039551095934596665,0.13992421878527983
230,3,468.53497,512.51904,438.1384,522.05176,411.11713,525.4122,10.322986133108538,437.99598771341476,522.0608185458561,0.91583183720644,0.02728390805214076,0.9162381599123237,0.12358254793866763,-0.08430013385725488,0.14959665344974857,0.02978258617208807
231,3,469.03256,512.62866,438.77084,522.09894,412.67108,525.398,10.173164608940771,439.1194246546732,521.9689487326733,1.1234369412584329,-0.09186981318282506,1.1271870401838155,0.20760510405199284,-0.11915372123496581,0.2393689380696224,-0.08159411693089975
232,3,472.91638,511.80893,441.53375,521.159,414.9724,524.98364,8.396927906652518,440.4120909869865,521.7667669154774,1.2926663323133312,-0.20218181719587847,1.3083821054650002,0.16922939105489831,-0.11031200401305341,0.20200823009518107,-0.15514981095314712
233,3,473.16583,511.28558,443.55136,520.63715,417.85208,524.9855,7.921444287797279,441.80501143007996,521.47403863764,1.3929204430934305,-0.2927282778374547,1.423347183730407,0.10025411078009938,-0.09054646064157623,0.13509088889716048,-0.2071400117147382
234,3,473.81152,511.37064,444.83325,520.198,420.21808,524.82806,6.289024675333251,443.22921070367863,521.1105294425333,1.4241992735986742,-0.36350919510664426,1.4698579883261076,0.031278830505243604,-0.07078091726918956,0.07738412942744535,-0.24990205549635736
235,3,474.3808,511.48724,445.1771,519.4661,421.8302,525.3977,1.0258382400366708,444.6157135275082,520.6960048735295,1.3865028238295736,-0.4145245690037882,1.4471422524393232,-0.03769644976910058,-0.051015373897143945,0.06343177988248255,-0.2905127774691707
236,3,474.52255,510.96213,446.28467,518.44745,422.6417,523.87897,1.908340843598955,445.90766035053076,520.2600768727661,1.2919468230225561,-0.435928000763397,1.3635101082748335,-0.09455600080701743,-0.021403431759608793,0.09694815201799832,-0.32542355032838544
237,3,475.6728,511.47876,447.47702,519.174,423.2033,523.42883,5.323401019351048,447.096654538656,519.8717429774456,1.188994188125264,-0.3883338953205566,1.2508038989587826,-0.10295263489729223,0.04759410544284037,0.1134215319293447,-0.3156847419271071
238,3,476.28738,511.8117,448.12387,520.3072,423.7555,524.3659,7.329647427147175,448.1864151870303,519.6098471235355,1.0897606483742948,-0.2618958539101186,1.1207888779964197,-0.09923353975096916,0.12643804141043802,0.16072919376147823,-0.23585149945345896
239,3,476.75067,511.09036,448.60873,520.1655,423.50024,524.35095,8.40957042198733,449.1806613908007,519.5112941592594,0.9942462037703876,-0.09855296427610938,0.9991187119053647,-0.09551444460390712,0.16334288963400923,0.1892192081211127,-0.09880055710259772
240,3,477.45868,510.50235,448.96753,519.3888,423.65698,523.8026,7.430649714612703,450.0831122451134,519.4452325818642,0.9024508543126899,-0.06606157739520313,0.9048655571175456,-0.09179534945769774,0.03249138688090625,0.09737595392860383,-0.07307207477032512
241,3,478.56628,510.15332,449.72278,519.32605,424.43762,523.7641,7.686407698243107,450.92025644933784,519.2712070219907,0.8371442042244439,-0.17402555987348478,0.8550411184006634,-0.06530665008824599,-0.10796398247828165,0.12617915857351128,-0.20496090000502612
242,3,480.34406,508.8283,451.26727,518.50934,425.69824,523.12036,8.192397123457647,451.8096611197341,518.9781029948344,0.8894046703962317,-0.2931040271562324,0.9364564263529996,0.05226046617178781,-0.11907846728274762,0.13004167676134054,-0.3183424267586931
243,3,482.60007,507.84427,453.4909,517.67957,427.72574,522.16736,8.788183577538781,452.8916629767848,518.5871412367288,1.0820018570507273,-0.3909617581056182,1.1504690847485899,0.19259718665449554,-0.09785773094938577,0.21603196942533523,-0.3467341462339067
244,3,483.8087,507.31915,455.0338,517.3599,430.04993,522.25323,8.154419479065915,454.2408915932956,518.1195424840073,1.3492286165107998,-0.4675987527215284,1.4279588415491449,0.26722675946007257,-0.07663699461591023,0.2779988667518099,-0.33361362249711546
245,3,484.91565,507.32056,456.90277,516.61633,432.35114,522.3082,5.305407608132344,455.66914795136574,517.5965274730037,1.4282563580701435,-0.523015011003622,1.5210065503155825,0.07902774155934367,-0.05541625828209362,0.09652121848566834,-0.35102567365868464
246,3,484.86658,507.34964,457.82202,516.36786,434.37003,522.0767,4.760163045314721,456.9682896655813,517.0393169400513,1.2991417142155797,-0.5572105329523538,1.4135956888898753,-0.12911464385456384,-0.034195521948731766,0.13356618201864218,-0.40517496430170213
247,3,485.63498,507.02426,457.90775,515.65283,434.6776,521.9251,2.176008428323532,458.1132294711857,516.469131621484,1.1449398056043947,-0.570185318567269,1.2790615528453222,-0.154201908611185,-0.012974785614915163,0.15474680507553382,-0.46205003527614025
248,3,485.47968,506.78442,457.70184,514.7415,435.73047,521.6106,1.3765770359088143,459.1246438835861,515.9071922536353,1.01141441240037,-0.5619393678487086,1.1570371501163617,-0.13352539320402457,0.00824595071856038,0.13377976802768907,-0.5071305926184229
249,3,486.8338,505.91516,459.4997,514.90686,436.05484,520.64374,4.458916645060854,460.02320941818977,515.374719572839,0.8985655346036765,-0.5324726807963316,1.0444841673151504,-0.11284887779669361,0.029466687052376983,0.11663256348814344,-0.5349463439236265
250,3,486.6685,505.19717,460.7404,514.9404,435.7845,520.3649,8.331945092544625,460.8298754080258,514.8879527118231,0.8066659898360626,-0.4867668610158944,0.9421528517928828,-0.09189954476761386,0.045705819780437196,0.10263794761342643,-0.5429381090910492
251,3,485.88995,504.22174,460.5265,514.93427,435.90244,520.5685,10.009305770022085,461.56668245660984,514.4432043888952,0.7368070485840121,-0.44474832292792144,0.8606309880490485,-0.0698589412520505,0.042018538087972956,0.08152195542249878,-0.5430738832546715
252,3,487.15002,502.85092,460.4161,513.52295,435.70697,519.61523,7.91100497359938,462.2559439850791,514.0318057187575,0.6892615284692738,-0.41139867013771436,0.8027018876387918,-0.04754552011473834,0.033349652790207074,0.05807560438091328,-0.5381139330925503
253,3,489.15652,501.901,461.5855,513.34235,435.78656,519.5919,8.920220663341363,462.91997341457085,513.645087816112,0.6640294294917339,-0.38671790264550054,0.7684307512441524,-0.025232098977539863,0.024680767492213818,0.03529587940280121,-0.5273633566897765
254,3,491.35962,500.20792,463.15106,513.0355,436.32904,519.93146,10.034816833692958,463.58108416622264,513.2743817956612,0.6611107516517905,-0.37070602045082524,0.75795143614092,-0.0029186778399434843,0.01601188219467531,0.016275719699894605,-0.5110454717547586
255,3,492.2021,499.67017,463.4915,512.9118,436.98068,520.0817,9.625921007393506,464.2584867138877,512.9110187721068,0.6774025476650536,-0.36336302355437056,0.7687046887262229,0.016291796013263138,0.007342996896454679,0.017870148873445898,-0.49234675464315897
256,3,492.62326,499.5229,463.91678,512.86774,437.66855,520.595,8.528481577087902,464.9589797422846,512.5463298601513,0.7004930283969202,-0.3646889119554544,0.789739504733011,0.02309048073186659,-0.00132588840108383,0.023128516607876758,-0.48000521712878536
257,3,493.56073,499.43732,464.816,512.6658,438.6413,520.2273,8.598798092133153,465.68625898884807,512.1716461744968,0.7272792465634552,-0.3746836856545315,0.8181216087951539,0.026786218166535036,-0.009994773699077086,0.028590155385394018,-0.4757220360881352
258,3,494.04398,499.07504,466.2646,512.0051,441.0163,519.97577,7.439490781101136,466.4440201910128,511.7782988298453,0.7577612021647155,-0.39334734465148813,0.8537705623002537,0.030481955601260324,-0.018663658996956656,0.03574187718114267,-0.47880384041452156
259,3,494.33917,498.70654,467.84155,511.0322,443.47488,519.60297,5.567148943895318,467.23090530326226,511.3609905682217,0.7868851122494789,-0.4173082616235888,0.8906931935852977,0.029123910084763338,-0.023960916972100677,0.037713759833372246,-0.48761565995041517
260,3,493.93484,498.87735,468.03113,511.00574,444.24466,519.8722,4.646375656104843,468.0253411482767,510.9279106409402,0.7944358450144478,-0.43307992728153977,0.9048129835816922,0.0075507327649688705,-0.015771665657950962,0.017485965884507616,-0.49910540529572367
261,3,494.27942,498.66064,468.54608,510.52176,445.0424,519.8116,3.179769363221532,468.8007007657851,510.4906199266375,0.7753596175083999,-0.4372907143026623,0.8901717279705669,-0.01907622750604787,-0.004210787021122542,0.019535434041754778,-0.5135163464362036
262,3,494.7873,498.41385,468.91208,509.9858,445.03687,518.96857,3.476994992183549,469.53035719551644,510.0606793039503,0.7296564297313353,-0.42994062268724065,0.8469046253770086,-0.04570318777706461,0.007350091615421661,0.046290444151473854,-0.5324679974127201
263,3,495.2801,498.35727,469.71692,509.39618,445.4606,517.4901,4.903047433400274,470.18768347720015,509.6496496515157,0.6573262816837087,-0.41102965243459266,0.7752568708322631,-0.07233014804762661,0.018910970252647985,0.07476145472426363,-0.5588188756461018
264,3,494.4619,497.04486,469.46872,509.15378,445.2213,516.773,8.405436224087692,470.7594715873087,509.26641816700305,0.5717881101085709,-0.3832314845126348,0.6883371365713817,-0.08553817157513777,0.027798167921957884,0.08994174190127227,-0.5904678117142855
265,3,495.25085,495.4158,470.65378,508.59433,445.40048,516.59,10.612518019178362,471.2861892492893,508.9091773242123,0.5267176619805696,-0.35724084279075896,0.6364373615683866,-0.04507044812800132,0.025990641721875818,0.05202748073445195,-0.5959719842468364
266,3,496.5715,495.05145,471.56137,508.6773,445.75955,516.9661,10.772561511671416,471.8217231233331,508.57344591597655,0.5355338740437787,-0.33573140823574477,0.632069702425527,0.00881621206320915,0.021509434555014195,0.02324610440525279,-0.5599714416691343
267,3,497.64136,494.8239,471.93503,508.73196,445.6325,517.14264,10.68244060468042,472.4199598696308,508.25474273512833,0.5982367462977436,-0.31870318084821747,0.6778339930275572,0.06270287225396487,0.017028227387527295,0.06497392336051727,-0.48949336935698656
268,3,499.96838,493.50693,473.34952,508.38077,446.0104,517.22675,11.26540289942332,473.1221239693592,507.9484874690243,0.7021640997284067,-0.3062552661040172,0.7660461545911227,0.10392735343066306,0.012447914744200261,0.10467017422638042,-0.41128441606076027
269,3,500.4096,493.3426,474.16882,508.36368,447.1604,517.15295,11.761957222820698,473.9187911876387,507.64970338311707,0.796667218279481,-0.2987840859072435,0.8508528584147751,0.0945031185510743,0.00747118019677373,0.09479798494383235,-0.3588079527983323
270,3,501.2053,492.38596,475.25763,507.68515,448.7302,517.05066,11.0787641219763,474.7878751105754,507.3533146373827,0.8690839229366816,-0.2963887457343617,0.9182337140973424,0.07241670465720063,0.002395340172881788,0.07245630937297348,-0.3286666977571641
271,3,501.26678,492.23914,476.28418,507.54614,450.58017,516.50476,12.281079393059777,475.70728932427534,507.0542453917973,0.9194142136999517,-0.2990692455854287,0.9668324105079111,0.050330290763270114,-0.0026804998510669975,0.050401619495477355,-0.3144872828484358
272,3,501.83603,491.40717,477.3157,506.7498,452.54123,515.72217,12.126162491059096,476.6549474148452,506.74741980633695,0.9476580905698597,-0.3068255854603308,0.9960912591301999,0.028243876869908036,-0.007756339874902096,0.02928954401996594,-0.31312122531888276
273,3,502.64102,490.6537,478.66534,505.82092,455.10495,515.34607,10.304999150393789,477.6054691585805,506.42776204097817,0.950521743735294,-0.31965776535878376,1.0028323251011384,0.0028636531654342434,-0.012832179898452978,0.01314782683176814,-0.3244156247309806
274,3,502.57465,490.82297,478.52615,505.8798,455.0569,515.66547,9.416801835888087,478.52029909253577,506.09019625569704,0.914829933955275,-0.3375657852811287,0.9751227960893325,-0.03569180978001896,-0.01790801992234492,0.03993247378903741,-0.3534938326547837
275,3,502.9892,490.8202,479.11862,505.70786,455.69464,515.35046,9.576328986049932,479.3575879439553,505.7296466104697,0.8372888514195438,-0.36054964522736554,0.9116187072373175,-0.07754108253573122,-0.022983859946236862,0.08087569040720032,-0.4066174838760862
276,3,503.50662,490.61493,479.6898,505.83554,456.04163,515.5298,10.290900688957077,480.0754864400832,505.3410372652724,0.7178984961278729,-0.388609345197267,0.816330493070858,-0.11939035529167086,-0.02805969996990143,0.12264340055246464,-0.49615095084452554
277,3,504.08472,489.42496,480.52466,505.1087,456.45593,514.4036,12.535703790945329,480.64907762075234,504.9209351946412,0.5735911806691547,-0.4201020706312306,0.7109800224268488,-0.14430731545871822,-0.03149272543396364,0.14770373404271483,-0.6321460423624052
278,3,504.31726,488.0147,480.12408,503.63898,455.7966,512.55817,12.720438384585334,481.1211737761516,504.4724786313519,0.47209615539924243,-0.4484565632892554,0.6511436624124938,-0.10149502526991228,-0.02835449265802481,0.10538129534425981,-0.759724025132585
279,3,504.79163,487.1696,480.3931,503.19174,455.4764,512.2194,13.37612154484875,481.5515195090578,504.00044862273995,0.43034573290623257,-0.4720300086119664,0.6387564315612138,-0.041750422493009864,-0.023573445322710995,0.04794585594947356,-0.831559271199498
280,3,505.62286,486.24576,481.02423,502.9098,455.5655,512.1936,14.080238600120117,481.9998594222486,503.509626216141,0.44833991319080724,-0.4908224065989657,0.6647671115357174,0.017994180284574668,-0.018792397986999276,0.026018161853127712,-0.8306018015429419
281,3,506.86093,485.61334,481.9663,502.5894,455.9557,511.9011,14.59353308852767,482.52593811850153,503.0047924588905,0.5260786962529096,-0.5048337572504806,0.7291199607134606,0.07773878306210236,-0.014011350651514931,0.07899136876302575,-0.7647931816416964
282,3,507.9035,485.15106,482.6695,502.44473,456.7258,511.7887,14.616922695297454,483.1768326515245,502.490728398324,0.6508945330229494,-0.5140640605665112,0.8294127750916869,0.12481583677003982,-0.009230303316030586,0.12515666825188002,-0.6684786390469303
283,3,510.32962,483.0873,484.9751,501.70523,458.3628,511.64963,15.800452987815085,483.9489498787489,501.97221508177734,0.7721172272244416,-0.5185133165466596,0.9300650902022807,0.12122269420149223,-0.004449255980148337,0.12130431759935581,-0.5913739655881155
284,3,510.11285,482.788,485.482,501.46014,459.5954,511.15842,16.626849262102674,484.8260291085371,501.4540335565857,0.877079229788194,-0.5181815251916078,1.0187149102549506,0.10496200256375232,0.00033179135505179147,0.10496252696889703,-0.5336299638819358
285,3,510.49573,482.47247,486.52237,500.9782,461.41318,510.67575,16.548302712555223,485.79180964925126,500.94096487008494,0.9657805407141495,-0.5130686865007874,1.0936048326016845,0.08870131092595557,0.005112838690820354,0.08884854348531208,-0.4883321536996847
286,3,510.87976,481.8674,487.71124,500.33893,463.62097,510.43643,15.823126014150342,486.8226122688142,500.4382629978908,1.0308026195629623,-0.5027018721941658,1.14684925461256,0.06502207884881273,0.010366814306621563,0.06584331079683943,-0.45374316170190493
287,3,512.84314,480.7109,489.4424,499.36157,464.8276,510.24622,14.700296319165604,487.8650835733914,499.95307362874007,1.042471304577191,-0.485189369150703,1.1498500531824694,0.011668685014228686,0.017512503043462857,0.021043905835385714,-0.435604820507052
288,3,513.04144,480.841,489.69763,499.2549,465.49222,510.78387,12.79849466293451,488.8584516287088,499.49301537964953,0.9933680553173758,-0.4600582490905367,1.0947299602556217,-0.04910324925981513,0.025131120060166268,0.05516069509487735,-0.43371878224049915
289,3,513.12006,480.9513,489.81686,499.1179,465.74612,510.26022,13.099716452344005,489.7419445004924,499.0657068676364,0.8834928717836306,-0.42730851201315545,0.9814031887717625,-0.10987518353374526,0.03274973707738127,0.11465208779264252,-0.45048885373376213
290,3,512.708,481.37915,489.62796,499.24924,465.89636,509.9956,13.386967352090016,490.4547902544685,498.6787667097179,0.7128457539760689,-0.38694015791850234,0.8110929384304277,-0.1706471178075617,0.040368354094653114,0.1753569012851765,-0.497306687070156
291,3,512.8974,480.54504,489.63992,498.79272,465.67957,509.6366,13.76718399182433,490.9560180039035,498.3405263281896,0.5012277494350315,-0.33824038152829417,0.6046782718935027,-0.2116180045410374,0.04869977639020817,0.21714936810036267,-0.59362856390753
292,3,513.3413,480.4993,489.7754,498.55545,465.62628,509.47412,13.129818343243777,491.28386105222694,498.0621683664635,0.32784304832341604,-0.27835796172610117,0.430074666994348,-0.1733847011116154,0.059882419802193,0.1834343446057207,-0.7039472827988279
293,3,514.5627,480.74014,489.94238,498.4567,465.49347,509.35095,11.721059321816112,491.49635375040896,497.8555882732304,0.2124926981820181,-0.2065800932330717,0.296358704445911,-0.11535035014139794,0.07177786849302947,0.13585935993940843,-0.7712903215127811
294,3,515.7259,480.55554,490.2719,498.35974,465.57108,509.21347,11.250428850808005,491.6515304494193,497.73268149718103,0.15517669901032605,-0.12290677604937628,0.1979542460130443,-0.057315999171692056,0.08367331718369542,0.10142163363687604,-0.6698708709233485
295,3,515.4679,481.66608,490.27585,498.9982,465.88028,509.27356,11.68722117703616,491.8062032667945,497.6897123304913,0.15467281737522853,-0.04296916668971562,0.16053046352888714,-0.0005038816350975139,0.07993760935966066,0.07993919743680128,-0.27097383090231747
296,3,516.3182,481.93134,490.71378,499.07776,466.20386,509.19763,11.373694499168668,492.0122953863374,497.66042043927985,0.20609211954291595,-0.029291891211471466,0.2081633412213501,0.05141930216768742,0.013677275478244155,0.05320725984224073,-0.14118446902550294
297,3,517.81696,481.31638,491.3984,498.4858,466.604,508.8682,10.298888340745018,492.3205077584171,497.56291433315016,0.3082123720796517,-0.09750610612968558,0.32326816582450424,0.10212025253673573,-0.06821421491821411,0.12280767522868831,-0.30639769557552643
298,3,519.97504,479.79544,492.68582,496.87494,467.63614,508.62317,6.91471967506305,492.78154133340234,497.3153025217057,0.4610335749852652,-0.24761181144447164,0.5233197554368713,0.15282120290561352,-0.15010570531478606,0.21421027712406351,-0.4928695721088558
299,3,522.0088,478.95673,494.34903,495.49954,469.45255,508.17294,3.9048496430438,493.4460970616626,496.83569351455037,0.6645557282602681,-0.47960900715531807,0.8195481167741435,0.2035221532750029,-0.23199719571084643,0.30861621099901826,-0.6251408974792938
300,3,522.6596,478.53555,495.68307,494.73163,471.86264,507.45972,2.862454454827697,494.3326461353595,496.09261238399256,0.8865490736968695,-0.7430811305578118,1.1567795065023643,0.22199334543660143,-0.2634721234024937,0.3445266393595031,-0.6975874405228993
301,3,522.76776,478.15985,496.9501,493.80792,474.23328,506.3978,2.2243998130525617,495.3307407138242,495.2562504531597,0.998094578464702,-0.8363619308328794,1.3021881841374283,0.11154550476783243,-0.09328080027506758,0.14540875948122098,-0.6974617370724229
302,3,523.07306,478.08292,497.3644,493.8945,474.28946,506.8191,2.338917052011641,496.297703198181,494.54721560788425,0.9669624843568272,-0.7090348452754256,1.199060823298082,-0.031132094107874764,0.12732708555745376,0.1310778165827335,-0.6327011010818944
303,3,523.1933,477.9875,497.71844,493.88794,475.26675,506.54828,2.552439721384096,497.0908559895535,494.1861157339984,0.7931527913725063,-0.3610998738858484,0.8714840614620408,-0.17380969298432092,0.3479349713895772,0.3889325824499277,-0.4272290645219351
0,4,327.50046,718.044,338.98108,743.0021,349.22333,766.29706,0.9683364009752896,338.96669825126287,743.0879844569534,,,,,,,
1,4,325.44638,717.82104,338.69656,742.04144,349.02835,766.65,5.906741084812791,338.69693306826656,741.9417245029213,-0.26976518299630925,-1.146259954032189,1.1775759577092715,,,,-1.8019340774923758
2,4,324.17203,716.33405,338.01065,740.44086,349.0028,765.83716,6.453971597442686,338.2980143548947,740.7569140686105,-0.3989187133718701,-1.184810434310748,1.250164751194774,-0.12915353037556088,-0.03855048027855901,0.1347841753997052,-1.8955685386211019
3,4,324.31244,714.5354,337.95224,739.354,348.41763,764.99884,6.592432517500544,337.79992129810034,739.5267380967374,-0.498093056794346,-1.2301759718731091,1.327188613197342,-0.09917434342247589,-0.04536553756236117,0.10905770211957148,-1.955516063927239
4,4,323.02444,712.81055,337.1425,738.1631,347.62668,763.8976,6.946191934151153,337.23263308483655,738.2443815300186,-0.5672882132637938,-1.2823565667188177,1.4022318927748367,-0.06919515646944774,-0.05218059484570858,0.0866647803740559,-1.9872949721434112
5,4,322.40707,710.5874,336.64517,737.0064,347.23886,763.38086,6.438153627252405,336.62612890205645,736.9030293111705,-0.6065041827800997,-1.341352218848101,1.4720981960244637,-0.039215969516305904,-0.05899565212928337,0.0708405197275066,-1.9954440450860067
6,4,321.71158,709.4859,335.6525,735.4495,346.19107,761.29,6.045945533407523,336.00668719608694,735.5097318432039,-0.619441705969507,-1.3932974679665904,1.524790431940247,-0.01293752318940733,-0.0519452491184893,0.05353212504896818,-1.9891395502315996
7,4,321.12695,708.40826,335.03122,733.46765,345.04965,757.79645,6.642249282612618,335.38578345075086,734.1270013703086,-0.6209037453360793,-1.3827304728953322,1.5157391007840761,-0.0014620393665722986,0.010566995071258134,0.010667658784635025,-1.9928531062064856
8,4,320.96088,707.5837,334.3676,732.68744,344.53696,755.7338,4.29473044338373,334.77119240924486,732.8312155969678,-0.614591041506003,-1.2957857733407536,1.434148848164558,0.006312703830076316,0.08694469955457862,0.08717356830073095,-2.013673276117625
9,4,320.6126,707.7068,334.32553,732.38336,343.86725,755.56433,6.688237684352637,334.1706888147656,731.6987522276655,-0.600503594479278,-1.132463369302286,1.2818259826489784,0.01408744702672493,0.16332240403846754,0.16392883768463443,-2.058360326115292
10,4,319.75287,706.03595,333.73657,731.60156,344.4543,755.5825,4.596274547995438,333.59088764512086,730.7734618834613,-0.5798011696447247,-0.9252903442041998,1.0919393835735194,0.020702424834553312,0.20717302509808633,0.20820483357098757,-2.1305564274340547
11,4,319.95877,704.938,333.43478,730.7046,344.3535,755.0401,3.445260263695075,333.033764816562,729.9690868517204,-0.5571228285588745,-0.8043750317409604,0.9784707649131434,0.022678341085850207,0.12091531246323939,0.12302365602797283,-2.1765492180214574
12,4,320.06546,704.47217,332.6892,729.8965,343.46957,754.5451,2.782770690528308,332.5001364799519,729.1668423363835,-0.5336283366100929,-0.802244515336838,0.9635120466404625,0.023494491948781615,0.002130516404122318,0.023590893414188418,-2.1577615009534887
13,4,319.1625,703.15936,331.93912,729.09735,343.00668,753.6847,1.990069808245849,331.99081878615283,728.2479435413918,-0.509317693799062,-0.9188987949917191,1.050609113159613,0.024310642811030903,-0.11665427965488107,0.11916051491867902,-2.0769116524598887
14,4,318.91644,699.77765,331.16592,726.9008,341.95218,751.7801,0.8666012463949448,331.5066278860275,727.1224794682832,-0.48419090012532706,-1.1254640731085601,1.2251980279213173,0.025126793673734937,-0.206565278116841,0.20808788980575085,-1.9770753514541808
15,4,317.76462,697.4702,330.90042,724.5047,341.60727,749.9817,3.11985422099734,331.04837993043833,725.8160343089851,-0.4582479555891723,-1.306445159298164,1.3844819041992789,0.025942944536154755,-0.18098108618960396,0.18283104202945094,-1.9081475356533255
16,4,318.68777,697.87384,331.364,724.0011,342.02103,748.5729,2.4346170338980087,330.616891070248,724.3830660530206,-0.4314888601903135,-1.4329682559645107,1.4965228561803883,0.02675909539885879,-0.12652309666634665,0.12932185885072534,-1.8632761420011301
17,4,318.04205,696.7544,330.9852,721.78284,340.80646,745.57776,4.917012434342108,330.2129774563192,722.8780326899141,-0.40391361392880754,-1.5050333631064632,1.5582912537714448,0.02757524626150598,-0.07206510714195247,0.07716070161528982,-1.8329931328634101
18,4,319.44772,697.1512,330.66364,720.7089,338.44968,742.17566,5.5233611187781175,329.8593746303835,721.3899742892116,-0.35360282593569536,-1.4880584007024709,1.5294942832226948,0.05031078799311217,0.016974962403992322,0.053097313840766304,-1.804096325324406
19,4,316.86484,696.4717,329.8265,719.82275,337.6905,742.1046,9.594131044915375,329.66649569765,720.1462592405475,-0.19287893273349255,-1.2437150486641713,1.2585822996396117,0.16072389320220282,0.2443433520382996,0.29246511506739653,-1.724653577979834
20,4,318.06268,696.47,331.6767,720.3933,339.24066,743.5928,11.584781901843952,329.6998825842005,719.3107995108064,0.03338688655048827,-0.8354597297410464,0.8361265718852126,0.22626581928398082,0.40825531892312483,0.46676399433254645,-1.5308552864446077
21,4,317.0347,696.192,331.1093,720.3127,338.91116,743.7839,11.877066762381864,329.7579149361303,718.6553530557865,0.05803235192979628,-0.6554464550199555,0.6580104932816271,0.024645465379308007,0.18001327472109097,0.18169253710478492,-1.4824879373220943
22,4,316.0752,694.8357,330.16608,719.23834,337.9962,743.69556,12.250794366147604,329.63012948497567,717.9193387075512,-0.12778545115463658,-0.7360143482352441,0.7470249275191192,-0.18581780308443285,-0.08056789321528868,0.20253256864088606,-1.7427008931847945
23,4,314.96307,693.9578,329.9752,718.6423,337.72327,743.67975,14.111144423775146,329.3378535840236,717.1049728143157,-0.29227590095206324,-0.8143658932355038,0.8652265659020187,-0.16449044979742666,-0.07835154500025965,0.18219789427566788,-1.9153777504282132
24,4,313.94962,691.88293,328.77747,717.37134,337.04666,743.10425,12.37399877860195,328.9603622419982,716.280171103332,-0.3774913420253938,-0.8248017109837065,0.9070819013439649,-0.08521544107333057,-0.01043581774820268,0.08585206863783758,-2.0000146438244495
25,4,312.18408,690.13,328.14767,715.97504,336.99756,742.85284,13.47738217856804,328.57693046762404,715.5128493018524,-0.38343177437417353,-0.7673218014796248,0.8577894104182353,-0.005940432348779723,0.05747990950408166,0.05778606002391793,-2.0342050230147066
26,4,312.19385,689.39545,328.01868,715.333,336.96167,742.53906,13.191510785533987,328.2483874254289,714.8533445249135,-0.32854304219512187,-0.6595047769388884,0.7368087142400248,0.05488873217905166,0.10781702454073638,0.12098464241812434,-2.032975885053746
27,4,312.7081,689.506,327.96054,715.4596,337.008,742.4468,11.908205213543985,327.9617789031553,714.2816794386902,-0.28660852227363875,-0.5716650862233337,0.6394884016513595,0.041934519921483115,0.08783969071555475,0.09733609415858836,-2.0355292674398497
28,4,312.29102,688.94244,327.75586,715.1828,337.07196,742.33734,11.577177784524968,327.68570484434906,713.7602980971416,-0.27607405880621627,-0.5213813415485902,0.5899621930774427,0.010534463467422484,0.0502837446747435,0.05137538222788473,-2.057768427383483
29,4,312.32147,688.1643,327.65524,714.59155,336.67957,742.26495,12.062218936111345,327.38876519255655,713.2516445542269,-0.29693965179251336,-0.5086535429146579,0.5889835171940662,-0.020865592986297088,0.012727798633932252,0.02444115031531327,-2.0992008757274463
30,4,311.38632,687.36395,327.2297,713.94824,336.69104,741.7387,11.992336271913702,327.0452995236829,712.7234828750547,-0.34346566887364816,-0.5281616791721717,0.6300185910279081,-0.046526017081134796,-0.019508136257513797,0.05045034832065851,-2.147385247598637
31,4,310.36246,686.4523,326.70798,713.28656,336.67386,741.1631,11.674772749858027,326.6526059430716,712.1648571693316,-0.3926935806113079,-0.5586257057231023,0.682840338108378,-0.049227911737659724,-0.030464026550930612,0.05789165922433578,-2.183508568517559
32,4,310.36075,686.33325,325.7929,712.4302,336.219,738.86334,9.07164176031468,326.21372218842544,711.570131557914,-0.4388837546461559,-0.5947256114176298,0.7391329399833164,-0.04619017403484804,-0.03609990569452748,0.05862367583599076,-2.2065472459128395
33,4,309.5866,685.68555,324.4268,710.6069,334.8894,734.7348,7.329915109410532,325.73168599744724,710.9336701616581,-0.4820361909781923,-0.6364613962558678,0.7983996482568947,-0.04315243633203636,-0.04173578483823803,0.06003339485198344,-2.2189969978296276
34,4,309.12283,685.3122,324.04956,709.6615,333.9235,733.8276,9.285079466236915,325.21335351324643,710.2551764836937,-0.5183324842008119,-0.6784936779644113,0.8538279892434185,-0.036296293222619624,-0.04203228170854345,0.05553497643223358,-2.2231632491311273
35,4,309.48767,685.2667,325.09467,709.5918,334.48398,734.416,11.96605954778626,324.6808545005592,709.5557115562439,-0.5324990126872535,-0.699464927449867,0.8790940696224424,-0.01416652848644162,-0.0209712494854557,0.025307782090463558,-2.2214870053367513
36,4,309.33154,684.9082,324.5311,709.1777,334.74106,734.25635,9.906115031359729,324.16013712952815,708.8616757938053,-0.5207173710310258,-0.6940357624386024,0.8676590459605634,0.011781641656227748,0.005429165011264558,0.012972390405599894,-2.214473125985409
37,4,308.33795,683.6428,322.995,708.6625,334.2007,733.97784,6.486338814058806,323.6771495702962,708.1994696108749,-0.48298755923195813,-0.6622061829303902,0.8196304112733261,0.03772981179906765,0.03182957950821219,0.04936254480942677,-2.200957292859995
38,4,308.294,683.34125,322.7177,708.5238,334.25375,734.12256,5.543937322670948,323.25783999300614,707.5954934219494,-0.4193095772900506,-0.6039761889254578,0.7352603337567458,0.06367798194190755,0.05822999400493245,0.08628799213105132,-2.1776518008010464
39,4,308.86234,683.20795,323.28046,707.74603,333.7939,733.4623,8.201714627586654,322.91868682606776,707.0569792238086,-0.33915316693838804,-0.5385141981407742,0.6364137115458302,0.08015641035166254,0.06546199078468362,0.10349068730063646,-2.132835795059585
40,4,309.5078,678.81616,322.81613,705.96716,333.99692,733.2605,3.8356340885409583,322.6382895309582,706.5144853423635,-0.2803972951095375,-0.5424938814451252,0.6106736071832011,0.05875587182885056,-0.003979683304351056,0.058890494594384626,-2.0478464649076726
41,4,310.15356,678.4346,323.1532,705.6696,334.0977,732.4214,3.265667057907549,322.3857778274219,705.8794016858081,-0.2525117035362996,-0.6350836565553664,0.6834423247403826,0.02788559157323789,-0.09258977511024113,0.09669784212873866,-1.9492353475325321
42,4,309.48343,677.5517,322.8603,704.46,333.64258,731.0559,4.365068670971031,322.1302814352031,705.063118162336,-0.2554963922188449,-0.8162835234721797,0.855334552750561,-0.002984688682545311,-0.18119986691681333,0.18122444685307382,-1.8741362551047245
43,4,308.8542,675.6986,322.3665,703.31616,333.34897,728.4753,2.488527869840367,321.8411276835225,704.0099782610108,-0.2891537516806011,-1.053139901325153,1.0921142540385231,-0.03365735946175619,-0.2368563778529733,0.23923578656958566,-1.838756659236025
44,4,309.2061,675.8053,321.323,701.79504,332.40738,725.7162,0.1356209282725151,321.4884343395076,702.796139794376,-0.35269334401488095,-1.2138384666347974,1.2640397216839017,-0.06353959233427986,-0.16069856530964444,0.17280424961957544,-1.8535705624938499
45,4,307.7161,674.7438,320.10306,699.6099,330.7014,723.48285,2.5412960065787487,321.06731316739155,701.5307141558446,-0.4211211721160453,-1.265425638531383,1.3336585351044508,-0.06842782810116432,-0.05158717189658546,0.08569483043294006,-1.8920579252106178
46,4,306.59253,674.0796,320.05173,698.2193,330.11755,722.39075,6.533539928776933,320.67206148192395,700.3228127388293,-0.39525168546759915,-1.2079014170153641,1.2709247531198307,0.025869486648446127,0.05752422151601877,0.06307349998595392,-1.8870364608719716
47,4,307.72357,675.1853,321.9755,698.68726,330.76852,722.12506,10.66890922991296,320.39051618782355,699.2552453178619,-0.28154529410039686,-1.067567420967407,1.1040688162162176,0.11370639136720229,0.14033399604795704,0.18061775628254104,-1.8286512857103254
48,4,307.10257,674.3948,320.88263,698.0315,330.94693,722.1414,7.584600428337235,320.1854869991701,698.3056151919477,-0.205029188653441,-0.9496301259141546,0.9715113711344925,0.07651610544695586,0.11793729505325246,0.14058420948757935,-1.7834366324480047
49,4,307.4162,675.25287,320.3446,698.01575,330.6966,721.81165,6.084247176474515,319.9885268323833,697.4252240412111,-0.19696016678682327,-0.8803911507366138,0.9021540254280487,0.008069021866617732,0.06923897517754085,0.06970756628602144,-1.7908910948674492
50,4,310.44452,678.4881,319.48297,696.61487,326.09634,714.71655,6.432425289348749,319.73118860388297,696.5653735457761,-0.2573382285003163,-0.8598504954350119,0.897533196237062,-0.060378061713493025,0.020540655301601873,0.06377639733081195,-1.8615947585941022
51,4,308.605,673.45374,318.95636,696.13855,327.9292,717.8531,2.076505689208416,319.36152330716095,695.6849751662322,-0.36966529672201887,-0.8803983795438626,0.9548579676077681,-0.11232706822170258,-0.020547884108850667,0.11419100576067182,-1.968325808282473
52,4,303.50793,667.1206,318.32776,694.843,329.7636,720.932,4.458301620574354,318.89357424399753,694.7733794850303,-0.46794906316341667,-0.9115956812019022,1.0246867871215475,-0.0982837664413978,-0.031197301658039578,0.10311629539820538,-2.045050677085426
53,4,299.02893,665.3784,317.544,692.87445,330.01694,720.94653,9.998807943160129,318.35788279324464,693.8275468650863,-0.5356914507528927,-0.9458326199439853,1.0869980107432773,-0.06774238758947604,-0.03423693874208311,0.07590256287340995,-2.0861209311756834
54,4,302.3828,666.74,317.66202,692.90576,328.90662,719.4848,7.350844533319393,317.78499033375476,692.8444376693168,-0.5728924594898785,-0.9831091957695435,1.1378530049821904,-0.03720100873698584,-0.03727657582555821,0.05266363219839558,-2.0984244788209074
55,4,300.03247,664.65,316.7462,691.243,328.2524,717.88873,8.79370298099211,317.200176672377,691.7882913983289,-0.5848136613777797,-1.056146270987938,1.2072497522285153,-0.011921201887901134,-0.07303707521839442,0.07400357701428696,-2.0764942476899204
56,4,298.36987,663.2489,315.8446,689.4158,327.37616,716.0465,10.322338148638869,316.6076753279489,690.492464103495,-0.592501344428058,-1.2958272948338845,1.4248600707387231,-0.007687683050278338,-0.23968102384594658,0.23980428199371828,-1.9996529612995322
57,4,297.76572,662.1538,315.29108,686.7056,325.24454,712.9346,14.738709672104598,316.00645824730555,688.8583535076457,-0.6012170806433801,-1.634110595849279,1.7412005678623683,-0.008715736215322067,-0.3382833010153945,0.33839556114648883,-1.923342836640883
58,4,296.71396,661.0062,314.22867,685.07355,323.79767,710.46014,15.39181677654271,315.3954973772816,687.1904074686795,-0.6109608700239733,-1.6679460389661926,1.7763212472983207,-0.00974378938059317,-0.033835443116913666,0.03521049051648188,-1.9219137657821341
59,4,296.83035,661.15045,315.06546,684.4224,323.81107,710.23486,19.363944378904613,314.9122462990234,685.821701942287,-0.4832510782581494,-1.3687055263925458,1.4515117714352717,0.12770979176582387,0.2992405125736468,0.325353154707633,-1.9102049313882798
60,4,302.14783,663.21173,317.59543,685.9303,323.06378,710.8908,21.856800102971317,314.9380051750519,684.796775140258,0.025758876028476152,-1.024926802028972,1.0252504421903879,0.5090099542866255,0.34377872436357393,0.6142271118144482,-1.545669210784963
61,4,300.7229,661.81647,315.75464,685.2265,322.97375,710.1011,16.5209910844575,314.9312006158914,684.059875235156,-0.006804559160514145,-0.73689990510195,0.7369313211993583,-0.0325634351889903,0.2880268969270219,0.2898618130501444,-1.5800300988729723
62,4,300.32034,661.4966,315.085,685.36475,323.12567,709.2424,13.129863445151658,314.7560378249025,683.442627986537,-0.17516279098890664,-0.6172472486190372,0.6416199570421691,-0.1683582318283925,0.11965265648291279,0.20654600559633363,-1.8473073215602394
63,4,298.7887,658.95074,314.75232,683.96735,323.44046,708.87213,13.311279827858169,314.45463556205993,682.7838115317085,-0.3014022628425437,-0.6588164548285249,0.7244877122487527,-0.12623947185363704,-0.041569206209487675,0.1329074985046823,-1.999861858940383
64,4,296.84467,656.9778,314.2287,682.698,323.18008,709.1526,15.360197005290324,314.06490826508946,682.0634359319928,-0.38972729697047725,-0.7203755997156804,0.8190411288022359,-0.08832503412793358,-0.061559144887155526,0.10766076338638156,-2.0667079002336015
65,4,295.89072,655.9852,313.14993,681.9651,322.92554,708.28784,13.22360213549265,313.6237192911543,681.2968192297166,-0.4411889739351409,-0.7666167022762238,0.8845048778445571,-0.05146167696466364,-0.04624110256054337,0.06918485211395686,-2.0930073291141063
66,4,296.2749,655.11395,312.6775,681.07965,322.63937,707.7177,11.776322906229364,313.16793199741795,680.4992794672062,-0.45578729373636406,-0.7975397625103824,0.9185922544397137,-0.01459831980122317,-0.030923060234158584,0.034195710188036514,-2.089989971362525
67,4,296.35965,654.5077,312.88696,680.62354,322.8574,707.06274,11.665672735258129,312.7286430091015,679.6666620435487,-0.43928898831643437,-0.8326174236574388,0.941396085308425,0.016498305419929693,-0.03507766114705646,0.03876385421081082,-2.0562793968605653
68,4,293.88535,655.95703,312.17932,677.8779,320.79773,704.2993,21.780682768553607,312.31388202365713,678.7169217848726,-0.41476098544438855,-0.9497402586761154,1.036355746834539,0.024528002872045818,-0.1171228350186766,0.11966361772779238,-1.982543420781662
69,4,295.57236,652.8111,310.8207,676.4282,318.60718,701.765,15.765057828267476,311.9259120065948,677.5485408740676,-0.3879700170623437,-1.1683809108050127,1.23111115942993,0.026790968382044866,-0.21864065212889727,0.2202759422864812,-1.8913984794009275
70,4,294.23343,653.77155,311.68335,675.07635,319.32144,699.9461,22.246563018883293,311.5669959234244,676.1308312974589,-0.35891608317041346,-1.4177095766086723,1.462436733115772,0.029053933891930228,-0.24932866580365953,0.25101576577185264,-1.8187526738947617
71,4,291.97638,651.15924,312.28867,673.0049,320.32413,700.2025,26.457360338325014,311.23939673965606,674.7164242551191,-0.32759918376831365,-1.4144070423398034,1.451850028972034,0.03131689940209981,0.0033025342688688397,0.031490552881114874,-1.7983989015913218
72,4,292.6709,653.25165,311.55658,673.1131,319.95737,698.8315,25.46804663548548,310.9430501235151,673.5599580934331,-0.2963466161409656,-1.1564661616860121,1.1938321908974385,0.03125256762734807,0.2579408806537913,0.2598272905138245,-1.8216503919622011
73,4,292.98828,654.11755,310.86172,673.2531,319.18143,699.0694,25.18445039987661,310.6685825540888,672.6407805302929,-0.27446756942629236,-0.9191775631402379,0.9592808969468758,0.021879046714673223,0.23728859854577422,0.23829513567204946,-1.860969370983065
74,4,293.0843,651.469,310.34293,672.91187,318.37094,699.4289,21.985735600509045,310.40429321318004,671.869416626467,-0.26428934090876055,-0.7713639038258862,0.8153840370300967,0.010178228517531807,0.14781365931435175,0.14816367373838416,-1.9008868510747663
75,4,294.8022,647.84467,310.0593,672.42126,317.39914,699.43005,16.62854397028365,310.1384812825916,671.1563914427239,-0.265811930588427,-0.7130251837430706,0.760960508236128,-0.0015225896796664529,0.0583387200828156,0.05835858583133881,-1.927632085855272
76,4,293.19238,647.5401,309.9832,671.07825,318.09424,698.4164,18.97665065231753,309.85487356449187,670.4229321425915,-0.28360771809974494,-0.733459300132381,0.7863815121913958,-0.01779578751131794,-0.020434116389310475,0.02709692170265594,-1.9397599713236406
77,4,294.49106,646.2038,309.8668,669.70056,317.59457,697.301,17.5582159282792,309.5189073425129,669.6330743006355,-0.3359662219789925,-0.7898578419560636,0.8583406740976031,-0.052358503879247564,-0.056398541823682535,0.07695588637856658,-1.9729635925505151
78,4,293.3162,644.5538,308.57773,668.93396,317.5003,694.8836,13.070663954965568,309.09144752065197,668.7615555941805,-0.42745982186090714,-0.8715187064549355,0.9707042572309252,-0.09149359988191463,-0.08166086449887189,0.12263594746262209,-2.026796499587659
79,4,292.4879,644.04565,307.93814,668.104,317.02878,693.3229,12.885828751324466,308.5333590029068,667.7831137005517,-0.5580885177451478,-0.978441893628883,1.126415257730048,-0.13062869588424064,-0.10692318717394755,0.1688088390572379,-2.0891553474684996
80,4,291.80884,641.992,307.17917,666.61096,316.26913,691.2202,11.704943520656451,307.85967571759284,666.6863965276069,-0.6736832853139845,-1.09671717294475,1.2871043960547133,-0.11559476756883669,-0.11827527931586701,0.1653819578628205,-2.121644323988272
81,4,291.09918,641.2303,306.34137,664.3197,315.23453,688.384,13.148072181185148,307.30210769029725,665.515692905336,-0.5575680272955879,-1.1707036222709348,1.29669930063241,0.11611525801839662,-0.07398644932618481,0.13768350601497237,-2.015278279463351
82,4,291.01266,638.98755,307.12125,663.0994,315.27576,687.75134,15.442456550606831,307.06617205694437,664.3292018942619,-0.2359356333528808,-1.1864910110740539,1.2097216797450376,0.32163239394270704,-0.01578738880311903,0.3220196243686672,-1.767087410309994
83,4,291.4161,637.93866,308.9144,662.56445,316.3001,688.02704,19.22095879024603,307.0359382975348,663.1851225549068,-0.03023375940955475,-1.1440793393551303,1.1444787525102011,0.20570187394332606,0.04241167171892357,0.2100285952954734,-1.5972164564310816
84,4,292.69495,637.2331,308.78363,661.96387,316.73935,686.78296,15.272968335197389,307.0375397864688,662.1274820627075,0.0016014889339999172,-1.0576404921993117,1.0576417046932332,0.03183524834355467,0.08643884715581862,0.09211491374757277,-1.5692821187801382
85,4,293.31738,636.89734,307.49026,661.7643,315.42175,686.2469,11.730452923631368,306.98681313166736,661.1436200527504,-0.05072665480145133,-0.983862009957079,0.9851688424550021,-0.05232814373545125,0.07377848224223271,0.09045163939235978,-1.622309422075462
86,4,292.32764,636.3418,306.76248,660.6459,314.66577,685.7888,13.25749366785156,306.8275242412393,660.2067042750372,-0.1592888904280585,-0.9369157777132386,0.9503599976544703,-0.10856223562660716,0.04694623224384031,0.11827809487026567,-1.739200185484786
87,4,292.2055,634.6895,306.41617,659.81506,314.60886,685.4072,11.740728655483943,306.5254529905241,659.2899024795674,-0.30207125071518703,-0.9168017954697234,0.9652836747221751,-0.14278236028712854,0.020113982243515238,0.14419214503868036,-1.889078222092999
88,4,292.31357,631.80383,305.6474,658.6977,314.71893,685.26385,7.518516896553457,306.07009602552176,658.3663824163422,-0.4553569650023519,-0.9235200632252827,1.0296792086644186,-0.15328571428716486,-0.006718267755559282,0.15343286911923965,-2.028881906026706
89,4,292.10446,629.4625,304.9362,656.9796,314.41653,683.9277,5.618624503245394,305.52380310764295,657.4093118353614,-0.5462929178788158,-0.9570705809807123,1.1020072817832507,-0.09093595287646394,-0.03355051775542961,0.09692772960927058,-2.0894661261663625
90,4,291.78183,628.7407,304.5243,656.1503,314.14914,682.58685,4.927996995506927,304.9671372771507,656.3918584866266,-0.5566658304922498,-1.0174533487348754,1.1597793599169792,-0.010372912613433982,-0.06038276775416307,0.06126725028707534,-2.0714232615301693
91,4,292.17148,628.39404,303.80063,654.85046,313.22244,679.9288,3.137312349681613,304.48066157430856,655.287190120137,-0.48647570284214225,-1.1046683664895909,1.2070421738193482,0.07019012765010757,-0.08721501775471552,0.11195138829641077,-1.9856229222571018
92,4,291.4953,628.0277,303.50073,653.23114,312.33115,677.0181,5.103959280890901,304.12394875632606,654.0859367211515,-0.35671281798249765,-1.2012533989855,1.2530976670185097,0.1297628848596446,-0.09658503249590922,0.16176240227362235,-1.8594530877509534
93,4,291.62338,628.3829,303.53082,652.62134,311.95328,675.5057,5.957266234454545,303.87261044819854,652.8485772159574,-0.2513383081275151,-1.2373595051940356,1.2626280094415894,0.10537450985498253,-0.03610610620853549,0.11138868090034937,-1.7711946156706935
94,4,291.46152,628.1766,305.4834,651.3507,312.35287,675.0692,15.02435468928435,303.6812679918678,651.6530527660998,-0.19134245633074443,-1.1955244498576576,1.210739710178095,0.059995851796770694,0.04183505533637799,0.07314146626789678,-1.7294993358859136
95,4,290.68365,626.382,304.42288,650.2965,312.19446,674.61127,12.152893022857567,303.50454272927544,650.5773045331235,-0.1767252625923561,-1.0757482329762524,1.0901679133004543,0.014617193738388323,0.11977621688140516,0.12066484360909346,-1.7336231626551537
96,4,289.5179,625.73486,303.17438,650.1529,311.33063,674.7738,10.888623925800063,303.2981551193199,649.6712067024736,-0.2063876099555273,-0.9060978306499692,0.9293057216286442,-0.029662347363171193,0.16965040232628326,0.17222402230979048,-1.7947517136723812
97,4,288.87836,625.5171,303.0652,649.8624,311.08316,674.7558,12.377376891155146,303.0222220887266,648.8723655551928,-0.27593303059330765,-0.7988411472807684,0.8451545515237208,-0.06954542063778035,0.1072566833692008,0.12783020636393733,-1.9033821600956122
98,4,288.76166,623.5423,302.2416,649.04034,310.79514,674.18164,9.074651984638988,302.63795968117734,648.0903203962237,-0.3842624075492722,-0.7820451589691402,0.8713508068066677,-0.10832937695596456,0.016795988311628207,0.10962371611577404,-2.027504675426424
99,4,286.7955,620.33875,301.2359,647.23846,311.2296,673.59155,7.460035579817884,302.1065839403541,647.2346105305093,-0.5313757408232505,-0.8557098657144024,1.007273325476466,-0.14711333327397824,-0.07366470674526227,0.16452605218276553,-2.126497125136561
100,4,285.6288,618.46716,300.26108,646.2181,311.17502,671.8816,4.762796121458762,301.41846284434706,646.2376561385369,-0.6881210960070234,-0.9969543919723947,1.2113747159500046,-0.15674535518377297,-0.14124452625799222,0.2109955510657317,-2.1749305293335484
101,4,285.5483,617.2798,299.52777,644.78015,311.148,669.7805,2.0167388805317423,300.68057210888026,645.1234009029745,-0.7378907354668058,-1.114255235562382,1.336430868943816,-0.04976963945978241,-0.11730084358998738,0.1274225447826224,-2.1557195337369808
102,4,285.28683,616.98816,299.5731,643.89075,310.83365,668.32025,3.223004083538551,300.0290393840859,643.9386693820347,-0.6515327247943787,-1.1847315209397493,1.3520664437024532,0.0863580106724271,-0.07047628537736728,0.11146574724053639,-2.073594425369755
103,4,285.1481,617.2395,299.64124,642.0642,309.95648,665.39014,6.421044959011121,299.59999232009613,642.7302861339303,-0.42904706398974213,-1.2083832481043828,1.2822914869161053,0.2224856608046366,-0.023651727164633485,0.2237392979821517,-1.911970713482389
104,4,285.09933,616.8402,299.77542,640.38,309.20538,663.2918,9.570887489618626,299.47703983302586,641.542464501405,-0.12295248707027895,-1.187821632525356,1.194168139238344,0.3060945769194632,0.020561615579026693,0.3067844032129483,-1.6739398966856234
105,4,285.0517,616.3873,301.49146,639.7851,309.6711,663.9138,16.36598623084594,299.5337159029209,640.4089729653256,0.056676069895047476,-1.1334915360794184,1.1349075906268438,0.17962855696532642,0.05433009644593767,0.18766506829261115,-1.5208366171085244
106,4,284.9365,616.7655,301.68005,639.3939,309.5518,663.89575,18.68832670115864,299.5910357758095,639.3609687910899,0.05731987288856999,-1.0480041742356434,1.0495705393365873,0.0006438029935225131,0.08548736184377503,0.08548978604080719,-1.516156450537212
107,4,282.99408,616.624,299.69144,639.2672,307.7145,664.30334,18.636960796236085,299.47001469771993,638.429609244096,-0.12102107808954088,-0.9313595469939173,0.9391893883124264,-0.17834095097811087,0.11664462724172608,0.21309965710938666,-1.70001255830275
108,4,280.87827,616.0893,298.06738,638.9637,306.3794,664.65314,18.99390850738642,299.0397505698944,637.6218037207418,-0.4302641278255237,-0.8078055233542045,0.9152469520599448,-0.3092430497359828,0.1235540236397128,0.33301180244485973,-2.0602084919310615
109,4,280.5128,614.83356,297.25128,638.2201,306.09723,663.6186,16.389978979618036,298.36167191442945,636.8474701414293,-0.678078655464958,-0.774333579312497,1.0292634041138684,-0.24781452763943435,0.0334719440417075,0.250064813892493,-2.2900188044598058
110,4,278.3645,611.9666,296.39853,635.91113,306.47174,661.7752,15.7062505858788,297.5452899086355,635.9922785575604,-0.8163820057939688,-0.8551915838688728,1.182299549396994,-0.13830335032901075,-0.08085800455637582,0.16020559794547748,-2.332981269326382
111,4,275.73376,610.4655,295.23776,633.77454,306.6549,659.44574,15.944313843809391,296.70011572982287,634.9418990205371,-0.8451741788126128,-1.050379537023332,1.3481901068947673,-0.028792173018644007,-0.19518795315445914,0.19730009195072076,-2.2483582843748424
112,4,275.708,610.03644,294.6073,632.4471,305.89178,656.9009,15.37003104864792,295.9082929046614,633.623380274019,-0.7918228251614892,-1.318518746518066,1.538010101191242,0.053351353651123645,-0.26813920949473413,0.27339532293890506,-2.111612555587656
113,4,275.20734,609.8264,293.51053,631.08887,304.20013,654.92566,16.568769689900748,295.14249435725884,632.1292858306965,-0.7657985474025395,-1.494094443322524,1.678917991079696,0.026024277758949665,-0.17557569680445795,0.17749391071596204,-2.0444336879207583
114,4,275.6186,609.37897,293.09528,629.5257,303.60733,653.0256,16.840562683462554,294.3480253610826,630.5935578955167,-0.7944689961762492,-1.535727935179807,1.7290579159695405,-0.028670448773709722,-0.041633491857282934,0.05055039344175629,-2.048206928943389
115,4,274.40863,607.891,293.17502,627.701,303.99622,651.702,19.18146918274686,293.47019118959986,629.150138673427,-0.877834171482732,-1.4434192220896875,1.6893939396484092,-0.0833651753064828,0.09230871309011945,0.12438107157535908,-2.117196426924665
116,4,273.40414,606.2602,291.75885,627.2288,304.55215,651.5477,13.449762442048062,292.4742759620789,627.9050988216347,-0.9959152275209817,-1.245039851792285,1.594356099796756,-0.1180810560382497,0.1983793702974026,0.23086253562391246,-2.2454801353567144
117,4,272.19888,606.36334,289.90723,627.58655,303.7653,651.3588,9.601095288743153,291.40547918099134,626.853022806387,-1.068796781087542,-1.052076015247735,1.4997301427665726,-0.07288155356656034,0.19296383654454985,0.2062686671898259,-2.3640782347759997
118,4,270.24954,605.7118,288.46948,627.2149,303.23846,651.2381,8.692805060772507,290.32897919460976,625.96062354619,-1.0764999863815774,-0.892399260196953,1.3982949117691896,-0.007703205294035342,0.15967675505078205,0.1598624579923301,-2.4494277972644602
119,4,268.65115,604.6402,287.989,626.3697,303.31564,651.08734,9.865297008302248,289.30995435120684,625.1946139595506,-1.0190248434029172,-0.766009586639484,1.2748263875116224,0.05747514297866019,0.126389673557469,0.13884430720191954,-2.4969990324665603
120,4,267.63324,604.2816,287.93597,625.8242,303.39783,650.52924,11.262063430688103,288.3964440772935,624.5174132615878,-0.9135102739133458,-0.6772006979628031,1.137146343205897,0.10551456948957139,0.08880888867668091,0.13791425989562026,-2.5036718634155206
121,4,267.4166,603.3802,287.98544,625.21136,303.16077,649.81555,11.629337989821613,287.5679321123349,623.8742658538695,-0.8285119649585795,-0.6431474077182884,1.0488425354333608,0.08499830895476634,0.034053290244514756,0.0915660368348826,-2.4814908194021394
122,4,265.1443,602.70624,286.98816,623.9235,302.4404,648.0141,13.156627136035585,286.7867632740344,623.2061224345762,-0.7811688383005162,-0.6681434192933011,1.0279301448428886,0.047343126658063284,-0.024996011575012744,0.0535366438658569,-2.4340225222519476
123,4,264.56732,602.5156,286.0755,623.25494,301.5033,646.3328,12.27947375585557,286.01528238009575,622.4539337018881,-0.7714808939386444,-0.7521887326880687,1.0774834844651926,0.009687944361871814,-0.08404531339476762,0.08460183786173578,-2.368855456885818
124,4,264.48663,602.1548,285.20844,622.2321,299.9064,644.85864,12.89764560605857,285.2141118850208,621.5836291885869,-0.8011704950749277,-0.870304513301221,1.1829218520473277,-0.029689601136283272,-0.11811578061315231,0.1217900244087582,-2.3148569680218265
125,4,263.34326,601.7326,283.38867,621.09155,298.6327,642.82733,10.954828548749791,284.3369847905053,620.6610537658581,-0.8771270945155152,-0.9225754227287553,1.2729875688931023,-0.07595659944058752,-0.05227090942753421,0.0922044086308206,-2.3309466115714415
126,4,262.44104,601.1302,282.801,619.4686,298.1422,641.2624,12.847534484753831,283.33591173504357,619.7770311394884,-1.0010730554617453,-0.8840226263697559,1.3355310802468041,-0.12394596094623012,0.03855279635899933,0.12980338725157703,-2.4182074418177404
127,4,261.29172,600.4586,281.83514,618.9602,298.1853,640.3009,10.53601283230708,282.16290335712966,619.0223850152648,-1.1730083779139022,-0.7546461242235409,1.3947901015786626,-0.17193532245215692,0.129376502146215,0.215174427881932,-2.5699118309114084
128,4,258.29123,599.20496,278.90247,619.36816,297.7041,640.10364,3.429711076599671,280.79507678919975,618.4582477324601,-1.3678265679299102,-0.5641372828047224,1.4795946721265296,-0.19481819001600797,0.19050884141881852,0.2724843955529453,-2.7504140407701176
129,4,256.9331,599.5757,276.71884,620.2174,295.72824,640.5053,0.6507192383610296,279.3099751394568,618.0269861642931,-1.4851016497429441,-0.43126156816697403,1.5464518906991747,-0.11727508181303392,0.1328757146377484,0.17722697411722105,-2.8589737228121477
130,4,256.06647,598.18396,276.3417,619.5622,295.7069,640.3753,0.5471545941425193,277.8102480100458,617.6412758174685,-1.499727129410985,-0.38571034682468053,1.5485328328256165,-0.014625479668040953,0.0455512213422935,0.04784159718586843,-2.889861261212595
131,4,253.76602,596.8318,275.37933,618.0035,295.49115,639.6715,2.7246233653018552,276.39854500311174,617.2137921986915,-1.41170300693409,-0.4274836187769324,1.4750076691696803,0.08802412247689517,-0.04177327195225189,0.09743332277729337,-2.8475560917140497
132,4,252.89433,594.917,274.6131,616.82916,295.42505,638.33374,0.6841413686038746,275.1562942009472,616.6794261696712,-1.2422508021645626,-0.5343660290203616,1.3523069579239357,0.16945220476952727,-0.10688241024342915,0.2003444516843391,-2.73535996192132
133,4,252.39728,595.74664,274.37152,616.2487,294.84842,636.81555,2.1105344606777527,274.0800376064361,616.0619300121331,-1.076256594511051,-0.6174961575380848,1.2408181824114377,0.1659942076535117,-0.08313012851772328,0.18564669466998424,-2.6207025280142435
134,4,252.09978,595.79425,273.79868,615.4561,293.702,635.1326,2.4912792309387743,273.14509570261026,615.4072713628074,-0.9349419038258588,-0.6546586493257109,1.141356346925221,0.1413146906851921,-0.037162491787626095,0.14611944634208307,-2.530723625589461
135,4,253.13321,596.7277,273.14603,615.2467,292.60876,633.2144,0.0713262491817602,272.32678897250105,614.761417858424,-0.8183067301092137,-0.6458535043833535,1.0424742940074312,0.11663517371664511,0.008805144942357401,0.11696706513103552,-2.4734373454699576
136,4,254.599,597.7941,272.35593,614.67957,290.55145,630.2342,3.0331231615065057,271.60043789914033,614.170337135713,-0.7263510733607177,-0.5910807227110126,0.9364626541047111,0.09195565674849604,0.0547727816723409,0.10703224009695933,-2.4585132342587857
137,4,261.5264,603.47156,272.52264,614.20483,286.51062,623.5766,10.485071849810232,270.94136296555973,613.701140112123,-0.6590749335805981,-0.46919702359002713,0.809027573708097,0.06727613978011959,0.12188369912098551,0.13921822831486225,-2.522923091218285
138,4,262.36722,605.78156,272.01163,614.67615,286.1444,622.0883,15.008405861457843,270.3248846547908,613.5055108279753,-0.6164783107689118,-0.1956292841476852,0.6467737815222775,0.0425966228116863,0.2735677394423419,0.2768641911453234,-2.8343102969875207
139,4,251.76009,598.2812,270.70703,616.3794,291.99237,629.4087,12.2156750544592,269.7263234498654,613.6749190325816,-0.5985612049254314,0.16940820460627037,0.6220728701926361,0.017917105843480385,0.3650374887539556,0.3654769361773746,2.86578042868892
140,4,258.76633,604.45874,270.35556,616.71954,287.82455,624.3563,22.999796835303663,269.120999833815,613.9754041883383,-0.6053236160503843,0.3004851557567463,0.6758017527192935,-0.006762411124952905,0.1310769511504759,0.13125127552571492,2.6808258593534897
141,4,284.66638,625.4164,268.51752,616.4272,261.76758,603.50214,33.322452595131395,268.49426568219786,614.1465269415717,-0.6267341516171427,0.17112275323336235,0.649675837227633,-0.021410535566758426,-0.12936240252338393,0.13112224151484536,2.8750506487299363
142,4,276.57666,615.76324,268.27213,614.9589,262.8863,606.79626,51.050597267416,267.87159844067844,614.1473629612424,-0.622667241519423,0.0008360196707144496,0.6226678027570538,0.004066910097719756,-0.1702867335626479,0.1703352910737501,3.140250011625341
143,4,260.15076,602.01526,268.5715,614.62866,278.34195,620.8841,23.64381119467044,267.28850694744773,613.9918666719692,-0.583091493230711,-0.15549628927317372,0.6034689598113119,0.03957574828871202,-0.15633230894388817,0.16126385420279024,-2.88098189685699
144,4,250.1469,595.75964,268.14944,613.4274,289.8234,626.61505,13.143657487183445,266.78050004069655,613.6939924983707,-0.5080069067511772,-0.2978741735985295,0.588897309047941,0.07508458647953375,-0.1423778843253558,0.1609632165178336,-2.6112640492983483
145,4,250.93384,597.44574,267.13177,612.47394,288.32974,623.50385,15.365456340392743,266.3564926633317,613.2676948650657,-0.4240073773648305,-0.4262976333050119,0.601258620080624,0.0839995293863467,-0.1284234597064824,0.15345522454484967,-2.353501044460396
146,4,258.248,604.90955,266.9759,612.17993,283.5685,616.71045,24.52242966740957,265.91902417712254,612.7269281966733,-0.437468486209184,-0.5407666683923935,0.6955625536717484,-0.013461108844353475,-0.1144690350873816,0.11525780427006116,-2.2509879004826896
147,4,251.78828,600.1684,265.4727,610.95917,283.8356,620.5913,10.578436491470192,265.3440400485543,612.085646917812,-0.5749841285682464,-0.6412812788612428,0.8613062328366704,-0.13751564235906244,-0.10051461046884924,0.1703341974212168,-2.3017395942231733
148,4,262.8923,611.32367,264.35028,610.24664,274.11194,609.9578,34.7590409569689,264.5074857441119,611.357805453101,-0.8365543044424157,-0.7278414647109912,1.1088626163929305,-0.2615701758741693,-0.08656018584974845,0.27552063930164444,-2.425574854946799
149,4,265.74316,619.6721,260.38977,609.0395,260.4509,596.80786,27.01101757656454,263.34120170562255,610.5973245590217,-1.166284038489323,-0.7604808940793646,1.392318084596589,-0.3297297340469072,-0.032639429368373385,0.33134125892218314,-2.5637744170549928
150,4,278.4303,621.84174,260.672,609.6713,249.67552,595.4714,17.821453449205567,262.0006082762824,610.0179903195086,-1.3405934293401742,-0.5793342395130594,1.4604173731718695,-0.1743093908508513,0.1811466545663052,0.25139187377351546,-2.733683531048915
151,4,278.66083,622.5024,259.45538,610.6273,247.79181,594.8768,21.750133553768944,260.6970207746292,609.7825978797852,-1.303587501653169,-0.23539243972345503,1.3246697607876883,0.03700592768700517,0.3439417997896044,0.3459268713564879,-2.9629449511897503
152,4,273.14432,617.3188,258.89804,610.9122,255.4931,601.34686,46.19226108194337,259.6417545192011,609.6901133027817,-1.055266255428137,-0.0924845770034608,1.059311222837194,0.24832124622503216,0.14290786271999423,0.2865067164203132,-3.0541750258037896
153,4,278.70605,622.69824,258.73224,610.2275,244.9434,593.2494,18.93923824005648,258.92673934042233,609.5050848655299,-0.7150151787787422,-0.18502843725184448,0.7385676871322333,0.3402510766493947,-0.09254386024838368,0.3526119130584567,-2.888371866625778
154,4,276.61258,619.9499,259.30078,609.3619,250.43192,596.544,23.86986464409844,258.16636311626183,609.218218783761,-0.7603762241604954,-0.2868660817688351,0.8126894555351238,-0.04536104538175323,-0.10183764451699062,0.1114833183884227,-2.780834549203844
155,4,279.8572,624.2778,256.17316,609.13116,232.12611,589.10205,7.191347385722286,257.04549416708744,608.8767607578807,-1.120868949174394,-0.3414580258803426,1.1717255585935689,-0.3604927250138985,-0.05459194411150747,0.3646029143463066,-2.8458872832526154
156,4,279.40857,624.11865,255.50868,608.29956,231.04556,588.1429,5.987069641255973,256.0084645353165,608.5279564882949,-1.037029631770963,-0.34880426958579847,1.0941183097144027,0.08383931740343087,-0.0073462437054558904,0.08416055156219675,-2.8171301212402646
157,4,278.83905,623.707,255.9794,608.4406,233.84865,589.353,7.041301089798046,255.49154733241843,608.1913277705936,-0.5169172028980427,-0.33662871770127367,0.6168648865295706,0.5201124288729204,0.012175551884524793,0.5202549209106834,-2.5643576893250453
158,4,272.7038,616.0004,257.6802,607.81824,257.8544,602.57135,63.327775796357486,255.13931622402035,607.7755007811058,-0.3522311083980867,-0.41582698948775487,0.5449576487304257,0.16468609449995597,-0.0791982717864812,0.1827399134716162,-2.2735820696596343
159,4,254.43753,600.35175,255.35089,605.79266,268.8444,612.99744,52.37095597426635,254.5155419638538,607.1613777913445,-0.6237742601665559,-0.614122989761313,0.8753521429685929,-0.2715431517684692,-0.1982960002735581,0.3362394786411091,-2.363990835858841
160,4,233.5733,585.68964,253.25764,604.3747,273.21985,621.9176,2.198824432463589,253.6524831039095,606.229861072823,-0.8630588599442888,-0.9315167185214932,1.2698795189361023,-0.23928459977773286,-0.31739372876018024,0.39748697934282157,-2.3180658754359214
161,4,230.25146,583.62537,251.46071,602.6636,270.51907,621.0054,1.9901681490278635,252.68237930019066,604.9829241805629,-0.9701038037188425,-1.2469368922601234,1.5798585390056608,-0.10704494377455376,-0.3154201737386302,0.33308933634838117,-2.2319713985328153
162,4,230.68503,583.0953,251.37796,602.22974,269.32144,619.7225,1.512196506950309,251.66890682649029,603.9068258036191,-1.013472473700375,-1.0760983769438326,1.478213168595622,-0.04336866998153255,0.1708385153162908,0.17625731148364202,-2.3262327579868565
163,4,231.45972,581.95905,249.98714,603.42566,269.58914,621.6869,6.23117841040097,250.6586011110487,603.4329286434904,-1.010305715441575,-0.4738971601286721,1.1159283834690885,0.003166758258799973,0.6022012168151605,0.6022095431754046,-2.7029994039760163
164,4,230.2451,582.5819,249.02023,604.7028,269.09802,620.80115,10.954469125551302,249.6979975821064,603.2887263174161,-0.9606035289423005,-0.14420232607426442,0.9713667951199637,0.0497021864992746,0.3296948340544077,0.33342014178056506,-2.992588887128231
165,4,229.85995,582.3417,249.0499,604.78796,269.98376,620.02423,13.423778746396124,248.82818304960654,603.1047496463534,-0.8698145324998734,-0.1839766710627373,0.8890583425418717,0.0907889964424271,-0.039774344988472876,0.09911932402052134,-2.9331522576539757
166,4,229.13535,583.89966,248.76123,603.6653,268.89017,620.26636,5.689614227512939,248.06844985030355,602.827547350393,-0.7597331993029854,-0.2772022959603646,0.8087247040920955,0.11008133319688795,-0.09322562489762731,0.14425296203529886,-2.791734327917414
167,4,228.83206,584.71564,248.52849,602.67554,268.5685,619.7801,1.8779482363889368,247.43264170265465,602.4826726244091,-0.6358081476489019,-0.3448747259839138,0.7233191392733967,0.12392505165408352,-0.06767243002354917,0.14119835768435632,-2.6445880413759286
168,4,227.82103,585.1779,247.68005,602.3926,268.11377,618.6758,2.3695119753440754,246.93460232511708,602.0956786632754,-0.498039377537566,-0.38699396113372586,0.6307198645452495,0.13776877011133593,-0.042119235149812084,0.14406340266561557,-2.4810125424208174
169,4,228.81662,584.2351,247.87578,601.76605,267.56937,618.17255,2.811045587526877,246.57570751357733,601.6921186618661,-0.35889481153975566,-0.4035600014093461,0.5400612562364274,0.13914456599781033,-0.016566040275620253,0.14012724195220738,-2.2976805934383053
170,4,230.51764,584.54193,247.59175,601.86816,267.20615,617.5124,6.844469517054873,246.30746137363877,601.2975458150551,-0.2682461399385545,-0.3945728468110019,0.47712023959634425,0.09064867160120116,0.008987154598344205,0.09109308761282028,-2.1678631095569165
171,4,231.20108,584.7856,247.14488,601.0974,266.84174,616.8026,7.086760342558999,246.06890008833415,600.9375133177165,-0.23856128530462684,-0.36003249733857956,0.431896846464581,0.02968485463392767,0.03454034947242235,0.04554367504181545,-2.1559855019074177
172,4,235.50343,588.0478,247.77707,601.46704,265.6818,612.35535,16.248239787930178,245.79905984069603,600.6375743647244,-0.26984024763811476,-0.29993895299207907,0.4034564843541168,-0.031278962333487925,0.060093544346500494,0.06774664240229605,-2.3034183353887703
173,4,231.13051,581.9674,247.1294,600.45105,265.8452,615.8376,9.697405497503846,245.44507895430695,600.4135715640714,-0.3539808863890812,-0.22400280065301104,0.41890299906922634,-0.08414063875096645,0.07593615233906803,0.1133399590677656,-2.5773965468083975
174,4,229.06662,578.6682,245.01366,601.27734,263.62396,613.49884,21.510159176830644,244.98650431494875,600.2425051762234,-0.4585746393582042,-0.17106638784798633,0.48944295777328817,-0.10459375296912299,0.0529364128050247,0.11722677578450201,-2.784542011679892
175,4,227.79099,578.8836,243.39417,600.1213,260.876,612.8789,17.574871986888134,244.41098494895306,600.0916648747657,-0.5755193659956888,-0.15084030145771976,0.5949582650740599,-0.11694472663748456,0.020226086390266573,0.11868093216259518,-2.8852639791975716
176,4,228.94641,580.2849,243.33536,600.36914,260.28934,613.1759,17.31421356042677,243.70616988265155,599.928340333283,-0.7048150663015065,-0.16332454148266606,0.7234909699064115,-0.12929570030581772,-0.012484240024946303,0.12989701446366003,-2.9138848415583705
177,4,229.34541,580.7443,241.73824,600.8199,259.46292,612.68964,24.503432162077623,242.87946831892805,599.7198212253602,-0.8267015637235033,-0.20851910792282524,0.8525935103153298,-0.12188649742199686,-0.04519456644015918,0.12999564257895882,-2.894516074512886
178,4,227.18054,578.02325,241.26855,599.22363,259.42648,613.14685,18.91486456576964,242.01733016687473,599.4333972245821,-0.8621381520533191,-0.2864240007780836,0.9084717394876055,-0.03543658832981578,-0.07790489285525837,0.08558577056524129,-2.8208397705941333
179,4,225.38742,576.7953,241.1237,598.81805,259.36084,613.1723,16.246543136466183,241.22596551213607,599.0363580045334,-0.7913646547386577,-0.39703922004866854,0.8853802341516835,0.07077349731466143,-0.11061521927058493,0.13131875211266658,-2.676574286533946
180,4,224.38249,575.5846,240.99869,598.5149,259.34677,612.8278,16.114456238374927,240.6115844403564,598.4959932387994,-0.6143810717796612,-0.5403647657340116,0.8182042418662338,0.17698358295899652,-0.14332554568534306,0.22773976526510553,-2.4202044114730747
181,4,224.21156,574.12604,241.02835,596.5427,258.77725,612.33075,11.469339356621097,240.24255524004687,597.8180592763946,-0.3690292003095408,-0.6779339624048362,0.7718659262223078,0.2453518714701204,-0.13756919667082457,0.2812877969385563,-2.0692866546522897
182,4,223.47215,572.54736,240.36954,595.28656,258.57077,611.5444,11.612112663702808,240.03587901118544,597.1621791680546,-0.20667622886142567,-0.655880108339943,0.6876727274600876,0.1623529714481151,0.02205385406489313,0.16384401062336115,-1.8760597817386895
183,4,225.6744,575.6574,241.32376,595.77246,258.10162,611.1585,9.595114535839755,239.87071505661686,596.6419924132452,-0.1651639545685839,-0.5201867548094015,0.5457777860703655,0.041512274292841767,0.13569335353054157,0.14190121602484126,-1.878237986741253
184,4,226.41418,575.565,241.21577,595.8645,257.34662,610.82574,11.056223971084084,239.6262226791859,596.0333376046317,-0.24449237743095864,-0.6086548086135508,0.6559246897855275,-0.07932842286237474,-0.08846805380414935,0.11882590297458548,-1.9527613360654452
185,4,224.88884,572.1462,240.1774,593.9083,256.0554,610.8452,8.062631042461502,239.20804060200524,595.098098169446,-0.4181820771806599,-0.9352394351857356,1.0244750122875936,-0.17368969974970128,-0.3265846265721848,0.36989948649928506,-1.9912685432102835
186,4,222.25931,567.6702,238.05809,591.79456,253.39006,609.71674,7.3257113753455325,238.62772522925968,593.8801377799846,-0.5803153727455594,-1.217960389461382,1.3491454488459496,-0.16213329556489953,-0.28272095427564636,0.32591155781479614,-2.0154392097655984
187,4,220.75592,565.6626,236.12152,589.58246,251.45007,608.0699,6.947462554928349,237.92331238540189,592.4938151698092,-0.7044128438577957,-1.386322610175398,1.5550202037514997,-0.12409747111223624,-0.16836222071401608,0.2091554916807287,-2.0409157182482947
188,4,220.70413,563.24426,235.87581,588.0172,250.01804,608.34644,3.340175082051971,237.13283789488457,591.0534890724826,-0.7904744905173118,-1.4403260973265333,1.642981797464137,-0.0860616466595161,-0.05400348715113523,0.1016020848714741,-2.072730319920345
189,4,221.48248,562.1626,235.89601,587.6583,249.2756,609.0247,2.5739742650107007,236.29132572474387,589.656966813496,-0.8415121701407031,-1.3965222589866926,1.6304653177360782,-0.05103767962339134,0.043803838339840695,0.06725786938821979,-2.113108513770824
190,4,219.77316,559.13855,234.54424,586.3825,248.73994,609.27783,3.3344259573585338,235.42175241234884,588.3358500860568,-0.8695733123950333,-1.3211167274391755,1.5816153619477988,-0.028061142254330207,0.07540553154751706,0.0804575782172279,-2.1529220078305222
191,4,218.94398,559.4675,234.07639,585.953,248.85611,608.9773,2.955785654769077,234.54408263765225,587.1051891753018,-0.8776697746965851,-1.2306609107549775,1.5115655826580021,-0.00809646230155181,0.090455816684198,0.09081744036145085,-2.1903062797891697
192,4,218.26749,560.22766,232.80579,586.15155,247.80748,609.0886,3.902140689853667,233.6782810806065,585.9800343663677,-0.8658015570457565,-1.1251548089340986,1.4197132387388602,0.011868217650828683,0.10550610182087894,0.10617152213114925,-2.226658246682451
193,4,216.95967,557.53864,231.81732,584.9816,247.47511,608.5725,5.141975506283433,232.84431242116418,584.9555397209784,-0.8339686594423199,-1.024494645389268,1.321019683185418,0.03183289760343655,0.10066016354483054,0.10557367993350855,-2.2540333710516967
194,4,216.32227,557.7522,231.84364,583.5969,248.04962,607.87335,2.738025013890683,232.06214133927782,583.947274407208,-0.7821710818863608,-1.00826531377038,1.2760840663105872,0.05179757755595915,0.016229331618887954,0.05428056968622787,-2.230580528517812
195,4,216.01895,557.5909,231.61497,582.21375,247.53394,606.79926,0.5723243409375262,231.3517325149,582.850911369718,-0.7104088243778222,-1.0963630374900504,1.3064044579410654,0.0717622575085386,-0.08809772371967028,0.1136267157287808,-2.1457421735679123
196,4,215.9277,557.5282,230.73384,580.56604,246.01323,603.5727,0.8611650132665318,230.73305062798326,581.5621235531696,-0.6186818869167325,-1.2887878165483926,1.4295948073780984,0.09172693746108962,-0.1924247790583422,0.21316924415037564,-2.0183564941435184
197,4,221.37018,560.0453,230.6016,578.15393,240.19463,598.5938,1.86948797956586,230.27183947112485,580.0611323190701,-0.4612111568584112,-1.5009912340995015,1.5702517046812012,0.15747073005832135,-0.21220341755110894,0.26424859743330903,-1.8689103908612286
198,4,238.72011,591.201,233.508,578.25555,215.84737,554.6437,14.86406081709742,230.21695928750114,578.6663526963107,-0.054880183623708945,-1.3947796227594154,1.3958588863561636,0.40633097323470224,0.10621161134008617,0.4199830546502059,-1.6101228896723545
199,4,241.7152,594.28284,233.73822,577.4848,212.95706,553.38226,15.365933203017926,230.65549403437723,577.5060192589289,0.43853474687608696,-1.160333437381837,1.2404379912450372,0.4934149304997959,0.23444618537757833,0.5462813446185182,-1.2094518781479033
200,4,239.60088,590.41156,233.64095,574.6641,214.92422,550.736,17.302608564786745,231.01379994723086,576.106070909572,0.35830591285363766,-1.399948349356805,1.4450738763304531,-0.08022883402244929,-0.23961491197496798,0.25268947712434203,-1.320232836297986
205,4,230.10895,586.7123,234.2034,573.4632,227.02779,568.2294,71.06639920956842,231.3789458832858,574.5093451661362,0.36514593605494383,-1.5967257434358544,1.637945253776274,0.006840023201306167,-0.19677739407904937,0.19689623850631555,-1.3459779966367296
206,4,232.53142,593.04266,233.10118,571.8963,221.7651,555.59,36.35030611449715,231.59963064485683,573.0961873992663,0.22068476157102168,-1.4131577668698583,1.4302855092792708,-0.14446117448392215,0.1835679765659961,0.23359416292751903,-1.4158832655665166
207,4,230.56018,588.9512,233.41786,571.0917,223.08003,558.9765,49.56477682612969,231.84872953130923,571.546674746234,0.2490988864524013,-1.549512653032366,1.569407441405586,0.02841412488137962,-0.13635488616250768,0.13928394549683415,-1.411400605884951
208,4,231.9664,591.57275,232.87613,570.7068,220.74712,553.6889,37.974740689920544,232.00675817935326,570.4576878108887,0.1580286480440236,-1.0889869353452468,1.1003933837293165,-0.09107023840837769,0.46052571768711914,0.46944405947353823,-1.4266869971847207
209,4,224.9038,557.20245,232.39368,570.93036,229.16965,585.03894,41.488644124828966,231.95423222569946,569.5534182484853,-0.05252595365379875,-0.9042695624034423,0.9057938050663373,-0.21055460169782236,0.18471737294180457,0.2800959624176156,-1.6288177398796253
210,4,232.45738,585.35724,231.48811,569.36444,218.69482,553.8295,36.0038220741921,231.66368257909554,568.5031979930025,-0.290549646603921,-1.0502202554828273,1.089670446588361,-0.23802369295012227,-0.14595069307938502,0.2792075987790571,-1.840701376767692
211,4,232.23935,589.3614,230.88538,568.1277,216.45044,548.04004,32.052395143789155,231.4757012364391,567.6296090419131,-0.1879813426564283,-0.8735889510893458,0.8935852732964531,0.10256830394749272,0.17663130439348151,0.20425198815778509,-1.7827472322278022
212,4,224.8544,570.13965,233.17174,569.7636,230.28528,567.93225,145.01761719277596,231.7066343468977,567.1155728906915,0.23093311045857945,-0.5140361512216032,0.5635275204182963,0.41891445311500775,0.3595527998677426,0.5520575467479627,-1.14856244077883
214,4,230.84879,587.5659,235.10945,558.358,219.04121,535.2472,43.10913696150941,232.71418948778998,564.2769131983744,1.0075551408922934,-2.838659692317151,3.0121680249821043,0.7766220304337139,-2.324623541095548,2.4509215381098164,-1.2297270158958369
215,4,218.37029,532.2757,235.26025,557.04645,231.37527,587.5641,41.5430577247332,233.01336294261608,561.803822636119,0.2991734548261036,-2.473090562255379,2.491120568175939,-0.7083816860661898,0.36556913006177183,0.7971482936117336,-1.4504098101513905
216,4,221.85336,543.2812,233.24449,559.80963,228.03291,571.09576,59.35996555299688,233.10269611402134,560.1135091911317,0.08933317140525787,-1.6903134449872823,1.6926724307491086,-0.2098402834208457,0.7827771172680968,0.8104153008579568,-1.5179953875650634
217,4,224.01128,549.44104,232.44136,561.0478,226.34882,561.3046,123.57731053118192,233.0320514947061,559.2186842969071,-0.0706446193152317,-0.8948248942245982,0.8976091875433636,-0.15997779072048957,0.7954885507626841,0.8114153855568208,-1.6495808971990475
227,4,224.8488,517.8678,238.53421,545.9765,231.5855,569.36273,42.50845191036202,234.49657520602426,555.1384307436699,1.4645237113181508,-4.080253553237185,4.335123845949244,1.5351683306333825,-3.1854286590125866,3.5360567791027355,-1.2261886753541744
228,4,231.69601,523.0635,241.1474,546.8834,230.62537,570.1654,45.96248032320039,235.8934799579068,552.0083455534116,1.3969047518825448,-3.1300851902583418,3.427648783657193,-0.06761895943560603,0.9501683629788431,0.9525713840343141,-1.1510375054398871
229,4,233.31744,523.5325,240.27345,547.62244,230.25107,569.8937,40.33458958532977,237.3470401368386,549.4897203583847,1.453560178931781,-2.518625195026857,2.907973532685651,0.056655427049236096,0.6114599952314848,0.6140791180154384,-1.047366932597725
248,4,238.65128,495.7121,234.93709,526.58624,231.27942,556.60956,0.0862292331235106,237.16259701137244,542.737050813603,-0.18444312546614583,-6.752669544781725,6.755188024589275,-1.6380033043979267,-4.234044349754868,4.539844312408703,-1.5981036422496302
249,4,238.34354,495.1202,235.23026,524.67224,231.93413,552.8154,0.6658786360882647,237.06588949306916,536.957932047716,-0.09670751830327617,-5.779118765887006,5.779927858920362,0.08773560716286966,0.9735507788947189,0.9774961155169626,-1.5875287209343798
251,4,238.24782,492.94092,237.31978,522.82825,231.54639,545.7748,12.34405003745867,237.42170909671236,531.0901382261626,0.355819603643198,-5.867793821553391,5.878572269063038,0.45252712194647415,-0.08867505566638556,0.4611334531289133,-1.510231071531312
252,4,238.08423,492.18472,239.28525,521.9873,231.2375,545.1378,21.476557542337083,238.08619900206443,526.8465792097855,0.6644899053520703,-4.2435590163770485,4.295269486282525,0.30867030170887233,1.6242348051763429,1.6533045870326735,-1.4154697753866041
253,4,237.01979,492.91577,241.30988,523.26654,231.3418,545.39,32.300162029898424,239.1199497435941,523.2005220849405,1.0337507415296727,-3.646057124845015,3.7897721769581674,0.3692608361776024,0.5975018915320334,0.7023973772153053,-1.2945212847659786
254,4,236.65411,492.60947,241.64647,523.46924,230.8262,546.25903,34.58713757440412,240.1027346871632,520.541712959458,0.9827849435691007,-2.6588091254825486,2.834630877390458,-0.05096579796057199,0.9872479993624665,0.9885626559844098,-1.216738807113392
255,4,238.79277,491.99817,240.86386,522.70184,231.33932,545.3386,26.678168504616025,240.61043263544144,518.5087841400846,0.5076979482782349,-2.03292881937341,2.0953655507631352,-0.47508699529086584,0.6258803061091385,0.7857695658841541,-1.3260650214643364
256,4,239.41956,490.88922,238.58101,522.7523,230.85468,545.87115,16.972159829377873,240.63052739433496,516.8262254396486,0.020094758893520748,-1.6825587004359477,1.6826786917732375,-0.48760318938471414,0.3503701189374624,0.6004299214249711,-1.558853918148552
257,4,238.86092,488.3256,237.4734,519.7265,230.76115,546.6607,11.463498462550954,240.29497507962733,515.239991047499,-0.3355523147076269,-1.586234392149663,1.6213373809124545,-0.35564707360114767,0.09632430828628458,0.36846059942399717,-1.77926319357309
258,4,238.83995,485.40646,237.30444,517.36346,232.06378,544.73425,8.08832736033638,239.9020160433751,513.4960351529846,-0.39295903625222195,-1.743955894514329,1.7876797717106798,-0.05740672154459503,-0.15772150236466587,0.16784398704352196,-1.7924212738154823
259,4,240.73628,484.1511,238.38347,514.5638,233.77927,541.0869,5.424191421800363,239.7310620330463,511.66810493930666,-0.1709540103288134,-1.8279302136779734,1.83590689843584,0.22200502592340854,-0.0839743191636444,0.23735609917221617,-1.6640483482859225
262,4,239.79308,477.75903,242.8678,509.3368,231.18108,531.3852,33.48710655786807,240.6867624313836,509.01723324386467,0.9557003983373136,-2.6508716954419924,2.8178864414801392,1.126654408666127,-0.822941481764019,1.3951999279582765,-1.2247777668675528
263,4,239.57729,477.43835,243.18106,508.5749,231.35844,533.78894,31.723497883165784,241.41956147121851,507.0478914693615,0.7327990398349016,-1.9693417745031638,2.1012618726817998,-0.222901358502412,0.6815299209388286,0.7170551225373868,-1.2145674363261514
264,4,239.63554,477.24283,243.8009,508.85715,231.53175,534.425,33.14058157887253,242.32183234655514,505.5864443030447,0.902270875336626,-1.461447166316816,1.7175332754902226,0.1694718355017244,0.5078946081863478,0.5354228572381714,-1.017694037135273
265,4,241.7354,481.1764,245.42352,509.65344,239.9555,531.9285,21.171506868998456,243.1740075171593,504.2930810965137,0.8521751706041698,-1.293363206531012,1.5488676203608969,-0.05009570473245617,0.16808395978580393,0.17539041356333357,-0.9882017152820906
266,4,238.89896,472.12454,241.44385,505.76346,231.45532,533.5065,24.12715181646897,243.28551820826624,502.98649354200086,0.11151069110692902,-1.3065875545128165,1.3113373600408582,-0.7406644794972408,-0.013224347981804385,0.7407825285253847,-1.4856576550350056
267,4,240.37991,471.58295,240.00981,503.64557,231.79495,531.9097,15.544935347654157,242.966948349044,501.6847910340068,-0.3185698592222366,-1.3017025079940368,1.3401179703753103,-0.4300805503291656,0.004885046518779745,0.4301082927018829,-1.8108119201451207
268,4,240.92624,469.23495,240.41942,502.88895,232.52303,532.1844,14.222383221845147,242.56757691491083,500.42374512110354,-0.39937143413317244,-1.2610459129032847,1.3227752404893531,-0.08080157491093587,0.040656595090752035,0.09045359712283942,-1.877501639341134
269,4,241.87999,468.5946,240.6911,502.2766,233.21349,531.7648,12.207553984024932,242.32250786331684,499.2328856814101,-0.24506905159398684,-1.1908594396934404,1.2158145603488022,0.1543023825391856,0.07018647320984428,0.16951509159630998,-1.7737546266369215
270,4,242.86272,468.2576,241.54184,501.3381,233.81287,529.908,12.851235378554035,242.28837267673447,498.0991137571651,-0.034135186582375354,-1.133771924244968,1.1342856726456307,0.2109338650116115,0.05708751544847246,0.21852249272973323,-1.6008948653906347
271,4,243.43094,468.89178,242.24942,499.88312,234.54753,527.7259,13.279277638477856,242.47718471889132,496.9986731816365,0.18881204215685443,-1.100440575528637,1.1165211361784602,0.22294722873922979,0.03333134871633092,0.2254250332366663,-1.400872320893909
272,4,243.22162,466.56558,243.77025,497.19785,234.41649,524.65857,19.836110619108325,242.9009573535152,495.90780778809255,0.42377263462387305,-1.090865393543936,1.1702865258934776,0.23496059246701861,0.009575181984700976,0.23515561682105862,-1.200265640426437
273,4,243.39648,465.7691,245.67116,495.4769,234.27257,520.9895,28.452759343193662,243.5456177386915,494.81451591542236,0.6446603851763086,-1.0932918726701928,1.2692021631963775,0.2208877505524356,-0.0024264791262567087,0.2209010777363143,-1.0380213160595575
274,4,243.57454,464.92767,245.65964,495.18472,234.37811,521.25366,27.343082723467425,244.29274820993612,493.7538139249996,0.747130471244617,-1.0607019904227855,1.2974176866179459,0.10247008606830832,0.03258988224740733,0.10752775903805672,-0.9571410928176366
275,4,244.29231,464.90216,245.93388,495.17133,234.58347,521.33997,26.55261017873117,244.9978448971226,492.7724726838186,0.705096687186483,-0.981341241180985,1.208384032468151,-0.04203378405813396,0.07936074924180048,0.08980516423049273,-0.9477598388128482
276,4,244.2127,464.2842,246.34914,493.9959,235.0504,520.71075,27.03816559145866,245.51640393012457,491.9172630588739,0.5185590330019636,-0.8552096249446777,1.000143476360241,-0.1865376541845194,0.1261316162363073,0.22517877573840403,-1.0257184977056155
277,4,244.13557,463.59122,245.40442,494.0766,235.04327,520.3127,23.933392850014293,245.74622877033673,491.21787276822795,0.2298248402121601,-0.6993902906459653,0.7361835612321106,-0.2887341927898035,0.15581933429871242,0.32809617344198533,-1.2533051058643574
278,4,246.08716,461.8887,244.53535,493.34744,234.72705,520.54,17.01026957708608,245.75435220523872,490.63565693421344,0.008123434901989413,-0.5822158340145052,0.5822725028470885,-0.22170140531017068,0.11717445663146009,0.2507615728204433,-1.556844614484262
279,4,247.91414,459.93423,244.24875,491.70712,235.21991,520.4363,10.865893508473082,245.65011435383144,490.1148875302311,-0.1042378514072766,-0.5207694039823423,0.5310991449721318,-0.112361286309266,0.06144643003216288,0.12806530531244728,-1.768346923532699
280,4,247.63318,459.63995,244.1942,491.2777,235.33214,520.4101,10.71614005841948,245.54285533511566,489.5998365296814,-0.10725901871578003,-0.515051000549704,0.526100779569013,-0.0030211673085034363,0.005718403432638297,0.006467425277835018,-1.776111192470106
281,4,248.04327,458.4062,244.2836,490.30212,235.55902,519.9441,9.678207213754172,245.51687835133527,489.0492495109413,-0.025976983780395813,-0.5505870187400888,0.5511994819404549,0.08128203493538422,-0.035536018190384766,0.08871064080517273,-1.617941889007793
282,4,247.9685,457.90045,245.25006,490.0627,235.86705,518.4611,13.452566555670096,245.55633893770607,488.47976647229245,0.03946058637080796,-0.5694830386488547,0.5708485518817237,0.06543757015120377,-0.018896019908765993,0.06811119699202324,-1.501614964031353
283,4,248.13074,458.1109,245.07283,489.6913,235.93745,517.71814,12.52276363555205,245.6203557126869,487.92250101699244,0.06401677498081426,-0.557265455300012,0.5609304191695027,0.024556188610006302,0.012217583348842709,0.027427645577703563,-1.4564210659570562
284,4,248.39642,457.48022,245.44756,488.8696,236.35034,517.13635,12.473068954300588,245.6680472947366,487.40856674829934,0.04769158204970836,-0.5139342686931059,0.5161423442573972,-0.016325192931105903,0.04333118660690616,0.04630446692275329,-1.4782642802736004
285,4,248.25186,457.42273,245.72185,488.47302,236.59933,516.42786,13.41483176104389,245.66803881194096,486.993125371194,-8.482795635700313e-06,-0.41544137710531004,0.41544137719191415,-0.04770006484534406,0.09849289158779584,0.10943557867336991,-1.5708167455497486
286,4,247.31311,458.3784,244.64719,488.43408,236.24597,517.1184,11.255713996077398,245.6269814308939,486.82753099755087,-0.04105738104706802,-0.16559437364315954,0.1706083383680718,-0.04104889825143232,0.2498470034621505,0.2531966373921113,-1.8138347282294847
287,4,244.32233,459.2987,244.67035,489.5813,236.3512,516.82697,17.637895345073495,245.56103282781618,487.01403327466124,-0.06594860307771455,0.18650227711037815,0.1978189010566438,-0.02489122203064653,0.3520966507535377,0.35297538781909094,1.9106813285085016
288,4,242.07146,461.5932,244.78699,491.2358,236.03194,517.8091,23.46961127165,245.48635067892877,487.36227158459144,-0.07468214888740476,0.34823830993019556,0.35615634750131775,-0.008733545809690213,0.1617360328198174,0.1619716615173871,1.7820534356471092
289,4,239.51726,463.2171,245.69823,490.84076,235.11382,518.1092,33.8265783614641,245.41659176942858,487.65545552528806,-0.06975890950019448,0.2931839406966219,0.3013687583958507,0.0049232393872102875,-0.05505436923357365,0.0552740613468057,1.8043884692789092
292,4,230.3047,473.9317,244.03801,490.15063,233.37384,512.6798,65.58660510505563,245.26338312417545,488.0925795276492,-0.15320864525313027,0.4371240023611449,0.463195727981731,-0.0834497357529358,0.143940061664523,0.16638088757192485,1.9079097518186596
298,4,231.16043,470.5306,241.17146,490.78427,234.8168,511.35602,43.46842493568613,244.20681848500138,488.4900181427158,-1.05656463917407,0.39743861506661915,1.1288428985023138,-0.9033559939209397,-0.039685387294525754,0.9042272843249121,2.781804340021017
299,4,230.23587,469.73947,241.03822,490.63773,234.30867,512.0714,44.76530949821715,243.62429590590125,488.6907235575652,-0.5825225791001287,0.20070541484938076,0.6161292224130647,0.47404206007394123,-0.1967332002172384,0.5132444123289236,2.8097854986156516
300,4,229.90654,469.79294,240.97612,490.24475,234.83116,510.82053,45.05280844558708,242.8720623549124,488.95948100261364,-0.7522335509888478,0.26875744504843624,0.7988027788523615,-0.1697109718887191,0.06805203019905548,0.182846637359364,2.7984477473721063
301,4,229.91434,470.5674,240.39961,490.37274,234.70187,510.1829,43.943642240811975,242.04692640272128,489.23696690648126,-0.8251359521911183,0.27748590386761407,0.8705445229530597,-0.07290240120227054,0.008728458819177831,0.07342306241512199,2.8171824461935255
302,4,230.05437,470.56976,239.83464,490.04184,234.40097,509.71176,42.11151071237999,241.2709732205269,489.4486282817369,-0.775953182194371,0.21166137525563045,0.8043033499449543,0.04918276999674731,-0.06582452861198362,0.08216941907755462,2.8752952871031185
303,4,230.45049,470.71994,239.50781,490.22745,234.4784,509.23328,39.72757678319253,240.66628797952814,489.5199121409492,-0.6046852409987764,0.07128385921231484,0.6088724244584816,0.17126794119559463,-0.1403775160433156,0.22144650526000403,3.0242483425777213
0,5,608.8622,812.77844,613.23553,818.9394,594.31366,820.7784,119.81799281298252,613.251070915674,818.9453112605289,,,,,,,
1,5,604.1073,816.0775,615.0417,819.6444,598.31586,817.1359,170.46265048859777,614.7751744316495,819.4904663055137,1.5241035159755256,0.5451550449847673,1.618667832040071,,,,0.343508208396638
2,5,605.9032,816.08673,616.57104,820.27814,597.9449,817.4881,167.06916495970015,616.4853677889378,820.4199450506097,1.71019335728829,0.9294787450960484,1.9464562817844941,0.1860898413127643,0.38432370011128114,0.4270060134319372,0.49783399379306326
3,5,609.7071,811.7374,618.15515,820.32263,597.5296,821.1355,132.28178597651402,618.1269751708589,820.4031650197064,1.641607381921176,-0.016780030903305487,1.6416931399671542,-0.06858597536711386,-0.9462587759993539,0.9487411170455584,-0.010221351776116515
4,5,615.9248,809.62933,619.37384,819.66534,596.1965,822.3117,102.4523539361684,619.4453207607343,820.0034486711054,1.318345589875321,-0.3997163486010322,1.3776096158500963,-0.32326179204585515,-0.38293631769772674,0.501137116574488,-0.29438579072562965
5,5,613.62177,810.99243,619.46326,819.57117,598.1746,821.5846,118.84917234521536,620.1591458699079,820.0059556330729,0.7138251091736265,0.0025069619674695787,0.7138295113996381,-0.6045204807016944,0.4022233105685018,0.7261050909837315,0.003511997025859941
6,5,606.7443,816.2939,619.1962,819.91614,602.8661,817.3193,172.81599485885303,620.4629318556184,820.1892892793184,0.30378598571053317,0.18333364624550086,0.35481988523727176,-0.41003912346309335,0.18082668427803128,0.4481410185615335,0.542986170099364
8,5,629.9795,810.78265,631.2559,817.7931,621.4394,810.9096,135.35777524672005,625.560994504782,819.2062938649244,5.09806264916358,-0.9829954143939403,5.191967137753887,4.794276663453047,-1.1663290606394412,4.934107032019326,-0.19047981461037633
9,5,633.00104,812.63165,633.40027,814.3543,634.84125,808.1314,153.91421225909068,629.5616055375091,817.093893424426,4.000611032727079,-2.1124004404983907,4.524060593780262,-1.0974516164365014,-1.1294050261044504,1.5747875296080687,-0.4858110957316044
11,5,658.3349,770.97797,648.3887,784.4144,634.63885,794.013,18.571212385695578,637.7709245969742,805.5226137447784,8.209319059465088,-11.57127967964766,14.187580232186304,4.208708026738009,-9.458879239149269,10.352952222199136,-0.9537519034529189
13,5,669.6796,759.29736,653.5028,776.0306,631.9176,786.15173,20.84701808234242,650.2168459441795,786.1981105797424,12.445921347205285,-19.324503165035935,22.985590720194775,4.236602287740197,-7.7532234853882755,8.83522910618971,-0.9986161729063858
14,5,669.47925,759.72156,653.49005,775.81274,631.8583,785.83636,20.3203589858316,653.9177556782454,780.271539586903,3.700909734065931,-5.926570992839402,6.987200912587913,-8.745011613139354,13.397932172196533,15.999369193962652,-1.012585030401497
15,5,668.43164,760.3327,653.1333,775.8695,632.08417,785.3486,21.199601422033236,656.6033224410173,775.8382642663173,2.6855667627719413,-4.433275320585722,5.1832614158867,-1.0153429712939896,1.49329567225368,1.8057832965579446,-1.0261414176964396
16,5,667.32886,761.0233,652.98096,776.0326,632.4599,785.0512,22.56600414795361,658.5409674329637,772.5526816786542,1.9376449919463994,-3.285582587663157,3.8143834436472543,-0.7479217708255419,1.1476927329225646,1.3698852450034198,-1.0379538568089897
17,5,668.73413,759.9898,653.1838,776.03485,632.763,785.18787,21.75409611038105,659.8717228860478,770.18935242134,1.3307554530840662,-2.363329257314149,2.712238052677166,-0.6068895388623332,0.9222533303490081,1.104022698009589,-1.0579625221940598
18,5,670.5204,758.79504,653.38184,775.81213,632.1292,786.0488,19.07765283426582,660.7366210322313,768.5228370918,0.8648981461834637,-1.6665153295399477,1.877584125109507,-0.46585730690060245,0.6968139277742011,0.8381960870421621,-1.0920755297553233
19,5,671.4604,757.6481,653.48254,775.94006,631.5126,787.0759,18.617276906598796,661.2625841783702,767.3537656118666,0.5259631461389063,-1.16907147993345,1.2819381249850257,-0.33893500004455746,0.4974438496064977,0.6019363070678957,-1.1480270667948829
20,5,671.8145,757.496,653.6708,775.3139,631.6623,786.7746,16.973130840630276,661.5200949308912,766.5870452009923,0.25751075252105693,-0.7667204108743135,0.8088089861736436,-0.26845239361784934,0.40235106905913653,0.48368695497416797,-1.246773457293105
21,5,671.02527,759.0017,654.0114,774.65424,632.5515,784.40094,18.1869763165183,661.5655259711139,766.1536524030357,0.04543104022263833,-0.4333927979565715,0.4357674801271162,-0.2120797122984186,0.33332761291774204,0.3950760710319217,-1.4663513028974235
22,5,673.16046,756.12866,654.13306,774.94006,630.8542,786.99133,17.30272338902977,661.4552499803569,765.9845637618545,-0.11027599075691796,-0.1690886411812471,0.20187065837793364,-0.1557070309795563,0.2643041567753244,0.30675946079164984,-2.148701541603968
23,5,673.79895,755.17993,654.03046,774.58673,629.69244,788.4573,14.791652997739591,661.2456396399406,766.010755821307,-0.2096103404163614,0.026192059452569083,0.21124042886680056,-0.09933434965944343,0.1952807006338162,0.2190932793636051,3.017281030477163
24,5,674.5018,753.71625,654.3845,774.7706,629.18945,788.79913,17.19504971013317,660.9930676311843,766.1632051252517,-0.2525720087562604,0.15244930394464973,0.2950142536901915,-0.042961668339899006,0.12625724449208064,0.1333664003161235,2.5985394700108984
25,5,676.79767,750.5802,654.85864,773.50305,632.142,785.4908,18.435354954394327,660.753906635407,766.3728882175468,-0.2391609957772971,0.2096830922951085,0.318064429158036,0.0134110129789633,0.05723378835045878,0.05878402672552327,2.421775461387635
27,5,675.93414,750.4969,656.4983,772.79315,638.1062,779.39215,29.18328094904149,660.5413084080683,766.6878619426207,-0.2125982273387308,0.31497372507385535,0.3800084916873191,0.02656276843856631,0.10529063277874684,0.10858958521916276,2.1645262824281164
28,5,668.8954,758.8504,658.29846,771.0845,649.17725,764.80664,83.63985245221157,660.6432828804412,766.6782142002037,0.10197447237294455,-0.009647742416973415,0.102429839155808,0.31457269971167534,-0.32462146749082876,0.45203437984271844,-0.09432861345592132
31,5,671.1526,749.85547,654.93866,770.84705,630.24097,783.876,24.504164991015124,660.3680879301013,766.4465291563495,-0.27519495033993735,-0.2316850438542133,0.35973632043252085,-0.3771694227128819,-0.22203730143723988,0.4376726364065959,-2.4418232634586055
32,5,671.3732,748.76324,655.3279,769.8663,631.35156,783.58014,22.984540155504178,659.6134620747101,766.5338127574794,-0.7546258553911684,0.0872836011299114,0.7596569019307717,-0.4794309050512311,0.3189686449841247,0.5758428511332333,3.0264396157691635
33,5,669.2976,748.1929,653.9932,771.15594,632.6134,783.53424,26.24782023151185,658.7406758431335,766.8193986104577,-0.8727862315765833,0.28558585297832906,0.918321885534159,-0.11816037618541486,0.19830225184841765,0.23083686358212377,2.825361663910586
34,5,670.3868,748.69714,654.8917,772.4472,633.9452,786.88226,22.30649069889062,658.338026497489,767.3490208606804,-0.40264934564459054,0.529622250222701,0.6653016033942608,0.47013688593199277,0.24403639724437198,0.5297003442455409,2.2208300476724916
35,5,643.12274,780.941,661.89105,772.79724,664.5678,747.8613,60.416567098508274,659.2258486743185,768.0728391695883,0.8878221768295589,0.7238183089078802,1.1454873032821622,1.2904715224741494,0.1941960586851792,1.3050014787446054,0.683985195689345
36,5,650.7319,775.4622,661.2915,772.7887,657.83545,751.9606,85.2135888068928,660.0238870330029,768.9171195776329,0.79803835868438,0.8442804080445967,1.1617549781858523,-0.08978381814517888,0.12046209913671646,0.15024064473088053,0.8135472876710254
37,5,667.6261,759.22546,658.2706,774.1111,641.6304,766.6925,81.87935986635414,659.8378903755589,769.8081281252664,-0.18599665744397953,0.8910085476335325,0.910214803514176,-0.9840350161283595,0.046728139588935846,0.9851438636037804,1.7765895364139046
38,5,670.9396,753.8212,657.3801,774.2745,639.06915,774.20874,56.66335903971493,659.7150013153979,770.6780343045602,-0.12288906016101464,0.869906179293821,0.8785433864532991,0.06310759728296489,-0.021102368339711575,0.06654230822847776,1.7111347226377251
39,5,665.24084,762.51184,659.31366,774.33545,645.7314,762.3355,104.83594694640436,659.8553226495158,771.4826214140638,0.14032133411785708,0.8045871095035864,0.8167315921329059,0.2632103942788717,-0.06531906979023461,0.27119419708891385,1.3981312716388217
40,5,638.97833,782.94037,661.3716,774.94354,667.4263,744.3655,59.14778985756722,660.1405934307303,772.1835762039453,0.2852707812145354,0.7009547898815072,0.7567807054045308,0.14494944709667834,-0.1036323196220792,0.17818529648622958,1.1842918783443503
42,5,655.5827,769.5236,662.2908,774.3202,658.7293,750.9473,134.23032105562834,661.1328373895443,773.1213358255181,0.9922439588140151,0.937759621572809,1.365262312398349,0.7069731775994796,0.23680483169130184,0.7455787028593636,0.7571754849115802
43,5,663.61456,762.1476,662.62146,775.07874,651.72894,758.9514,141.57294445009643,661.5433211756875,773.3141904656405,0.41048378614323155,0.19285464012239117,0.4535304299638771,-0.5817601726707835,-0.7449049814504178,0.9451604783821567,0.43921573528333285
44,5,664.89685,757.8055,657.38477,771.7837,644.22015,773.57416,54.00074353150128,660.8298266167827,773.4462176353763,-0.713494558904813,0.13202716973580664,0.7256070969438082,-1.1239783450480445,-0.06082747038658454,1.1256230724761163,2.958619315970998
45,5,671.3693,749.89343,656.08124,773.24036,637.4669,783.154,28.743404354214245,660.0537502310387,773.6254223307841,-0.776076385743977,0.17920469540774775,0.7964978840936225,-0.06258182683916402,0.04717752567194111,0.07837221433042307,2.914659060452502
46,5,672.1538,751.233,656.50055,774.7577,637.3524,784.91486,28.4165396488734,659.5973165073544,773.76085113724,-0.456433723684313,0.13542880645593414,0.4761015708169914,0.31964266205966396,-0.04377588895181361,0.3226263471294774,2.8531562166926405
47,5,657.1017,768.9416,659.9229,771.7226,650.4422,767.8278,157.7447338258814,659.4822282734477,773.7904543567789,-0.11508823390670386,0.029603219538898884,0.11883455806638246,0.34134548977760915,-0.10582558691703525,0.3573734716481497,2.889828499173002
48,5,649.0719,775.81006,660.77484,774.48285,656.2871,761.5752,102.70136876850808,659.6403601088089,773.9667555687492,0.1581318353611323,0.17630121197032622,0.23682861882991704,0.27322006926783615,0.14669799243142734,0.3101120881780204,0.8396736960641684
49,5,640.64355,782.6674,661.4359,775.69366,664.2702,753.60077,64.1480298851512,659.9811295308704,774.466383496166,0.3407694220614985,0.49962792741678186,0.6047742263579995,0.18263758670036623,0.32332671544645564,0.37134438597766234,0.9722216661506597
50,5,654.27716,770.5091,661.02783,775.9501,654.7183,766.6173,162.92955013172386,660.4139540570652,774.8478141593935,0.43282452619484957,0.3814306632274338,0.5769111034864176,0.09205510413335105,-0.11819726418934806,0.1498156716063064,0.7223641440084408
51,5,673.7623,747.1778,661.8096,771.6105,641.935,783.23975,33.5982508318807,660.8653062129216,774.6630983076703,0.451352155856398,-0.18471585172312643,0.48768710714352315,0.018527629661548417,-0.5661465149505602,0.5664496000983145,-0.38845495948481285
53,5,664.7948,756.1228,663.5968,769.43243,652.5723,773.1033,66.44037804602301,661.819418653362,773.321349433445,0.95411244044044,-1.3417488742253454,1.6463962434627315,0.502760284584042,-1.157033022502219,1.261544021790618,-0.9526620464370174
54,5,652.4855,771.304,663.5724,769.63446,659.9071,759.43506,101.202828944888,662.3456740699609,772.6369252467157,0.5262554165988149,-0.6844241867293022,0.8633546379557238,-0.42785702384162505,0.6573246874960432,0.7843069409627738,-0.9153070167479248
55,5,654.91425,769.65625,664.62366,768.3081,659.5463,760.5025,115.13796376683942,662.9203923721551,771.7329724797742,0.5747183021942419,-0.9039527669415293,1.0711823989117253,0.048462885595427,-0.2195285802122271,0.2248142540192496,-1.0044801003997563
56,5,651.7296,773.2443,664.84515,767.7172,662.05835,756.403,80.98575175648645,663.5451315987891,770.3828395210672,0.6247392266340057,-1.3501329587069222,1.4876686820263318,0.0500209244397638,-0.4461801917653929,0.4489753405317617,-1.1374114607404395
57,5,652.1696,777.1656,665.2235,764.8637,665.2452,742.34814,46.64366657001464,664.1806916800539,768.9857282187733,0.6355600812647708,-1.397111302293979,1.5348799978808962,0.010820854630765098,-0.04697834358705677,0.04820846047244932,-1.14386664587559
58,5,649.2128,779.20013,665.55206,765.1606,667.50653,742.0672,44.491452458132834,664.7776830189766,768.0307089998498,0.5969913389227486,-0.9550192189234394,1.126259458234164,-0.03856874234202223,0.4420920833705395,0.44377129026644946,-1.0121184601019326
59,5,656.702,777.2254,664.763,769.4926,664.9551,750.38995,45.61430917226551,665.2867160185851,767.740473146642,0.5090329996085075,-0.2902358532078324,0.5859619827068248,-0.08795833931424113,0.664783365715607,0.6705770595443075,-0.5181975835094367
60,5,637.4031,787.2835,666.0631,771.54785,674.4226,747.36523,42.16187420026174,665.658401081907,768.0872347924028,0.37168506332182005,0.34676164576080737,0.5083241340594493,-0.1373479362866874,0.6369974989686398,0.6516366083136476,0.7507213718194814
61,5,638.55585,785.9111,664.80457,769.9961,672.81195,746.2493,40.136906186652816,665.8433486119696,768.3076786186285,0.18494753006268638,0.22044382622573266,0.28775174959907596,-0.18673753325913367,-0.1263178195350747,0.22544865903305294,0.8727359807560447
62,5,642.2422,783.3077,664.2518,765.6515,668.6575,742.28394,40.58609007690725,665.7921690118009,767.7419599110306,-0.05117960016877987,-0.5657187075979664,0.568029055242555,-0.23612713023146625,-0.786162533823699,0.8208578142525333,-1.6610190019720839
63,5,640.0315,784.10925,662.7673,766.7938,665.3421,743.1218,46.49960641094339,665.4554726844278,766.8796458239368,-0.33669632737303345,-0.8623140870937505,0.925715940052248,-0.2855167272042536,-0.2965953794957841,0.4116899569477938,-1.9430487605642957
64,5,646.03754,780.3741,661.8898,765.19775,662.21265,744.25385,45.36467614812821,664.8416960079904,766.3061351777656,-0.6137766764373964,-0.5735106461712576,0.8400215888953746,-0.27708034906436296,0.2888034409224929,0.4002261202449199,-2.3900958065893447
65,5,647.7438,779.47894,661.54065,765.1998,661.4908,745.0384,44.15767576270122,664.1905792610754,765.8407415886791,-0.6511167469150223,-0.46539358908648865,0.8003400595222038,-0.037340070477625886,0.10811705708476893,0.11438347300176391,-2.521027778106285
66,5,643.92084,781.7481,662.0692,764.6516,663.90314,742.3049,42.01792266626713,663.799688697381,765.111257371776,-0.39089056369437003,-0.7294842169030744,0.8276126240554781,0.2602261832206523,-0.26409062781658577,0.3707580425751367,-2.0627071627315856
67,5,647.59937,777.41943,665.3424,760.6736,664.66846,738.92694,48.43124112678322,663.9665905706065,763.7454748421549,0.1669018732254699,-1.3657825296211286,1.375942641793058,0.5577924369198399,-0.6362983127180541,0.8461725270019208,-1.4491968555288883
68,5,657.9804,751.93353,668.0169,756.2422,672.8218,752.00323,64.65316302991005,664.8102519018413,761.7555192994591,0.8436613312347845,-1.989955542695725,2.1614086850307337,0.6767594580093146,-0.6241730130745964,0.9206493981183508,-1.1698069923816188
69,5,666.061,737.02075,666.9764,758.2809,646.63916,775.9945,51.40976477339715,665.7352427817399,760.1839750755529,0.9249908798985871,-1.571544223906244,1.8235567925317384,0.0813295486638026,0.4184113187894809,0.42624233386303906,-1.0388108271551793
70,5,662.95386,736.9368,667.6134,756.43494,650.68835,773.1076,58.8705423664294,666.1963640696742,758.8456725195422,0.46112128793436113,-1.3383025560107171,1.4155163628906107,-0.46386959196422595,0.23324166789552692,0.5192077368373325,-1.2389788613005281
72,5,668.95996,733.9049,668.95703,757.29407,653.1018,774.5553,42.56171098274365,666.784046734809,757.6872179301436,0.5876826651347073,-1.158454589398616,1.298994977125989,0.12656137720034621,0.17984796661210112,0.21991605965312255,-1.101326712255416
73,5,658.6103,758.20087,666.4059,754.7199,682.1801,738.81604,21.172357882036536,667.211646026057,756.3353819258775,0.4275992912480433,-1.3518360042660333,1.4178510980726375,-0.16008337388666405,-0.19338141486741733,0.25104393681398013,-1.2644441711414425
74,5,662.79517,739.6267,668.9624,754.37885,673.2884,758.08777,26.70386654802588,667.8099039675282,755.100885056092,0.5982579414711608,-1.2344968697855165,1.3718218127889459,0.17065865022311755,0.1173391344805168,0.2071058844567512,-1.1195308271655164
75,5,665.22644,737.41895,669.59204,754.56805,669.94684,761.31354,11.271397504129272,668.3643235689553,754.212217456415,0.5544196014271847,-0.8886675996769782,1.0474307600802644,-0.04383834004397613,0.34582927010853837,0.34859673567263316,-1.0130047060988154
76,5,669.1917,745.5854,668.54987,754.722,673.3121,748.2271,147.76859438540555,668.6634160675343,753.5993758667857,0.2990924985789434,-0.6128415896292836,0.6819319149926497,-0.25532710284824134,0.2758260100476946,0.37586156662753817,-1.1167607160079653
77,5,665.0428,750.8083,667.2156,755.8587,676.9845,744.19183,116.78148758640272,668.7671251384028,753.1273783764365,0.10370907086849002,-0.4719974903492812,0.4832568698698708,-0.19538342771045336,0.1408440992800024,0.24085627275593452,-1.3545095089893053
78,5,665.28375,735.5663,668.2696,753.226,668.65753,761.82385,7.013163235867429,668.803252566184,752.6449984119237,0.03612742778125266,-0.48237996451280196,0.4837309388507848,-0.06758164308723735,-0.010382474163520783,0.06837451463905914,-1.496041757707446
79,5,670.86865,755.74524,668.2618,752.3717,664.1514,736.99036,22.73322291872532,668.8996001355015,752.0010093998033,0.09634756931745869,-0.6439890121204144,0.6511564342346697,0.06022014153620603,-0.1616090476076124,0.17246434331559732,-1.4222872522359709
80,5,679.1975,746.1739,668.5069,750.8848,660.5958,740.8087,75.64465047005076,669.1573176752596,750.8663803274761,0.2577175397581186,-1.1346290723271295,1.1635297426662112,0.16136997044065993,-0.49064006020671513,0.5164958238356516,-1.3474477040258759
81,5,684.288,731.7867,670.8847,743.25287,659.26385,738.17096,64.16633492911906,669.5709471914876,748.7205723344566,0.41362951622795663,-2.1458079930195026,2.1853103485778305,0.155911976469838,-1.0111789206923731,1.0231282197551408,-1.3803702956178032
82,5,682.65894,730.62897,670.49164,743.44824,659.4559,737.68695,74.06178278058049,670.1083787344954,746.5993746251048,0.5374315430078695,-2.1211977093518044,2.188221283503833,0.12380202677991292,0.02461028366769824,0.12622443462744784,-1.3226556525361974
83,5,679.44507,731.4935,672.08014,741.7022,659.0336,737.2441,73.05772654459275,670.7375023545935,744.6794577887882,0.6291236200980848,-1.9199168363165882,2.0203656074426766,0.09169207709021521,0.20128087303521625,0.22118188635359998,-1.2541398928709826
84,5,679.36365,728.55927,672.3339,742.04913,659.7756,740.1864,70.9124169481784,671.4696354988732,743.0664576146003,0.7321331442797145,-1.6130001741879596,1.7713803947439661,0.10300952418162979,0.30691666212862856,0.32374187181194913,-1.1447078199268812
85,5,670.6434,752.3894,672.9103,747.0738,658.5696,745.61816,107.300549073227,671.9897171933657,743.0069415556909,0.5200816944924327,-0.05951605890936662,0.5234760072956766,-0.21205144978728185,1.553484115278593,1.5678898921097109,-0.11394033397949166
87,5,663.10016,772.97156,654.6572,775.38104,633.89655,780.0423,3.273690501898203,668.4847517462161,749.349348030775,-3.504965447149516,6.34240647508409,7.246440690497687,-4.025047141641949,6.4019225339934565,7.562117205101573,2.075651821490591
116,5,630.5501,789.314,651.43976,779.31415,656.0198,757.78937,52.40737132743421,664.5604375803326,755.927751171284,-3.9243141658835157,6.578403140508954,7.66000192895616,-0.4193487187339997,0.23599666542486375,0.48119411259438977,2.1086715876552526
117,5,630.3242,789.3367,651.6931,778.89197,656.537,757.34344,51.28263470144273,661.388935388904,761.4821741818721,-3.171502191428658,5.5544230105881525,6.396095772484018,0.7528119744548576,-1.0239801299208011,1.2709292566288817,2.089609346004614
118,5,630.37134,788.9066,651.6287,778.3097,656.5329,756.8919,50.60642088960311,658.3313118273171,766.3496314350114,-3.0576235615868654,4.867457253139264,5.748147697781363,0.11387862984179264,-0.6869657574488883,0.6963406452606145,2.1316767980687845
119,5,630.33875,788.85254,650.8128,780.0075,656.5073,759.6077,51.03822598832059,655.868390975759,770.6004251622948,-2.462920851558124,4.250793727283394,4.912761589264397,0.5947027100287414,-0.6166635258558699,0.8567060274309516,2.0959329674328058
120,5,630.2517,788.49286,650.85913,779.8349,656.65533,759.3759,51.39300688237486,653.7786084200455,774.2549681424858,-2.089782555713441,3.6545429801910814,4.2098545728122385,0.37313829584468294,-0.5962507470923128,0.7033826421187939,2.0902460853017217
121,5,630.11884,788.11804,650.39374,779.3045,656.0924,758.375,51.27410346848832,651.8075968934719,777.2393567263674,-1.9710115265736476,2.9843885838815822,3.5765152952963724,0.11877102913979343,-0.6701543963094991,0.6805978785273099,2.154476214197246
122,5,630.27374,787.7538,650.39825,780.0612,656.0427,759.0113,54.07015677212952,650.2721662136183,779.6126932243656,-1.5354306798535617,2.373336497998139,2.826707184227903,0.4355808467200859,-0.6110520858834434,0.7504101050038532,2.1450246337077172
123,5,630.36304,787.3359,650.795,780.7942,657.58057,760.8276,53.47637271087697,649.480388405244,781.4673314368163,-0.791777808374377,1.854638212450709,2.0165800249225154,0.7436528714791848,-0.5186982855474298,0.9066793836241562,1.9742901287678098
124,5,630.96277,786.81665,652.81384,779.48004,658.23535,759.1183,56.53063234218843,649.1342072375375,782.8956251640565,-0.3461811677065043,1.4282937272402023,1.469647703413423,0.44559664066787263,-0.4263444852105067,0.6167057533734425,1.8085847365311385
125,5,629.98,787.1479,653.0703,779.7407,659.8115,759.02936,54.1850182560656,648.8625772481608,783.981720513923,-0.2716299893766063,1.0860953498665822,1.119547212104317,0.074551178329898,-0.34219837737362013,0.35022508143694503,1.8158669757517074
126,5,629.8885,787.0545,651.60974,781.2022,657.22723,760.9884,59.390206573454414,648.6086243042378,784.7769328242573,-0.2539529439230819,0.7952123103342501,0.8347782437476049,0.017677045453524443,-0.2908830395323321,0.2914196640989318,1.87991169724663
128,5,630.3435,786.78265,650.6629,781.363,655.011,760.70685,63.17836874895968,648.2404243507073,785.6671389076979,-0.3681999535305067,0.8902060834406029,0.9633473292507355,-0.11424700960742484,0.09499377310635282,0.14858060483528887,1.962981867228062
129,5,631.0339,786.2117,650.92255,780.7556,654.5073,758.5889,65.47316162685618,648.1695147400783,785.8483479714885,-0.0709096106289735,0.18120906379056123,0.19458904820005754,0.2972903429015332,-0.7089970196500417,0.7688031749772843,1.9437922613275227
130,5,632.4982,784.43506,650.9204,781.39465,651.8016,760.8477,78.17270796500101,648.1921670097342,785.9111045771151,0.02265226965596412,0.06275660562664598,0.06671968877583952,0.09356188028493762,-0.11845245816391525,0.15094638216110742,1.2243961486314738
131,5,631.7529,785.1846,651.0617,781.143,652.2656,760.29956,74.87222887604183,648.2761000435427,785.8985163699206,0.08393303380842099,-0.012588207194539791,0.08487176871409129,0.06128076415245687,-0.07534481282118577,0.09711937435017054,-0.14886958113359638
132,5,630.796,786.10925,651.0057,781.2141,653.8264,759.9422,68.83059022775682,648.3782427622461,785.8536909952468,0.10214271870347602,-0.044825374673791885,0.11154572694094225,0.018209684895055034,-0.032237167479252093,0.037024688939443426,-0.4135433438904708
133,5,630.7084,786.02655,651.0147,781.0914,654.15753,759.18835,68.17435152348678,648.4641548578153,785.7451185406991,0.08591209556914237,-0.10857245454769782,0.1384516740656947,-0.016230623134333655,-0.06374707987390593,0.06578087351030625,-0.9013901151282633
134,5,632.07,784.39575,650.68195,781.2227,652.22064,760.9949,75.97500353438387,648.5339191071342,785.2428188629369,0.06976424931895053,-0.5022996777621529,0.507121303795255,-0.016147846250191833,-0.3937272232144551,0.3940582180829188,-1.4327895117430425
135,5,631.52185,786.3753,649.4794,777.72784,651.354,757.13184,59.08612278181722,648.5962490583144,784.1091084586322,0.06232995118011786,-1.1337104043046793,1.135422522078365,-0.007434298138832673,-0.6314107265425264,0.6314544911407141,-1.5158728967531285
136,5,636.16626,777.1144,649.7306,775.5796,644.5666,760.8116,102.8179507823955,648.6598582594675,782.7739606154581,0.0636092011530991,-1.335147843174127,1.3366622212076837,0.0012792499729812334,-0.20143743886944776,0.2014415008352943,-1.5231902576218488
137,5,635.43365,777.983,650.5751,777.83203,646.56335,766.0673,108.25802523436197,648.7334602587052,781.6845197560294,0.07360199923778055,-1.0894408594286915,1.0919242833111296,0.009992798084681453,0.24570698374543554,0.24591010120538143,-1.503339406740588
138,5,634.95557,778.78577,650.5931,777.11346,645.99854,766.3291,106.9717160827711,648.8257686041393,780.6889580517275,0.09230834543404853,-0.9955617043019629,0.9998319547350948,0.018706346196267987,0.09387915512672862,0.09572472593495897,-1.4783408043936712
139,5,643.6966,755.79364,649.8376,774.5621,637.8076,779.82904,84.47319348573245,648.9454968438814,779.5427062468881,0.11972823974213043,-1.1462518048393804,1.1524877663078623,0.027419894308081894,-0.1506901005374175,0.1531644769646127,-1.4667217705515392
140,5,645.892,753.3807,649.7386,774.56226,636.3123,782.5707,69.47771731627925,649.101358526043,778.2292016288993,0.15586168216157148,-1.3135046179887695,1.3227196397740748,0.03613344241944105,-0.1672528131493891,0.17111145247312795,-1.4526876682940246
141,5,649.50433,749.8405,649.8511,774.19293,634.1803,785.2135,55.69870705783708,649.2980855361699,776.7982344016394,0.1967270101268923,-1.4309672272598846,1.4444267797314299,0.04086532796532083,-0.11746260927111507,0.12436816154664296,-1.4341744148223392
142,5,648.1368,747.9174,650.46344,771.3504,636.6982,782.99347,55.444775786652286,649.5244831095418,775.3369998918951,0.22639757337196897,-1.4612345097443722,1.4786690480620037,0.029670563245076664,-0.030267282484487623,0.04238455747410683,-1.4170826972631563
143,5,643.9943,758.89984,651.7895,769.7804,641.3214,772.9254,108.8966646919127,649.765374818872,773.9080829993173,0.24089170933018522,-1.4289168925777176,1.4490798119903467,0.014494135958216248,0.0323176171666546,0.035419039463340976,-1.4037832732125235
144,5,642.1835,763.833,651.22125,769.93555,642.39087,770.2055,144.2207022679549,650.0055842368743,772.4382217921031,0.24020941800222317,-1.469861207214194,1.489359772845411,-0.0006822913279620479,-0.04094431463647652,0.040949999053809485,-1.408805107692433
145,5,643.2961,759.997,650.47,769.46606,640.55963,773.73785,103.82992350390344,650.2304247908371,770.8570122685115,0.2248405539628493,-1.5812095235916104,1.5971151593429724,-0.015368864039373875,-0.11134831637741627,0.11240395696747489,-1.4295479435393517
146,5,641.3815,754.28894,650.4823,765.96356,640.7517,771.69855,97.42371347693776,650.4271693263511,769.2413289785063,0.19674453551397164,-1.6156832900052223,1.6276181695522778,-0.028096018448877658,-0.034473766413611884,0.04447276496261446,-1.449621197722877
147,5,640.2122,756.9763,650.83826,765.77325,642.0237,768.2314,124.79754294960628,650.5835805435819,767.7048661099765,0.15641121723081142,-1.5364628685298385,1.5444036438854203,-0.040333318283160224,0.07922042147538377,0.0888968601384107,-1.469346268244321
148,5,639.6643,756.6406,651.0669,765.3209,642.4986,766.7852,133.02157806390676,650.6874211426955,766.3613178508114,0.103840599113596,-1.343548259165118,1.3475551175109275,-0.05257061811721542,0.1929146093647205,0.19994928455878205,-1.4936613427156835
149,5,639.30975,757.82513,650.96826,765.17163,642.99854,764.5928,151.93752306528685,650.7344091423178,765.3001915325754,0.0469879996222744,-1.0611263182360062,1.0621661524270132,-0.0568525994913216,0.28242194092911177,0.28808743601047115,-1.5265439855938805
150,5,641.2672,755.60913,650.3048,765.9019,641.18286,772.71844,94.51526677491646,650.7520838349171,764.5142470615313,0.017674692599371156,-0.7859444710441039,0.7861431843648322,-0.029313307022903246,0.2751818471919023,0.2767387197205452,-1.5483116416745475
151,5,643.6274,750.15546,650.4951,765.6904,640.09973,776.3761,68.06046773281439,650.7759398314228,763.9720574876175,0.023855996505631083,-0.5421895739137881,0.5427141444905336,0.006181303906259927,0.24375489713031584,0.24383325940689962,-1.5268253231366644
152,5,643.8797,749.4643,650.9069,765.53455,640.54486,775.2612,70.43043363248202,650.8414717427632,763.6421958607714,0.06553191134048575,-0.3298616268460819,0.3363080793996497,0.041675914834854666,0.2123279470677062,0.21637938668761564,-1.3746848919215424
153,5,643.09546,751.83545,651.3097,766.0764,640.97943,773.12524,85.66890506829155,650.9703974473798,763.4932352309319,0.12892570461656305,-0.14896062983950742,0.19700534650881943,0.0633937932760773,0.18090099700657447,0.19168709853274604,-0.8573711839462326
154,5,642.70447,753.16595,651.20416,765.9735,640.94904,772.6042,90.68454643551706,651.1293278937642,763.4937486480361,0.1589304463843746,0.0005134171042300295,0.15893127566674686,0.030004741767811538,0.14947404694373745,0.15245581405211045,0.0032304402960263903
155,5,638.0908,775.6259,651.5713,766.86084,647.09674,751.34674,73.0563752802076,651.2710972979208,763.6123091620225,0.14176940415666195,0.11856051398638101,0.18481114531231552,-0.017161042227712642,0.11804709688215098,0.11928796440817185,0.6964814017864129
156,5,636.8948,779.61993,651.21313,766.58405,649.0401,746.3181,53.80448523477886,651.3485398758538,763.8174898228287,0.07744257793297038,0.2051806608062634,0.21930904323761732,-0.06432682622369157,0.0866201468198824,0.10789342151915933,1.2098916547365566
157,5,636.8834,779.64935,651.0176,767.50916,648.06305,748.75867,58.29436584703053,651.3281716025298,764.0824152845169,-0.020368273324038455,0.26492546168810804,0.26570729536250964,-0.09781085125700884,0.05974480088184464,0.11461415207570123,1.647528410737465
158,5,636.7244,780.3228,650.9872,766.57983,649.1366,744.0917,50.767628914156894,651.2312354887646,764.3984166176425,-0.09693611376519584,0.31600133312565504,0.3305351005401547,-0.07656784044115739,0.051075871437546994,0.0920400936164635,1.8684420431069757
159,5,636.93335,780.0921,650.2958,766.9015,649.4938,744.0889,47.38420224565033,651.0926563043373,764.761376496886,-0.13857918442727168,0.3629598792434763,0.3885152047178677,-0.04164307066207584,0.04695854611782124,0.06276344786311684,1.9355179236767388
160,5,636.89355,780.3777,650.13116,766.88806,649.9276,744.41235,44.97865951016077,650.9473588190262,765.167177596927,-0.1452974853110618,0.40580110004100334,0.4310288761002059,-0.006718300883790107,0.04284122079752706,0.04336479869880177,1.914625437675922
161,5,636.6666,780.33765,650.19586,767.5797,650.8461,746.1374,44.94360610386387,650.8243078472385,765.6010987295443,-0.12305097178773394,0.43392113261734266,0.45103114192905036,0.02224651352332785,0.028120032576339327,0.03585587254604179,1.847120850796746
162,5,636.7696,779.9494,650.54614,768.08484,648.59076,752.0717,56.22648989130643,650.7286283818956,766.0060032549155,-0.09567946534286875,0.4049045253711938,0.4160555669070767,0.02737150644486519,-0.02901660724614885,0.039889382812203986,1.802841125121477
163,5,639.3319,770.77734,650.61786,767.5259,642.9894,768.2042,169.00987890580592,650.6594854605468,766.3141506703155,-0.06914292134888456,0.30814741539995794,0.3158093937651828,0.026536543993984196,-0.09675710997123588,0.1003300876962165,1.7915230508642201
164,5,640.42816,767.23376,650.61487,767.3046,642.40393,771.12915,154.62609274357888,650.6162412148116,766.4712752638968,-0.043244245735195364,0.15712459358132946,0.16296687607395535,0.025898675613689193,-0.15102282181862847,0.15322739346671765,1.8393695142136086
166,5,648.7268,749.2167,650.71497,765.058,637.9802,781.4636,44.97359590258026,650.6082478758391,766.3444645830989,-0.007993338972482888,-0.12681068079791658,0.1270623556855456,0.035250906762712475,-0.28393527437924604,0.2861151279894357,-1.633746684003596
167,5,654.9883,747.181,650.79236,765.28876,637.14124,783.00446,24.57033128854523,650.6441939865344,766.086745793781,0.03594611069536313,-0.2577187893178916,0.26021356083341063,0.04393944966784602,-0.13090810851997503,0.13808551015001802,-1.432212351669001
168,5,657.8107,747.8323,650.78186,765.05743,637.2063,783.40643,14.297652556447025,650.7072320866396,765.7169623618918,0.06303810010513189,-0.3697834318892319,0.3751180994895379,0.027091989409768757,-0.1120646425713403,0.11529293128731388,-1.4019464673779407
169,5,664.0733,745.1171,651.3598,763.4228,637.1329,784.1421,0.3051874526224817,650.8130545691597,765.248967623801,0.10582248252012505,-0.4679947380907379,0.4798098297110434,0.04278438241499316,-0.09821130620150598,0.10712592610772773,-1.348417099688269
170,5,665.3935,743.1632,651.73065,763.0184,637.3593,785.1935,1.5863427944855293,651.0387329912548,764.6995952912325,0.2256784220951431,-0.5493723325685096,0.5939197841384969,0.11985593957501806,-0.08137759447777171,0.14487152630658323,-1.1810202277766417
171,5,666.93945,741.85126,652.7683,762.4472,637.99005,785.0444,1.3458118291944985,651.4766837011238,764.0864241697495,0.4379507098689146,-0.613171121482992,0.7535115450312598,0.2122722877737715,-0.06379878891448243,0.2216524523294645,-0.9505777941963449
172,5,655.3425,737.3487,655.1682,762.2571,653.7793,778.1971,4.578896549962465,652.2193230469657,763.4270330649151,0.7426393458418943,-0.6593911048344125,0.9931313242100583,0.3046886359729797,-0.046219983351420524,0.30817438529520996,-0.7260908826079394
173,5,651.60913,737.7415,655.50903,761.52783,657.419,774.4127,0.8793776328341717,653.2700840521575,762.6971938897426,1.0507610051918164,-0.7298391751725148,1.2793607433590468,0.3081216593499221,-0.0704480703381023,0.316072598582844,-0.6070801353190571
174,5,649.3325,737.91,656.81976,758.67957,664.2614,766.9958,21.99955146268877,654.2764664407874,761.7054509870466,1.0063823886299588,-0.9917429026960463,1.4129258640114566,-0.0443786165618576,-0.2619037275235314,0.2656370156786598,-0.7780716838916388
175,5,651.9285,736.12836,656.70917,757.3073,663.8891,769.9473,16.877984570341635,654.9102176468349,760.3822761172349,0.6337512060474637,-1.3231748698116235,1.4671170121253525,-0.37263118258249506,-0.3314319671155772,0.4986994556433061,-1.124119876183718
176,5,668.4252,734.7937,654.4445,757.75116,642.8839,782.1509,5.989001093218861,655.2960092431287,759.31307828129,0.3857915962937568,-1.0691978359449195,1.136670210817625,-0.2479596097537069,0.253977033866704,0.35494830863231275,-1.2245120087541213
186,5,639.25854,729.3958,658.4281,738.1621,672.2699,732.10675,48.20266258743123,656.3123932009661,754.1164350910959,1.0163839578374336,-5.196643190194095,5.295104984411541,0.6305923615436768,-4.127445354249176,4.1753385346281,-1.377649819189165
187,5,641.7951,728.9238,653.67554,732.9727,657.1728,734.32837,2.368685811968315,655.9216909084148,748.5555828098533,-0.39070229255128197,-5.56085228124266,5.574560644141072,-1.4070862503887156,-0.3642090910485649,1.4534579381720674,-1.64094048534233
188,5,647.36145,729.2989,651.7364,734.76733,652.25464,736.78577,24.26087151185208,655.4383152258744,743.9645891784111,-0.4833756825404407,-4.590993631442188,4.616370281337295,-0.09267338998915875,0.9698586498004715,0.9742762225390068,-1.675697651148032
189,5,633.85596,730.8098,653.06415,735.8263,668.421,732.01215,28.584829122001327,655.0621573966198,740.7848876962869,-0.3761578292545664,-3.1797014821241874,3.201873861964625,0.1072178532858743,1.411292149318001,1.4153590352945271,-1.6885487842664093
190,5,632.8711,731.79193,654.2545,740.3448,672.8807,730.18994,50.39912223312834,654.9663844108308,738.8188804493097,-0.09577298578903992,-1.9660072469771421,1.9683386293962706,0.2803848434655265,1.2136942351470452,1.2456602092361941,-1.6194723090618945
191,5,632.58496,735.1288,654.4212,741.9236,673.98914,728.2977,52.13549549988503,655.0482721675083,737.7438113710464,0.08188775667758819,-1.0750690782633683,1.0781832533163072,0.1776607424666281,0.8909381687137738,0.9084790365687292,-1.4947733613983327
192,5,633.20074,736.7205,654.9114,741.9791,674.839,728.1956,48.28637432383727,655.0581213177135,737.2056348569988,0.009849150205127444,-0.5381765140475636,0.5382666309851936,-0.07203860647246074,0.5368925642158047,0.5417039655870317,-1.552497403314879
193,5,669.0551,730.0134,652.8191,741.7599,642.4866,741.0763,39.67018205451621,654.6526510529791,736.8503053026695,-0.4054702647343902,-0.3553295543292734,0.5391337753875345,-0.41531941493951763,0.18284695971829024,0.4537876453848488,-2.422004578875618
194,5,675.53314,728.0799,652.16235,742.0371,632.52954,745.775,20.066365739255595,654.2059030188748,736.6727170368657,-0.44674803410430286,-0.17758826580381992,0.4807508690863362,-0.041277769369912676,0.17774128852545346,0.18247142212095624,-2.763231857546589
195,5,673.45245,728.9171,653.6119,745.3779,639.42365,748.8704,25.85226802657705,653.9967919618366,737.3994577136472,-0.20911105703817157,0.7267406767814464,0.7562271123573765,0.2376369770661313,0.9043289425852663,0.9350305713004868,1.8509661534330952
196,5,676.1216,727.6744,654.6057,743.08984,638.8639,749.56866,13.249971229646016,654.1499171598435,737.8769158339762,0.1531251980069328,0.4774581203290609,0.5014115903455187,0.36223625504510437,-0.2492825564523855,0.4397236602919368,1.2604502172956897
197,5,675.2852,727.4668,655.93207,742.7306,643.8182,750.1677,6.715627679845909,654.4861713572383,737.9959196727642,0.3362541973947373,0.11900383878798948,0.356691461787154,0.18312899938780447,-0.3584542815410714,0.4025241637118251,0.3401541660789642
198,5,668.13135,729.63916,655.197,740.5485,644.05194,741.0532,37.55287162055635,654.7939386103858,738.028340567557,0.3077672531475173,0.0324208947928355,0.30947018681794874,-0.02848694424721998,-0.08658294399515398,0.0911488463087284,0.10495516301051745
199,5,664.8459,730.1015,656.2252,740.50226,653.6143,739.4445,72.40042803346911,655.0352747573772,738.0617159245193,0.24133614699144346,0.03337535696221039,0.24363302382277852,-0.06643110615607384,0.0009544621693748923,0.06643796251505851,0.13742241027234106
200,5,677.0165,727.6782,655.5023,740.93835,642.17224,744.84735,15.303780654311918,655.2156535817355,738.1374996669689,0.18037882435828578,0.07578374244963015,0.19565197646982557,-0.06095732263315767,0.042408385487419764,0.07425810623933574,0.39774408620037943
201,5,678.89606,727.27466,654.80316,741.0006,638.8554,745.3476,14.423489756259048,655.3405488669835,738.297145718225,0.12489528524793059,0.15964605125611797,0.20269606300772838,-0.055483539110355196,0.08386230880648782,0.10055500957468523,0.9069253947787178
202,5,680.7996,726.22076,655.4229,741.1616,637.3638,748.0858,9.510310750467134,655.4357498837521,738.5598781027472,0.09520101676866943,0.2627323845222236,0.2794486347623155,-0.029694268479261154,0.10308633326610561,0.10727787137508385,1.2231621348428876
203,5,681.0196,725.51355,656.5,741.0739,634.78217,745.4849,20.918662049503386,655.608307851107,738.8560012495606,0.17255796735491913,0.2961231468133292,0.34273192173518047,0.0773569505862497,0.0333907622911056,0.08425580579630461,1.0431768762215032
204,5,677.2257,726.9179,657.2832,740.5097,639.2155,740.98975,32.7544199024412,655.9855894752219,739.0935896888315,0.37728162411485755,0.23758843927089401,0.4458583747894884,0.20472365675993842,-0.05853470754243517,0.2129274233729406,0.5619989052014585
205,5,680.4427,724.88007,658.0615,740.41595,636.35913,743.34644,27.076312093550825,656.6949614622706,739.1807179507259,0.7093719870487121,0.08712826189446332,0.7147027004497662,0.3320903629338545,-0.1504601773764307,0.3645850711832373,0.12221239651978087
206,5,667.80554,728.545,660.2006,739.5053,651.0774,736.38904,74.10372309036451,657.803575383851,739.0542436593229,1.1086139215803996,-0.12647429140304212,1.1158048993922611,0.39924193453168755,-0.21360255329750544,0.4527915337810745,-0.11359215952661854
207,5,634.2944,742.3459,662.87,738.6391,684.4345,719.3444,34.429290386611214,659.1377222732592,738.7661568143499,1.3341468894082027,-0.28808684497300874,1.3648963157559204,0.22553296782780308,-0.16161255356996662,0.2774594331584749,-0.21266812785830502
208,5,636.015,742.0099,664.2661,738.09076,685.1088,718.13055,35.863027067102976,660.4634780292151,738.3972305094477,1.3257557559559245,-0.3689263049021747,1.3761304236514202,-0.008391133452278154,-0.08083945992916597,0.081273792837871,-0.2714095311700606
209,5,632.32,737.58136,663.18994,736.2883,685.1495,717.3932,38.31193171625653,661.5469185504389,738.0282378382564,1.0834405212237925,-0.36899267119133583,1.1445518574632607,-0.242315234732132,-6.636628916112386e-05,0.24231524382046743,-0.3282537643994437
211,5,634.3804,733.0431,665.6351,737.24835,687.6004,717.5517,49.54609112381825,663.068517032329,737.5247409235242,1.5215984818901234,-0.5034969147321817,1.60273861974907,0.43815796066633084,-0.1345042435408459,0.45833807394299364,-0.3195589444578991
212,5,635.08685,731.02673,665.7321,737.9991,686.917,718.0418,56.10854198098911,664.1392525724924,737.4302262012039,1.070735540163355,-0.09451472232024116,1.0748988927820997,-0.45086294172676844,0.40898219241194056,0.6087231110550946,-0.08804264170564044
213,5,651.5071,725.94543,664.82214,738.5089,666.9039,722.33344,126.00297969823576,664.8336775676944,737.3983057406342,0.6944249952019845,-0.03192046056972231,0.6951582480013162,-0.3763105449613704,0.06259426175051885,0.381480887926533,-0.04593441656064227
214,5,651.2557,723.96826,663.63495,736.6776,663.99384,721.9001,134.3625616481863,665.4067444688221,737.1358448073042,0.5730669011277314,-0.2624609333299759,0.6303105700308247,-0.12135809407425313,-0.23054047276025358,0.26053156541551065,-0.42948143038641956
215,5,638.15375,727.4406,667.44055,734.4371,689.7747,714.3102,55.46007965130346,666.2751780861606,736.4352356482812,0.8684336173384963,-0.7006091590230881,1.1158091868373663,0.29536671621076493,-0.4381482256931122,0.528408331428596,-0.6788435010707332
216,5,639.43805,726.24164,668.37006,734.4705,690.90625,713.1971,59.22586635468146,667.289577887178,735.677061790636,1.0143998010173618,-0.7581738576451471,1.266425897840291,0.1459661836788655,-0.05756469862205904,0.15690704670352057,-0.6418422707504451
217,5,644.30914,723.5844,668.7936,735.0641,688.46716,713.61365,72.59387096876053,668.1590120036367,735.2512005288199,0.8694341164587058,-0.42586126181606687,0.9681288639318131,-0.144965684558656,0.33231259582908024,0.36255580404431725,-0.4554658949988481
218,5,684.21606,715.2393,666.1149,735.2105,644.4176,720.42865,82.07767508551069,668.5925485672999,734.9965129467964,0.4335365636632105,-0.2546875820235073,0.5028118101933224,-0.43589755279549536,0.1711736797925596,0.4683023651305077,-0.5311516418177129
219,5,681.4523,715.8383,665.4552,734.38403,647.15497,718.0581,90.95642554072808,668.3987997813748,734.6647148789156,-0.19374878592509504,-0.3317980678808681,0.3842246086560899,-0.6272853495883055,-0.0771104858573608,0.6320070702431112,-2.0993202014908494
220,5,673.2939,717.809,664.1955,734.3366,652.91095,716.4457,118.92602639182952,667.7845541348485,734.2099573715609,-0.6142456465263422,-0.4547575073546568,0.7642657291623018,-0.42049686060124714,-0.12295943947378873,0.43810573327818136,-2.504295424240238
221,5,662.8001,718.37585,662.1408,732.4168,657.9643,715.4359,163.49377497961018,667.0561441881523,733.6370002741248,-0.7284099466961607,-0.572957097436074,0.9267474769041858,-0.11416430016981849,-0.11819959008141723,0.16433085689753912,-2.475084640116231
222,5,649.54803,718.81635,664.02264,732.0911,673.3705,715.04034,103.7910791055414,666.5199025017179,732.9506034359993,-0.5362416864344368,-0.6863968381255745,0.8710314378131452,0.19216826026172384,-0.11343974068950047,0.22315289605944788,-2.2339940330062147
223,5,644.5104,719.1038,664.934,731.3471,680.1494,714.0599,79.58857886404543,666.3846089175079,732.199073073386,-0.1352935842099896,-0.7515303626132663,0.763611314647716,0.4009481022244472,-0.06513352448769183,0.4062040825614318,-1.7489126176897642
224,5,637.9079,718.01935,665.58185,730.6272,691.15607,715.8081,54.58364764370742,666.4688324036129,731.6049008697248,0.08422348610497465,-0.5941722036611736,0.6001118255919059,0.21951707031496426,0.1573581589520927,0.2700913444530517,-1.4299851391184384
226,5,693.2392,720.8154,666.22864,730.46234,639.8285,717.282,46.18517177732775,666.2127020682883,730.905308817681,-0.2561303353245421,-0.6995920520438403,0.7450045556614897,-0.34035382142951676,-0.10541984838266671,0.35630614391938265,-1.9217537266936973
227,5,686.28564,722.04486,660.827,728.9544,635.3666,714.0162,45.58560118301696,665.3594896602788,730.113310473371,-0.85321240800954,-0.7919983443099454,1.1641446605002028,-0.5970820726849979,-0.09240629226610508,0.604190304765131,-2.3933847644172412
228,5,676.17914,727.9809,657.9392,728.85693,635.55554,713.1942,37.73169272251139,663.8435376773697,729.3750807420201,-1.5159519829090868,-0.7382297313508843,1.6861475471430107,-0.6627395748995468,0.0537686129590611,0.6649171436183409,-2.6884197595461417
229,5,678.27313,726.6126,658.4794,728.6952,635.5987,713.4885,39.61452292626371,662.2097860787901,728.7974869952671,-1.633751598579579,-0.5775937467529957,1.7328470279137433,-0.11779961567049213,0.16063598459788864,0.19920007279077176,-2.8017691667822375
230,5,675.6277,724.9035,658.931,728.7799,636.9107,712.7429,49.13575211806695,661.0862890346242,728.3467365008797,-1.1234970441659016,-0.450750494387421,1.2105459993077596,0.5102545544136774,0.1268432523655747,0.5257841011009912,-2.7600495537468213
231,5,681.119,723.62915,659.5789,728.43713,635.2607,712.7826,45.35364168206768,660.794102480512,727.9890365266265,-0.2921865541121633,-0.35769997425325073,0.46186822144927486,0.8313104900537382,0.09305052013417026,0.8365019606496007,-2.255726421310938
232,5,692.99066,714.36035,666.6026,728.6695,637.8701,718.90015,47.24770591385928,661.4188251516414,727.6934751490495,0.6247226711293479,-0.2955613775769734,0.6911113830188196,0.9169092252415112,0.0621385966762773,0.9190123679961469,-0.4419036126705617
233,5,691.02185,711.18756,666.6986,728.0094,638.6667,722.7556,45.28285404970826,662.4112252158396,727.4406636797861,0.9924000641982502,-0.25281146926340625,1.0240954674305582,0.36767739306890235,0.042749908313567175,0.37015431921667824,-0.24944191515859482
234,5,687.1867,710.32916,665.792,728.12915,638.6338,724.6416,47.07744616800426,663.1851021864636,727.2140942392476,0.7738769706239736,-0.22656944053846928,0.8063617532150527,-0.21852309357427657,0.026242028724936972,0.22009313141684467,-0.2848124006647965
235,5,684.4768,710.79767,665.4155,728.1002,639.3973,726.7708,45.15605273085397,663.6412115263533,726.9972589478455,0.45610933988973557,-0.2168352914021625,0.50502799282031,-0.3177676307342381,0.009734149136306769,0.31791668846076476,-0.4437762794467968
236,5,680.8565,711.025,665.015,727.6583,638.9095,726.23065,49.52702760979578,663.8192806491759,726.7736499259906,0.17806912282253506,-0.223609021854827,0.2858489236601383,-0.2780402170672005,-0.006773730452664495,0.27812271703516295,-0.8982902194197285
237,5,678.82605,712.3232,663.4667,726.9852,638.8782,725.5643,46.9768103532086,663.8279688224279,726.5267592940946,0.008688173252039633,-0.24689063189600802,0.24704345462381228,-0.16938094957049543,-0.02328161004118101,0.1709735050921994,-1.5356204698618803
238,5,676.4714,714.4865,663.2626,726.35547,638.0734,724.0451,47.18227115896316,663.7931682770633,726.2400791725687,-0.034800545364646496,-0.2866801215259329,0.28878464300547646,-0.04348871861668613,-0.0397894896299249,0.05894465312419103,-1.6915968259454173
239,5,675.4882,714.5011,663.4104,725.69305,638.78174,724.5836,45.39907159643308,663.8050122753043,725.9034287785393,0.01184399824103366,-0.33665039402944785,0.3368586767392464,0.046644543605680155,-0.049970272503514934,0.06835745447467846,-1.5356289383734871
240,5,674.23865,714.30365,664.4879,725.2658,639.59454,724.93744,49.1029686404548,663.8105982044485,725.5319357159925,0.005585929144217516,-0.3714930625467332,0.3715350563873553,-0.006258069096816143,-0.03484266851728535,0.03540021155623159,-1.5557610306282372
241,5,672.31305,716.34546,663.1831,724.9748,638.45233,722.4274,49.26627799310342,663.7212644830619,725.1470546856301,-0.08933372138665163,-0.38488103036240773,0.3951125425870666,-0.09491965053086915,-0.013387967815674529,0.09585915573974071,-1.7988652765378494
242,5,672.1772,714.97284,662.16974,724.94104,638.91455,723.12506,49.35255148893131,663.4483495297102,724.7702403881538,-0.2729149533516875,-0.37681429747635775,0.4652650712718018,-0.18358123196503584,0.008066732886049977,0.18375837643289947,-2.197625272482554
243,5,673.6218,712.6879,660.9182,724.8599,639.3453,724.2441,45.41090306707368,662.9477545987488,724.4229475242647,-0.5005949309613698,-0.347292863889038,0.6092681004389352,-0.22767997760968228,0.029521433587319734,0.22958590384733107,-2.535066729118542
244,5,672.87866,712.3519,661.3616,724.48004,640.0826,723.3225,49.59397517891979,662.3536322876896,724.1266307946645,-0.5941223110592091,-0.29631672960022115,0.6639163537218421,-0.09352738009783934,0.050976134288816866,0.10651730889858796,-2.6789479343367817
245,5,640.23346,724.1996,660.74396,724.17267,673.0948,710.6092,47.603980795919874,661.8446980298332,723.9027449000548,-0.5089342578563674,-0.22388589460967978,0.5560026732174838,0.08518805320284173,0.07243083499054137,0.1118178441301621,-2.7271601543271924
246,5,642.19116,724.61505,660.9764,724.4358,673.58514,709.8978,48.51818959869368,661.599667258481,723.7727445411374,-0.24503077135227613,-0.1300003589174139,0.27738091540001064,0.26390348650409123,0.09388553569226588,0.2801063083924366,-2.65380706907724
247,5,642.492,721.54395,661.2102,724.2101,672.01825,711.746,57.17678450576038,661.5429006210003,723.7047100045338,-0.05676663748067767,-0.06803453660359082,0.08860671138084304,0.18826413387159846,0.06196582231382308,0.19819976598737812,-2.2661518239046194
248,5,639.58813,721.602,658.8412,723.7767,672.58124,711.5183,48.18254926987875,660.5813396210254,723.4532239205487,-0.9615609999748358,-0.25148608398512806,0.993903821861442,-0.9047943624941581,-0.18345154738153724,0.9232049115109227,-2.8857832135278025
249,5,627.78894,710.90845,649.68787,721.745,667.2269,726.1817,12.13237122231118,657.7805471918849,722.8111215089876,-2.800792429140529,-0.6421024115610408,2.873453277515298,-1.839231429165693,-0.3906163275759127,1.8802535375315135,-2.9162296628274764
250,5,618.94867,707.3784,641.1305,719.8328,659.8404,725.0207,13.815276287858396,653.8579911294181,721.9377460039827,-3.9225560624668105,-0.8733755050049012,4.018610560372539,-1.1217636333262817,-0.2312730934438605,1.1453562296527982,-2.92251162890425
251,5,616.9442,707.3517,639.2961,719.25507,658.5722,723.1386,16.646471342032573,649.7879754622563,721.0437353407534,-4.070015667161783,-0.8940106632293237,4.167047227583353,-0.14745960469497277,-0.020635158224422412,0.14889642296490732,-2.9253687798475365
252,5,615.2168,707.6317,637.7392,718.9134,658.3495,721.1468,20.4220854853589,645.9202442876898,720.1783982445471,-3.8677311745665293,-0.8653370962063036,3.9633511992737334,0.20228449259525405,0.02867356702302004,0.20430660633063977,-2.9214849799130307
253,5,613.88855,706.92456,636.17804,718.21344,656.8312,720.766,19.81515638963108,642.3852040184178,719.3503503742523,-3.535040269272031,-0.8280478702947676,3.630726233258929,0.3326909052944984,0.03728922591153605,0.3347741400328802,-2.911501030439196
254,5,612.68677,705.879,633.78503,717.59515,653.16614,720.86115,19.47865670407728,639.0604702601172,718.5667643332993,-3.3247337583005674,-0.7835860409530824,3.4158251780733657,0.21030651097146347,0.04446182934168519,0.21495507164381913,-2.9101327343750785
255,5,611.4543,705.32916,631.6596,717.32056,650.05597,721.0195,19.31941008877985,635.7986483570877,717.8163532147744,-3.2618219030294995,-0.7504111185248803,3.3470283796061167,0.0629118552710679,0.03317492242820208,0.07112297105552481,-2.9154683373676016
256,5,611.11804,704.5237,630.0037,716.61975,647.10315,721.01874,18.212070662144367,632.6050934151413,717.0154351258459,-3.193554941946445,-0.8009180889284835,3.2924554594410864,0.06826696108305441,-0.05050697040360319,0.08491956214480685,-2.895868700654382
257,5,610.42236,703.3319,627.5043,714.5448,644.5697,720.5377,13.931752768283657,629.8033819389201,716.1720842315151,-2.8017114762211577,-0.843350894330797,2.92588925404874,0.3918434657252874,-0.042432805402313534,0.39413429767772695,-2.849206983904927
260,5,610.0852,703.28314,626.3436,714.9108,643.8836,720.87634,16.7878964489603,626.9152079151157,715.00306919524,-2.8881740238043676,-1.169015036275141,3.115789682699344,-0.08646254758320993,-0.325664141944344,0.33694644304833477,-2.756990254173959
261,5,609.93994,702.89777,625.87866,714.37476,643.36426,720.54803,16.310968126640393,625.1552527831589,714.6376495949658,-1.7599551319568718,-0.3654196002742083,1.7974909042234102,1.1282188918474958,0.8035954360009328,1.3851510721517422,-2.936871372202732
262,5,608.93506,703.44006,625.49615,714.37317,643.07074,720.5142,14.170693546862328,623.1381411770574,714.1788852994707,-2.01711160610148,-0.45876429549502973,2.068623675367355,-0.2571564741446082,-0.09334469522082145,0.27357391016022453,-2.9179605686847494
263,5,607.46686,703.94525,625.0725,714.7053,642.89996,720.5823,13.1868708576836,621.6193162733099,713.6554721840873,-1.5188249037474861,-0.5234131153833914,1.606483855380722,0.49828670235399386,-0.06464881988836169,0.5024630410843921,-2.809721268051995
264,5,604.7395,702.76263,623.0026,713.70984,641.60474,719.9095,12.507129749635464,620.3881730097337,713.0961061241479,-1.2311432635762003,-0.559366059939407,1.3522588969798623,0.28768164017128584,-0.03595294455601561,0.2899195411038882,-2.715129772229738
265,5,602.7694,702.188,621.72577,712.90985,640.1787,719.2028,10.66202642737397,619.0885496930707,712.528745716748,-1.2996233166629736,-0.5673604073999741,1.4180686150885409,-0.0684800530867733,-0.007994347460567042,0.06894510324952428,-2.729973502189691
266,5,602.12085,701.73303,620.4679,712.1589,638.19385,718.3713,10.293729553879064,617.7481063444433,711.9784004460338,-1.3404433486274456,-0.5503452707141605,1.4490232185430993,-0.04082003196447204,0.01701513668581356,0.044224313290512914,-2.7520079025336965
267,5,601.67456,701.17676,618.97455,711.47424,636.06104,717.6603,10.859967925494647,616.4904584135687,711.4693425179148,-1.2576479308745547,-0.5090579281189775,1.3567675896091544,0.0827954177528909,0.04128734259518296,0.09251878652169909,-2.756981136737752
268,5,601.13464,701.0878,618.11304,711.3489,635.0499,717.53033,11.096486881777777,615.4392213501648,711.0258441383,-1.0512370634039598,-0.44349837961476624,1.1409601992160394,0.2064108674705949,0.0655595485042113,0.21657216028390983,-2.7423656308820505
269,5,600.72437,700.91437,617.9103,711.4693,635.0621,717.8043,11.284913138831032,614.6829853494667,710.6663351909343,-0.7562360006980953,-0.35950894736572536,0.8373407741104343,0.29500106270586457,0.08398943224904087,0.30672439049919986,-2.697824094793411
270,5,600.6677,700.80853,617.8803,711.4273,635.38696,717.64545,12.116827248811836,614.1702395887821,710.385876270904,-0.5127457606845383,-0.28045892003035533,0.5844359853093912,0.243490240013557,0.07905002733537003,0.2560007886776569,-2.641075154525496
271,5,600.69446,700.73804,617.81635,711.2868,635.5246,717.3313,12.790444790878352,613.8144479909369,710.1736856511307,-0.35579159784526837,-0.21219061977330966,0.41426141531292826,0.15695416283926988,0.06826830025704567,0.1711583186776564,-2.6038316506027104
272,5,600.00085,700.60223,617.47345,711.02826,635.19684,716.948,12.355131580363125,613.5319373858707,710.016339870548,-0.2825106050661361,-0.15734578058265924,0.3233727518545752,0.07328099277913225,0.05484483919065042,0.09153174470391973,-2.6334251639665074
273,5,598.2269,700.9381,616.48584,711.1116,634.46185,716.7221,11.791807768710123,613.2504862319821,709.8898485321372,-0.28145115388861086,-0.1264913384108013,0.3085689723841112,0.0010594511775252613,0.030854442171857954,0.0308726260388404,-2.7192165468519693
274,5,596.2109,700.90936,615.40295,710.8415,633.5471,716.64703,9.619117633973268,612.9007358947835,709.7675795048918,-0.3497503371986568,-0.12226902724535194,0.3705064282763509,-0.06829918331004592,0.004222311165449355,0.06842957220673773,-2.8052836290848386
275,5,593.99585,700.14136,613.9718,710.34906,632.49493,716.4549,8.823052258230923,612.4133277397868,709.6229006578047,-0.48740815499661494,-0.144678847087107,0.5084276530162956,-0.13765781779795816,-0.022409819841755052,0.13946997822555135,-2.853043848411047
276,5,592.7519,699.64856,612.6057,709.8958,630.76465,716.2743,7.945568518403281,611.7461742914361,709.4373384153456,-0.6671534483507457,-0.18556224245912745,0.6924789307067408,-0.1797452933541308,-0.04088339537202046,0.184336167097256,-2.870309305923126
277,5,592.5591,699.1196,611.75775,709.58966,629.44055,716.13495,8.293868132991829,610.9662727098984,709.2250534238899,-0.7799015815377288,-0.21228499145570368,0.8082768056070884,-0.11274813318698307,-0.02672274899657623,0.11587168269721333,-2.8758364758690402
278,5,591.7738,698.37024,610.55695,709.08545,628.0289,715.585,9.298172176540392,610.1678913142724,709.0083648852888,-0.7983813956259382,-0.21668853860114723,0.8272646345896346,-0.018479814088209423,-0.004403547145443554,0.01899723022434922,-2.8765672728380474
279,5,591.8037,698.42365,609.73267,708.79535,627.55634,714.8934,11.161526622156495,609.4452984236564,708.8095920013932,-0.7225928906160561,-0.1987728838955718,0.7494338829683578,0.0757885050098821,0.017915654705575434,0.077877263531549,-2.8731494551538614
280,5,592.1051,698.40674,609.83606,709.2545,627.92633,715.22546,13.192049511976366,608.8675669866249,708.6453433583927,-0.5777314370315025,-0.16424864300051922,0.6006256988025046,0.1448614535845536,0.03452424089505257,0.14891864874490837,-2.8646016775406267
281,5,592.4154,698.266,609.81384,709.1019,628.1651,715.2159,13.488953324056505,608.4029884696567,708.5093850798257,-0.4645785169681176,-0.13595827856693177,0.4840638924141925,0.11315292006338495,0.028290364433587456,0.11663587800782388,-2.8568937821387177
282,5,591.93896,697.6506,609.05273,709.02905,627.97375,715.0991,15.832053676747206,607.9946589687071,708.3897726735692,-0.40832950094966236,-0.11961240625657865,0.4254880833540337,0.05624901601845522,0.016345872310353116,0.058575928030469994,-2.8566336472388683
283,5,591.7503,697.27856,608.6972,708.89026,627.7575,715.19745,16.10847535689185,607.5856745797312,708.274561647499,-0.4089843889759095,-0.115211026070142,0.4249021192629344,-0.0006548880262471357,0.004401380186436654,0.004449834364611679,-2.8670079576135667
284,5,590.9856,697.24304,608.26666,708.73773,627.6168,715.1484,15.300442019554644,607.1327076993505,708.1518075094915,-0.4529668803806999,-0.12275413800750812,0.4693054156088438,-0.04398249140479038,-0.00754311193736612,0.04462463543685365,-2.876948767308617
285,5,589.5998,696.9063,607.5504,708.3254,627.111,715.03033,13.541355533656352,606.6467359268536,708.0095657674234,-0.48597177249689594,-0.14224174206810858,0.5063608168592284,-0.03300489211619606,-0.01948760406060046,0.03832870485190534,-2.8568506508199
286,5,587.49524,695.7337,606.15643,707.55444,626.0542,714.92554,12.024705101922825,606.1523131621954,707.835891929171,-0.4944227646582249,-0.17367383825239813,0.5240386171892322,-0.00845099216132894,-0.03143209618428955,0.03254836307787648,-2.8037905635738958
287,5,586.8008,695.4758,605.82733,707.0621,625.1599,714.95575,9.128753806764294,605.673993305331,707.6188415026104,-0.47831985686434564,-0.21705042656060414,0.5252625754238239,0.01610290779387924,-0.04337658830820601,0.04626912634444021,-2.7156024281206035
288,5,586.42633,695.992,605.8259,707.03546,624.0757,715.0803,5.862338649018676,605.2301743666283,707.3510015952689,-0.4438189387027478,-0.2678399073414539,0.5183757964217774,0.03450091816159784,-0.05078948078084977,0.06139938690232648,-2.5986115617301704
289,5,585.8339,696.68726,605.66266,706.92957,622.673,715.0635,1.7620309141946435,604.8146307981049,707.043085713276,-0.4155435685233897,-0.3079158819929262,0.5171930468641615,0.028275370179358106,-0.04007597465147228,0.04904671551740424,-2.5038794266155797
290,5,585.86,697.3561,605.2954,706.5171,620.71423,714.0733,0.8706561481588345,604.4149811621921,706.7103389624117,-0.3996496359127377,-0.3327467508643167,0.5200386828842095,0.015893932610651973,-0.02483086887139052,0.02948201388542067,-2.4472895902467933
291,5,586.02325,697.55994,604.8224,705.9694,618.18555,712.8316,3.080640997818139,604.0188440213207,706.3680064484563,-0.396137140871474,-0.3423325139553981,0.5235610608982002,0.003512495041263719,-0.00958576309108139,0.010209038909380278,-2.428925605026544
292,5,586.08826,697.9048,603.9346,705.56946,616.49915,712.3348,5.057258618052434,603.6138379379214,706.0313332771897,-0.4050060833992575,-0.3366731712666251,0.5266675914095461,-0.008868942527783474,0.005659342688772995,0.010520755734741429,-2.4480678222530408
293,5,590.51917,701.7879,602.8797,705.2876,612.35254,709.12024,6.2193052781548674,603.187581474425,705.7155645543924,-0.4262564634964292,-0.3157687227973156,0.5304756912145274,-0.02125038009717173,0.0209044484693095,0.029808968785925632,-2.504008721076407
294,5,588.3289,700.6791,602.71564,705.5544,614.30945,710.1172,2.7620834602269944,602.7276931932627,705.4359453858443,-0.45988828116230707,-0.27961916854803803,0.5382231048272801,-0.03363181766587786,0.03614955424927757,0.04937498791830046,-2.595300294208327
295,5,585.7516,697.851,602.2746,705.4071,615.5107,711.93066,1.6617748827970182,602.2217916568646,705.2077208773256,-0.5059015363980279,-0.2282245085186787,0.5549980097428077,-0.04601325523572086,0.05139466002935933,0.06898282929049097,-2.7178040994969397
296,5,585.4842,697.75024,601.6623,705.78815,615.7652,711.9207,2.9184622413431125,601.663302210362,705.0385527685263,-0.5584894465026764,-0.1691681087993402,0.5835480364885236,-0.05258791010464847,0.059056399719338515,0.07907684007966476,-2.8474747217226337
297,5,593.12463,702.78754,600.88336,705.69727,609.47974,707.8169,6.706129885001076,601.0688773296837,704.9057693347753,-0.5944248806782753,-0.1327834337510012,0.6090750192284102,-0.03593543417559886,0.03638467504833898,0.051139026269200895,-2.9218193963491785
298,5,591.1017,701.3039,600.38763,704.7566,606.7246,709.01105,13.48010740162566,600.4609762734588,704.7791154853111,-0.6079010562249323,-0.1266538494642191,0.6209548226268102,-0.013476175546657032,0.006129584286782119,0.014804698946384665,-2.9361849733068044
299,5,597.2543,704.11383,599.51184,704.47504,599.8072,707.13763,74.58017590808798,599.8620583003166,704.6283361293722,-0.5989179731421927,-0.15077935593888014,0.6176059850180339,0.00898308308273954,-0.02412550647466105,0.025743656390076246,-2.894964853528235
300,5,592.64526,704.0743,598.22736,703.901,602.29425,708.5618,50.67105552833081,599.2666429273415,704.4231761761978,-0.595415372975026,-0.20515995317441593,0.6297698569807211,0.0035026001671667473,-0.05438059723553579,0.0544932799859267,-2.809766902621163
302,5,571.62335,698.0928,594.6444,702.7534,614.4961,714.10815,18.32369906102377,597.5894224439809,703.7286941150961,-1.6772204833606565,-0.6944820611016667,1.8153164691029973,-1.0818051103856305,-0.4893221079272507,1.1873240594558985,-2.7490184699250246
303,5,572.3469,697.88934,593.31323,702.32654,612.3098,713.1299,17.677402200697014,596.2172589523227,703.1788618256463,-1.3721634916581706,-0.549832289449796,1.4782246765499305,0.3050569917024859,0.14464977165187065,0.3376141653211679,-2.7604789686139473
0,6,656.7215,771.66986,648.8617,778.44336,635.7678,783.15936,20.947003815090607,648.8418208864058,778.4159342037018,,,,,,,
1,6,659.23865,768.24994,651.1201,777.4282,634.63055,782.465,31.52054479538188,650.9324097074535,777.5978618948312,2.0905888210477315,-0.818072308870569,2.244950761426755,,,,-0.3729942815757546
2,6,665.25775,763.12616,652.27264,777.0477,631.8042,785.8762,23.661729694825347,652.173303670696,777.0334640776015,1.2408939632424563,-0.5643978172297466,1.3632177830798984,-0.8496948578052752,0.25367449164082245,0.8867536856929079,-0.42686463587162043
3,6,666.2919,762.098,652.2227,776.83856,631.6521,786.4384,21.317573554518656,652.7880783156412,776.6555125965622,0.6147746449452143,-0.37795148103930387,0.7216614068157708,-0.626119318297242,0.1864463361904427,0.653289856819959,-0.5512167068376095
4,6,665.378,762.46265,652.3047,776.643,631.82983,786.1595,22.39762058004116,653.0003091817978,776.3967792962637,0.21223086615657394,-0.2587333002984451,0.33464139198983583,-0.40254377878864034,0.11921818074085877,0.4198267124190621,-0.883817942468258
5,6,664.93945,762.99896,652.42413,776.35876,632.0049,785.7705,22.1231443714086,653.033571808675,776.1900360212569,0.03326262687721737,-0.2067432750068292,0.20940196777328143,-0.17896823927935657,0.05199002529161589,0.18636682483901443,-1.411274808628664
6,6,663.6608,764.7353,652.28687,776.09924,633.12756,783.5583,23.70296600412784,653.0717670510091,775.9795872203496,0.0381952423341545,-0.21044880090732931,0.21388682600921805,0.004932615456937128,-0.0037055259005001062,0.006169409813368877,-1.3912564336408957
7,6,665.99725,762.70905,652.6762,775.8096,632.58246,784.4306,21.300507396205848,653.14009702445,775.7558677593818,0.06832997344088199,-0.22371946096779993,0.23392174436369653,0.030134731106727486,-0.013270660060470618,0.03292738127023374,-1.2743680605345105
8,6,667.0909,761.39795,652.8974,775.7288,632.1606,785.51953,20.00204756276718,653.224089159875,775.5208451084513,0.08399213542497819,-0.23502265093043206,0.24958029822807648,0.0156621619840962,-0.011303189962632132,0.019314901536052833,-1.227563064773462
9,6,666.9924,760.6804,652.47003,775.37354,631.54663,785.64343,19.19158006770397,653.3092708881616,775.2764867376558,0.08518172828655679,-0.24435837079556677,0.258779713678929,0.0011895928615786033,-0.009335719865134706,0.009411205904483737,-1.23537510493934
10,6,664.0325,763.3974,652.7193,775.6437,633.1461,783.1501,26.28602607717354,653.3811696401881,775.0247601170936,0.07189875202652729,-0.25172662056218087,0.2617932811258307,-0.0132829762600295,-0.007368249766614099,0.015189751905403722,-1.2925816556228327
11,6,665.71387,761.65497,653.0208,775.7803,632.64685,784.6598,24.508166368379964,653.1995483070181,775.3418277334705,-0.18162133317002827,0.31706761637690306,0.36540139848855174,-0.25352008519655556,0.5687942369390839,0.6227353511510195,2.090987556037996
12,6,659.48334,770.1457,648.2361,784.6844,632.83655,793.7912,21.675398248142432,652.1387977594346,777.7380026515784,-1.0607505475834387,2.3961749181079313,2.62046674513685,-0.8791292144134104,2.079107301731028,2.257333681081824,1.987550419652274
13,6,661.2945,768.8856,648.22266,785.5085,632.6469,795.035,20.36837399100624,651.0807957068661,779.854418369249,-1.058002052568554,2.1164157176705203,2.3661326744800464,0.002748495014884611,-0.279759200437411,0.27977270140995947,2.0343661385009058
14,6,661.273,769.69025,648.2896,785.21906,632.8268,794.36884,19.48753416129368,650.142658497832,781.7222276165174,-0.9381372090340392,1.8678092472684966,2.090170521071399,0.11986484353451488,-0.24860647040202366,0.27599412646160787,2.0362551476090376
15,6,659.793,771.3681,647.69684,785.61505,632.8946,793.9541,20.272156224161236,649.374110142825,783.2760274583206,-0.7685483550070558,1.5537998418031975,1.7334821955738955,0.16958885402698343,-0.3140094054652991,0.35687853133924446,2.0301347535262284
16,6,658.2969,772.3823,647.97766,785.5508,635.4658,793.47656,19.5639223982241,648.8533468897123,784.2798960174009,-0.5207632531127047,1.0038685590802743,1.1309051462003492,0.2477851018943511,-0.5499312827229232,0.6031764853159262,2.0493362267366644
17,6,659.9296,771.4032,648.0885,785.6052,634.7543,793.2411,20.382214149840863,648.5023530964615,784.9195346826442,-0.3509937932507228,0.6396386652432966,0.7296124073607556,0.1697694598619819,-0.3642298938369777,0.4018520686351199,2.07266981671653
18,6,662.48975,769.757,648.14264,784.9916,632.1687,793.89545,17.583092541873402,648.2040601485638,785.4860506594719,-0.2982929478977212,0.5665159768276453,0.6402491973962121,0.05270084535300157,-0.07312268841565128,0.09013493585759857,2.055449296821579
19,6,663.8856,767.37427,648.57446,784.57056,632.81616,794.83246,15.246498264774608,647.8413994315109,786.2705511533056,-0.36266071705290415,0.7845004938337752,0.8642706870643964,-0.06436776915518294,0.21798451700612986,0.22728937361964516,2.003817167595051
23,6,612.27734,815.51636,637.40857,809.74255,639.2505,788.1063,72.19511888235476,645.335333354402,791.9179536653478,-2.506066077108926,5.647402512042163,6.17847249049927,-2.143405360056022,4.862902018208388,5.3143205187692715,1.9884452276154383
26,6,628.73486,807.8529,632.7643,814.0155,619.3199,807.7369,148.2115876981412,641.9446100371138,798.0758071316463,-3.3907233172882343,6.157853466298548,7.029663144618465,-0.8846572401793082,0.5104509542563846,1.0213611551762305,2.074126142675896
27,6,615.3395,815.26196,633.65643,813.2529,634.29236,797.7701,81.38874522705093,639.4445977096013,802.9100857557935,-2.5000123275124224,4.834278624147146,5.442454543089919,0.8907109897758119,-1.3235748421514018,1.5953734453360802,2.048063924641769
28,6,630.9705,799.796,633.5396,812.8571,616.5447,814.2969,96.2855456413683,637.14808925478,806.9791291024939,-2.296508454821378,4.069043346700369,4.672372506595831,0.2035038726910443,-0.7652352774467772,0.7918325934497134,2.0846168281929565
29,6,646.8956,792.0128,633.73096,811.013,611.7027,821.24963,30.35853123927448,635.4115992379584,809.793357708849,-1.7364900168215627,2.8142286063551865,3.306853523721425,0.5600184379998154,-1.2548147403451821,1.3741108701583362,2.1236506965358735
30,6,648.8264,793.34924,634.3849,810.8218,614.08606,823.25476,18.937965029761017,634.2899158133074,812.0525713317776,-1.1216834246509961,2.2592136229285416,2.5223441278229055,0.6148065921705665,-0.5550149834266449,0.8282685419623663,2.031634286685346
31,6,633.5183,800.3191,636.84436,812.6379,618.9356,811.3842,109.11381033845804,633.5883077170979,814.077113656449,-0.7016080962094975,2.0245423246714154,2.1426678569140516,0.42007532844149864,-0.23467129825712618,0.4811796959462421,1.9043956519089271
32,6,612.9314,816.274,635.043,815.01996,635.7403,793.084,84.93341903109115,633.0496638311263,816.0486017795129,-0.5386438859716236,1.971488123063864,2.043747209240049,0.16296421023787389,-0.05305420160755148,0.17138285248725638,1.837504055226423
33,6,626.6974,800.4082,633.1802,815.58563,617.18005,810.62427,130.35672275688722,632.4441520593914,818.0262220461775,-0.6055117717348821,1.977620266664644,2.068242351571076,-0.06686788576325853,0.006132143600780182,0.06714847229527103,1.8679150068131853
34,6,613.11554,812.96295,633.643,816.39264,634.1866,794.26135,98.07825953459307,631.6510563947058,819.5794377958825,-0.793095664685552,1.553215749705032,1.7439839157729586,-0.1875838929506699,-0.424404516959612,0.464011757297431,2.0429000363163
35,6,618.5946,806.2655,632.15063,815.99506,624.2288,801.17505,153.79414918630394,630.7689247993741,820.2597732276502,-0.8821315953317708,0.6803354317676167,1.114007383817991,-0.08903593064621873,-0.8728803179374154,0.8774095089458295,2.4846357627547753
36,6,626.5682,796.6869,631.9479,813.3866,616.16266,804.58923,136.9876478468726,630.6642450248578,820.0367189845978,-0.10467977451628485,-0.2230542430523883,0.24639612524642945,0.7774518208154859,-0.903389674820005,1.1918658642065008,-2.009585248739252
37,6,616.14716,799.4907,640.3535,807.6146,638.20746,787.0466,114.50892833302623,631.923126086073,818.9842573208672,1.2588810612152201,-1.0524616637305826,1.640870829745262,1.363560835731505,-0.8294074206781943,1.5959996310202755,-0.6963273291954573
38,6,614.2263,801.1194,641.7985,805.141,644.34875,782.16595,91.9645778647143,633.5548502940337,817.1952534623988,1.6317242079607013,-1.7890038584683907,2.4213753728944565,0.37284314674548114,-0.7365421947378081,0.8255340191077892,-0.8313442185450366
39,6,614.98846,801.7438,642.63824,803.60834,646.15186,780.1254,85.34819604723357,635.346848401667,814.8381045223315,1.791998107633276,-2.3571489400673045,2.9609809765382926,0.16027389967257477,-0.5681450815989137,0.5903190295605343,-0.9207739809257064
40,6,615.11914,801.26465,643.47034,802.8478,648.0003,779.1854,82.35838759554504,637.3643014740567,812.115724472537,2.017453072389685,-2.7223800497945376,3.388431795803759,0.22545496475640903,-0.36523110972723316,0.4292128896548889,-0.9330399637146476
41,6,614.10785,799.28143,647.9014,797.5415,657.41797,768.3624,68.98926136322135,639.5328796991677,809.2935628326218,2.1685782251109913,-2.82216163991518,3.5591189696657057,0.15112515272130622,-0.09978159012064225,0.18109438840572056,-0.9156163330280309
42,6,614.654,799.24615,647.1224,797.87695,656.2756,769.49286,69.71196785604123,641.6637907736671,806.6527030091271,2.1309110744994086,-2.6408598234946794,3.393364497776885,-0.037667150611582656,0.18130181642050047,0.18517333196918098,-0.8918619115547407
43,6,615.4223,798.3743,646.19226,798.58923,654.66077,771.2767,73.17364039734241,643.2499033061498,804.4742284085941,1.5861125324827299,-2.178474600533036,2.694717898197574,-0.5447985420166788,0.4623852229616432,0.7145666839398458,-0.9414696194716603
44,6,615.62476,796.51166,643.83746,800.1656,652.35583,773.2412,79.82310611271015,643.9040759404518,802.9515663298354,0.6541726343019718,-1.5226620787586853,1.6572391624503997,-0.9319398981807581,0.6558125217743509,1.1395622131051886,-1.1650153823349934
45,6,615.79913,795.474,642.2344,801.6512,649.6992,776.401,86.68290667122328,644.0374665494425,801.927519640751,0.13339060899068045,-1.0240466890843436,1.0326977660436334,-0.5207820253112914,0.4986153896743417,0.7209932209857636,-1.441267296832202
46,6,616.14404,793.6472,642.0557,801.0004,650.69006,778.1047,85.18064125029366,644.26080781325,801.1572351015124,0.22334126380758335,-0.7702845392386735,0.8020097203334284,0.0899506548169029,0.25376214984567014,0.2692328898858495,-1.2885883059252081
48,6,615.257,791.71704,650.9756,797.578,660.6161,772.65283,78.17310485781478,646.0963381315612,799.7062681285336,1.8355303183111573,-1.4509669729787902,2.339759967628024,1.612189054503574,-0.6806824337401167,1.7499948922964021,-0.6689147360894949
50,6,614.4289,789.9522,649.83875,796.92053,660.8226,772.4333,76.97424509385057,647.6768538650724,798.1784825686443,1.5805157335112199,-1.527785559889253,2.1982171641770583,-0.25501458479993744,-0.07681858691046273,0.2663335010012913,-0.7684354847013525
51,6,612.61957,790.8741,645.05237,796.3451,654.3356,775.5079,75.56146055273547,647.5533470861848,797.3846622174468,-0.12350677888764494,-0.7938203511974962,0.8033708199869584,-1.7040225123988648,0.7339652086917567,1.855369949722177,-1.7251441460191834
52,6,612.2325,794.25287,641.88495,798.26935,650.7431,778.69745,73.36257284655089,647.0439034899085,796.7335949530257,-0.5094435962762418,-0.6510672644211581,0.8266930268169199,-0.38593681738859686,0.14275308677633802,0.4114920057549258,-2.2347593219197566
53,6,611.7569,794.80273,643.19055,799.30396,652.36554,779.92126,72.81821476721498,646.5907768862003,796.4153520656296,-0.45312660370825597,-0.31824288739608164,0.5537167636674674,0.056316992567985835,0.3328243770250765,0.3375554318834654,-2.529306888623862
54,6,612.7697,795.0285,645.104,799.8483,652.0128,778.996,80.14712195901417,646.5004618395612,796.542102881415,-0.09031504663903434,0.12675081578538538,0.1556360400153886,0.36281155706922164,0.444993703181467,0.5741529602938129,2.18988901865808
55,6,613.0754,795.46313,644.70013,800.594,650.35986,779.9672,83.87185286160779,646.5364159326712,796.9144088701671,0.035954093109921814,0.3723059887521458,0.3740380275748308,0.12626913974895615,0.24555517296676044,0.27611816061910355,1.4745235139177781
56,6,613.37683,795.9399,644.96344,800.33704,650.6952,779.645,82.44229411639161,646.3941951134032,797.301159372197,-0.14222081926800456,0.38675050202994044,0.412071246574756,-0.17817491237792638,0.014444513277794613,0.17875945671408303,1.923180522682735
57,6,615.61395,796.0218,643.83295,799.57983,647.24316,779.63306,87.48450221572215,646.0407857722255,797.6561630662884,-0.35340934117766665,0.35500369409135146,0.5009249297550864,-0.21118852190966209,-0.03174680793858897,0.2135613532469709,2.3539438960581096
58,6,616.95807,796.9302,643.14465,801.12897,646.1675,781.5315,90.3408170835865,645.544779052757,797.9794584658443,-0.4960067194684825,0.32329539955594555,0.5920663654793475,-0.14259737829081587,-0.03170829453540591,0.14608021165701432,2.563955614642623
59,6,619.7236,796.06134,642.9468,801.1648,644.17633,782.33044,98.65900892006928,645.0697912460031,798.2710840842669,-0.4749878067539157,0.29162561842258583,0.5573678479112791,0.021018912714566795,-0.03166978113335972,0.038010126660371506,2.5909684150337524
87,6,660.64923,771.94183,651.64197,777.9574,633.4964,783.78687,15.927049187217785,646.5670216773506,793.7350346739833,1.4972304313474751,-4.536049410283681,4.7767607452213765,1.9722182381013909,-4.827675028706267,5.214987148737167,-1.2519823415321152
90,6,659.26965,772.5715,654.1326,778.00397,637.78815,780.4293,38.16077306487953,648.4798479520996,789.5529872538907,1.9128262747490226,-4.182047420092545,4.598741673683458,0.4155958434015474,0.35400199019113643,0.5459279385705855,-1.1418139738222262
91,6,661.12714,772.30316,654.78534,778.6436,636.83386,781.46606,36.05866318563247,650.1193549886394,786.328603437594,1.6395070365398396,-3.224383816296722,3.6172689031450043,-0.2733192382091829,0.9576636037958224,0.9959030997092286,-1.1003945670886035
92,6,664.60925,770.17303,653.4685,780.8455,634.0198,786.3571,27.947969378145928,651.4208073976664,783.860372326475,1.3014524090269788,-2.4682311111189392,2.7903303013904215,-0.33805462751286086,0.756152705177783,0.8282800521143427,-1.085562531292695
93,6,670.43335,768.3847,652.91425,779.8866,632.3601,787.9991,11.74767486063803,652.3268183288325,781.8325842612003,0.9060109311660653,-2.0277880652747626,2.220986322574537,-0.39544147786091344,0.4404430458441766,0.5919155674970196,-1.15060867104809
94,6,668.0982,767.93414,653.9036,778.36774,633.7168,783.76447,21.350025332251025,653.059533846354,779.7971426734601,0.7327155175215694,-2.035441587740138,2.1633063783752395,-0.17329541364449597,-0.0076535224653753176,0.1734643386876535,-1.2252596457010478
96,6,631.77704,788.0971,658.1365,777.68085,661.8876,759.92413,56.50959097744034,654.9157139366653,777.9905260804123,1.856180090311227,-1.8066165930478064,2.590225480907687,1.1234645727896577,0.22882499469233153,1.146531083097791,-0.7718673898422692
97,6,630.8993,787.7946,658.7715,776.94354,662.9171,758.90717,55.783763825276864,656.3038815349595,776.5115427614836,1.388167598294217,-1.4789833189287265,2.028398614331849,-0.4680124920170101,0.32763327411907994,0.571296118483191,-0.8170621289192033
98,6,630.6201,787.41113,658.2209,776.6269,663.64624,758.67206,51.84522128194813,657.4310824505859,775.2719999019376,1.1272009156264176,-1.2395428595459634,1.6754248430891843,-0.26096668266779943,0.23944045938276304,0.35416852351961564,-0.8328294427154813
99,6,630.5215,786.9706,656.9788,777.39325,661.778,759.6446,54.96936736591257,658.1428915827406,774.409217301735,0.7118091321547126,-0.8627826002026495,1.118510641805115,-0.4153917834717049,0.3767602593433139,0.5608017713918573,-0.8809869808518075
100,6,631.3661,786.45764,655.3667,777.3837,660.1492,760.8802,53.12912306950705,658.4541865038688,773.7632106251248,0.3112949211281375,-0.6460066766102273,0.7170977298424281,-0.40051421102657514,0.21677592359242226,0.4554156719784549,-1.1217530018760573
101,6,631.6587,787.70825,656.3652,776.0256,657.6493,757.9529,60.62825604298724,658.4392114390944,773.298534954349,-0.014975064774375824,-0.4646756707758186,0.46491690824915555,-0.3262699859025133,0.18133100583440864,0.3732734083453369,-1.603012095136362
102,6,632.42224,787.7528,656.0585,775.0494,656.7491,756.9687,59.556518390865165,658.1870522767107,773.0108802261486,-0.2521591623836912,-0.287654728200323,0.3825303724281857,-0.23718409760931536,0.1770209425754956,0.29596065662358256,-2.2905338230347354
103,6,631.77905,786.3458,653.47534,777.50555,656.13464,760.3928,58.99823910698914,657.7867949050111,772.8959363772638,-0.4002573716995812,-0.1149438488848773,0.41643493128738157,-0.14809820931589002,0.1727108793154457,0.22751291707612478,-2.8619431872973298
104,6,630.7252,787.0056,653.9006,777.23376,657.6133,758.4805,55.93892569406431,657.3275252122892,772.949393344435,-0.4592696927219322,0.05345696717120063,0.4623703039686273,-0.05901232102235099,0.16840081605607793,0.1784412757206079,3.025718470923387
105,6,630.4119,787.60065,653.82336,776.9817,657.0997,756.96344,56.30695263410618,656.8813334887677,773.1636975516124,-0.4461917235214514,0.21430420717740617,0.4949882295095308,0.013077969200480766,0.16084724000620554,0.16137802792208922,2.6938319389361873
106,6,630.77673,787.1383,653.88306,777.21655,656.49634,757.9533,59.035858822336536,656.4523276323863,773.5183213715832,-0.42900585638142275,0.3546238199708114,0.5566004657743725,0.017185867140028677,0.1403196127934052,0.14136812852919106,2.450830834179146
107,6,630.03564,787.39166,653.5903,777.96484,657.9059,758.41125,55.74212836422432,656.0276199430145,773.9894936643446,-0.4247076893717576,0.4711722927614801,0.6343342580040962,0.0042981670096651214,0.11654847279066871,0.11662770146701948,2.3043761563920637
108,6,630.03534,787.63196,654.1761,777.9194,658.026,757.45557,57.42883714764506,655.5943227205211,774.5534432898937,-0.43329722249347924,0.5639496255490712,0.7111860960237492,-0.008589533121721615,0.09277733278759115,0.09317410347531437,2.2259233503349045
109,6,629.8983,787.6667,654.19806,777.8762,658.7481,756.89923,55.81703591857542,655.1395482647749,775.1863991082265,-0.45477445574613284,0.632955818332789,0.7793926311946515,-0.021477233252653605,0.06900619278371778,0.07227119890172373,2.1938263147280246
110,6,630.0686,787.9018,652.62537,779.6471,657.0258,758.8223,57.96821722071285,654.6504088756454,775.8645899793407,-0.48913938912949106,0.678190871114225,0.8361819178029641,-0.03436493338335822,0.045235052781436025,0.05680808610208543,2.1956365238400077
111,6,630.418,788.51666,652.16187,780.33966,656.21747,759.24963,58.50561640768466,654.114016853002,776.5642447632334,-0.5363920226434402,0.6996547838926972,0.8816083135834517,-0.04725263351394915,0.02146391277847215,0.051899045518828665,2.2248700689041447
112,6,630.4094,789.4026,652.10657,778.9974,655.6035,757.141,55.28911829415222,653.5174844967133,777.2615923199011,-0.5965323562886624,0.697347556667637,0.9176842958717486,-0.0601403336452222,-0.00230722722506016,0.06018457467181025,2.2784346292092645
113,6,630.38116,789.24677,651.2748,779.49524,656.0166,757.10095,53.025099644547375,652.8479241066486,777.9328615093408,-0.6695603900647029,0.6712691894397267,0.9481104580346452,-0.0730280337760405,-0.02607836722791035,0.07754466425530683,2.3549200564566855
114,6,630.27484,789.0389,651.0317,779.46265,655.8555,757.23376,52.98979055771739,652.1775109717031,778.4737906355363,-0.6704131349455338,0.540929126195465,0.8614279372495924,-0.0008527448808308691,-0.13034006324426173,0.13034285273980287,2.4626831352218463
115,6,630.2911,789.3606,651.19775,779.6808,656.0357,757.28235,52.967458437513606,651.9186723368778,778.4581557784217,-0.258838634825338,-0.015634857114605438,0.2593104078806687,0.4115745001201958,-0.5565639833100704,0.6922116993139898,-3.0812620797417414
116,6,659.80164,746.33093,655.5051,772.23663,631.1391,783.6872,55.41241735634375,652.3141933846672,777.5842955373793,0.39552104778942976,-0.8738602410423937,0.959202074705387,0.6543596826147677,-0.8582253839277882,1.079230005072922,-1.1457710385743238
117,6,660.4078,746.64484,654.72845,772.66187,630.08136,783.96704,53.04586782623542,652.7468912817187,776.3352228361219,0.4326978970515256,-1.2490727012573188,1.3218963965224613,0.03717684926209586,-0.37521246021492516,0.3770497426356281,-1.2373185648122795
118,6,660.7506,746.8421,654.25055,771.68054,629.6377,782.0512,52.48672327667191,652.9802869042702,775.2568517637442,0.23339562255148394,-1.078371072377763,1.103339334188427,-0.19930227450004168,0.17070162887955576,0.2624127335382633,-1.3576504095873767
124,6,665.63257,755.0933,657.46814,770.68634,634.70685,774.1881,53.61741876711672,653.9458853268178,774.0258243302702,0.9655984225476004,-1.2310274334739688,1.5645474922775342,0.7322027999961165,-0.15265636109620573,0.7479471270787047,-0.9056500315023239
125,6,670.4091,752.8669,658.779,770.97125,630.84686,776.83246,45.43272286425306,654.9879476103551,773.0745154344737,1.0420622835373479,-0.951308895796501,1.4109863280672248,0.07646386098974745,0.2797185376774678,0.28998134829309347,-0.7399019892929882
127,6,654.9018,761.23596,650.76086,781.6093,630.2611,786.89545,64.05152862203146,654.2349031924048,774.6393598367928,-0.7530444179503775,1.5648444023190677,1.7366098867838866,-1.7951067014877253,2.5161532981155688,3.0908632272140406,2.0193125634382096
165,6,643.71857,766.4768,650.68085,767.70404,638.4596,773.68506,143.92632991343535,653.3435104116738,772.9446552722858,-0.8913927807309392,-1.694704564506992,1.9148380220008347,-0.13834836278056173,-3.2595489668260598,3.262483676069644,-2.0550168499022696
166,6,645.6029,774.19385,653.07837,762.0997,651.5446,737.2269,35.249010424856564,653.2770492498913,770.1941852161776,-0.06646116178251305,-2.7504700561081563,2.751272908232312,0.8249316189484261,-1.0557654916011643,1.3398331796148053,-1.5949551905125234
167,6,642.77124,779.62946,651.6111,764.13293,655.2621,739.545,21.256192934223517,653.1662254576461,768.3710301847805,-0.11082379224524175,-1.8231550313971638,1.8265202384415045,-0.0443626304627287,0.9273150247109925,0.9283755694956224,-1.6315084400382607
172,6,667.3759,740.8673,652.69196,763.0433,638.2261,786.00916,1.3046131990490517,652.5892335599831,766.4061028536864,-0.5769918976629924,-1.9649273310940316,2.0478913707638537,-0.46616810541775067,-0.14177229969686778,0.4872495125396367,-1.856413077169667
173,6,666.18823,740.6603,652.49945,763.13074,638.97864,785.6298,0.3454842551070048,652.6095201662476,765.2102755022229,0.02028660626456258,-1.1958273514635493,1.1959994150926916,0.597278503927555,0.7690999796304823,0.9737845705912302,-1.5538334596602041
174,6,666.22974,739.0419,653.18,761.13367,641.32904,784.1943,3.3716783072293133,652.7217882921393,763.2617438094394,0.11226812589166002,-1.9485316927834901,1.9517632771094242,0.09198151962709744,-0.7527043413199408,0.7583036498625046,-1.5132431747248092
175,6,669.7576,735.645,653.9384,758.73,642.05066,783.1835,8.49516436653841,652.9460750195274,761.5132077986192,0.224286727388062,-1.748536010820203,1.762862081167292,0.11201860149640197,0.1999956819632871,0.2292301024847522,-1.4432218135623682
177,6,650.3804,736.3525,657.2149,758.20886,664.66125,771.12146,12.60635936794992,653.9162534104369,759.8263411253295,0.9701783909094956,-1.6868666732897282,1.9459612749598314,0.7458916635214337,0.06166933753047488,0.7484366913121103,-1.048859560325509
178,6,646.5138,736.46857,658.8515,756.7692,669.83704,763.20337,28.35372550550191,654.8471453434267,758.1477563656615,0.9308919329898799,-1.678584759667956,1.9194287135226367,-0.039286457919615714,0.008281913621772219,0.040149917423429805,-1.0644516230192786
179,6,644.46796,736.1556,659.5025,755.3978,672.75305,758.89417,37.21704100875545,656.1016568506626,756.5313642700559,1.2545115072358612,-1.6163920956056472,2.0460993447346607,0.3236195742459813,0.06219266406230872,0.32954143335598546,-0.9107879636487234
180,6,646.0312,734.1452,659.4209,754.29425,672.7245,760.0154,33.12479883605506,657.2503797966211,755.0591405175896,1.148722945958525,-1.4722237524662205,1.867352988563585,-0.10578856127733616,0.14416834313942672,0.17881759102699096,-0.9082060204220984
181,6,648.1328,733.2162,659.2013,752.8918,671.2611,762.91724,20.90300818206141,657.9127979216223,753.5348818695252,0.6624181250011816,-1.5242586480644604,1.6619753904704417,-0.4863048209573435,-0.05203489559823993,0.4890807798782055,-1.1608361947316306
182,6,664.83685,728.01874,658.2675,752.1201,647.04254,778.62146,7.708920750947045,658.3267591257718,751.9682834182044,0.4139612041494729,-1.5665984513208286,1.620368657504119,-0.24845692085170867,-0.042339803256368214,0.25203868841687815,-1.312458934042391
183,6,658.7763,726.9119,659.673,749.4521,655.841,770.61365,12.54204313109806,658.8847023491227,750.4205148387388,0.5579432233508896,-1.5477685794655827,1.6452623547823881,0.14398201920141673,0.018829871855245983,0.14520807803769775,-1.2248138202814203
184,6,656.272,727.6676,660.4542,748.6618,658.1874,767.5417,18.112930799528183,659.7920139490624,748.9527458062402,0.9073115999397032,-1.4677690324986088,1.7255608572713528,0.3493683765888136,0.07999954696697387,0.35841064447812393,-1.0171330112401198
185,6,660.727,726.8001,660.8067,748.0963,656.12787,766.5794,14.41996574895294,660.5058699523186,747.6261459958205,0.7138560032561827,-1.3265998104196797,1.5064718551604013,-0.19345559668352053,0.14116922207892912,0.23948656987511213,-1.0771278836448441
186,6,663.43066,727.3045,659.9242,747.3314,654.92163,765.392,5.550932151717405,660.4716106558167,746.4913626403587,-0.03425929650188664,-1.1347833554617637,1.1353003845810428,-0.7481152997580693,0.191816454957916,0.7723147377363248,-1.6009773243617504
187,6,674.37744,727.0068,656.0628,747.0308,647.5552,768.6921,21.00423519060653,659.8354437679343,745.5569532038031,-0.6361668878823821,-0.9344094365555975,1.1304111218322759,-0.6019075913804954,0.20037391890616618,0.6343835243283705,-2.16853514238717
188,6,674.18256,726.98425,653.616,747.07605,646.52844,767.8428,26.824432611674183,658.9187938499119,744.8209527078693,-0.9166499180223582,-0.7360004959338085,1.1755610584845042,-0.2804830301399761,0.19840894062178904,0.3435648962207335,-2.465071142019792
189,6,660.7685,729.9305,653.8783,746.52014,658.5699,760.94904,40.566674591230345,658.0152723034225,744.2813961742723,-0.9035215464894009,-0.539556533596965,1.0523651637705285,0.013128371532957317,0.19644396233684347,0.19688215886084381,-2.6032561675479444
190,6,644.6113,731.08215,655.21075,747.0777,668.2382,757.38007,18.13196888380961,657.3072378918685,743.9363186247283,-0.7080344115540811,-0.3450775495440439,0.7876491878647854,0.19548713493531977,0.19447898405292108,0.27574860863379935,-2.6880967835577105
191,6,639.98596,735.2054,656.01715,747.04596,672.62085,750.1071,26.00334854397285,656.8984618573302,743.7751061007383,-0.4087760345382776,-0.1612125239900024,0.4394170277812027,0.2992583770158035,0.1838650255540415,0.3512291614261565,-2.7659416766762077
192,6,641.28674,738.5171,656.9869,746.66705,673.8755,746.6144,27.61259393857447,656.6896179948727,743.7525487229459,-0.20884386245745645,-0.022557377792395528,0.2100585494071066,0.19993217208082115,0.13865514619760688,0.24330664397018595,-3.033999038092885
193,6,670.3371,731.21356,655.597,746.6124,650.0681,759.00916,19.711269488643705,656.5306057378069,743.8147876317804,-0.1590122570657968,0.06223890883450167,0.17075883482288245,0.04983160539165965,0.0847962866268972,0.09835445654173983,2.768513741323138
194,6,675.34515,729.265,655.0811,746.68176,643.8176,763.4603,15.447688555726788,656.32585568733,743.9079639676708,-0.20475005047694594,0.09317633589034813,0.22495424588183013,-0.04573779341114914,0.030937427055846456,0.055218385877864797,2.7145275650001235
195,6,675.06024,729.1212,656.3402,746.2765,647.8298,763.2466,20.863862787175293,656.1979231161864,743.9782188710469,-0.12793257114356038,0.07025490337616702,0.14595373995823713,0.07681747933338556,-0.022921432514181106,0.08016431375392218,2.6393978724079807
196,6,677.3507,727.87994,657.5873,746.46906,648.1794,764.4241,19.10057409939272,656.2777919313637,743.9732384782767,0.07986881517729216,-0.004980392770221442,0.08002394610346411,0.20780138632085254,-0.07523529614638846,0.22100173289615394,-0.06227652806135985
197,6,674.04425,727.7208,659.0837,745.9481,650.32086,762.1234,10.93219810591285,656.5120359052753,743.8468889094827,0.2342439739115889,-0.12634956879401216,0.2661474269053262,0.15437515873429675,-0.12136917602379071,0.19637251977538306,-0.4946632141433765
198,6,677.2314,726.66376,656.66064,742.5657,643.50415,750.2447,7.4345569077254305,656.8011262766917,743.5545812807256,0.2890903714163642,-0.29230762875704386,0.4111167628244039,0.05484639750477527,-0.1659580599630317,0.1747861693211023,-0.7909317643066143
199,6,662.50604,730.67004,657.89844,742.33124,662.91406,750.90015,51.90175825543656,657.0455342843828,743.0517267080672,0.24440800769116322,-0.502854572658407,0.5591046373149063,-0.04468236372520096,-0.2105469439013632,0.2152359849427482,-1.118378039110855
200,6,676.5536,727.81836,657.5399,741.91034,650.98224,755.2809,27.33004603993561,657.1743085854275,742.3593585757098,0.12877430104470022,-0.6923681323573874,0.7042417562979405,-0.115633706646463,-0.18951355969898032,0.22200572835532698,-1.386906441864901
201,6,678.2546,727.5034,656.9595,742.0548,648.41156,755.6791,23.55008595899885,657.2308075101365,741.760999340423,0.05649892470898976,-0.5983592352868072,0.6010207175682756,-0.07227537633571046,0.09400889707058013,0.11858078576605699,-1.4766523670863216
202,6,680.28754,726.63055,657.4047,741.52313,645.75134,756.8727,19.73735615939349,657.2869668071289,741.4974635847132,0.05615929699240496,-0.2635357557098814,0.26945307787490463,-0.0003396277165848005,0.3348234795769258,0.33482365182732526,-1.3608375533917196
203,6,680.2647,726.46747,658.2422,742.6854,643.7077,755.8846,5.874530105153565,657.414722225024,741.4300102447289,0.1277554178950595,-0.0674533399842403,0.14446937348992278,0.07159612090265455,0.1960824157256411,0.20874462456578532,-0.4857865773845039
204,6,673.70264,728.1152,659.0564,743.51575,651.12854,752.3754,1.7390009057782163,657.6860095124405,741.5266278072492,0.27128728741649866,0.09661756252023679,0.2879787243897608,0.14353186952143915,0.1640709025044771,0.21799233614270266,0.34213852496689506
206,6,660.2977,730.9873,660.9234,744.2309,664.29675,746.9779,48.138332743294015,658.6982463968319,741.8953530166655,1.0122368843914273,0.3687252094163114,1.0773030168813074,0.7409495969749287,0.2721076468960746,0.7893344517735356,0.34932850083795464
210,6,635.112,736.013,665.8048,736.92975,687.48737,717.26733,43.913540672169646,660.3620982581339,740.589408347787,1.6638518613019642,-1.3059446688785101,2.1151582670169655,0.6516149769105368,-1.6746698782948215,1.7969755923223085,-0.6654608609748934
223,6,657.27545,717.4115,667.7244,731.0587,682.28143,713.0268,103.64694732540433,662.3650711053542,738.0543086191155,2.0029728472203487,-2.535099728671412,3.2308870083944217,0.3391209859183846,-1.2291550597929017,1.2750785089965044,-0.9021234839100707
224,6,645.1475,717.32434,668.3859,730.18134,694.67584,713.76465,60.93685878170106,664.0038952163391,735.9745518030228,1.6388241109848423,-2.079756816092754,2.647854391923681,-0.3641487362355065,0.4553429125786579,0.58304499838137,-0.903422605073172
225,6,642.33295,716.8492,668.37604,729.53754,697.0681,713.57806,55.05986985537896,665.654732493771,733.8857462360958,1.6508372774319469,-2.0888055669270216,2.6623997470297804,0.012013166447104595,-0.009048750834267594,0.0150398158149127,-0.9019820850770772
226,6,640.0029,719.9876,668.49146,730.1123,695.8548,714.73596,48.89802174646643,666.9948481280695,732.2029012245994,1.3401156342985132,-1.682845011496397,2.1512501588633564,-0.31072164313343364,0.4059605554306245,0.5112258914384932,-0.8982915023012421
227,6,643.2141,718.40625,668.9815,730.3267,693.68823,718.5146,50.37830507187748,668.00847485425,730.9223019798545,1.0136267261805187,-1.2805992447448489,1.6332095902450834,-0.32648890811799447,0.4022457667515482,0.5180701342420939,-0.9012442772164615
228,6,648.66833,715.76825,667.9113,731.01996,686.58386,722.4395,63.07965552822992,668.7565872934767,729.9355526894471,0.748112439226702,-0.9867492904073742,1.2382836443421121,-0.26551428695381674,0.29384995433747463,0.39603741267805703,-0.9220941429465623
229,6,656.5822,714.2463,668.7755,728.74646,684.80304,723.1391,69.22210642426973,669.3001600669143,729.1342575409626,0.5435727734375178,-0.8012951484845416,0.9682692161828851,-0.20453966578918426,0.1854541419228326,0.2760972901668637,-0.9747366722646646
230,6,663.14526,711.7333,667.1797,730.5925,673.4005,726.2676,112.73360383282518,669.7001677957267,728.4100207219869,0.40000772881239754,-0.7242368189756689,0.8273603526092173,-0.1435650446251202,0.0770583295088727,0.16293835700936338,-1.066176581606197
231,6,661.3396,712.56335,668.57294,728.09186,680.8022,723.33484,86.27880024078266,670.0109354147528,727.6806216273217,0.31076761902613725,-0.7293990946652684,0.7928427033994118,-0.08924010978626029,-0.005162275689599483,0.08938929625497238,-1.1680283772999893
232,6,646.1641,722.4938,668.9741,727.6011,691.8596,713.43384,44.3802403187143,670.2601891135271,726.9685404806327,0.24925369877428238,-0.7120811466890018,0.7544448063460868,-0.06151392025185487,0.017317947976266623,0.06390519311339446,-1.2340898587130507
233,6,647.7114,730.0461,669.2456,727.0372,689.62494,707.5535,35.75855071073856,670.4690053952585,726.3224327128025,0.20881628173140143,-0.6461077678301308,0.6790136133882458,-0.04043741704288095,0.065973378858871,0.07738004532924497,-1.2582013827105905
234,6,647.98987,732.37604,668.473,727.6644,685.9879,707.0601,36.67943543837525,670.6584607631562,725.7909537547132,0.18945536789772177,-0.5314789580893375,0.564236846826746,-0.01936091383367966,0.11462880974079326,0.11625235054426275,-1.2283708186464755
235,6,649.2683,734.1101,668.49084,727.7687,683.6643,707.80133,34.51079163146896,670.7943140853488,725.3980689004425,0.13585332219258817,-0.39288485427073283,0.4157097952491595,-0.053602045705133605,0.1385941038186047,0.14859846875744517,-1.2378822770343623
236,6,648.6089,732.83966,668.3071,727.01337,680.5342,708.36383,40.273234841759,670.0002446250151,725.0689828968522,-0.7940694603337306,-0.32908600359030515,0.8595602978231024,-0.9299227825263188,0.06379885068042768,0.9321087247792688,-2.748709062977019
237,6,626.70636,710.27124,650.20105,724.0714,671.1006,726.4438,23.952772845393675,666.500892893708,724.704210354,-3.4993517313070015,-0.3647725428521653,3.5183123152187816,-2.705282270973271,-0.03568653926186016,2.7055176389605715,-3.037727734058256
238,6,628.02234,713.3882,654.1227,725.54004,670.9276,724.51416,28.459209902603195,663.3356853590276,724.2387547723015,-3.1652075346804622,-0.46545558169850665,3.199247979780915,0.33414419662653927,-0.10068303884634133,0.348983407127802,-2.995585379269955
239,6,628.3585,713.24506,654.0453,724.96625,669.61316,725.57965,22.27141932463943,660.693701441674,723.7455752136085,-2.6419839173536275,-0.4931795586929866,2.6876207129481324,0.5232236173268348,-0.027723976994479926,0.5239576057554356,-2.9570464813791353
240,6,627.3513,709.6552,649.84314,723.3496,666.23236,730.6772,7.246273095684399,658.0638198908085,723.3075829928342,-2.6298815508654343,-0.4379922207742766,2.666104678560308,0.012102366488193184,0.05518733791871,0.05649875698781725,-2.976562875647165
241,6,627.5955,712.6305,653.92456,724.42993,667.6193,727.0671,13.239880108276086,655.980617795851,722.9095428757068,-2.083202094957528,-0.39804011712737974,2.120888234508884,0.5466794559079062,0.03995210364689683,0.5481373898007477,-2.9527969440736483
242,6,624.4379,709.2284,647.6837,723.00824,664.69867,730.8674,5.867017808438221,653.3853802538641,722.5116829906591,-2.595237541986876,-0.39785988504775105,2.6255571575321475,-0.5120354470293478,0.00018023207962869492,0.5120354787494189,-2.9894731415628395
243,6,622.1432,708.0155,645.39557,722.3733,663.49554,730.0901,8.603684733228349,650.6374348636942,722.0742314661227,-2.747945390169889,-0.43745152453641367,2.7825469813958534,-0.15270784818301308,-0.03959163948866262,0.1577567266841145,-2.983725108421965
244,6,621.0327,707.5283,644.0845,722.1189,661.29065,730.6715,5.901329395213666,647.9734071543502,721.5574164305299,-2.6640277093440545,-0.5168150355927992,2.713695159218831,0.0839176808258344,-0.0793635110563855,0.11550213869181661,-2.949975218319005
245,6,619.8039,707.21405,643.00903,720.8654,660.10425,728.382,6.733301797873458,645.4598348498224,720.9421837021523,-2.51357230452777,-0.6152327283775776,2.58777066993116,0.1504554048162845,-0.09841769278477841,0.17978562537508683,-2.9015477601432456
246,6,619.3988,707.2191,640.72235,719.13873,658.01953,725.05756,10.31454012102386,643.1634943056538,720.2923498586164,-2.296340544168629,-0.6498338435359301,2.386517110560357,0.21723176035914094,-0.03460111515835251,0.2199701681568044,-2.8658165332379983
247,6,618.96735,707.1742,640.51074,719.2725,657.7238,723.88684,14.311184458322431,641.1512215352749,719.6924491673877,-2.0122727703788996,-0.5999006912286404,2.0997910709746748,0.28406777378972947,0.049933152307289674,0.28842298765042274,-2.851860638789156
248,6,619.1903,707.33466,640.99634,719.7977,659.4142,723.8007,17.48766540663242,639.5781811866977,719.2270158959325,-1.5730403485771376,-0.4654332714552538,1.640452397489553,0.43923242180176203,0.1344674197733866,0.4593545551557676,-2.853918725026122
249,6,619.5747,707.38367,641.6613,720.0653,660.47327,724.5019,16.59342204145854,638.9528524462647,718.980584311716,-0.6253287404330194,-0.2464315842164524,0.672134331299166,0.9477116081441181,0.21900168723880142,0.972686502026502,-2.766197303851967
250,6,627.66583,712.8463,649.9829,721.602,667.3246,726.4298,5.864678693758532,639.6802084837003,719.0376886822039,0.7273560374355839,0.05710437048787753,0.729594212095197,1.3526847778686033,0.3035359547043299,1.3863225396983567,0.07834880577985007
251,6,628.13995,717.7765,650.77826,722.5906,669.5919,721.8197,14.35156743141685,641.3978838639322,719.4828632748622,1.7176753802318672,0.4451745926583044,1.774426422764037,0.9903193427962833,0.38807022217042686,1.0636403988434564,0.2535930013828973
252,6,632.3726,725.7952,654.4798,725.42523,675.80914,715.4052,24.20418357799016,643.551678500689,720.4006423571566,2.1537946367568566,0.9177790822943734,2.3411855503611205,0.4361192565249894,0.47260448963606905,0.6430824282594564,0.40282053058476847
253,6,633.13025,726.32916,654.96375,725.9965,678.3762,714.92535,24.43541183741875,645.5873923076995,721.8755601965526,2.0357138070104384,1.474917839395971,2.513864224062511,-0.1180808297464182,0.5571387571015975,0.5695144221337292,0.6269942916393858
0,7,555.69745,851.5811,530.655,876.7756,502.81293,876.2984,46.15527196374622,530.6335356880898,876.7672386560072,,,,,,,
1,7,556.7004,851.79285,530.4814,876.286,503.45663,877.3388,40.81994318023295,530.5462310928132,876.3928274778212,-0.08730459527657786,-0.3744111781859374,0.38445522848179453,,,,-1.7998813107945912
2,7,557.40173,850.84296,531.5297,875.65765,504.586,877.7308,39.40519217806232,531.3284486149413,875.6204669662616,0.7822175221281213,-0.7723605115596683,1.099274766262271,0.8695221174046992,-0.39794933337373095,0.9562595801290298,-0.7790576142180993
3,7,557.22925,850.0075,532.1874,874.09393,505.94897,876.43005,38.79797453577659,531.8018566300366,874.6375533256245,0.47340801509528774,-0.9829136406370935,1.0909786311871217,-0.3088095070328336,-0.21055312907742518,0.37375918958355603,-1.121946378228127
4,7,557.4238,850.3582,531.33405,875.39764,503.94107,877.4548,39.52844870033373,532.0111029714515,874.5429258094969,0.2092463414148824,-0.09462751612761622,0.22964842303833877,-0.26416167368040533,0.8882861245094773,0.9267327709958786,-0.4247070187823744
5,7,557.94006,849.542,532.4491,874.77673,505.96936,877.75775,38.28742776816509,532.2557202310201,874.4693349289138,0.24461725956859937,-0.07359088058308316,0.2554471009501676,0.03537091815371696,0.021036635544533056,0.04115388057122263,-0.2922280989232092
6,7,558.1291,849.1612,532.6268,874.06415,506.28595,877.00507,37.94810861585996,532.6318005767093,874.2300704370506,0.3760803456892745,-0.23926449186319587,0.4457397485981226,0.13146308612067514,-0.1656736112801127,0.2114953628025114,-0.5666168570494964
7,7,558.71826,848.58765,533.6386,874.5864,507.4875,878.347,37.8478057741189,533.1845760705205,873.977420063005,0.5527754938111684,-0.2526503740456292,0.6077770627981756,0.1766951481218939,-0.013385882182433306,0.17720145939472398,-0.4287077050370452
8,7,558.6496,848.4417,534.22,874.04974,509.41513,878.8312,35.438449907032016,533.9401167191969,873.7989759421115,0.7555406486764014,-0.1784441208934595,0.7763272351810138,0.20276515486523294,0.07420625315216967,0.21591728979960312,-0.23193057611263967
9,7,559.3242,847.4592,536.0333,873.29034,512.6858,878.6425,35.04891702445924,534.8478443084551,873.523547834653,0.9077275892582293,-0.27542810745853785,0.9485937057975603,0.1521869405818279,-0.09698398656507834,0.18046262364742488,-0.2945968980288397
10,7,559.5787,846.6236,536.52423,872.7486,513.6889,879.6298,31.80293754088279,535.8380185687543,872.9152499071484,0.9901742602991135,-0.6082979275045091,1.1620978592034226,0.08244667104088421,-0.3328698200459712,0.3429282296095803,-0.5508927473456329
11,7,559.6312,845.59656,538.8068,869.44055,518.5158,874.9682,33.62866413887826,536.9442212361205,871.8122942958964,1.106202667366233,-1.102955611252014,1.5621124868844987,0.11602840706711959,-0.49465768374750496,0.5080834728044004,-0.7839283484876791
12,7,558.59015,845.01904,539.95166,868.45703,521.2881,871.2849,42.89152803500686,538.6133220688482,870.3492850163117,1.669100832727736,-1.4630092795847531,2.219525566864126,0.5628981653615028,-0.3600536683327391,0.6682013084746302,-0.7196932917024178
13,7,528.71533,864.88135,546.3962,865.8357,560.8839,842.7982,60.92478333231271,541.1597674384786,868.7349240535877,2.546445369630419,-1.6143609627239357,3.015053123657882,0.8773445369026831,-0.15135168313918257,0.8903037506503311,-0.5650211407805854
14,7,533.7973,865.47217,550.0135,864.387,561.11816,840.69055,61.062829259503694,544.0514494407001,867.146913675834,2.8916820022215006,-1.5880103777537897,3.299030427538594,0.3452366325910816,0.026350584970145974,0.34624079166253413,-0.5022018651417978
15,7,536.62177,864.0425,550.54254,864.302,561.5374,841.5589,65.26715187416237,546.9062239525921,865.6389572828213,2.8547745118919465,-1.5079563930127051,3.2285708908084687,-0.036907490329554093,0.0800539847410846,0.08815216001523693,-0.48596993501406033
16,7,539.0262,863.081,552.743,862.4889,560.5423,840.77686,67.76917898723639,549.4383741446626,864.2337585572363,2.532150192070503,-1.4051987255849099,2.8959226601530887,-0.32262431982144335,0.10275766742779524,0.338593546830784,-0.5066302076511559
17,7,542.6738,860.25006,553.1679,861.54553,557.9548,843.8452,81.90439086481102,551.4254110552043,862.9106911793394,1.9870369105417467,-1.3230673778969049,2.3872207627930604,-0.5451132815287565,0.08213134768800501,0.5512658596104943,-0.5874366051826229
18,7,559.30457,842.3308,552.48773,860.17834,543.987,864.96246,39.72540736147246,552.8977571936514,861.4758088196868,1.472346138447051,-1.4348823596526472,2.0558916648117163,-0.5146907720946956,-0.11181498175574234,0.5266964790317769,-0.7725124527347198
19,7,560.3355,839.75354,551.67554,857.77454,542.7652,867.6565,16.373692829018882,553.9490629372228,859.6918351464084,1.0513057435714472,-1.7839736732784104,2.070701773171786,-0.42104039487560385,-0.3490913136257632,0.5469367050820098,-1.0382774403306694
20,7,560.34576,837.0966,551.8693,854.0232,544.0665,866.40894,5.609583016225993,554.6780271674095,857.5300419577235,0.7289642301866479,-2.1617931886848964,2.2813896290498086,-0.3223415133847993,-0.37781951540648606,0.4966403502265948,-1.2455666755718793
21,7,560.00964,837.13306,552.00507,853.982,545.2477,864.89325,6.358722727446957,555.2035427827886,855.795893572211,0.5255156153791631,-1.7341483855125261,1.8120257407065279,-0.20344861480748477,0.4276448031723703,0.47357303190471023,-1.276553256003075
22,7,551.8278,854.40094,552.52124,857.3324,554.09454,845.50494,159.11453438915882,555.6495511862095,855.0975234101512,0.4460084034208194,-0.6983701620597458,0.8286400781867505,-0.07950721195834376,1.0357782234527804,1.0388252619822003,-1.002447239192033
23,7,551.54285,852.4767,553.7823,857.7891,554.3079,846.49243,154.47825514624728,556.1132774895513,854.6514436986417,0.46372630334178666,-0.44607971150946923,0.6434510031318702,0.017717899920967284,0.25229045055027655,0.2529118332867621,-0.7660046013258237
24,7,545.71625,862.0086,554.4335,856.59564,560.4786,837.664,40.45285168748244,556.5850816408148,854.1958673178693,0.4718041512635409,-0.45557638077241336,0.6558574508741981,0.008077847921754255,-0.009496669262944124,0.012467491894392281,-0.7679014466415534
25,7,545.4939,863.81995,555.2684,855.23315,561.1756,835.09393,32.35353282746576,557.0286072970312,853.7009020683901,0.44352565621636586,-0.49496524947926446,0.6646093633964454,-0.028278495047175056,-0.0393888687068511,0.04848872302029265,-0.8401543398041874
26,7,550.63196,855.10455,555.00684,854.8235,555.8878,846.44116,80.32429209453167,557.413499662951,853.1494837508735,0.38489236591988174,-0.5514183175165499,0.6724613700698255,-0.05863329029648412,-0.05645306803728545,0.08139294577427554,-0.9614110033293786
27,7,554.7709,845.3152,554.9006,853.9228,549.3018,856.7957,63.699261243544,557.7334101342043,852.5758601664478,0.31991047125325167,-0.573623584425718,0.6568003701482562,-0.06498189466663007,-0.02220526690916813,0.06867110391549275,-1.062059839615446
28,7,551.14624,853.83276,555.8258,853.8305,552.37305,848.0819,120.96249236797078,557.98799165414,852.0271071163545,0.25458151993575484,-0.5487530500932962,0.6049311202769244,-0.06532895131749683,0.024870534332421812,0.06990289949797536,-1.136421008432411
29,7,546.2583,864.2018,557.0053,852.32965,557.9592,833.3634,39.27303487386208,558.1768971661077,851.5503004018356,0.18890551196761862,-0.4768067145189434,0.5128644416043067,-0.06567600796813622,0.07194633557435282,0.09741464584551995,-1.1935797207412036
30,7,547.14246,862.95734,556.79724,852.609,556.09814,837.3766,45.64201437213403,558.2960063818003,851.1925158241327,0.1191092156926743,-0.35778457770288696,0.37708992204109243,-0.06979629627494432,0.11902213681605645,0.13797750550709295,-1.2494289546203603
31,7,547.9828,861.81793,556.66077,852.9207,555.4728,839.5872,49.3768122644189,558.3261060862858,851.0008291844879,0.030099704485451184,-0.19168663964478583,0.19403546074988837,-0.08900951120722311,0.16609793805810114,0.18844420424226788,-1.4150425848929868
32,7,554.6206,845.11206,555.5188,853.76544,548.83057,859.12476,57.220537978884536,558.2442098329759,851.0223162841431,-0.08189625330987838,0.02148709965524631,0.08466812716595455,-0.11199595779532956,0.21317373930003214,0.24080310980062383,2.88500617888848
33,7,559.74554,834.1518,554.8739,853.8805,546.404,867.03876,18.89852833312508,558.0369719782243,851.209868210283,-0.20723785475161094,0.18755192613991767,0.27950537283001003,-0.12534160144173256,0.16606482648467136,0.208057789201371,2.406017555088887
34,7,560.8723,832.2867,555.4602,852.4474,546.9461,867.3888,14.649231374004874,557.7296100901532,851.1396371938646,-0.30736188807111375,-0.07023101641846097,0.31528356428112453,-0.10012403331950281,-0.25778294255837864,0.2765445127320758,-2.9169530014881393
35,7,560.3371,830.2173,555.4801,850.59625,547.6469,866.2226,13.218286272646813,557.3569825398265,850.6139010537138,-0.3726275503266834,-0.5257361401507978,0.6443987743029345,-0.06526566225556962,-0.45550512373233687,0.4601570649420365,-2.1873859365665873
36,7,559.38135,830.9772,554.89813,850.9948,547.9994,865.5228,12.77726432353414,556.9539476983084,850.435094227152,-0.40303484151809243,-0.17880682656175395,0.44091831976296814,-0.030407291191409058,0.3469293135890439,0.3482593171545656,-2.7240310527389364
37,7,558.95886,833.89355,554.63513,852.56476,548.39777,865.1847,13.262451715712915,556.555363936663,850.6016230965778,-0.3985837616454546,0.16652886942574696,0.43197323921703534,0.00445107987263782,0.3453356959875009,0.34536438009036813,2.74583501644547
38,7,557.63763,838.1854,554.5282,853.35815,549.7981,861.41156,18.84589640390052,556.1960896259546,850.8109507322832,-0.35927431070831517,0.2093276357054492,0.41580775534490483,0.039309450937139445,0.04279876627970225,0.05811167979024485,2.6140355603367524
39,7,558.027,835.87994,554.8939,851.7357,549.9276,861.2517,16.38214664076148,555.9044849244324,850.7606301925452,-0.29160470152226026,-0.05032053973798156,0.2959146138152158,0.06766960918605491,-0.2596481754434308,0.2683213577382464,-2.9707113552439566
40,7,558.3438,832.2547,555.3138,849.61566,549.5584,862.7935,13.692910148419193,555.6829171390885,850.4464553309853,-0.22156778534383648,-0.31417486155999086,0.38444521994480807,0.07003691617842378,-0.2638543218220093,0.27299134193584973,-2.1850285187403453
41,7,560.5387,826.4913,555.15234,848.7651,548.5614,866.41284,6.884699816592217,555.5272553640997,849.9437448807845,-0.15566177498885736,-0.502710450200766,0.5262588573446897,0.06590601035497912,-0.18853558864077513,0.19972298411808842,-1.8710780844787096
42,7,560.71344,825.51697,555.3066,848.2381,548.5534,866.7361,6.670474112639961,555.4333686936429,849.3278175751238,-0.09388667045675447,-0.615927305660648,0.6230418547319598,0.06177510453210289,-0.11321685545988203,0.12897371786599027,-1.722063333592493
43,7,561.27515,825.5166,555.2569,848.07513,549.0923,866.47516,3.5849025306562363,555.3971262218957,848.6739921471844,-0.036242471747186755,-0.6538254279394096,0.6548291433484751,0.05764419870956772,-0.03789812227876155,0.06898638501272618,-1.62617107735315
44,7,561.4846,823.3042,555.7296,847.0815,549.56586,865.93085,4.501716476062369,555.4143970430346,848.0575873301468,0.017270821138822612,-0.6164048170376191,0.6166467219810625,0.05351329288600937,0.037420610901790496,0.06529911665380339,-1.5427850210126806
45,7,561.52386,824.4831,555.5445,847.1599,549.88257,865.36597,2.5038184044249125,555.4858481516653,847.5059160690702,0.07145110863075388,-0.551671261076649,0.5562791037082591,0.05418028749193127,0.06473355596097008,0.08441526414138836,-1.4419957867624025
46,7,560.7387,823.78094,556.2624,846.0265,550.1138,863.78345,7.721919453591801,555.6313381441054,846.854268156523,0.1454899924400479,-0.6516479125472188,0.6676918000300385,0.07403888380929402,-0.09997665147056978,0.1244069417476128,-1.3511341560381545
47,7,560.9708,819.76013,557.0232,844.3014,550.1021,862.428,11.7596953127087,555.8755235171011,845.8899275969521,0.24418537299573018,-0.9643405595708145,0.9947759603138868,0.09869538055568228,-0.3126926470235958,0.327898566092708,-1.322794196479482
48,7,561.4379,816.9426,557.6347,840.71796,550.5095,859.4458,11.741433527631946,556.226329873549,844.4844644963425,0.3508063564479471,-1.4054631006096088,1.44858262688031,0.10662098345221693,-0.4411225410387942,0.4538249996693005,-1.3261923167000333
49,7,560.6507,816.3385,557.9229,839.0415,550.53217,857.8252,14.626649676952631,556.6247592409477,842.8465933668313,0.39842936739864854,-1.637871129511268,1.6856357250877794,0.04762301095070143,-0.23240802890165924,0.23723710306350712,-1.332170701506042
50,7,560.62775,815.82294,557.9633,838.92017,550.802,857.27106,14.737528356643562,556.9950827529466,841.2693148220949,0.37032351199889035,-1.577278544736373,1.620168852689399,-0.028105855399758184,0.06059258477489493,0.0667937155535979,-1.3401868209282652
51,7,561.26556,814.34,557.5301,838.40137,550.8542,856.9275,10.992055623446817,557.2776043546093,839.9826227601259,0.2825216016626655,-1.2866920619690063,1.3173438874265486,-0.08780191033622486,0.29058648276736676,0.30356165671210783,-1.3546542608672103
52,7,561.3719,815.2584,557.3784,839.07623,549.64954,857.1045,13.68718151250779,557.4767592366582,838.9644842161839,0.19915488204890153,-1.0181385439419728,1.0374337384643861,-0.08336671961376396,0.26855351802703353,0.28119566494499193,-1.3776284880701293
53,7,561.7152,814.0658,557.5378,838.6432,549.60693,857.09686,13.61021572471262,557.6130154012304,838.1298595098457,0.13625616457227352,-0.834624706338218,0.8456737803752125,-0.06289871747662801,0.18351383760375484,0.19399375570430605,-1.4089695081335423
54,7,562.03436,812.8948,557.44775,837.6797,549.9603,856.6165,11.08897854610468,557.7068408504625,837.3937089606877,0.09382544923209934,-0.7361505491579692,0.7421056838140945,-0.042430715340174174,0.09847415718024877,0.10722651368313357,-1.4440256637714717
55,7,563.09235,811.442,557.49066,836.451,550.6384,856.56805,6.184627519101183,557.7787035864915,836.6709928882866,0.07186273602894744,-0.7227160724011128,0.7262800934463622,-0.021962713203151907,0.013434476756856384,0.025745794549293242,-1.4716878467304095
56,7,563.4263,810.8512,557.9547,835.88104,550.83264,856.11707,7.058552669379516,557.8490716114544,835.8766716122188,0.07036802496293149,-0.7943212760677625,0.7974320965142438,-0.0014947110660159524,-0.07160520366664969,0.07162080251793644,-1.4824381188740972
57,7,560.31616,819.9332,557.4054,835.61053,553.8369,850.59235,2.8793642876356698,557.9384129274878,834.925705452061,0.08934131603336937,-0.9509661601578046,0.9551536570185205,0.01897329107043788,-0.15664488409004207,0.1577897508890431,-1.4771233293400268
58,7,562.8451,812.34985,558.45197,833.6647,552.8136,852.90485,4.687384133515982,558.0611376690032,833.8088047872892,0.12272474151541246,-1.1169006647718334,1.1236229159054154,0.033383425482043094,-0.1659345046140288,0.1692593067409242,-1.4613556354446484
59,7,564.8527,806.7489,558.6803,831.002,552.7567,853.1684,0.682709792497138,558.207424499511,832.8196802369757,0.1462868305078473,-0.9891245503134769,0.9998835996319119,0.023562088992434838,0.12777611445835646,0.12993039468793446,-1.4239654394784145
64,7,566.1317,805.4451,558.7574,826.4518,554.02466,847.27014,6.535850570990326,558.7365178394058,830.5392339592033,0.5290933398947573,-2.2804462777723984,2.341020074268261,0.38280650938690997,-1.2913217274589215,1.34686770970147,-1.342816853383009
66,7,566.9195,802.56604,559.21625,824.4239,555.08136,846.60986,8.85640959072396,558.6475311975458,828.3583458762197,-0.08898664185994676,-2.1808880829836426,2.182702786210156,-0.618079981754704,0.09955819478875583,0.6260468816274793,-1.611576643678801
71,7,569.51306,801.85187,562.4873,821.0787,557.44073,842.53845,6.83959623204715,559.8885848902802,825.7482220268677,1.24105369273434,-2.6101238493520214,2.890148919555142,1.3300403345942868,-0.4292357663683788,1.3975874336790282,-1.1269589246312395
72,7,571.5441,799.2249,563.4833,817.9265,557.791,840.04266,8.883718091580421,560.7065266325642,822.957561820152,0.8179417422840061,-2.7906602067156427,2.90806002054923,-0.423111950450334,-0.1805363573636214,0.460018585433253,-1.2856820193099239
75,7,572.6785,797.317,564.4852,815.5856,558.48145,836.46063,8.110312612654559,561.9146205381912,820.067567318921,1.2080939056270381,-2.889994501231058,3.132340834257815,0.39015216334303204,-0.09933429451541542,0.4025990718172649,-1.174847204320385
86,7,584.8842,784.8836,574.18994,803.56854,562.9534,825.9148,3.0895881138134813,565.0235726749833,815.0206943487477,3.108952136792027,-5.04687297017324,5.92760577011739,1.9008582311649889,-2.156878468942182,2.8749585640099338,-1.0186838556255144
87,7,585.6932,784.26483,575.25165,803.15356,563.23,825.40784,0.5560232246438809,567.9035616178236,810.7340519560638,2.8799889428403276,-4.286642392683916,5.16426561222769,-0.2289631939516994,0.7602305774893239,0.7939613813872275,-0.9792125149727562
88,7,590.21985,784.3685,576.69305,803.45166,563.73773,825.4782,4.867678375237743,570.6981991511157,807.0938851144148,2.794637533292075,-3.640166841649034,4.5892062034218855,-0.08535140954825238,0.6464755510348823,0.6520855014472628,-0.9160490444197483
89,7,583.13214,782.7781,575.144,802.61945,564.7692,824.2253,3.719733309874961,572.6630294891546,804.3302801380041,1.9648303380389507,-2.7636049764106474,3.390880523244656,-0.8298071952531245,0.8765618652383864,1.2070379798846664,-0.9527482039432728
100,7,617.0036,801.19806,598.56104,811.5341,581.3155,821.1524,0.1186940668112779,579.6447607771001,803.527283412649,6.981731287945536,-0.8029967253551149,7.027757502789113,5.016900949906585,1.9606082510555325,5.386397669619337,-0.11451082747337915
101,7,623.39386,804.2774,600.4369,812.8434,581.5697,822.80646,7.37474855446048,585.5595984286388,804.1338683732735,5.914837651538619,0.6065849606244456,5.945859883861597,-1.0668936364069168,1.4095816859795605,1.7678185882195476,0.10219583399189275
102,7,623.32715,804.00073,599.68665,812.51807,579.87195,822.80914,7.632446475955684,590.9971420180602,804.6076789405035,5.437543589421466,0.47381056723008896,5.458147738974952,-0.47729406211715286,-0.1327743933943566,0.49541766346541577,0.08691733769248064
111,7,608.50214,807.07513,595.68555,814.53485,588.00226,819.1192,0.6224398869854325,594.1863958991069,805.2465238734851,3.189253881046625,0.6388449329815558,3.252608670923566,-2.248289708374841,0.1650343657514668,2.254338695640745,0.1976952734129559
116,7,608.5982,808.04047,592.8567,815.59235,585.435,822.9787,19.234242877860755,596.2391449603588,806.6896711591717,2.052749061251916,1.443147285686564,2.5092733602888146,-1.136504819794709,0.8043023527050082,1.3923165875559391,0.6127576429530464
117,7,610.9809,807.94525,593.4075,816.1312,583.2613,824.3881,14.161665147489556,597.6458120084216,807.7156681753032,1.4066670480627863,1.025997016131555,1.741086460006087,-0.6460820131891296,-0.4171502695550089,0.7690489679834017,0.6301741986700068
120,7,595.1515,810.5494,590.4342,815.6145,597.2635,816.2522,127.62893622342084,598.1901380136923,809.2654850644055,0.5443260052707046,1.549816889102317,1.6426269173980883,-0.8623410427920817,0.5238198729707619,1.0089694412631336,1.2330354534611931
121,7,582.87933,816.1509,588.78,817.474,600.7952,814.93164,24.58575098006736,597.8279844520152,810.3425569519321,-0.36215356167701884,1.0770718875265857,1.1363270009708615,-0.9064795669477235,-0.4727450015757313,1.0223468304878587,1.8951596870440734
122,7,593.2809,813.4402,587.4561,817.6911,589.13226,819.41766,98.02919331761396,597.2381690511338,811.7285774456736,-0.5898154008814345,1.386020493741512,1.5062984485779676,-0.22766183920441563,0.30894860621492626,0.38376966309504296,1.973129303720249
123,7,603.7307,810.4405,586.7225,817.5373,572.23663,824.766,3.871357528612621,596.2130799337092,813.0986414634009,-1.0250891174246135,1.370064017727259,1.7111058153525551,-0.43527371654317903,-0.015956476014252985,0.43556608848727557,2.213147818123082
124,7,604.518,809.9259,586.0458,816.9851,568.3521,826.5133,7.388358287838757,594.674182568976,814.1898425808914,-1.5388973647332023,1.0912011174905274,1.8865113246401068,-0.5138082473085888,-0.27886290023673155,0.5846053644389223,2.5247987866459716
125,7,599.3917,813.407,582.3258,817.678,570.1331,824.86053,16.45127717122383,593.0592518124661,814.9872690059475,-1.6149307565099207,0.7974264250560736,1.8010803012912597,-0.07603339177671842,-0.29377469243445375,0.3034545214361286,2.6829304691139755
131,7,597.71533,812.3388,576.67456,819.5605,561.15045,830.5198,16.276873765541684,589.7870272201344,816.2394235004239,-3.2722245923316677,1.2521544944763718,3.5036187950028936,-1.657293835821747,0.4547280694202982,1.7185460352785058,2.7761219955376206
148,7,547.1959,827.50757,569.1169,822.9149,591.6847,814.1414,9.411310725628034,585.3088326626905,818.0636059175845,-4.478194557443885,1.824182417160614,4.835480119429504,-1.2059699651122173,0.5720279226842422,1.3347582182115276,2.754768113393059
163,7,535.59436,827.819,559.57074,828.2231,582.0585,817.74915,25.939948109523836,579.281169499181,820.7601017914587,-6.027663163509487,2.6964958738742553,6.603318348417717,-1.5494686060656022,0.8723134567136412,1.7781405253653553,2.7209417841835455
165,7,533.766,828.0514,558.8619,827.7817,581.3808,817.6208,23.66989730743212,573.6341259549816,823.1652721803242,-5.647043544199391,2.4051703888654856,6.137910506805991,0.3806196193100959,-0.29132548500876965,0.4793139188667039,2.7389457736556464
166,7,535.15137,828.0908,559.1218,827.6967,581.08044,817.24335,24.51479281608177,569.4415280462454,824.7323969478707,-4.192597908736275,1.5671247675464883,4.4759085403298196,1.4544456354631166,-0.8380456213189973,1.6786103091336158,2.7838887528989567
167,7,533.02594,828.1471,558.3852,827.8609,581.0032,817.51605,23.931490239625365,565.2903473678741,826.3473031701639,-4.151180678371247,1.6149062222931434,4.454236537419615,0.041417230365027535,0.04778145474665507,0.06323333289347008,2.7705845710189174
168,7,532.61346,828.30743,558.43994,828.2481,580.73816,817.39935,25.81271251006266,562.0535119754016,827.76228567801,-3.2368353924724715,1.4149825078461618,3.5326022781333637,0.9143452858987757,-0.19992371444698165,0.9359470035443205,2.7294760420180344
169,7,533.6194,828.22156,558.1046,828.2344,579.8207,817.72266,25.85940975291397,559.1820665499772,828.7840800670241,-2.87144542542444,1.021794389014076,3.0478291626355296,0.3653899670480314,-0.3931881188320858,0.5367557403606187,2.7997187146890674
170,7,532.48584,827.3861,556.0361,827.5563,577.5101,818.07733,24.23136573653811,556.6220674103972,829.4371849920537,-2.559999139579986,0.6531049250296519,2.6419957679277717,0.311446285844454,-0.36868946398442404,0.48262895667316447,2.8918017562270357
171,7,532.2688,826.3521,555.1706,827.2535,576.38763,818.50323,24.665889111783716,554.5463662037896,829.800539872755,-2.0757012066076186,0.3633548807013085,2.1072641667436445,0.48429793297236756,-0.2897500443283434,0.5643576667943697,2.9682968912507035
172,7,532.8853,826.38965,556.32294,827.0376,576.8873,817.35846,26.78875807903598,553.082910529813,829.9530841287844,-1.4634556739765685,0.15254425602938682,1.4713844704025427,0.6122455326310501,-0.2108106246719217,0.6475227499487907,3.03773206900521
173,7,534.1878,825.33905,557.24854,827.44116,577.54315,816.145,34.309092455230065,552.1800317982503,829.973757179798,-0.9028787315627369,0.020673051013545773,0.9031153741059585,0.5605769424138316,-0.13187120501584104,0.5758789135559403,3.1186998345293997
174,7,534.0309,824.63196,558.2775,826.0765,578.2936,813.994,34.52621966777144,551.7411573714153,829.941498445452,-0.43887442683501376,-0.03225873434598725,0.4400583921155996,0.46400430472772314,-0.05293178535953302,0.46701367079262834,-3.068221263532538
175,7,533.634,826.32776,557.2054,827.9379,577.1928,815.437,35.93127862708102,551.6819370722272,829.9407315581143,-0.05922029918804128,-0.0007668873377042473,0.05922526447479871,0.3796541276469725,0.031491847008283,0.3809579938357729,-3.128643639744426
176,7,533.70123,826.7628,558.30493,828.6149,577.6325,815.2271,39.01453383864572,551.9669105660258,830.0778170010004,0.2849734937985886,0.13708544288613211,0.3162314197214774,0.3441937929866299,0.13785233022383636,0.3707730196207171,0.44836999642602277
177,7,536.6203,827.9153,560.03516,828.9911,577.4757,815.01044,41.34690785005572,552.5728399787562,830.321196008268,0.6059294127303474,0.24337900726754924,0.6529806998604794,0.3209559189317588,0.10629356438141713,0.3380991329865195,0.38193858054787216
178,7,537.2313,828.96246,561.25653,828.2961,578.0161,815.0071,36.82278790844756,553.4483001304393,830.2121153600775,0.8754601516831144,-0.10908064819045649,0.8822295987976553,0.269530738952767,-0.3524596554580057,0.44370556449744997,-0.12395923182234488
179,7,537.421,829.21075,560.9012,826.3799,578.2271,815.14624,26.08358194417932,554.4291166174036,829.7340959471485,0.9808164869642724,-0.4780194129290294,1.0911019843433292,0.10535633528115795,-0.3689387647385729,0.38368707237891114,-0.4534917321379032
180,7,539.3192,828.8829,559.8326,825.57074,578.273,816.57227,16.83927774406565,555.3229277300535,829.0439392789904,0.893811112649928,-0.6901566681581244,1.1292539713012417,-0.08700537431434441,-0.212137255229095,0.2292861753698059,-0.6575273479641934
181,7,539.38416,829.1405,560.1548,825.4845,578.3503,815.9869,17.580661816290394,555.9717844072586,828.3702750213951,0.6488566772051172,-0.6736642575953056,0.9353280277609026,-0.24495443544481077,0.016492410562818804,0.2455090121569034,-0.8041537617359429
182,7,543.25494,826.72876,559.75287,825.504,576.6315,818.0049,19.70994302020203,556.3553881817465,827.8261270796542,0.3836037744879377,-0.5441479417409028,0.6657693581881442,-0.2652529027171795,0.12951631585440282,0.2951839739423313,-0.9567477303501374
183,7,573.683,819.18805,556.9969,826.19366,547.89655,828.70874,7.325657809117613,556.4878532347105,827.4717312389834,0.1324650529639939,-0.3543958406708043,0.37834296893363806,-0.2511387215239438,0.18975210107009843,0.31476422495130835,-1.2130982104599075
185,7,574.396,819.28186,555.65985,827.03064,547.33923,830.56915,0.5695826290474058,556.0558239008376,827.2812256518243,-0.43202933387294706,-0.19050558715900934,0.47216705101637624,-0.564494386836941,0.16389025351179498,0.5878043279583559,-2.7262857814609522
186,7,576.3988,818.5052,554.03925,827.6902,542.43036,833.15076,2.8591015768065096,555.5210270342174,827.3865701181677,-0.5347968666202405,0.10534446634335382,0.5450735226884473,-0.10276753274729344,0.29585005350236315,0.31319070858554726,2.947102295955705
187,7,571.9397,820.04755,554.1347,827.9521,549.0216,830.01764,1.941384694962176,554.8003631178301,827.552531995289,-0.7206639163872524,0.1659618771212763,0.7395267574876722,-0.18586704976701185,0.06061741077792249,0.1955019966100404,2.915248611064847
188,7,569.6764,821.75867,551.12256,828.68207,545.75964,832.0038,11.31036434999348,553.9167612798545,827.7096684665705,-0.8836018379755615,0.15713647128154662,0.8974653634991195,-0.1629379215883091,-0.008825405839729683,0.16317675716766128,2.965596310665689
189,7,562.3242,824.23474,551.6546,828.2037,553.72614,829.46075,128.3447068739189,552.964620659675,827.8166157888718,-0.9521406201795344,0.10694732230126647,0.9581281179170557,-0.06853878220397291,-0.05018914898028015,0.08495007558188745,3.0297384498513873
190,7,566.00085,822.5024,551.11755,828.39465,546.355,831.2191,9.071750058939148,552.3242204414998,827.9443265129582,-0.6404002181751594,0.12771072408645523,0.6530103126945841,0.31174040200437503,0.020763401785188762,0.31243110775904265,2.9447516755344303
191,7,545.86804,827.85986,553.74835,828.5908,565.4503,822.6114,32.365407158456335,552.2148001671636,828.1918322630728,-0.10942027433623025,0.24750575011455567,0.2706139182961304,0.5309799438389291,0.11979502602810044,0.5443257747160845,1.9870544024005663
192,7,533.4626,833.1625,553.3949,829.50116,571.8863,818.88196,19.45932172368243,552.0710114019982,828.6284223175595,-0.1437887651653682,0.4365900544867145,0.45965866103500513,-0.034368490829137954,0.18908430437215884,0.19218238036244567,1.888953124929382
193,7,528.7083,836.188,551.72687,831.5465,572.4873,819.82983,18.039010656463827,551.6767986090067,829.2044165711703,-0.39421279299153866,0.5759942536108156,0.6979778695280175,-0.25042402782617046,0.13940419912410107,0.28661075424016214,2.17097833527259
194,7,531.0686,834.6681,549.7671,831.74603,571.30273,822.70624,13.88880877517052,550.9615568890049,829.8403925727583,-0.7152417200018135,0.6359760015880056,0.9570977967935249,-0.32102892701027486,0.059981747977190025,0.3265844179806617,2.414789770008998
195,7,554.33044,827.343,547.6183,831.5521,549.58606,831.454,150.76403069770654,549.9031252444108,830.4680220310355,-1.0584316445940658,0.6276294582771698,1.230526831554433,-0.3431899245922523,-0.008346543310835841,0.34329140555346777,2.6063504451992348
196,7,564.68756,823.7291,545.73474,832.14374,534.1776,837.1151,0.6649964725972803,548.6731182840505,831.0633532941442,-1.230006960360356,0.5953312631087329,1.3665051903924703,-0.17157531576629026,-0.032298195168436905,0.17458883810668038,2.690821579726068
197,7,558.1566,824.5762,546.1572,832.0369,543.4709,834.0356,4.777744208839662,547.4915945183526,831.6135288700857,-1.1815237656978752,0.5501755759414664,1.3033386257114503,0.048483194662480855,-0.04515568716726648,0.0662544809671621,2.705801344572772
198,7,545.992,829.6841,545.74506,832.45264,553.90063,825.993,133.47826498373342,546.4828895372292,832.10569126686,-1.008704981123401,0.49216239677434714,1.1223678379844242,0.1728187845744742,-0.05801317916711923,0.18229608130422004,2.6876596162924953
199,7,555.04175,826.80695,543.6122,832.55255,544.8871,831.54266,168.30475668759863,545.3884472485292,832.5269829924688,-1.0944422886999519,0.4212917256087394,1.1727278633004241,-0.08573730757655085,-0.07087067116560775,0.11123640565003791,2.7741383660644305
200,7,551.2765,829.11487,541.92194,833.67944,548.8473,831.67,170.17044639869906,544.0454031980488,832.8645465549118,-1.3430440504804437,0.3375635624430515,1.38481640668363,-0.24860176178049187,-0.08372816316568787,0.26232278068719933,2.895351201656999
201,7,545.90784,833.2276,541.4518,833.1537,553.17865,828.7289,158.37711648308905,542.914774120261,833.1168066102695,-1.1306290777878303,0.25226005535762397,1.1584287837706688,0.21241497269261345,-0.08530350708542755,0.22890349264499504,2.9220733157829706
202,7,547.7288,831.3552,542.68524,832.4884,550.987,828.9608,169.64113258372544,542.081883127397,833.3273164069378,-0.8328909928640087,0.21050979666836156,0.8590819404965682,0.2977380849238216,-0.04175025868926241,0.3006510457569126,2.8940312736513905
203,7,552.96234,828.2012,542.5931,832.49963,546.23706,829.9905,167.9655452869108,541.4902762865106,833.5509113413923,-0.5916068408863566,0.22359493445446788,0.6324502738533937,0.24128415197765207,0.013085137786106316,0.24163870308056218,2.780242440035236
204,7,560.4185,824.52106,542.4511,833.8471,531.58685,835.11,20.80133957325035,541.0834996646564,833.8263816491744,-0.40677662185419194,0.2754703077821432,0.49127498466408503,0.18483021903216468,0.051875373327675334,0.19197204021774542,2.5463311621737104
205,7,560.4316,824.6821,543.16626,833.7207,531.58716,835.3348,19.69689653374968,540.8050993288887,834.1283369220912,-0.27840033576774204,0.30195527291675717,0.4107112535563456,0.1283762860864499,0.026484965134613958,0.13107983905823103,2.3156296787812938
206,7,556.3253,829.7706,542.53296,834.3797,538.7654,833.122,36.93838289881186,540.5986213462616,834.4153415910152,-0.20647798262712058,0.2870046689240553,0.35356023149383203,0.07192235314062145,-0.014950603992701872,0.07345982195071571,2.194439781820126
207,7,545.0642,833.6,540.35815,835.4062,547.07855,830.7948,166.54003686071292,540.4168339685929,834.6539106555754,-0.1817873776686838,0.2385690645601244,0.2999364086681533,0.02469060495843678,-0.048435604363930906,0.05436574052942557,2.221927338250413
220,7,538.49115,832.8411,536.97437,836.7275,543.8829,829.8053,156.37659998895933,538.9512492117046,835.4760354892443,-1.4655847568882336,0.8221248336689086,1.680424922975815,-1.2837973792195498,0.5835557691087843,1.4102031933558827,2.6303787927588207
226,7,560.4598,823.3274,536.2536,839.2089,515.1705,832.16315,51.74776870796521,537.7714417892362,836.7921183370244,-1.179807422468457,1.3160828477800806,1.7674896368388107,0.2857773344197767,0.4939580141111719,0.5706690849982374,2.301648723740988
227,7,560.1293,821.75934,537.77826,838.1233,514.4411,831.34064,52.41499960952347,537.2875089553646,837.2089432342063,-0.48393283387156316,0.4168248971819821,0.6386970976994744,0.6958745885968938,-0.8992579505980984,1.1370603786821474,2.4305587564844786
228,7,559.19775,821.8014,537.403,838.21967,514.12476,831.3187,53.50390151381431,536.6970491887963,837.6909557420873,-0.5904597665683013,0.48201250788099514,0.7622196492413583,-0.10652693269673819,0.06518761069901302,0.12488959916030423,2.456970880078174
229,7,558.6398,821.2138,537.0175,837.51306,513.4149,832.0411,50.062418481410255,536.1108460396537,838.2106622563617,-0.5862031491426478,0.5197065142743895,0.7834085735068219,0.0042566174256535305,0.037694006393394375,0.037933585513284046,2.416250634439944
230,7,557.5361,821.7488,535.3514,838.03204,512.35547,832.7039,49.32333775117591,535.6656180187254,838.733913901949,-0.4452280209283117,0.5232516455872656,0.6870373172030196,0.1409751282143361,0.0035451313128760376,0.14101969625224003,2.275805112644352
231,7,554.62646,821.23944,537.9747,840.9356,515.43945,832.9498,69.30045198210544,535.3420655913771,839.2312087959526,-0.3235524273482042,0.49729489400363036,0.5932860902170192,0.12167559358010749,-0.025956751583635196,0.12441343587348612,2.147610700130074
232,7,554.8048,823.0605,533.8938,838.4418,516.294,833.77734,51.18038540940891,534.6877066602117,839.6916330242154,-0.6543589311654614,0.46042422826280927,0.8001100429112289,-0.3308065038172572,-0.036870665740821096,0.3328549067686525,2.5284369984574746
233,7,553.9959,823.15137,533.04083,840.1881,514.7252,832.0978,62.94344807128513,533.9176298411102,840.1089196647646,-0.7700768191015186,0.41728664054915043,0.8758689671967542,-0.1157178879360572,-0.04313758771365883,0.12349688685199924,2.6450075713845806
235,7,552.82715,822.9225,534.03125,841.2687,510.4281,830.3036,69.22402405524184,533.3001734524191,840.7890124948293,-0.6174563886910391,0.6800928300647229,0.9185742481916329,0.15262043041047946,0.26280618951557244,0.3039080272489935,2.3079590513493113
236,7,552.24396,822.314,533.6657,840.8272,509.89,829.74664,69.88717661454307,532.9750100318543,841.0392848403992,-0.325163420564877,0.25027234556989697,0.41032608621742417,0.2922929681261621,-0.4298204844948259,0.5197892150741188,2.4856137688362216
237,7,552.3447,822.86444,532.8493,839.98145,508.36606,828.53033,66.349233829897,532.3810911347784,841.2213519103631,-0.5939188970758096,0.18206706996386401,0.6211989007306538,-0.26875547651093257,-0.06820527560603296,0.27727507240124083,2.8441356740298804
238,7,552.4788,823.5637,531.81006,839.5927,506.9121,828.47375,61.85885647328617,531.9303018864572,841.3369100128632,-0.4507892483212572,0.1155581025001311,0.4653650410757934,0.14312964875455236,-0.06650896746373292,0.1578275612993289,2.890650089916392
240,7,551.56177,823.7625,532.0997,841.66077,508.12677,829.6601,69.19532644504102,531.4323203700611,841.5106594599816,-0.4979815163960666,0.1737494471184391,0.5274224692275531,-0.04719226807480936,0.058191344618307994,0.07492224472432306,2.8058915089753365
242,7,549.3579,824.3455,530.40704,841.3805,507.2236,828.03265,71.88357279287851,530.7311226155941,841.8846696213502,-0.701197754466989,0.3740101613685738,0.7947086835290617,-0.20321623807092237,0.2002607142501347,0.2853089432311436,2.65159310803315
243,7,547.311,824.4165,529.60016,842.2377,506.04788,827.39417,77.39857148236078,530.0606073021339,842.2086876200076,-0.6705153134602142,0.3240179986573821,0.7447002410625262,0.030682441006774752,-0.04999216271119167,0.05865687102698605,2.6914449209230016
244,7,545.4552,824.4196,528.03864,841.2564,505.6938,826.9951,76.57779709519728,529.2114478285728,842.4561121934385,-0.8491594735611443,0.24742457343086244,0.884472006948826,-0.1786441601009301,-0.07659342522651968,0.19437152241544337,2.8580665710736257
245,7,541.51624,824.4134,527.88336,842.4799,505.9848,825.37506,90.95527993724426,528.2782077578474,842.4172598204261,-0.9332400707253328,-0.038852373012332464,0.9340484658175472,-0.08408059716418848,-0.2862769464431949,0.29836896099347604,-3.099984978083457
246,7,543.5935,826.29236,525.7637,838.975,503.90744,824.43475,69.05928540208961,527.3411992384822,842.005995410928,-0.9370085193652358,-0.4112644094981306,1.0232904670145606,-0.0037684486399029993,-0.3724120364857981,0.37243110252052125,-2.7279975596673394
247,7,545.17993,827.4885,526.0618,839.0951,504.3008,824.7916,64.57869244695978,526.4237287613533,841.6303775996,-0.9174704771288589,-0.37561781132797023,0.9913832844010789,0.019538042236376896,0.03564659817016036,0.040649908432065715,-2.7530041463671733
248,7,544.4636,828.36206,525.26227,840.6373,502.22852,823.8019,68.75364496928836,525.5348514029245,841.4375475356444,-0.8888773584288856,-0.19283006395562552,0.9095528527208544,0.028593118699973274,0.1827877473723447,0.18501061328055446,-2.927966161799472
249,7,544.28906,829.08765,523.60474,837.29034,500.47644,821.7303,55.56312820240992,524.6755527501759,840.4932945653635,-0.8592986527485209,-0.9442529702808997,1.2767176064031251,0.029578705680364692,-0.7514229063252742,0.7520048430562448,-2.309125380339757
250,7,546.2346,827.95715,523.61426,835.0582,500.9811,821.1208,49.05298977797628,523.8145404321544,839.304989572878,-0.8610123180214941,-1.1883049924855413,1.4674504989780095,-0.0017136652729732305,-0.24405202220464162,0.24405803857042424,-2.197823807020458
251,7,546.3088,827.96313,522.92596,835.8806,499.70224,821.2991,50.82982447338386,522.9124525884231,838.6006264648775,-0.9020878437313513,-0.704363108000507,1.1445042008310904,-0.041075525709857175,0.4839418844850343,0.4856819395152216,-2.478660266509811
252,7,542.8687,828.6065,520.6435,838.662,496.70352,821.57043,59.86801288282778,521.9409206947561,838.2204768127556,-0.9715318936670201,-0.38014965212187235,1.043258346921129,-0.06944404993566877,0.3242134558786347,0.33156724965568457,-2.768618322941931
253,7,542.71674,829.1573,520.4506,838.43744,497.50992,821.82367,58.53781568990825,520.9155495717712,837.992255462351,-1.0253711229848932,-0.228221350404624,1.0504622433156803,-0.053839229317873105,0.15192830171724836,0.16118582901803055,-2.922588139266421
254,7,541.1567,829.1701,519.62494,837.5352,498.0371,821.75476,57.39760352877158,519.862937376297,837.7995102883731,-1.0526121954741257,-0.19274517397786894,1.070113608993278,-0.027241072489232465,0.035476176426755046,0.0447284598910567,-2.960487713305336
255,7,540.15625,829.2177,517.96533,837.38916,497.07742,821.45996,57.544694883682965,518.8096822651621,837.5257891655324,-1.0532551111349449,-0.2737211228406977,1.0882415091426432,-0.0006429156608191988,-0.08097594886282877,0.0809785010652975,-2.8873359464568282
256,7,539.3452,829.2581,516.9014,836.1248,497.56317,821.5701,53.97801727159619,517.7823823951956,837.1020780306758,-1.027299869966555,-0.42371113485660317,1.1112498137839084,0.025955241168389875,-0.14999001201590545,0.15221917832073836,-2.7503987201724507
257,7,536.01025,827.72644,516.43695,836.57074,497.12943,820.2441,64.53431558827147,516.8076359232256,836.649115069196,-0.9747464719699792,-0.4529629614797841,1.0748516777167247,0.05255339799657577,-0.029251826623180932,0.060145897630504534,-2.7065831285047754
258,7,535.5175,828.08014,516.72736,836.0795,497.74332,820.3858,62.64038871771114,515.9120410060812,836.335076528623,-0.8955949171444217,-0.31403854057305125,0.9490576697862863,0.07915155482555747,0.13892442090673285,0.15989047299815679,-2.8043406938187503
259,7,535.2473,827.7469,515.1165,837.19183,495.8348,820.6089,65.83167244770434,515.1954111211261,836.2552183307605,-0.7166298849550685,-0.07985819786244974,0.7210656861732868,0.17896503218935322,0.2341803427106015,0.2947353315410133,-3.0306147513492436
262,7,534.92737,828.44507,513.2727,832.26373,493.99667,820.27454,41.88149317057004,513.9355059534787,835.1647906795167,-1.2599051676473891,-1.0904276512437718,1.666251329800401,-0.5432752826923206,-1.010569453381322,1.1473441736862766,-2.428177782358084
263,7,534.1257,825.5195,511.22534,830.5273,494.0586,819.6343,44.73199282719978,512.5719350291585,833.8827260129721,-1.3635709243202427,-1.2820646665446702,1.8716344394282387,-0.1036657566728536,-0.19163701530089838,0.21787917463583356,-2.3869925661940568
264,7,534.1389,825.34503,508.9448,830.95374,490.70566,818.8345,46.15313163053585,511.3235025594583,832.8955270301807,-1.2484324697001625,-0.9871989827913694,1.591585832754854,0.11513845462008021,0.2948656837533008,0.3165479982366053,-2.4725169634052198
266,7,491.5037,819.2537,508.1137,831.6937,532.3502,826.6299,48.63251700041487,509.4394893737847,831.9422193906457,-1.8840131856736093,-0.9533076395349553,2.11146895297746,-0.6355807159734468,0.033891343256414075,0.6364836758826131,-2.6731578550605257
267,7,492.2338,819.3051,508.7596,831.88995,532.89075,824.9744,53.28151693670884,508.5795401301281,831.6804663628493,-0.8599492436565583,-0.2617530277964306,0.8989034148483839,1.024063942017051,0.6915546117385247,1.2357001004921557,-2.8461205855692024
268,7,490.34167,818.8495,508.89786,831.9743,532.6526,825.23267,51.1158741483826,507.65410107271725,831.3905819693069,-0.9254390574108697,-0.2898843935423656,0.9697785368840374,-0.0654898137543114,-0.028131365745935,0.07127614919667,-2.838033898230672
269,7,490.90182,819.1368,506.64795,832.19507,531.37024,824.77203,56.38172190619698,506.6979094639492,831.0532324593717,-0.9561916087680515,-0.33734950993527946,1.0139561551329563,-0.0307525513571818,-0.04746511639291384,0.05655666794613136,-2.8024208302560725
270,7,494.10397,820.3431,505.7869,831.05664,528.6247,825.60645,55.94415262783916,505.77508687146866,830.6747817693703,-0.9228225924805429,-0.37845069000138665,0.9974098766079248,0.03336901628750866,-0.04110118006610719,0.05294146060341163,-2.752408754465608
271,7,489.0442,819.04395,505.27585,830.5295,527.774,824.9674,49.16969288137401,504.94975486292026,830.261593835631,-0.8253320085484006,-0.41318793373932294,0.9229827695695669,0.09749058393214227,-0.034737243737936296,0.10349439626346381,-2.677439262747024
272,7,491.03513,819.4304,506.0538,829.8271,527.1737,824.7232,48.27864222474606,504.28603500594875,829.8200325944811,-0.663719856971511,-0.44156124114988415,0.7971827759203715,0.16161215157688957,-0.02837330741056121,0.16408391789180846,-2.5545488945807024
273,7,492.1726,819.86304,506.65204,829.70905,525.35876,825.1244,47.98634870103121,503.8480488681987,829.3564619822482,-0.4379861377500447,-0.4635706122328429,0.637753533417992,0.22573371922146634,-0.02200937108295875,0.22680415430283277,-2.327823996677453
274,7,490.91757,819.8811,506.18643,829.42896,525.1129,825.40546,44.01997202576268,503.6480447886249,828.8827652222815,-0.20000407957383004,-0.4736967599667423,0.5141889266107978,0.23798205817621465,-0.010126147733899415,0.2381973947836457,-1.970309636624705
275,7,490.81378,820.3651,504.41013,826.7988,523.38446,824.7979,31.34307203507269,503.490778191421,828.4329026860125,-0.15726659720388625,-0.44986253626893813,0.4765596333455144,0.04273748236994379,0.02383422369780419,0.048934268346407586,-1.9071041659146046
276,7,487.0356,819.10236,504.7945,827.98645,525.35565,825.9965,32.10498319550263,503.12913127209094,828.0463540318946,-0.3616469193300418,-0.38654865411797346,0.5293471037621028,-0.20438032212615553,0.06331388215096467,0.21396252883488115,-2.322924383974893
277,7,484.7208,818.7841,502.39343,830.75525,523.0519,826.1734,46.61825580967762,502.3902334872218,827.7542853068921,-0.7388977848691525,-0.292068725002423,0.7945275807730536,-0.3772508655391107,0.09447992911555048,0.38890188037047035,-2.7651651201101033
278,7,488.3044,819.9284,500.81732,827.5648,516.212,824.37305,43.10817247712336,501.3982033377355,827.5546081120203,-0.9920301494863111,-0.19967719487181057,1.0119262817229857,-0.2531323646171586,0.09239153013061241,0.26946648930163836,-2.942965304283125
279,7,501.33606,821.50555,498.2681,828.21265,498.9287,821.0316,160.67576979801265,500.3514065856373,827.4369204368052,-1.0467967520982029,-0.11768767521516565,1.0533915839330106,-0.05476660261189181,0.08198951965664492,0.09859848931487863,-3.0296362918594957
280,7,490.08203,818.9308,499.22882,828.9205,519.2142,824.88824,58.92886422321225,499.41338696464106,827.3898108897364,-0.938019620996215,-0.04710954706877146,0.9392018519992961,0.10877713110198783,0.07057812814639419,0.12966779254474833,-3.091412467631266
281,7,501.77585,822.462,498.77853,827.81946,513.5653,823.1568,136.72683294718843,498.6084000952947,827.3978305551542,-0.8049868693463509,0.0080196654178053,0.8050268162325106,0.13303275164986417,0.05512921248657676,0.14400327454931214,3.1316305033746366
282,7,487.84558,818.4864,498.14496,828.60376,519.34705,825.51166,52.78674174960381,497.9258795698555,827.4445211363621,-0.6825205254392017,0.04669058120794034,0.6841156905226917,0.12246634390714917,0.03867091579013504,0.12842680840864903,3.073290017797047
283,7,491.39185,819.03796,498.57584,827.98285,516.93726,824.8336,60.96298192518045,497.3552589805795,827.5134243366632,-0.5706205892760181,0.06890320030106523,0.5747656112864085,0.11189993616318361,0.022212619093124886,0.11408328606899797,3.0214231200813795
284,7,487.96445,818.6323,498.15158,829.29767,516.0927,824.10004,62.47029127380498,496.88597191972406,827.5880818593606,-0.4692870608554358,0.07465752269740733,0.4751884796390243,0.1013335284205823,0.005754322396342104,0.10149677930065568,2.9838276204214877
285,7,484.56235,818.1458,497.18048,828.4481,514.77924,824.8395,50.8184806324007,496.50745197954535,827.6520354077581,-0.3785199401787054,0.06395354839753509,0.38388461999085943,0.09076712067673043,-0.010703974299872243,0.09139608996973815,2.97421649070385
286,7,481.83206,818.0986,496.2677,828.46185,512.78485,824.82715,48.08490300164407,496.19845901873265,827.6942764395466,-0.3089929608127022,0.042241031788421424,0.3118668860240705,0.06952697936600316,-0.021712516609113663,0.07283841182550363,3.0057293494647124
287,7,480.4801,817.4619,497.58682,829.1002,513.9424,825.38086,47.040391424312936,495.8950579617037,827.7255954299712,-0.3034010570289638,0.03131899042466557,0.305013246544331,0.005591903783738417,-0.010922041363755852,0.012270304620431468,3.038730604190098
288,7,478.18738,817.05023,496.6249,828.0935,514.2737,825.13995,40.42027009721564,495.5226399993087,827.7622326086644,-0.3724179623949908,0.03663717869312677,0.37421574202193697,-0.069016905366027,0.005318188268461199,0.06922150209842261,3.0435316758597244
289,7,475.05835,816.4716,495.5616,827.556,514.1878,825.12305,35.83833843755086,495.012647155507,827.8204282052592,-0.5099928438016832,0.0581955965948282,0.5133024724194849,-0.13757488140669238,0.021558417901701432,0.13925377329354444,3.0279734925038464
290,7,474.32773,817.24243,494.6112,828.4788,513.3136,824.69025,40.43656361008275,494.32072478669545,827.9164224493887,-0.6919223688115608,0.0959942441295425,0.6985495396661597,-0.18192952500987758,0.03779864753471429,0.18581466526023513,3.0037370505402756
291,7,481.2029,819.7155,491.6256,828.2709,506.0526,822.988,59.49226978983928,493.40856908238015,828.0664555706853,-0.9121557043152961,0.15003312129658752,0.9244122275267298,-0.22023333550373536,0.05403887716704503,0.2267662283334444,2.978570426103679
292,7,481.92355,820.2202,489.8811,829.2164,507.35468,823.0627,67.90641231961787,492.2660779513418,828.2866342254711,-1.142491131038355,0.22017865478574095,1.1635139124757203,-0.23033542672305884,0.07014553348915342,0.24077957694159102,2.9512086796984174
293,7,476.62256,818.16364,488.24966,830.23663,508.4011,823.40094,64.81560629663534,490.9959561794577,828.5925307768189,-1.270121771884078,0.30589655134781424,1.3064386765326705,-0.12763064084572306,0.08571789656207329,0.15374374222620005,2.9052532578915757
294,7,477.2749,818.9323,488.44278,830.30676,508.51215,823.6775,63.80435436640321,489.7291102718797,828.999584014492,-1.2668459075780447,0.4070532376731535,1.3306355217892827,0.003275864306033327,0.10115668632533925,0.10120971532058877,2.830699713370223
295,7,479.03232,819.1378,487.9893,831.2517,507.1001,823.0459,76.75864816225229,488.59644673375976,829.5041839674931,-1.132663538119914,0.5045999530010477,1.2399789527064486,0.13418236945813078,0.09754671532789416,0.16589234444259185,2.722488443995424
296,7,477.48022,818.3859,487.67502,830.6476,507.04358,822.92096,72.00696201259866,487.72887207024985,830.0265256217865,-0.8675746635099131,0.5223416542934274,1.0126828726577404,0.26508887461000086,0.01774170129237973,0.2656819139624389,2.59965165818449
297,7,473.9612,817.75134,489.13663,830.8884,510.2199,823.37,60.50871213569715,487.2572927865018,830.4677552025771,-0.47157928374804214,0.4412295807906048,0.6458100059808375,0.39599537976187094,-0.08111207350282257,0.4042171560692046,2.389430940810483
298,7,469.46844,816.3561,489.61514,830.46857,511.9814,824.0563,51.00803749957771,487.2234468384003,830.3049637796985,-0.033845948101486556,-0.1627914228786267,0.16627265429329136,0.4377333356465556,-0.6040210036692315,0.7459570001078117,-1.7757858599984793
299,7,467.04938,815.8383,488.7178,819.21045,510.62384,822.5528,0.1701741937831984,487.31239798476224,828.2790874384323,0.08895114636192147,-2.025876341266212,2.027828211792427,0.12279709446340803,-1.8630849183875853,1.8671273495752587,-1.5269170195706978
300,7,469.3688,816.7351,490.23532,820.1905,510.04327,821.2032,6.475840166013095,487.1264454176056,826.1737402470462,-0.1859525671566189,-2.105347191386045,2.1135432698455086,-0.27490371351854037,-0.0794708501198329,0.2861602133858805,-1.6588916645430989
301,7,466.79102,816.21826,485.27716,821.50433,506.19196,821.1207,17.008530092091895,486.42873700838226,824.9799848129692,-0.6977084092233667,-1.1937554340770475,1.3826963009603668,-0.5117558420667478,0.9115917573089973,1.0454155029858472,-2.0997147987504663
302,7,464.90195,815.9038,484.44345,823.7497,503.3994,820.32605,32.11323930416778,485.529755609257,824.2813564932724,-0.8989813991252618,-0.6986283196968088,1.1385293518638857,-0.20127298990189502,0.4951271143802387,0.5344732695454004,-2.4809512121556594
303,7,465.54572,816.043,484.8485,821.3509,503.0225,820.7495,17.27037114620989,484.87521682195586,823.2776722893966,-0.654538787301135,-1.003684203875764,1.1982499760865288,0.24444261182412674,-0.30505588417895524,0.3909108375929284,-2.14867179337406
0,8,719.76044,731.08386,684.99457,738.14044,667.8005,741.0936,1.7278239144093164,684.9936938612224,737.9725717805154,,,,,,,
1,8,720.41876,731.17395,686.03986,737.9815,669.08026,741.5528,0.6906884040375686,685.9289874991194,738.225636391075,0.9352936378970753,0.2530646105595906,0.9689251189892967,,,,0.2642452312649173
2,8,719.476,731.7284,686.02826,738.3253,670.1421,741.1757,0.9853633762340918,686.0900577833804,738.309855286195,0.16107028426097258,0.0842188951199887,0.18175934299821334,-0.7742233536361027,-0.16884571543960192,0.7924207701327904,0.4817761368832978
3,8,719.6954,731.5008,686.7828,738.2254,671.0637,742.2507,2.8159853828945614,686.8834484928921,738.2706623049947,0.793390709511641,-0.0391929812002445,0.7943581734424011,0.6323204252506684,-0.1234118763202332,0.6442512020990467,-0.04935922051170714
4,8,723.9339,730.1171,690.1839,738.2816,670.4029,746.18756,8.186091660508223,688.7555752218639,738.153491286593,1.872126728971807,-0.11717101840179112,1.8757898434750069,1.078736019460166,-0.07797803720154661,1.0815507264879303,-0.06250558955795288
5,8,724.43134,730.5654,690.5988,737.80505,670.2815,746.6256,11.389338708809126,690.5263702264959,738.0037760701088,1.7707950046320775,-0.1497152164841964,1.7771127129354596,-0.10133172433972959,-0.03254419808240527,0.10642952215663555,-0.08434630096059234
6,8,725.84296,731.60034,693.11426,737.79175,670.19696,748.4914,14.314707054935086,692.1352014394046,737.8669504946613,1.6088312129086262,-0.13682557544746032,1.6146390029122826,-0.16196379172345132,0.012889641036736066,0.16247588336578886,-0.08484240971941501
7,8,727.0872,732.0117,694.7569,737.82855,670.42224,748.6005,13.677594856389751,693.9203178702337,737.7884483993696,1.7851164308291345,-0.0785020952916966,1.7868416971241003,0.17628521792050833,0.05832348015576372,0.18568281125284827,-0.04394758125778217
8,8,729.278,732.415,697.11743,737.6405,671.3013,748.66016,13.886347241474384,696.219968528628,737.8137036233524,2.2996506583942846,0.025255223982753705,2.2997893331763426,0.5145342275651501,0.10375731927445031,0.524891467485504,0.010981758742620407
9,8,732.0709,733.953,702.1315,738.1033,673.2362,750.3985,15.15808245425308,699.1210670273582,737.9581932830218,2.901098498730221,0.1444896596694889,2.904694435063032,0.6014478403359362,0.1192344356867352,0.6131527993072331,0.04976403448233546
10,8,732.4491,733.7081,702.818,738.4801,673.67676,750.4767,13.226811541956026,701.7051853917001,738.1175676039609,2.5841183643418617,0.1593743209390368,2.5890283689260025,-0.31698013438835915,0.014884661269547905,0.31732941675484705,0.061596523497256125
11,8,732.9325,732.50415,701.0537,738.3473,672.9392,748.5248,9.513741248880107,702.5543857912329,738.1575200890454,0.8492003995328332,0.03995248508454097,0.85013970594906,-1.7349179648090285,-0.11942183585449584,1.7390232659444091,0.04701251524714952
12,8,726.3612,732.91785,690.65967,738.40765,670.6215,740.0559,4.039584535592688,700.4831211215886,737.9437442411515,-2.071264669644279,-0.21377584789388493,2.0822673807317287,-2.920465069177112,-0.2537283329784259,2.9314662350502494,-3.038746506934528
13,8,722.9179,730.25543,688.1675,735.66895,669.9708,737.7864,2.2170848179834355,698.1343817511747,737.4032434560069,-2.3487393704139095,-0.5405007851446726,2.4101281561100305,-0.27747470076963054,-0.32672493725078766,0.4286506668474075,-2.9154067065440814
14,8,721.612,728.2688,687.781,733.8428,670.9787,737.06775,1.5089577915958128,696.0816773546501,736.7082607007468,-2.052704396524632,-0.6949827552600709,2.167163207887314,0.29603497388927735,-0.15448197011539833,0.33391823079364796,-2.8151371262014204
15,8,721.3871,733.6081,688.42206,735.07916,670.87836,727.0145,27.24283597653085,694.0748752929007,736.046228870512,-2.0068020617493403,-0.6620318302348096,2.1131825901434675,0.04590233477529182,0.03295092502526131,0.05650475907251846,-2.822940744436819
16,8,712.6376,733.661,684.3194,734.4619,672.13007,726.5919,34.46817644886931,691.9840961050229,735.4296430677023,-2.0907791878778426,-0.6165858028097091,2.1798017489417756,-0.08397712612850228,0.04544602742510051,0.09548559640870118,-2.8548146914938126
17,8,712.5055,732.9381,684.866,734.16943,673.0813,727.2348,33.02516877142576,690.1604730429557,734.8630466964579,-1.8236230620672131,-0.5665963712443727,1.9096158043990654,0.2671561258106294,0.04998943156533642,0.2717928233533224,-2.8403501395267696
18,8,714.1409,731.6564,686.14886,733.48474,673.6617,729.01227,23.44286009503429,688.9022571408744,734.3605252275659,-1.258215902081247,-0.5025214688920414,1.3548561115290216,0.5654071599859662,0.06407490235233126,0.5690262293382062,-2.7616104534466572
19,8,713.6374,732.0079,685.83984,733.542,673.6813,728.15295,27.063239321850805,687.8151578490542,733.9361641318142,-1.0870992918202091,-0.4243610957516921,1.1669906640001784,0.17111661026103775,0.07816037314034929,0.18812213648761947,-2.7694233337794927
20,8,708.5586,730.9646,683.78876,733.43317,674.08215,729.53503,27.571502767807058,686.4829374781384,733.6040488799895,-1.3322203709158202,-0.33211525182468904,1.372993684318199,-0.2451210790956111,0.09224584392700308,0.26190387385222436,-2.897278071938346
21,8,708.2812,734.1566,682.79474,734.1624,672.9351,726.1438,39.13375121604204,685.0941113641409,733.3782649428797,-1.3888261139975384,-0.22578393710978162,1.4070594732200545,-0.056605743081718174,0.10633131471490742,0.12045978017095238,-2.980430813965721
22,8,709.4735,734.4333,682.8101,734.16473,672.0042,725.8273,37.07546069976321,683.9883830994183,733.2728977912712,-1.1057282647225293,-0.10536715160844778,1.1107372470770813,0.28309784927500914,0.12041678550133383,0.3076436160472212,-3.04658744322073
23,8,709.56836,735.05927,683.1784,734.45575,672.67194,724.93713,40.86576591568925,683.3518204906671,733.2957699305233,-0.6365626087512055,0.022872139252058332,0.6369733821864976,0.46916565597132376,0.12823929086050612,0.48637611831113586,3.105677405355061
25,8,699.6388,735.23846,679.4054,735.2367,673.89844,725.98694,59.22700313487629,681.6186551116456,733.651051690754,-1.7331653790215569,0.3552817602306959,1.7692052905730185,-1.0966027702703514,0.3324096209786376,1.1458768659344556,2.939403548670597
26,8,690.7506,735.9607,674.4173,735.22253,672.73224,725.6065,77.47309330770017,679.5854430625704,733.9364766681624,-2.033212049075132,0.285424977408411,2.0531484734993937,-0.3000466700535753,-0.06985678282228491,0.30807137860651546,3.0021227486008044
27,8,673.2428,727.6981,672.99976,735.6448,687.52704,733.43646,100.39524080628212,677.2122657551237,734.2624346147196,-2.373177307446781,0.325957946557196,2.3954580178963973,-0.3399652583716488,0.040532969148785014,0.34237303995454765,3.005095865673911
28,8,672.9599,728.7236,672.31354,736.2037,688.2102,731.77496,110.50621332459306,675.0446495134283,734.604985309043,-2.1676162416953275,0.34255069432333585,2.194516153835003,0.2055610657514535,0.016592747766139837,0.2062296560422485,2.984857771323674
29,8,692.9537,738.1357,672.5763,737.2403,669.68097,722.7769,76.16400949620821,673.306872281029,734.9383969313617,-1.7377772323993668,0.3334116223187493,1.7694725257383408,0.42983900929596075,-0.009139072004586524,0.4299361540387573,2.9520351937740026
30,8,700.3411,736.7811,676.1854,737.02924,669.9557,722.6693,67.1359283109924,673.5031625332257,735.2364897623073,0.19629025219671803,0.29809283094562034,0.3569162352270142,1.9340674845960848,-0.03531879137312899,1.934389943107616,0.98847797189731
38,8,688.4373,738.8111,709.6856,735.0654,714.5523,718.06537,64.02745078665836,680.3184593292466,735.6695744383161,6.8152967960209025,0.4330846760087752,6.829043326443786,6.6190065438241845,0.13499184506315487,6.620382951568658,0.06346064627730613
90,8,679.3752,718.1771,668.0415,741.54456,659.08466,758.48285,1.9953732776958777,677.5430881559704,736.7684151464445,-2.7753711732761985,1.098840708128364,2.9849851006818353,-9.590667969297101,0.6657560321195888,9.613747614307597,2.764603551765969
91,8,678.7387,717.96344,668.1447,740.2041,658.2915,758.01666,3.479528034464112,674.9441527241497,738.0525075212146,-2.598935431820678,1.2840923747701254,2.89885470586501,0.17643574145552066,0.1852516666417614,0.2558275803280593,2.682689047364369
92,8,678.04065,716.8573,667.61224,739.3905,659.1175,757.97845,0.2733976504176824,672.6556208777363,738.5755678530577,-2.2885318464134343,0.5230603318431122,2.347545552869275,0.31040358540724355,-0.7610320429270132,0.821900332275961,2.9168950484735507
93,8,679.5562,712.6114,668.08936,734.81085,657.9649,755.0014,0.6872803402830446,671.022883187356,737.7637179538251,-1.6327376903802815,-0.811849899232584,1.8234397781315108,0.6557941560331528,-1.3349102310756962,1.487296641601064,-2.6801616636939665
94,8,683.9786,705.347,669.50146,729.25305,661.48596,750.7489,10.748599845273866,669.9049866307952,736.185213231455,-1.1178965565608223,-1.5785047223700985,1.9342620995395752,0.5148411338194592,-0.7666548231375145,0.9234830864247163,-2.1870042666652614
95,8,683.82654,705.1947,670.1176,729.3,661.34454,751.6055,8.156971227310951,669.0393922876301,734.6938424929073,-0.8655943431650712,-1.4913707385477437,1.7243666218979692,0.2523022133957511,0.08713398382235482,0.26692459238734356,-2.0966807675533112
96,8,682.82965,708.0519,669.27606,731.4189,660.90216,758.4386,12.895885998030645,668.2314499293149,733.942938676265,-0.8079423583152447,-0.7509038166422215,1.103008339137948,0.057651984849826476,0.7404669219055222,0.7427078926424326,-2.3927684047723803
97,8,678.20355,713.00464,667.9343,735.5769,658.9967,759.21204,3.7489917133275057,667.558064094817,733.7840112441096,-0.6733858344978216,-0.15892743215545124,0.691886125597163,0.1345565238174231,0.5919763844867703,0.6070761878807777,-2.9098214580170336
101,8,676.9214,712.85657,666.77374,738.9447,658.0199,765.08624,2.740954591603968,666.4078154985369,735.088479269993,-1.1502485962801074,1.3044680258833523,1.7391689578061034,-0.4768627617822858,1.4633954580388036,1.5391310406145502,2.2934511974896465
102,8,675.6086,713.9546,666.86505,738.3812,657.5175,763.4114,0.7830970011330416,666.0637818435135,735.5139855434663,-0.3440336550233951,0.4255062734733883,0.5471880340010794,0.8062149412567123,-0.878961752409964,1.1927096435030442,2.250715564871932
112,8,663.5351,714.57153,666.1871,733.4271,658.28955,747.3348,37.596213237108174,665.1490017318475,735.1787810885521,-0.9147801116660048,-0.33520445491421924,0.9742610940061227,-0.5707464566426097,-0.7607107283876076,0.9510164720203845,-2.7903549731646518
118,8,668.1643,698.6912,666.5608,720.76483,665.6523,741.76917,1.6781809381265904,665.0254663227082,731.7879729838996,-0.12353540913932193,-3.3908081046524785,3.3930577065367094,0.7912447025266829,-3.0556036497382593,3.1563874672749397,-1.6072126593333103
119,8,685.8243,708.21954,669.4024,729.0385,657.0143,750.59863,8.385156427992223,665.2591203718538,731.1834430258493,0.23365404914557075,-0.604529958050307,0.6481131728814241,0.3571894582848927,2.7862781466021715,2.8090799595851106,-1.2019771431954873
120,8,691.7351,708.49243,676.9496,733.8877,665.64166,760.5255,7.207098488260899,667.0631298805454,731.0811973004564,1.8040095086915926,-0.10224572539289056,1.806904672585358,1.5703554595460218,0.5022842326574164,1.6487285160699585,-0.056616362039439885
121,8,694.93195,708.69434,678.22565,732.7661,666.37585,761.26025,12.180585515542097,669.4873018911364,731.1606511990594,2.4241720105910645,0.07945389860299201,2.425473739073738,0.6201625018994719,0.18169962399588258,0.6462323747093282,0.0327639563452013
122,8,694.7485,709.0675,676.8698,730.8304,667.1858,759.7731,20.90394619844705,671.3036238278544,730.9783063856878,1.8163219367179408,-0.18234481337162833,1.8254520012222577,-0.6078500738731236,-0.26179871197462035,0.6618310040328513,-0.10005709498166222
123,8,694.6495,708.0499,677.45776,730.0898,670.5898,759.7885,24.93420188499269,672.7417687453618,730.4635305718806,1.4381449175074295,-0.5147758138072049,1.5274995719257407,-0.3781770192105114,-0.3324310004355766,0.5035158665916555,-0.34373456524393414
124,8,696.86035,707.7041,678.7811,728.7738,670.3717,756.3169,23.653389181909915,674.2798316610566,729.6615375193323,1.538062915694809,-0.801993052548255,1.7345980482438244,0.09991799818737945,-0.2872172387410501,0.3041008855491982,-0.4806447261097135
125,8,700.1568,706.69946,680.1433,726.5043,671.4285,755.4671,28.553971912719653,675.9319098128399,728.7080591428521,1.6520781517832575,-0.9534783764802341,1.9074808607204863,0.11401523608844855,-0.1514853239319791,0.18959767252548565,-0.5234401475836735
126,8,701.4134,706.2361,680.741,725.7008,671.39825,755.077,29.08071373909589,677.596100993738,727.7614568955267,1.664191180898115,-0.9466022473253588,1.9145725635818773,0.012113029114857454,0.006876129154875343,0.01392862615234938,-0.5171670100331802
127,8,702.2515,706.3068,681.81195,725.96027,671.92975,754.99426,27.326445624935896,679.1879510213724,726.949790773016,1.5918500276344503,-0.8116661225107009,1.786837542954411,-0.07234115326366464,0.1349361248146579,0.15310454021848585,-0.4715271285341265
128,8,702.813,706.55914,682.89734,726.4128,672.28125,755.1907,24.840456933212003,680.6927978117453,726.2799149412709,1.5048467903728806,-0.6698758317451166,1.6472090008410507,-0.08700323726156967,0.14179029076558436,0.1663551918317608,-0.4188096251654877
129,8,704.1042,706.6999,683.4571,725.9607,671.37897,755.2466,24.57719655291351,682.1134273054544,725.7283821088157,1.4206294937090433,-0.5515328324552229,1.5239345864150777,-0.08421729666383726,0.11834299928989367,0.14525019290277225,-0.3703199570903244
130,8,705.4945,706.5897,685.01886,725.6658,671.67163,755.0638,22.607749899459087,683.4526254430958,725.2717449841729,1.3391981376414606,-0.4566371246428389,1.4149095785471368,-0.08143135606758278,0.09489570781238399,0.12504503633578906,-0.32861491839530665
131,8,706.8311,705.44226,685.3888,725.5179,671.64343,754.766,21.713894979198365,684.7131781652673,724.8865562758665,1.2605527221714965,-0.385188708306373,1.3180908566486234,-0.07864541546996406,0.07144841633646593,0.10625430613124455,-0.2965601903406329
132,8,709.2401,704.1399,686.49414,725.01855,671.14905,754.38135,19.859285551533336,685.8978714125655,724.5493686924201,1.184693247298128,-0.33718758344639355,1.2317441116661374,-0.07585947487336853,0.04800112485997943,0.0897706406119872,-0.27728781816887854
133,8,710.76166,704.11615,687.2521,724.8365,671.2957,753.9995,19.923444452740068,687.0094911255879,724.2367349423574,1.1116197130224919,-0.31263375006267324,1.1547459668942157,-0.07307353427563612,0.024553833383720303,0.07708846960063524,-0.27415970301349774
134,8,711.499,703.82153,687.29297,724.66516,671.0542,753.4195,19.81332276419022,688.0455159045606,723.9185856542027,1.03602477897266,-0.3181492881547001,1.0837741057059314,-0.07559493404983186,-0.005515538092026873,0.07579587861119513,-0.2979454810928966
135,8,713.0434,702.822,688.19403,723.7224,671.8228,752.4726,20.2748666009182,688.9821949882289,723.5383631364841,0.9366790836683094,-0.3802225177186074,1.0109089319824909,-0.09934569530435056,-0.06207322956390726,0.11714372797550192,-0.385604649375086
136,8,713.45483,702.0294,688.9406,723.0465,672.6628,751.01056,19.18846317813464,689.7904702749662,723.0328876177306,0.8082752867372847,-0.505475518753542,0.9533175961920571,-0.12840379693102477,-0.12525300103493464,0.17937627862836597,-0.5588692541569459
137,8,713.70935,701.4872,689.5756,721.7688,672.9747,748.36017,17.98033568831382,690.441283663147,722.3389793264713,0.6508133881808362,-0.6939082912592767,0.9513499791947172,-0.15746189855644843,-0.18843277250573465,0.2455629435627436,-0.8174346505289203
138,8,713.7334,700.81244,689.50256,719.9187,673.0751,746.1005,19.638114832369748,690.9275739999974,721.4328634698109,0.4862903368504021,-0.906115856660449,1.0283599746224943,-0.1645230513304341,-0.21220756540117236,0.26851421793374275,-1.078240445462087
139,8,713.8961,700.4457,688.9419,718.6493,670.6044,745.27277,19.33196886429055,691.3302679281524,720.4483851691582,0.40269392815491756,-0.9844783006526541,1.0636540434881896,-0.08359640869548457,-0.07836244399220504,0.11458198887789459,-1.1825186755841826
140,8,714.9305,700.7222,690.3565,718.49164,670.72266,744.78033,17.374950755945004,691.752289039098,719.5587945244973,0.42202111094559314,-0.8895906446608706,0.9846183692943656,0.01932718279067558,0.0948876559917835,0.09683598119624355,-1.1278382843028145
141,8,715.4638,701.1603,691.70746,719.30963,672.9283,744.82117,16.263965280069403,692.296560924321,718.9373416358131,0.544271885223111,-0.621452888684189,0.8260965911430952,0.12225077427751785,0.26813775597668155,0.2946915472009047,-0.8515102719753095
142,8,716.91077,700.7551,692.8781,719.6475,673.70905,745.2382,14.993060911513432,693.0372302409361,718.6385543101663,0.7406693166150262,-0.2987873256467992,0.798664449279005,0.19639743139191523,0.3226655630373898,0.37773670278062443,-0.38343550747490374
143,8,718.5766,699.66644,693.6534,718.9707,673.0408,744.5072,13.33059304534528,693.9333359085682,718.242071182925,0.8961056676321277,-0.3964831272413676,0.9799001162105839,0.15543635101710152,-0.09769580159456837,0.18358902163995772,-0.4165587296927501
144,8,720.9447,696.4485,695.457,716.29224,670.95264,742.3618,8.86975311489054,694.9151399124707,717.3620748621398,0.9818040039025391,-0.8799963207851533,1.3184584281176497,0.08569833627041135,-0.48351319354378575,0.491049094460449,-0.730770183388298
145,8,723.43066,694.5902,697.0771,714.4629,671.9108,740.1287,8.543919579473002,695.912904237896,716.225813018285,0.9977643254252371,-1.136261843854868,1.5121589291115345,0.015960321522697996,-0.2562655230697146,0.25676204972172645,-0.8502069092160964
146,8,724.3229,693.63074,697.82117,713.7913,671.26447,739.5172,6.8282596456717615,696.871673827215,715.1687016913215,0.9587695893189903,-1.0571113269634225,1.4271382143987572,-0.03899473610624682,0.07915051689144548,0.08823487841085761,-0.83414302517783
147,8,725.6519,692.681,698.49976,713.1149,671.44336,738.5679,6.28696675191862,697.7956254512673,714.3457653367352,0.9239516240522789,-0.822936354586318,1.2372998210978057,-0.034817965266711326,0.2341749723771045,0.2367492521490439,-0.7276366449195498
148,8,725.77386,693.7937,697.9163,715.5004,669.4784,739.52997,2.271244156309192,698.7037188380101,713.6843372478885,0.9080933867428485,-0.6614280888467192,1.1234414607630965,-0.01585823730943048,0.16150826573959876,0.1622849456751151,-0.6295136658172872
149,8,725.4588,691.34973,699.4214,710.915,673.63086,735.90656,7.176382056342538,699.6127801972186,712.6011590604664,0.9090613592085219,-1.0831781874220496,1.4140960153090603,0.0009679724656734834,-0.4217500985753304,0.42175120938652355,-0.8725741903286913
150,8,726.2744,690.97455,700.9361,708.7821,678.29004,733.1887,12.043607347080828,700.5311016659405,711.3301453752256,0.9183214687218424,-1.2710136852408596,1.5680529672128403,0.009260109513320458,-0.18783549781880993,0.18806361654780235,-0.9451214758929865
151,8,727.6175,692.0167,701.6207,710.7144,676.9113,733.1822,6.554785196485803,701.464841863041,710.5295498131566,0.9337401971005193,-0.8005955620690202,1.2299691092405236,0.01541872837867686,0.4704181231718394,0.47067074244457907,-0.708778634493914
152,8,728.904,691.3931,702.7165,711.5131,675.5501,733.71594,1.7235145117355315,702.4201594073858,709.8662473649624,0.9553175443447799,-0.6633024481941447,1.1630140791552295,0.021577347244260636,0.13729311387487542,0.13897834734791933,-0.6069082024739635
153,8,729.997,688.7206,704.4941,707.4861,676.07086,731.925,4.343387669463613,703.40321291784,708.8581623920865,0.9830535104542832,-1.008084972875963,1.40805877610092,0.02773596610950335,-0.34478252468181836,0.3458963329409495,-0.7979689333821826
154,8,730.85736,686.4641,704.7067,705.6281,675.05005,731.0111,4.324859941099828,704.4201610132693,707.5394359749469,1.0169480954292567,-1.318726417139601,1.6652996102981112,0.03389458497497344,-0.3106414442636378,0.31248511930142286,-0.9138902460234527
155,8,732.19666,684.5012,705.3337,704.34454,674.972,730.35156,4.129672661228864,705.477162312539,706.0732633737058,1.0570012992697002,-1.4661726012410554,1.8074606062893315,0.04005320384044353,-0.1474461841014545,0.15278951647270875,-0.9461639805528811
156,8,733.2479,683.45996,706.6944,702.7872,677.4203,727.5615,4.191570385600659,706.6047098852414,704.5930479190121,1.1275475727023831,-1.4802154546937345,1.8607528909076603,0.07054627343268294,-0.014042853452679083,0.07193037208531794,-0.9198203324660208
157,8,734.41144,682.9666,709.86395,701.61487,687.5738,724.1509,8.091021134722682,707.9306346038759,703.1130252234644,1.3259247186344965,-1.4800226955476319,1.987094245077985,0.1983771459321133,0.0001927591461026168,0.19837723958221462,-0.8402613924106612
158,8,734.77094,682.2569,712.14435,700.08875,692.95667,722.2715,10.899357508865805,709.5132946357356,701.6176389701478,1.5826600318597457,-1.4953862533166102,2.177382103135456,0.25673531322524923,-0.015363557768978353,0.2571945955190108,-0.75705213008606
159,8,734.7076,681.15247,712.47504,699.01575,694.0504,720.87933,11.097870849809611,711.0358195243809,700.091332842148,1.5225248886453073,-1.5263061279998738,2.155850744581909,-0.06013514321443836,-0.030919874683263515,0.06761859285617923,-0.7866383887150231
160,8,734.68036,679.8033,711.7256,696.9397,692.43317,720.2766,13.677349328357082,712.1885787207917,698.5699124715786,1.1527591964107842,-1.5214203705693308,1.9088147392801003,-0.36976569223452316,0.004885757430542981,0.3697979688686056,-0.9223941806999804
161,8,734.8901,680.21924,711.7542,697.2401,691.4674,720.07294,12.037500894486383,713.0661299293592,697.2946312866654,0.8775512085675246,-1.275281184913183,1.548043353479448,-0.2752079878432596,0.24613918565614767,0.36922071351456875,-0.968085582974922
162,8,734.4704,680.3305,712.962,697.7769,692.0984,719.7295,7.409997421389786,713.8640779178274,696.425281713985,0.797947988468195,-0.8693495726804485,1.180037995922215,-0.07960322009932952,0.40593161223273455,0.4136630832695244,-0.8281967523630659
163,8,735.11896,679.16486,714.4401,697.2215,692.8838,719.2315,4.469315313570044,714.7352790647294,695.6779516994918,0.8712011469019671,-0.7473300144931727,1.14782123561366,0.07325315843377211,0.12201955818727583,0.14231935146262195,-0.7090140125686824
164,8,736.0664,677.65875,715.309,696.73883,693.30835,718.8799,2.593142177625721,715.66159619176,694.9862555268046,0.926317127030643,-0.691696172687216,1.1560739661200088,0.0551159801286758,0.05563384180595676,0.07831280623011033,-0.6413962781884385
165,8,737.4782,676.5091,716.1102,696.0054,693.85956,717.8951,2.15395049760898,716.582143731404,694.3713948016291,0.9205475396439624,-0.6148607251755038,1.1070056386974274,-0.005769587386680541,0.07683544751171212,0.07705176268546757,-0.5888762636023369
166,8,739.5609,674.3649,717.30566,695.26843,694.424,717.15485,0.5203939300800345,717.4360361161447,693.8545711296697,0.853892384740675,-0.5168236719594006,0.9981176847525121,-0.06665515490328744,0.09803705321610323,0.11855029936055962,-0.5442754028367023
167,8,739.63873,673.3673,717.4261,695.10486,694.4266,717.22705,0.4945600586042533,718.162387778467,693.4569861166317,0.7263516623222586,-0.39758501303799676,0.8280462426403083,-0.1275407224184164,0.11923865892140384,0.17459809178907548,-0.5008237915085199
168,8,738.6683,673.00464,716.83716,695.1953,694.09064,717.2446,1.3598430369856511,718.7003131508548,693.1998413682201,0.5379253723878037,-0.2571447484116334,0.5962274129006814,-0.18842628993445487,0.1404402646263634,0.23500624388893632,-0.44591806745859597
169,8,736.9717,672.9838,716.2373,696.2203,693.8304,717.7136,4.448933996577282,718.9889266657929,693.1043384901398,0.28861351493810616,-0.09550287808031044,0.30400421169212616,-0.24931185744969753,0.16164187033132293,0.2971270713166784,-0.3195610378477603
170,8,735.4011,670.9377,716.01984,696.375,693.5163,717.42114,9.612043610384577,718.9977334414925,693.171381116651,0.008806775699667924,0.06704262651123827,0.0676185852244015,-0.27980673923843824,0.1625455045915487,0.32359365319203737,1.440183332808323
171,8,735.0546,669.6177,716.0496,695.6665,693.5531,717.2499,10.072592528313727,718.8178013390756,693.320680996237,-0.17993210241695579,0.14929987958601032,0.2338076464202637,-0.1887388781166237,0.08225725307477205,0.20588496738744388,2.448968853984569
172,8,734.7494,668.09467,715.93005,695.4455,693.25696,717.1728,11.68956433656022,718.5705889053907,693.4516519059355,-0.24721243368492196,0.13097090969847613,0.2797630543078702,-0.06728033126796618,-0.018328969887534186,0.06973230322214664,2.654397295008563
173,8,735.7905,665.17426,716.36566,694.40424,693.47736,716.0806,12.9516197858876,718.3775546872869,693.4637076227847,-0.19303421810377586,0.012055716849204146,0.19341031427430208,0.054178215581146105,-0.11891519284927199,0.13067556058397717,3.0792198825439696
174,8,736.3791,665.6538,716.3468,694.3354,693.49243,715.6356,12.083934827073858,718.3568788269044,693.2349705048339,-0.020675860382425526,-0.22873711795079998,0.229669676559601,0.17235835772135033,-0.24079283480000413,0.2961225975291704,-1.6609427080966104
175,8,736.6334,664.6762,717.74146,692.2997,695.177,713.75916,12.06917874244277,718.6136278475486,692.5583972341775,0.2567490206441789,-0.6765732706563767,0.7236514700934503,0.27742488102660445,-0.44783615270557675,0.526803363963024,-1.2080999112225546
176,8,738.7644,663.2185,720.54144,688.40234,698.4345,710.54926,9.05883181835628,719.2185675644179,691.3965009501717,0.6049397168692394,-1.1618962840058202,1.3099446689965073,0.3481906962250605,-0.4853230133494435,0.5973066115691977,-1.0907665932049517
177,8,739.4813,662.9371,721.82166,687.2925,700.433,710.7515,6.411632633895142,720.0600757593198,690.3127809102704,0.8415081949019623,-1.0837200399013227,1.3720733096197462,0.23656847803272285,0.07817624410449753,0.2491508979333706,-0.9105500444496716
178,8,739.08954,664.4649,721.16205,688.4315,700.1929,711.9498,4.923343481927732,720.7623126314688,689.4119627005608,0.7022368721490011,-0.9008182097095414,1.1421952860828641,-0.13927132275296117,0.1829018301917813,0.22989036697709342,-0.9086470878240387
179,8,738.25574,664.69727,720.78577,689.0159,699.6035,711.4571,7.654399406395407,721.0168629615479,688.636366520227,0.2545503300790415,-0.7755961803337641,0.8162997644809618,-0.4476865420699596,0.1252220293757773,0.46486965548586384,-1.253673256595362
180,8,737.0647,662.5609,719.2498,687.8218,698.845,710.60126,6.659675540556558,721.0182051353088,687.9283125684522,0.0013421737609178308,-0.7080539517749003,0.708055223873433,-0.25320815631812366,0.06754222855886383,0.26206167797814534,-1.568900747863407
181,8,737.56287,660.1783,719.4888,686.38684,698.9419,709.8128,6.662766829548806,721.0406555735409,687.2301210444195,0.0224504382321129,-0.6981915240326089,0.6985523791440346,0.02110826447119507,0.009862427742291402,0.02329863322081008,-1.5386522736296544
182,8,738.34973,658.9747,720.66626,686.0723,699.278,709.5274,9.233333406406352,721.1749892321071,686.484112147313,0.13433365856622004,-0.7460088971065488,0.7580071281893825,0.11188322033410714,-0.04781737307393996,0.12167315299614259,-1.3926357985436395
183,8,738.4393,657.0124,721.31244,685.3778,699.50836,709.34076,11.176089677971932,721.4660957006391,685.6326060763157,0.29110646853200706,-0.8515060709972886,0.8998919740537837,0.15677280996578702,-0.10549717389073976,0.18896393212330692,-1.2413803527461382
184,8,739.5511,654.3632,723.04865,683.1488,700.983,706.83203,13.149888690136622,721.943712880178,684.6370145310506,0.4776171795389246,-0.9955915452651425,1.1042285520643593,0.18651071100691752,-0.1440854742678539,0.2356838331648955,-1.1234941437470725
185,8,740.8428,652.78534,723.76776,682.0109,701.6334,705.6668,12.801284739889295,722.5769719174052,683.5351152128997,0.6332590372271625,-1.1018993181509131,1.2709048412730672,0.1556418576882379,-0.10630777288577065,0.18848270594560737,-1.0491892403081329
186,8,740.83374,652.6098,723.97864,681.7221,701.9773,705.28986,12.961779105857268,723.3198522704114,682.3837773236841,0.7428803530061714,-1.151337889215597,1.370200771429501,0.10962131577900891,-0.049438571064683856,0.12025391961195686,-0.9977800710496206
187,8,741.48236,651.3496,724.8073,680.3451,703.9945,703.3087,12.284418456530084,724.126333397287,681.2398700652252,0.8064811268756102,-1.143907258458853,1.3996198140785958,0.06360077386943885,0.007430630756743994,0.06403337184808064,-0.9567070539628695
188,8,742.4741,650.265,726.28937,678.6509,706.548,700.63806,12.22888666569361,724.9503947561229,680.1664013534104,0.8240613588359338,-1.0734687118148258,1.3532967887244494,0.017580231960323545,0.07043854664402716,0.07259926589919191,-0.916086902359884
189,8,742.1862,651.49207,727.1415,678.5286,707.76715,699.4056,13.767915848830713,725.7460158050095,679.2509339603923,0.7956210488865736,-0.9154673930180479,1.2128863924995748,-0.0284403099493602,0.15800131879677792,0.1605405493062009,-0.8553249641646898
190,8,742.7151,651.95264,727.5091,680.7009,707.1389,702.0591,15.767747512788226,726.4671760020382,678.5390515968038,0.7211601970286665,-0.7118823635885292,1.0133353489180252,-0.07446085185790707,0.20358502942951873,0.2167747279256122,-0.7789240334100144
191,8,743.7578,650.5312,727.539,679.06274,707.4425,701.904,11.726286373737867,727.083258349415,677.9160933835053,0.616082347376846,-0.6229582132984888,0.8761474728979193,-0.10507784965182054,0.08892415029004042,0.1376548545902261,-0.7909474533560109
192,8,744.55817,650.1974,727.2504,677.41327,707.479,702.0496,6.294073100642651,727.6252600258117,677.34818671606,0.5420016763966942,-0.5679066674452997,0.7850374514286901,-0.07408067098015181,0.055051545853189054,0.09229636240770966,-0.8087336837258734
193,8,745.3649,649.6416,727.6915,677.2452,707.5051,701.54895,7.08288391423498,728.1395817540155,676.8336855026029,0.514321728203754,-0.5145012134571516,0.7274876897593372,-0.027679948192940174,0.05340545398814811,0.060152489953817015,-0.7855726202882394
194,8,746.369,650.3176,728.30566,677.6393,707.2189,701.7918,7.653014757476586,728.6726242568135,676.3709436512685,0.5330425027980255,-0.4627418513343855,0.7058784107518501,0.01872077459427146,0.051759362122766106,0.055040884520192394,-0.7149168351020836
195,8,747.8021,650.0703,729.2669,677.18945,707.7026,701.5996,7.1063593787351484,729.2537285764283,675.9583150701922,0.5811043196148376,-0.4126285810763193,0.712702305451638,0.0480618168168121,0.05011327025806622,0.06943542389652983,-0.6174568191584959
196,8,749.2805,650.0429,730.16034,676.7463,707.9096,701.49774,6.350978385129922,729.8439970328235,675.5941536675086,0.5902684563951652,-0.3641614026835214,0.6935635355319373,0.00916413678032768,0.048467178392797905,0.049325944332448926,-0.5527838033168467
197,8,750.23364,650.6047,730.3519,676.492,708.06616,701.1803,4.54760422503603,730.3874722653981,675.2768133513531,0.5434752325745649,-0.31734031615553704,0.629341087709736,-0.04679322382060036,0.046821086527984335,0.06619531659555529,-0.5285041783914124
198,8,750.70825,651.64154,730.3213,676.3499,708.16876,701.46155,1.891343880407848,730.8281969135504,675.0046480298602,0.44072464815235435,-0.2721653214929347,0.5179885883997533,-0.10275058442221052,0.04517499466260233,0.11224287390240843,-0.5532171914107914
199,8,752.3434,651.95526,730.623,676.2157,708.0406,701.4483,0.0,731.1353012383266,674.7899674775025,0.3071043247762191,-0.21468055235766315,0.3747009552387728,-0.13362032337613527,0.05748476913527156,0.1454609552480611,-0.6100865081582862
200,8,752.4635,651.62726,730.46277,676.4806,707.82654,701.3168,0.8311010760484905,731.3782659873631,674.7009049341013,0.24296474903644594,-0.08906254340115538,0.25877404412233046,-0.06413957573977314,0.12561800895650777,0.14104527411535403,-0.35135579046555543
201,8,752.83887,650.79254,730.761,676.2677,707.9613,701.0379,1.7142925347323994,731.6516595299422,674.8195495058156,0.27339354257912873,0.11864457171429876,0.29802778984724776,0.030428793542682797,0.20770711511545414,0.20992416999013652,0.40944364564779473
202,8,752.76166,651.25165,731.47156,677.46173,708.38745,700.9638,5.39935116972559,732.0500502353473,675.2279902988043,0.3983907054050633,0.4084407929886993,0.5705602821178333,0.12499716282593454,0.2897962212744005,0.31560440519652844,0.7978537602208233
203,8,752.745,652.5069,732.67334,679.7595,709.46204,702.043,9.796531538414822,732.5500331696467,675.9634796722747,0.4999829342993962,0.7354893734703865,0.8893410780338981,0.10159222889433295,0.32704858048168717,0.3424642389605156,0.9737589925114551
204,8,748.95325,653.8911,731.92444,681.25073,709.4354,702.2065,15.12283137205849,732.6563101860511,676.88392299763,0.10627701640441956,0.9204433253552224,0.9265585353375172,-0.39370591789497666,0.184953951884836,0.4349854182651923,1.4558425080649622
205,8,743.1339,655.72485,728.91504,680.74225,708.44696,700.2727,16.730704164206152,732.060275600736,677.8023888993207,-0.5960345853151239,0.9184659016907517,1.0949140785743772,-0.7023116017195434,-0.0019774236644707344,0.7023143855241891,2.1464300976422344
206,8,739.51575,657.1189,727.96564,681.135,708.2506,700.28125,20.154159731958234,731.4524260157511,678.5431656520806,-0.6078495849848196,0.7407767527598708,0.958243870523405,-0.01181499966969568,-0.17768914893088095,0.17808152027926902,2.2579469681935036
207,8,733.9763,654.9129,728.134,679.8026,707.89484,700.7146,30.853399527739896,730.9496806839591,678.9754201317703,-0.5027453317920845,0.43225447968973185,0.6630209678815399,0.10510425319273509,-0.3085222730701389,0.32593388442990695,2.431443438644177
208,8,728.1982,654.48065,728.35223,678.27576,708.5287,700.70685,41.83968218562797,730.4493980793792,679.0540994299769,-0.5002826045798656,0.07867929820656627,0.506431749016086,0.0024627272122188515,-0.3535751814831656,0.3535837580915946,2.985600662514963
209,8,726.605,654.5457,727.988,678.26154,708.3794,700.52075,44.71490487057387,729.8489366760313,679.0323929000582,-0.6004614033479356,-0.021706529918674278,0.600853618073223,-0.10017879876807001,-0.10038582812524055,0.1418206832976199,-3.1054586376349205
210,8,728.1321,657.35846,727.26385,678.9489,708.20483,700.31287,39.43369106779398,729.0898447437655,679.1594472625095,-0.7590919322657328,0.12705436245130386,0.7696514617986709,-0.15863052891779716,0.14876089236997814,0.21747056767170195,2.975753135904129
211,8,733.30597,661.5753,726.0073,680.29333,707.6773,700.7828,20.51394654156764,728.2904297357543,679.369996444601,-0.7994150080112377,0.2105491820915404,0.8266772726481743,-0.040323075745504866,0.08349481964023653,0.09272181698140601,2.8840620985776884
212,8,728.4281,662.7371,725.67255,679.6633,707.85474,700.7525,30.94725798226921,727.6131889010005,679.5201711752953,-0.6772408347537748,0.15017473069428888,0.6936912843600472,0.12217417325746283,-0.060374451397251505,0.13627766872332248,2.923378572126354
213,8,722.9802,661.3942,725.9518,678.6539,708.4718,700.5759,48.33652346418327,727.1807904444004,679.4929204033162,-0.43239845660014,-0.027250771979083765,0.43325630964088585,0.24484237815363485,-0.17742550267337265,0.3023699706300652,-3.078653531285239
214,8,724.7013,661.13165,727.689,677.4186,710.04877,699.12415,49.49596318044421,726.9565863944218,679.2784659564326,-0.22420404997853893,-0.21445444688367843,0.3102550012730877,0.20819440662160105,-0.18720367490459466,0.2799823688132982,-2.378416784365194
215,8,722.07324,660.4828,728.0033,676.98,710.848,698.1817,58.749288973968326,726.8640997354264,678.8938478821733,-0.0924866589954263,-0.3846180742592651,0.3955816541992839,0.13171739098311264,-0.17016362737558666,0.21518627086553563,-1.8067796424289404
216,8,721.27563,661.2308,727.41925,676.43713,711.04675,697.5025,59.85469310759302,726.8268534517752,678.3561062280672,-0.03724628365125682,-0.5377416541060711,0.5390300290397219,0.05524037534416948,-0.15312357984680602,0.16278307581952708,-1.6399501495171889
217,8,720.5714,661.0587,727.481,675.803,711.45294,696.6137,62.71207124951472,726.789400802841,677.6822810416437,-0.037452648934163335,-0.6738251864235281,0.6748652330435226,-0.00020636528290651768,-0.13608353231745696,0.136083688789753,-1.626321339214707
218,8,719.8536,659.49225,727.4233,674.946,711.5377,695.8309,63.35450405584918,726.7804161480464,676.8894123704316,-0.008984654794630842,-0.7928686712120907,0.7929195758785409,0.028467994139532493,-0.11904348478856264,0.12240007336980317,-1.5821276740608743
219,8,718.4046,658.44403,727.69934,674.5969,711.72815,695.0616,67.88656139506683,726.8496041218245,675.9945402619605,0.06918797377818464,-0.8948721084710769,0.8975427935396739,0.07817262857281548,-0.1020034372589862,0.1285132719629817,-1.4936337890396116
220,8,710.89594,652.22296,728.1199,671.1048,718.1913,689.36597,70.90385206571995,727.0109255581897,675.0211256776971,0.1613214363651423,-0.9734145842634234,0.9866917242419976,0.09213346258695765,-0.07854247579234652,0.12106814375323371,-1.4065617012266063
221,8,709.91144,653.1595,727.84534,671.4444,718.7839,688.72076,72.12176971875397,727.1353660894779,674.0183132348614,0.12444053128820087,-1.0028124428357614,1.010503954140466,-0.03688090507694142,-0.02939785857233801,0.047163918920436955,-1.4473359246373931
222,8,708.9963,652.06335,726.7709,671.48615,719.70703,690.2169,63.12563275169301,726.8830010531718,673.0416684646108,-0.25236503630605966,-0.976644770250573,1.0087235095939586,-0.37680556759426054,0.026167672585188484,0.37771309595850455,-1.8236651401804134
223,8,701.5639,652.42883,721.2364,671.5686,713.8649,694.406,63.67540975455032,725.6223995004599,672.1467568981027,-1.2606015527119325,-0.8949115665080853,1.545956980827633,-1.0082365164058729,0.0817332037424876,1.0115439632602534,-2.524247698864526
224,8,699.02094,650.57196,719.21796,670.5485,713.0795,695.272,59.258068604922265,723.9919248371016,671.3666891460573,-1.6304746633583136,-0.7800677520453974,1.8074715283053744,-0.36987311064638106,0.11484381446268799,0.38729216323025484,-2.6953495879051337
225,8,698.0496,649.3705,717.8137,670.04047,713.1351,695.188,54.25583979451344,722.272388493308,670.6447561374433,-1.7195363437936066,-0.7219330086139735,1.8649376682756742,-0.08906168043529306,0.058134743431423885,0.10635615316377207,-2.744099259036629
226,8,698.0881,647.99414,716.89716,669.3049,713.3159,694.36536,49.56469157655449,720.5529239825426,669.9017938807918,-1.7194645107654196,-0.7429622566514809,1.873112681765415,7.183302818702941e-05,-0.021029248037507386,0.0210293707230375,-2.7337326423293273
227,8,697.9341,645.87604,715.39233,668.2007,713.87286,693.0543,41.52453655271749,718.9071859902683,669.0764379865761,-1.6457379922742348,-0.8253558942157042,1.8411045302566158,0.07372651849118483,-0.08239363756422335,0.11056360630829484,-2.6767368840705004
228,8,697.3078,643.95,714.74835,667.32196,713.9691,692.6864,38.49060206852516,717.3469138899464,668.1785224730394,-1.5602721003218676,-0.8979155135367591,1.800194794041132,0.0854658919523672,-0.07255961932105492,0.11211296554471348,-2.619392840934698
229,8,696.7837,643.2184,714.43945,666.6701,714.43835,692.286,36.97692326704215,715.8960357022022,667.2356809603671,-1.4508781877442516,-0.9428415126723166,1.730317206089758,0.10939391257761599,-0.044925999135557504,0.11825977129762767,-2.5653285472902447
230,8,695.56683,641.5063,714.1975,665.1728,716.6376,691.51166,32.91758656288238,714.6891493483181,666.2755470687442,-1.2068863538841015,-0.9601338916228315,1.5422165091304345,0.2439918338601501,-0.01729237895051483,0.24460384575923433,-2.4695733295903226
231,8,694.9519,640.82275,713.69257,664.4438,719.0027,690.69385,26.99206967244688,713.8352424751536,665.3257544183564,-0.853906873164533,-0.9497926503878489,1.2772090771555,0.35297948071956853,0.01034124123498259,0.3531309319209185,-2.3030838679466012
232,8,695.55096,641.0949,714.50793,664.35657,720.1456,690.66644,27.083678903573414,713.230191731216,664.4139366293888,-0.6050507439375679,-0.9118177889675962,1.0943025555197978,0.2488561292269651,0.03797486142025264,0.2517368927148251,-2.1566488314686425
233,8,695.6593,640.23645,715.1808,663.7471,721.0484,690.8678,27.49586048416301,712.7165960154255,663.5677273220268,-0.5135957157905295,-0.8462093073619599,0.9898741087352443,0.09145502814703832,0.06560848160563637,0.11255440920715944,-2.116300936146223
234,8,691.4845,638.75507,712.2103,662.1574,721.18384,690.36,23.87902818016508,712.0438511679536,662.7949603966792,-0.672744847471904,-0.7727669253475824,1.0245752050050554,-0.15914913168137446,0.07344238201437747,0.175277578688437,-2.287109683257978
235,8,690.4707,637.7971,709.9704,661.6346,719.9231,689.78534,19.813050728959848,710.9087052538031,662.0242708746501,-1.1351459141504847,-0.7706895220291017,1.3720490464185253,-0.4624010666785807,0.0020774033184807195,0.4624057331716778,-2.5451450749308404
236,8,691.13965,637.3297,710.2717,661.2571,720.67444,688.64087,17.844425739881423,710.0448666172944,661.1644940574662,-0.8638386365087172,-0.8597768171839562,1.218783559657831,0.27130727764176754,-0.08908729515485447,0.2855594247427237,-2.3585510551657496
237,8,692.1427,635.6438,711.4062,659.7528,721.6663,687.468,18.31095274630036,709.6739992052309,660.1244652466548,-0.3708674120634896,-1.04002881081135,1.1041750606893552,0.49297122444522756,-0.18025199362739386,0.5248918072685808,-1.9133328830515024
238,8,690.527,633.18933,710.2551,657.3074,721.95386,685.3079,16.607240499733667,709.145265848491,658.8458564853004,-0.5287333567398491,-1.2786087613544623,1.3836182013625655,-0.1578659446763595,-0.23857995054311232,0.2860804944237082,-1.9629053157600576
239,8,689.33997,631.02203,708.64636,655.33484,721.5973,682.92566,13.307496968058963,708.3732657059571,657.4016867827163,-0.7720001425338978,-1.4441697025840767,1.6375623194047118,-0.2432667857940487,-0.1655609412296144,0.2942603512731598,-2.061710761532307
240,8,687.64307,629.25574,706.9456,654.0071,720.71155,681.4509,11.310695191793371,707.4715147316259,655.8978118897725,-0.9017509743312075,-1.503874892943827,1.753509199671929,-0.12975083179730973,-0.059705190359750304,0.14282852694048126,-2.1109351511062244
241,8,687.2255,628.95184,706.0114,652.7957,720.1329,678.6388,9.57996178938243,706.5645356051883,654.4306058902212,-0.9069791264375908,-1.467205999551311,1.7249071224019155,-0.005228152106383277,0.03666889339251611,0.03703972620146093,-2.1244673200026725
242,8,687.2434,627.96454,705.84143,651.757,719.64984,678.14276,10.389590172496495,705.8208779091123,653.0585161993413,-0.7436576960760704,-1.372089690879875,1.5606591199720712,0.16332143036152047,0.09511630867143595,0.18900000473707101,-2.067468359468653
243,8,687.8156,627.83813,707.40076,651.1264,720.21344,678.0812,14.639802827778125,705.3552932679339,651.830508565293,-0.46558464117833864,-1.2280076340482537,1.3133056793381928,0.2780730548977317,0.14408205683162123,0.31318407201035536,-1.9331900894531389
244,8,687.6158,628.39056,706.46014,651.5735,719.4119,678.12177,13.100304088866933,705.0233145716849,650.7955487362369,-0.3319786962490525,-1.0349598290561062,1.0869000425628224,0.13360594492928612,0.19304780499214758,0.23477223756810275,-1.8811928882942879
245,8,686.62494,627.49084,705.08844,651.60425,718.7279,678.4172,10.479121235561184,704.6453013932086,649.9706747470877,-0.37801317847629434,-0.8248739891491823,0.9073648996278377,-0.046034482227241824,0.21008583990692387,0.21507029939842434,-2.0005044380489445
246,8,686.5262,626.03986,704.62164,650.20465,718.55634,677.7234,9.970839147897044,704.1601387710975,649.245213779775,-0.48516262211103367,-0.7254609673127561,0.8727407318259034,-0.10714944363473933,0.0994130218364262,0.14616412754805447,-2.160249947815664
247,8,686.5341,625.429,704.2308,649.4841,718.78235,676.0375,7.617673202954244,703.5363431103817,648.4765653029829,-0.6237956607158139,-0.7686484767921229,0.9899199498963184,-0.13863303860478027,-0.04318750947936678,0.14520427117624635,-2.25253958754315
248,8,684.20776,622.88617,702.4073,647.3372,717.6762,674.0074,6.869669482954001,702.7609450641764,647.5498290002328,-0.7753980462052823,-0.9267363027501005,1.208338654886905,-0.15160238548946836,-0.15808782595797766,0.2190320615850958,-2.267516793322553
249,8,681.32697,621.3257,700.8704,645.57477,717.40326,671.7267,6.566532006160943,701.8950322779409,646.4609054143947,-0.8659127862355263,-1.0889235858380744,1.3912438783910686,-0.09051474003024396,-0.1621872830879738,0.1857353842384407,-2.2426040013976984
250,8,681.127,620.87646,700.6513,644.7113,716.80133,670.3496,7.114994613740703,701.0182066452197,645.2333953031759,-0.876825632721193,-1.2275101112187485,1.508510610947495,-0.010912846485666705,-0.13858652538067417,0.13901552156326996,-2.191063450002378
251,8,680.18494,620.60114,700.07434,643.55566,716.0936,669.7028,9.413858327359774,700.2100700595579,643.8908994242844,-0.8081365856618277,-1.3424958788915546,1.5669651961437956,0.0686890470593653,-0.1149857676728061,0.1339399565224218,-2.1126600037696295
252,8,679.17786,620.15466,699.04767,641.3926,714.8567,667.3651,11.765726120300672,699.52744408165,642.4792643589578,-0.6826259779079464,-1.41163506532655,1.5680216144474135,0.12551060775388123,-0.06913918643499528,0.14329389296003395,-2.0212146779522144
253,8,678.8324,620.01776,698.7979,640.2982,714.6399,666.49615,13.39012355783752,698.9360289407882,641.1333199825565,-0.5914151408617272,-1.3459443764013486,1.4701490173471912,0.09121083704621924,0.06569068892520136,0.11240410760350145,-1.984804881672274
254,8,678.4642,619.61456,699.4516,639.9051,715.3204,666.60425,15.241913349889977,698.3787445334156,640.0101419939715,-0.5572844073726628,-1.1231779885849846,1.2538320081823209,0.03413073348906437,0.22276638781636393,0.22536585923615893,-2.0313732328525393
255,8,678.26324,620.4758,699.2567,639.77136,714.5803,666.5228,17.608544741101078,697.8000603373381,639.2142096364396,-0.5786841960774609,-0.7959323575319104,0.9840648944841606,-0.021399788704798084,0.32724563105307425,0.32794458983178054,-2.1994482170617506
256,8,675.74084,620.9575,696.6821,640.4546,712.63074,667.0883,16.131673049312337,697.1506441558148,638.6396163305794,-0.6494161815232928,-0.5745933058601622,0.8671210088353322,-0.07073198544583192,0.22133905167174817,0.2323660680049008,-2.4172478444340815
257,8,674.2344,619.9538,695.33887,640.24414,711.8942,667.29663,14.661271829275348,696.3827133734687,638.1278590413555,-0.7679307823460704,-0.511757289223965,0.9228289167275312,-0.11851460082277754,0.0628360166361972,0.13414199787869105,-2.553767279563661
258,8,673.2763,618.95374,694.5026,639.32904,711.64154,666.7723,14.18622539261339,695.4484853749223,637.5204347337317,-0.9342279985464756,-0.6074243076237735,1.1143366828568348,-0.16629721620040527,-0.09566701839980851,0.19185135528714317,-2.5650849262725974
259,8,671.9007,616.15216,693.3803,636.8298,711.4062,664.6728,13.170423617214878,694.3222682182834,636.6903058558822,-1.1262171566388588,-0.8301288778494609,1.3990993666453149,-0.19198915809238315,-0.22270457022568735,0.29403598831508737,-2.506402123603192
260,8,669.09644,613.9406,691.6935,634.8688,710.44147,661.4457,11.995770919780195,693.0667326556018,635.6362967888189,-1.2555355626816436,-1.0540090670633617,1.639300052647498,-0.12931840604278477,-0.22388018921390085,0.2585451397027192,-2.443232144398506
261,8,668.2362,612.70764,689.6864,632.984,708.29785,658.7794,10.800845251450578,691.7666401124116,634.3886973967633,-1.3000925431902033,-1.2475993920555766,1.8018725992467433,-0.04455698050855972,-0.19359032499221485,0.198651802012042,-2.3767957740216947
262,8,667.78424,612.284,689.0617,631.9427,706.473,656.2373,11.636315896392311,690.537919654067,633.0227337307923,-1.2287204583445828,-1.3659636659709804,1.8372835114666983,0.07137208484562052,-0.11836427391540383,0.1382174946767999,-2.3033497416108744
263,8,668.52594,611.8247,690.042,631.5291,707.7141,656.79443,12.545203757862843,689.6211709051981,631.7933765894061,-0.9167487488688266,-1.229357141386231,1.5335407557772582,0.31197170947575614,0.13660652458474942,0.34056965524301974,-2.211548704568861
264,8,668.39404,611.6542,690.1028,630.83514,707.5465,655.4054,13.164531858132264,688.9802191313654,630.953962744074,-0.6409517738327395,-0.8394138453320465,1.056141458382573,0.27579697503608713,0.38994329605418443,0.4776188287501419,-2.222926227577488
265,8,665.59174,613.0855,686.36804,633.1522,703.8639,655.51263,7.954013333376669,687.7544923960478,630.5715481107186,-1.2257267353176076,-0.3824146333554381,1.2839964881091905,-0.5847749614848681,0.4569992119766084,0.7421657734811475,-2.8391723680583234
266,8,663.8199,613.95996,684.38696,633.8182,702.1016,656.2939,7.760507527637898,686.3178170841433,630.5626001044304,-1.436675311904537,-0.008948006288164834,1.4367031769480192,-0.21094857658692945,0.3734666270672733,0.4289249625482964,-3.135364460960006
267,8,664.13306,612.697,684.7496,633.0543,702.72754,655.5514,6.73321441598036,685.1028189596396,630.4275129925212,-1.2149981245036088,-0.13508711190922895,1.2224847526048181,0.22167718740092823,-0.12613910562106412,0.25505264041148096,-3.030864440754451
268,8,661.8872,609.94073,684.49493,629.52155,703.478,654.168,11.499801862877444,684.2433269328429,629.7212432072392,-0.8594920267967154,-0.706269785281961,1.1124493488376688,0.35550609770689334,-0.5711826733727321,0.6727809687171631,-2.4537418546396705
269,8,658.9501,607.88367,683.0758,627.0995,703.1179,652.0587,12.69889329744216,683.211972242685,628.6018650075399,-1.0313546901579684,-1.1193781996993266,1.5220709743218102,-0.171862663361253,-0.41310841441736557,0.4474319357400109,-2.3152901027873836
270,8,656.90466,606.20135,681.51373,625.45416,702.87946,650.4751,11.46782787733,682.0114054438872,627.261217180979,-1.2005667987978086,-1.3406478265609394,1.7996380839597135,-0.16921210863984015,-0.22126962686161278,0.2785551749327562,-2.30112657098019
271,8,656.1946,605.0595,680.6313,624.323,701.6062,648.4218,10.715846193449329,680.8296954201383,625.8599345342908,-1.1817100237489058,-1.4012826466881734,1.8330389074261495,0.01885677504890282,-0.06063482012723398,0.06349928642990363,-2.2713913024630505
272,8,656.04065,604.7857,679.67053,623.0269,699.9427,645.1188,9.793058628534403,679.854911055128,624.55865187421,-0.9747843650102368,-1.3012826600808012,1.6258970200155287,0.20692565873866897,0.0999999866073722,0.2298221607371811,-2.2137179990793423
273,8,656.5386,604.15344,680.0135,623.03894,700.3133,644.9678,8.392600342172342,679.1935066961989,623.5025637545848,-0.6614043589290759,-1.0560881196252012,1.2461050687738473,0.3133800060811609,0.24519454045559996,0.39790374574846776,-2.130313855916393
274,8,657.3878,604.11,680.7205,623.5993,700.72253,644.96265,7.013610745744201,678.6254785453084,622.7751037177164,-0.5680281508905409,-0.727460036868365,0.9229594170084892,0.09337620803853497,0.3286280827568362,0.34163655103646295,-2.233743176483477
275,8,656.32056,604.45306,679.4597,624.6526,699.6152,644.1464,2.924358868161677,677.935250347283,622.4442650530195,-0.690228198025352,-0.3308386646968984,0.7654209217206904,-0.12220004713481103,0.39662137217146665,0.4150197156556868,-2.694627275899285
276,8,654.2832,606.3877,677.1529,625.951,697.3874,645.6643,3.708028765366164,677.2155686131822,622.487423064484,-0.7196817341008455,0.04315801146447029,0.7209746267046903,-0.029453536075493503,0.37399667616136867,0.3751546675267443,3.0816961937391487
277,8,652.7244,605.4997,676.33234,625.0341,697.3951,646.0822,5.373922431442834,676.501839730752,622.5194811144017,-0.7137288824302459,0.03205804991773675,0.7144484839228479,0.005952851670599557,-0.011099961546733539,0.012595459076632464,3.096706537840645
278,8,652.47845,603.32324,676.86066,623.1644,698.1607,645.5417,7.275563554056648,675.7936245371054,622.1762065978232,-0.708215193646538,-0.3432745165785036,0.7870236046294982,0.0055136887837079485,-0.37533256649624036,0.37537306274779264,-2.6902568053369884
279,8,650.8815,601.46643,676.4051,621.4298,698.1683,644.5699,8.725485802325009,675.0904838693558,621.5392949825301,-0.7031406677496079,-0.6369116152931156,0.9487166090770469,0.005074525896930027,-0.29363709871461197,0.29368094346520573,-2.4055770466314454
280,8,649.1129,601.26825,674.7304,620.6115,697.21136,643.52765,8.493499725062494,674.3842028388997,620.7720292387103,-0.7062810304561253,-0.7672657438198485,1.042846880237742,-0.003140362706517408,-0.1303541285267329,0.13039195029560868,-2.3148317514161776
281,8,647.0956,600.1265,672.8946,619.0384,695.99805,642.1594,8.778678569623034,673.6354636542662,619.9181142734467,-0.7487391846334503,-0.8539149652635842,1.1356853149119577,-0.042458154177325014,-0.08664922144373577,0.09649239572604186,-2.290662459938816
282,8,646.9876,599.29767,672.4739,617.73126,695.2068,640.894,9.65927644353821,672.797172798268,618.9913604780456,-0.8382908559982525,-0.926753795401055,1.2496416112392157,-0.08955167136480213,-0.07283883013747072,0.11543395089844596,-2.306117015257977
283,8,646.55853,598.82886,671.9643,617.31366,694.5229,640.5742,9.83873134696218,671.836150551326,618.0143779334135,-0.9610222469419796,-0.9769825446321647,1.3704228003187013,-0.12273139094372709,-0.05022874923110976,0.13261192092833768,-2.3479592490035293
284,8,645.57324,598.4781,670.2965,616.40967,692.6676,638.4593,8.632287110032198,670.7748723842974,617.0449754788588,-1.061278167028604,-0.9694024545547109,1.4373769396745906,-0.10025592008662443,0.00758009007745386,0.10054206720571215,-2.401407458923138
285,8,645.09296,598.19763,668.5931,615.7126,690.4783,635.43756,5.3305005533574805,669.6497275656479,616.1497616432899,-1.12514481864946,-0.8952138355688248,1.4378312398635569,-0.06386665162085592,0.07418861898588602,0.09789228966722939,-2.469513942113334
286,8,643.8324,597.78876,667.4487,615.4765,690.0946,636.1155,5.513595260662597,668.4971053638435,615.395344955616,-1.1526222018044336,-0.7544166876739382,1.37756396538724,-0.027477383154973722,0.14079714789488662,0.14345327964316398,-2.562045028210149
287,8,642.4584,597.0739,666.8304,614.899,689.246,635.415,6.285656814897948,667.3533950473495,614.8222206402241,-1.14371031649398,-0.5731243153918513,1.2792750951019636,0.008911885310453727,0.18129237228208694,0.18151128325107918,-2.6770576914205146
288,8,640.8462,596.80206,664.9221,615.7527,688.24805,636.3408,3.225614960148273,666.254985884632,614.3664307034171,-1.0984091627175303,-0.4557899368070366,1.189221238978008,0.04530115377644961,0.11733437858481466,0.12577579628593946,-2.7482612208733657
289,8,640.30475,596.1645,664.9912,615.1518,688.5431,636.17633,4.189747770647282,665.2382671441566,613.937903846977,-1.0167187404754259,-0.42852685644015764,1.1033368768986287,0.08169042224210443,0.027263080366878967,0.08611968786046667,-2.742707049782482
290,8,640.0413,595.4307,665.0638,614.22504,688.6819,635.8332,5.545280446655492,664.3315509284545,613.463817166963,-0.9067162157020903,-0.4740866800138974,1.0231776365732976,0.11000252477333561,-0.04555982357373978,0.11906407090545244,-2.659823838017944
291,8,638.998,594.1041,664.5694,613.2656,688.3479,635.6593,6.436722018694541,663.5308406763197,612.9403413365482,-0.8007102521347633,-0.5234758304148954,0.9566419669355305,0.10600596356732694,-0.049389150400998005,0.11694679341123401,-2.5625756801692994
292,8,636.8617,593.5496,663.659,612.5755,687.4642,635.13885,8.091457879058922,662.8240626606113,612.380895423183,-0.7067780157084371,-0.5594459133651526,0.9013960802387182,0.0939322364263262,-0.035970082950257165,0.1005838551035882,-2.4720291053754764
293,8,635.15643,592.19824,662.9179,611.9218,686.7733,634.6499,8.221201871769459,662.1991431541884,611.7988984943183,-0.6249195064228843,-0.5819969288646689,0.8539583214160559,0.08185850928555283,-0.022551015499516325,0.08490797278531836,-2.391743343501375
294,8,634.0173,591.13776,662.4491,611.1317,686.44257,633.9623,8.461484852096092,661.6440084299104,611.2077696174048,-0.5551347242779912,-0.5911288769135581,0.8109302751903432,0.06978478214489314,-0.009131948048889171,0.07037974349326521,-2.324803517797956
295,8,633.7784,590.8395,662.4751,610.9946,686.2687,633.735,8.621153637589675,661.1465847606363,610.6209278598931,-0.49742366927409876,-0.5868417575117064,0.7692941928245243,0.0577110550038924,0.004287119401851669,0.05787007225179546,-2.273911872597484
296,8,632.627,590.38214,661.412,610.10333,685.7842,633.06476,8.876948574177453,660.6947984192259,610.051792289234,-0.4517863414104113,-0.5691355706591139,0.7266541103403187,0.04563732786368746,0.01770618685259251,0.048951759390206025,-2.2417523645288058
297,8,633.6555,590.6354,662.03436,610.1728,685.9388,632.75854,8.829773773086702,660.2810767055514,609.5276736763534,-0.41372171367447663,-0.5241186128805566,0.6677319647385352,0.038064627735934664,0.0450169577785573,0.058952882646327795,-2.239019757741565
298,8,633.9574,591.2123,661.718,609.8404,685.388,632.38794,9.746165360733997,659.9158510275403,609.1314496060792,-0.3652256780111429,-0.39622407027422923,0.5388722573517553,0.048496035663333714,0.12789454260632738,0.13678040613896797,-2.315507255080809
299,8,633.2041,591.6281,660.2392,609.45685,683.3078,631.28815,10.017986746208518,659.6140538201333,608.9598893667137,-0.30179720740693483,-0.17156023936547626,0.3471519409851599,0.06342847060420809,0.22466383090875297,0.23344594192614623,-2.624685747452062
300,8,634.6425,595.0625,660.4147,612.0964,683.3098,632.45593,8.182853141754988,659.3906175182714,609.1097622465599,-0.22343630186196606,0.14987287984615705,0.2690458345768101,0.07836090554496877,0.3214331192116333,0.33084691572379454,2.550759252379183
301,8,636.2696,596.9431,661.1584,613.1369,683.6217,633.7904,9.546558352264936,659.2886447282776,609.6131127139311,-0.10197278999373793,0.5033504673712059,0.5135758394842171,0.12146351186822812,0.3534775875250489,0.37376435035713584,1.770679153864545
302,8,638.1982,600.65173,662.2318,613.01324,683.86865,633.9527,16.842931909256162,659.4639187420056,610.2430859571833,0.17527401372797158,0.629973243252266,0.6539015729466415,0.2772468037217095,0.12662277588106008,0.3047935654598523,1.2994347681384
303,8,638.50854,606.1231,663.45685,613.275,684.1727,634.7847,30.08102473490659,660.1003930226907,610.7081023446832,0.6364742806850927,0.4650163874998725,0.788251070799804,0.46120026695712113,-0.1649568557523935,0.4898126687837257,0.6309775400711852
0,9,639.5178,808.7141,639.8976,816.66455,645.86426,818.27466,72.16372182088747,639.9114022948136,816.7030133145432,,,,,,,
1,9,638.62866,816.5945,636.4737,816.9228,636.24585,809.523,96.89874974851534,636.838789774585,816.7389431088291,-3.0726125202285175,0.03592979428583476,3.0728225867404815,,,,3.1298996215169046
2,9,644.2045,805.37103,632.7296,816.0107,622.9874,819.3677,23.82387882409057,633.1715064129546,816.4365163218935,-3.6672833616304388,-0.3024267869355981,3.6797322206850382,-0.5946708414019213,-0.33835658122143286,0.6841919216634504,-3.0593126732891482
3,9,639.0726,807.48615,632.42676,816.2234,628.08276,816.9463,43.29405281701724,631.6503773231593,816.1065355505051,-1.521129089795295,-0.3299807713883638,1.556509240996507,2.146154271835144,-0.02755398445276569,2.1463311442029305,-2.927971094434013
4,9,633.02496,814.25616,632.87354,816.1249,633.0977,810.0929,177.49571259715353,631.2921911241107,815.9743105550597,-0.3581861990486459,-0.13222499544542643,0.3818125228557325,1.162942890746649,0.19775577594293736,1.1796370264013272,-2.7879592122209096
5,9,633.54364,814.524,633.47595,815.9541,634.33984,809.45734,175.13554239242535,631.4375888202892,815.9231797504623,0.14539769617852016,-0.05113080459739194,0.15412608225994046,0.5035838952271661,0.08109419084803449,0.5100715707834175,-0.33815442997416745
6,9,639.7964,806.47296,633.2061,815.7172,628.6122,816.34955,46.67764370349246,631.7618411519493,815.7509887152445,0.32425233166009093,-0.1721910352177929,0.36713666010953033,0.17885463548157077,-0.12106023062040094,0.21597351705963908,-0.4881703444626466
7,9,639.3853,806.1398,633.763,815.05365,631.4306,815.1933,54.33245006217813,632.0113702315448,815.371731810046,0.2495290795955043,-0.37925690519853106,0.45398299715357965,-0.07472325206458663,-0.20706586998073817,0.22013595551383175,-0.988858162891508
8,9,635.33276,812.68915,633.63525,814.9892,633.48865,808.8526,142.2029236146681,631.9663202863833,815.1639985239377,-0.04504994516150873,-0.20773328610823683,0.21256202792686546,-0.29457902475701303,0.17152361909029423,0.3408770360887123,-1.784353785575793
9,9,624.81256,815.9456,629.34265,816.7105,621.9319,808.3944,141.28916724805666,631.1244696273177,815.3523039172255,-0.8418506590655852,0.1883053932878056,0.8626537273497608,-0.7968007139040765,0.3960386793960424,0.8897966134211835,2.9215346917623015
10,9,636.8051,806.8883,632.55115,814.89764,627.1537,813.6989,74.54774072004076,630.8035408736457,815.3109869585217,-0.3209287536719785,-0.04131695870387375,0.323577434333711,0.5209219053936067,-0.22962235199167935,0.5692855663488198,-3.013555097040827
11,9,630.814,812.43463,632.3079,814.64966,632.5493,808.0684,143.9021979272068,630.8543242674335,815.0670304127484,0.05078339378781038,-0.24395654577324422,0.2491861739949085,0.37171214745978887,-0.20263958706937046,0.4233588582004784,-1.365561569161696
12,9,641.9292,803.081,630.74146,815.07983,618.7618,816.461,40.42673759815932,630.7377444224753,814.8370795583666,-0.11657984495820983,-0.2299508543818547,0.25781438222377195,-0.16736323874602022,0.014005691391389519,0.1679482452272372,-2.040010119786557
13,9,640.3201,804.2148,631.00934,814.8103,620.3723,814.9429,47.9786399884542,630.4722120238296,814.6735627208096,-0.26553239864574607,-0.16351683755692648,0.3118416439399679,-0.14895255368753624,0.06643401682492822,0.1630961122820934,-2.589631015201684
14,9,641.4959,804.2583,631.3385,814.4192,621.6056,814.8546,42.4482576668882,630.2155092743701,814.587853987253,-0.25670274945946403,-0.08570873355665753,0.2706331254446404,0.00882964918628204,0.07780810400026894,0.07830749487034737,-2.819347307450418
21,9,627.90454,804.62946,630.5086,813.83234,618.6429,811.8139,115.45345399337565,630.0959288452093,814.4296279808271,-0.11958042916080558,-0.15822600642582074,0.19833040147124775,0.13712232029865845,-0.07251727286916321,0.15511700612269613,-2.217971814843916
23,9,611.50073,818.3563,632.56885,812.9493,639.00024,795.8813,54.95901105384135,630.4455233188689,813.4724136839617,0.3495944736596357,-0.9572142968654589,1.0190561839942842,0.4691749028204413,-0.7989882904396381,0.9265567320440914,-1.2206267331439584
24,9,633.567,790.3073,638.0476,809.16925,616.516,813.32196,92.44639559095349,632.0398075305264,812.7449683754867,1.5942842116575093,-0.7274453084750121,1.7524037275590094,1.2446897379978736,0.2297689883904468,1.2657196893084917,-0.4280668435559962
34,9,612.1699,811.79626,638.8717,814.3724,638.59155,786.31464,96.08274461772938,633.7243479737881,812.7497270976232,1.6845404432616533,0.0047587221365574806,1.6845471647954948,0.09025623160414398,0.7322040306115696,0.7377458436258446,0.002824930382062211
35,9,618.4151,804.4616,637.7195,814.0101,628.1901,794.0194,141.804921594477,634.4007397268184,812.7443951232843,0.6763917530303161,-0.005331974338901091,0.6764127685945726,-1.0081486902313372,-0.010090696475458572,1.008199188538912,-0.007882804416335541
36,9,632.0622,790.92926,638.616,807.6623,620.774,800.1361,134.25994970316412,636.0699811904205,811.4973412441535,1.669241463602134,-1.2470538791308172,2.083629151567959,0.9928497105718179,-1.2417219047919161,1.5898502560375323,-0.6416285216613529
37,9,641.8166,783.07794,644.16504,802.89984,619.9552,796.077,112.4956600243044,638.1553285337707,809.2569011244531,2.085347343350122,-2.2404401197004518,3.0607589699910687,0.4161058797479882,-0.9933862405696345,1.077014543130184,-0.8212358864893329
38,9,647.5026,777.83856,645.4785,801.0782,615.62994,797.7497,91.38516538166108,639.9991844448903,806.7415660151785,1.84385591111959,-2.515335109274588,3.118768239693366,-0.24149143223053215,-0.27489498957413616,0.3659034942901176,-0.9382344781492523
39,9,615.01807,799.6062,646.0118,799.65485,649.93494,774.6951,81.15728647300352,641.8256659098904,804.8554670132407,1.8264814650001426,-1.8860990019377368,2.6255292775171246,-0.017374446119447384,0.6292361073368511,0.6294759329429448,-0.8014550310639336
40,9,614.9513,799.73865,646.97107,798.08203,653.217,770.87976,74.10677682702925,644.0793184894044,802.5763746088062,2.2536525795139823,-2.27909240443455,3.2051851954452313,0.4271711145138397,-0.39299340249681336,0.580447220237136,-0.791010558954787
41,9,648.2037,775.63824,661.4276,774.90326,662.5161,747.2668,84.56327003586212,648.8569522191052,794.8978815744838,4.777633729700824,-7.6784930343224005,9.043508131986869,2.5239811501868417,-5.39940062988785,5.960202010715057,-1.0142059532274879
94,9,683.45435,709.41486,668.7762,731.7034,658.453,754.64984,9.144840812240462,665.242848758489,766.5868735023421,16.385896539383793,-28.311008072141703,32.71101929717664,11.60826280968297,-20.632515037819303,23.673876789501723,-1.0461245599444735
96,9,681.147,710.3666,668.4834,733.03156,658.7587,756.716,6.870640169364077,671.0816673867246,745.8958362055896,5.838818628235572,-20.691037296752484,21.499088989746358,-10.547077911148222,7.61997077538922,13.01171806801917,-1.2957573311045283
98,9,678.32404,712.8135,666.8542,735.97577,658.6536,758.65875,6.468023256548396,672.5855548115404,738.482446556347,1.5038874248158436,-7.4133896492426175,7.564391811508497,-4.334931203419728,13.277647647509866,13.967374684950865,-1.370651352632949
99,9,677.49493,711.9259,665.6429,736.24335,658.3832,758.6151,8.005697955416283,672.854573522734,733.7727402457407,0.2690187111935529,-4.709706310606293,4.71738323640734,-1.2348687136222907,2.703683338636324,2.972339875502603,-1.5137382664854626
100,9,675.51764,711.4317,665.46765,736.755,658.1457,760.40967,4.447304749306667,673.1314964666659,729.5675513929074,0.27692294393193606,-4.205188852833317,4.214297047535865,0.007904232738383143,0.5045174577729767,0.5045793714500127,-1.5050385944068416
101,9,676.5059,710.15063,666.011,736.0234,658.3728,761.2312,5.222021796811662,673.3122245110065,726.402925076861,0.18072804434063983,-3.1646263160463377,3.1697826970037246,-0.09619489959129623,1.0405625367869789,1.0449994505605886,-1.5137494803638114
102,9,675.1579,711.1658,666.0842,735.6559,657.6701,759.1223,0.6045791075785798,673.3692148130378,724.130495402359,0.05699030203129496,-2.272429674502064,2.2731441925410656,-0.12373774230934487,0.8921966415442739,0.9007362966233211,-1.5457225658657392
103,9,674.73627,709.984,667.0136,734.55133,657.25806,757.6654,5.432350144941188,673.2940636024435,722.6357225703395,-0.0751512105942993,-1.494772832019521,1.4966607911605916,-0.13214151262559426,0.7776568424825427,0.7888038691708468,-1.6210300382428002
104,9,673.9,712.36206,667.1099,734.6682,656.9801,756.4621,7.998559148482243,673.0783671089079,721.804066781741,-0.2156964935356882,-0.8316557885984821,0.8591718850340451,-0.1405452829413889,0.6631170434210389,0.6778474679694062,-1.8245628428760734
105,9,673.6412,717.45905,666.92645,735.2521,656.56116,754.58514,7.522222186922284,672.7137215621152,721.5209882375021,-0.3646455467926444,-0.2830785442388333,0.4616273789584882,-0.14894905325695618,0.5485772443596488,0.5684389267945761,-2.4814637160104773
106,9,671.8695,719.1411,667.7372,734.54553,656.17993,753.1366,16.851039049613195,672.200454548221,721.6574775819416,-0.5132670138941648,0.13648934443949656,0.531104856593645,-0.14862146710152047,0.41956788867832984,0.4451129673390787,2.8816849754937115
107,9,671.48706,713.2587,666.27124,734.63513,656.2524,755.9366,11.477168422041778,671.5738190792656,722.026647232901,-0.6266354689554419,0.3691696509594067,0.7272951547635228,-0.11336845506127702,0.23268030651991012,0.25882915532292744,2.609204263719682
108,9,671.77795,710.3677,665.7966,733.42194,656.3493,755.4789,8.641451848135796,670.8777995237602,722.427140051602,-0.6960195555053588,0.4004928187009682,0.8030178824141613,-0.0693840865499169,0.03132316774156152,0.0761268172442035,2.619454397323693
109,9,672.9742,710.9253,665.8699,731.9982,655.82043,752.9381,7.006783130080485,670.1563802502171,722.7262629758258,-0.7214192735431197,0.2991229242237523,0.7809739381283163,-0.025399718037760977,-0.1013698944772159,0.10450359411388513,2.7485371661088243
110,9,671.32324,710.4944,665.6611,731.368,655.9798,751.7049,10.279673214823417,669.4535456271474,723.0659792495911,-0.702834623069748,0.3397162737653616,0.7806302928061509,0.018584650473371767,0.040593349541609314,0.04464537221509829,2.6913522105500998
111,9,669.86475,711.3503,665.5266,731.4809,656.5288,751.8646,11.656430493025615,668.8118335067969,723.5950293325816,-0.6417121203504621,0.5290500829904659,0.8316780841869675,0.061122502719285876,0.18933380922510423,0.1989554011690994,2.4521287464304193
112,9,669.90625,712.45264,665.4781,730.68146,655.0906,749.7493,14.92614494724541,668.2679956763465,724.2146062409042,-0.5438378304504567,0.6195769083226423,0.824399861205534,0.09787428990000535,0.09052682533217649,0.13332097632463047,2.291185555643645
113,9,670.37256,711.3636,666.63403,731.0444,656.28815,751.36163,16.230288044864498,667.857337406711,724.7640161297709,-0.4106582696354053,0.5494098888666485,0.685923786148584,0.13317956081505145,-0.0701670194559938,0.1505330729050191,2.212665595242299
114,9,671.968,710.04126,667.0847,730.3158,656.8814,751.0538,12.655429908717268,667.6151639688053,725.1301295524498,-0.2421734379057625,0.36611342267895,0.4389612879204631,0.1684848317296428,-0.18329646618769857,0.24896733327861342,2.1551933492053093
115,9,675.20026,709.5265,667.8543,729.71985,657.5813,749.81335,7.08847637270753,667.5767806335441,725.3900746544317,-0.03838333526118731,0.25994510198188436,0.2627636513487833,0.2037901026445752,-0.10616832069706561,0.22978711507724156,1.7173963872619897
116,9,679.25073,706.90955,668.5931,728.37976,658.4161,749.5649,0.7409852181029042,667.7774926718427,725.6685439792628,0.20071203829854767,0.2784693248311214,0.34326445663636407,0.23909537355973498,0.01852422284923705,0.23981189397074829,0.9462670480078366
117,9,681.02106,706.5489,668.72473,728.5407,658.0003,750.3749,3.0517828164307192,668.2260207915606,726.0521677618696,0.4485281197179347,0.38362378260671903,0.5902073201504647,0.24781608141938705,0.10515445777559762,0.2692030278435594,0.7075599664514586
118,9,685.2857,706.6281,671.37317,729.2121,659.6395,753.96643,6.273448851795687,668.8247474483361,726.4753270026947,0.5987266567755114,0.4231592408251572,0.7331693887699516,0.1501985370575767,0.03953545821843818,0.15531469019631758,0.6152520353078166
119,9,687.6357,707.8659,672.81696,730.50006,661.12994,756.1442,8.712509266348576,669.4494705347538,726.8343403935608,0.6247230864177027,0.3590133908660391,0.7205342112102602,0.025996429642191288,-0.0641458499591181,0.06921346993988303,0.5215907829591774
120,9,687.053,709.09717,669.56476,729.0346,656.65247,751.5036,11.371010007152966,669.9759879433972,727.0650657078229,0.5265174086433717,0.23072531426214482,0.5748519394121383,-0.09820567777433098,-0.1282880766038943,0.1615617087859694,0.41300641280693623
121,9,689.8795,709.57263,670.55896,728.0562,656.06006,751.16095,14.158845233963088,670.2800975668498,727.2615170449684,0.30410962345263215,0.1964513371455041,0.3620439074791319,-0.22240778519073956,-0.03427397711664071,0.2250331718232718,0.5735500552403108
122,9,685.6689,710.38904,669.4369,728.43243,658.34357,750.9377,15.735126903549284,670.264493841624,727.5328891920702,-0.015603725225787457,0.2713721471018289,0.27182037904391665,-0.3197133486784196,0.07492080995632477,0.3283744099159988,1.6282324461625803
149,9,712.5026,702.0454,689.5027,723.1328,663.9744,738.4194,11.602471765460823,674.6699824403654,726.3573708029562,4.405488598741385,-1.1755183891140177,4.559624247324066,4.421092323967173,-1.4468905362158466,4.651832924862246,-0.2607552706482355
150,9,717.10474,699.5408,693.9551,718.52386,667.93195,733.7201,9.069497183485298,679.5873654901159,724.484262983405,4.91738304975047,-1.873107819551251,5.262051782492954,0.5118944510090842,-0.6975894304372332,0.865255420342245,-0.3639468195927077
158,9,668.99634,710.92694,671.7664,722.97736,667.4148,732.5204,37.45891827639149,678.8059161639759,723.7173505735575,-0.7814493261399775,-0.766912409847464,1.0949053354983114,-5.698832375890447,1.106195409703787,5.805201007109649,-2.365582793233171
159,9,668.9146,709.6411,671.91565,720.7444,668.1283,732.64594,32.77703553221668,677.9694582493606,722.8447542885256,-0.8364579146152664,-0.872596285031932,1.2087539532816631,-0.05500858847528889,-0.10568387518446798,0.11914288178506466,-2.3350523954659255
160,9,667.0676,710.26996,670.8,719.04224,669.114,731.3072,30.875387604896964,677.0104706549828,721.45509783738,-0.9589875943778452,-1.3896564511455836,1.6884318933202913,-0.12252967976257878,-0.5170601661136516,0.5313800314315519,-2.1748400663064587
161,9,662.63873,711.77167,669.4909,719.70825,670.67413,728.83185,33.41682063073563,675.7977011845754,720.6090492559001,-1.212769470407352,-0.8460485814798631,1.4787183608031036,-0.25378187602950675,0.5436078696657205,0.59992895959735,-2.5324678192658396
163,9,645.1695,720.2897,662.0583,729.85547,676.85706,726.3643,42.801022457850976,672.6593728468431,722.224637096926,-3.1383283377323323,1.6155878410258993,3.529763282074948,-1.9255588673249804,2.4616364225057623,3.125288919146649,2.666181209712139
164,9,645.2943,720.8527,661.89984,731.3237,675.67285,726.09564,53.020679423666806,670.7406668400678,723.7619532653911,-1.9187060067753237,1.537316168465054,2.458612157754814,1.2196223309570087,-0.07827167256084522,1.2221313697366907,2.466104905398395
165,9,645.2362,721.36395,664.6221,727.0514,679.5367,719.1525,44.25663327089757,668.8234449592462,724.8101076571833,-1.9172218808215575,1.0481543917921954,2.185032578552141,0.0014841259537661244,-0.48916177667285865,0.4891640281005895,2.6412828716732797
166,9,646.3121,720.4461,663.8759,728.2005,677.1288,720.91473,52.62115033549544,667.1344711703364,725.1996852771003,-1.6889737889098342,0.38957761991707685,1.7333214305386913,0.22824809191172335,-0.6585767718751185,0.6970082897030669,2.914898119780038
167,9,646.27295,720.4387,662.4238,724.68884,677.4748,718.87396,35.86704909118701,665.6987240129398,725.1225440339517,-1.4357471573965768,-0.07714124314861692,1.4378180244268968,0.2532266315132574,-0.46671886306569377,0.530989853056426,-3.087915276967981
168,9,646.03345,720.1814,662.88245,722.4104,679.1745,717.0109,25.872177276359864,664.490735670068,724.8213712715408,-1.2079883428717721,-0.3011727624109426,1.2449662121247822,0.22775881452480462,-0.22403151926232567,0.3194748804158633,-2.8972563461519343
169,9,647.083,720.85754,662.5537,724.0273,678.3101,719.5581,27.4144337306888,663.4944638477922,724.5116120011854,-0.996271822275844,-0.30975927035535733,1.043316035260608,0.21171652059592816,-0.008586507944414734,0.21189056895465067,-2.84014929464817
170,9,646.1478,721.3092,663.0964,723.52783,680.7776,717.11633,27.38930816059097,662.731568344422,724.299741904264,-0.7628955033701459,-0.211870096921416,0.7917692132382255,0.2333763189056981,0.09788917343394132,0.25307468561978763,-2.870700954787325
171,9,646.4278,723.9448,663.736,725.3709,681.627,715.819,32.80778165245273,662.2331344813268,724.2649943296703,-0.4984338630952152,-0.034747574593666286,0.4996435827869324,0.2644616402749307,0.17712252232774972,0.3182960054613489,-3.0719917496938987
172,9,644.7155,724.4799,664.07416,724.8486,682.6404,714.7549,29.62207738470088,661.9962410194116,724.4667947197651,-0.23689346191520144,0.20180039009471784,0.3111943279376237,0.26154040118001376,0.23654796468838413,0.3526447519070992,2.4360189575962052
173,9,642.7551,724.7355,663.63293,725.4657,683.0941,714.4104,31.60273560897571,661.8819404777255,724.8853368907739,-0.11430054168613424,0.41854217100888036,0.4338688312642089,0.1225929202290672,0.21674178091416252,0.24901008751480985,1.8373878728361706
174,9,642.40454,725.3998,663.32336,727.6442,683.5419,714.7665,38.61824532186287,661.7172788148526,725.4810067523898,-0.16466166287284523,0.5956698616158747,0.6180097468952458,-0.05036112118671099,0.1771276906069943,0.1841479332138965,1.8404925135285022
175,9,643.34375,726.4682,662.31,729.1095,682.94226,716.3958,39.569725527940335,661.3960487740953,726.2141902143057,-0.3212300407573139,0.7331834619159281,0.8004665688909005,-0.15656837788446865,0.13751360030005344,0.2083834139773524,1.9837358569754755
176,9,642.5771,726.5433,662.1516,730.0648,682.24384,717.13715,42.95658764167484,661.0790302376276,727.0452731862141,-0.3170185364676854,0.8310829719083586,0.889494046444462,0.004211504289628465,0.09789950999243047,0.09799005472566873,1.9352118002744156
177,9,642.2007,726.4259,662.0762,728.7776,681.7899,715.68835,40.33067440291958,660.941253253763,727.943586629134,-0.13777698386468273,0.8983134429198572,0.9088176599370066,0.17924155260300267,0.0672304710114986,0.1914352904037365,1.7229833608248288
178,9,641.1237,726.239,662.72534,730.98157,682.41614,715.72363,50.15387416802645,660.9477613965007,728.914241709387,0.006508142737743583,0.9706550802530955,0.9706768982225951,0.14428512660242632,0.0723416373332384,0.16140480244011324,1.5640915298522489
179,9,640.1231,726.4048,662.7041,732.80817,683.11725,716.32556,54.751114532060186,661.0111016212628,729.9712946446216,0.06334022476210066,1.0570529352345375,1.0589489562584518,0.05683208202435708,0.08639785498144192,0.10341409426484148,1.5109463647169614
180,9,640.4399,726.6515,662.1304,733.6037,683.1118,717.4404,55.380851392453735,661.043820883471,731.0796711988111,0.032719262208161126,1.1083765541894763,1.1088593851324808,-0.030620962553939535,0.051323618954938865,0.05976417999405268,1.5412849095133558
181,9,641.00226,728.1685,661.7456,732.7049,683.16003,718.0276,46.762316035854106,660.958466138547,732.007775321233,-0.08535474492396133,0.928104122421928,0.9320207586409284,-0.11807400713212246,-0.18027243176754837,0.21549854017051226,1.662505130182489
182,9,638.2328,729.68024,661.20886,732.1325,683.32355,717.43823,39.69455988409433,660.7048355175876,732.6201361286584,-0.2536306209593704,0.6123608074253752,0.6628078532718915,-0.16827587603540906,-0.3157433149965527,0.35778570600360304,1.963470972891611
183,9,634.83093,730.0383,660.0549,734.56226,680.3011,721.9757,42.03606731496158,660.3817318543902,733.3623052225271,-0.32310366319745754,0.7421690938687107,0.8094510121468248,-0.06947304223808715,0.12980828644333542,0.1472300744656813,1.9814011487191372
184,9,634.26666,730.83844,660.1125,736.064,679.0559,723.1779,45.655320058575406,660.1252091584267,734.5362859617093,-0.25652269596344013,1.1739807391821842,1.2016799363870143,0.06658096723401741,0.4318116453134735,0.4369145479680739,1.7859218568559745
185,9,636.0936,729.9528,660.01776,737.21014,676.7482,726.14215,50.3615528178856,659.9466975413335,735.5343323668367,-0.1785116170932497,0.9980464051274112,1.0138851139182365,0.07801107887019043,-0.175934334054773,0.19245419799471125,1.7477858296772482
186,9,634.716,729.0638,658.55347,736.02216,672.69086,728.22595,45.147984407090846,659.3591315234027,736.4417590616389,-0.5875660179308397,0.9074266948022114,1.0810444171572091,-0.40905440083759004,-0.09061971032519978,0.4189718782257622,2.1454176862688668
187,9,651.3237,728.14166,654.6007,738.266,656.8397,740.137,32.18077186248704,657.964600927935,737.5134282910593,-1.3945305954676996,1.0716692294204222,1.7587468604043215,-0.8069645775368599,0.1642425346182108,0.8235092225209484,2.4863687102358605
188,9,667.78827,727.9444,651.065,741.56824,648.61426,749.3777,33.40873976027228,656.2203123816075,738.7005283180662,-1.7442885463274251,1.1871000270068635,2.1099168246565405,-0.3497579508597255,0.11543079758644126,0.3683135800117016,2.5440304148314548
189,9,645.4204,731.1791,651.9018,740.4999,667.96136,735.5975,72.16202311886909,654.7608286952066,739.8783289101323,-1.4594836864009721,1.1778005920660917,1.8754484438506454,0.284804859926453,-0.009299434940771789,0.28495664183862107,2.4625991075305884
190,9,634.99725,732.9989,653.61285,741.58594,672.8938,730.78143,54.028067166826055,653.9399201326257,740.9220998347305,-0.8209085625808257,1.0437709245982205,1.3279113717244617,0.6385751238201465,-0.13402966746787115,0.6524891880510079,2.2372409609468695
191,9,631.6102,733.4688,654.6744,740.51965,673.7244,728.10284,50.09497853512769,653.5345320212218,741.7071108593344,-0.4053881114039086,0.7850110246039321,0.8835054213853717,0.41552045117691705,-0.2587598999942884,0.4895037601401268,2.047486157516628
192,9,631.2096,735.10486,654.81866,740.3464,674.4045,727.4618,45.85640540124268,653.1865092084029,742.1086317514175,-0.34802281281895375,0.4015208920831128,0.5313557236180253,0.05736529858495487,-0.3834901325208193,0.38775695896086326,2.2849411250804343
193,9,664.1955,730.7415,652.83636,740.02356,642.78033,736.27795,59.68279605026478,652.6201702950597,742.0201673934401,-0.566338913343202,-0.0884643579773865,0.573206513744488,-0.2183161005242482,-0.4899852500604993,0.5364209774281424,-2.986640894371277
194,9,670.6368,728.72864,650.74603,735.88306,630.9054,737.4649,15.224509590918029,651.8897288960179,741.4081631278141,-0.7304413990417515,-0.6120042656260694,0.9529395881054453,-0.16410248569854957,-0.5235399076486829,0.5486562318184621,-2.4441915490741386
195,9,666.446,729.5982,650.71075,735.54553,634.30334,736.6157,16.97282667423017,651.131872379587,740.42413783564,-0.7578565164309339,-0.9840252921741239,1.2420355369856373,-0.027415117389182342,-0.3720210265480546,0.37302980156460824,-2.227075225942144
196,9,662.15,730.0762,650.7405,735.7726,637.34326,736.0179,25.482481262897902,650.4832881140765,739.6733536160893,-0.6485842655105216,-0.75078421955061,0.9921383440801194,0.10927225092041226,0.2332410726235139,0.257569064096954,-2.2832910130041038
197,9,650.3984,732.0922,651.45844,735.61597,647.8938,733.3424,139.27315407846757,650.080663467796,739.0734690850798,-0.40262464628051475,-0.599884531009593,0.722473567915885,0.24595961923000687,0.15089968854101699,0.28855995961592784,-2.1619103133861612
198,9,653.37946,731.36316,652.0438,736.0586,646.0817,733.26044,99.26322213340644,650.0133523454919,738.3953329362207,-0.06731112230409053,-0.6781361488590392,0.6814685785677908,0.3353135239764242,-0.07825161784944612,0.3443232130681052,-1.6697312714273336
199,9,636.01227,734.22845,652.71875,735.34625,662.8972,728.64453,37.18960820863546,650.1813747976588,737.6769960808463,0.16802245216695155,-0.7183368553744458,0.7377258177815407,0.23533357447104208,-0.04020070651540664,0.23874251418139872,-1.3410224840858074
200,9,652.17426,731.5102,652.36536,735.325,649.31006,732.2809,137.76287530659567,650.4374174112277,737.0233099847217,0.2560426135688658,-0.653686096124602,0.7020422581510304,0.08802016140191427,0.06465075924984376,0.10921203910192455,-1.1974737995316092
201,9,658.8715,730.3554,652.54,735.09393,643.65643,733.1516,49.14439019722009,650.6937675966452,736.5391261136118,0.2563501854175456,-0.48418387110984895,0.5478589586805429,0.0003075718486797996,0.1695022250147531,0.1695025040682116,-1.0838687875007218
202,9,666.1656,728.97974,653.61383,734.98584,637.4394,735.5023,23.7424893632775,651.1011160584196,736.3292959332823,0.4073484617744043,-0.2098301803295044,0.45821553213208044,0.1509982763568587,0.27435369078034455,0.3131619822193288,-0.475664183503826
203,9,679.3511,726.9594,656.3588,739.4322,633.0056,740.4761,25.91943104372719,651.8095600419713,736.5261751887543,0.7084439835516605,0.19687925547202667,0.735291995785188,0.3010955217772562,0.40670943580153107,0.5060346612677019,0.2710638156376709
205,9,677.27374,725.9418,659.44464,743.9866,647.49524,755.3869,1.6916540314997033,653.7068207518492,738.2132894478905,1.897260709877969,1.6871142591361377,2.5388880882439726,1.1888167263263085,1.490235003664111,1.9063277721679905,0.7268367212423005
229,9,688.865,719.3193,665.6238,729.8116,641.0519,715.7796,54.02580954811878,656.4375752939837,736.391559832423,2.730754542134491,-1.8217296154674614,3.2826390543675954,0.8334938322565222,-3.508843874603599,3.6064799049423333,-0.5883135065704918
238,9,675.9079,715.00385,664.5819,726.2133,642.90845,727.84515,40.3979801443862,658.6249715254784,733.9843992473736,2.187396231494631,-2.4071605850493825,3.252556587635671,-0.5433583106398601,-0.5854309695819211,0.7987287861890486,-0.8331931948150821
239,9,644.0391,729.03906,664.83466,725.77826,674.89124,714.92957,38.2583441330597,660.5841901593903,731.8323518446498,1.9592186339119735,-2.152047402723838,2.910299929395305,-0.22817759758265765,0.2551131823255446,0.3422685376058685,-0.8322663435391904
240,9,644.9723,729.9648,666.1811,725.4832,673.74005,714.50824,43.51158576618672,662.415435028375,729.8686098479095,1.8312448689846406,-1.963741996740282,2.685095975927878,-0.12797376492733292,0.18830540598355583,0.22767566939027115,-0.8202977125099525
241,9,643.76917,727.6287,664.64246,725.1309,671.99054,715.89795,44.66153070076016,663.7478127186853,728.22529197622,1.3323776903102953,-1.6433178716895327,2.1155906827765176,-0.49886717867434527,0.32042412505074935,0.5929081563556361,-0.8895135976447407
242,9,644.89404,728.5205,663.6321,725.1729,671.8642,714.34503,42.62618317796787,664.4452603824155,726.8585440817276,0.6974476637302587,-1.3667478944923914,1.534416192153283,-0.6349300265800366,0.27656997719714127,0.6925511468041572,-1.0989449097484838
243,9,646.9266,730.4061,662.9948,725.5474,673.27924,712.52905,34.867265999745555,664.9175712026665,725.7315796084916,0.47231082025098203,-1.1269644732359438,1.2219355281119064,-0.22513684347927665,0.23978342125644758,0.32891136709037483,-1.1739336197453976
244,9,647.4622,729.60223,663.8405,725.15515,672.49884,712.5943,40.23022818326067,665.3409209496007,724.8358823682257,0.42334974693415006,-0.8956972402659176,0.9907060888321974,-0.04896107331683197,0.23126723297002627,0.23639314657144483,-1.1292685428352103
245,9,648.53107,730.6822,664.1475,725.1018,672.6553,711.92834,37.480772634354544,665.7927970145307,724.1700037645568,0.4518760649300475,-0.6658786036689435,0.8047274649723137,0.028526317995897443,0.2298186365969741,0.23158228892921648,-0.974566471550618
246,9,651.1885,730.6738,665.2496,725.28015,673.1738,713.0335,36.10865170429773,666.2905086235093,723.708252468932,0.49771160897853406,-0.461751295624822,0.6789190708200815,0.045835544048486554,0.2041273080441215,0.20921007381949946,-0.7479360694791743
247,9,651.7869,726.31476,665.6929,724.7529,671.3488,716.20953,50.08618100985191,666.6106523415527,723.327966224079,0.3201437180434823,-0.38028624485298224,0.49710122533251416,-0.17756789093505176,0.08146505077183974,0.1953635339268331,-0.8710532233556488
248,9,649.3106,727.58856,663.09894,724.778,671.92645,714.3272,38.29204634736757,666.4696465684171,722.8822400405456,-0.14100577313558915,-0.44572618353333837,0.4674980842150698,-0.46114949117907145,-0.06543993868035614,0.46576951251579923,-1.8771854154424754
249,9,641.7976,722.3267,660.5754,723.0929,670.8735,710.8801,52.19811999846274,665.7697255454055,722.342964062483,-0.6999210230115978,-0.5392759780626193,0.8835768325216524,-0.5589152498760086,-0.09354979452928092,0.5666902333730763,-2.485111925780501
250,9,641.9624,726.9031,662.5156,723.9368,672.40686,708.97754,48.31467319580273,665.156386880005,722.1572089684578,-0.6133386654005335,-0.1857550940252395,0.6408504298443071,0.08658235761106425,0.3535208840373798,0.36396911970668716,-2.84751505263876
251,9,644.4425,731.19977,664.86444,726.8131,675.8961,708.04156,47.43506608610871,665.2742524630843,722.7461348603177,0.11786558307926498,0.588925891859958,0.6006046967662358,0.7312042484797985,0.7746809858851975,1.0652653579681302,1.3732694937417962
252,9,646.5827,736.0759,666.1267,729.98346,678.4844,708.89813,42.31246941476745,666.021177952854,723.952078998626,0.746925489769751,1.2059441383082685,1.4185199864604852,0.6290599066904861,0.6170182464483105,0.8811514527341999,1.0162558772602277
253,9,652.7173,742.2638,670.5513,732.3307,681.91034,709.87427,34.05170199529523,667.1083274493608,725.4726729336244,1.087149496506754,1.5205939349983737,1.869251171701847,0.34022400673700304,0.3146497966901052,0.46341867605579384,0.950106738704109
254,9,655.81714,742.9158,671.3155,732.12213,683.9819,712.09717,22.83061571988543,668.2666223909918,727.0055482155551,1.1582949416309702,1.5328752819307283,1.9212896194384914,0.07114544512421617,0.012281346932354609,0.0721976858659314,0.9236982594907642
255,9,661.12195,733.8722,670.82745,732.3502,683.2855,718.70197,38.69802006338568,669.3060135695005,728.2483363946603,1.0393911785087084,1.2427881791052187,1.620140882789329,-0.11890376312226181,-0.29008710282550965,0.31351017863911973,0.8742873290916577
256,9,683.4382,719.7713,670.0872,730.3862,664.928,736.6015,11.81713228971168,670.0905348714547,728.9977108486437,0.7845213019542143,0.7493744539833642,1.084912782440506,-0.2548698765544941,-0.49341372512185444,0.5553519227602692,0.7624887194114198
257,9,685.94543,719.55493,670.4021,729.82635,661.4292,738.2423,9.707780428099785,670.6215232093177,729.4465122650563,0.5309883378630502,0.44880141641260707,0.6952491109814719,-0.2535329640911641,-0.30057303757075715,0.39322145769955547,0.7017118735998095
258,9,683.7968,720.5185,670.2155,730.7707,664.15955,736.96484,8.597998612858547,670.9346412520265,729.8866231589104,0.31311804270876564,0.4401108938541256,0.5401300839231655,-0.21787029515428458,-0.008690522558481462,0.2180435522847547,0.9524253323383431
259,9,684.9411,721.89514,670.0884,731.06116,662.8355,737.94135,11.809642343405738,671.0741403576825,730.5271120054339,0.1394991056560002,0.6404888465234535,0.6555043577275195,-0.17361893705276543,0.2003779526693279,0.26513177708317714,1.3563444772930435
260,9,687.9307,722.2277,669.14124,732.2334,659.1859,739.1747,6.849969313264104,671.118626641047,731.2457911207132,0.044486283364449264,0.7186791152793148,0.7200546508052293,-0.09501282229155095,0.07819026875586133,0.12304939873042722,1.5089751404831555
261,9,689.9613,723.2907,669.7403,733.2443,657.18353,742.2036,9.299651623908264,671.1453830702213,731.8744199571607,0.02675642917438381,0.6286288364475467,0.629197997863598,-0.017729854190065453,-0.09005027883176808,0.09177908502093579,1.5282588425949692
262,9,690.9768,726.2565,669.96185,732.3093,659.17267,743.9234,31.040900448926948,671.1920452700094,732.3918026716312,0.04666219978810204,0.5173827144705001,0.5194826600782049,0.019905770613718232,-0.11124612197704664,0.1130130052633674,1.4808507315933843
263,9,691.4892,730.174,669.8412,732.5616,658.5051,745.01886,41.40420568751674,671.2863370293915,732.813504597091,0.09429175938203116,0.42170192545972895,0.43211508863241704,0.047629559593929116,-0.09568078901077115,0.1068802523052568,1.3508166102146737
264,9,691.84283,733.9114,670.6759,732.79895,657.2631,746.10333,47.77594708450992,671.4559821373464,733.1550910665056,0.1696451079549206,0.34158646941466486,0.3813932075171403,0.07535334857288944,-0.08011545604506409,0.10998460546120069,1.1098412592621902
265,9,693.4718,736.9657,672.1987,732.8839,657.99713,747.70953,57.09320742718474,671.7287043828537,733.4321274128408,0.2727222455073388,0.27703634633519414,0.3887499972801528,0.10307713755241821,-0.06455012307947072,0.12162078225194477,0.7932452663653197
266,9,694.6668,738.4588,672.99347,732.94104,657.7887,748.0369,59.077464644288106,672.1322275548936,733.6601789690625,0.4035231720398542,0.22805155622165785,0.4635067018590192,0.1308009265325154,-0.04898479011353629,0.13967244554396438,0.5144010551514158
267,9,695.72797,738.9471,673.3107,733.1105,657.4706,747.597,57.03795431733776,672.6829381632026,733.8548110681367,0.5507106083090321,0.19463209907416967,0.584092311278039,0.14718743626917785,-0.033419457147488174,0.15093376531288846,0.3397182638577346
268,9,697.28467,738.57965,674.32855,733.1952,657.74,747.0096,52.98674973757005,673.3518736005469,734.0315890430288,0.6689354373443166,0.17677797489216118,0.6918996110289453,0.11822482903528453,-0.01785412418200849,0.11956537939859029,0.25836128159145055
269,9,698.82465,738.5529,675.20215,733.6505,657.85895,746.5445,48.35356783423117,674.0987339804504,734.2060782267049,0.7468603799035236,0.17448918367608712,0.7669725564122767,0.07792494255920701,-0.0022887912160740598,0.07795854820407118,0.22951350878042834
270,9,700.12054,738.998,676.1321,734.1579,658.11584,746.16504,45.08923218698875,674.8832194164365,734.3938439521309,0.7844854359860847,0.1877657254259475,0.806643271167007,0.03762505608256106,0.013276541749860371,0.03989876446773321,0.23492924974318116
271,9,700.7149,738.86566,676.40405,734.46893,658.4955,746.3969,43.91694299703284,675.6650300220293,734.6104515522723,0.7818106055927956,0.21660760014140124,0.8112623961804164,-0.002674830393289085,0.02884187471545374,0.028965642660483005,0.27027936078835413
272,9,701.8522,739.071,677.1466,734.74554,659.4009,746.42926,43.29141825913161,676.4115343916293,734.8617488229086,0.7465043695999611,0.25129727063631435,0.7876668661693828,-0.035306235992834445,0.034689670494913116,0.049496500270497554,0.324716424745114
273,9,703.14465,739.02014,677.9688,734.75165,660.1007,746.579,43.12437651124167,677.1207750431436,735.1147134110727,0.7092406515142784,0.2529645881641045,0.7530029114322421,-0.03726371808568274,0.0016673175277901464,0.03730100043306768,0.3426041671157708
274,9,703.7631,738.54706,678.051,734.83875,660.86835,746.7695,42.98088815223508,677.7984629753571,735.326605426611,0.6776879322135301,0.21189201553829662,0.7100416605500919,-0.03155271930074832,-0.04107257262580788,0.0517931493285944,0.30303883540816506
275,9,704.8713,738.67834,678.9824,734.5751,661.9397,746.6654,44.35861034041259,678.4503091870538,735.4546849793697,0.651846211696693,0.12807955275877703,0.6643100597900187,-0.025841720516837086,-0.08381246277951959,0.08770589168601318,0.19401576814346466
276,9,704.26886,739.13464,679.4696,734.98895,664.1426,746.7392,46.96543931680442,679.0820246770182,735.4562121791955,0.6317154899644493,0.0015271998257730957,0.6317173359979383,-0.020130721732243728,-0.12655235293300393,0.12814345082890743,0.002417539026343428
277,9,703.9915,739.5319,680.3129,734.78564,664.3788,746.65686,48.02125834779108,679.699320444035,735.3274335945797,0.6172957670167989,-0.12877858461581582,0.6305854326199669,-0.01441972294765037,-0.1303057844415889,0.13110120468105863,-0.20566754120159667
278,9,704.6397,739.26984,680.1264,733.8975,662.1635,745.4443,45.094820809050624,680.3079074868881,735.2205416285943,0.6085870428530598,-0.1068919659853691,0.6179029706360452,-0.008708724163739134,0.02188661863044672,0.023555592788862507,-0.17386616333529453
279,9,703.9814,739.7413,680.23346,734.5572,661.55707,744.7399,40.914362210042405,680.9134968043622,735.3267151429563,0.6055893174741414,0.10617351436201261,0.6148261840477981,-0.0029977253789184033,0.2130654803473817,0.2130865675567278,0.1735586963913993
280,9,704.4795,740.75323,681.73035,736.8121,663.10583,746.4313,37.144102874854376,681.5217993952417,735.7701878072752,0.6083025908794752,0.4434726643188469,0.7527948233541055,0.0027132734053338936,0.3372991499568343,0.3373100627229717,0.6299466379098162
281,9,705.77405,741.1398,682.2079,738.52826,664.86945,748.53796,36.321891220609785,682.1385262583108,736.4074125227322,0.6167268630690614,0.6372247154570232,0.8867961217891568,0.00842427218958619,0.19375205113817628,0.1939351068841707,0.8017433136229187
282,9,706.5677,740.41876,682.1779,738.47864,665.28143,748.9652,36.37334673155958,682.7682292678364,737.01701825891,0.6297030095256559,0.6096057361777412,0.876438836306604,0.012976146456594506,-0.02761897927928203,0.030515379619011792,0.7691830660709534
283,9,707.576,739.686,683.72266,736.8399,667.04535,749.58936,44.20124968926657,683.4108238000159,737.3341190274253,0.642594532179487,0.31710076851538815,0.7165756276765375,0.012891522653831089,-0.292504967662353,0.2927889128083378,0.45840953145980246
284,9,709.1875,739.3273,684.72766,736.1868,668.2436,750.12744,47.53755379279541,684.0650661065285,737.2390664343642,0.6542423065126286,-0.09505259306115477,0.661111179060386,0.01164777433314157,-0.4121533615765429,0.41231791630459175,-0.14427703789966764
285,9,709.38354,738.7801,685.64307,735.95197,669.76935,750.1802,48.66450831730648,684.7297124390542,737.1220369961844,0.6646463325256491,-0.1170294381797703,0.6748708296707366,0.010404026013020484,-0.02197684511861553,0.024315128596148164,-0.17429121022168687
286,9,707.82324,738.2214,685.3008,736.03986,670.7653,750.31036,50.00540998846662,685.4035190492721,737.0707618614433,0.6738066102178664,-0.05127513474110401,0.675754753898195,0.009160277692217278,0.06575430343866628,0.066389299650642,-0.07595132004949927
287,9,706.9012,737.706,685.45856,736.693,671.4772,750.5955,47.5427429736076,686.085242188862,737.0583317532332,0.6817231395899626,-0.012430108210082835,0.681836451535491,0.007916529372096193,0.038845026531021176,0.039643505439037566,-0.01823134682739697
288,9,706.89154,737.82697,686.9526,736.4136,673.48956,750.4816,50.31365037351166,686.7776254998284,737.049681163922,0.6923833109664201,-0.008650589311287149,0.6924373487906722,0.010660171376457583,0.0037795188987956863,0.011310349989359272,-0.012493280964899045
289,9,707.16766,738.13934,688.25195,736.1454,674.6084,750.3206,52.11239623611541,687.4993621854744,736.9771196629775,0.7217366856459648,-0.07256150094440272,0.7253750856119383,0.029353374679544686,-0.06391091163311557,0.07032940516493541,-0.10020066367728318
290,9,708.8675,738.3559,688.8264,735.6657,674.8855,750.132,53.70488130581137,688.2731328394289,736.7648005891442,0.7737706539544433,-0.21231907383332782,0.8023717430434156,0.052033968308478507,-0.1397575728889251,0.14912985293941303,-0.26780399107460323
291,9,708.49365,739.25385,689.92334,735.3766,674.79,749.62335,55.06478143979595,689.1216180553196,736.4223954987888,0.8484852158907188,-0.34240509035544164,0.914969074606589,0.07471456193627546,-0.13008601652211382,0.15001545740329966,-0.38356183708027025
292,9,696.22894,739.8062,690.26324,735.9684,680.5388,750.4899,88.94538570977512,690.067498426775,736.3016488187732,0.9458803714554733,-0.12074668001559985,0.9535562059152748,0.09739515556475453,0.2216584103398418,0.24211209635594091,-0.12696862262810515
293,9,669.2393,740.68567,692.8142,737.73083,707.1593,752.092,52.17612554006093,691.1090171995892,736.7397785759674,1.041518772814129,0.43812975719424685,1.1299199255979775,0.09563840135865576,0.5588764372098467,0.5670005078329393,0.3981925396704938
294,9,668.71204,742.32666,692.6472,740.5006,710.20197,750.4457,33.89502403455831,692.1466682282173,737.6738243267802,1.0376510286281473,0.9340457508127429,1.3961236054964448,-0.003867744185981792,0.49591599361849603,0.4959310760294301,0.7329001924058755
295,9,669.49835,743.40393,693.27496,743.446,709.4029,752.9217,30.334345669963227,693.0565080192799,738.9407810100042,0.909839791062609,1.2669566832240662,1.559803732065986,-0.12781123756553825,0.3329109324113233,0.3566025818288633,0.9480058277797224
296,9,669.38196,743.9547,693.2008,744.1007,708.28033,757.788,41.87807075984101,693.7145930793984,740.3200319232822,0.6580850601184238,1.3792509132779287,1.5282045112252058,-0.2517547309441852,0.11229423005386252,0.2756636331766831,1.1256097225363733
297,9,707.74554,755.3569,692.95105,743.42566,669.63544,744.43286,41.35846048618386,693.9969799151933,741.3605137996535,0.28238683579490953,1.0404818763713592,1.07812098583022,-0.3756982243235143,-0.33876903690656945,0.50587905286387,1.305780029171309
298,9,701.98846,753.9319,690.6248,740.76154,675.2724,742.83124,56.8896102535224,693.6857183723133,741.7091715751072,-0.31126154287994723,0.34865777545371657,0.46738206262151255,-0.5936483786748568,-0.6918241009176427,0.9116133961903976,2.29958714601448
299,9,676.68713,750.0081,683.1503,739.3064,698.7813,734.8448,42.94001686524626,692.1868316525171,741.6354295620299,-1.4988867197962463,-0.07374201307732164,1.5006995979456537,-1.187625176916299,-0.4223997885310382,1.2605059072438085,-3.0924344332998452
300,9,680.62006,749.8594,681.0071,741.043,702.32526,732.75854,66.24972654575855,689.7242101821372,741.5643319169073,-2.4626214703798723,-0.07109764512256334,2.4636475765656702,-0.963734750583626,0.0026443679547583088,0.9637383784847234,-3.112729954988903
302,9,706.95953,727.059,688.9472,742.2219,666.5479,741.08264,43.002598942509465,689.547009505394,742.1608651865079,-0.17720067674315487,0.5965332696005134,0.6222957669617486,2.2854207936367175,0.6676309147230768,2.3809408313271994,1.8595452291497983
303,9,706.2474,726.1788,688.6879,741.8733,666.4652,741.11487,43.74477582726309,689.3564645468708,742.3456853055042,-0.19054495852321907,0.18482011899629924,0.26545405931049815,-0.013344281780064193,-0.4117131506042142,0.411929348598366,2.3714446987397078
1,10,622.9481,804.9235,620.9779,819.4281,602.6411,819.3916,82.37867450500808,620.9825248218477,819.4163812476509,,,,,,,
2,10,626.5571,805.0271,623.01184,820.52893,603.6871,819.2782,80.82104660038368,622.7451784433775,820.4486570840876,1.7626536215298074,1.0322758364367246,2.0426799044351722,,,,0.5297918008192123
3,10,625.5472,809.5479,625.01465,821.06274,604.93164,815.3274,103.29050729573171,624.8447465445497,820.9926644671208,2.099568101172167,0.544007383033204,2.1689006994914117,0.33691447964235977,-0.48826845340352065,0.5932263052004252,0.25352900704841486
4,10,628.42883,808.9165,628.44275,819.0887,613.12524,816.27405,100.490498106289,627.8602800285936,820.0382527291052,3.0155334840438854,-0.9544117380155512,3.1629644258277265,0.9159653828717182,-1.4984191210487552,1.756203987281619,-0.30652344577516427
5,10,628.329,810.24536,629.11865,819.116,615.65247,814.9333,112.34244386776383,629.5512378328507,819.5072055678235,1.6909578042570956,-0.5310471612817764,1.7723852242905354,-1.3245756797867898,0.4233645767337748,1.3905891903490422,-0.30429734698061717
6,10,622.6068,805.13794,624.8266,819.78546,610.1411,817.35156,108.02780838060156,627.9558427890072,819.4668592313602,-1.5953950438434958,-0.04034633646324437,1.59590512649919,-3.2863528481005915,0.49070082481853206,3.322785328861384,-3.1163087975278003
7,10,606.94476,815.4241,620.5099,819.2958,605.92474,816.62866,174.43330871009877,625.563766319984,819.4007140271164,-2.392076469023209,-0.06614520424386683,2.3929908110352214,-0.7966814251797132,-0.02579886778062246,0.7970990370118013,-3.1139479047096272
8,10,607.5544,815.62,621.5712,818.9677,607.34064,815.89404,178.7554162805326,623.7562264528628,819.2168529435513,-1.807539867121136,-0.18386108356503428,1.8168668826532126,0.584536601902073,-0.11771587932116745,0.596271806483904,-3.0402223473100043
9,10,607.7802,816.1944,622.0344,818.8271,607.42126,815.90173,179.14430575298513,623.0805098761778,818.9295046393888,-0.6757165766850903,-0.28734830416249224,0.7342764737563623,1.1318232904360457,-0.10348722059745796,1.1365445726413304,-2.7395104861050164
10,10,610.962,814.4586,623.2854,818.89166,605.1826,817.5734,164.3799803103194,623.1388089576169,818.5528977733521,0.058299081439145084,-0.37660686603669546,0.3810925274032929,0.7340156581242354,-0.08925856187420322,0.7394228000538023,-1.417214462337673
11,10,613.1532,809.1832,624.7506,816.6725,607.67395,816.7501,146.88635807108847,623.3984068850804,818.1073627730337,0.2595979274634601,-0.44553500031838666,0.5156476708490292,0.20129884602431503,-0.0689281342816912,0.21277291440941382,-1.0432202129534935
12,10,618.2273,808.93964,624.44446,816.8764,602.78326,814.76135,133.64973025689605,623.7320444481626,817.6376371415002,0.33363756308222037,-0.46972563153349256,0.5761563957980341,0.07403963561876026,-0.024190631215105896,0.07789129785248187,-0.9532031110455096
13,10,617.5239,810.0705,625.1962,816.94867,604.7652,813.942,146.4955851482975,624.1138268368816,817.1945601506864,0.38178238871898884,-0.44307699081389273,0.5848717911856166,0.048144825636768473,0.026648640719599825,0.0550279409736286,-0.8595709934071117
14,10,617.422,810.6236,625.4745,817.0845,606.2101,813.4703,151.8841038895815,624.5178592412551,816.8289710725271,0.40403240437353816,-0.36558907815924613,0.5448830680551466,0.022250015654549316,0.0774879126546466,0.08061910322127028,-0.7354886928560493
15,10,620.96106,809.4557,625.78784,816.8253,605.1231,814.86383,128.6452734711453,624.9182468513011,816.5917091789582,0.400387610045982,-0.23726189356887062,0.46540675158211814,-0.0036447943275561556,0.1283271845903755,0.12837893452814794,-0.5349461303031888
16,10,615.84607,813.1641,626.66925,816.964,611.45776,811.8877,179.1089068959705,625.3069780203967,816.513899034345,0.3887311690956494,-0.07781014461329505,0.39644210224345783,-0.01165644095033258,0.15945174895557557,0.15987724309801093,-0.1975536401587904
17,10,619.21106,811.2189,626.6887,817.47,608.8418,813.46704,152.74717623464903,625.7475737553543,816.5478063727752,0.44059573495758286,0.03390733843025373,0.4418985282417632,0.05186456586193344,0.11171748304354878,0.12316951412436618,0.07680654533068763
18,10,618.38983,812.701,626.554,817.0492,609.8335,811.95844,168.89391756357335,626.3214382263454,816.625982220767,0.5738644709911114,0.07817584799181532,0.5791648247909635,0.1332687360335285,0.044268509561561586,0.1404288323058209,0.13539359127574938
19,10,623.5021,807.8119,629.7705,817.7918,615.01666,814.7798,133.67159146717648,627.1099756035417,816.680977604839,0.788537377196235,0.05499538407195814,0.790452836989494,0.21467290620512358,-0.023180463919857175,0.21592079697447764,0.06963078251370183
20,10,629.18805,805.82947,629.83307,817.3159,614.52966,816.21045,97.34574560636318,628.0054409120128,816.653708010167,0.8954653084711026,-0.027269594672020503,0.895880432573914,0.10692793127486766,-0.08226497874397865,0.1349114865920248,-0.03044357978112867
22,10,625.9036,806.56274,629.35516,815.6606,618.64514,814.09485,119.09308921073324,628.6270619226682,816.258231622483,0.6216210106554172,-0.39547638768397064,0.7367592918340593,-0.2738442978156854,-0.36820679301195014,0.458875736846383,-0.5666139988109817
24,10,615.2279,817.0078,633.66766,812.35345,631.3466,796.95825,84.40751362952204,630.0104416478764,815.2930908267876,1.383379725208215,-0.9651407956953335,1.6867828015582143,0.7617587145527978,-0.5696644080113629,0.9512065374838775,-0.6091596490273855
25,10,627.2948,800.8178,633.208,812.8278,619.3402,815.10815,106.87583426550948,631.2832402580995,814.5537407221015,1.2727986102230489,-0.7393501046861957,1.4719561404760717,-0.1105811149851661,0.22579069100913784,0.25141523250938175,-0.5262460503924364
26,10,628.5988,805.39734,636.4035,811.0012,621.478,800.61523,179.1537334504336,632.7876155190949,813.6201878508114,1.5043752609954026,-0.9335528712900896,1.7704987685364133,0.2315766507723538,-0.1942027666038939,0.3022291510419655,-0.5553990579280823
27,10,615.40295,813.1801,637.00464,810.87286,635.2853,790.69586,88.77404598168329,634.3228828503215,812.52428542559,1.5352673312266916,-1.0959024252213112,1.8862788510551347,0.030892070231288926,-0.16234955393122164,0.16526251137157977,-0.6199401330428234
28,10,632.98895,792.5756,637.2419,810.42957,616.46576,812.11566,98.7588460118648,635.6357127365255,811.4943483959349,1.3128298862039856,-1.029937029655116,1.6686199672679136,-0.22243744502270602,0.06596539556619518,0.23201260819281777,-0.665228371511291
29,10,641.6174,790.3454,636.45404,808.5646,613.255,816.96405,54.27386345781129,636.5188318891093,810.753587358819,0.8831191525837312,-0.7407610371159308,1.1526605535756296,-0.42971073362025436,0.28917599253918524,0.5179518020525463,-0.6979563039765269
35,10,628.943,799.4495,633.68164,813.83105,620.06915,803.1152,146.4469822273511,636.5236394639082,810.8385856466487,0.004807574798974201,0.08499828782964869,0.08513413950595575,-0.878311577784757,0.8257593249455795,1.2055329487016637,1.5142956835957209
41,10,614.1304,800.8429,643.8484,802.60046,651.4579,777.25336,76.67424759052743,639.0421422825941,808.6162302447426,2.5185028186858744,-2.222355401906043,3.3588271733016666,2.5136952438869002,-2.3073536897356917,3.4121173527117343,-0.7230121775129447
42,10,614.70337,800.5927,643.3334,802.29926,650.85815,777.5376,76.50776447968116,640.3189336417852,806.6751231319696,1.2767913591910656,-1.941107112773011,2.323379650027723,-1.2417114594948089,0.2812482891330319,1.27316454112616,-0.9889821057168116
43,10,615.0501,799.3922,643.1234,802.5079,650.3895,778.0758,79.77043283370139,641.7864906204009,805.0254917424494,1.4675569786156757,-1.6496313895202093,2.2079418485942846,0.19076561942461012,0.2914757232528018,0.34835272182114363,-0.8437416931232169
44,10,614.7579,797.94446,641.32587,802.9114,648.85205,777.796,83.90766336083483,642.8552463928802,803.8154374827218,1.068755772479335,-1.210054259727599,1.6144566307872155,-0.3988012061363406,0.4395771297926103,0.5935237611524153,-0.8473242651489743
45,10,614.57214,797.2433,640.3312,803.4459,647.625,778.57635,87.1932548491789,643.0524620439015,802.9629446154095,0.1972156510213381,-0.8524928673123213,0.8750074867257727,-0.871540121457997,0.3575613924152776,0.9420362692895493,-1.3434556908926778
46,10,614.9335,795.49036,639.871,803.1876,649.2422,780.0685,85.08858179081108,642.86505894625,802.3216792250654,-0.18740309765155416,-0.6412653903440741,0.668087735153502,-0.38461874867289225,0.21122747696824717,0.43880363359602303,-1.855118307489218
47,10,614.1308,794.92114,639.35,803.3156,652.6005,780.30743,78.47266762393738,642.9034220942159,801.7292278517261,0.03836314796592433,-0.5924513733392587,0.5936921431966479,0.2257662456174785,0.04881401700481547,0.23098312907300836,-1.5061333594852155
48,10,614.2025,793.37286,642.326,801.646,653.7748,777.02875,81.45057772008062,643.3121306800015,801.023177035428,0.40870858578557545,-0.7060508162981023,0.8158127623971456,0.3703454378196511,-0.11359944295884361,0.38737653098037395,-1.0460617390004538
49,10,614.2211,792.8952,643.22253,801.30524,655.57184,776.2233,79.95773451792772,643.7777193490329,800.4671344267423,0.4655886690313764,-0.5560426086857433,0.7252283718970565,0.05688008324580096,0.150008207612359,0.16043006644990784,-0.8737066243474254
51,10,612.34424,791.0362,644.6361,797.22205,655.1739,776.1375,74.28894988156132,644.5034955892232,799.1884785318721,0.7257762401903847,-1.2786558948702123,1.470276180964391,0.26018757115900826,-0.722613286184469,0.7680283416358678,-1.0545345283506184
52,10,664.9148,754.9859,662.7291,769.7931,649.3984,775.9863,56.68451032416753,649.1588255632129,791.5660526623935,4.655329973989637,-7.622425869478548,8.93159970567547,3.9295537337992528,-6.343769974608335,7.462225541857998,-1.022516254066855
60,10,689.4432,701.80225,697.20013,723.58014,695.6094,736.8577,26.437047957276107,666.5553704207337,764.1422994930988,17.39654485752078,-27.42375316929474,32.47617605060879,12.741214883531143,-19.801327299816194,23.546361067960408,-1.0054941886268334
62,10,691.14545,723.6787,698.698,719.9253,684.66345,717.41736,143.44217689303298,683.5389141326875,740.030490197357,16.98354371195387,-24.11180929574175,29.492712736031354,-0.41300114556690914,3.311943873552991,3.3375952672253075,-0.9571460274866297
64,10,671.85535,735.3823,685.1212,727.00037,674.44366,718.7242,109.93419780030912,692.4465949588106,724.7217898853783,8.907680826123055,-15.308700311978782,17.71166516570533,-8.075862885830816,8.803108983762968,11.946308598506397,-1.0438140272861884
65,10,672.4702,733.2463,685.7237,726.0363,673.7238,720.3313,126.02609551800757,694.1811830741086,719.9033847733622,1.7345881152980382,-4.81840511201608,5.1211154793888305,-7.173092710825017,10.490295199962702,12.708247417344829,-1.225247677321039
66,10,677.9783,723.2955,685.05396,726.00934,669.0923,731.37103,140.44802295661216,695.2351271004682,716.3162316361075,1.0539440263595452,-3.5871531372546315,3.7387786295546723,-0.680644088938493,1.2312519747614488,1.4068609743542104,-1.2850274037758314
67,10,680.4678,717.632,683.7424,726.3712,667.58875,736.3288,78.89016084687572,695.2850402366205,714.110268133298,0.04991313615232684,-2.2059635028095954,2.2065281092450513,-1.0040308902072184,1.381189634445036,1.7075604922780077,-1.5481737308547414
68,10,679.4774,726.6467,684.6028,726.7459,668.7897,729.7385,168.17496580364556,695.6039864261202,712.2913428662413,0.3189461894996839,-1.8189252670566702,1.8466769611747333,0.26903305334735705,0.3870382357529252,0.4713569557438807,-1.3972123374535348
69,10,692.88617,730.4831,694.6364,717.86896,683.85187,696.4749,34.65175784473378,697.2555653895073,709.9188085352803,1.6515789633871236,-2.3725343309610025,2.8907840154344733,1.3326327738874397,-0.5536090639043323,1.4430499318027645,-0.9626761959566804
70,10,689.7803,714.0847,694.491,716.08813,687.2189,709.8629,162.47467719415098,699.0563133987704,707.4101232952723,1.8007480092630885,-2.508685240007935,3.0880730280060815,0.1491690458759649,-0.1361509090469326,0.2019615663482828,-0.9482200638050219
71,10,692.67,734.17896,696.2994,713.22217,682.36597,696.7429,50.04023831840557,700.1027205198213,705.3840230598022,1.0464071210509474,-2.026100235470153,2.2803618193519952,-0.7543408882121412,0.48258500453778197,0.8954990018048111,-1.0940647142822386
72,10,682.40314,690.61536,692.80707,713.87463,688.4002,727.2712,42.30795920972051,700.2367368062013,703.9062493228447,0.13401628637996055,-1.477773736957488,1.483838125489561,-0.9123908346709868,0.5483264985126652,1.0644806170911614,-1.4803557617645906
73,10,681.341,691.3057,688.15106,711.8071,687.7938,724.3529,20.006260422539427,699.5182618187449,702.8957537869904,-0.718474987456375,-1.010495535854261,1.2398820651908102,-0.8524912738363355,0.4672782011032268,0.9721575434019765,-2.18887507679214
74,10,680.8233,694.5137,688.77765,712.50354,685.04144,718.32214,56.55803700681644,698.320777348164,702.237323408903,-1.1974844705808891,-0.6584303780874734,1.3665648978628149,-0.4790094831245142,0.3520651577667877,0.5944745244638894,-2.6388687541548093
75,10,681.7613,693.3741,688.7537,711.178,685.40216,718.2876,46.68205614311911,697.0961607426393,701.8072039587641,-1.2246166055247159,-0.43011945013881814,1.2979555354150607,-0.027132134943826713,0.22831092794865526,0.22991744728790392,-2.803824405553952
76,10,683.67804,695.52234,689.3815,710.0661,683.9704,713.4347,79.50916673476209,696.1803296787092,701.4816412067553,-0.9158310639301135,-0.32556275200886375,0.9719761535937743,0.30878554159460236,0.10455669812995438,0.3260070763368647,-2.800041210608722
77,10,679.526,682.80646,689.52405,708.42303,689.92694,729.7784,20.23967368576573,695.4453631463447,701.1368809230586,-0.734966532364524,-0.34476028369670075,0.8118099881810783,0.18086453156558946,-0.019197531687837,0.18188052122573656,-2.7029831414258227
78,10,677.27826,680.48566,689.9287,706.772,692.06195,729.8942,20.428338616259477,694.6975053436423,700.6766633679813,-0.7478578027023559,-0.4602175550772927,0.8781181532482498,-0.012891270337831884,-0.11545727138059192,0.11617472343661815,-2.589940222977836
79,10,676.8368,678.7448,689.98346,705.01337,695.046,729.52765,14.918267244000337,693.9434999877723,700.1147067623353,-0.7540053558700492,-0.5619566056459462,0.9403825303087213,-0.0061475531676933315,-0.10173905056865351,0.10192461341874519,-2.5011093946836676
80,10,691.881,708.4607,690.13635,703.5026,681.1025,694.28235,25.029167942085245,693.2402156756724,699.4922238170576,-0.7032843120998677,-0.6224829452777385,0.9391985097983451,0.050721043770181495,-0.060526339631792325,0.07896874109646007,-2.4170660667291046
81,10,689.9185,704.23914,689.98755,702.7756,683.32513,698.3979,59.39263100212919,692.6445210042809,698.8504272430858,-0.5956946713914704,-0.6417965739717602,0.8756454670048152,0.10758964070839738,-0.019313628694021645,0.10930940966400182,-2.3189573845140354
82,10,678.5566,678.73065,689.89734,701.3333,695.64264,722.4807,11.445768831094028,692.1934806889847,698.2303260657397,-0.4510403152962681,-0.6201011773461005,0.7667873474233758,0.14465435609520227,0.02169539662565967,0.14627225633065988,-2.1996534074394125
83,10,684.9955,687.33167,690.72375,700.8938,689.80273,712.61914,27.389181959661716,691.8449439189674,697.6721145678713,-0.3485367700172901,-0.5582114978684558,0.6580865873170721,0.10250354527897798,0.06188967947764468,0.1197385035007749,-2.1289505452087965
84,10,677.3889,677.0578,690.2263,699.7205,697.2333,721.7354,11.874228985688156,691.5369560018607,697.2157833467145,-0.30798791710662954,-0.4563312211568018,0.5505404076778907,0.04054885291066057,0.101880276711654,0.10965309049549664,-2.1644923109763408
85,10,696.9646,718.70844,690.7893,700.316,676.22485,680.098,17.208364278776006,691.2075622452976,696.9013229995038,-0.3293937565631495,-0.3144603472106837,0.45539604393390065,-0.02140583945651997,0.14187087394611808,0.1434766700097045,-2.3793841108113956
86,10,683.965,690.2385,690.19946,700.49243,688.2618,709.92065,42.91353603898213,690.7384180139967,696.7506258852604,-0.469144231300902,-0.1506971142433713,0.49275341703959186,-0.13975047473775248,0.16376323296731243,0.21528723060444954,-2.830786121737861
87,10,674.6445,677.21967,686.0621,699.32623,691.08453,719.83295,13.553601709312732,689.7856189010231,696.7131914101537,-0.9527991129735938,-0.037434475106692844,0.9535342099839841,-0.48365488167269177,0.11326263913667844,0.4967398413556446,-3.1023239023240965
88,10,685.1054,703.8166,682.9206,699.28845,677.2719,690.89557,8.184676464431709,688.1114180192011,696.7204207421411,-1.6742008818220029,0.0072293319873324435,1.674216490163251,-0.7214017688484091,0.04466380709402529,0.7227830710259793,3.137274601237723
89,10,677.5571,688.2857,680.9717,699.984,684.4848,709.3493,4.290441596199784,686.1282583320425,696.7037150491788,-1.9831596871586044,-0.016705692962318608,1.9832300484180763,-0.30895880533660147,-0.02393502494965105,0.3098845411025862,-3.133169076839027
90,10,671.14417,677.5006,680.427,698.66174,689.60767,717.7473,2.003009064160092,684.3060238886836,696.5942725683972,-1.822234443358866,-0.10944248078158125,1.8255180150201264,0.16092524379973838,-0.09273678781926264,0.18573380388889948,-3.0816052169063024
91,10,669.06036,673.91626,679.3613,697.55115,690.62494,717.83905,5.4890869855771,682.6941732300697,696.3224798136209,-1.6118506586138892,-0.2717927547762429,1.6346051043670722,0.21038378474497677,-0.16235027399466162,0.2657422592471179,-2.9745425335858395
92,10,667.911,671.31396,679.4476,695.6447,691.4415,716.4113,4.6408495880345,681.2370585200987,695.8185203678476,-1.4571147099710515,-0.5039594457733756,1.541803619465926,0.15473594864283768,-0.23216669099713272,0.27900642682733495,-2.808609706509254
93,10,667.9066,670.826,679.01385,694.29535,691.70325,713.7638,7.769404848834127,679.8790319226687,695.0125778140756,-1.3580265974300119,-0.8059425537719562,1.5791705542175607,0.09908811254103966,-0.30198310799858064,0.31782424634289336,-2.605991449333089
94,10,665.9287,669.2864,677.7683,691.0748,691.92584,709.464,9.072984572655225,678.564445601677,693.8348357353032,-1.3145863209916797,-1.1777420787724395,1.764996770379387,0.04344027643833215,-0.3717995250004833,0.37432865827722,-2.411045598960886
95,10,664.17664,668.47064,675.288,690.7883,690.6987,708.5022,14.555125519716622,677.2577034591619,692.4686904718457,-1.306742142515077,-1.366145263457497,1.890483511668972,0.007844178476602792,-0.18840318468505757,0.18856641041141103,-2.3339738221746527
96,10,663.1164,667.6926,674.7288,691.1148,690.10443,709.824,13.042471006966066,676.0034163497215,691.6072635027309,-1.2542871094403836,-0.8614269691147456,1.5216085488806015,0.05245503307469335,0.5047182943427515,0.5074367814212165,-2.5397902301483803
97,10,662.2755,665.45,675.0846,689.12006,688.86395,709.97614,5.0321696614515785,674.866246866094,690.502826161312,-1.137169483627531,-1.1044373414189295,1.5852243612858776,0.11711762581285257,-0.24301037230418387,0.2697602256142618,-2.370795541432507
98,10,662.2508,664.48663,674.7629,687.46875,687.6806,707.8744,3.7707088524679264,673.9108576010171,689.1782865273456,-0.9553892650768603,-1.324539633966424,1.633148459195309,0.18178021855067072,-0.22010229254749447,0.2854628995876565,-2.195674434026265
99,10,661.7768,662.8049,674.6384,686.2789,687.9167,707.3539,3.4940714438199114,673.1838019016172,687.9070052438909,-0.727055699399898,-1.2712812834546412,1.464501994430856,0.22833356567696228,0.05325835051178274,0.23446251110570226,-2.0903036413906704
100,10,661.43964,661.7556,674.6435,686.0171,688.0128,707.32214,3.5525873932209984,672.6591961325706,686.69039057026,-0.5246057690466159,-1.2166146736309429,1.3249009310175297,0.20244993035328207,0.05466660982369831,0.20970076902497337,-1.9779077423413711
101,10,662.649,658.53595,673.96466,684.465,688.2332,706.24634,9.651233478937543,672.2930474129416,685.4618626698266,-0.3661487196289954,-1.2285279004333916,1.2819304532731992,0.1584570494176205,-0.011913226802448662,0.1589042525641929,-1.8604526898771958
102,10,663.0393,656.20245,674.4222,682.7238,688.1311,705.6957,7.598662866654808,672.0413628617947,684.1548417059648,-0.2516845511469228,-1.3070209638617598,1.3310330248570663,0.11446416848207264,-0.07849306342836826,0.13879195536003575,-1.761031302329577
103,10,662.20807,655.1348,674.2936,681.2919,688.8064,703.83875,7.969620192021061,671.8601495981942,682.7194473543428,-0.1812132636005117,-1.4353943516219942,1.4467878875540374,0.07047128754641108,-0.12837338776023444,0.14644428651705213,-1.6963782845089996
104,10,661.5692,654.64404,673.6787,680.0474,688.4886,702.1175,8.376557331825508,671.7054147412042,681.1725973398054,-0.15473485698998957,-1.5468500145374264,1.554569986665814,0.026478406610522143,-0.11145566291543219,0.11455771825831111,-1.6704968904339244
105,10,661.72705,653.8554,673.0293,677.7338,688.4993,698.98895,10.71876612299334,671.5331654098894,679.5479088994915,-0.17224933131478792,-1.6246884403138893,1.6337938548752011,-0.017514474324798357,-0.07783842577646283,0.07978456829633117,-1.6764216708896778
106,10,660.9563,653.21814,672.464,675.9242,687.4751,695.7522,10.251695229926778,671.2994087233138,677.8789992705397,-0.2337566865755889,-1.6689096289518375,1.685200741195825,-0.06150735526080098,-0.04422118863794822,0.07575399841415226,-1.7099565232352125
107,10,659.5514,651.4893,671.5605,674.80505,686.2143,694.9313,8.806828480132156,670.9712098985767,676.2140615503477,-0.3281988247371146,-1.6649377201920288,1.6969773365242842,-0.09444213816152569,0.003971908759808684,0.09452562361453615,-1.7654247715516271
108,10,658.58374,650.4131,670.95496,674.09045,685.93164,695.0594,7.948977148067539,670.5598665449171,674.6595922773478,-0.4113433536596176,-1.5544692729998815,1.6079732818989008,-0.08314452892250301,0.11046844719214732,0.13826167406331077,-1.8294867747775365
109,10,657.9295,649.51965,670.597,673.2838,685.3286,694.6852,6.481772319046666,670.0877343696085,673.3366638502315,-0.47213217530861584,-1.322928427116267,1.4046524175873423,-0.06078882164899824,0.23154084588361457,0.2393876441046477,-1.9135907987998189
110,10,657.7247,649.3419,669.80457,673.3952,684.7796,695.0675,7.977129254097779,669.5771690799248,672.3278802391034,-0.5105652896836546,-1.0087836111281376,1.1306287140836642,-0.03843311437503871,0.31414481598812927,0.31648707665998055,-2.0393277265054444
111,10,657.4508,649.5261,668.3274,673.4618,683.1203,695.16205,9.84448560691534,669.0505263831394,671.5619716997219,-0.5266426967854159,-0.7659085393814848,0.9294990160160983,-0.01607740710176131,0.2428750717466528,0.24340662171571567,-2.173155107077253
112,10,657.22546,648.9829,668.4503,672.94037,682.71387,695.2767,7.4568785050496125,668.5301619865262,670.9194151716229,-0.5203643966132177,-0.6425565280990213,0.8268361367679248,0.006278300172198215,0.12335201128246354,0.12351168260727903,-2.251505168888938
113,10,657.7196,646.7875,668.68787,671.72046,682.3637,694.5483,7.180044327696421,668.0384315973588,670.2415480437963,-0.49173038916740097,-0.6778671278265165,0.8374381282330621,0.028634007445816678,-0.03531059972749517,0.04546146539127909,-2.1983720452387505
114,10,657.6201,645.4804,668.2498,670.6784,682.1049,693.3444,8.563963739006033,667.5976909229114,669.4290397068738,-0.4407406744473974,-0.8125083369225194,0.9243495765569134,0.050989714720003576,-0.13464120909600297,0.14397293563048905,-2.0678202656063562
115,10,657.0294,643.7173,667.6572,669.5447,682.1396,692.96234,9.36735093651739,667.230295670457,668.6590271086018,-0.3673952524543438,-0.7700125982720465,0.8531697797177646,0.0733454219930536,0.04249573865047296,0.08476696721476128,-2.0159802086301752
116,10,656.7755,643.86957,667.2984,669.91144,682.2809,692.8476,11.151165918233913,666.951467295928,668.1270238761958,-0.27882837452909826,-0.5320032324059412,0.6006435729556331,0.08856687792524554,0.23800936586610533,0.2539538345948155,-2.053545612133055
117,10,656.1327,644.16364,667.3171,670.06866,682.29706,693.19,9.586526107793087,666.7478902498872,667.8255827976345,-0.20357704604077753,-0.30144107856131086,0.3637448797150212,0.07525132848832072,0.2305621538446303,0.24253179013220538,-2.1647836981483324
118,10,655.3669,644.8457,667.5112,670.3812,682.349,693.5002,7.257257279746253,666.5991147315561,667.6965164510873,-0.14877551833103553,-0.12906634654723348,0.1969575504156133,0.054801527709742004,0.17237473201407738,0.18087635466319696,-2.4270125159029803
119,10,653.8178,644.9638,667.20233,670.33594,682.3751,693.2177,5.735281065735967,666.4846909401562,667.6816374147231,-0.11442379139998593,-0.014879036364163767,0.11538712996462648,0.0343517269310496,0.11418731018306971,0.1192425383409376,-3.0122837586194704
120,10,652.9624,645.4634,667.3348,670.0295,682.4018,692.7991,3.16359755247707,666.3841690749091,667.722758266711,-0.1005218652470603,0.04112085198789828,0.10860741162995641,0.013901926152925626,0.055999888352062044,0.05769966244446159,2.7532886719957994
121,10,652.51215,645.25635,667.23303,669.89307,682.4346,692.00464,3.649265660024317,666.2770993350358,667.7616915852207,-0.10706973987328183,0.03893331850963477,0.11392862891611093,-0.006547874626221528,-0.0021875334782635036,0.006903619691092444,2.7928309907507605
122,10,651.81384,644.88324,667.0438,669.5468,682.323,692.22314,2.276064776547144,666.143031919758,667.740249948421,-0.1340674152778547,-0.0214416367996364,0.1357711885045287,-0.026997675404572874,-0.06037495530927117,0.06613629643279982,-2.9830039352052795
123,10,651.38165,644.7894,666.76666,669.3052,682.3554,691.2548,3.271836079522064,665.9615170282968,667.6002459344816,-0.18151489146112,-0.1400040139394605,0.22923520615582332,-0.04744747618326528,-0.1185623771398241,0.12770395557384825,-2.4845928754651285
124,10,650.4801,643.37537,665.8074,667.5432,680.3981,689.88983,0.7589877433518365,665.7187941988561,667.3043547244195,-0.24272282944070867,-0.29589121006210917,0.38270874058965854,-0.06120793797958868,-0.15588719612264867,0.1674730712284644,-2.257799938846132
125,10,649.7446,642.89685,664.6277,666.5247,678.3209,689.1781,1.05499065682931,665.4278603255701,666.8987019106443,-0.29093387328600784,-0.40565281377519113,0.49919607765779644,-0.04821104384529917,-0.10976160371308197,0.11988291954369899,-2.1929723552383695
126,10,649.7282,642.67096,664.47284,666.20074,677.69135,688.8918,1.850125918063732,665.1084016415545,666.450275688414,-0.3194586840156717,-0.44842622223029593,0.550581444998612,-0.02852481072966384,-0.0427734084551048,0.05141234577443803,-2.189795818322434
127,10,649.7742,642.14453,664.8176,666.1512,678.51105,688.86005,0.9827783574770644,664.7682323038379,666.0260642529864,-0.3401693377165884,-0.42421143542753725,0.5437559381469171,-0.020710653700916737,0.02421478680275868,0.031863569740729805,-2.2466863931344747
128,10,649.4006,641.8292,664.37244,666.1275,678.5373,688.9068,0.2340679772588951,664.3676781650981,665.6930557996195,-0.40055413873972157,-0.3330084533669151,0.5209013803738141,-0.06038480102313315,0.09120298206062216,0.10938147983709834,-2.4480145409831207
129,10,648.99506,641.83765,663.3731,666.2542,677.6847,688.6166,2.1263325874697063,663.8511506962723,665.4907621380579,-0.5165274688258705,-0.20229366156161177,0.5547281780833425,-0.11597333008614896,0.13071479180530332,0.1747460159430671,-2.768312466841808
130,10,647.0239,641.9572,661.335,665.9423,675.20166,688.8845,0.3274564541326893,663.1468921456847,665.3487895359942,-0.7042585505876104,-0.14197260206367446,0.7184262841882195,-0.18773108176173992,0.06032105949793731,0.19718415067744863,-2.94266718672663
131,10,645.84674,641.7641,660.0718,665.58844,674.0312,688.7737,0.2121420935987288,662.2277542531752,665.1692678756085,-0.9191378925094114,-0.17952166038571704,0.936505468213767,-0.21487934192180091,-0.03754905832204258,0.2181354243712341,-2.948705678626868
132,10,645.19196,640.9915,659.7211,665.0276,673.73486,688.52795,0.342640706430376,661.2611959472592,664.8543270390801,-0.9665583059160099,-0.31494083652842164,1.0165739959532947,-0.04742041340659853,-0.1354191761427046,0.14348187646815036,-2.826603549630107
133,10,644.9392,639.44336,659.6415,663.8599,674.19995,687.1767,0.9255615084343144,660.4208660417493,664.3222536864671,-0.8403299055099751,-0.532073352612997,0.9946136951878545,0.12622840040603478,-0.2171325160845754,0.2511575971582079,-2.577138427190968
134,10,644.1417,637.42505,658.8816,661.94116,673.78314,685.499,1.299653890061475,659.7105657029763,663.5559615893428,-0.7103003387729814,-0.7662920971242784,1.0448589136223783,0.13002956673699373,-0.23421874451128133,0.2678919717092156,-2.3182930738106897
135,10,644.2237,636.7667,658.7556,660.5516,673.1736,683.6239,0.5777687362228237,659.0916341853998,662.5545212971585,-0.6189315175764705,-1.0014402921842702,1.1772675491406486,0.09136882119651091,-0.23514819505999185,0.2522755143227578,-2.1243760177084723
136,10,643.8719,635.56494,658.26227,658.6743,672.2477,680.96484,0.1938266572205511,658.5254107434802,661.3170033593658,-0.5662234419196466,-1.2375179377927452,1.3609039762371702,0.052708075656823894,-0.236077645608475,0.24189004939328568,-1.9999091366920752
137,10,643.5682,634.91644,658.27563,656.55725,671.3377,678.41254,3.335541357045884,657.977770687922,659.8888386070719,-0.5476400555581904,-1.4281647522939238,1.5295633985378123,0.018583386361456178,-0.1906468145011786,0.1915503853509722,-1.9369608343521594
138,10,643.30023,634.11505,658.0504,656.3155,672.11865,677.36255,0.158258777758629,657.4327335544086,658.5008989980071,-0.5450371335133468,-1.3879396090648015,1.4911209995568435,0.002602922044843581,0.040225143229122295,0.04030927127814314,-1.944989588775448
139,10,641.7607,633.65204,656.71564,656.2422,672.6804,676.10876,5.280344195960386,656.8788549348694,657.3671043878435,-0.5538786195392049,-1.1337946101635907,1.2618525045418993,-0.008841486025858103,0.2541449989012108,0.2542987462447306,-2.025215890865833
140,10,641.59735,633.25903,656.4394,656.07086,672.2485,675.9215,5.484622453784171,656.3046904212326,656.4481250973981,-0.5741645136367879,-0.9189792904453498,1.083599476276732,-0.020285894097582968,0.21481531971824097,0.21577103393409514,-2.129241049928568
141,10,640.444,633.3853,655.20416,655.90753,671.3863,675.9863,5.627163933275305,655.7011863288067,655.653723211657,-0.6035040924259647,-0.7944018857410811,0.9976429950858539,-0.029339578789176812,0.1245774047042687,0.12798570485166483,-2.2204741758748217
142,10,639.9303,632.61444,654.4742,655.1299,670.02814,675.6686,4.276129697065414,655.0688518664203,654.9432774071385,-0.632334462386325,-0.7104458045185993,0.9510941664627548,-0.028830369960360258,0.08395608122248177,0.08876831532865316,-2.2980886218208867
143,10,639.3351,631.16223,654.01056,654.49243,669.6479,675.49457,4.498582630927886,654.4105869662824,654.2885705082441,-0.658264900137965,-0.6547068988943465,0.9284146714768661,-0.025930437751640056,0.055738905624252766,0.061475305629016895,-2.358904367538469
144,10,638.7519,629.6401,653.71344,653.9878,669.6541,675.68475,4.733958823373817,653.7292915606009,653.6613853393753,-0.6812954056814533,-0.6271851688687775,0.9260262770848422,-0.02303050554348829,0.027521730025569013,0.03588662437718198,-2.3975244301524956
145,10,638.4778,629.6327,653.20483,653.9569,668.41766,675.38873,4.17527897805916,653.0278655815847,653.0335047249341,-0.7014259790162214,-0.6278806144412101,0.9413992086410187,-0.020130573334768087,-0.0006954455724326181,0.0201425824394662,-2.4114642542872207
146,10,637.54926,628.5387,652.14105,653.01666,667.6496,674.9031,4.52108060134616,652.3092089614422,652.3801904476193,-0.7186566201424966,-0.6533142773148484,0.9712295725615336,-0.01723064112627526,-0.02543366287363824,0.030720777997836783,-2.403785153255851
147,10,636.4461,627.50867,651.1946,652.0973,667.1652,674.34955,4.711602093226208,651.5762216323818,651.6906201233182,-0.7329873290603928,-0.6895703243010303,1.0063685491507157,-0.014330708917896118,-0.0362560469861819,0.03898551219560539,-2.386705402207801
148,10,635.4412,625.8018,649.95197,650.6914,665.91925,673.1528,5.1658879082360425,650.8318035266124,650.9574503262161,-0.744418105769455,-0.733169797102164,1.0448426999219604,-0.01143077670906223,-0.04359947280113374,0.04507301503903683,-2.3638069587067214
149,10,635.83307,625.29724,649.37067,649.7826,664.8892,671.526,6.57834736216907,650.0788545763422,650.1733376304976,-0.7529489502701381,-0.784112695718477,1.0870900796621226,-0.008530844500683088,-0.05094289861631296,0.05165224319743312,-2.3359223843773225
150,10,635.2379,624.5084,648.96686,648.5226,663.7489,671.0264,3.542984662303282,649.3291913684208,649.3365933802809,-0.7496632079214578,-0.836744250216725,1.1234482033373145,0.0032857423486802873,-0.05263155449824808,0.05273401778438628,-2.301357545568103
151,10,635.32776,624.3831,649.1534,648.36523,664.3799,670.75433,4.255699406113675,648.6302971082608,648.4681479994184,-0.698894260159932,-0.8684453808624539,1.114742376706758,0.05076894776152585,-0.03170113064572888,0.05985355245121304,-2.2484358803510895
152,10,634.13916,622.9026,648.1955,647.38446,663.88495,670.1324,4.732013543809519,648.0385716559163,647.5945866816951,-0.5917254523445763,-0.873561317723329,1.0551058651978542,0.10716880781535565,-0.005115936860875081,0.10729084853112633,-2.166173330592806
153,10,634.26294,622.1062,648.3837,646.6519,663.89636,669.21924,4.593162438236773,647.6104148714403,646.7424946208968,-0.4281567844759593,-0.8520920607983271,0.9536137122379968,0.163568667868617,0.0214692569250019,0.16497162817049993,-2.036423686137823
154,10,634.9119,621.92786,648.6483,645.97546,663.74713,668.1948,4.461727108132303,647.3754802804817,645.9261477932079,-0.2349345909585736,-0.8163468276889034,0.8494800792876832,0.19322219351738568,0.03574523310942368,0.1965007322065673,-1.8510118813143168
155,10,635.73895,620.71136,649.2985,644.80005,664.515,666.9558,5.105916682003884,647.2564360710671,645.1105853044098,-0.11904420941459648,-0.8155624887980366,0.8242048877127542,0.11589038154397713,0.0007843388908668203,0.11589303569198764,-1.715738504629224
156,10,634.0324,619.85077,648.7374,643.7648,664.4072,667.0839,2.3121531864228766,647.1492040968177,644.248537042683,-0.1072319742494301,-0.8620482617268408,0.8686920638797722,0.011812235165166385,-0.04648577292880418,0.04796306896337574,-1.6945527068555624
157,10,631.9266,619.0496,647.5856,642.7319,663.0593,667.4186,1.3935314246775194,646.9497062113551,643.2927328962082,-0.1994978854626197,-0.9558041464747475,0.9764020548536229,-0.09226591121318961,-0.09375588474790675,0.1315414926814462,-1.776564719996874
158,10,631.40094,617.3678,646.6048,641.6667,661.7174,666.30145,0.5066767977169201,646.5796373773461,642.217277690011,-0.3700688340089755,-1.0754552061972618,1.1373455246500763,-0.1705709485463558,-0.11965105972251422,0.2083526447653694,-1.902209288444086
159,10,630.37665,616.2503,645.4183,640.2386,660.5478,664.6403,0.2893910067016695,646.0637849936406,641.0817759964971,-0.5158523837054645,-1.135501693513902,1.2471839390192407,-0.145783549696489,-0.060046487316640196,0.1576655447495619,-1.9972159703944032
160,10,630.7375,615.54065,645.2893,638.99176,659.61957,662.2063,0.1327040068902961,645.4527095681337,639.9672073249171,-0.6110754255068969,-1.1145686715799457,1.2710926399464044,-0.09522304180143237,0.020933021933956297,0.09749676454736758,-2.0723040473235694
161,10,630.46814,615.42255,644.45996,638.34125,658.41595,660.4782,0.8244823036500668,644.7969716087208,638.9611604875017,-0.6557379594129316,-1.006046837415397,1.2008840537239878,-0.044662533906034696,0.10852183416454864,0.11735301626010937,-2.148433534243676
162,10,630.06946,615.4138,643.7557,638.86957,658.49963,660.22424,4.359186767141043,644.1471316232974,638.1776615084035,-0.6498399854234549,-0.7834989790982263,1.0179207517793902,0.005897973989476668,0.22254785831717072,0.22262599879335754,-2.2632132822461837
163,10,630.2921,615.1694,643.1323,639.3711,658.2173,660.2197,7.939340312306979,643.5482865107548,637.6985874313184,-0.5988451125425627,-0.47907407708510164,0.7668946734402687,0.05099487288089222,0.30442490201312467,0.30866648348312603,-2.466853760994571
164,10,631.3591,614.9163,642.57477,639.42786,657.9288,660.201,11.881828079107716,643.0236787339675,637.4507821661987,-0.5246077767873203,-0.24780526511972312,0.580190286791145,0.07423733575524238,0.23126881196537852,0.24289183890759727,-2.7002981297338255
165,10,631.57666,615.6336,642.59,639.57214,657.68677,659.94336,11.835828388526918,642.5910871468056,637.3223313395599,-0.43259158716182355,-0.12845082663875473,0.45125945546588275,0.09201618962549674,0.11935443848096838,0.15070653979938176,-2.852951759002015
166,10,631.12384,616.4389,642.76544,639.6422,657.7073,659.17566,10.769729100702406,642.2682906031396,637.201320577919,-0.32279654366607247,-0.12101076164094593,0.344733539180168,0.10979504349575109,0.007440064997808804,0.11004683613537235,-2.7829250380459114
167,10,631.58,614.942,643.8086,638.1894,658.90594,658.35645,9.073807489270084,642.0583021211934,636.9928613603302,-0.20998848194619768,-0.20845921758882469,0.29588918187019536,0.11280806171987479,-0.08744845594787876,0.14273363736927316,-2.359849086813959
168,10,631.8185,612.58777,643.51636,637.07495,659.4837,658.59326,11.042218057199957,641.905071376604,636.6701685760036,-0.1532307445893366,-0.3226927843265912,0.3572258307343555,0.05675773735686107,-0.11423356673776652,0.12755684426757422,-2.0141224616248112
169,10,631.5593,610.4267,642.19244,636.3437,659.14185,657.837,15.951808596118315,641.7377822093624,636.2234829666882,-0.1672891672416199,-0.44668560931540924,0.47698396099436413,-0.014058422652283298,-0.12399282498881803,0.12478725854901168,-1.9291391837757363
170,10,630.491,608.81995,641.5291,635.8719,658.6733,657.87476,15.727884322216294,641.485618459459,635.6430452741328,-0.25216374990338863,-0.5804376925553925,0.6328463255043574,-0.08487458266176873,-0.13375208323998322,0.1584086946889116,-1.98063317064353
171,10,629.4874,606.4374,640.70703,634.6982,657.7334,657.86615,14.659315238769402,641.0947402419389,634.9307423278755,-0.3908782175201395,-0.7123029462572958,0.8125030881040056,-0.13871446761675088,-0.13186525370190338,0.19139004326261588,-2.072681470112301
172,10,628.5938,605.53577,639.88416,633.68274,656.71796,656.5156,14.54313510367289,640.5792127720621,634.1350453086116,-0.5155274698768153,-0.7956970192639119,0.9481045926811371,-0.12464925235667579,-0.08339407300661605,0.14997335605270376,-2.1456897588983375
173,10,628.6364,604.7285,639.70386,632.03815,656.14197,654.0241,14.723506587572748,639.9700775401438,633.3160714848257,-0.6091352319182306,-0.8189738237858819,1.020668337321456,-0.0936077620414153,-0.023276804521970007,0.09645839902857725,-2.210303856653014
174,10,628.0418,604.7962,638.55457,631.691,655.0615,653.80145,15.394042581682474,639.2983760364986,632.5339381250025,-0.6717015036452949,-0.7821333598232059,1.0309779350440467,-0.0625662717270643,0.03684046396267604,0.07260687393635729,-2.280381065747142
175,10,627.91986,604.65094,637.9926,631.6211,654.7141,653.13806,17.372354569091655,638.6088709555229,631.8289843162552,-0.689505080975664,-0.7049538087472911,0.9860918462083383,-0.01780357733036908,0.07717955107591479,0.07920637897314944,-2.3451162892567043
176,10,627.94073,604.5073,637.56915,631.1691,654.2851,652.8117,17.824945744652915,638.0012098079401,631.1624364202123,-0.6076611475828031,-0.6665478960428572,0.9019635070227668,0.08184393339286089,0.03840591270443383,0.09040709907897522,-2.3100129946110695
177,10,627.4607,603.65125,637.4967,630.29803,653.90686,653.0323,15.184768195359746,637.5887613085564,630.475742617131,-0.4124484993836859,-0.6866938030813117,0.8010381662780679,0.1952126481991172,-0.020145907038454425,0.19624942187765637,-2.1116785060080963
178,10,627.7856,603.301,638.54956,629.2219,654.0217,652.1645,11.443961673967516,637.4848941721771,629.7103510872685,-0.10386713637933553,-0.7653915298625407,0.7724070015250794,0.30858136300435035,-0.078697726781229,0.3184584585062165,-1.705676959233574
179,10,628.8665,603.0134,640.3526,628.2257,655.15936,650.1931,9.488459047392896,637.8029771136079,628.8077100108824,0.3180829414308164,-0.9026410763860895,0.9570463261560113,0.4219500778101519,-0.13724954652354882,0.44371083622660495,-1.2319926858360484
180,10,631.32904,602.01605,643.1851,626.54675,657.47644,647.35876,8.681612858295855,638.5527667762437,627.7310372587287,0.7497896626358624,-1.0766727521536268,1.3120246771405124,0.43170672120504605,-0.1740316757675373,0.46546505486885753,-0.9624938369206951
181,10,631.85864,600.3824,642.3346,624.95386,656.9612,644.8316,13.25587036766423,639.3295715178348,626.5306294635608,0.776804741591036,-1.200407795167962,1.4298267312014852,0.02701507895517352,-0.12373504301433513,0.12664981389924593,-0.9964502259278092
182,10,630.6085,598.8749,640.7463,623.6281,654.1414,644.2631,10.717829627463589,639.7030163626273,625.2785529486307,0.37344484479251605,-1.2520765149300814,1.3065820492190932,-0.4033598967985199,-0.05166871976211951,0.4066557056616433,-1.2809362568377534
183,10,628.93896,597.31494,639.7526,622.9421,653.2972,644.1761,9.654777273590152,639.5544412864928,624.0468740371905,-0.14857507613453436,-1.2316789114402127,1.2406077116215786,-0.5220199209270504,0.020397603489868743,0.5224182807605547,-1.6908443818720613
184,10,626.3231,595.10095,636.8222,621.7398,650.6823,644.6733,9.636433371777084,638.9096432007561,622.8944178376886,-0.6447980857366247,-1.1524561995018985,1.3205755802452108,-0.4962230096020903,0.0792227119383142,0.5025072271573985,-2.0809031690260698
185,10,625.62024,594.23145,635.34467,621.2945,648.9662,643.9122,11.293879816472357,638.0605318069269,621.8270445993583,-0.8491113938292756,-1.0673732383303332,1.363919275116558,-0.2043133080926509,0.08508296117156533,0.22132111997160278,-2.2427965075662404
186,10,626.59033,594.2263,635.21826,620.14435,648.7254,641.3985,14.023949539717906,637.2766278662422,620.8373733566284,-0.783903940684695,-0.9896712427298553,1.262519131303542,0.06520745314458054,0.07770199560047786,0.10143772506271691,-2.2406925019678163
187,10,626.64435,595.5441,634.60144,620.3555,648.2964,639.6716,17.55519311480883,636.471783588662,619.9180231439287,-0.8048442775801732,-0.9193502126996691,1.2218752492560268,-0.02094033689547814,0.0703210300301862,0.07337264458776493,-2.2898806034967176
188,10,626.95544,594.9392,633.7566,620.0586,647.7754,640.32,19.529442244489623,635.5316044385918,619.060010644158,-0.9401791500702075,-0.8580124997707799,1.2728402429172485,-0.13533487249003429,0.06133771292888923,0.14858614585229898,-2.4018567728186166
189,10,626.7501,593.16125,632.5468,618.77496,646.5217,640.9541,19.462827366637452,634.5843774494967,618.2479431340919,-0.9472269890950429,-0.8120675100660719,1.2476748814394598,-0.007047839024835412,0.04594498970470795,0.04648240649843457,-2.4328698295652575
190,10,626.07874,592.7415,633.1613,618.0549,646.43005,640.3172,15.164258832011464,633.8190600471063,617.464825538977,-0.7653174023904512,-0.7831175951148452,1.0949812300583635,0.18190958670459167,0.028949914951226674,0.184198792913305,-2.3446993943546417
191,10,626.3977,591.8996,633.5453,616.97534,647.12555,639.86694,14.768560854069673,633.4246096571501,616.6936627840587,-0.39445038995620507,-0.7711627549183504,0.8661888389432537,0.37086701243424613,0.011954840196494843,0.3710596436100631,-2.0436022122247515
192,10,626.38293,591.2066,635.39606,615.756,649.4851,638.6382,11.461126908811725,633.5443737840916,615.9284387731698,0.1197641269415044,-0.7652240108889146,0.7745393682331314,0.5142145168977095,0.0059387440294358385,0.5142488094969127,-1.4155471727554378
193,10,627.5026,590.8859,638.37335,615.29846,652.2895,636.8289,8.873406917560349,634.13926024733,615.2070533244914,0.5948864632383675,-0.7213854486783475,0.9350330848205931,0.47512233629686307,0.043838562210567034,0.47714049711262113,-0.8812079129370824
194,10,626.9646,591.5953,638.2671,615.54364,652.3204,636.18463,8.983669615473088,634.9058900878643,614.5783852347918,0.7666298405343923,-0.6286680896996586,0.9914357666558161,0.17174337729602485,0.09271735897868894,0.19517247833910348,-0.6868423120566882
195,10,623.3433,591.76416,635.7863,616.04596,650.4193,637.24963,7.477743188752732,634.9946232457135,614.0913133008388,0.08873315784910574,-0.48707193395296144,0.49508851950590854,-0.6778966826852866,0.14159615574669715,0.6925268108297029,-1.3905958027987233
196,10,619.34216,591.0918,634.1351,615.5912,649.0132,638.6793,1.674094493091851,634.6509281139685,613.7947163194011,-0.3436951317449939,-0.29659698143768765,0.4539780974707444,-0.4324282895940996,0.1904749525152738,0.4725197701440378,-2.42961954071203
197,10,617.7615,591.8987,633.56396,615.6476,648.3516,638.79755,1.0702749423981486,634.3378600222575,613.7115886764025,-0.3130680917109885,-0.08312764299864739,0.32391640137243816,0.030627040034005404,0.21346933843904026,0.2156552202819261,-2.8820557258571236
198,10,617.8476,593.41,633.8418,616.12,647.9874,639.85016,4.356894722328056,634.0750367361537,613.7613871143905,-0.26282328610375316,0.04979843798798811,0.2674994656899688,0.05024480560723532,0.1329260809866355,0.14210518462383576,2.9543374788973584
199,10,617.5589,594.5028,633.5993,616.3164,647.1116,639.7056,6.312953355223733,633.7712166302159,613.8376839650685,-0.3038201059378025,0.07629685067809078,0.3132536770661319,-0.04099681983404935,0.02649841269010267,0.04881500908122927,2.895555365252607
200,10,614.6072,595.1521,632.63007,615.23376,646.3437,638.9852,11.90605346134107,633.3351580790036,613.8340515601401,-0.4360585512123407,-0.00363240492845307,0.43607368007134967,-0.1322384452745382,-0.07992925560654385,0.1545176116513689,-3.133262760955106
201,10,611.6521,595.7235,631.15295,614.1299,645.2839,639.16296,17.209541669455486,632.7003369765215,613.6671455380168,-0.6348211024820785,-0.1669060221232712,0.6563958046617723,-0.19876255126973774,-0.16327361719481814,0.2572252434329398,-2.884493121515641
202,10,610.5546,595.4094,629.8533,613.5173,643.06915,638.7003,19.13316127081335,631.8990992945595,613.3459547639457,-0.8012376819619931,-0.32119077407116947,0.8632180120596795,-0.16641657947991462,-0.15428475194789826,0.2269322863971084,-2.7603379805898616
203,10,610.29846,594.6329,629.04236,613.1293,642.06537,637.64795,17.40593872949749,630.9885085243534,612.9025514098812,-0.9105907702061131,-0.44340335406445774,1.0128090072566363,-0.10935308824412004,-0.12221257999328827,0.16399394079398846,-2.6884472729194253
204,10,609.6657,593.43665,627.99347,612.0909,641.6381,636.2584,15.045721271995316,630.025628157139,612.3690076477789,-0.9628803672144386,-0.5335437621023402,1.1008213059553902,-0.05228959700832547,-0.09014040803788248,0.10420890133059187,-2.6355977637236285
205,10,609.2281,592.8615,627.68567,611.32947,642.6256,633.91187,11.496289704422129,629.0523698525157,611.8028660954174,-0.9732583046233003,-0.5661415523615005,1.1259431534622477,-0.010377937408861726,-0.03259779025916032,0.03420990375085056,-2.6147398765564835
206,10,608.24347,592.7877,626.7519,610.9317,642.2984,633.0147,10.423999037126189,628.0500379435371,611.3635511538723,-1.00233190897859,-0.43931494154503525,1.0943796752596342,-0.029073604355289717,0.1268266108164653,0.1301163467109305,-2.728516904475063
207,10,607.54443,592.7255,625.6527,611.7795,641.39087,632.10486,5.79132694446083,626.9847849316208,611.1758220063929,-1.0652530119162975,-0.1877291474794447,1.0816682542305207,-0.06292110293770747,0.25158579406559056,0.2593346813877992,-2.96715414215271
208,10,605.49854,593.2362,623.68286,612.36755,639.59485,632.9426,5.829210742768643,625.822763318184,611.1238951816288,-1.1620216134367638,-0.05192682476410937,1.1631812520945575,-0.09676860152046629,0.13580232271533532,0.1667526104596473,-3.0969357372404995
209,10,603.8992,592.8895,622.30664,612.3437,637.7472,633.9647,7.884112182768199,624.553294036797,611.055367847277,-1.269469281387046,-0.06852733435175651,1.2713175260094154,-0.10744766795028227,-0.01660050958764714,0.1087224828015056,-3.0876639059116533
210,10,602.23773,591.7723,621.21375,611.5958,637.48016,633.96387,7.723393470380543,623.2583717496381,610.9119023818271,-1.2949222871588972,-0.14346546544993544,1.3028453743854627,-0.025453005771851167,-0.07493813109817893,0.07914277601467958,-3.0312518565566293
211,10,602.18176,590.43463,620.93286,610.9013,637.5476,633.3698,6.013466982451591,622.043159551039,610.6586774664652,-1.2152121985990334,-0.25322491536189773,1.2413152481879601,0.07971008855986383,-0.10975944991196229,0.13564967771136757,-2.9361533300521345
212,10,601.43445,588.6969,620.9482,609.74817,637.9983,632.6938,6.214574936835419,621.0128205353315,610.2608717823787,-1.0303390157075683,-0.3978056840865065,1.1044672243125977,0.18487318289146515,-0.1445807687246088,0.23469489222695056,-2.773133098937118
213,10,600.9589,587.9065,621.35944,608.2847,638.3427,630.7346,7.923897153801813,620.2725177968464,609.6836640107542,-0.7403027384850702,-0.5772077716244439,0.9387315677189888,0.29003627722249803,-0.1794020875379374,0.341036876478271,-2.4793581780127947
214,10,600.9388,587.64996,621.37036,607.6607,638.1142,629.00024,7.477060879161571,619.840205815088,608.9082350176591,-0.4323119817584029,-0.7754289930951472,0.8877971462583284,0.3079907567266673,-0.1982212214707033,0.3662648752889127,-2.079389604830947
215,10,599.04755,586.7628,619.93146,606.3706,636.5753,628.0977,9.351517313130936,619.3850046102482,607.9797744086817,-0.45520120483979554,-0.9284606089773888,1.0340441186478773,-0.02288922308139263,-0.15303161588224157,0.15473393936948573,-2.026633868321756
216,10,598.2129,586.11786,618.63184,605.0244,635.29315,625.93695,8.657552050201229,618.6476560178393,606.9594739742907,-0.7373485924089209,-1.020300434390947,1.2588470610625313,-0.2821473875691254,-0.09183982541355817,0.2967182196024961,-2.196580785092044
217,10,598.21625,585.5954,619.2336,603.9474,635.8016,625.3167,11.086048401282214,618.004223593963,605.9085255049549,-0.6434324238762201,-1.0509484693358218,1.2322734961422055,0.0939161685327008,-0.03064803494487478,0.0987904284728279,-2.120167064218856
218,10,599.0765,585.3288,619.66003,603.36743,636.4991,624.5967,10.34847337224449,617.785779688803,604.9055150953936,-0.21844390516002932,-1.0030104095612842,1.026522099805873,0.4249885187161908,0.04793805977453758,0.4276836431470453,-1.7852360342602258
219,10,598.8821,585.31287,618.8381,603.55493,635.80975,623.7532,7.530252783931342,617.508110108276,604.0986060573298,-0.27766958052700375,-0.80690903806385,0.8533478725931002,-0.05922567536697443,0.19610137149743423,0.20484977062679116,-1.90221888001537
220,10,596.3077,585.961,615.3543,604.6913,633.78326,624.14966,2.036151187374448,616.6408351714933,603.6313162573917,-0.8672749367826782,-0.46728979993804387,0.9851525633613991,-0.5896053562556745,0.3396192381258061,0.6804231793748166,-2.6473870920007756
221,10,594.5437,586.4999,613.3564,605.3848,631.84766,625.7472,2.647154048492626,615.2841997946123,603.5590045648257,-1.3566353768810586,-0.07231169256601788,1.358561197255013,-0.4893604400983804,0.394978107372026,0.6288730759354134,-3.0883408159581087
222,10,591.97754,588.2286,611.1881,606.35876,629.7136,627.05176,4.820604596744716,613.7092475557829,603.8228132636511,-1.5749522388293826,0.26380869882541447,1.596893729767151,-0.218316861948324,0.33612039139143235,0.4007981658142827,2.9756306818547222
223,10,589.9705,587.8966,609.8085,606.037,629.32574,626.8312,4.373585646989859,612.2395920840833,603.9951772943583,-1.4696554716996388,0.17236403070717188,1.4797285442196184,0.10529676712974378,-0.09144466811824259,0.1394615950548072,3.0248440680270154
224,10,589.25165,585.17975,610.1762,604.5466,630.02325,624.6664,2.605116296922647,611.1230812089884,603.6908248163039,-1.116510875094832,-0.3043524780543976,1.1572497418893124,0.3531445966048068,-0.47671650876156946,0.5932703733012388,-2.8754660615963172
225,10,589.71326,583.14777,610.8669,602.5445,629.97894,621.6663,2.495361369281444,610.2519295106322,603.0623642078331,-0.8711516983562433,-0.6284606084708457,1.0741824881967277,0.24535917673858876,-0.32410813041644815,0.40650609566386997,-2.5166393006861614
226,10,589.55035,582.1077,610.2105,601.26855,629.5176,619.30237,0.2036717727852554,609.4606278153096,602.3552408294051,-0.7913016953225451,-0.7071233784279229,1.0612171527730099,0.07985000303369816,-0.07866276995707722,0.11208860049889843,-2.412313365554968
227,10,588.5836,581.2393,608.9146,600.0174,628.4243,616.9434,1.7823499016874065,608.7084051832994,601.6483677509433,-0.7522226320102163,-0.7068730784618538,1.0322346812438126,0.0390790633123288,0.0002502999660691785,0.03907986488515559,-2.3872650766380548
228,10,589.4164,580.9616,608.7149,599.6419,627.69965,614.21967,6.547960636438647,607.9856752333761,600.9790249697378,-0.7227299499232913,-0.6693427812055006,0.9850676825822873,0.029492682086925015,0.03753029725635315,0.04773197574824089,-2.3945265520676613
229,10,591.6622,582.11505,608.2362,600.64655,627.45325,613.74384,13.915246853032466,607.2828515843146,600.3844924830781,-0.7028236490615427,-0.5945324866596593,0.9205595903437759,0.019906300861748605,0.07481029454584132,0.07741344188210461,-2.439472092077443
230,10,590.2253,581.18115,607.0934,600.8398,625.85474,614.3162,13.678721341352462,606.5903478548897,599.9020502882541,-0.6925037294248568,-0.48244219482398876,0.8439857146977802,0.010319919636685881,0.11209029183567054,0.11256435610402364,-2.533109343199223
231,10,587.76886,580.21216,605.9693,600.2514,626.6649,615.0669,12.155050373493602,605.9031954957965,599.5514247132204,-0.6871523590932611,-0.3506255750337459,0.771438045778907,0.005351370331595717,0.13181661979024284,0.13192520008456052,-2.6697716841481567
232,10,587.4792,579.7791,605.9927,599.4795,626.5963,614.51074,10.666603149756568,605.2348972854106,599.2821274085886,-0.6682982103858421,-0.2692973046317775,0.720516159629234,0.018854148707418972,0.08132827040196844,0.08348512735845329,-2.758537342811546
233,10,586.04254,580.4102,605.28766,599.51624,626.26556,614.7603,8.787267068401247,604.6035738340288,599.0261163556357,-0.6313234513818315,-0.2560110529528856,0.6812568968448782,0.03697475900401059,0.013286251678891858,0.039289404259666746,-2.7563411299473426
234,10,584.1609,580.3216,604.7071,598.9114,626.09296,615.4288,4.4574228672569,604.0273457519468,598.7153495356382,-0.5762280820820251,-0.3107668199975251,0.6546868098497962,0.05509536929980641,-0.05475576704463947,0.0776768546153156,-2.6469920807510166
235,10,582.41907,579.8359,604.21124,598.438,625.7702,615.06683,2.8408312477730737,603.5071103586678,598.2989141731672,-0.5202353932789947,-0.4164353624710202,0.6663807286653181,0.05599268880303043,-0.10566854247349511,0.11958688083508931,-2.4665622192587975
236,10,581.2349,578.6583,603.9324,597.8618,625.3507,614.4232,2.520957996845092,602.9748718105229,597.7944144659746,-0.5322385481448464,-0.5044997071926218,0.7333470029179741,-0.012003154865851684,-0.08806434472160163,0.08887859437445388,-2.3829439850163894
237,10,579.7875,577.7837,602.59186,597.2106,623.2482,613.628,1.950135315062724,602.3454109730496,597.236583855106,-0.6294608374732888,-0.5578306108685638,0.8410683303600066,-0.09722228932844246,-0.053330903675941954,0.11088894818310784,-2.416452238490109
238,10,578.8527,577.137,600.92896,596.0956,621.106,612.5222,1.5051921534083337,601.5335087117863,596.6601557816077,-0.8119022612632989,-0.5764280734982776,0.995718135699754,-0.18244142379001005,-0.018597462629713846,0.1833868553926089,-2.524205213052136
239,10,578.2009,576.57574,599.1765,595.1101,619.1988,610.9115,3.18419915290818,600.5340773474369,596.1007557299553,-0.9994313643494479,-0.5594000516524602,1.1453346540789613,-0.187529103086149,0.01702802184581742,0.1883006055016211,-2.6313187853690976
240,10,579.0738,576.7637,599.3581,595.06726,618.76624,608.80365,6.772075368139512,599.6625550213716,595.5975773583414,-0.8715223260652465,-0.5031783716138989,1.0063496601530666,0.12790903828420142,0.05622168003856132,0.13971971722397547,-2.6179898143741833
241,10,579.39746,577.4904,600.7879,596.03937,620.798,609.20374,7.590135433846977,599.2155930328175,595.1907063683884,-0.44696198855410785,-0.40687098995294946,0.6044162652324435,0.42456033751113864,0.09630738166094943,0.43534651939571045,-2.403114175606334
242,10,579.63696,577.5755,601.3437,596.04944,621.46814,609.49695,6.648535052859121,599.0941694917633,594.9202284617186,-0.12142354105424147,-0.2704779066698393,0.2964826711945394,0.3255384474998664,0.13639308328311017,0.3529565893535587,-1.99275360487818
243,10,579.94025,576.611,601.3183,595.73535,621.8612,609.2002,8.572238736199338,599.1326548097867,594.77814145132,0.03848531802339039,-0.14208701039854077,0.14720678730057432,0.15990885907763186,0.12839089627129852,0.20507331727179248,-1.306285523609944
244,10,580.7583,575.3967,601.13165,595.17804,622.0846,608.36127,11.9778804068477,599.2946617940586,594.5640915956453,0.16200698427189764,-0.21404985567471613,0.2684466495735078,0.12352166624850724,-0.07196284527617536,0.14295542358739094,-0.9229156596316093
245,10,581.83624,574.1845,602.0194,593.0922,622.0594,606.89764,8.568503362291754,599.5761138506479,594.0296372645133,0.2814520565892735,-0.5344543311319967,0.6040336846766756,0.11944507231737589,-0.32040447545728057,0.3419446639354945,-1.0860835509753792
246,10,582.4063,574.0092,603.284,590.9102,622.3616,604.9881,2.5664348345519,599.9729343856241,593.0632566132986,0.3968205349762002,-0.966380651214763,1.044680860368882,0.11536847838692665,-0.4319263200827663,0.4470684866835897,-1.1811637311164571
247,10,582.6961,575.914,603.4412,590.95667,621.573,605.5653,2.9116125849882533,600.4810468050562,592.1011069396022,0.5081124194321092,-0.9621496736963309,1.0880763876562654,0.11129188445590898,0.004230977518432155,0.11137227983887586,-1.084921288960444
248,10,582.17267,579.7157,603.609,591.7534,621.4736,606.8103,10.808715171189071,601.080723774382,591.5972613204889,0.5996769693258557,-0.5038456191133491,0.7832450928282649,0.09156454989374652,0.45830405458298173,0.4673613946877139,-0.698774170254372
249,10,583.5786,583.68005,604.36743,593.36865,621.0229,606.9934,14.296573888000086,601.6896349965124,591.5297768086567,0.6089112221303594,-0.06748451183216275,0.6126394010945698,0.00923425280450374,0.4363611072811864,0.4364588037518782,-0.110377714414286
250,10,586.35376,589.42896,603.34436,593.278,619.6773,605.97736,25.10174970931561,602.2097994337269,591.7577064507108,0.5201644372144756,0.22792964205405042,0.5679110524277017,-0.08874678491588384,0.29541415388621317,0.30845666494535884,0.41298748654731593
251,10,588.4251,591.8802,603.6242,594.83875,619.0351,606.1917,25.36342541928338,602.5432360483045,592.1401032932572,0.33343661457763574,0.38239684254642725,0.5073532508326638,-0.18672782263683985,0.15446720049237683,0.24233735942823026,0.8536879244787905
252,10,587.76843,594.6902,602.5804,595.3518,619.0067,606.7561,32.21347214120199,602.6231560301014,592.5618094774777,0.07991998179693383,0.4217061842205112,0.42921242910736634,-0.2535166327807019,0.03930934167408395,0.25654611172129493,1.3835017581835412
253,10,588.53784,595.801,602.07666,595.91315,618.8618,607.77496,34.77377977686668,602.5075394792805,593.01082352286,-0.11561655082095967,0.44901404538234146,0.46366022017674857,-0.1955365326178935,0.02730786116183026,0.19743417857468937,1.8228117256780136
254,10,592.6206,597.0703,601.19257,595.2746,617.92163,607.6079,48.23070531785282,602.2855587235808,593.5009330434679,-0.22198075569963294,0.49010952060780255,0.5380360564975085,-0.10636420487867326,0.04109547522546109,0.11402711152826273,1.9960764673840252
255,10,598.63824,599.29254,601.12085,595.99664,615.8044,607.1969,90.34699384697974,602.0463860907423,594.0459256533651,-0.23917263283851753,0.5449926098972355,0.5951642572781977,-0.017191877138884593,0.054883089289432974,0.05751273015177053,1.9843433614787855
256,10,598.0675,600.8642,600.6562,596.69714,615.32825,607.97736,95.70425442135998,601.8292198868492,594.6442809820245,-0.21716620389315722,0.5983553286594088,0.6365455674564653,0.022006428945360312,0.053362718762173245,0.05772228918379787,1.918950858200695
257,10,604.552,602.6856,600.4146,595.9568,609.03894,605.8126,170.39888423556758,601.4733623313663,595.2332467205551,-0.3558575554828849,0.5889657385306464,0.6881244371167211,-0.13869135158972767,-0.009389590128762393,0.1390088321243352,2.114303883649975
258,10,609.4429,604.76624,599.9257,596.963,600.3342,605.0243,132.2497270600994,600.8734460086845,595.7347625754749,-0.5999163226817927,0.5015158549197167,0.7819320603197565,-0.24405876719890784,-0.08744988361092965,0.25925308868018493,2.4452965931886874
259,10,616.0758,606.4004,598.00635,598.14716,586.3884,603.06915,47.508790246887706,600.3453210495184,596.070768253302,-0.5281249591661208,0.33600567782718826,0.625951905521762,0.07179136351567195,-0.16551017709252847,0.1804095856561937,2.5749629602457578
270,10,609.4044,604.9058,586.94025,608.5316,563.84326,618.9586,15.127831025135446,597.1162770594566,599.4181347416472,-3.2290439900617685,3.3473664883451875,4.650977047572953,-2.7009190308956477,3.011360810517999,4.045152350972446,2.33820447364184
271,10,608.9516,604.0707,585.4891,608.3763,561.9807,619.057,14.035444722634171,594.0587620106674,601.4925289290762,-3.0575150487892415,2.074394187428993,3.6947949223755128,0.17152894127252694,-1.2729723009161944,1.2844768026686757,2.5454714868084816
272,10,608.82947,604.6227,584.49884,609.155,561.38544,619.69934,13.97025352828133,591.3811646601634,604.0019539965771,-2.677597350503902,2.5094250675008425,3.6697059474605216,0.3799176982853396,0.4350308800718494,0.5775719211375482,2.3886048753335243
273,10,597.6221,605.7388,583.33264,610.0747,565.9263,618.2371,8.243692597295148,588.6411408598071,606.330007147346,-2.7400238003563118,2.3280531507689375,3.5954918855873146,-0.06242644985240986,-0.181371916731905,0.19181458187578057,2.4373035281845707
274,10,589.3954,606.74286,582.61456,610.9886,570.15015,617.1619,5.704029490215625,585.9732007281539,608.23730213708,-2.6679401316532676,1.9072949897339413,3.279585145098424,0.07208366870304417,-0.4207581610349962,0.42688814152098675,2.5209403515446165
275,10,580.2536,606.2083,579.2897,611.68115,568.975,622.4789,33.700338582037425,583.70084963979,609.6605857265441,-2.2723510883638482,1.4232835894641767,2.6812899218149457,0.39558904328941935,-0.48401140026976464,0.6251061723913278,2.582024251605674
276,10,598.2312,601.86475,581.1592,608.73,562.9414,618.8353,7.110250664160881,581.8145677506393,610.6997186341005,-1.8862818891507231,1.0391329075563362,2.153568333000954,0.3860691992131251,-0.3841506819078404,0.5446293904953372,2.6380667732594487
277,10,601.7472,600.916,579.8889,609.6275,559.5957,619.75464,4.79154203282579,580.22157891196,611.4953400675104,-1.5929888386792754,0.7956214334099059,1.7806254253654752,0.2932930504714477,-0.24351147414643037,0.38120683558380064,2.678383554770193
278,10,602.37787,601.42523,579.41925,610.76624,558.2881,620.4076,2.385893170310044,578.8291069750107,612.188089234535,-1.3924719369492777,0.6927491670246582,1.555274735731482,0.2005169017299977,-0.10287226638524771,0.22536577173704733,2.6799502800916657
279,10,602.4987,602.0864,578.8327,611.68695,557.9018,621.45355,2.933515274614131,577.5604209021855,612.8923037034335,-1.2686860728252896,0.704214468898499,1.451028038869977,0.12378586412398818,0.011465301873840872,0.12431570015078852,2.6348623166018426
280,10,602.2468,603.37823,578.0957,612.5028,557.38855,621.96265,3.855594607750915,576.4029701004226,613.6171144844571,-1.1574508017628204,0.7248107810236206,1.3656657815107862,0.11123527106246911,0.020596312125121585,0.11312600762643579,2.5821215179520913
281,10,602.9541,603.4055,577.3374,612.8709,555.7809,622.85815,4.5791959906354895,575.3602490877968,614.3453509483554,-1.0427210126258615,0.7282364638982699,1.271847261868562,0.11472978913695897,0.003425682874649283,0.11478092096933504,2.5319412520116584
282,10,602.99506,603.7192,576.13696,614.0918,554.3965,625.794,7.17556189010956,574.4357523823822,615.0598424658779,-0.9244967054145263,0.7144915175224469,1.1684144328678256,0.11822430721133514,-0.01374494637582302,0.11902063000368635,2.483631110966356
283,10,602.91644,603.7531,575.34503,614.5777,552.8663,627.37714,8.22222875922289,573.6329745022534,615.6921264492254,-0.802777880128815,0.63228398334752,1.0218783491306198,0.12171882528571132,-0.08220753417492688,0.14687937603372125,2.4744461567345764
284,10,602.7928,603.27576,575.04297,614.24646,552.7062,627.8686,9.80598051419883,572.9554099654852,615.9685724764081,-0.6775645367682728,0.2764460271827147,0.7317896606478601,0.12521334336054224,-0.3558379561648053,0.3772254397612533,2.754209190229376
285,10,603.2743,603.3527,574.6014,611.77997,552.1417,627.0927,17.90716374959711,572.4065532901514,615.8787065414933,-0.5488566753338091,-0.08986593491476924,0.5561650261537379,0.12870786143446367,-0.36631196209748396,0.3882655884452569,-2.9792997321565156
286,10,602.8609,602.9774,574.7246,615.1443,553.4545,632.5707,15.942548411184838,571.989898994327,616.1052063194489,-0.41665429582440083,0.22649977795560972,0.4742393400413633,0.13220237950940827,0.31636571287037896,0.3428771404277816,2.6436642984350605
287,10,603.27673,602.6115,573.94434,612.4667,553.4182,630.91125,23.37113846206947,571.7089444752627,615.8523584439916,-0.2809545190642666,-0.2528478754572916,0.37797816062029216,0.13569977676013423,-0.4793476534129013,0.4981853091422962,-2.408799560285182
288,10,603.6915,602.80676,574.38654,612.43036,554.1141,630.0454,22.807993785774208,571.5671986469149,615.6227191482716,-0.14174582834777993,-0.22963929572006236,0.2698630874958718,0.13920869071648667,0.02320857973722923,0.14113007384826867,-2.1238062555207184
289,10,603.2847,602.8267,574.70825,616.3997,557.4796,635.8495,23.05905408635886,571.5681733024167,615.9115422433101,0.0009746555017500214,0.28882309503853776,0.2888247395584168,0.14272048384952996,0.5184623907586001,0.537747512445541,1.5674217635456185
290,10,603.5025,602.28143,574.7948,612.61066,556.33954,630.8315,24.84469200113224,571.7153802349007,615.8444235271321,0.1472069324840959,-0.06711871617801535,0.1617862881481683,0.14623227698234587,-0.3559418112165531,0.38480963060136875,-0.42778931703523465
291,10,602.6815,601.5435,575.33936,616.39856,557.8588,633.2479,15.431396966415669,572.0123312375002,615.785621559044,0.29695100259948504,-0.05880196808811888,0.3027169790346678,0.14974407011538915,0.008316748089896464,0.1499748473361896,-0.19549011765666863
292,10,604.3208,600.4163,576.3573,610.36035,554.1875,619.8977,3.701475004441329,572.443826603321,615.3116663225617,0.43149536582075143,-0.4739552364823112,0.6409538336836652,0.1345443632212664,-0.4151532683941923,0.43641084076016756,-0.8322574711094418
293,10,602.4399,598.9819,575.81836,611.44385,554.05945,619.888,3.874947160805664,572.9198206253608,614.4307111119147,0.47599402203979935,-0.8809552106470164,1.0013253178581645,0.044498656219047916,-0.40699997416470524,0.40942534041675016,-1.0754185903520477
294,10,602.22314,597.4566,575.08435,610.1211,552.7498,617.1495,7.548316566749674,573.3315560965906,613.3380073023795,0.4117354712298038,-1.0927038095351236,1.1677018941670858,-0.06425855080999554,-0.21174859888810715,0.22128404931959572,-1.2104447618712952
295,10,601.9247,595.7792,574.8561,607.8414,551.11554,611.83875,14.460830848152977,573.570275809981,612.1674159504539,0.23871971339042375,-1.1705913519256228,1.1946845670570383,-0.17301575783938006,-0.07788754239049922,0.18973908854099308,-1.3696239567788169
296,10,601.7877,595.22876,574.9895,607.2537,551.8427,612.36847,11.706407967308584,573.6331149124551,611.0293136940262,0.0628391024740722,-1.1381022564277146,1.139835733290373,-0.17588061091635154,0.03248909549790824,0.17885617300664028,-1.5156383987405035
297,10,601.5736,595.8676,575.32825,607.5536,553.8838,614.42316,6.238945155901375,573.9407779667434,610.0015298153287,0.30766305428835494,-1.0277838786975053,1.0728449358059755,0.24482395181428274,0.11031837773020925,0.26853102585546307,-1.2799395854945617
298,10,559.16736,617.622,578.38116,608.2678,602.5403,597.82513,2.5827803622990837,574.8480358813846,609.1537567576789,0.9072579146411499,-0.8477730576497606,1.2417069223274195,0.599594860352795,0.18001082104774468,0.6260334593739945,-0.7515172262834571
299,10,563.17365,618.9746,579.8866,607.6918,602.9647,598.60516,12.531942741332278,576.0223555323406,608.5556869643945,1.174319650956022,-0.5980697932844805,1.3178444977541222,0.2670617363148722,0.24970326436528012,0.36561412888206507,-0.471052322568541
300,10,565.41907,622.2654,579.689,609.1241,602.6636,598.5582,17.94474461338484,577.0671126813269,608.2455615871626,1.044757148986264,-0.31012537723188416,1.089814319029221,-0.12956250196975816,0.28794441605259635,0.315750579813457,-0.2885549018819706
301,10,566.59393,622.49744,580.3456,609.11285,602.88354,598.61646,19.252645571542228,578.0166226656502,608.1358166111459,0.9495099843232992,-0.10974497601671374,0.9558311409922472,-0.09524716466296468,0.20038040121517042,0.22186556192317586,-0.115070054718932
302,10,567.3575,623.60767,581.53217,609.31464,603.939,599.4453,21.466630590048265,579.0129357165147,608.107436729877,0.9963130508645008,-0.028379881268847384,0.996717167998908,0.04680306654120159,0.08136509474786635,0.09386589200017977,-0.02847720328873265
303,10,567.94324,624.8023,582.4006,609.2888,604.60834,600.5654,25.572924953915724,580.1981020651247,608.0414066368883,1.1851663486099824,-0.06603009298873985,1.187004316360147,0.18885329774548154,-0.03765021171989247,0.19256974453920905,-0.05565623791152917
