Frame,ID,Head_X,Head_Y,Middle_X,Middle_Y,Tail_X,Tail_Y,Angle,Smoothed_X,Smoothed_Y,Velocity_X,Velocity_Y,Speed,Accel_X,Accel_Y,Acceleration,Direction
0,1,565.5388,642.62463,541.335,664.3711,519.0997,685.445,1.5249542853075804,541.3377304035414,664.3897917453897,,,,,,,
1,1,565.31006,642.08215,540.7019,663.7063,519.61,684.78375,3.6733313521334554,540.8118058328295,663.7400355474881,-0.5259245707119362,-0.6497561979016382,0.8359304820319254,,,,-2.2512538214964803
2,1,565.49243,641.289,540.8803,662.3466,520.99634,683.9435,6.815005110268411,540.5967541620098,662.5763356942556,-0.21505167081966192,-1.1636998532325151,1.1834038066254922,0.3108728998922743,-0.5139436553308769,0.6006496822127647,-1.753534653029146
3,1,566.6437,640.2073,541.5827,661.22437,522.1478,683.2323,8.568319989447064,541.4730350577956,661.4022941949385,0.8762808957858397,-1.174041499317127,1.465005682732337,1.0913325666055016,-0.010341646084611966,1.0913815650713048,-0.9296161550835218
4,1,568.1893,638.4665,543.9642,660.2929,523.2459,682.14545,4.507934193634834,542.8252981539104,660.3565921642798,1.3522630961147115,-1.0457020306586173,1.709417508403755,0.47598220032887184,0.12833946865850976,0.4929808051491081,-0.6582457103827543
5,1,568.4154,638.3642,544.59595,659.64734,524.03314,681.23,4.6047475854385365,543.869576839143,659.4498756332265,1.044278685232598,-0.9067165310533483,1.3829869269507,-0.3079844108821135,0.13898549960526907,0.3378925368322431,-0.7150059511546537
6,1,567.6058,638.7396,544.22345,658.8419,524.7684,679.1863,5.593593974470461,544.5432495555337,658.5455711920417,0.6736727163907972,-0.9043044411847632,1.1276530721617541,-0.37060596884180086,0.002412089868585099,0.37061381830512474,-0.9305271499076965
7,1,567.6592,637.9857,544.5369,657.37274,524.98724,677.52246,5.887595378394095,544.9827679871777,657.533077102619,0.43951843164393267,-1.0124940894227166,1.1037756714435585,-0.2341542847468645,-0.1081896482379534,0.2579403594848386,-1.16124758055092
8,1,568.3972,637.85156,545.0163,656.033,525.6744,676.9452,9.364559930281818,545.3995317331364,656.5528977540605,0.41676374595874677,-0.9801793485585222,1.0651026125618956,-0.022754685685185905,0.03231474086419439,0.03952237591228087,-1.1687636451530894
9,1,569.3343,638.04987,545.9781,655.88763,526.20734,676.7779,9.207138836344273,545.9776355806882,655.7662250770989,0.5781038475518017,-0.7866726769616434,0.9762468741215998,0.1613401015930549,0.19350667159687873,0.2519433673160688,-0.9370475453098793
10,1,570.7078,636.39557,547.2494,656.63385,526.1457,677.52563,3.925606159213903,546.7170071550148,655.1658950417801,0.739371574326583,-0.6003300353187342,0.9524003760120858,0.1612677267747813,0.18634264164290926,0.2464363199562175,-0.6819829589548374
11,1,572.3188,635.2754,548.56396,655.8591,526.76227,677.72864,4.179920053557069,547.5715322907733,654.70265462798,0.8545251357585357,-0.46324041380012204,0.9720107451159438,0.11515356143195277,0.13708962151861215,0.17903604955030383,-0.49675984049078115
12,1,570.7852,635.2412,548.83685,655.6197,527.6379,676.79175,2.0875977298079658,548.4950968226207,654.3272508155737,0.9235645318473189,-0.37540381240626175,0.9969450671203068,0.06903939608878318,0.08783660139386029,0.11172155905073913,-0.38607384738390704
13,1,572.26746,633.46716,549.5662,654.9038,528.93835,675.8041,2.01693295771828,549.4415865852143,653.9904305844365,0.9464897625936146,-0.336820231137267,1.0046346295036215,0.02292523074629571,0.03858358126899475,0.04488049630197982,-0.34188797673472293
14,1,574.3865,633.71735,550.8921,654.3395,530.10504,675.39215,4.08878192985047,550.3648874132112,653.6429409144436,0.9233008279969681,-0.3474896699929104,0.9865259701253022,-0.023188934596646504,-0.01066943885564342,0.02552574412670202,-0.35995883244955496
15,1,575.47815,632.6078,551.547,653.8408,531.0318,674.07684,3.026403422191726,551.2188851412687,653.23552878547,0.8539977280574931,-0.40741212897353307,0.9462012272038685,-0.06930309993947503,-0.05992245898062265,0.09161670563551862,-0.445131558719874
16,1,576.6085,631.95197,552.3468,653.00653,531.46594,673.1461,3.012919024534097,551.9709707854648,652.7290855636039,0.7520856441960859,-0.5064432218661068,0.906706983087681,-0.10191208386140715,-0.09903109289257372,0.14210288595405812,-0.5926393743550378
17,1,577.34,632.15906,552.7488,652.2028,532.19476,672.33923,5.229296048238466,552.6425560875617,652.1250801597841,0.6715853020969007,-0.6040054038197695,0.9032437909202965,-0.08050034209918522,-0.09756218195366273,0.1264859060355953,-0.7324683510782601
18,1,576.4764,631.8704,552.7282,651.74536,533.2635,671.0943,4.903047433400274,553.268557970743,651.4351258711621,0.6260018831812886,-0.6899542886220615,0.9316197068195234,-0.04558341891561213,-0.08594888480229201,0.09728853415893288,-0.8339576305360359
19,1,577.3916,630.571,553.5446,650.58203,534.0192,669.99493,4.832983445578859,553.8838933581918,650.6708359948889,0.6153353874487948,-0.7642898762732102,0.9812118293317083,-0.010666495732493786,-0.07433558765114867,0.0750969621399755,-0.892948903776039
20,1,577.7616,629.861,554.2789,648.6229,534.58923,668.3731,6.464262943317724,554.5234791730915,649.8563223980985,0.6395858148996467,-0.8145135967903343,1.0356169243389046,0.02425042745085193,-0.05022372051712409,0.05577190452307707,-0.905122564440988
21,1,578.67114,629.9527,554.5302,648.4813,534.6956,668.8291,8.224807356896994,555.222232338625,649.0656912278525,0.6987531655335033,-0.7906311702460016,1.055155739077248,0.059167350633856586,0.023882426544332702,0.06380553015746501,-0.8470086699890366
22,1,579.5248,629.96246,556.1054,648.5754,535.6972,669.49695,7.23516386046936,556.0150697779759,648.3855472011951,0.792837439350933,-0.6801440266574446,1.0445990150456523,0.09408427381742968,0.11048714358855705,0.14511808804594797,-0.7090399013983986
23,1,580.2173,629.5969,557.8422,648.522,536.7444,670.0878,5.403632090218251,556.910747043467,647.872412456392,0.8956772654911447,-0.5131347448030965,1.0322524062659448,0.1028398261402117,0.16700928185434805,0.19613293977823826,-0.5202556837452312
24,1,581.1171,628.9184,559.0084,648.37836,537.6437,669.9993,3.987474012433617,557.8133742039786,647.4624788165978,0.9026271605115426,-0.40993363979418973,0.9913533073168428,0.006949895020397889,0.10320110500890678,0.10343485445367995,-0.4263047696576294
25,1,581.3631,627.6292,558.6187,647.8745,537.2949,669.48315,3.707236586839531,558.6190535310006,647.0618555261889,0.8056793270220624,-0.4006232904089302,0.8997878632259947,-0.09694783348948022,0.009310349385259542,0.09739386543299114,-0.46144443861734585
26,1,583.2788,625.479,558.81464,646.43774,537.8023,668.6741,6.034066700944615,559.2965015899043,646.5766518295414,0.6774480589036784,-0.48520369664743157,0.8332817649227028,-0.12823126811838392,-0.08458040623850138,0.15361348652614715,-0.6215309282953264
27,1,582.4647,626.207,558.6316,646.1219,538.3051,667.7952,6.954686580235076,559.8680651407531,645.9378964180577,0.5715635508487367,-0.6387554114837712,0.8571425601139044,-0.10588450805494176,-0.15355171483633967,0.1865198600021392,-0.8408570643074816
28,1,584.5128,623.2836,560.651,644.679,538.9885,666.5287,3.3660410942183945,560.4979974284996,645.1762957712433,0.6299322877465556,-0.7616006468143723,0.9883573404258602,0.05836873689781896,-0.1228452353306011,0.13600684280754985,-0.8797383722543856
29,1,584.9592,623.9119,561.80304,643.6877,540.2494,665.4431,4.769043864288322,561.2900643232618,644.3474758156297,0.7920668947622289,-0.8288199556136533,1.1464346839666437,0.16213460701567328,-0.06721930879928095,0.17551656978069022,-0.8080689402269722
30,1,584.3856,623.9869,562.1562,642.9494,541.49896,663.79504,4.794770806002456,562.0306495499605,643.4996431455083,0.740585226698613,-0.8478326701213064,1.1257382975315622,-0.05148166806361587,-0.019012714507653072,0.0548802829763281,-0.8528142489640094
31,1,583.0567,624.17535,562.14575,642.23395,542.36896,662.1818,4.433056482389992,562.6760681935735,642.651327026213,0.645418643613084,-0.8483161192953048,1.0659293896781339,-0.09516658308552906,-0.00048344917399845144,0.09516781104595579,-0.9204042348680127
32,1,584.5388,623.0897,562.62177,640.7318,542.94165,661.64923,7.9134114444496895,563.2491091781085,641.813637390838,0.5730409845349413,-0.8376896353749999,1.0149383701345984,-0.07237765907814264,0.010626483920304963,0.07315358975566644,-0.9708396932861447
33,1,584.6861,622.584,562.84357,640.0781,543.0142,661.49207,8.50828520285249,563.7725614275718,640.9976841724772,0.5234522494632756,-0.8159532183608462,0.9694234946717488,-0.049588735071665724,0.02173641701415363,0.054143461937901954,-1.0004038745892994
34,1,585.6916,621.4416,563.6403,639.95337,542.97614,661.89923,6.70984292397675,564.2692138659709,640.2145773042247,0.49665243839911,-0.7831068682525029,0.9273187217305734,-0.026799811064165624,0.03284635010834336,0.04239236474313319,-1.005603097701285
35,1,586.23785,619.3663,564.5199,639.7154,542.9883,661.81177,2.6052665645331774,564.7618554173129,639.4754267191746,0.4926415513419897,-0.7391505850500835,0.8882788331872616,-0.0040108870571202715,0.0439562832024194,0.04413889495622056,-0.9829112840474503
36,1,585.7758,618.8482,565.04425,639.58276,543.62585,661.88574,1.1545356605332129,565.2732750056044,638.791342350421,0.5114195882915737,-0.684084368753588,0.8541202601866541,0.01877803694958402,0.05506621629649544,0.058179917917545766,-0.9288347566352602
37,1,587.7406,617.13074,565.7808,638.8288,544.1701,661.29333,1.4531996798641686,565.8120805547377,638.174681643025,0.538805549133258,-0.6166607073960222,0.8188906201825455,0.02738596084168421,0.06742366135756583,0.0727732159663291,-0.8526763342118546
38,1,587.3649,615.0426,565.7558,638.1951,544.38904,661.04,0.0593470254465782,566.3301559881439,637.6427920899159,0.5180754334062385,-0.5318895531090675,0.7425016171064043,-0.020730115727019438,0.0847711542869547,0.08726904546973284,-0.7985541475386327
39,1,586.9955,615.0478,565.7336,637.9981,544.54767,660.52625,0.42795846228472,566.765204229139,637.2142686959904,0.4350482409951155,-0.4285233939255022,0.6106547888409418,-0.083027192411123,0.10336615918356529,0.13258234250470838,-0.7778426548017647
40,1,587.5284,613.30383,566.017,637.6421,544.5767,660.4653,1.7387758188181608,567.054928201039,636.9077064661445,0.28972397190000265,-0.30656222984589476,0.42180609367528193,-0.14532426909511287,0.12196116407960744,0.1897199745195052,-0.8136292114068507
41,1,588.2396,612.9841,566.1671,637.7167,544.5416,660.4803,1.783996142083668,567.1728085893703,636.7247261046849,0.11788038833128667,-0.18298036145961305,0.2176639580477797,-0.17184358356871599,0.12358186838628171,0.21166647209131287,-0.9984921005720253
42,1,587.4766,614.5559,565.85986,638.17694,544.9059,660.50964,0.7124435650809161,567.2354371284998,636.5990511135577,0.0626285391294914,-0.12567499112719815,0.1404155878395115,-0.05525184920179527,0.057305370332414896,0.0796032179572732,-1.108479740755721
43,1,587.6839,614.5843,566.1136,638.06744,545.1095,660.50244,0.544645500629109,567.3951833150048,636.447430694119,0.1597461865050036,-0.15162041943870008,0.22024439991441042,0.0971176473755122,-0.025945428311501928,0.10052364240327555,-0.759306980348224
44,1,589.6744,613.132,567.5127,637.2298,546.4658,659.4874,0.7950005506895124,567.7619161526408,636.2032851234991,0.36673283763593645,-0.24414557061993492,0.44056785385890307,0.20698665113093284,-0.09252515118123483,0.2267253345956487,-0.5873548415269177
45,1,589.89,612.66656,568.84875,636.4326,548.32996,657.5442,2.664180306774321,568.2755026738758,635.8667189819263,0.5135865212350836,-0.33656614157280274,0.6140422480966264,0.1468536835991472,-0.09242057095286782,0.17351532013598253,-0.5801096006041379
46,1,591.5073,611.6334,569.7522,635.17694,549.482,656.1241,1.3199724421196242,568.8333094183563,635.4545079254034,0.5578067444804446,-0.41221105652289225,0.6935894457873412,0.04422022324536101,-0.07564491495008951,0.08762180836798475,-0.6364144343332471
47,1,587.98114,613.5006,569.1058,635.19366,550.27264,654.23114,3.663991229043199,569.3327029257285,634.9834276099325,0.49939350737224686,-0.4710803154708856,0.6865206033541189,-0.05841323710819779,-0.05886925894799333,0.08293187516597239,-0.7562318300680355
48,1,589.6057,613.0204,569.40466,633.5711,551.49866,653.6274,2.750294051882343,569.7112820252556,634.4702536915164,0.37857909952708724,-0.5131739184161006,0.6377065196007289,-0.12081440784515962,-0.042093602945215025,0.12793745562534056,-0.9352003025138295
49,1,589.47833,612.88226,569.8655,633.5914,551.79724,653.607,1.370022235380962,570.0675747046683,633.9317618261575,0.3562926794127179,-0.5384918653588784,0.6456918479125923,-0.02228642011436932,-0.02531794694277778,0.03372955616238489,-0.9862754446812415
50,1,590.89056,612.0321,571.006,633.0481,552.22217,654.1934,1.8001583679343731,570.5403412413139,633.3847276698586,0.4727665366455085,-0.5470341562988779,0.7230176805095531,0.11647385723279058,-0.008542290939999475,0.11678668654083854,-0.8580954481235207
51,1,592.2368,610.5796,572.2597,632.39594,552.9305,653.7585,0.340923193259377,571.226602707705,632.8414187859855,0.6862614663911017,-0.5433088838731237,0.875293861253879,0.21349492974559325,0.003725272425754156,0.21352742840609934,-0.6696555675230402
52,1,591.59973,610.4664,572.7682,632.50354,553.204,653.61646,2.304522105892675,572.0564233570148,632.296070367358,0.829820649309795,-0.5453484186275546,0.9929789563331665,0.1435591829186933,-0.0020395347544308606,0.14357366994786117,-0.5814119179094334
53,1,594.8935,608.8002,574.21375,631.5563,553.738,653.2123,1.132287455771424,572.9181282375822,631.7384095141596,0.8617048805674585,-0.5576608531983993,1.026411675880465,0.03188423125766349,-0.012312434570844744,0.03417894451198717,-0.5743760807231221
54,1,596.8378,608.4695,574.6853,630.9308,554.27765,653.04395,1.9003248552733705,573.7000423977456,631.1581633265733,0.7819141601634101,-0.5802461875862264,0.9736916308936835,-0.07979072040404844,-0.02258533438782706,0.08292560757695415,-0.6384157540322134
55,1,597.30414,607.41754,574.75366,629.5758,554.74384,652.37115,4.225911956167254,574.3272827148866,630.5450589047825,0.6272403171409451,-0.6131044217908084,0.8771131326496684,-0.154673843022465,-0.032858234204582004,0.1581254605380845,-0.7740019096491317
56,1,595.9114,607.857,574.53723,629.4621,555.39374,651.44653,3.643627491821206,574.8721333825591,629.8888233489705,0.5448506676725628,-0.6562355558120316,0.8529404168962587,-0.08238964946838223,-0.04313113402122326,0.09299650026468534,-0.8778704738845455
57,1,597.0849,607.20105,575.41656,628.61523,556.0023,650.88654,4.258827670435286,575.4436704233601,629.1791837593208,0.5715370408009903,-0.7096395896496688,0.9111766767239508,0.026686373128427476,-0.053404033837637144,0.059700530490785,-0.8927770777105184
58,1,596.49725,606.76483,576.1159,628.0019,556.7999,649.32996,1.656230709512799,576.114101104521,628.4054754040179,0.6704306811608376,-0.7737083553029152,1.0237684881394458,0.09889364035984727,-0.06406876565324637,0.11783360656431345,-0.8567916663812809
59,1,597.9742,606.69257,577.0766,626.6974,557.9704,648.5764,5.120783848506589,576.8081576718102,627.5554662232531,0.6940565672892944,-0.8500091807648005,1.0973741959704748,0.02362588612845684,-0.07630082546188532,0.07987489256030268,-0.886058081397201
60,1,599.4906,605.4295,578.05756,625.4696,559.4222,647.0856,6.158674599633496,577.4297442935476,626.6165323252189,0.6215866217373787,-0.938933898034179,1.1260403159747634,-0.07246994555191577,-0.08892471726937856,0.11471485670886988,-0.9860222863576185
61,1,600.68915,604.49133,578.2572,623.87805,559.981,645.43945,8.87918352341316,577.9469278497163,625.5760498181083,0.5171835561686748,-1.040482507110596,1.1619305824249693,-0.10440306556870382,-0.10154860907641705,0.14564381245181013,-1.109502464438755
62,1,600.4435,604.0592,577.1921,622.99506,559.9935,645.28357,13.185807938806446,578.3585471012802,624.4775268764544,0.4116192515639341,-1.0985229416539823,1.1731082906527308,-0.10556430460474076,-0.058040434543386255,0.1204678980005362,-1.2122865366620033
63,1,598.6108,604.7926,577.0212,623.34814,560.50146,645.06866,12.066924590338129,578.7223656214596,623.5889999401512,0.3638185201793931,-0.8885269363031512,0.9601270916716118,-0.047800731384540995,0.20999600535083118,0.21536766745313318,-1.1821592741234659
64,1,598.4861,603.94775,578.3853,624.04156,561.08075,644.6805,5.031936052283861,579.1108781865395,623.0785949045948,0.38851256507985,-0.5104050355564596,0.6414478260515936,0.024694044900456902,0.3781219007466916,0.37892739103664264,-0.9201752791208002
65,1,601.0701,602.8871,579.9172,623.28455,561.6039,644.7709,5.599932057170199,579.5797752657553,622.596865611618,0.4688970792158216,-0.4817292929767518,0.6722555932151176,0.08038451413597159,0.02867574257970773,0.08534616760800615,-0.7988960368158585
66,1,602.14954,601.8298,580.7155,622.97064,562.22186,644.76746,5.081375838522846,580.1175301001481,622.0647168513967,0.5377548343927856,-0.5321487602212756,0.7565464724112148,0.06885775517696402,-0.05041946724452373,0.08534350077910043,-0.7801584175971402
67,1,603.333,600.4905,580.93225,622.28,562.50616,644.1983,5.739551234890183,580.69581162371,621.5096518039012,0.578281523561941,-0.5550650474955319,0.8015651735475643,0.04052668916915536,-0.02291628727425632,0.046557155813575814,-0.7649161413674572
68,1,604.8697,598.28156,581.6577,620.98145,562.4182,643.57245,5.219807519746576,581.2862887704329,620.959173649102,0.5904771467228329,-0.5504781547991797,0.8072728533234891,0.012195623160891955,0.004586892696352152,0.01302968951626757,-0.7503550575438453
69,1,605.3217,597.75165,581.9918,620.45856,562.6628,643.03046,5.200778673177873,581.8606304743087,620.4342566259843,0.5743417038758025,-0.5249170231177231,0.7780785782745419,-0.01613544284703039,0.025561131681456573,0.03022786741909768,-0.7404665974238539
70,1,605.0645,597.31586,582.18835,620.4069,563.0046,642.39575,3.6295207783583647,582.3905056693293,619.92975920959,0.5298751950206224,-0.5044974163943152,0.7316319877142344,-0.04446650885518011,0.020419606723407924,0.04893087725053023,-0.7608686193839161
71,1,604.9573,597.3702,582.56274,620.0294,563.6546,641.15454,2.8331723510389097,582.8475832894869,619.434010933976,0.45707762015763365,-0.49574827561400525,0.6743043108443143,-0.07279757486298877,0.008749140780309972,0.07332144550079558,-0.8259611291251077
72,1,604.6561,596.80365,582.43463,619.36945,563.6624,640.6108,3.0906017546259905,583.2100021196698,618.9346293004658,0.3624188301828326,-0.49938163351021103,0.6170327579297712,-0.09465878997480104,-0.00363335789620578,0.0947284952329309,-0.9430064013326964
73,1,603.0956,596.58875,582.0832,619.37683,563.31647,639.8501,0.1701741937831984,583.481780348352,618.4163836794528,0.2717782286822512,-0.5182456210129658,0.5851853802725907,-0.0906406015005814,-0.018863987502754753,0.09258276656533486,-1.0878043245420965
74,1,603.0457,596.10046,582.59937,617.78455,563.854,638.0573,0.5591815009956947,583.6734060149034,617.8633314085973,0.1916256665514311,-0.5530522708554599,0.585309499649255,-0.08015256213082012,-0.03480664984249415,0.08738384341165692,-1.237254155870592
75,1,603.7808,595.0141,582.8836,616.63495,564.2365,637.73425,2.55542870885839,583.7953671586948,617.2595298255602,0.12196114379139544,-0.6038015830371251,0.6159958378699029,-0.06966452276003565,-0.05074931218166512,0.08618954935661068,-1.371489214015329
76,1,603.7605,594.9817,583.0138,616.25934,564.3633,637.3421,2.779110467617932,583.8581518190964,616.6052235593082,0.06278466040157582,-0.6543062662519787,0.6573116487925241,-0.05917648338981962,-0.050504683214853685,0.0777983239730672,-1.47513314391849
77,1,604.72906,595.1229,582.8034,615.7623,564.44995,637.434,6.470084439902661,583.8722480354783,615.9654064040351,0.01409621638185854,-0.6398171552731355,0.6399724177635251,-0.04868844401971728,0.0144891109788432,0.050798611378839655,-1.548768258001187
78,1,605.28656,595.1082,582.9553,615.53827,564.3913,637.3573,7.153957939345469,583.8481438472107,615.4212594452413,-0.024104188267529025,-0.5441469587938172,0.5446805712127033,-0.038200404649387565,0.09567019647931829,0.10301484072583095,-1.615064589861226
79,1,605.232,596.5439,582.9791,615.77924,564.6605,637.5465,9.077033474877616,583.7995107195925,615.0371651957518,-0.04863312761824545,-0.38409424948952164,0.38716091434034433,-0.024528939350716428,0.1600527093042956,0.16192139642837966,-1.696743807969472
80,1,604.2877,598.7457,582.5299,616.3687,565.0138,637.5638,11.42271938018292,583.7527538216352,614.8103118776929,-0.04675689795726612,-0.22685331805882925,0.23162175075084496,0.0018762296609793339,0.1572409314306924,0.1572521248025999,-1.7740606032470954
81,1,605.1887,600.0994,582.4401,616.5327,565.2136,638.2713,15.761487649624865,583.7374617482785,614.7210891405161,-0.01529207335670435,-0.08922273717678308,0.09052372250887684,0.03146482460056177,0.13763058088204616,0.14118148597133254,-1.7405391819213167
82,1,606.8871,602.77576,583.1672,616.2357,565.3902,638.37756,21.66720456592417,583.7832230944623,614.7498866336724,0.045761346183780915,0.028797493156275777,0.054068441966063634,0.061053419540485265,0.11802023033305886,0.13287699125678146,0.5616835664135322
83,1,607.41174,605.50024,583.6711,616.8261,565.43335,638.32135,24.182667279613376,583.9196264551264,614.8770940066132,0.136403360664076,0.1272073729408021,0.18651432258932368,0.09064201448029507,0.09840987978452631,0.1337926725506705,0.7505275798479609
84,1,608.5433,607.4982,584.6253,616.7499,565.49225,638.3925,27.37505148591218,584.1762604252106,615.0831009087897,0.2566339700841809,0.2060069021764548,0.3290894078294038,0.12023060942010488,0.0787995292356527,0.14375244432457593,0.6764012647128091
85,1,610.7598,609.9717,585.9714,616.9383,565.9843,638.52814,31.5100132103174,584.5827135996551,615.3482969896531,0.4064531744445503,0.26519608086346125,0.4853175705879517,0.14981920436036944,0.05918917868700646,0.16108740754266462,0.5781054615776678
86,1,611.9293,611.9455,586.5232,617.5349,566.0891,638.8975,33.86507297806007,585.144375073592,615.655192928667,0.5616614739368515,0.30689593901388434,0.6400380681554265,0.1552082994923012,0.0416998581504231,0.1607124587611591,0.5000807291640569
87,1,614.9839,616.4043,587.5096,617.761,566.62946,638.4081,41.851502231309055,585.7698359429248,615.9947835253441,0.6254608693328692,0.33959059667711244,0.7117043434026138,0.06379939539601764,0.0326946576632281,0.07168893563593393,0.4974102583364743
88,1,613.0519,616.91907,586.75226,617.9661,567.02484,638.7288,44.184764016251165,586.3434878037498,616.3601846092099,0.5736518608249526,0.36540108386577685,0.6801429331531831,-0.05180900850791659,0.02581048718866441,0.05788224780957961,0.5671632394034473
89,1,610.89813,616.3744,586.1949,618.0785,567.5484,638.91376,44.226931165332,586.7497222521624,616.7445120097894,0.406234448412647,0.3843274005795365,0.5592262314245918,-0.16741741241230557,0.01892631671375966,0.1684838135940113,0.7576945206263082
90,1,611.5399,617.72314,586.47516,618.1848,567.9384,639.005,47.265302217911845,586.9184678335856,617.1408815566076,0.1687455814231953,0.39636954681816405,0.43079448568277773,-0.2374888669894517,0.012042146238627538,0.23779397643751612,1.1683092889246578
91,1,612.6546,619.6419,586.86426,618.7017,568.3329,638.81604,49.43334155192401,586.9618008907458,617.5424090791897,0.04333305716022551,0.4015275225821142,0.40385901653148915,-0.12541252426296978,0.005157975763950162,0.12551854825479572,1.4632918853085801
92,1,613.4027,622.06476,586.8446,619.41675,568.1251,638.3033,50.94844860637555,587.0373347156964,617.9422104070611,0.07553382495052574,0.399801327871387,0.406874010572537,0.03220076779030023,-0.0017261947107272135,0.03224700287568102,1.3840688468819566
93,1,612.81775,620.98645,586.6327,619.3895,568.22327,637.98364,48.77589587967862,587.2727636799941,618.3278917899341,0.23542896429773918,0.385681382873031,0.45185940991104706,0.15989513934721344,-0.014119944998356004,0.16051737735716157,1.022747749156477
94,1,614.2219,621.44855,587.7107,619.12366,568.7678,637.53345,49.19406100389177,587.6761064732141,618.6650211582726,0.4033427932199629,0.3371293683384238,0.5256820520416751,0.16791382892222373,-0.048552014534607224,0.17479231121159342,0.6962148171539346
95,1,615.2071,621.9712,588.76013,618.56464,569.6596,635.9031,49.57117920904994,588.2254628644348,618.9136568627273,0.5493563912207264,0.2486357044547276,0.6030026186549761,0.14601359800076352,-0.08849366388369617,0.1707369302426665,0.4250094534741902
96,1,617.3711,623.0851,590.71716,618.84143,569.58966,634.4898,45.57231789505039,588.8989326227352,619.0338572539491,0.6734697583003708,0.1202003912218288,0.6841123075892149,0.12411336707964438,-0.1284353132328988,0.17860503232854158,0.17661954455673073
97,1,617.45605,622.40796,591.888,618.08936,570.36975,632.85846,44.05098333918963,589.6746155171936,619.0172949744394,0.7756828944584413,-0.01656227950968514,0.7758596921209288,0.10221313615807048,-0.13676267073151394,0.17073825965168074,-0.02134862504910159
98,1,617.1359,621.05286,591.62775,618.7527,571.0224,632.6431,39.13727909047754,590.5306113168893,618.9820998340987,0.8559957996957337,-0.0351951403407611,0.8567190362075215,0.0803129052372924,-0.01863286083107596,0.08244602022174602,-0.04109287413125858
99,1,617.5416,623.0853,592.5561,618.5158,570.93835,632.7106,43.65401966989476,591.4450197909007,619.0780159346775,0.9144084740113385,0.09591610057884736,0.9194252311602049,0.05841267431560482,0.13111124091960846,0.14353465789202458,0.1045119617741913
100,1,619.75446,624.8516,594.3173,620.26544,571.51184,633.35077,40.06666358862695,592.3926410172628,619.4113524286765,0.9476212263621164,0.33333649399901333,1.0045393008158494,0.03321275235077792,0.23742039342016596,0.2397322050340765,0.33824306203993426
101,1,620.9913,626.0894,594.55414,621.5036,572.0545,634.36816,39.60019879470029,593.335076309834,619.9146786715963,0.9424352925711901,0.5033262429197976,1.0684201362270855,-0.005185933790926356,0.16998974892078422,0.17006883502698292,0.49053053674872577
102,1,621.71277,626.38574,595.30774,621.59296,572.24396,634.2713,39.085719586177845,594.2306272914299,620.4771290696877,0.8955509815958749,0.5624503980914142,1.0575263641869763,-0.0468843109753152,0.05912415517161662,0.07545730143854511,0.5607892508699284
103,1,622.0665,626.144,595.37427,621.64703,572.4992,633.90265,37.743800846718926,595.037595584865,620.9878380292013,0.8069682934351476,0.5107089595135221,0.9549981507505755,-0.08858268816072723,-0.05174143857789204,0.10258688565255512,0.5642412319809201
104,1,623.70374,626.4053,595.8435,621.3553,572.4965,633.70807,38.15708626905355,595.7142828129543,621.358481063551,0.6766872280892358,0.37064303434976864,0.7715451144107499,-0.13028106534591188,-0.1400659251637535,0.1912893603409347,0.5011000328996216
105,1,623.2454,626.0533,595.20197,621.4987,572.96136,633.4068,37.39044982103989,596.2189905985128,621.5908981148056,0.504707785558594,0.23241705125451517,0.5556506407062837,-0.1719794425306418,-0.13822598309525347,0.22064303989883663,0.4315498947619367
106,1,623.54913,625.9229,595.9331,621.72516,573.3742,632.5549,34.2870200183376,596.5100205643554,621.7094702321972,0.29102996584254015,0.11857211739163631,0.3142575186706693,-0.21367781971605382,-0.11384493386287886,0.2421133610622298,0.38688854724345845
112,1,627.6151,628.51855,602.3953,623.28925,580.8541,629.9101,28.79944318712499,598.4181316654756,622.3758314045695,1.9081111011201983,0.6663611723722624,2.0211197852337874,1.6170811352776582,0.5477890549806261,1.707344208654906,0.3359847307027473
113,1,627.6647,629.19293,603.43427,623.9359,580.719,630.5022,28.36410753857965,599.9762729340217,622.9565580482014,1.5581412685461373,0.5807266436319196,1.662843241971582,-0.349969832574061,-0.08563452874034283,0.3602945409307458,0.35675687471407364
114,1,629.1354,630.241,602.8647,625.60364,579.6216,632.25745,25.98576214338066,601.4471800641794,623.7643122864245,1.4709071301576842,0.8077542382230831,1.6781044946355599,-0.08723413838845318,0.2270275945911635,0.24321045126849605,0.5021933041760758
115,1,630.65753,630.30975,603.792,626.0961,579.67346,632.098,22.88792531648885,602.7190698530586,624.6267254816477,1.2718897888792071,0.8624131952232119,1.5367043158494427,-0.19901734127847703,0.054658957000128794,0.20638678181970793,0.5958465075038462
116,1,631.7741,629.63654,604.72003,626.3264,580.6828,631.9001,20.03042300828696,603.8482584057509,625.3684248583222,1.1291885526923124,0.7416993766745463,1.3509939869928251,-0.14270123618689468,-0.12071381854866559,0.18691032287668882,0.5811705976512713
117,1,632.24835,629.26636,605.2809,626.1129,581.18854,631.8969,20.169448132649023,604.9295288100413,625.9812060234623,1.0812704042904215,0.6127811651400634,1.2428380600644582,-0.0479181484018909,-0.1289182115344829,0.13753564705746404,0.5155918977740729
118,1,632.66235,629.6363,606.4364,626.6128,582.14703,631.9845,19.04689984467274,606.0672808993888,626.498656679722,1.1377520893474866,0.5174506562597116,1.2498939948964383,0.05648168505706508,-0.09533050888035177,0.11080652810314164,0.4268391644734935
119,1,635.3983,630.35236,608.11487,627.0752,583.1449,629.9717,13.465947929046589,607.3389610223296,626.9370890802355,1.2716801229407793,0.43843240051353405,1.3451369093526262,0.13392803359329264,-0.0790182557461776,0.15550113479757777,0.33200465786094957
120,1,636.0959,630.03955,609.9458,626.5358,584.97534,628.8098,12.834734518106709,608.7142015877138,627.2437136800544,1.3752405653841606,0.3066245998188606,1.4090086081682476,0.10356044244338136,-0.13180780069467346,0.16762476416996286,0.21937256208589184
121,1,636.77594,629.92975,611.00574,625.69025,585.8153,628.7121,16.182677349687197,610.1356815194692,627.3484654847093,1.4214799317554707,0.1047518046549385,1.4253343947867125,0.0462393663713101,-0.2018727951639221,0.20710071083826606,0.07355911172865888
122,1,637.07043,628.4745,611.87317,624.74567,586.78375,626.6959,12.862638598831726,611.5460797415235,627.1812794997309,1.4103982220542548,-0.1671859849784596,1.420272614094569,-0.011081709701215914,-0.2719377896333981,0.2721634907929429,-0.11798757186543805
123,1,636.67175,629.60626,614.7936,624.2467,591.3,628.20703,23.333246764254596,612.8880751778044,626.6859723603695,1.341995436280854,-0.49530713936133,1.4304827553315502,-0.06840278577340086,-0.3281211543828704,0.3351752273887633,-0.3535727304870428
124,1,638.2604,629.464,614.0493,622.90985,590.06885,626.2792,23.14526445287569,614.1043467522398,625.8618872207498,1.2162715744354955,-0.8240851396196831,1.4691605971172081,-0.12572386184535844,-0.32877800025835313,0.35199639613381334,-0.5954996090998931
125,1,637.4967,629.0681,613.3913,620.88464,590.12494,625.3127,29.527317009313684,615.1375733887576,624.9449565241939,1.0332266365177247,-0.9169306965559372,1.3814192646319532,-0.18304493791777077,-0.09284555693625407,0.20524557666396553,-0.725834571762359
126,1,636.7733,630.00415,615.06683,623.094,591.821,627.9098,29.362915161896684,615.9501791702526,624.7792216682785,0.8126057814949945,-0.16573485591538883,0.8293347928215634,-0.2206208550227302,0.7511958406405483,0.7829232099424698,-0.20119535138385874
127,1,637.775,629.5107,615.95233,628.0658,592.3167,629.60175,7.506135366255215,616.5835688154888,625.3005449754548,0.6333896452362069,0.521323307176317,0.8203416564442528,-0.17921613625878763,0.6870581630917059,0.7100474230405159,0.688649907425595
128,1,637.322,630.90375,615.0232,628.9727,591.5021,632.0111,12.3098975454596,617.0988922021977,626.1620670845225,0.5153233867089284,0.8615221090676641,1.0038817347185653,-0.11806625852727848,0.3401988018913471,0.36010396583617094,1.03173486516278
129,1,639.9626,631.27155,615.0339,629.273,590.62946,631.0607,8.773261741129456,617.5572992081101,627.0169286342813,0.4584070059123633,0.8548615497587662,0.9700130165752916,-0.056916380796565136,-0.006660559308897973,0.057304776880177766,1.0785823466392195
130,1,640.6043,630.2062,615.9271,629.6066,591.6101,631.7102,6.335925620465945,618.0298660081345,627.5916777560059,0.4725668000244241,0.5747491217246079,0.744080596043555,0.014159794112060808,-0.28011242803415826,0.2804700912904751,0.8826562407526285
131,1,642.61664,628.979,618.02924,628.1231,592.9599,631.2358,9.071468479848791,618.6273739658867,627.9064925508695,0.5975079577522138,0.3148147948636506,0.675369613354246,0.12494115772778969,-0.2599343268609573,0.28840275167726714,0.4849193891529068
132,1,645.5429,630.0205,619.70026,626.2264,593.41504,629.3972,15.23075066164486,619.47053074216,628.0549586125201,0.8431567762733039,0.148466061650538,0.8561282151860267,0.2456488185210901,-0.1663487332131126,0.29667363058151086,0.1742968517783765
133,1,650.39154,629.2069,621.8137,627.74426,597.04535,625.1557,3.036477459811892,620.6414967980963,628.1221602121178,1.1709660559363329,0.06720159959775174,1.1728928165623609,0.327809279663029,-0.08126446205278626,0.3377319005156645,0.057326996251039326
134,1,649.6805,629.44257,624.4609,628.08594,599.6153,624.9832,4.03924517236625,622.0682437962344,628.1591763308711,1.4267469981380145,0.03701611875328581,1.4272270981674196,0.2557809422016817,-0.03018548084446593,0.2575559233397509,0.02593859795295701
135,1,648.23737,627.9781,625.793,627.9875,601.4065,624.66315,7.786639861877513,623.6401961994613,628.2085846275007,1.5719524032269874,0.04940829662962187,1.572728691728787,0.14520540508897284,0.012392177876336063,0.1457332348490606,0.03142082146647048
136,1,648.9007,628.8334,626.15955,627.3268,602.3686,624.3946,3.2358559241987908,625.2467784706648,628.3129627607274,1.6065822712034787,0.10437813322664624,1.6099693751252562,0.03462986797649137,0.05496983659702437,0.0649685361661534,0.06487787562187351
137,1,637.9625,626.4756,628.7255,628.81604,613.2292,625.70685,25.56346902508381,626.7685574983686,628.5148883892716,1.5217790277038148,0.20192562854424523,1.5351173794280868,-0.08480324349966395,0.09754749531759899,0.12925596292163968,0.13191987985148057
138,1,646.7331,628.9221,628.0811,629.2628,604.9255,625.5336,10.195318468659186,628.0506698736443,628.8569391718544,1.2821123752756876,0.3420507825827599,1.326955493112163,-0.23966665242812724,0.14012515403851467,0.27762413994539853,0.2607146368985618
139,1,649.67065,630.8217,628.6735,630.3246,603.61725,627.0629,6.060421822176144,628.9293946131995,629.381692767196,0.8787247395551958,0.5247535953416218,1.0234859567821657,-0.40338763572049174,0.1827028127588619,0.44283394454599784,0.5383406691337221
140,1,651.90845,633.4084,627.3215,631.9544,602.6599,628.3111,5.019383119252556,629.3519098656783,630.0659832389636,0.42251525247877453,0.6842904717675538,0.8042217283368212,-0.4562094870764213,0.15953687642593195,0.4833002286760006,1.0176445499680529
141,1,652.8062,632.3939,626.80945,631.49023,603.0602,628.24164,5.798091890374098,629.708990307469,630.6236702706094,0.35708044179068565,0.5576870316458553,0.6622093831828393,-0.06543481068808887,-0.12660344012169844,0.14251366776711105,1.0012786867628547
142,1,654.90796,630.6948,628.4193,630.3438,603.4428,627.46136,5.823895543687383,630.4020509580245,630.812741064547,0.6930606505554806,0.18907079393761705,0.718387660298106,0.33598020876479495,-0.36861623770823826,0.49875909152998066,0.2663249084383226
143,1,657.04834,632.1538,632.6236,629.68365,607.47565,628.1529,2.2917472028339367,631.4314716813099,630.8306672792496,1.0294207232853978,0.01792621470258382,1.0295767939804175,0.3363600727299172,-0.17114457923503323,0.3773970926337559,0.017412125698058945
144,1,654.86633,631.6728,634.7079,630.35486,610.872,629.3592,1.348716805399081,632.6972625025998,630.9135923034486,1.2657908212898974,0.08292502419897119,1.2685042226575964,0.2363700980044996,0.06499880949638737,0.24514417893681342,0.0654189402285187
145,1,654.7601,631.77277,634.76965,629.9766,613.1039,629.3198,3.397765751610892,634.0989892478922,631.0128619908459,1.4017267452924216,0.09926968739728181,1.4052374672289518,0.1359359240025242,0.016344663198310627,0.13691502273120448,0.07070153003098399
146,1,647.1522,629.94086,636.5557,630.3544,620.65314,631.6387,2.3824452046833464,635.5361066933658,631.0086228113857,1.437117445473632,-0.004239179460114428,1.437123697782189,0.03539070018121038,-0.10350886685739624,0.10939189722012553,-0.002949770861258576
147,1,657.97156,632.402,638.4342,630.8296,616.5473,629.6858,1.60973267575465,636.9336187382137,630.8388521104766,1.397512044847872,-0.16977070090911184,1.4077862076260201,-0.03960540062576001,-0.1655315214489974,0.170203620266864,-0.12088832134711869
148,1,660.39417,633.2295,639.43665,628.39026,615.5692,626.3042,8.006972952582398,638.3187257736852,630.6728507353833,1.385107035471492,-0.1660013750932876,1.395018980604023,-0.012405009376379894,0.0037693258158242315,0.01296503277025986,-0.11927841707330024
149,1,653.1799,630.6296,640.2926,629.8088,621.57855,629.5655,2.8994180025954805,639.744177314043,630.7122686429944,1.4254515403578125,0.03941790761109587,1.4259964464713428,0.040344504886320465,0.20541928270438348,0.20934364280127007,0.027645881801868607
150,1,647.7636,630.81366,642.55304,632.7413,627.6373,633.49915,17.39285078152294,641.2627228735506,631.0568287268351,1.5185455595076292,0.3445600838406335,1.5571455512175485,0.09309401914981663,0.30514217622953765,0.31902702724936116,0.22312346510145864
151,1,625.4367,628.5587,644.27313,633.74493,653.0766,637.4822,7.608418978371022,642.8755074422464,631.7373246305888,1.6127845686958153,0.6804959037536946,1.7504710052008587,0.09423900918818617,0.3359358199130611,0.3489038061607119,0.39927467531665395
152,1,622.2637,628.09906,645.6119,635.05725,660.1314,637.71216,6.232908681931416,644.3772579132687,632.6107600619316,1.5017504710223193,0.8734354313428412,1.7372806134706082,-0.11103409767349603,0.19293952758914656,0.2226077989480389,0.5267888451552807
153,1,635.4224,629.22705,644.2667,634.99316,645.70404,634.10925,64.693065161043,645.6893797262002,633.4906912445385,1.312121812931423,0.8799311826069243,1.5798552269415271,-0.18962865809089635,0.006495751264083083,0.18973988182203264,0.5907324598430552
154,1,620.3325,626.0297,649.55444,635.4611,673.1774,638.77576,9.900257198043798,647.2730181235687,634.2200031258515,1.5836383973685315,0.729311881312924,1.7435040561593678,0.2715165844371086,-0.15061930129400025,0.3104954581740067,0.4315755126019842
155,1,622.03,625.88513,650.8503,635.3832,673.1547,640.25995,5.906873824904857,649.0740314996455,634.7588955483828,1.801013376076753,0.5388924225313758,1.8799080360137617,0.21737497870822153,-0.1904194587815482,0.28898347989298195,0.2907375792950139
156,1,626.94824,626.90607,651.4302,635.3554,666.49774,640.8708,1.0638565340554322,650.8648857689703,635.0968970784113,1.790854269324882,0.338001530028464,1.8224719608983673,-0.01015910675187115,-0.2008908925029118,0.2011476028706591,0.18654324615905557
157,1,623.9989,626.8138,652.4493,633.1726,674.0707,641.57855,8.646178263530809,652.4180468460827,635.2235362822161,1.5531610771123496,0.12663920380475702,1.5583153786692527,-0.23769319221253227,-0.211362326223707,0.31807559882971304,0.08135645386824272
158,1,628.10266,626.3126,653.1776,633.7476,670.7904,641.85126,8.19146239724941,653.557297399225,635.0979981763271,1.1392505531423467,-0.12553810588894976,1.1461464299404889,-0.41391052397000294,-0.2521773096937068,0.4846806344155686,-0.10975079616965315
159,1,632.0538,626.05396,652.64484,632.31024,665.9646,639.4252,11.20890244818947,654.3116871114463,634.5580935782729,0.7543897122212684,-0.5399045980542496,0.9276857296010373,-0.3848608409210783,-0.41436649216529986,0.5655240549294566,-0.6211747229445194
160,1,638.8973,625.57,650.7417,629.6045,653.6839,634.20667,38.598909432058456,654.7615824194985,633.6073383568021,0.44989530805219147,-0.9507552214707857,1.0518275901312624,-0.3044944041690769,-0.4108506234165361,0.5113854484946141,-1.1288194256686868
161,1,646.53986,625.6236,650.9626,629.0117,646.58057,630.933,118.8706404312422,654.9717236280959,632.8527595977739,0.21014120859740615,-0.7545787590281634,0.783293323811241,-0.23975409945478532,0.19617646244262232,0.3097857850545707,-1.2991901532382313
162,1,648.455,625.938,651.53253,630.88525,655.64417,629.3162,79.00299099802935,654.9443465138028,632.374700240952,-0.027377114293130944,-0.4780593568218592,0.47884262031689373,-0.2375183228905371,0.2765194022063042,0.36452425640177266,-1.6280010329194805
163,1,636.9934,625.8019,651.57544,631.63965,664.11395,631.6481,21.779707150497607,654.6843702572008,632.0728200393332,-0.2599762566019308,-0.3018802016188147,0.3983959213222058,-0.23259914230879986,0.1761791552030445,0.2917900884726001,-2.281751084334137
164,1,670.94543,627.90936,649.0649,631.5677,632.58624,624.25745,33.41478662189686,654.269952183085,631.8467787459148,-0.4144180741158152,-0.22604129341846146,0.4720561475970335,-0.15444181751388442,0.07583890820035322,0.172057592084783,-2.6422550981815385
165,1,676.08044,627.40533,649.2739,631.6274,626.3105,623.4064,28.64817610262608,653.813448438273,631.6189250801957,-0.45650374481203926,-0.22785366571906707,0.5102087435638788,-0.04208567069622404,-0.0018123723006056025,0.04212467651278777,-2.6786431253684113
166,1,679.47095,625.4279,651.2826,631.31824,625.7393,622.7891,30.2674504697557,653.4907723134564,631.4023636276825,-0.32267612481655306,-0.21656145251324688,0.38861130225621976,0.1338276199954862,0.01129221320582019,0.13430318668126218,-2.5504982396387947
167,1,681.0464,623.71747,652.6499,630.8417,626.47314,623.59393,29.560062882556,653.493726385295,631.2328879403838,0.002954071838530581,-0.1694756872987,0.16950143104349868,0.32563019665508364,0.04708576521454688,0.329016860144686,-1.553367439124332
168,1,676.2385,622.97577,653.77576,631.19806,633.21405,623.52966,40.557457684017535,653.9466597216176,631.137847764266,0.4529333363226442,-0.09504017611777726,0.4627971934107419,0.44997926448411363,0.07443551118092273,0.4560942707274771,-0.2068318520155194
169,1,684.5935,623.5265,655.46564,631.25397,627.63654,623.3753,30.66530772248559,654.7041073549284,631.1108176211278,0.7574476333107896,-0.027030143138176754,0.7579297763290387,0.30451429698814536,0.06801003297960051,0.3120165406770461,-0.03567068746560197
170,1,641.406,624.0191,657.3523,631.3036,670.4743,624.3046,52.62595497575919,655.5531508089003,631.136928226726,0.8490434539719445,0.02611060559820544,0.8494448483905912,0.0915958206611549,0.05314074873638219,0.1058949174363612,0.030743278001721858
171,1,681.2783,624.3097,657.7211,632.4766,633.29877,623.8637,38.54665123224756,656.2808716072064,631.201310296817,0.7277207983061089,0.06438207009102825,0.7305632150857901,-0.12132265566583555,0.038271464492822815,0.12721592578068322,0.0882410946173022
176,1,689.3839,624.1005,661.33954,634.40924,635.33765,627.57,34.91934164024791,658.0769328226489,631.5768676661492,1.796061215442478,0.3755573693321139,1.8349057815801795,1.068340417136369,0.31117529924108567,1.1127359586824226,0.20613056898172163
177,1,689.5727,623.007,661.6773,630.94946,635.1924,626.8899,24.60723146612749,659.0140647197849,631.5586235540875,0.9371318971359415,-0.018244112061665874,0.9373094687746024,-0.8589293183065365,-0.3938014813937798,0.9449016777392594,-0.019465571256702056
178,1,689.89886,622.0594,661.74005,630.93463,635.51044,625.574,29.04480995315123,660.3524195278605,631.4745659168154,1.3383548080756782,-0.0840576372720534,1.3409919010505043,0.4012229109397367,-0.06581352521038752,0.40658485505927816,-0.06272430209572091
179,1,692.1692,621.96857,663.0129,630.5633,635.79236,626.1183,25.69884091813616,661.7196470877827,631.317247661179,1.3672275599221848,-0.15731825563648272,1.3762486091427222,0.028872751846506617,-0.07326061836442932,0.07874486651413228,-0.1145598904366132
180,1,694.63293,621.443,665.3438,629.7849,637.5912,626.67725,22.2868409731426,663.0866102886337,631.1089104583817,1.3669632008509325,-0.20833720279722456,1.3827482715772956,-0.00026435907125232916,-0.051018947160741845,0.05101963205579908,-0.15124489263063742
181,1,696.1939,620.2195,667.14667,630.5362,639.6438,627.0434,26.79120543430791,664.541651504899,630.8792181707172,1.4550412162653856,-0.22969228766453398,1.473059227608863,0.08807801541445315,-0.021355084867309415,0.0906298871732644,-0.1565676370679805
182,1,696.8535,621.10645,668.2292,630.8346,642.32886,627.47076,26.170571712254507,666.1731131110656,630.6578346604781,1.6314616061665674,-0.22138351023909308,1.6464135662103185,0.1764203899011818,0.008308777425440894,0.17661593856498492,-0.13487262619020865
183,1,697.55505,621.0775,669.87787,630.7777,644.2704,627.16754,27.339082343538596,668.0249165692063,630.474423789958,1.8518034581406937,-0.18341087052010607,1.8608642064929872,0.22034185197412626,0.03797263971898701,0.22358992172863193,-0.09872248243683222
184,1,698.9629,621.0478,672.9309,629.5631,647.0053,627.47986,22.70757220428277,669.9632996917418,630.3586494214496,1.9383831225354697,-0.11577436850836875,1.941837489115366,0.08657966439477605,0.06763650201173732,0.10986689533747551,-0.059656417707187964
185,1,699.4613,621.5222,673.60864,630.4892,648.2688,628.6396,23.303801416016416,671.8100793786792,630.3401754172464,1.8467796869374524,-0.018474004203199,1.8468720856941054,-0.09160343559801731,0.09730036430516975,0.13363588704864743,-0.010003027516865203
186,1,701.95496,621.6896,674.91626,632.5144,647.82294,629.13,28.93878852499057,673.4220043798274,630.4312458648178,1.6119250011481654,0.09107044757138283,1.6144955979337214,-0.23485468578928703,0.10954445177458183,0.25914611776327734,0.05643794418256545
187,1,702.4153,620.0925,675.53955,631.488,648.4424,628.5096,29.24969924987581,674.7955508442019,630.5744257523387,1.373546464374499,0.14317988752088695,1.380988910160462,-0.23837853677366638,0.05210943994950412,0.24400762391000244,0.10386589730334847
188,1,701.9777,619.43805,674.85504,630.5069,648.7406,627.2823,29.23977988201578,675.9621267706196,630.6948602931607,1.1665759264177495,0.12043454082197513,1.1727761383658992,-0.20697053795674947,-0.022745346698911817,0.2082166044737066,0.10287319444429315
189,1,701.87714,619.68445,674.8485,630.187,649.48804,626.5047,29.496272126196047,676.9531401578973,630.7176947006349,0.9910133872776896,0.02283440747419263,0.9912764215536943,-0.17556253914005993,-0.0976001333477825,0.2008680939791335,0.023037395915310704
190,1,702.76135,619.31854,675.9999,630.00824,649.72076,626.3376,29.725517791872825,677.7999990048523,630.6109207401281,0.8468588469550014,-0.10677396050675725,0.8535634629646778,-0.14415454032268826,-0.12960836798094988,0.19385267742884255,-0.12542055875486988
191,1,705.57745,619.39966,677.6125,630.4113,649.5925,627.19684,28.037261701395177,678.5341113103011,630.5139163850693,0.7341123054487753,-0.09700435505885707,0.7404935664215461,-0.1127465415062261,0.009769605447900176,0.1131690232007982,-0.131377193625896
192,1,705.6798,619.4974,677.78894,632.1225,651.5964,628.26825,32.72545491711909,679.1868850730608,630.6089061609019,0.6527737627596935,0.09498977583268697,0.6596488784650457,-0.0813385426890818,0.19199413089154405,0.20851308070138652,0.1445028827112363
193,1,705.22894,619.6312,677.77673,632.75806,652.53094,629.17334,33.63730868375438,679.7876610911172,631.0103795162865,0.6007760180564219,0.40147335538460993,0.7225736495026008,-0.051997744703271565,0.30648357955192296,0.31086323357577444,0.5891034582140362
194,1,705.21234,619.4285,678.21967,632.7084,654.1934,629.45154,33.9158210663112,680.357511359132,631.5618855927474,0.5698502680147612,0.5515060764608961,0.7930247665298903,-0.03092575004166065,0.15003272107628618,0.15318687740532463,0.7690406910243348
195,1,708.52844,619.68146,679.00525,633.8419,655.33435,629.975,34.902209481010445,680.9154406709355,632.0392384550253,0.5579293118034911,0.4773528622778258,0.7342689371710818,-0.011920956211270095,-0.0741532141830703,0.07510531519587224,0.7077243262141321
196,1,709.20825,619.27,680.80414,631.457,656.23206,628.6637,29.707391976147218,681.4804538203579,632.2182521678607,0.5650131494223842,0.17901371283539902,0.5926936547689001,0.007083837618893085,-0.2983391494424268,0.2984232377772239,0.3068257195319839
197,1,709.35114,619.1104,681.3151,631.0774,657.5758,628.2247,29.967186936709226,682.0586300076761,631.9591207363375,0.5781761873182631,-0.25913143152320117,0.6335904058499835,0.013163037895878915,-0.4381451443586002,0.4383428259840315,-0.42134575961296095
198,1,709.7794,618.7477,681.40894,629.1371,658.62103,629.1085,20.18476502526553,682.6043460589509,631.4595579269115,0.5457160512747805,-0.49956280942592457,0.739843908659429,-0.032460136043482635,-0.2404313779027234,0.24261267055156785,-0.7412728246578563
199,1,709.9064,618.6208,681.68604,629.2272,658.7588,629.2304,20.5902334012341,683.0590532066896,631.0016574463813,0.4547071477386453,-0.4579004805302702,0.6453149930649889,-0.09100890353613522,0.041662328895654355,0.10009180871509538,-0.788897279183733
200,1,711.07025,619.21643,681.7275,630.51013,658.3515,627.8023,27.658742311531963,683.3990016331675,630.7958992853152,0.33994842647791756,-0.20575816106611455,0.3973680328236297,-0.11475872126072773,0.25214231946415566,0.27702944495154613,-0.5442802759726156
201,1,710.9161,619.87286,682.0969,631.55865,658.4025,626.2413,34.720398232961955,683.7396373197322,630.7663085693572,0.340635686564724,-0.029590715957965585,0.34191853040209136,0.0006872600868064183,0.17616744510814897,0.17616878566408864,-0.08665157363232422
202,1,711.8658,619.38983,684.0204,630.5051,658.2786,626.84717,29.848557500368223,684.2312051974997,630.7652967079206,0.4915678777674657,-0.0010118614366092515,0.49156891919279944,0.1509321912027417,0.028578854521356334,0.15361405296070355,-0.002058433948263739
203,1,713.82056,619.5519,685.8077,630.03516,658.7823,627.55426,25.762377322624072,685.023950197586,630.6452751104187,0.79274500008637,-0.12002159750193186,0.8017791585148959,0.30117712231890437,-0.11900973606532261,0.32383788581114786,-0.15025886429824772
204,1,716.99506,618.92816,688.11334,629.0626,659.8358,627.7088,22.07673209245628,686.2034250380832,630.4028807870475,1.1794748404971642,-0.2423943233711725,1.204124539808229,0.38672984041079417,-0.12237272586924064,0.40562920691294735,-0.2026883445486911
205,1,717.68604,619.7892,689.3707,631.9621,660.714,627.48724,32.138413552055454,687.5964135849889,630.4587308236505,1.3929885469057126,0.055850036603033004,1.3941077140590854,0.2135137064085484,0.2982443599742055,0.3667939490786881,0.04007221680898531
206,1,717.6433,620.4666,690.67004,632.4062,662.8617,627.86835,33.144316977931794,688.9650074912768,630.746634380485,1.368593906287856,0.2879035568345216,1.3985484397639651,-0.024394640617856567,0.23205352023148862,0.2333322411127538,0.20734126193514857
207,1,716.75183,620.5491,691.6639,631.165,664.40546,627.98224,29.59534133875122,690.1155038847809,631.0235818482956,1.1504963935041133,0.27694746781060076,1.1833604063820435,-0.2180975127837428,-0.010956089023920867,0.21837252796346643,0.23622563634215077
221,1,732.00336,622.21606,703.9633,630.8752,680.65405,623.8147,34.0131552448509,693.9823608847915,630.9620565213006,3.8668570000106683,-0.06152532699502444,3.867346431908234,2.716360606506555,-0.3384727948056252,2.7373671250682086,-0.01590959683983836
244,1,752.7163,626.71246,726.5776,630.0671,702.9966,633.972,2.08919088454023,702.2807369834701,630.7270849101802,8.298376098678546,-0.23497161112038611,8.30170208650924,4.431519098667877,-0.17344628412536167,4.434912077520258,-0.028307808846796016
261,1,762.70734,620.9521,732.9176,629.71423,708.4105,628.0779,20.21034424713272,710.8893839418839,630.3634904998422,8.608646958413829,-0.36359441033800977,8.616321915401995,0.310270859735283,-0.12862279921762365,0.33587472497859794,-0.042210865515718406
262,1,760.5085,617.8778,733.9328,628.7341,707.54987,626.7855,26.444180793507886,718.1336360339111,630.2688641120507,7.244252092027182,-0.09462638779154986,7.244870083452613,-1.3643948663866468,0.2689680225464599,1.390653496948391,-0.013061528689184206
263,1,758.1788,616.3776,733.32043,629.8904,708.1487,625.2679,38.93385452142288,724.4479175976375,630.1694483039389,6.314281563726354,-0.09941580811175754,6.315064146065109,-0.9299705283008279,-0.004789420320207682,0.9299828611620349,-0.015743294550020496
264,1,755.8136,614.7227,734.5865,631.28015,710.1446,623.1703,56.31064667238958,729.6463390678972,630.0717304742705,5.1984214702597455,-0.09771782966845421,5.1993398193128915,-1.1158600934666083,0.0016979784433033274,1.115861385353083,-0.01879538301137336
265,1,753.84863,613.9095,735.26154,630.1691,709.79346,623.2035,56.47539143422083,734.1066534365368,629.9720720419594,4.460314368639615,-0.0996584323110028,4.46142758208891,-0.7381071016201304,-0.0019406026425485834,0.7381096526944256,-0.02233964806420381
266,1,714.36914,621.88696,737.4652,629.25354,748.22876,611.99493,75.74002108068261,737.8593115162402,629.8263305065199,3.7526580797033375,-0.14574153543958346,3.7554870866926207,-0.7076562889362776,-0.04608310312858066,0.7091551844730629,-0.03881737276310105
267,1,709.53955,624.3133,737.4293,628.9507,751.96826,609.7469,62.31164182279818,740.8381392624331,629.580237387616,2.9788277461929056,-0.24609311890390018,2.9889758387548993,-0.773830333510432,-0.10035158346431672,0.7803100828290392,-0.08242689824907592
268,1,720.22314,618.9068,736.6012,628.43604,738.74786,611.8202,112.83061716838398,742.9769626305417,629.179524204912,2.1388233681086604,-0.40071318270395295,2.176036868888118,-0.8400043780842452,-0.15462006380005278,0.8541163382878424,-0.18520512933502417
269,1,749.40405,603.919,735.37225,625.8981,709.4109,622.977,63.86488452295486,744.2587906527518,628.5845549432827,1.2818280222101066,-0.5949692616293305,1.4131778022622719,-0.8569953458985538,-0.19425607892537755,0.8787357094663015,-0.43456420071098634
270,1,748.6177,603.1417,735.2927,625.6294,709.2388,622.13745,66.98506833519347,744.8633646682872,627.8142234484447,0.6045740155353769,-0.770331494837933,0.9792447866595024,-0.6772540066747297,-0.17536223320860245,0.6995890953930621,-0.905378293860785
271,1,749.3984,603.17084,735.5833,625.2991,709.3833,623.04205,62.94633945865224,745.0196090931313,626.9020560313254,0.15624442484408974,-0.912167417119349,0.9254521690228215,-0.4483295906912872,-0.14183592228141606,0.4702306356872519,-1.4011534509638524
272,1,751.88116,601.6212,735.3451,624.667,708.67816,623.67566,56.46833276765114,744.9393394482876,625.8859796747394,-0.08026964484372456,-1.0160763565860407,1.019242060698292,-0.2365140696878143,-0.10390893946669166,0.25833306575307946,-1.6496322143086755
273,1,752.63354,597.26337,736.2431,622.3944,708.37695,623.8659,53.86489635243595,744.7659356748374,624.8215240490484,-0.17340377345021807,-1.0644556256909254,1.0784872033138984,-0.0931341286064935,-0.04837926910488477,0.10495008142166316,-1.7322815326172485
274,1,752.91675,594.2198,737.11224,621.42126,709.0323,625.2034,52.17155118368796,744.6256688188824,623.7686194965029,-0.14026685595490562,-1.0529045525455558,1.062206565433782,0.033136917495312446,0.011551073145369628,0.035092486259893634,-1.7032354879146356
275,1,751.5893,594.9377,738.3759,620.7808,711.30383,625.36,53.31918276595764,744.644809926524,622.7871963593518,0.019141107641530652,-0.9814231371510687,0.9816097779347911,0.15940796359643628,0.07148141539448716,0.1747011494088175,-1.5512953791563822
276,1,751.8911,596.2198,740.0373,621.33997,714.85785,626.516,53.12189117168598,744.8940518021561,621.9150625931959,0.24924187563215128,-0.8721337661559119,0.907049512781925,0.23010076799062062,0.10928937099515679,0.25473619696146527,-1.292432216777238
277,1,747.55963,600.30164,741.89185,620.48254,723.3941,623.87286,63.926598071332656,745.2217742833434,621.1015366070408,0.32772248118726566,-0.8135259861551276,0.8770556167229138,0.07848060555511438,0.05860778000078426,0.0979493610235298,-1.1878423047051516
278,1,741.7041,607.71814,742.28973,620.1979,731.41266,618.23456,102.91847765332804,745.4207789659432,620.2738144232425,0.19900468259982063,-0.8277221837983006,0.8513089199864425,-0.12871779858744503,-0.014196197643173036,0.12949827682530027,-1.3348500152133471
279,1,755.5858,595.3463,740.8991,619.09503,717.35754,630.5671,32.286028632967174,745.337980315061,619.3494060937085,-0.0827986508821823,-0.9244083295340033,0.9281090325493854,-0.2818033334820029,-0.09668614573570267,0.29792839666402143,-1.6601272923239416
280,1,755.9209,593.18555,740.46356,616.00604,717.2936,630.73724,23.44074828878154,745.0367442727938,618.2070777885501,-0.3012360422671918,-1.142328305158344,1.1813793251647566,-0.2184373913850095,-0.21791997562434062,0.30855147014914874,-1.8286302986795966
281,1,754.8093,591.4924,740.5289,614.2728,717.9151,628.97,24.896847399637384,744.6345496504862,616.8033052432918,-0.4021946223076611,-1.4037725452583345,1.4602526743801105,-0.10095858004046931,-0.26144424009999057,0.28026010341332813,-1.8498313271091111
282,1,752.49396,592.5634,740.5416,614.18915,719.26685,627.48615,29.06509736824433,744.2488752594836,615.4441463369006,-0.38567439100256706,-1.3591589063911442,1.412819050231689,0.016520231305094057,0.044613638867190275,0.04757409815588605,-1.8472878942356796
283,1,743.2754,602.5028,741.4599,614.3037,730.5767,616.669,68.99230140009901,743.9770815676611,614.429159521947,-0.271793691822495,-1.0149868149536587,1.050747374702537,0.11388069918007204,0.3441720914374855,0.3625234367185037,-1.8324383295852236
284,1,750.75195,594.35815,741.6099,613.955,725.2725,623.62354,34.37355964578766,743.8360556690167,613.682323401969,-0.14102589864444326,-0.7468361199779565,0.7600345348681212,0.13076779317805176,0.2681506949757022,0.2983370760542675,-1.7574298752286435
285,1,734.92596,610.6924,742.6422,614.04834,740.6165,605.9755,127.59149946512508,743.822566314078,613.0337216182461,-0.013489354938656106,-0.6486017837229383,0.648742041604549,0.12753654370578715,0.0982343362550182,0.16098308855243815,-1.591590920469124
0,2,462.216,667.0174,449.1927,683.5709,435.828,694.8544,11.632946015170717,449.20991671360116,683.5343227427451,,,,,,,
1,2,460.3856,669.3042,448.99765,683.25574,437.13098,693.43256,10.160666330759216,448.96874329979886,683.3828431850192,-0.24117341380230073,-0.1514795577259065,0.28479935381579086,,,,-2.5807715814798207
2,2,460.05225,670.22656,448.7431,683.5531,436.75974,693.8744,8.943118993679901,448.8085157781294,683.4406026575399,-0.1602275216694693,0.057759472520729105,0.1703203316290017,0.08094589213283143,0.2092390302466356,0.22435063902679767,2.795608588223411
3,2,460.20953,670.32806,448.54642,684.05585,435.0863,695.15704,10.134731297845349,448.6078905555276,683.6891233117692,-0.2006252226017864,0.2485206542293099,0.31939473308522254,-0.04039770093231709,0.1907611817085808,0.19499180159040305,2.249959262438657
4,2,458.3712,671.32135,448.348,683.9037,435.1981,696.0552,8.718661992774775,448.24552403892795,684.1099272991685,-0.3623665165996499,0.4208039873992675,0.5553246691474162,-0.16174129399786352,0.1722833331699576,0.23630868175387448,2.281715971567861
5,2,459.19638,671.27405,446.97412,685.22034,433.5383,698.45087,4.210357956440184,447.6390458716124,684.6845367711998,-0.6064781673155721,0.574609472031284,0.8354590431484514,-0.24411165071592222,0.1538054846320165,0.2885249124740217,2.383170443155513
6,2,459.32803,670.947,446.49155,685.9939,431.9146,700.12994,5.412220010385655,446.86197864225016,685.3944738793248,-0.777067229362217,0.7099371081250183,1.0525417694522086,-0.1705890620466448,0.13532763609373433,0.21774801303495794,2.4013083952761294
7,2,457.03223,673.34406,445.43146,687.10156,433.30255,698.81525,5.859127930375775,446.02681817585807,686.2212607750049,-0.8351604663920966,0.8267868956801294,1.1751891658335902,-0.058093237029879674,0.1168497875551111,0.13049404982712576,2.3612328566582126
8,2,451.03622,678.7594,444.93008,687.72015,438.58008,695.2734,5.782046162920612,445.2254255329157,687.1420811991344,-0.8013926429423464,0.920820424129488,1.2207130791697651,0.03376782344975027,0.09403352844935853,0.09991281385873296,2.2869597949983174
9,2,446.6415,683.5247,444.47348,688.24084,444.05887,691.72003,17.892641361338192,444.4671227157575,688.1167652503385,-0.75830281715821,0.9746840512041217,1.2349219255409456,0.04308982578413634,0.05386362707463377,0.06897842711850162,2.2319770636845857
10,2,448.32928,681.75323,443.0203,689.92535,441.9691,693.8925,18.168629180156845,443.7405969621811,689.1008046166744,-0.7265257535764249,0.9840393663358782,1.2231815666974828,0.031777063581785114,0.00935531513175647,0.03312557457758711,2.2067735290638217
11,2,435.08078,696.571,442.52795,691.3685,451.3362,680.7403,15.411991935730027,443.034535509984,690.049690986199,-0.7060614521971047,0.9488863695246437,1.1827544616480392,0.020464301379320204,-0.035152996811234516,0.040675801353560456,2.2105074091421284
12,2,431.21808,701.1181,442.0692,691.2348,453.13492,678.53894,6.597071373077622,442.3376255969638,690.9270267368587,-0.6969099130201926,0.877335750659654,1.1204469850248833,0.009151539176912138,-0.0715506188649897,0.07213349935549764,2.2420814231199206
13,2,433.28238,698.9407,441.2688,692.25653,449.54822,682.5829,9.513369326369574,441.6385544609183,691.7288570061507,-0.699071136045518,0.8018302692920543,1.063782042527951,-0.0021612230253253983,-0.07550548136759971,0.07553640580222323,2.2878362199209565
14,2,442.65823,688.9183,441.46405,691.63885,439.44556,692.36005,46.639815003889495,440.9260093396448,692.4593376214617,-0.7125451212734788,0.7304806153109666,1.0204520954928384,-0.013473985227960839,-0.07134965398108761,0.07261075265512841,2.3437660420388005
15,2,443.8872,687.1203,440.2439,692.9044,435.19922,697.1401,17.77614980576795,440.1910535356713,693.1326935594907,-0.7349558039734916,0.6733559380289762,0.9967789389193593,-0.022410682700012785,-0.057124677281990444,0.06136340484076977,2.3999068478425922
16,2,453.97583,678.441,439.04517,693.6023,425.10422,709.7934,3.83159886228544,439.4342546104457,693.8034263941885,-0.7567989252256098,0.6707328346977874,1.011250289871092,-0.02184312125211818,-0.0026231033311887586,0.02200005947993847,2.416411740139167
17,2,454.3934,679.0812,438.4862,694.6587,424.12097,711.5442,5.210677809558276,438.65855619014616,694.5361068488189,-0.7756984202995341,0.7326804546304402,1.0670185977070226,-0.0188994950739243,0.06194761993265274,0.06476649233492335,2.3847060990113276
18,2,453.82312,679.8465,436.98404,696.14386,421.7107,712.5758,3.029442071681458,437.8669019009508,695.3953056466457,-0.7916542891953782,0.8591987978268207,1.1683060762439326,-0.015955868895844105,0.12651834319638056,0.12752051175155507,2.315302386308409
19,2,449.2868,681.98413,436.74945,697.3228,425.02682,708.7563,6.453971597442686,437.0622353690375,696.4208851123167,-0.8046665319132558,1.025579465670944,1.3035725787186556,-0.013012242717877598,0.1663806678441233,0.1668887206877848,2.2360743510288823
20,2,450.80173,680.86554,435.63095,698.92035,421.57294,712.71387,5.505022617787085,436.24750022058475,697.5538739760145,-0.814735148452769,1.1329888636978467,1.3955132129033008,-0.010068616539513187,0.10740939802690264,0.10788028468409488,2.1942280594803436
21,2,449.84503,681.52185,435.4993,699.0505,423.04962,712.7355,2.9963702803087693,435.4256400817705,698.7105925693063,-0.8218601388142588,1.156718593291771,1.4189615892753003,-0.007124990361489836,0.023729729593924276,0.024776310343795918,2.1885412164976508
22,2,449.34482,681.8411,434.33502,700.78253,422.63116,715.0163,1.0345756382918212,434.6047663706438,699.8161794645739,-0.8208737111266942,1.1055868952676065,1.3770098157262267,0.0009864276875646283,-0.05113169802416451,0.0511412121719572,2.2094658112459182
23,2,445.61734,685.3438,433.69388,701.5601,427.85843,710.2441,2.425838234173232,433.8136616727389,700.8310461974585,-0.7911046979049274,1.0148667328845704,1.2867793628136288,0.029769013221766727,-0.09072016238303604,0.0954795371323204,2.2329215328284744
24,2,440.52002,691.5546,433.19058,702.08295,432.1359,705.2205,16.264306709208313,433.08627636546055,701.7244225444159,-0.7273853072783254,0.8933763469574387,1.1520463022584646,0.06371939062660203,-0.12149038592713168,0.13718627706352007,2.2541348760417756
25,2,443.30453,688.0565,432.43097,701.88617,427.23303,711.1871,8.9769529770357,432.4565608262137,702.4655382819026,-0.6297155392468312,0.7411157374866661,0.9725195096857093,0.09766976803149419,-0.15226060947077258,0.1808941037837801,2.275107969878323
26,2,444.34796,687.11993,432.94608,701.3666,425.11044,714.2726,7.407772765865701,431.9420626248565,703.0495196262156,-0.5144982013572417,0.5839813443129742,0.7782946805069564,0.11521733788958954,-0.15713439317369193,0.19484930707710574,2.2930247240005053
27,2,445.5803,686.5053,432.81042,702.4596,422.7895,718.43744,6.578913729422221,431.4947181010583,703.5750785530133,-0.44734452379816503,0.5255589267977712,0.6901661455830994,0.06715367755907664,-0.05842241751520305,0.08901008526020598,2.2759742447704903
28,2,446.76376,685.66675,432.06818,703.3997,420.52234,721.90454,7.687531077854486,431.0500607869416,704.1668234777956,-0.44465731411673914,0.5917449247822333,0.7401906396348467,0.002687209681425884,0.06618599798446212,0.06624052705912879,2.215214627028986
29,2,445.1688,687.45404,430.78952,704.69684,420.3015,722.3506,9.111366324907712,430.5553679499857,704.9223755104251,-0.49469283695589183,0.7555520326295664,0.9030946112928246,-0.05003552283915269,0.1638071078473331,0.17127849289124186,2.1504989957299463
30,2,444.46997,688.4259,429.90167,706.5002,421.96912,722.0216,11.799358978260752,430.00489179910005,705.8314065382207,-0.5504761508856291,0.9090310277955496,1.0627141676805156,-0.05578331392973723,0.15347899516598318,0.16330211287715632,2.115296709747114
31,2,443.88055,689.1902,429.16263,707.9353,422.9723,724.4031,17.5360482446473,429.4046282785509,706.8566011428644,-0.6002635205491629,1.0251946046437297,1.1879984307618796,-0.04978736966353381,0.11616357684818013,0.12638338009475936,2.1004946057109426
32,2,444.81097,688.244,428.86407,709.13794,420.63687,728.7302,14.573500220983004,428.7605733326045,707.9606439060384,-0.6440549459463796,1.104042763173993,1.278169470889858,-0.0437914253972167,0.07884815853026339,0.09019268840617593,2.0988910495474937
33,2,444.2658,688.6466,428.0866,710.3193,419.71863,732.36127,15.953597880430504,428.0787229055274,709.1062194094247,-0.6818504270771086,1.1455755033863397,1.3331403672772424,-0.03779548113072906,0.04153274021234665,0.05615573793878567,2.107681445895366
34,2,442.53708,689.2221,427.3016,710.7927,419.4966,730.8304,13.952106836547571,427.3650729415858,710.2560122347054,-0.7136499639415774,1.149792825280656,1.3532626545134125,-0.03179953686446879,0.004217321894316228,0.03207797295271303,2.126280927971549
35,2,440.29724,690.95197,426.09027,712.05884,418.96954,731.30334,13.6392111006241,426.6256193850462,711.3727069635627,-0.7394535565396154,1.1166947288572828,1.3393276969198862,-0.025803592598037994,-0.033098096423373136,0.04196795655993304,2.1556867401061326
36,2,437.71817,694.78107,425.674,712.5678,421.2006,729.0384,18.908563552886665,425.87529367468585,712.4264137303284,-0.7503257103603573,1.0537067667656856,1.2935558055049539,-0.010872153820741914,-0.06298796209159718,0.06391937966809719,2.189585130786932
37,2,437.03964,695.68274,424.9666,712.78046,420.59683,728.39514,19.59234652647472,425.16476922732556,713.4169448799335,-0.7105244473602852,0.9905311496050899,1.219014745043972,0.03980126300007214,-0.06317561716059572,0.07466792577822869,2.193049882337989
38,2,436.46082,695.9431,424.77036,714.377,419.10907,728.4344,10.4461728437324,424.55365495429714,714.3515383099583,-0.61111427302842,0.9345934300248473,1.1166581993361546,0.09941017433186516,-0.05593771958024263,0.11406757309827226,2.1498960452762628
39,2,436.9698,695.5543,424.77737,715.8608,416.838,731.46747,4.018343710740165,424.10155976693244,715.2374319179839,-0.452095187364705,0.8858936080256399,0.994584105633613,0.15901908566371503,-0.048699821999207416,0.16630917674042653,2.042671148644666
40,2,436.35675,695.2268,425.1119,715.36304,417.64627,732.1159,5.161334452384638,423.84026351808103,716.0818636015907,-0.26129624885140856,0.8444316836067856,0.8839347249332428,0.19079893851329643,-0.04146192441885432,0.19525195546860846,1.8708859435351453
41,2,436.11874,695.92035,424.99496,716.5336,417.51138,733.29144,4.288889256841336,423.69022982666326,716.8920712583592,-0.15003369141777512,0.8102076567685117,0.8239821330870996,0.11126255743363345,-0.03422402683827386,0.11640721927655291,1.7539014595863935
42,2,434.8306,697.17224,424.67245,717.37885,418.02686,731.6881,1.7778424027403126,423.5440932531172,717.6752927858704,-0.14613657354607312,0.7832215275111594,0.7967382627216423,0.003897117871701994,-0.02698612925735233,0.027266072324419344,1.7552592002007694
43,2,434.6698,696.62634,424.26178,717.6105,416.3953,733.06354,0.5977437454803359,423.3165576617413,718.437757226212,-0.22753559137589718,0.7624644403416596,0.7956911889221217,-0.08139901782982406,-0.020757087169499755,0.08400390926273746,1.8608040981742817
44,2,434.4987,696.84045,423.65643,718.83966,415.96875,734.508,0.1008705554594338,423.0106041322754,719.1816581995018,-0.3059535294659099,0.743900973289783,0.8043607525570438,-0.07841793809001274,-0.018563467051876614,0.08058520536224488,1.9609910892260745
45,2,433.8434,698.2797,422.9827,719.5992,417.07034,733.99097,4.661948334367106,422.6512830483193,719.9081804703646,-0.359321083956047,0.7265222708628016,0.81052220909423,-0.05336755449013708,-0.017378702426981363,0.056125886810840846,2.030095997839727
46,2,432.40207,702.1071,422.76123,720.0283,420.8734,728.8317,16.175053847293825,422.26364479347325,720.6185088034258,-0.38763825484608105,0.7103283330611703,0.8092155197285678,-0.02831717089003405,-0.016193937801631364,0.032620634401226735,2.07034530862654
47,2,429.0208,710.06305,422.38507,720.6114,423.3729,721.9135,69.35800082505106,421.87273975133684,721.3138279633098,-0.39090504213641,0.6953191598839794,0.7976687821830759,-0.003266787290328921,-0.01500917317719086,0.01536057221144968,2.082954160638569
48,2,430.84866,707.49347,421.5581,721.60864,420.17886,729.09705,22.9167879774028,421.50361830551043,721.995322714642,-0.3691214458264085,0.6814947513322522,0.7750391847270605,0.021783596310001485,-0.013824408551727174,0.02579998720934136,2.0671946377105503
49,2,430.38113,708.413,421.29807,722.0555,418.86774,730.128,16.9003779380345,421.18133083959367,722.6641778220475,-0.3222874659167587,0.6688551074054203,0.7424529381646774,0.04683397990964977,-0.012639643926831923,0.04850961010742694,2.0198183465018538
50,2,430.07788,708.10596,421.27313,722.6054,415.8233,732.8422,3.2383355420436164,420.92341892279967,723.3437780162699,-0.2579119167940007,0.6796001942224166,0.7268940643666737,0.064375549122758,0.010745086816996263,0.06526613375680695,1.9335110398230995
51,2,428.8173,709.8333,420.6489,725.29895,413.21506,735.6279,7.901421493030448,420.71738886679327,724.1463078925299,-0.2060300560063979,0.802529876259996,0.8285545161713161,0.05188186078760282,0.12292968203757937,0.13342951024658886,1.8220949884822393
52,2,428.88278,710.84265,421.21103,725.6067,414.9994,735.7908,3.923011351654552,420.54323816885204,725.152315768375,-0.17415069794122928,1.006007875845171,1.0209702796144118,0.03187935806516862,0.20347799958517498,0.20596016553166707,1.742208218923262
53,2,425.73685,718.8133,421.0969,726.77203,418.55374,729.51196,12.624685151674113,420.38096432625383,726.2270049861885,-0.16227384259821065,1.074689217813443,1.086871526389416,0.011876855343018633,0.06868134196827214,0.06970069172828725,1.7206602781177867
54,2,426.64255,717.31146,420.59766,728.00134,417.19543,732.0446,10.591803424175362,420.2105648362763,727.2190531992363,-0.17039948997751253,0.9920482130478376,1.0065761984052695,-0.008125647379301881,-0.08264100476560543,0.08303951959158708,1.7409017281944235
55,2,426.9935,715.7355,420.54114,728.2832,418.67343,732.9672,5.47425076050527,420.0120371961972,728.1263802794814,-0.19852764007913493,0.9073270802450679,0.928792578793258,-0.028128150101622396,-0.08472113280276972,0.08926848924185926,1.7862064493306964
56,2,428.564,712.70685,420.0801,728.9345,417.15656,738.5415,10.674958043007354,419.76537890329433,728.98421665356,-0.24665829290285046,0.8578363740786017,0.8925937251348293,-0.048130652823715536,-0.049490706166466225,0.06903542379164869,1.8507788118592605
57,2,419.59708,730.3677,419.6677,729.9119,424.3911,720.9836,19.072616003061537,419.45668878002203,729.8401430558386,-0.3086901232722994,0.8559264022785555,0.9098898825261105,-0.062031830369448926,-0.0019099718000461507,0.062061227600338824,1.9169274883712915
58,2,422.35736,723.4064,419.2705,731.10425,423.26962,728.28564,147.0272530888771,419.0964709495424,730.7911414516047,-0.3602178304796553,0.9509983957661916,1.0169340362802985,-0.05152770720735589,0.09507199348763606,0.10813782204094971,1.9328756103195837
59,2,422.99466,719.37946,418.40784,732.21985,421.3492,734.88354,67.49381235384651,418.7013308601937,731.8857303020393,-0.39514008934867206,1.0945888504345476,1.1637269618368824,-0.03492225886901679,0.14359045466835596,0.1477761240403192,1.9172316521638495
60,2,426.37488,715.45624,417.18765,734.1518,414.95282,747.8392,16.896829835165082,418.28787396031464,732.929172820971,-0.41345689987906553,1.0434425189316698,1.1223719964308072,-0.018316810530393468,-0.05114633150287773,0.054327274680482505,1.9480598084944145
61,2,425.04633,717.4039,417.3177,733.41437,417.2787,742.6894,25.526761770382524,417.8727056982439,733.7352406075026,-0.415168262070722,0.8060677865316848,0.906702797125339,-0.0017113621916564625,-0.23737473239998508,0.237380901385338,2.046414306503899
62,2,424.28217,717.7822,417.54584,732.7249,415.8935,742.3953,14.570093175469244,417.47243152231994,734.3949940491814,-0.4002741759239825,0.6597534416787312,0.7716825900061205,0.014894086146739483,-0.14631434485295358,0.14707046376446742,2.1161296920884904
63,2,427.1372,715.0052,416.88177,734.4398,413.437,750.51434,15.724570544734735,417.1036568808813,735.0688157306649,-0.3687746414386197,0.6738216814835596,0.7681343597350102,0.0314995344853628,0.014068239804828409,0.034498348424246615,2.0715551420646623
64,2,427.7986,714.9772,416.89117,736.06366,415.74747,755.2187,23.934302011793868,416.77976400002734,735.8812727359839,-0.3238928808539754,0.8124570053189473,0.8746387732999946,0.044881760584644326,0.13863532383538768,0.14571933793467545,1.9501456928598264
65,2,427.97528,715.1279,416.86465,736.7499,415.5494,756.64246,23.41400896932908,416.5012422169001,736.8136701466611,-0.2785217831272462,0.9323974106772539,0.9731080695966037,0.045371097726729204,0.11994040535830663,0.12823508625350288,1.861074485640105
66,2,427.4995,715.5251,416.33423,738.88403,417.00098,759.2438,27.42288082478658,416.2653576464021,737.8114975435924,-0.23588457049800127,0.9978273969312568,1.0253297248522713,0.042637212629244914,0.06542998625400287,0.07809619070089428,1.8029328709131385
67,2,426.96487,716.1606,416.32425,740.1246,416.3095,760.1109,23.9001945985252,416.0693764034361,738.8202445076731,-0.19598124296601327,1.0087469640807285,1.027608429868396,0.039903327531988,0.010919567149471732,0.041370430199079794,1.7626876841945283
68,2,426.78348,716.7796,416.1259,739.16113,416.1244,758.78033,25.45839547313333,415.91056460290474,739.7854006197988,-0.15881180053133903,0.9651561121256691,0.9781347089034019,0.03716944243467424,-0.043590851955059406,0.057286384290444345,1.733880162051402
69,2,427.09302,717.3935,416.88785,739.8782,418.2272,762.4826,27.80287825114779,415.7861883597107,740.6524554608652,-0.1243762431940354,0.8670548410664196,0.875930104110925,0.034435557337303635,-0.09810127105924948,0.10396954839072384,1.7132711985598863
70,2,427.35953,717.324,416.7796,740.9975,418.46445,764.7717,28.134014954540923,415.6935137887567,741.3668986117681,-0.09267457095398868,0.7144431509028664,0.7204287556542435,0.03170167224004672,-0.15261169016355325,0.15586957367424767,1.6997918522240598
71,2,426.861,716.92676,416.3948,740.73145,417.57422,762.0814,26.895536993920384,415.63454800763856,741.8797356480994,-0.058965781118160976,0.5128370363313479,0.5162158358438795,0.0337087898358277,-0.20160611457151845,0.20440476497582002,1.6852731886375314
72,2,426.78888,716.6229,416.3661,740.5627,416.89114,760.855,25.009311547185067,415.63026214472467,742.1640361242391,-0.004285862913889105,0.28430047613971965,0.2843327792467621,0.05467991820427187,-0.22853656019162827,0.23498692048505082,1.5858703018692781
73,2,426.6465,716.3021,416.0366,739.7947,414.21088,756.9987,18.24769206243907,415.7063683310768,742.1983855892632,0.07610618635214905,0.03434946502409275,0.08349872662807147,0.08039204926603816,-0.2499510111156269,0.2625612110402398,0.4239644252316469
74,2,426.2794,716.32855,416.70172,738.5797,411.49454,753.8662,4.47785310847472,415.8885786977564,741.9613695922479,0.1822103666795556,-0.2370159970153054,0.2989601989674501,0.10610418032740654,-0.27136546203939815,0.29137143145958366,-0.9153913619240469
75,2,416.74185,737.7758,417.86612,737.9643,423.80624,723.7874,76.7830651843685,416.18672965380176,741.4868094337454,0.2981509560453901,-0.474560158502527,0.560447443235067,0.11594058936583451,-0.23754416148722157,0.26432829761333587,-1.009850448338762
76,2,419.72586,729.6202,418.19846,737.90717,419.89343,731.7737,174.99515812396595,416.5471547201572,741.0294694202116,0.3604250663554467,-0.4573400135337806,0.5822938402871928,0.062274110310056585,0.017220144968746354,0.06461113067927024,-0.9033599215153728
77,2,417.98654,731.995,418.34558,738.732,421.52325,728.46533,159.75138444619233,416.9003116957436,740.7834141859028,0.35315697558638703,-0.24605523430886933,0.43042191828032705,-0.007268090769059654,0.2112847792249113,0.21140975160939665,-0.6085282934234134
78,2,415.40894,734.9487,418.22955,739.1297,421.57,726.7704,130.87068766401012,417.1811341101986,740.5332671843021,0.28082241445503087,-0.2501470016006806,0.3760781180422015,-0.07233456113135617,-0.004091767291811266,0.07245019871357317,-0.7276898432973732
79,2,423.2062,720.4745,417.391,737.9572,413.8958,740.51196,35.43713056148539,417.34245841602757,740.164918500929,0.1613243058289413,-0.3683486833730285,0.40212719902268906,-0.11949810862608956,-0.11820168177234791,0.1680816335565076,-1.1579945754196206
80,2,423.16757,720.0841,416.887,737.5081,413.95883,739.3553,37.93313394303159,417.34159679645217,739.662737482576,-0.0008616195754029832,-0.5021810183530988,0.5021817575165869,-0.1621859254043443,-0.1338323349800703,0.21027450697952257,-1.5725120800759491
81,2,423.78476,718.28314,416.61157,737.613,411.02396,742.25793,29.90382948122354,417.13586143469445,739.1878084654101,-0.20573536175771778,-0.4749290171658913,0.5175757050168974,-0.2048737421823148,0.027252001187207497,0.20667830511326812,-1.9795850020315175
82,2,424.013,717.7801,415.09332,738.03687,405.94867,744.97375,29.051653566415432,416.70273187813757,738.9032596439525,-0.433129556556878,-0.2845488214575198,0.5182366684788151,-0.22739419479916023,0.1903801957083715,0.29656826995873353,-2.560340143471198
83,2,412.08005,732.9288,413.61545,738.2876,416.4718,727.4906,149.19386639285142,416.1003571308081,738.8036796567617,-0.6023747473294634,-0.09957998719085026,0.6105501699853705,-0.16924519077258537,0.18496883426666955,0.25071378950831463,-2.977761974943301
84,2,406.29166,742.9462,413.36978,739.08527,417.11945,724.3583,47.10383693651331,415.40705356089404,738.8415222534043,-0.6933035699140646,0.03784259664257661,0.6943355832565684,-0.09092882258460122,0.13742258383342687,0.1647817263050643,3.087063752004415
85,2,414.12668,734.35767,412.85632,740.1157,408.2148,734.44507,128.25777189581058,414.6870727977491,738.9756747851516,-0.7199807631449175,0.13415253174730424,0.7323723104220621,-0.026677193230852936,0.09630993510472763,0.09993636094311777,2.957377198649594
86,2,416.21124,727.942,412.57706,740.113,404.06958,743.8769,49.50887027052389,413.94840751539044,739.1907590100938,-0.7386652823586815,0.21508422494218848,0.7693423315930383,-0.018684519213763906,0.08093169319488425,0.08306052143852931,2.858247529330493
87,2,414.42938,729.138,411.34927,740.6336,401.88098,744.21643,54.27383821743758,413.1849856490014,739.4778302880248,-0.7634218663890238,0.28707127793109066,0.8156119571793256,-0.02475658403034231,0.07198705298890218,0.07612505665599474,2.781917263185174
88,2,405.1895,739.3492,411.25198,740.0856,408.82828,734.5039,120.39736396503578,412.3907351337647,739.8279439787386,-0.7942505152367403,0.3501136907137834,0.8679939385612403,-0.030828648847716522,0.06304241278269274,0.07017657300865605,2.726407234720472
89,2,404.94153,736.9857,410.15686,741.3198,406.8895,737.6171,171.15373329340198,411.5595839048635,740.2321554420298,-0.8311512289012057,0.4042114632911762,0.9242290151039289,-0.03690071366446546,0.05409777257739279,0.0654845910637165,2.688942979669618
90,2,409.66885,731.22095,409.07623,741.9339,400.97543,744.1173,71.74924061739719,410.6854598974808,740.6815200376919,-0.8741240073826475,0.44936459566213216,0.9828638360003333,-0.042972778481441765,0.04515313237095597,0.06233349864498331,2.666749187888591
91,2,408.76434,731.42596,407.9763,742.68427,402.62024,743.3202,79.22491035723223,409.7622910467998,741.1670931255192,-0.9231688506810087,0.48557308782721975,1.0430829068150602,-0.04904484329836123,0.03620849216508759,0.06096270629680098,2.657373692839502
92,2,411.53058,729.08673,406.6726,743.2322,398.63718,746.6177,48.19926346780394,408.78584429631906,741.6817697381622,-0.9764467504807612,0.5146766126430293,1.103784522507061,-0.053277899799752504,0.02910352481580958,0.06070872889277877,2.65650761120616
93,2,412.59015,731.90375,407.5501,742.8293,400.56354,745.43665,44.77036738317248,407.75924262280023,742.2258035996973,-1.026601673518826,0.5440338615351266,1.1618450148657846,-0.05015492303806468,0.029357248892097232,0.05811509586559017,2.6542835253512638
94,2,408.40143,732.90576,405.12952,743.5212,400.90543,745.64594,46.16670629269582,406.68744801132055,742.8012881070574,-1.0717946114796746,0.5754845073601018,1.2165221360124794,-0.04519293796084867,0.031450645824975254,0.055059465710640076,2.6488351174527267
95,2,404.66663,736.33514,404.33655,744.4196,402.9889,744.1665,98.2991909770975,405.5754224469571,743.410316657175,-1.1120255643634778,0.609028550117614,1.267878791784244,-0.040230952883803184,0.033544042757512216,0.05238064885486433,2.6405362589266845
96,2,408.41003,735.3192,402.74295,745.4049,397.29166,748.21576,33.39165447323949,404.428127914787,744.054982646983,-1.147294532170065,0.6446659898080043,1.316008731719688,-0.03526896780658717,0.03563743969039024,0.05013907854985255,2.629658306713148
97,2,409.74747,735.10803,402.2776,745.79694,394.28674,750.1438,26.507125461497832,403.2505263998877,744.7373794734142,-1.1776015148993224,0.6823968264311588,1.3610329741106555,-0.03030698272925747,0.03773083662315457,0.04839554973791178,2.6163978618294093
98,2,409.07654,735.8929,401.0296,746.5033,393.43597,750.0543,27.761020058182066,402.0475798873364,745.4596005334013,-1.202946512551307,0.7222210599870778,1.4030978481731806,-0.025344997651984613,0.03982423355591891,0.047205280258626615,2.6008962125263673
99,2,409.53995,735.3403,399.08838,746.89056,387.84445,751.44434,25.8109791475505,400.8224968776516,746.2163454029454,-1.2250830096847949,0.7567448695441499,1.4399622141569366,-0.022136497133487865,0.03452380955707213,0.04101119276092688,2.588253452341778
100,2,407.72543,736.1793,398.33267,747.7513,388.49246,751.09326,32.17559042278943,399.571471933119,746.9727383743217,-1.2510249445325599,0.7563929713762718,1.4619144089139144,-0.02594193484776497,-0.00035189816787806194,0.02594432145896744,2.597784030418055
101,2,405.11572,737.6212,397.4174,748.89246,387.84378,750.95215,43.5249617447777,398.28894613146565,747.6865099188736,-1.282525801653378,0.7137715445519461,1.4677677778581701,-0.03150085712081818,-0.04262142682432568,0.052998962479350015,2.6337453933992374
102,2,409.50842,735.68066,396.76874,748.24146,386.84628,753.0369,18.800637017587515,396.9693605504185,748.3153905079445,-1.3195855810471357,0.6288805890708318,1.4617786771661376,-0.03705977939375771,-0.08489095548111436,0.09262775810312224,2.6968606046469974
103,2,411.7712,735.3327,394.2568,748.8617,378.39844,756.5207,11.90545752373356,395.55515907230273,748.8553589943588,-1.4142014781157854,0.5399684864142955,1.5137806271139216,-0.0946158970686497,-0.08891210265653626,0.12983655100514555,2.7768574386051528
104,2,409.91858,737.30945,390.35223,749.9234,373.84824,757.94214,6.895375170414211,393.78079679783605,749.4553877568653,-1.7743622744666823,0.6000287625065539,1.8730712738403001,-0.3601607963508968,0.06006027609225839,0.3651342711830683,2.815499139656018
105,2,407.64685,737.94617,388.5332,750.7061,371.45474,758.6557,8.76562330026007,391.5940253963235,750.3026975556938,-2.1867714015125443,0.847309798828519,2.3451872116451518,-0.4124091270458621,0.24728103632196508,0.48086297320046906,2.771933858475425
106,2,404.1112,739.6806,388.5352,753.5554,369.0575,759.81537,23.87710461844494,389.7710895122668,751.4587262486382,-1.822935884056676,1.1560286929443464,2.15858693971128,0.3638355174558683,0.3087188941158274,0.4771620682184187,2.576435165410845
107,2,401.89352,741.27026,388.0984,753.637,371.9941,761.74475,15.151825223573796,388.4227992311264,752.4817800837506,-1.3482902811404074,1.0230538351123641,1.6924910137887867,0.47464560291626867,-0.13297485783198226,0.49292064390039914,2.492496862919022
108,2,402.9518,740.94934,388.78262,752.3946,373.52457,760.86145,9.903414897098497,387.4272825576043,752.9837069456728,-0.9955166735221042,0.501926861922243,1.114891932870458,0.35277360761830323,-0.5211269731901211,0.6293032181852638,2.6746008198346987
109,2,402.36368,741.09515,388.29535,752.7125,372.29248,761.0823,11.938982983534796,386.662667496403,753.2936528751454,-0.7646150612013116,0.309945929472633,0.8250470719980405,0.23090161232079254,-0.19198093244961,0.3002869177912406,2.7564723824884534
110,2,400.62808,741.896,388.569,752.5721,374.7167,760.30273,12.354030251228457,386.0073323188788,753.8048667148531,-0.6553351775241936,0.5112138397076933,0.8311460670720576,0.10927988367711805,0.2012679102350603,0.2290215375611489,2.4791166470776034
111,2,370.36774,762.52686,387.04642,753.8222,401.89584,741.29694,12.58695740755364,385.34065636300454,754.4497103591517,-0.6666759558742683,0.6448436442985894,0.9275128870981552,-0.011340778350074743,0.13362980459089613,0.1341101708618202,2.3728395294797644
112,2,368.70572,763.8533,385.3499,755.40375,402.02316,741.0229,13.863233490618647,384.54226923340684,755.0453239653156,-0.7983871295976996,0.5956136061638517,0.9960811094257144,-0.13171117372343133,-0.0492300381347377,0.14061091685339241,2.5006429390160547
113,2,369.82217,763.9964,384.20328,755.224,402.02246,741.4209,6.379103131510935,383.60701083495434,755.4464967419942,-0.935258398452504,0.40117277667866347,1.0176678577139064,-0.13687126885480438,-0.19444082948518826,0.23778347379246564,2.7363867849084897
114,2,370.5195,763.871,384.62067,754.948,401.8581,741.73474,5.146850602470996,382.9905622734824,755.658614103339,-0.616448561471941,0.21211736134478087,0.6519222376362827,0.318809836980563,-0.1890554153338826,0.3706503233812699,2.8101873522067424
115,2,373.97552,761.5664,386.66058,753.26874,400.3682,742.4468,5.10073369299578,383.0317473199701,755.7247105148771,0.04118504648772614,0.06609641153806933,0.07787774824945819,0.6576336079596672,-0.14602094980671154,0.6736498200849633,1.0135604113506644
116,2,376.41965,759.9799,386.27844,753.34705,395.9067,745.2304,6.198749536668609,383.14111920500363,755.687820442135,0.10937188503351081,-0.03689007274203959,0.11542567609806961,0.06818683854578467,-0.10298648428010893,0.12351380852052951,-0.325307560815818
117,2,382.171,756.92566,384.1384,753.74884,388.0506,749.48785,10.786438825288927,382.68634511471737,755.6043871830386,-0.45477409028626425,-0.08343325909640953,0.4623641226556704,-0.5641459753197751,-0.046543186354369936,0.5660626729130953,-2.9601494737654384
118,2,375.76807,759.4972,380.95706,755.16095,388.75943,749.50745,3.957601070186775,381.79181859783,755.5844893651071,-0.8945265168873675,-0.019897817931564532,0.8947477927176369,-0.43975242660110325,0.063535441164845,0.4443185219924668,-3.1193523546652133
119,2,370.98615,761.3522,379.73257,755.3931,390.12567,749.839,6.1467257558096895,380.84807828272665,755.7516144482589,-0.943740315103355,0.16712508315185914,0.9584240062570927,-0.04921379821598748,0.18702290108342368,0.19338966741918764,2.966321754631533
120,2,375.13803,758.57916,382.0789,755.88477,387.16675,751.73456,17.988498512217316,380.3114745002511,756.1888813765449,-0.5366037824755381,0.43726692828602154,0.6922037170802735,0.4071365326278169,0.2701418451341624,0.48860697159648797,2.457845020959429
121,2,366.37903,764.7618,379.176,758.1957,390.8472,749.5154,9.477265590217383,379.7471520557729,756.8179350305468,-0.5643224444781936,0.6290536540018365,0.8450848010436031,-0.027718662002655492,0.191786725715815,0.19377944262488403,2.3020055071039476
122,2,364.494,766.4358,378.15652,758.6199,392.04843,748.96204,5.034933215714822,378.63636921054984,757.5200517749785,-1.1107828452230706,0.7021167444316916,1.3140800782498825,-0.546460400744877,0.07306309042985504,0.5513231219216302,2.577909852976759
123,2,356.67667,769.8257,374.1431,759.4933,394.5695,747.0664,0.7088640700546367,377.09300706388836,758.1765079745547,-1.5433621466614795,0.6564561995762688,1.677170670417787,-0.43257930143840895,-0.04566054485542281,0.43498245641569955,2.739432662452871
124,2,354.8482,768.9364,372.9785,759.3772,393.32132,747.8341,1.7711149004434026,375.62784650022604,758.6899961352651,-1.465160563662323,0.5134881607103807,1.5525352068475053,0.07820158299915647,-0.14296803886588805,0.16295811646166028,2.804503236906727
125,2,363.1275,766.3703,377.21176,757.2498,391.4725,748.8133,2.317395542824573,375.01876179682336,759.0488733282024,-0.6090847034026865,0.35887719293725695,0.7069490897721445,0.8560758602596366,-0.15461096777312378,0.8699255312238046,2.6091467121860936
126,2,357.38214,769.9002,373.5179,759.0208,392.73502,748.19867,4.6033435852339375,374.1789559065201,759.2629127657348,-0.8398058903032393,0.21403943753239218,0.8666526491087413,-0.23072118690055277,-0.14483775540486477,0.27241556760860647,2.8920378521573378
127,2,357.76663,769.55255,374.58804,759.21277,391.00424,748.3076,2.017709079864713,373.63897032477973,759.3624527987454,-0.5399855817403818,0.0995400330106122,0.5490834605588227,0.29982030856285746,-0.11449940452177998,0.3209397623582489,2.9593007499094535
128,2,362.04883,767.79346,376.9952,757.9035,387.58295,750.8717,0.0989117169384299,373.4284887776728,759.4600923321761,-0.21048154710695144,0.09763953343076537,0.2320257747775306,0.32950403463343036,-0.0019004995798468372,0.32950951539881496,2.707250965992141
129,2,359.38684,767.13385,374.33344,760.288,383.42877,755.0296,5.425455741369517,373.2899514892803,759.6889954094836,-0.13853728839245605,0.22890307730745008,0.2675615799698361,0.07194425871449539,0.1312635438766847,0.1496866537572558,2.115047040697857
130,2,365.4632,760.7284,374.09286,759.88324,376.01578,759.40186,8.461183128268676,372.9657986836835,760.1823260741241,-0.3241528055968388,0.49333066464055264,0.590296693240773,-0.18561551720438274,0.26442758733310257,0.32307130663346767,2.1521256617049582
131,2,361.29697,766.11993,372.19775,761.73285,379.75937,757.5588,6.976426461659748,372.0843118840038,761.0318052276749,-0.881486799679692,0.8494791535507602,1.2241869997377286,-0.5573339940828532,0.35614848891020756,0.6614098027043219,2.374683587999041
132,2,347.50052,775.29584,365.62793,765.9907,384.82953,754.60596,3.491773235791617,370.3294186523259,762.1633812041953,-1.7548932316778973,1.1315759765203666,2.088088706263916,-0.8734064319982053,0.28209682296960636,0.9178329984182204,2.568873279089834
133,2,346.3031,776.0157,367.05835,766.5076,385.4069,754.07605,9.505886490794824,368.84911631113454,763.4615591958648,-1.4803023411913614,1.2981779916694904,1.96889845329607,0.27459089048653595,0.16660201514912387,0.32117968271660285,2.421649041507209
134,2,343.91592,777.2136,365.92197,767.5408,385.27722,754.0492,11.150335944917176,367.5323753007175,764.8152242359885,-1.3167410104170472,1.3536650401237011,1.888442725996001,0.16356133077431423,0.05548704845421071,0.1727168824140378,2.342368249494112
135,2,346.92764,777.54364,365.70062,766.9717,385.15363,753.8959,4.522033640845912,366.2463588090884,766.1307807223709,-1.2860164916290842,1.3155564863824338,1.8397084784293605,0.030724518787963007,-0.038108553741267315,0.0489515875432345,2.344840311168406
136,2,344.90582,783.296,362.60904,769.641,384.41702,754.2126,2.365957427186645,364.97050193865397,767.3190128939416,-1.2758568704344384,1.1882321715706894,1.7434753933997336,0.010159621194645752,-0.12732431481174444,0.12772900627930564,2.391740198864047
137,2,347.78256,782.0444,362.97778,768.9745,383.96466,754.4126,5.944749253710734,363.6842397918211,768.2907049896298,-1.2862621468328825,0.9716920956882404,1.6120346892043425,-0.01040527639844413,-0.21654007588244895,0.21678993113174044,2.494619907535919
138,2,346.7961,779.03534,362.38333,768.2203,382.32568,755.7406,2.716709183903669,362.3786903274232,768.9981368072893,-1.3055494643978705,0.7074318176594261,1.484897026943783,-0.019287317564987916,-0.26426027802881435,0.2649631958644803,2.645016418389144
139,2,344.11246,778.7305,360.4683,769.2621,379.99414,757.42114,1.1670106287175266,361.0917029299996,769.5595703804707,-1.2869873974236157,0.561433573181489,1.4041168819662222,0.018562066974254776,-0.14599824447793708,0.14717349530739632,2.730241455848849
140,2,346.47003,776.23615,359.82733,768.0835,377.06,759.88446,5.953480967808497,359.8728098405164,770.1347633016484,-1.2188930894831742,0.5751929211776314,1.3477934783054466,0.06809430794044147,0.013759347996142424,0.0694705292276273,2.7006785062874523
141,2,343.39667,784.0643,357.72617,771.7186,375.798,760.0484,7.893567342907255,358.76040195946774,770.8347168174163,-1.1124078810486822,0.699953515767902,1.3143006574049432,0.10648520843449205,0.12476059459027056,0.1640253199291349,2.57996176207892
142,2,343.39822,782.7125,357.66525,771.496,375.28085,760.687,6.64062523420453,357.74830482545974,771.5754067908405,-1.0120971340080018,0.7406899734241961,1.2541779161659432,0.10031074704068033,0.04073645765629408,0.10826682296180301,2.509817663160769
143,2,342.43228,781.46674,358.14645,771.7213,374.1731,760.5657,3.034607250309814,356.8192026366268,772.224052739106,-0.9291021888329283,0.6486459482655391,1.1331250784866773,0.08299494517507355,-0.09204402515865695,0.12393653009512949,2.532114260029532
144,2,342.59802,782.62244,356.60568,771.017,373.519,760.8844,8.716408747004412,355.95577959110324,772.6478741793986,-0.8634230455235752,0.42382144029261326,0.9618336492309421,0.0656791433093531,-0.22482450797292586,0.23422170960677138,2.6852822464273904
145,2,339.80493,782.1648,356.75278,771.60284,374.11914,760.579,0.475189497624518,355.1444249763545,772.8204845792338,-0.8113546147487227,0.17261039983520732,0.8295123031066619,0.05206843077485246,-0.25121104045740594,0.25655040115160227,2.931974317002091
157,2,322.92706,793.5372,339.45007,786.2736,364.8841,767.20264,13.132945048381467,350.96947345203023,776.3695210266858,-4.174951524324285,3.549036447451954,5.47958756986327,-3.3635969095755627,3.3764260476167465,4.765924571909538,2.43705302920864
164,2,349.22885,787.95544,344.10095,787.8316,337.13147,770.08997,67.17007203238472,348.1926096669482,779.7347456544813,-2.776863785082014,3.3652246277955555,4.362993155669826,1.3980877392422713,-0.18381181965639826,1.4101191834965445,2.260694224024723
165,2,348.10297,788.366,342.07806,789.3086,335.63608,770.36176,80.11336877994805,345.9092501325791,782.8021577054947,-2.28335953436914,3.0674120510133207,3.82397011676297,0.4935042507128742,-0.29781257678223483,0.5764015756062347,2.210699177133074
166,2,348.75888,784.5394,341.82437,788.05554,333.5533,770.8312,91.23699949131942,343.40061126157485,785.278873181407,-2.508638871004223,2.4767154759123287,3.5252501377543375,-0.22527933663508293,-0.590696575100992,0.6321971396255956,2.3625978381897754
167,2,344.90598,787.4359,339.05905,790.0262,333.9786,770.23413,99.49753522607634,341.125389780943,787.5020222108408,-2.275221480631842,2.2231490294337846,3.181041400705267,0.23341739037238085,-0.2535664464785441,0.34464419465299106,2.3677698207173505
169,2,330.88345,787.62164,333.92358,786.3163,345.36618,769.7486,32.13129975932388,338.1145550555576,788.6136132419472,-3.0108347253853935,1.1115910311064,3.209479765323771,-0.7356132447535515,-1.1115579983273847,1.332924615086101,2.787919259800602
175,2,317.1583,791.7616,330.22525,783.87634,353.36353,769.8744,0.0685280432555186,334.7736644383272,788.7474203369507,-3.3408906172304,0.1338070950034762,3.3435691192154815,-0.3300558918450065,-0.9777839361029237,1.0319875568254344,3.101562723828362
176,2,318.93726,792.91895,329.03555,783.9047,353.6522,769.93976,12.187462557524988,331.90306764563763,788.9105137941406,-2.8705967926895823,0.16309345718991608,2.8752261514492865,0.4702938245408177,0.029286362186439874,0.4712048094102444,3.084838493584753
177,2,317.73358,793.6829,327.08466,785.4978,353.89594,770.0214,11.201099328440389,328.8564964144995,789.0859514718295,-3.0465712311381594,0.17543767768893304,3.051618364925661,-0.17597443844857708,0.012344220499016956,0.17640686711979323,3.0840708927687523
178,2,319.71054,797.7823,326.58298,783.53503,354.3595,770.17834,38.56760331664172,326.8541468431898,788.6259383594203,-2.002349571309651,-0.4600131124092286,2.0545111022606735,1.0442216598285086,-0.6354507900981616,1.2223733396517544,-2.915774384578855
179,2,322.2174,788.76184,331.74625,774.5686,356.88898,769.59705,44.93897452875256,325.8845895461989,786.4113365097957,-0.9695572969908994,-2.2146018496246143,2.417540631408097,1.0327922743187514,-1.7545887372153857,2.0359866204510237,-1.9834602897024656
180,2,323.9437,791.4915,331.1985,776.82367,355.8614,769.79645,47.778880080586255,325.6022173348397,784.5157549695876,-0.2823722113592453,-1.8955815402080134,1.9164977018836455,0.6871850856316541,0.31902030941660087,0.757626094940537,-1.7186722999452622
181,2,323.85876,789.4207,332.78644,776.1241,356.83362,771.1851,44.51527696097725,325.6614230204253,782.9043572153905,0.0592056855855958,-1.611397754197128,1.6124850496786656,0.3415778969448411,0.28418378601088534,0.4443375787762511,-1.5340710271629476
182,2,323.0307,789.89056,332.1721,774.895,356.74072,770.78577,49.13805059831253,325.77797499577184,781.1565945631976,0.11655197534656736,-1.7477626521929324,1.7516445562264222,0.05734628976097156,-0.1363648979958043,0.1479323573622601,-1.504208530688259
184,2,322.334,792.8784,331.08105,776.7457,357.19135,770.5863,48.26031480619647,326.0895762725669,779.7431837030148,0.3116012767950451,-1.4134108601828075,1.4473512411930305,0.19504930144847776,0.3343517920101249,0.38708571507602935,-1.3538068155423937
185,2,320.95206,792.23175,333.07083,777.40216,357.56238,770.55975,35.13502349729327,326.29022499862293,779.5076127674714,0.20064872605604478,-0.2355709355433646,0.3094407486752347,-0.11095255073900034,1.1778399246394429,1.1830542492168898,-0.8652842671169916
187,2,323.8156,799.6931,328.78128,781.5507,353.6012,771.3583,52.36695424177664,326.38233345518984,779.2094496163774,0.0921084565669048,-0.2981631510940588,0.31206607063485114,-0.10854026948913997,-0.06259221555069416,0.12529475467201207,-1.2711765876714658
192,2,321.6504,797.7053,332.34552,780.1952,349.48615,772.9815,35.7596143149229,326.8647496164832,779.3486507901516,0.48241616129337217,0.13920117377426777,0.5020979181964079,0.39030770472646736,0.43736432486832655,0.5861976262629953,0.28091937048783266
193,2,321.4626,799.3544,331.7239,780.8894,349.67426,772.6241,36.21433468192059,327.3987098296143,779.5203918116295,0.5339602131310812,0.17174102147782833,0.5608997126628231,0.05154405183770905,0.032539847703560554,0.060955975658005444,0.31118660375133844
194,2,320.77646,801.1966,331.5052,781.20795,350.7357,771.6945,35.453878369660416,327.93309383654474,779.7378403722334,0.534384006930452,0.21744856060399798,0.5769316626532088,0.0004237937993707419,0.04570753912616965,0.045709503761851476,0.38645283951199055
195,2,320.256,800.86176,330.79984,782.0255,349.13593,772.4552,33.19974196622746,328.2777899920712,780.0059524724236,0.3446961555264352,0.2681121001901374,0.43669158212984904,-0.18968785140401678,0.05066353958613945,0.19633714680026465,0.6610704457455564
196,2,319.41336,801.67865,330.7897,782.03796,349.33795,771.8342,31.10356895124145,328.4235723549288,780.3533813541252,0.1457823628576307,0.34742888170160313,0.37677489985504664,-0.1989137926688045,0.0793167815114657,0.21414445765236542,1.1735054573384442
198,2,321.89474,803.51996,328.39792,784.4397,345.3788,771.86414,34.65664065125453,328.26237764151784,781.4244996712296,-0.16119471341096414,1.0711183171043785,1.083179664168488,-0.30697707626859483,0.7236894354027754,0.7861051610745236,1.720167390989655
199,2,320.86313,805.6909,327.47577,785.0832,344.92334,771.0974,33.49423627940176,327.99855151307696,782.1921955429291,-0.2638261284408827,0.7676958716995159,0.8117642376161842,-0.10263141502991857,-0.30342244540486263,0.3203098308302607,1.9018116386131523
200,2,320.71497,804.8,327.4359,785.26373,344.44006,771.10876,31.240118241717028,327.5067534011724,783.0266263955857,-0.4917981119045862,0.8344308526566238,0.9685763938575914,-0.2279719834637035,0.06673498095710784,0.2375390134856181,2.1033715227648204
201,2,321.24698,806.5026,324.7602,786.2369,342.8845,770.28375,38.810666781282,326.73078020008734,783.8114777717716,-0.7759732010850371,0.784851376185884,1.1036874972124289,-0.28417508918045087,-0.04957947647073979,0.2884676858815036,2.3505064202571626
202,2,322.84808,799.33057,324.55136,784.8714,340.2367,772.3848,44.75944120563005,325.9377949610578,784.4304352140575,-0.7929852390295196,0.6189574422859323,1.0059492555193068,-0.017012037944482472,-0.16589393389995166,0.16676392517515903,2.4788301274110944
203,2,319.74106,803.4247,324.73914,784.3305,342.08514,770.2604,36.28434610358699,325.4005194126295,784.8261897673991,-0.5372755484283402,0.3957545533415896,0.667298045426161,0.2557096906011793,-0.2232028889443427,0.33942153069664194,2.5067260043405435
204,2,320.80005,805.34644,325.5805,785.8333,342.0883,770.5333,33.40898165331301,325.0905438356319,785.1774544862891,-0.30997557699760137,0.3512647188899791,0.46847813297084845,0.22729997143073888,-0.04448983445161048,0.23161308767413472,2.293833491877891
205,2,320.8592,808.8171,325.4534,787.0322,342.0285,770.43274,33.04927309260171,324.9041756489659,785.7219479276033,-0.186368186665959,0.5444934413142164,0.5755051768970942,0.12360739033164236,0.19322872242423728,0.22938205272928816,1.9005754641543184
206,2,320.40457,810.89404,325.75107,787.9542,342.04913,770.56305,30.022076416733757,324.75481958281443,786.6257043019787,-0.14935606615148345,0.9037563743753481,0.9160146389225013,0.037012120514475555,0.35926293306113166,0.3611644391917139,1.7345774311205926
207,2,318.43088,811.40356,325.91214,789.0656,341.47095,770.6317,21.64909587039672,324.62426961248883,787.7680204350911,-0.13054997032560323,1.1423161331124447,1.149751904856428,0.01880609582588022,0.23855975873709667,0.2392998698890452,1.6845879494991318
208,2,317.2195,811.68274,324.80988,792.2597,339.68347,771.5137,14.292991583829908,324.5114170245828,788.9565088063764,-0.11285258790604757,1.1884883712853025,1.1938342913811293,0.01769738241955565,0.04617223817285776,0.049447678635049196,1.6654672037492448
209,2,316.8675,811.9777,324.74884,791.33734,339.8772,771.2971,16.150234859614727,324.41515310568974,789.9987818952707,-0.09626391889304386,1.0422730888942624,1.0467090970818174,0.01658866901300371,-0.1462152823910401,0.14715329674973168,1.6628946381899636
210,2,315.5379,812.3287,324.9172,791.2705,339.73257,771.0803,12.262714620636824,324.3343691424033,790.7732294706168,-0.08078396328642157,0.7744475753461302,0.7786495332842381,0.015479955606622298,-0.2678255135481322,0.2682725008883761,1.6747321673474205
211,2,316.55627,810.3195,325.1848,791.64386,337.26385,772.99664,8.13590759689481,324.26795642131697,791.4413504588874,-0.06641272108635121,0.6681209882706298,0.6714136612326387,0.014371242200070355,-0.10632658707550036,0.10729340949702848,1.6698731001642915
212,2,318.90796,806.39764,325.78076,792.2193,337.45874,779.0239,15.647709059082636,324.21480622902436,792.2354210759618,-0.053150192292605425,0.7940706170743397,0.7958474023589972,0.013262528793745787,0.12594962880370986,0.1266459776929265,1.6376304728116216
213,2,316.33157,808.412,323.9153,793.7988,336.81638,780.1592,15.978143529919546,324.1730898782631,793.3079009791126,-0.04171635076124858,1.0724799031507928,1.0732909188953241,0.011433841531356848,0.2784092860764531,0.27864397231191723,1.6096738209046517
214,2,341.60062,783.8921,324.82162,797.3579,316.62512,809.6809,17.622143045942092,324.1380987863487,794.4919835911853,-0.034991091914434946,1.184082612072757,1.1845995140664238,0.006725258846813631,0.11160270892196422,0.11180515974353472,1.6003389543760589
215,2,339.19537,782.1775,323.93625,796.23395,316.85086,809.4854,19.21639391115529,324.1044043967403,795.5703040508548,-0.03369438960839943,1.0783204596694986,1.0788467572518914,0.0012967023060355132,-0.10576215240325837,0.1057701012471886,1.602033265252725
216,2,338.32874,781.9437,324.47824,796.45715,316.20157,810.127,12.46751771385646,324.0665781528975,796.4425305945388,-0.03782624384280098,0.8722265436839507,0.8730463723251508,-0.004131854234401544,-0.20609391598554794,0.20613533036738857,1.6141366230906462
217,2,337.87033,781.6447,324.7145,796.0042,315.49103,809.77795,8.68722205338642,324.01919149827967,797.1216353151917,-0.04738665461781011,0.6791047206529583,0.6807559890658328,-0.009560410775009132,-0.19312182303099235,0.1933583201856099,1.6404615326864453
218,2,339.46225,783.3639,324.2091,799.0524,314.583,810.3519,3.765980288116432,323.95681587634635,797.956772634172,-0.06237562193331314,0.8351373189802871,0.8374634677197265,-0.014988967315503032,0.15603259832732874,0.1567508879782272,1.645346967322858
219,2,339.86002,783.71783,324.28177,799.43774,315.16095,810.62787,5.557918205065986,323.874022730557,799.1105034952349,-0.08279314578936692,1.1537308610628543,1.1566977153770706,-0.020417523856053776,0.3185935420825672,0.3192471148454266,1.6424347537884794
220,2,340.67224,784.6847,323.92603,800.29236,316.1639,809.43396,6.680903065525111,323.75901114832635,799.9542180714133,-0.11501158223063612,0.8437145761783995,0.8515174396940386,-0.032218436441269205,-0.31001628488445476,0.31168593895182295,1.7062770248096144
221,2,337.88638,784.5462,322.97226,800.8116,316.6678,809.2625,5.795116283773036,323.57449079289063,800.7542093484193,-0.18452035543572265,0.7999912770060291,0.8209956180491238,-0.06950877320508653,-0.04372329917237039,0.08211696805772094,1.7974847794385427
222,2,317.6057,809.2604,322.0993,802.49854,338.05045,787.4276,13.019191296983234,323.30407613426485,801.899512731634,-0.27041465862578207,1.1453033832146957,1.176793918748192,-0.08589430319005942,0.3453121062086666,0.3558346273408074,1.8026575176530664
223,2,338.47433,788.7661,322.59897,803.58075,317.05508,808.86646,0.6142119740515842,323.0404902937602,803.1045914327352,-0.2635858405046747,1.205078701101229,1.2335688757270025,0.006828818121107361,0.05977531788653323,0.06016412041547075,1.7861341289690373
224,2,337.93036,792.05475,324.12607,805.13074,317.09247,808.2632,19.441979337330725,322.881801627469,804.0049099065634,-0.15868866629119793,0.9003184738281789,0.9141966129479918,0.10489717421347677,-0.3047602272730501,0.3223076376468507,1.7452627089547037
232,2,346.4176,806.0359,331.1109,813.8572,319.94385,803.5533,69.76361560023315,324.78718588426506,807.0512045532176,1.9053842567960828,3.046294646654246,3.593104540683541,2.0640729230872807,2.1459761728260673,2.977517550940596,1.0118547768775716
234,2,348.9842,808.37537,330.712,814.64496,320.2393,802.27124,68.69473025135797,326.1162520911688,809.7427309330501,1.3290662069037467,2.691526379832453,3.001788006450073,-0.5763180498923361,-0.3547682668217931,0.6767592022096517,1.1121238516778649
235,2,349.78702,809.6514,330.7599,814.93146,320.97336,801.6899,69.04212577119743,327.4141752794305,811.7793697244347,1.2979231882616773,2.0366387913845756,2.4150573842457206,-0.031143018642069364,-0.6548875884478775,0.6556276695756647,1.0034102492932397
236,2,351.3788,810.4974,332.81323,815.6314,320.58865,801.8086,63.96918245652569,328.90910294911095,813.9430254990166,1.4949276696804645,2.163655774581912,2.6298697778517317,0.19700448141878724,0.12701698319733623,0.2344015352331074,0.9661857782325364
259,2,336.7597,790.62524,320.92346,804.45325,317.86606,806.43274,8.20630962574584,327.3583347010599,812.9743451417855,-1.5507682480510425,-0.968680357231051,1.8284484662271934,-3.045695917731507,-3.1323361318129628,4.368957915332598,-2.5832483236157016
260,2,338.94775,789.5057,321.321,804.76544,317.10196,805.843,26.55585686781084,326.5233133290574,812.0384549357849,-0.8350213720025295,-0.9358902060006358,1.2542532317633863,0.7157468760485131,0.03279015123041518,0.7164975817062602,-2.299297260331613
261,2,340.25595,786.86194,322.4825,802.85645,315.36453,806.45764,15.148205589652294,325.70332185253284,810.8299873874059,-0.8199914765245353,-1.2084675483789624,1.4604039978916614,0.01502989547799416,-0.27257734237832665,0.27299140157908075,-2.1669727617743897
262,2,340.3571,786.66016,323.39328,801.84326,314.28748,808.1002,7.334999226487914,324.9427133349823,809.2583189537219,-0.7606085175505655,-1.5716684336840672,1.7460432361225762,0.059382958973969835,-0.36320088530510475,0.36802339450490923,-2.0215214726760466
263,2,338.428,784.4293,322.16306,799.733,313.4476,807.7954,0.4849714969668906,324.2929870508408,807.4502383452598,-0.6497262841414795,-1.8080806084620917,1.9212755479110597,0.11088223340908598,-0.23641217477802456,0.26112369878864355,-1.9157726981908128
264,2,339.12778,785.0553,322.2092,799.98267,313.95657,807.34314,0.3064670732398903,323.7961253565966,805.9889703708297,-0.4968616942442168,-1.4612679744300294,1.5434298287586885,0.1528645898972627,0.3468126340320623,0.3790073692802232,-1.8985535938012967
265,2,341.62582,787.8193,323.40555,801.90466,314.92773,807.4171,4.67344716564936,323.4560429369528,804.8432651062196,-0.34008241964374974,-1.1457052646101147,1.1951136370680742,0.15677927460046703,0.31556270981991474,0.3523628311458749,-1.8593445196260012
266,2,341.51462,787.17725,322.8718,800.29504,314.59366,808.0069,7.840046915575853,323.2671375586663,803.8169371132835,-0.18890537828650622,-1.0263279929361033,1.043568105602034,0.15117704135724352,0.11937727167401135,0.1926277000482029,-1.7528185269920347
267,2,342.24396,788.0104,323.69257,800.4659,314.49356,808.54614,7.417963655532154,323.2238069884933,802.8312149062353,-0.043330570172997795,-0.9857222070481839,0.986674114274546,0.14557480811350842,0.04060578588791941,0.15113191127243894,-1.614726241961973
268,2,343.22565,788.7444,324.42786,800.0595,315.25513,808.3556,11.08171393641122,323.3204489931903,801.8692887175964,0.0966420046970029,-0.9619261886389268,0.9667686742242261,0.1399725748700007,0.023796018409257158,0.14198088676956366,-1.4706651483194288
269,2,343.11444,788.53534,324.54236,800.331,315.62216,808.44586,9.872569740901248,323.5514613395142,801.044781700754,0.23101234632389378,-0.8245070168424036,0.8562584452000636,0.13437034162689088,0.1374191717965232,0.19219629935607427,-1.2976185017809772
270,2,347.23837,793.1986,327.22186,799.4439,316.81717,805.4341,12.601539026596868,323.9112417942214,800.5039252393119,0.35978045470716324,-0.5408564614421039,0.6495903997697065,0.12876810838326946,0.2836505554002997,0.31151061509281497,-0.983806287731272
272,2,342.83655,785.5847,327.15778,801.4093,323.68268,811.3161,25.405010126951403,325.0186515527063,800.2308931370162,1.1074097584848914,-0.2730321022957014,1.140571305123698,0.7476293037777282,0.26782435914640246,0.7941532995709026,-0.2417291704294027
273,2,341.7922,783.56805,328.5284,800.44495,326.7009,814.54974,30.781812142127496,325.78801239322746,799.9287852408337,0.7693608405211876,-0.30210789618251965,0.8265502306958097,-0.33804891796370384,-0.029075793886818246,0.33929702728815603,-0.37417483432729803
274,2,341.67868,783.5877,330.20224,798.52527,324.64423,814.0966,17.891418604963068,326.7015819492827,799.2272223672165,0.9135695560552222,-0.7015628736171493,1.1518679609177815,0.14420871553403458,-0.39945497743462965,0.4246886302142743,-0.6548816217264419
275,2,343.1107,784.2689,329.6533,798.25305,324.13675,813.826,24.394241339648136,327.69149439085777,798.5178425537993,0.9899124415750862,-0.7093798134172857,1.2178449661878525,0.07634288551986401,-0.007816939800136424,0.07674204009106103,-0.6217859534996623
276,2,344.36548,785.1145,330.7763,798.1481,323.66284,813.3377,21.10136573958727,328.69208034937463,798.2100619245782,1.000585958516865,-0.30778062922104255,1.0468529868633965,0.010673516941778871,0.4015991841962432,0.40174099705033156,-0.2984149596762366
277,2,345.574,784.48737,330.7124,799.36975,326.94818,814.67365,31.141527642314767,329.71063925355435,798.2117657977573,1.018558904179713,0.0017038731790535167,1.0185603293215322,0.017972945662847906,0.30948450240009606,0.3100059418811755,0.0016728257764170658
278,2,341.74677,785.22644,334.01785,801.39233,340.3108,821.4748,42.95110471814598,330.7727127314424,798.3054567900922,1.0620734778880774,0.09369099233492761,1.0661979527639227,0.043514573708364424,0.0919871191558741,0.10176024870064763,0.08798740477530358
279,2,342.78055,783.7566,334.11032,799.34454,335.38477,819.335,32.73119668152326,331.8453757916446,798.296918723146,1.07266306020216,-0.008538066946243816,1.0726970398530247,0.01058958231408269,-0.10222905928117143,0.10277606635350467,-0.007959523316616193
280,2,347.1903,784.1616,332.05515,798.109,328.2327,814.9276,34.534353114857176,332.66183696500605,798.0850602377125,0.8164611733614606,-0.2118584854334813,0.8435003648232416,-0.25620188684069944,-0.20332041848723748,0.32707583126021395,-0.2538845265409761
281,2,347.94766,786.3186,331.85727,797.20135,326.51462,812.9664,37.206351221303,333.0412984863448,797.7266648424448,0.379461521338726,-0.3583953952676211,0.5219562295113784,-0.4369996520227346,-0.1465369098341398,0.46091405035183075,-0.7568554953790023
282,2,346.09317,789.1807,332.89755,799.21136,330.1322,813.2768,41.636909167082784,333.38080388412965,797.816890698206,0.3395053977848761,0.09022585576110487,0.35128993747742143,-0.03995612355384992,0.44862125102872596,0.45039706780132316,0.2597527049642555
283,2,332.2492,799.91833,334.7755,803.81573,349.82346,811.3093,30.576127504310428,333.97664059517416,798.6456465161076,0.5958367110445124,0.8287558179016514,1.020714255771015,0.2563313132596363,0.7385299621405466,0.7817494785010904,0.9474629752828114
284,2,331.59067,809.4709,331.32407,797.77484,346.88834,785.02826,51.9895354874509,334.14423039601894,798.7434685560492,0.16758980084478026,0.0978220399415477,0.19405023278913855,-0.42824691019973216,-0.7309337779601037,0.8471479232451955,0.5283474155092247
285,2,335.326,816.2676,331.59598,797.42926,346.84915,780.4829,53.18971348903519,333.82818047150715,798.1745931450171,-0.3160499245117876,-0.5688754110320815,0.6507739915368671,-0.48363972535656785,-0.6666974509736292,0.8236460860574225,-2.077905616868075
0,3,596.4235,546.7371,579.29376,563.8754,562.5735,572.51373,17.691758391593023,579.3388596516786,563.8560717234961,,,,,,,
1,3,596.22656,547.4104,578.724,564.1103,562.1744,571.5401,19.478328972648427,578.6847605800765,564.1009687677927,-0.6540990716021042,0.24489704429652193,0.6984412343038656,,,,2.783344960892939
2,3,593.70123,549.2623,578.1085,564.5363,562.4917,571.3673,20.78322417396789,578.1537653338024,564.5703152728996,-0.5309952462740739,0.4693465051069552,0.7086904073160419,0.12310382532803033,0.22444946081043327,0.25599240666177664,2.417744327279312
3,3,593.5724,549.69714,577.59576,565.46356,562.2787,571.57465,22.869979591212456,577.8243100756029,565.0429096542795,-0.3294552581995731,0.47259438137984944,0.5760956660721811,0.2015399880745008,0.0032478762728942456,0.20156615661701235,2.179587163495203
4,3,593.4809,549.36743,578.5073,564.8738,563.50183,570.94415,23.97591189073516,577.7748309682243,565.2975503273944,-0.04947910737860184,0.2546406731149773,0.25940326611558295,0.27997615082097127,-0.21795370826487215,0.35481046204267463,1.7627143333317647
5,3,593.36127,549.18115,578.3477,564.7351,563.5605,570.62854,24.283144822817462,578.0533771003741,565.1750922772902,0.2785461321498133,-0.12245805010422828,0.3042760617777069,0.3280252395284151,-0.37709872321920557,0.49980396639205366,-0.4141992947820136
6,3,594.46796,548.1936,579.68726,564.139,565.48883,570.18634,24.100737350756415,578.5864492646048,564.7646167673478,0.5330721642307026,-0.41047550994244375,0.6727972031304191,0.2545260320808893,-0.2880174598382155,0.38436643737259363,-0.656190428079989
7,3,594.2157,548.2694,580.0326,563.1822,567.22797,570.044,18.25036395875455,579.2701611794306,564.2172616305304,0.6837119148258353,-0.547355136817373,0.8758194039156563,0.15063975059513268,-0.13687962687492927,0.2035395949509177,-0.6750847424271597
8,3,595.49835,548.13165,580.7881,563.2964,567.2169,569.4419,21.508836563399115,580.0006265633652,563.6841646998024,0.7304653839346429,-0.5330969307279929,0.9043074779511623,0.04675346910880762,0.01425820608938011,0.04887927285256466,-0.6304502150488571
9,3,595.05194,547.63544,581.798,562.1188,567.9402,570.32324,16.91021955082521,580.6896071789946,563.289867657996,0.6889806156293616,-0.3942970418064533,0.7938289777340798,-0.04148476830528125,0.1387998889215396,0.14486681871972823,-0.5197956135370969
10,3,595.9678,548.0852,582.01306,563.35596,567.67773,571.18567,18.93569198654028,581.3114569651934,563.0525275874155,0.6218497861988226,-0.23734007058044426,0.665603084201577,-0.06713082943053905,0.15695697122600905,0.17071039533805304,-0.364603603015421
11,3,596.8877,548.22595,582.341,563.27924,567.35455,570.6012,19.94164621082068,581.8561779049086,562.9347649720672,0.5447209397151482,-0.11776261534828336,0.5573050652361073,-0.07712884648367435,0.1195774552321609,0.14229415574682486,-0.2129122437022427
12,3,598.08606,546.31433,582.4309,562.13434,567.54767,570.29816,16.554236832622173,582.3137719810865,562.7834385032911,0.45759407617788384,-0.15132646877611933,0.481966843989647,-0.0871268635372644,-0.033563853427835966,0.09336820982950433,-0.31937889738904784
13,3,598.8373,545.89154,581.9174,562.7729,567.0868,570.3294,17.934921249959704,582.674241176674,562.4799351931778,0.36046919558748414,-0.3035033101133422,0.47122425682178487,-0.0971248805903997,-0.15217684133722287,0.1805298686341784,-0.6998121999326903
14,3,599.4117,545.3877,582.49927,562.0767,567.4689,569.95123,16.968790119098344,582.9275874746178,562.1595171294911,0.25334629794383545,-0.3204180636867022,0.40847531408713333,-0.10712289764364868,-0.01691475357336003,0.10845009952977973,-0.9017677693581894
15,3,599.30865,544.8405,583.3023,561.4194,567.5666,569.7593,18.08303911594619,583.0638128578651,562.0209151689118,0.13622538324727884,-0.13860196057930807,0.19433954439921913,-0.11712091469655661,0.18181610310739416,0.21627390968056381,-0.7940454765128135
16,3,598.8776,546.52136,582.2258,563.34625,566.48047,569.3235,24.508561532885647,583.0834684878507,562.2007470837362,0.019655629985663836,0.17983191482449,0.1809029059456369,-0.116569753261615,0.3184338754037981,0.33909974989692254,1.461928474479197
17,3,597.8532,547.7565,581.30396,564.9275,566.1246,569.4871,29.336967983420884,583.029302239966,562.5871783087232,-0.05416624788472291,0.38643122498694993,0.39020901329265056,-0.07382187787038674,0.20659931016245991,0.21939221638862808,1.7100594610731412
18,3,598.0431,547.3993,582.07416,564.0833,566.8714,569.2474,27.49299769589853,582.9546111680903,562.9820695039242,-0.0746910718756908,0.3948911952010121,0.4018927870281121,-0.02052482399096789,0.008459970214062196,0.022199988646011297,1.7577314104229897
19,3,598.67346,546.9905,581.63196,563.6612,566.8766,568.89014,24.85677570467995,582.9126923261028,563.0905145680988,-0.041918841987467204,0.10844506417458888,0.11626487542418365,0.03277222988822359,-0.28644613102642325,0.28831476728023037,1.9396495825727693
20,3,599.0452,546.71185,582.3159,562.1774,569.1811,567.86414,19.342014362316316,582.9428290979228,562.7369995921324,0.0301367718199117,-0.3535149759663909,0.35479721426223654,0.0720556138073789,-0.4619600401409798,0.46754581611668156,-1.4857530176366498
21,3,599.30835,546.2622,583.12915,560.7923,570.36725,566.86993,16.460813116998587,583.0282501876264,562.320346196705,0.08542108970368645,-0.41665339542737456,0.4253196615339166,0.05528431788377475,-0.06313841946098364,0.0839214860205977,-1.368581276154361
22,3,599.89575,546.21173,583.3718,561.21,570.8981,566.89404,17.731384543677105,583.1381706293294,562.2432947371769,0.10992044170291138,-0.07705145952809289,0.1342364738793912,0.024499351999224928,0.33960193589928167,0.34048449761321253,-0.611379892336732
23,3,601.6949,545.4695,582.8696,563.0703,569.2575,569.4935,17.8133393952882,583.2418054571475,562.3499249778328,0.10363482781815492,0.10663024065581794,0.1486949419422741,-0.006285613884756458,0.18368170018391083,0.18378921601759,0.799643088857637
24,3,601.3954,546.1773,582.17035,564.31665,567.57544,570.44336,20.563735892716675,583.3491221941551,562.3941626743057,0.10731673700763622,0.0442376964729192,0.11607693927389835,0.0036819091894813027,-0.062392544182898746,0.06250108818968322,0.39099301476730114
25,3,603.3899,544.1909,585.4298,562.237,569.50653,568.9758,22.19847054867545,583.6330983192612,562.3279781386925,0.28397612510605086,-0.06618453561316073,0.29158674932955575,0.17665938809841464,-0.11042223208607993,0.20833052762900203,-0.2289762374248596
26,3,604.0324,544.4825,585.23395,561.31165,569.2989,568.43915,17.737999254060828,584.2213091066246,562.152852822207,0.5882107873634368,-0.17512531648549157,0.6137269807046598,0.30423466225738593,-0.10894078087233083,0.323151394018251,-0.28936873960945514
27,3,606.56,542.3073,586.51373,560.4437,569.1185,567.74414,19.36971146738966,584.8967110555694,561.8702681760628,0.6754019489447955,-0.282584646144187,0.7321351479575773,0.08719116158135876,-0.10745932965869542,0.13838282476016592,-0.3962626863907308
28,3,605.96936,542.62836,585.97876,560.7312,569.1543,568.13336,18.41520372638978,585.4005769724212,561.5017771647539,0.503865916851737,-0.36849101130894724,0.6242327190882677,-0.17153603209305857,-0.08590636516476025,0.19184502569014383,-0.6314432284140528
29,3,605.67346,543.0061,585.6815,560.49023,570.15656,567.0233,18.34967589816977,585.6520636663498,561.1492188058953,0.25148669392865486,-0.35255835885857323,0.4330622976249669,-0.2523792229230821,0.015932652450374007,0.2528816355083207,-0.951187033438204
30,3,605.33374,543.0998,584.93054,560.8402,569.4721,567.64374,17.25156492463313,585.6147989472356,560.9345036303833,-0.037264719114205036,-0.2147151755119694,0.2179249088236506,-0.2887514130428599,0.13784318334660384,0.3199658133760132,-1.7426388052798953
31,3,603.2963,544.9828,582.92285,562.22015,568.9806,567.7084,18.74698583683764,585.4211850071047,560.8940135576154,-0.19361394013094468,-0.04049007276796601,0.19780243629890965,-0.15634922101673965,0.17422510274400338,0.23409285623166684,-2.9354358900415223
32,3,605.60785,543.048,585.71747,560.0569,571.0233,567.0878,14.964361763595068,585.5392152550824,560.7970074415822,0.11803024797768558,-0.09700611603318521,0.1527786830206287,0.31164418810863026,-0.056516043265219196,0.31672726931580025,-0.6879377930165653
33,3,604.81903,544.07275,584.8208,560.2944,571.18353,567.34485,11.708326624014438,585.472892068947,560.6295771536875,-0.06632318613537791,-0.16743028789471737,0.18008794052810956,-0.18435343411306349,-0.07042417186153216,0.19734678272437647,-1.9479570240481694
34,3,604.0433,544.78204,584.4398,560.56085,570.6839,567.2318,12.959403714349577,585.2877508447325,560.4623903721897,-0.1851412242144761,-0.16718678149777588,0.24945679548013913,-0.11881803807909819,0.00024350639694148413,0.11881828760056837,-2.4071099009367924
35,3,603.98224,544.86115,583.88226,560.8677,570.53625,567.3952,12.468640810590212,585.2272168781576,560.3166117759221,-0.06053396657489429,-0.14577859626763257,0.15784726870950866,0.1246072576395818,0.021408185230143317,0.12643290335709786,-1.964376254733923
36,3,603.7381,544.1757,585.0299,559.1932,572.67645,565.24054,12.67166218472485,585.345235733945,560.0058096197441,0.11801885578734073,-0.3108021561779424,0.3324551557822667,0.17855282236223502,-0.1650235599103098,0.24313347301223553,-1.207891025614733
37,3,604.911,543.3028,587.3708,557.66345,574.8019,563.93036,12.807094196712706,585.6483830440677,559.3866459606548,0.3031473101227675,-0.6191636590892813,0.6893924342285003,0.1851284543354268,-0.3083615029113389,0.35966562399312485,-1.1154970484370204
38,3,603.18097,544.19196,587.234,557.24854,576.20557,562.81104,12.543568506525316,586.1432344404989,558.695754488179,0.4948513964311587,-0.6908914724758688,0.8498287658638898,0.1917040863083912,-0.07172781338658751,0.2046835018279593,-0.9492470103202696
39,3,604.78723,542.8139,588.63464,557.31366,576.295,563.84094,14.0360924607104,586.8173823129139,558.1967101944249,0.6741478724150056,-0.499044293754082,0.8387613254139638,0.1792964759838469,0.1918471787217868,0.2625882066729871,-0.6372379173080028
40,3,605.1456,543.108,589.2667,557.62726,576.226,563.96594,16.516090510673102,587.5824860817963,557.880881649305,0.7651037688824545,-0.3158285451198708,0.8277266741326333,0.09095589646744884,0.1832157486342112,0.20455069212738375,-0.39148490309281353
41,3,606.8175,542.32996,589.328,558.45856,574.9412,564.9228,18.48664730784026,588.3312219253321,557.6715858171839,0.7487358435357692,-0.20929583212114267,0.7774381703637282,-0.016367925346685297,0.10653271299872813,0.10778278118059507,-0.27257492720418625
42,3,608.7519,541.1147,590.26495,557.93024,575.1866,565.02026,17.105909106894003,588.956266021707,557.4921396624254,0.6250440963749497,-0.17944615475846604,0.6502930453809089,-0.12369174716081943,0.02984967736267663,0.12724249115115582,-0.27957440152464996
43,3,609.18536,541.05255,590.003,557.4797,574.7254,564.51373,15.853470080358791,589.379369790886,557.2838647914695,0.4231037691789652,-0.20827487095596098,0.47158797839339506,-0.20194032719598454,-0.02882871619749494,0.20398772175211186,-0.45743229159528065
44,3,608.7627,542.864,589.26794,556.7455,575.639,564.2077,6.751336564843446,589.6385856199506,557.0601013790581,0.25921582906460117,-0.22376341241135833,0.3424367252086496,-0.16388794011436403,-0.015488541455397353,0.1646182001825586,-0.7121259705559414
45,3,607.26306,545.0052,588.2155,557.48065,577.5752,566.11304,5.828706342775854,589.801041137762,556.85219424201,0.1624555178113951,-0.20790713704809605,0.2638506640183123,-0.09676031125320605,0.015856275363262284,0.09805090158796559,-0.9075095083597662
46,3,606.9487,546.5642,589.686,557.0646,579.8448,565.64343,9.768834791637683,589.9222385275059,556.6859600866802,0.12119738974388383,-0.16623415532978925,0.20572457723602053,-0.04125812806751128,0.0416729817183068,0.058641883811227404,-0.9408213911546777
53,3,604.56104,546.4235,587.53723,557.56476,576.6317,565.2318,1.9061860077486548,589.7204013528337,556.6907485199939,-0.2018371746721641,0.004788433313706264,0.20189396764946074,-0.32303456441604794,0.1710225886434955,0.3655134137535695,3.117872864350755
54,3,604.3861,546.1487,587.79456,557.89777,576.0791,565.5912,2.0111998111570437,589.5100356566275,556.8364646476342,-0.21036569620628143,0.1457161276402985,0.2559041148454578,-0.008528521534117317,0.14092769432659225,0.14118551876083937,2.535796298608387
55,3,605.6849,545.5673,588.36487,557.9101,576.4071,565.7372,2.267708279227628,589.2464118713258,557.0129672538354,-0.263623785301661,0.17650260620121117,0.3172548977913439,-0.053258089095379546,0.030786478560912656,0.0615161061533719,2.5516140981595603
56,3,604.93726,545.8865,587.513,558.91003,576.9119,567.3744,1.8297036706676773,588.9425917615664,557.2109051645417,-0.30382010975938556,0.19793791070628686,0.3626100875444243,-0.040196324457724586,0.021435304505075692,0.045554547293722346,2.5641657324434193
57,3,604.9727,545.6728,587.0251,558.3907,575.35614,565.64856,3.4409386015030634,588.6743843312945,557.3908178933018,-0.2682074302719002,0.1799127287600868,0.322961012543243,0.035612679487485366,-0.018025181946200064,0.03991453525311271,2.550736064779153
58,3,605.13544,545.09314,587.60297,557.95776,574.8856,565.0308,7.188100249726141,588.5332853942815,557.5057176255665,-0.14109893701299825,0.11489973226468919,0.18196389339837535,0.12710849325890194,-0.0650129964953976,0.1427699505213156,2.4581805969244415
59,3,606.5696,544.4049,588.6837,557.9237,575.8845,563.7726,12.524259824667933,588.5936721191159,557.5200931405551,0.06038672483441587,0.014375514988614668,0.06207424560488306,0.20148566184741412,-0.10052421727607452,0.22517013609503805,0.23370750217181815
60,3,606.04553,545.5998,589.98047,556.7447,578.6059,562.26154,8.876306752928409,588.861447093656,557.4443395925641,0.2677749745400888,-0.07575354799098477,0.2782840940894173,0.20738824970567293,-0.09012906297959944,0.22612636756814353,-0.27569586902788584
61,3,607.9643,544.2876,590.9709,556.649,579.2855,561.11115,15.133182268548712,589.2904479700958,557.3003287296589,0.4290008764397726,-0.14401086290524745,0.4525272153371629,0.16122590189968378,-0.06825731491426268,0.1750795604365949,-0.32386912823025094
62,3,607.5407,544.77075,590.7024,556.7641,579.53186,561.6918,11.65719109652245,589.6947272387023,557.1099322999045,0.4042792686065013,-0.19039642975440074,0.446869698556783,-0.024721607833271264,-0.04638556684915329,0.05256214137360966,-0.4401409607416263
63,3,606.3385,544.49866,589.7955,556.7451,578.17,561.4251,14.583893003596383,589.9249126823951,556.8950220513665,0.2301854436927897,-0.2149102485379899,0.31491547026893907,-0.17409382491371161,-0.02451381878358916,0.1758112259909495,-0.7510927259818881
64,3,606.8569,544.36017,589.9196,556.7002,578.2216,561.4091,14.14925061601436,590.1177184166286,556.6774697321101,0.19280573423350233,-0.21755231925635599,0.2906941051468698,-0.03737970945928737,-0.002642070718366085,0.03747296648173967,-0.8456300795528524
65,3,610.06,543.1377,591.82104,555.83997,578.11786,560.9697,14.33147954913942,590.4813801399908,556.479147090201,0.3636617233622701,-0.19832264190915794,0.41422423798305713,0.17085598912876776,0.01922967734719805,0.17193472456733966,-0.4992655537155069
66,3,612.4964,542.8549,592.5802,555.90173,578.9066,561.129,12.306789603115524,591.1618162456973,556.3186977308203,0.6804361057064625,-0.16044935938066374,0.6990974830984886,0.3167743823441924,0.0378732825284942,0.31903039798587807,-0.23157347366669837
67,3,616.94867,542.0191,595.15625,555.6586,578.80585,559.5339,18.70801302278843,592.0556759054754,556.2018526876163,0.8938596597780588,-0.11684504320396627,0.9014642840955396,0.2134235540715963,0.043604316176697466,0.21783238928540674,-0.1299826523275226
68,3,615.82117,542.1586,594.5606,556.73016,578.2759,560.186,22.444816078033053,592.99729098568,556.1311148513528,0.9416150802046559,-0.0707378362635609,0.9442683944451762,0.047755420426597084,0.046107206940405376,0.06638113219858796,-0.07498309486587267
69,3,613.77985,542.8689,594.91064,556.74023,579.1234,560.5824,22.64252222882157,593.8209933526659,556.1089871127937,0.8237023669859127,-0.022127738559106547,0.8239995304561377,-0.11791271321874319,0.04861009770445435,0.12753959987957533,-0.026857295594018164
70,3,612.5172,542.5399,594.8165,556.74774,580.03424,561.1952,22.008392933953264,594.4111450096116,556.1319053992488,0.5901516569456362,0.022918286455137604,0.5905965002010422,-0.2335507100402765,0.04504602501424415,0.23785516292462777,0.03881506625342069
71,3,611.72986,542.79425,595.01184,556.20667,581.2003,560.8246,20.251644666539285,594.8522285069895,556.1720377842095,0.4410834973779174,0.040132384960656964,0.442905475222158,-0.1490681595677188,0.01721409850551936,0.15005879309212306,0.09073607961974292
72,3,612.8267,541.70184,596.0093,556.0114,580.552,560.22656,25.140185842782405,595.2787565320949,556.195485377713,0.4265280251054264,0.023447593503533426,0.4271720330750156,-0.014555472272490988,-0.016684791457123538,0.0221414552151153,0.05491788332871209
73,3,611.7843,542.5828,595.33936,556.8893,580.718,561.0588,25.105702045433343,595.825241772224,556.1683492897965,0.5464852401290727,-0.027136087916460383,0.5471585555817803,0.11995721502364631,-0.05058368141999381,0.13018618306958976,-0.04961491335421727
74,3,612.62616,542.8193,596.65076,556.48065,583.3911,559.893,26.103590870002872,596.5361306971985,556.0745132940825,0.7108889249744834,-0.09383599571401646,0.7170552682625082,0.16440368484541068,-0.06669990779755608,0.1774188526931442,-0.13123940453235022
75,3,612.72986,543.22345,597.94617,554.93604,584.46893,558.6998,22.78504195471765,597.0956049069466,555.9689918185343,0.5594742097481458,-0.10552147554824387,0.5693383643978251,-0.15141471522633765,-0.011685479834227408,0.15186496115308842,-0.18641838733540272
76,3,611.0984,543.6482,596.5147,555.7309,584.00903,559.95856,20.963743131756537,597.2143827708369,555.9245819547009,0.11877786389027278,-0.04440986383337986,0.12680858392094563,-0.440696345857873,0.06111161171486401,0.4449133604859156,-0.35779722596351643
77,3,612.0082,543.0664,594.82275,557.14154,582.32556,561.17145,21.4453344664652,597.0695946058977,556.0140807941307,-0.14478816493920021,0.08949883942977976,0.17021649439974537,-0.263566028829473,0.13390870326315962,0.29563252926996975,2.5879441706638557
78,3,611.8239,543.26575,594.0537,557.8441,580.6402,561.8111,22.88954092014246,596.9073839679556,556.2778239215111,-0.16221063794205293,0.26374312738039407,0.3096332157601289,-0.017422473002852712,0.1742442879506143,0.17511314756166005,2.1221959903451775
79,3,613.66626,542.8206,595.4615,557.17676,580.9027,560.7923,24.312292942999832,596.7835354203722,556.6263008940828,-0.1238485475834068,0.34847697257168875,0.3698305870952927,0.03836209035864613,0.08473384519129468,0.0930133027990471,1.9122732841095378
80,3,617.47076,542.2752,596.2903,557.2957,580.8626,561.1221,21.41366580075668,596.7062437783932,556.9375397622246,-0.07729164197905902,0.3112388681417997,0.3206924242354465,0.046556905604347776,-0.03723810442988906,0.059617295149842826,1.8142077348254606
81,3,618.95544,542.8123,595.1666,558.37683,581.3155,563.7241,12.086577294483522,596.6798348371296,557.1101999346022,-0.026408941263525776,0.17266017237761844,0.1746681633959929,0.05088270071553325,-0.13857869576418125,0.14762487646669864,1.722573317890011
82,3,620.4909,542.1321,596.1294,557.02057,581.9236,563.1458,8.10646280896567,596.693158311155,557.1254662530276,0.013323474025355608,0.015266318425460668,0.020262661186820588,0.039732415288881384,-0.15739385395215777,0.16233142051556532,0.8532497218487243
83,3,619.71136,542.4203,596.26666,555.7556,582.499,562.0885,4.929507450321682,596.7311948949091,556.9851549176001,0.038036583754092135,-0.1403113354275547,0.145375556931507,0.024713109728736526,-0.15557765385301536,0.15752823293261828,-1.306071596145841
84,3,621.0268,542.4701,596.7076,555.59875,581.6429,561.7751,6.069246125173771,596.7789252828316,556.6910821284177,0.04773038792245643,-0.29407278918233715,0.2979211225621767,0.009693804168364295,-0.15376145375478245,0.15406672093621873,-1.4098914166259
85,3,620.8955,542.40234,596.90985,554.4758,581.0979,560.7186,5.17414979511832,596.8213301693618,556.2570724286372,0.04240488653022112,-0.4340096997805176,0.436076362470171,-0.00532550139223531,-0.13993691059818048,0.14003820876047313,-1.4734005352377344
86,3,620.3841,541.3587,596.64374,554.1568,579.5803,560.04645,9.285756759237726,596.8433902489395,555.7449837336443,0.022060079577727265,-0.51208869499294,0.5125636337573589,-0.020344806952493855,-0.07807899521242234,0.08068606238574115,-1.5277443148390897
87,3,615.3748,540.88025,595.3523,554.59515,578.85974,559.1152,19.083732945437216,596.830086216004,555.228682301882,-0.013304032935479881,-0.5163014317622583,0.5164728121906381,-0.03536411251320715,-0.004212736769318326,0.03561414894300215,-1.5965585825602682
88,3,614.7905,540.02936,595.9558,553.2864,579.3161,558.444,17.919055399312168,596.7663987649951,554.782034391794,-0.06368745100894557,-0.44664791008801785,0.45116565361517813,-0.05038341807346569,0.06965352167424044,0.0859657018722555,-1.7124314081598828
89,3,613.8751,538.9096,596.21075,553.8061,578.71295,559.1019,23.302351104056456,596.6415345282743,554.4615627418705,-0.12486423672078217,-0.3204716499235474,0.34393772113070736,-0.0611767857118366,0.12617626016447048,0.1402249897098378,-1.94232814036768
90,3,611.3886,539.4244,595.984,554.25305,578.9313,559.3429,27.28954588685308,596.4616038898909,554.2544160107899,-0.17993063838343915,-0.20714673108057013,0.27438076249336063,-0.05506640166265697,0.11332491884297724,0.12599541984866136,-2.28599825138242
91,3,608.01416,539.57477,595.71906,554.5606,582.0315,558.17865,35.82651370148737,596.2369431718167,554.1303993372782,-0.22466071807411936,-0.12401667351173273,0.25661756283328435,-0.04473007969068021,0.0831300575688374,0.0944001403628873,-2.6372017307706543
92,3,606.5488,540.1614,595.48486,554.3147,582.6372,557.86475,36.53799760578613,595.9778886960231,554.0593178600609,-0.2590544757936186,-0.07108147721726255,0.26862948057146435,-0.03439375771949926,0.05293519629447019,0.06312737581114634,-2.873795367802867
93,3,606.599,541.6571,593.61414,555.10455,581.2539,559.2424,27.49368567785666,595.6947767844815,554.0188207062553,-0.2831119115415959,-0.04049715380563157,0.28599366063445075,-0.02405743574797725,0.030584323411630976,0.03891222241552508,-2.999513544573564
94,3,606.9008,540.0976,595.10706,554.2866,579.7328,559.41675,31.814055932818288,595.3979437591637,554.0179329565455,-0.29683302531782374,-0.0008877497098183085,0.29683435282810355,-0.013721113776227867,0.03960940409581326,0.04191865761311565,-3.138601924838999
95,3,606.85767,540.36664,594.6231,554.6374,579.5881,559.4374,31.687088852455105,595.0977259420409,554.0735236800066,-0.30021781712275697,0.055590723461136804,0.3053212509028576,-0.0033847918049332293,0.05647847317095511,0.0565798086536623,2.958498481713151
96,3,607.5175,540.18,593.49774,555.1089,578.6198,560.28217,27.62541923644981,594.8155141283976,554.1819873433616,-0.28221181364335735,0.10846366335499624,0.3023373513614535,0.018006003479399624,0.05287293989385944,0.05585484700829306,2.774663756122018
97,3,607.55994,538.49713,595.26715,554.30176,579.11914,560.2545,31.88858119137016,594.6169170067691,554.2578200039237,-0.1985971216284952,0.07583266056212778,0.21258271126094475,0.08361469201486216,-0.03263100279286846,0.08975633160957751,2.7768373223459135
98,3,607.0806,537.7022,594.97314,554.2813,579.11536,560.4653,32.55590592437325,594.5293497770134,554.1950431166526,-0.08756722975567754,-0.06277688727107034,0.1077448713513933,0.11102989187281764,-0.13860954783319812,0.17759573091663328,-2.5196146766925867
99,3,606.44385,537.9769,594.10815,554.55176,579.982,559.8702,32.71072689274472,594.6175849424217,553.887678136508,0.08823516540826404,-0.3073649801445981,0.31977910412331967,0.17580239516394158,-0.24458809287352778,0.30121390625415706,-1.2912440198143282
100,3,608.7645,529.6736,600.14075,550.0975,580.6469,559.21484,42.042855253950485,595.4774889693119,553.2939364138875,0.8599040268902627,-0.5937417226205071,1.0449708936819517,0.7716688614819986,-0.28637674247590894,0.8230944480507915,-0.6043042988342506
101,3,608.67334,531.8541,599.3668,550.7866,579.91705,558.9413,41.07622598335111,596.5110587531707,552.6287888809361,1.033569783858752,-0.6651475329514369,1.229100377795569,0.1736657569684894,-0.07140581033092985,0.18777269474674732,-0.5718232667790741
102,3,608.6301,533.8775,598.5627,551.59235,579.3686,559.4089,38.23224941872483,597.0178611187366,552.1199789189901,0.5068023655659317,-0.5088099619459854,0.7181477669106124,-0.5267674182928204,0.15633757100545154,0.5494773417373712,-0.7873748957694316
103,3,608.7052,534.9699,597.8744,552.10455,579.7936,559.4347,35.63489799024092,597.3159613299813,551.7895801244008,0.2981002112446731,-0.3303987945893141,0.44500235888160244,-0.2087021543212586,0.17841116735667129,0.274567175488813,-0.8367430266209346
104,3,608.2714,535.45465,598.0956,551.8226,579.97144,559.11475,36.21383178547935,597.7943370462101,551.6025076890294,0.47837571622881114,-0.1870724353714195,0.5136530170778927,0.18027550498413802,0.1433263592178946,0.23030784386108724,-0.3727736772094653
105,3,608.8293,533.65344,598.94275,550.7404,580.4204,558.8886,36.20104347322847,598.1071170688301,551.5007129717602,0.3127800226200179,-0.101794717269172,0.3289278142907492,-0.16559569360879323,0.08527771810224749,0.18626385303247572,-0.31464018151117973
106,3,608.2339,535.8788,596.5656,552.1262,579.35175,559.37964,31.46644213466233,597.9081557103644,551.4204063732336,-0.19896135846568086,-0.08030659852659028,0.21455715306048437,-0.5117413810856988,0.02148811874258172,0.5121923275124235,-2.7579616430235174
107,3,607.7999,536.31824,595.6031,552.5778,578.7874,559.95337,29.442438138863555,597.5850581856968,551.2977982940896,-0.3230975246676735,-0.12260807914401539,0.3455788643967727,-0.12413616620199264,-0.04230148061742511,0.13114573199976862,-2.778902731636959
108,3,608.8669,533.8818,596.6794,551.4885,579.40936,559.3566,30.81509469536362,597.5780864749428,551.0818541085661,-0.006971710753987281,-0.21594418552354,0.21605669629118723,0.3161258139136862,-0.09333610637952461,0.3296166849185285,-1.6030698979938727
109,3,609.3318,531.14246,598.6803,549.8363,580.2792,558.9078,34.08353803491602,597.8043787167849,550.7725590852926,0.22629224184208852,-0.30929502327342107,0.38323829419778027,0.2332639525960758,-0.09335083774988107,0.2512497770931328,-0.9391503143758185
110,3,610.0537,530.6257,598.5987,549.0543,580.50183,558.99774,29.34859941847355,598.050292089546,550.3826534664964,0.24591337276115155,-0.389905618796206,0.46097698258331443,0.019621130919063035,-0.08061059552278493,0.082964190402131,-1.008108816831841
111,3,609.10504,532.95856,598.0209,549.3326,580.1904,558.4769,28.753472873479684,598.1802491070857,549.9133587777309,0.12995701753970934,-0.469294688765558,0.48695619034095694,-0.11595635522144221,-0.07938906996935202,0.1405293590209532,-1.3006461187882337
112,3,609.254,532.4604,598.0725,549.0856,581.20715,558.1997,27.689551823419222,598.3709336254065,549.3198216778549,0.19068451832072242,-0.5935370998760163,0.6234154910302102,0.06072750078101308,-0.1242424111104583,0.13828957324993116,-1.2599435251567765
113,3,610.25037,528.3301,600.3286,546.8176,582.9608,557.7294,29.63868304885375,598.7904287872308,548.5911992577516,0.41949516182432944,-0.7286224201033065,0.8407537224843074,0.22881064350360703,-0.13508532022729014,0.2657110353776152,-1.048408064297473
114,3,610.72614,528.10944,600.626,546.2413,584.252,557.0244,27.51337890436708,599.2601535400115,547.8987652030934,0.4697247527807349,-0.6924340546581789,0.8367235286671987,0.050229590956405445,0.0361883654451276,0.06190807379686363,-0.9747368376450506
115,3,610.0171,532.0232,599.2923,547.50684,584.531,556.45996,24.053524763941983,599.5762165282459,547.4114439279798,0.316062988234421,-0.4873212751135725,0.5808423518563277,-0.15366176454631386,0.20511277954460638,0.2562873196551111,-0.9954255494857581
116,3,610.2736,531.71954,599.4202,547.4648,584.5342,556.6792,23.663618691405475,599.780149379876,547.1066461654246,0.20393285163004293,-0.3047977625551539,0.36672916986870446,-0.1121301366043781,0.1825235125584186,0.2142148458244192,-0.9811276141443002
117,3,610.39215,532.2335,600.05884,547.47797,585.37744,557.0857,22.66762236224505,599.9748394687032,546.9139042281704,0.19469008882720118,-0.19274193725425448,0.27395927628767464,-0.009242762802841753,0.11205582530089941,0.11243636710644508,-0.7803698357871827
118,3,611.4825,530.72626,600.7575,547.60626,585.301,557.8706,23.982180701637738,600.2428719559027,546.7663318293554,0.2680324871995481,-0.14757239881498663,0.30597226522413007,0.0733423983723469,0.04516953843926785,0.08613590773785652,-0.5032857425346347
119,3,611.6238,530.2834,601.19495,547.39996,585.83936,558.12115,23.72423789241517,600.5856231521443,546.6113682837017,0.34275119624157924,-0.1549635456536862,0.37615433402606924,0.07471870904203115,-0.007391146838699569,0.07508338386420078,-0.42461279485071013
120,3,612.4233,529.25946,601.42053,546.94775,585.3724,558.04846,23.444825802145637,600.9841671554706,546.4000343063274,0.39854400332626483,-0.2113339773743519,0.45110904732690615,0.05579280708468559,-0.05637043172066569,0.07931243846184012,-0.4875655237822118
121,3,612.84906,526.71655,601.71136,545.8741,585.28,557.7128,24.054697762329877,601.4195780639235,546.0833506123499,0.43541090845292274,-0.31668369397743845,0.5383968993512085,0.03686690512665791,-0.10534971660308656,0.11161420824415075,-0.628828154019085
122,3,613.3709,524.9311,602.52057,544.7771,585.52747,557.2048,25.154040901983844,601.8729299755463,545.6324112065204,0.4533519116228035,-0.4509394058295584,0.6394327982688762,0.017941003169880787,-0.13425571185211993,0.1354491630083447,-0.7827303283501157
123,3,613.23444,525.187,602.6788,544.66486,585.6171,557.07416,25.51611656947409,602.3252969883808,545.0986032521228,0.45236701283454295,-0.5338079543976164,0.6997048281089786,-0.0009848987882605797,-0.08286854856805803,0.082874401158619,-0.8677938423004218
124,3,611.8432,525.9486,603.0876,543.8765,585.87994,556.97925,26.682724356452702,602.7577532004705,544.5533872020735,0.43245621208961893,-0.5452160500492482,0.6959015135823501,-0.019910800744924018,-0.011408095651631811,0.02294743194130549,-0.9002258127115258
125,3,612.8384,525.13336,603.5951,543.84717,586.0637,556.7246,27.415249621512427,603.1498843582249,544.0635480836002,0.3921311577544202,-0.4898391184733555,0.6274625143134656,-0.04032505433519873,0.05537693157589274,0.06850339084963486,-0.8957319885255416
126,3,612.5371,525.93964,603.4274,543.9833,586.09375,556.72833,26.88600051349861,603.4753228015269,543.6771692211723,0.325438443302005,-0.3863788624278186,0.5051720555512226,-0.0666927144524152,0.10346025604553688,0.12309322784799918,-0.870802357115025
127,3,613.1395,523.7452,604.18506,543.0351,586.19574,557.1115,27.05631784529351,603.706212518626,543.4376585135694,0.2308897170991031,-0.2395107076029035,0.3326791855805641,-0.09454872620290189,0.1468681548249151,0.17467030809003156,-0.8037230310019651
128,3,611.80554,529.01904,602.24274,544.9885,585.9797,556.8564,22.9662457445175,603.8146974977725,543.3884238595712,0.10848497914651034,-0.049234653998269096,0.11913455357178311,-0.12240473795259277,0.1902760536046344,0.226247423076146,-0.42604138896407523
129,3,611.7972,529.15,602.16986,545.0934,586.2779,556.8646,22.34705236419032,603.7857547716252,543.51854323149,-0.02894272614730653,0.13011937191879497,0.1332994086460239,-0.13742770529381687,0.17935402591706406,0.22595185503771167,1.7896652722823156
130,3,612.079,528.7634,602.2924,545.0416,586.248,556.9874,22.31610704469837,603.6556935504759,543.599774895769,-0.1300612211492762,0.08123166427901651,0.15334439842517816,-0.10111849500196968,-0.048887707639778455,0.11231633002255646,2.5833063317810154
131,3,612.1011,528.98486,602.4733,543.72235,587.7028,555.9262,17.27952537297646,603.4736560890258,543.4458030446092,-0.1820374614501361,-0.15397185115978118,0.2384218285324974,-0.0519762403008599,-0.2352035154387977,0.24087802562828656,-2.439527342001673
132,3,612.8774,528.58325,602.3588,543.29694,589.87555,555.1221,10.990551018648617,603.2887846419756,543.2553352791125,-0.1848714470502273,-0.19046776549669175,0.2654344017412735,-0.0028339856000911823,-0.03649591433691057,0.036605781478731454,-2.3412855661822647
133,3,612.14795,528.9547,602.5401,543.09155,590.052,555.04095,12.061499857447538,603.1428400038726,543.2525529001284,-0.14594463810294656,-0.0027823789840795143,0.14597115819164788,0.03892680894728073,0.18768538651261224,0.19167968271365315,-3.1225303433911367
134,3,612.3687,530.14417,601.73114,545.44586,588.5163,556.146,16.196114147052274,603.0480571286506,543.3785085985954,-0.0947828752219948,0.12595569846700982,0.1576344867459546,0.051161762880951756,0.12873807745108934,0.1385316518593834,2.215901660723662
135,3,612.7936,528.6538,602.72876,544.71924,588.6705,556.1171,18.899551064146674,603.0092895100894,543.5180185443306,-0.03876761856122357,0.13950994573519893,0.14479624721637877,0.05601525666077123,0.013554247268189101,0.057631819316930184,1.8418420324875302
136,3,614.40314,526.2497,603.25183,544.1018,589.2628,556.199,17.157095101939333,603.031390641969,543.6140814325697,0.022101131879594504,0.09606288823908926,0.0985725039105479,0.060868750440818076,-0.043447057496109664,0.0747840329568876,1.3446620184996618
137,3,614.8278,526.4293,602.5528,544.1002,588.6364,556.19916,14.210591034074865,603.1192140180694,543.6275861599433,0.08782337610045943,0.013504727373629066,0.08885563038501722,0.06572224422086492,-0.0825581608654602,0.10552375709248707,0.15257634527752842
138,3,617.7632,523.29895,604.57574,542.3526,589.2394,555.8062,14.05365471282054,603.2776131321709,543.5327999032376,0.15839911410148488,-0.09478625670578822,0.18459337422678748,0.07057573800102546,-0.10829098407941729,0.12925893403273137,-0.5392432536166331
139,3,615.12177,524.50793,604.1511,543.2479,589.018,555.9522,19.64119356766705,603.5114414780535,543.3073344092772,0.2338283458825572,-0.22546549396031423,0.3248236203002197,0.0754292317810723,-0.13067923725452602,0.15088615594714921,-0.7671921105576168
140,3,617.9807,523.24945,604.01294,542.72235,588.48584,555.9123,14.001213737532275,603.8128830256235,542.9489283613257,0.3014415475699934,-0.3584060479515756,0.4683181630149099,0.06761320168743623,-0.13294055399126137,0.14914669268183392,-0.8715144342205174
141,3,618.44745,521.8434,604.2255,541.9733,589.40796,555.6759,11.997397520076271,604.1234436492944,542.5358281883997,0.3105606236708809,-0.4131001729259651,0.5168168474869108,0.009119076100887469,-0.054694124974389524,0.05544911952094385,-0.9261567193030932
142,3,619.292,519.2429,605.1773,540.9418,589.802,555.33875,13.838854073099306,604.3719596996053,542.1664072559547,0.24851605031096824,-0.36942093244499574,0.4452325825798173,-0.06204457335991265,0.043679240480969383,0.07587756672698417,-0.9786161437643812
143,3,618.9747,519.71674,604.9863,541.3249,589.32605,555.3369,15.261866743564047,604.4872675270963,541.9390389294458,0.1153078274909376,-0.22736832650889482,0.2549357781484098,-0.13320822282003064,0.14205260593610092,0.19473924483808625,-1.101452156459335
144,3,617.5918,524.0897,603.2133,542.89496,588.91,555.99554,10.11157080473414,604.4179876452256,541.9243457732078,-0.06927988187067058,-0.014693156237967742,0.07082083642719422,-0.18458770936160818,0.21267517027092708,0.2816085057258274,-2.93260529642741
145,3,617.90466,523.8877,603.2203,542.93134,589.5675,556.4508,7.645574415980874,604.1918772191285,542.0819471470948,-0.22611042609707965,0.1576013738869051,0.2756158882228,-0.15683054422640907,0.17229453012487284,0.23298331423795646,2.5328757867345106
146,3,617.509,524.90765,602.8945,543.0122,589.454,556.17334,6.6902606296491625,603.8564775768581,542.3437116098395,-0.3353996422704313,0.2617644627447362,0.4254568767703416,-0.10928921617335163,0.1041630888578311,0.15097709048789487,2.478883282319067
147,3,615.1295,526.80457,600.92255,545.57135,589.3506,556.55334,9.371672222337716,603.4593300464685,542.6415077201755,-0.3971475303895886,0.2977961103359803,0.49639569319826754,-0.061747888119157324,0.03603164759124411,0.07149182691270085,2.4981955544923413
148,3,616.86316,526.7056,601.4203,544.3212,590.0722,556.9496,0.7035997457969729,603.0531421563991,542.9140250198276,-0.40618789006941824,0.27251729965212235,0.489136259797544,-0.009040359679829635,-0.025278810683857955,0.026846719962241576,2.5506550823431877
149,3,618.015,523.85297,603.0133,542.2462,590.78174,555.54474,3.4058807404450158,602.7112862366317,543.127236982489,-0.3418559197673403,0.21321196266137576,0.4028955334846616,0.06433197030207793,-0.05930533699074658,0.08749700222598174,2.583936243800596
150,3,617.2372,524.7725,602.2361,543.4759,589.61127,556.86804,4.5791959906354895,602.4841111498314,543.2934885291083,-0.2271750868003437,0.16625154661937813,0.28151038491693153,0.1146808329669966,-0.04696041604199763,0.12392325901476964,2.509827845863669
151,3,614.6221,526.64014,600.75665,546.01086,588.97797,557.8272,9.31377916259855,602.3092070878505,543.522739140773,-0.17490406198089659,0.22925061166461091,0.28835269002736136,0.05227102481944712,0.06299906504523278,0.08186050471533099,2.222526626610147
152,3,617.33136,524.32086,602.77924,543.2262,588.90326,556.1125,9.53110226414636,602.1295264221279,543.7374219406144,-0.17968066572257158,0.21468279984139826,0.27995329285837733,-0.00477660374167499,-0.01456781182321265,0.015330919236024884,2.2676704309150573
153,3,616.6687,525.2848,602.4418,543.4908,588.8628,556.12885,9.049891070034452,602.0222289132605,543.8604722166727,-0.1072975088674184,0.12305027605839314,0.1632609134091822,0.07238315685515317,-0.09163252378300513,0.1167726029989942,2.2879139180940657
154,3,613.4154,525.2407,602.12146,543.9303,588.48535,554.97815,19.841715620363,602.0980261691342,543.7901697287294,0.07579725587368102,-0.07030248794330873,0.10338115790123142,0.18309476474109943,-0.19335276400170187,0.26628740905776294,-0.7478061785031017
155,3,617.5438,520.77924,604.1731,541.2786,588.68146,554.8455,15.67514849957306,602.421147555229,543.3560967557041,0.3231213860948401,-0.4340729730253088,0.5411347115671671,0.24732413022115907,-0.36377048508200005,0.439884292975376,-0.9308926200836799
156,3,617.12213,519.745,604.6871,540.8033,588.15857,554.4667,19.85880300516555,602.8698934674007,542.7119640588077,0.44874591217171655,-0.6441326968964631,0.7850349195430333,0.12562452607687646,-0.21005972387115435,0.2447582667549054,-0.9623108646019272
157,3,616.7183,520.14655,604.78906,540.1437,588.67413,554.0882,18.31169189704797,603.2760820590995,542.1024964932523,0.40618859169876487,-0.6094675655554056,0.7324205659935135,-0.04255732047295169,0.03466513134105753,0.05488895022434189,-0.9829335895099042
158,3,612.0042,521.8887,603.3824,541.4097,588.48615,554.05975,25.832266114174125,603.4715314837747,541.7724189142507,0.19544942467518922,-0.33007757900156776,0.3836035528581542,-0.21073916702357565,0.27938998655383784,0.3499567989114431,-1.0361823694031491
159,3,609.1729,524.08954,602.85803,542.62036,588.17096,554.83405,31.435345695625653,603.3364737182661,541.9049926890067,-0.13505776550857718,0.13257377475599696,0.1892522279319946,-0.3305071901837664,0.4626513537575647,0.5685782953093406,2.36547560641202
160,3,605.98627,528.03265,601.604,543.8496,588.87256,554.9967,33.31004842306325,602.94479603297,542.4376252326919,-0.3916776852961448,0.5326325436851675,0.6611420692646005,-0.2566199197875676,0.4000587689291706,0.47529022904842166,2.204863048042457
161,3,604.54425,530.164,600.8189,546.7877,588.6072,556.08685,40.07984617896102,602.4187995216721,543.2462604724683,-0.5259965112978762,0.8086352397764358,0.9646570794359157,-0.1343188260017314,0.27600269609126826,0.3069511936255215,2.1475049628016083
162,3,605.4088,531.29224,600.34045,547.73267,586.78485,556.25476,40.709564687798114,601.8807852781587,544.2068423354989,-0.5380142435134303,0.9605818630305976,1.1009890289220245,-0.012017732215554133,0.15194662325416175,0.15242113438085592,2.081354703651882
163,3,605.4095,532.341,599.8,547.699,587.65173,556.7065,33.379639273288824,601.4287469074609,545.2130581070672,-0.4520383706977782,1.0062157715683497,1.1030905980634553,0.08597587281565211,0.04563390853775218,0.09733603810945418,1.9930230160845936
164,3,605.1922,533.51654,599.8595,549.58777,585.7228,557.3578,42.848599537471,601.0634480595919,546.2295685049394,-0.3652988478689849,1.016510397872139,1.0801558393290212,0.08673952282879327,0.0102946263037893,0.08734829220598088,1.9157901606908934
165,3,604.69904,532.9861,601.0049,549.21155,586.5691,556.29114,51.049525790146696,600.7613448958114,547.2387776050028,-0.3021031637805436,1.0092091000634582,1.053455898088339,0.06319568408844134,-0.007301297808680829,0.06361606272866252,1.8616534284720623
166,3,603.91974,533.8725,600.5414,549.4259,585.7347,555.8792,54.195786153622464,600.4988935773778,548.2230894831447,-0.26245131843359104,0.9843118781418525,1.0187004309406524,0.03965184534695254,-0.024897221921605706,0.04682030007200216,1.8313685097741148
167,3,603.8249,534.1921,600.0645,550.7524,585.04663,556.3098,56.899472307208754,600.258424707053,549.1525773276219,-0.2404688703247757,0.9294878444771939,0.9600900638097105,0.021982448108815333,-0.0548240336646586,0.05906693399966159,1.8239567675238157
168,3,603.0151,534.6255,600.598,550.00977,586.8599,554.5666,62.72084579550039,600.0457666536109,549.94799077617,-0.21265805344205546,0.7954134485480608,0.823350473264504,0.027810816882720246,-0.13407439592913306,0.13692839435064638,1.83204158453032
169,3,602.9174,536.40137,599.06177,551.3414,586.61383,554.57874,60.95099938434944,599.8726222273287,550.5177485788946,-0.1731444262821924,0.5697578027246664,0.5954854709547743,0.03951362715986306,-0.22565564582339448,0.22908905958884618,1.8658192657706845
170,3,603.0172,535.96924,599.9187,550.51416,587.1588,554.3624,61.19119188107578,599.7494876278455,550.8046906478511,-0.1231345994832509,0.28694206895647767,0.3122465060283695,0.050009826798941504,-0.2828157337681887,0.28720327651908695,1.9761574109092692
173,3,596.14514,532.8604,601.2074,548.04333,594.7489,547.6828,111.6344235399203,599.7320139185463,550.9115526984549,-0.017473709299224538,0.10686205060380871,0.10828124664929185,0.10566089018402636,-0.18008001835266896,0.2087894554913597,1.7328784275696896
174,3,597.9126,532.9844,600.9946,550.03894,593.78864,548.6719,110.98575437025808,599.8583765333402,551.036642438521,0.12636261479394761,0.12508974006607332,0.17780594334093947,0.14383632409317215,0.018227689462264607,0.1449866779803193,0.7803361155340368
175,3,597.5069,534.3401,600.4748,550.53534,593.9657,549.3455,110.74355705448116,600.0582713178362,551.1650521075259,0.19989478449599574,0.12840966900489548,0.23758570656217387,0.07353216970204812,0.0033199289388221587,0.07360707784751161,0.5710042418385864
176,3,597.97736,530.7857,601.2083,549.9127,591.645,552.12897,86.54025869820292,600.3230447195941,551.2059027226359,0.26477340175790687,0.040850615110002764,0.26790619073347216,0.06487861726191113,-0.08755905389489271,0.10897624923251065,0.15307818699277606
177,3,598.2308,529.51575,602.7815,549.6177,591.38007,553.21924,85.2250950165041,600.5915763906014,551.2617036199218,0.26853167100728115,0.05580089728596249,0.27426811420921904,0.0037582692493742798,0.014950282175959728,0.015415431388437088,0.20488424400797497
190,3,595.93524,559.8509,600.98,540.6061,589.19995,516.1156,40.3764918572154,600.6889018903408,549.003792648287,0.0973254997394406,-2.2579109716348285,2.260007568290086,-0.17120617126784055,-2.313711868920791,2.320037535356946,-1.5277187688304625
191,3,594.79083,559.82904,600.07983,539.9911,589.1992,514.9583,38.420802076340856,600.6929458729285,547.1000761200132,0.004043982587631945,-1.903716528273776,1.9037208234974812,-0.09328151715180866,0.35419444336105244,0.3662719551781011,-1.5686720732913897
213,3,587.0298,541.943,598.4248,537.3675,591.289,544.4404,157.1306882503595,599.9850662973047,544.6130541017333,-0.7078795756237923,-2.4870220182799585,2.585802005760425,-0.7119235582114243,-0.5833054900061825,0.9203697340785212,-1.8480926876399593
214,3,582.6512,531.41675,597.0905,537.0426,594.76215,549.7259,79.11551194725914,599.5236158517218,542.6982005469816,-0.461450445582841,-1.9148535547516303,1.969670188095854,0.24642913004095135,0.5721684635283282,0.6229799890759798,-1.807272187428363
215,3,586.014,540.9429,597.7922,536.97125,591.22687,546.14404,144.22685926497246,598.9906586343529,540.7806928228562,-0.532957217368903,-1.9175077241254712,1.9901957862548219,-0.07150677178606202,-0.0026541693738408867,0.07155601320873732,-1.841896251459043
216,3,586.0108,543.8717,597.7578,537.285,591.0304,544.06274,164.0664060104583,598.414483940357,539.2430334827218,-0.5761746939959949,-1.5376593401343825,1.6420638003146781,-0.043217476627091855,0.37984838399108867,0.38229902577256825,-1.929311792524925
217,3,582.3564,535.0367,596.78925,536.92114,593.37146,548.52576,98.9718555005138,597.9536275400621,538.1854174770066,-0.46085640029480146,-1.0576160057152038,1.1536638319881856,0.1153182937011934,0.4800433344191788,0.49370022461250535,-1.9817371518992193
220,3,585.93384,527.81354,596.99506,535.018,601.5126,545.85626,34.29575472727525,597.5481701406342,536.6179303157016,-0.40545739942797354,-1.567487161304939,1.6190774235986096,0.05539900086682792,-0.5098711555897353,0.5128719573143524,-1.823915503869616
221,3,585.08356,529.3516,597.577,536.25,602.7631,547.74536,36.81197160223824,597.271269270741,535.7433875835679,-0.27690086989321117,-0.8745427321337047,0.9173325907627515,0.12855652953476238,0.6929444291712343,0.7047685884071949,-1.8774335058381488
222,3,582.3522,526.9048,596.1411,534.62494,603.5662,546.8887,29.563489317686336,596.8577513408458,534.8185458172886,-0.41351792989519254,-0.9248417662793145,1.0130791533732435,-0.13661706000198137,-0.05029903414560977,0.14558232694790324,-1.9912550775217557
223,3,580.84467,527.51416,595.4328,535.1917,603.3312,547.0586,28.595747878185502,596.375139342067,534.1661240607273,-0.48261199877879335,-0.6524217565613526,0.8115223285898318,-0.06909406888360081,0.2724200097179619,0.28104564050991115,-2.207688259510022
224,3,578.62036,527.5105,595.6246,536.6747,603.5915,548.6926,28.13702768533169,595.8909562655234,533.8054300755899,-0.48418307654355885,-0.3606939851373454,0.6037660163717773,-0.001571077764765505,0.2917277714240072,0.2917320018533461,-2.5013289930425926
225,3,578.8565,527.63666,595.3774,536.20953,603.2105,548.2687,29.56855562644673,595.4633617574076,533.6780561154833,-0.427594508115817,-0.12737396010663815,0.4461627383411292,0.05658856842774185,0.23332002503070726,0.2400843605007021,-2.85207741813023
226,3,577.0294,528.2064,594.7107,535.8885,603.3353,547.727,30.44202607044461,595.1130620842083,533.7181436837781,-0.350299673199288,0.040087568294779885,0.35258598125183116,0.077294834916529,0.16746152840141804,0.18443929895581476,3.027650399145491
227,3,578.3126,528.75494,594.98895,536.53723,603.2063,547.67334,28.55945145668116,594.8514001674887,533.857971596284,-0.2616619167196177,0.13982791250589344,0.2966796315508362,0.08863775647967032,0.09974034421111355,0.13343458373712846,2.6508177779440434
228,3,580.2247,528.60834,596.0615,537.4538,602.60614,548.14355,29.338724466962976,594.6897189288114,534.029818668812,-0.1616812386772608,0.17184707252806675,0.23594965411434704,0.09998067804235689,0.03201916002217331,0.10498267757270703,2.3257242506126223
229,3,580.94434,527.83966,595.674,536.43005,602.9417,547.0512,25.36658235247936,594.6317100169173,534.1803416640953,-0.058008911894148696,0.15052299528326785,0.16131399805407398,0.10367232678311211,-0.0213240772447989,0.10584265496937677,1.9386381546169655
230,3,580.2102,527.92035,595.2914,535.76337,603.1526,546.80444,27.07244039977688,594.6504599892596,534.3137091325582,0.01874997234233433,0.13336746846289316,0.13467903737047984,0.07675888423648303,-0.01715552682037469,0.07865264400968602,1.4311229507539487
231,3,579.8203,527.08636,595.3742,535.712,603.2385,547.39154,27.034919980028462,594.7114041304694,534.4484675715486,0.06094414120980218,0.13475843899038864,0.1478986992063372,0.04219416886746785,0.0013909705274954831,0.042217089968693416,1.1460751103342117
232,3,580.37836,527.0999,595.5915,536.31354,603.6461,547.78424,23.723193824053517,594.7799777251777,534.6031634784134,0.06857359470825486,0.1546959068648448,0.16921336085530816,0.007629453498452676,0.01993746787445616,0.02134739295394225,1.1535448256564005
233,3,579.4668,526.84796,595.77826,536.7449,604.1025,548.1623,22.65782837621599,594.8216160580156,534.7819972471856,0.041638332837919734,0.17883376877216506,0.1836171767966646,-0.026935261870335125,0.024137861907320257,0.036168283197857094,1.3420393170399514
234,3,579.53424,526.95105,595.4062,536.03217,603.8841,547.7634,24.36927429866148,594.8017544136145,534.9317848586392,-0.019861644401089507,0.14978761145357566,0.1510986878277991,-0.06149997723900924,-0.029046157318589394,0.0680141636379872,1.7026260005466942
235,3,575.6881,526.54694,594.4276,535.1255,603.69653,548.1631,29.992221281094448,594.6858280766053,534.9849961902332,-0.11592633700922761,0.05321133159407054,0.12755532690715485,-0.0960646926081381,-0.09657627985950512,0.13621821830209613,2.7112714378194647
236,3,575.9951,525.7287,594.28265,534.98883,603.5391,548.19763,28.1220117848974,594.4493312715749,534.9000873607266,-0.23649680503035597,-0.08490882950661671,0.25127723358424237,-0.12057046802112836,-0.13812016110068726,0.18334234824860768,-2.7968983656626993
237,3,575.66943,525.68195,593.99585,534.75555,603.1415,547.89417,28.818166777770465,594.1079939829319,534.7394594540746,-0.34133728864298973,-0.16062790665205284,0.37724324912921675,-0.10484048361263376,-0.07571907714543613,0.12932480677691902,-2.7017534422297205
238,3,574.41064,525.4284,592.6886,534.5846,603.1289,546.9344,23.181182032115643,593.6876051350414,534.5914997955309,-0.42038884789053554,-0.14795965854364113,0.44566674094785524,-0.07905155924754581,0.012668248108411717,0.08006018691962018,-2.8031736473643623
239,3,574.6635,525.285,592.2362,534.90344,602.8083,545.93884,17.534132644098698,593.2139536522675,534.54459571035,-0.4736514827739029,-0.04690408518092681,0.4759681925723362,-0.053262634883367355,0.10105557336271431,0.11423282007543119,-3.0428878785303843
240,3,574.1492,525.273,591.5432,534.72327,602.4614,545.2878,15.541341367468462,592.7128284589749,534.6370116968104,-0.501125193292637,0.09241598646042348,0.5095754840119725,-0.02747371051873415,0.1393200716413503,0.14200312366922843,2.959224688549682
241,3,576.37317,526.0996,591.5455,535.52423,602.3455,543.966,6.165260479832287,592.210018479528,534.7065209452884,-0.5028099794468517,0.06950924847797069,0.507591775992594,-0.0016847861542146347,-0.022906737982452796,0.022968612265049426,3.0042217395582766
242,3,575.35864,525.82074,590.5952,534.952,601.736,544.35516,9.230928031492873,591.7313126382917,534.5982313417334,-0.47870584123631943,-0.10828960355502204,0.4908013046762163,0.024104138210532255,-0.17779885203299273,0.1794253083127419,-2.9191237240692844
243,3,575.6827,525.5611,590.6978,533.8058,602.03375,543.7009,12.346893211176887,591.3024998596304,534.387080862291,-0.42881277866126766,-0.21115047944238086,0.47798004572570246,0.04989306257505177,-0.10286087588735882,0.11432269014256385,-2.684037751551954
244,3,574.98584,525.5294,591.1798,533.4808,603.16046,543.09894,12.606375015455562,590.9800886785695,534.1830942200293,-0.3224111810609429,-0.20398664226172514,0.38152263352824184,0.10640159760032475,0.007163837180655719,0.10664248935134803,-2.5774818615184407
245,3,576.7237,524.91595,592.9266,533.4861,603.3013,542.89636,14.333769607773728,590.943466072779,534.0068129855106,-0.03662260579051235,-0.17628123451868305,0.18004524125429752,0.28578857527043056,0.027705407743042088,0.2871283674130976,-1.7756335578459763
246,3,576.8488,525.1417,593.1358,533.5504,603.1638,542.2706,13.70322153978852,591.2830415755709,533.8564079436713,0.3395755027919449,-0.1504050418392353,0.37139359001881594,0.3761981085824573,0.02587619267944774,0.37708698498967347,-0.41695126038723584
247,3,576.49274,525.3609,593.01154,533.98834,603.4362,542.76917,12.530636342899118,591.6104365001811,533.7300498794477,0.32739492461018926,-0.1263580642236093,0.3509327528955502,-0.012180578181755664,0.02404697761562602,0.026955956990770722,-0.36833592408449345
248,3,573.239,523.97314,592.01135,534.70514,603.14685,544.9747,12.927034425177288,591.5422394449467,533.621901818999,-0.06819705523435005,-0.10814806044868419,0.1278547665183009,-0.3955919798445393,0.0182100037749251,0.39601088211664737,-2.1334051222941874
249,3,569.08887,522.776,590.414,532.811,602.83075,543.91327,16.600846668601683,591.1936963686818,533.5100957533766,-0.34854307626494574,-0.11180606562243156,0.3660367089817622,-0.2803460210305957,-0.0036580051737473696,0.28036988516875055,-2.8311812357662465
250,3,569.1614,522.50854,590.1484,532.6906,602.75055,544.07324,16.20837784671891,590.8047175703199,533.3687559148553,-0.3889787983619044,-0.14133983852127585,0.41386163814527605,-0.04043572209695867,-0.02953377289884429,0.05007286054483987,-2.793064618429367
251,3,570.9799,523.03656,590.51953,533.32007,602.8548,543.36304,11.393955233636804,590.5628527851159,533.1911904306306,-0.24186478520402943,-0.17756548422471496,0.3000467888675844,0.14711401315787498,-0.03622564570343911,0.15150851551660888,-2.50831174124812
252,3,571.87305,523.64056,590.5136,533.21594,603.01276,543.6496,12.664529981468071,590.4462094936101,533.0474430075833,-0.11664329150573849,-0.1437474230473299,0.18511882423470802,0.12522149369829094,0.03381806117738506,0.1297076857623652,-2.2524777582502695
253,3,571.3533,523.1512,590.8085,533.29395,602.93994,543.13617,11.51751784648475,590.3805346126642,533.0267412475143,-0.06567488094594864,-0.02070176006895963,0.06886038670540051,0.050968410559789845,0.12304566297837027,0.13318413589004502,-2.8362355219279536
254,3,570.51373,523.18195,590.07086,533.7496,602.5712,543.06836,8.319397882422123,590.2915750591396,533.2183127522253,-0.08895955352454621,0.1915715047109643,0.211218947020644,-0.023284672578597565,0.21227326477992392,0.2135465169873304,2.0055337053570716
255,3,573.8266,524.4111,591.3172,536.3673,602.3509,543.84534,0.2289973045921944,590.1113046694603,533.6371687531328,-0.18027038967932185,0.41885600090745356,0.45600193299077063,-0.09131083615477564,0.22728449619648927,0.244940627521398,1.9772213761505741
256,3,573.3006,524.0982,589.0197,535.0332,599.3776,542.97504,2.6543906382663827,589.7966049582974,534.0014550001137,-0.3146997111629162,0.36428624698089607,0.4813942022349763,-0.13442932148359432,-0.054569753926557496,0.14508308143317258,2.2832936283293432
257,3,573.20856,524.10187,587.45593,533.6749,597.6213,542.4275,6.831274995721114,589.3596829359743,534.0577016044688,-0.4369220223230741,0.056246604355123964,0.4405275633741511,-0.12222231116015791,-0.3080396426257721,0.33140113876440414,3.013563070108483
258,3,572.4775,524.0934,588.3847,533.634,597.8176,542.5096,12.302639134961776,589.0091399171771,533.9628416047316,-0.35054301879722516,-0.09485999973719572,0.3631512461463027,0.08637900352584893,-0.15110660409231969,0.17405326210798713,-2.8773135409709774
259,3,573.049,523.3407,590.23474,533.85645,598.88275,543.409,16.383175826610866,588.9290679968244,533.9205308166141,-0.08007192035267963,-0.04231078811744737,0.0905633216047501,0.27047109844454553,0.05254921161974835,0.2755286459438585,-2.6554763548694966
260,3,572.27734,523.1762,590.4382,533.61945,598.93787,542.8192,17.364369223630923,589.0091280864059,533.9109132373073,0.08006008958147959,-0.009617579306791413,0.08063569789812053,0.16013200993415921,0.03269320881065596,0.1634353282123875,-0.11955659528150485
261,3,573.3795,523.4983,590.28784,534.1449,600.5694,542.1826,5.819619693022769,589.0653733015536,533.8582549093722,0.056245215147669114,-0.05265832793509162,0.07704819094519505,-0.023814874433810473,-0.04304074862830021,0.049189981569245235,-0.7524736971128398
262,3,571.75055,522.7241,588.07117,533.19135,599.68207,542.1063,4.843389644631416,588.9138567578997,533.68682187537,-0.15151654365388367,-0.1714330340022343,0.22879368030614494,-0.2077617588015528,-0.11877470606714269,0.23931648338894407,-2.2946019073880257
263,3,568.26276,522.00616,586.47534,531.5082,598.62714,542.439,14.41985603869918,588.4292620293589,533.3458553447686,-0.4845947285407419,-0.3409665306014631,0.5925286709686493,-0.33307818488685825,-0.16953349659922878,0.37374146641319433,-2.5284468265477202
264,3,566.5223,520.92017,585.94867,531.29395,598.78955,542.1651,12.148999104521392,587.7207945229766,532.8844971946626,-0.7084675063823624,-0.4613581501059798,0.8454451787483649,-0.22387277784162052,-0.12039161950451671,0.25419119320984335,-2.56437023659304
265,3,566.44037,521.3749,586.3142,532.1081,599.47565,542.11096,8.86326116462989,586.9562901040803,532.3768644690549,-0.7645044188963084,-0.5076327256076638,0.9176916642423248,-0.056036912513945936,-0.04627457550168401,0.0726737359845817,-2.5554368504969895
266,3,562.71674,519.86475,584.5907,529.8895,598.3983,542.0343,16.712045157794684,586.2755396991669,531.8843829719235,-0.6807504049133968,-0.49248149713139355,0.8402137459042982,0.0837540139829116,0.015151228476270262,0.08511342187099456,-2.5153083065456396
267,3,563.57214,519.8108,584.96893,530.77246,598.9265,541.65424,10.814868708862596,585.7061544794085,531.4177135471541,-0.5693852197583738,-0.46666942476940676,0.7361928283363677,0.11136518515502303,0.025812072361986793,0.11431739825692765,-2.4550128636510418
268,3,563.4086,519.80927,585.0197,530.0794,598.62256,541.8753,15.512394289824934,585.2477006771463,530.9748257986083,-0.45845380226217003,-0.44288774854578605,0.6374397592091321,0.11093141749620372,0.023781676223620707,0.11345196125110478,-2.3734626461559953
269,3,564.87384,519.78436,585.43726,530.4028,598.4281,541.8203,14.00134077482818,584.8997445247218,530.5536893301481,-0.34795615242455824,-0.42113646846019037,0.5462869292571655,0.11049764983761179,0.02175128008559568,0.11261815486411371,-2.261328602023835
270,3,563.18054,519.0801,585.2452,529.62964,599.02026,542.14795,16.71001423610317,584.6618522544755,530.1522737456354,-0.2378922702462205,-0.4014155845127334,0.4666124770434244,0.11006388217833774,0.01972088394745697,0.11181668669673626,-2.1057815787729033
271,3,563.57916,518.4145,585.19604,529.45087,598.8739,542.02374,15.543329626889236,584.5335900987491,529.768548648932,-0.1282621557264747,-0.38372509670341515,0.4045937844698652,0.1096301145197458,0.017690487809318256,0.1110482569360916,-1.893376441273585
272,3,563.51117,518.07153,585.1178,529.1083,598.76306,541.63135,15.48633644531933,584.5145242898833,529.4004836438995,-0.01906580886577558,-0.368065005032463,0.36855847975220063,0.10919634686069912,0.01566009167095217,0.110313556006797,-1.6225501833661156
273,3,563.16925,518.4106,585.4593,528.5477,598.90265,542.1247,20.82803782396877,584.5934231853281,529.0814285573214,0.07889889544480866,-0.3190550865781461,0.32866576331251657,0.09796470431058424,0.0490099184543169,0.10954019991564282,-1.32837057353508
274,3,565.09265,520.73376,586.17035,529.9016,598.9678,542.33124,20.657859621664905,584.7158636429696,528.9862541076645,0.12244045764145994,-0.09517444965683808,0.15508011327998233,0.043541562196651284,0.223880636921308,0.2280754419634332,-0.6607529523365978
275,3,567.295,523.7548,587.5422,531.656,599.83386,542.36865,19.75580326115508,584.8276554572026,529.1904776564285,0.11179181423301543,0.20422354876393456,0.23281895884838114,-0.010648643408444514,0.29939799842077264,0.29958730791674937,1.069952057515905
282,3,573.9201,538.1239,585.3114,530.6,594.82306,539.038,75.02177276270646,585.0841369398779,529.445656411933,0.25648148267532633,0.25517875550451663,0.36179959676064816,0.1446896684423109,0.05095520674058207,0.15339991280284784,0.7828520903227227
283,3,585.6864,542.8999,585.55444,531.3364,585.2848,535.6769,175.79117733302363,585.0666841882689,529.7540565476501,-0.017452751608971084,0.30840013571707914,0.3088935775457905,-0.2739342342842974,0.05322138021256251,0.27905641011210347,1.627327287992847
284,3,587.4983,536.26373,585.854,532.10895,582.13995,542.10913,138.03353631684612,585.0931811775888,530.1369966969995,0.02649698931986677,0.38294014934945153,0.38385576513424596,0.043949740928837855,0.07454001363237239,0.08653203661087741,1.5017128852703552
285,3,589.9975,536.8093,585.66077,531.7018,580.00665,542.82526,112.72152042317435,585.2215462923665,530.4999375692042,0.12836511477769363,0.3629408722047174,0.38497230992450804,0.10186812545782686,-0.01999927714473415,0.1038127452223639,1.2308464219377437
0,4,619.7996,728.8195,636.3302,744.7118,642.01807,767.1448,31.900351443387663,636.2930678390401,744.7595317506732,,,,,,,
1,4,619.9391,729.0764,635.80994,744.73676,641.2086,767.16455,31.84811513798894,635.9890867643528,744.5181302635436,-0.30398107468727176,-0.24140148712956488,0.38817415132436905,,,,-2.470439232681555
2,4,616.78864,729.0553,635.2817,743.729,641.2946,765.6522,36.23148735634008,635.2933985667534,744.2709540346488,-0.695688197599452,-0.24717622889488666,0.7382940853141596,-0.39170712291218024,-0.005774741765321778,0.39174968766113144,-2.8002063370901316
3,4,615.8214,728.62195,634.3831,744.6188,640.46893,766.56445,33.74524980805148,634.3055659833533,744.1866992874681,-0.9878325834000634,-0.08425474718069381,0.9914192227556039,-0.2921443858006114,0.16292148171419285,0.3345022441759764,-3.0565060476521726
4,4,613.71655,728.1466,632.382,743.9379,638.67065,764.79034,32.98601612205377,633.2190649133305,743.9362903583202,-1.0865010700227913,-0.2504089291478522,1.1149839491928324,-0.09866848662272787,-0.16615418196715837,0.19324254820715597,-2.9150752793206953
5,4,614.5417,728.3108,632.3929,743.28296,638.72894,763.73535,32.80000295819137,632.4537166387005,743.4787605415994,-0.7653482746300142,-0.4575298167208075,0.8916790424069163,0.3211527953927771,-0.20712088757295533,0.38214942111378863,-2.60278792515698
6,4,615.8392,728.3309,632.67145,742.50244,638.66797,761.9801,32.793174763451375,631.9453724533284,742.8882771820374,-0.5083441853720387,-0.5904833595619721,0.7791562158650567,0.25700408925797547,-0.13295354284116456,0.2893574717358078,-2.2815816059587997
7,4,613.8221,726.8857,632.1355,741.3215,639.3168,760.5592,31.28244649056794,631.5579600316169,742.2594884338621,-0.38741242171158774,-0.6287887481753387,0.7385551261269172,0.120931763660451,-0.03830538861336663,0.12685343613339062,-2.1229880962807623
8,4,614.3364,726.7158,632.0938,741.3899,639.4645,759.9905,28.814447040682055,631.17475295946,741.6921626536742,-0.38320707215689254,-0.5673257801878435,0.6846212098794509,0.0042053495546952036,0.061462967987495176,0.061606666836544824,-2.164863394860996
9,4,612.1733,726.4891,630.5392,741.63855,638.42664,759.40125,26.538396805899907,630.6790248227516,741.286068198075,-0.4957281367084079,-0.40609445559925916,0.6408268817651523,-0.11252106455151534,0.16123132458858436,0.19661263946246113,-2.4552608298689482
10,4,610.85376,727.39484,629.316,742.12616,637.55975,759.41595,25.921227964634863,629.984422861902,741.1024831631449,-0.6946019608495817,-0.1835850349300472,0.7184534425182681,-0.19887382414117383,0.22250942066921198,0.2984312989870246,-2.883198767467924
11,4,609.5163,726.8859,628.1686,741.65393,637.01825,759.2946,24.988260100611505,629.1260889353867,741.0487246028825,-0.858333926515229,-0.053758560262394894,0.8600157627674833,-0.1637319656656473,0.1298264746676523,0.20895710111256632,-3.0790430664549344
12,4,608.68756,726.63617,627.7326,741.4157,636.9716,760.02136,25.779799321387237,628.169538556198,740.9936193107658,-0.9565503791887977,-0.05510529211676385,0.9581363270148495,-0.09821645267356871,-0.0013467318543689544,0.09822568534994772,-3.0840479024813767
13,4,607.6598,726.0541,627.0202,740.8272,636.8197,759.4016,24.838961085447245,627.1802872373273,740.8059940802723,-0.9892513188706289,-0.1876252304934951,1.006886984226639,-0.03270093968183119,-0.13251993837673126,0.13649500182588156,-2.95415514852776
14,4,605.8222,725.47455,625.79816,740.0905,636.6902,758.2452,22.845916859541216,626.218676955702,740.3978454948316,-0.961610281625326,-0.4081485854406992,1.0446432891302095,0.02764103724530287,-0.2205233549472041,0.22224890779746653,-2.7401940321838687
15,4,603.99744,724.5207,624.68384,739.465,636.7395,757.9621,21.0600731200441,625.3243555439908,739.8538492976799,-0.8943214117111893,-0.5439961971517278,1.0467772685536478,0.06728886991413674,-0.13584761171102855,0.1515993589099637,-2.5951084827678916
16,4,603.93164,724.1666,624.0069,738.5503,636.42395,756.6559,19.936048138329987,624.5317972987968,739.301851022004,-0.792558245193959,-0.5519982756758282,0.9658419479262719,0.10176316651723027,-0.008002078524100398,0.10207730071039009,-2.5332353003096193
17,4,604.7715,724.74615,624.1183,738.5891,636.0075,755.0968,18.65334695402836,623.8754765167246,738.8696962009917,-0.656320782072271,-0.4321548210123183,0.7858210727030335,0.13623746312168805,0.11984345466350987,0.18144723746455346,-2.5592996767155762
18,4,605.943,725.48645,624.3053,739.19104,634.9848,754.1047,17.65834060937408,623.3664314008954,738.617827670058,-0.5090451158291671,-0.2518685309337343,0.567947785297423,0.14727566624310384,0.180286290078584,0.23279447643286008,-2.682124726014805
19,4,605.30273,724.6565,623.9166,738.2149,634.9133,753.97974,19.03274640976194,622.9219557805054,738.3370774735268,-0.4444756203899942,-0.2807501965311303,0.5257178425480141,0.0645694954391729,-0.028881665597396022,0.07073450606987497,-2.5782301514002604
20,4,606.1068,724.234,623.7634,737.7526,634.9502,753.0659,16.411774151577298,622.4157197788312,737.8353675375484,-0.5062360016742105,-0.501709935978397,0.7127325930884166,-0.06176038128421624,-0.22095973944726666,0.2294287496216979,-2.360684845385589
21,4,601.63,722.72095,620.7491,736.2766,634.1519,753.39,16.595634224509233,621.640643069399,737.2585901066669,-0.7750767094322555,-0.5767774308815206,0.9661346232687349,-0.268840707758045,-0.07506749490312359,0.2791244434636226,-2.5018426674308634
22,4,600.3911,723.07324,618.54034,736.3004,632.4401,753.11505,14.336638573310289,620.4634616250299,736.7909494199628,-1.1771814443690118,-0.4676406867041578,1.2666664773443121,-0.40210473493675636,0.10913674417736274,0.4166521892276509,-2.7634552807589605
23,4,599.6169,723.5696,617.0545,736.6908,630.71,753.2596,13.545438799368046,619.1269270654759,736.4319273762677,-1.3365345595540248,-0.3590220436950631,1.3839152635697212,-0.15935311518501294,0.10861864300909474,0.1928507841008306,-2.879166012199599
24,4,599.4186,723.9997,616.82745,736.7507,630.9622,753.56683,13.730786961059254,617.9093436030273,736.1348252893505,-1.2175834624486015,-0.29710208691722073,1.253307279991181,0.11895109710542329,0.061919956777842344,0.1341023659371963,-2.9022598862494866
25,4,599.04724,723.77594,616.83,736.45245,630.7327,753.1978,14.815791760959502,616.8552101732005,735.8529444729809,-1.054133429826834,-0.2818808163696076,1.0911709685084556,0.1634500326217676,0.01522127054761313,0.16415724242670662,-2.8803008372815846
26,4,597.0736,722.8249,615.27313,735.28735,630.6571,752.4232,13.68149383979899,615.9483762310658,735.5461019691171,-0.9068339421346536,-0.306842503863777,0.9573401280552635,0.14729948769218026,-0.024961687494169382,0.14939954791409288,-2.8153188357077603
27,4,597.0502,721.6402,615.11694,735.0231,630.35455,752.1666,11.839490877552596,615.163898586683,735.2001777324738,-0.7844776443828323,-0.3459242366433273,0.8573615060368096,0.12235629775182133,-0.03908173277955029,0.12844627451422844,-2.7262807340767115
28,4,597.5258,720.76263,615.26215,734.7658,630.21063,751.93274,10.659792724770334,614.4746358888585,734.8075674459545,-0.6892626978244607,-0.39261028651924335,0.7932376085971821,0.0952149465583716,-0.04668604987591607,0.10604467596786782,-2.623819236098823
29,4,596.665,720.19025,614.7852,734.187,630.1387,751.59326,10.901723274392374,613.8534467863999,734.360666792463,-0.6211891024586293,-0.4469006534915252,0.7652425073821434,0.06807359536583135,-0.054290366972281845,0.0870715701708426,-2.517946606187873
30,4,597.4136,720.32135,614.6645,734.02527,629.99036,751.1528,9.714279426193336,613.2722853471761,733.8589281993641,-0.5811614392238198,-0.5017385930989349,0.7677826738378511,0.04002766323480955,-0.05483793960740968,0.06789266119710757,-2.4294061369977378
31,4,596.69073,719.72675,613.5576,732.7551,628.6229,749.44885,10.251887116869158,612.6994873153064,733.330031071867,-0.5727980318696382,-0.5288971274970891,0.779634373785817,0.008363407354181618,-0.027158534398154188,0.028417117609421675,-2.3960219227775807
32,4,595.3878,718.537,611.9411,731.81915,625.9617,748.9809,12.009171569938548,612.1024838539722,732.8087115596435,-0.597003461334225,-0.5213195122234993,0.792582592964287,-0.024205429464586814,0.0075776152735897995,0.025363814161116008,-2.4237677415740206
33,4,595.7554,718.4915,611.835,731.935,624.4856,749.0698,13.664200041078184,611.448706126355,732.3297058123641,-0.6537777276172392,-0.479005747279416,0.81047629395009,-0.056774266283014185,0.04231376494408323,0.07080799400998258,-2.509272905243635
34,4,596.1853,718.94275,611.1487,732.3001,623.04486,748.42096,11.820667119452722,610.7177537039145,731.9195628525475,-0.7309524224405095,-0.4101429598165396,0.8381579155258994,-0.07717469482327033,0.06886278746287644,0.10343121877954549,-2.6302615504064244
35,4,593.8175,717.31665,609.78955,731.79364,622.7417,748.87604,10.640981734199087,609.937899791224,731.5720831941068,-0.7798539126904416,-0.34747965844076134,0.8537647440417642,-0.04890149024993207,0.06266330137577825,0.07948613141910865,-2.7224286587554984
36,4,591.5704,717.11163,608.61005,731.9201,621.98596,748.7662,10.557618513946649,609.1495860011354,731.272880223802,-0.7883137900886368,-0.2992029703048047,0.8431850621797857,-0.008459877398195204,0.04827668813595665,0.0490123264390593,-2.77884061659009
37,4,591.62427,717.1506,608.3379,731.6808,621.065,747.922,10.914157778218236,608.3932539465004,731.0075673283934,-0.7563320546349814,-0.26531289540855596,0.8015167554945086,0.03198173545365535,0.033890074896248734,0.04659794608242883,-2.8042151939383912
38,4,591.096,716.39166,607.8424,731.1468,621.14386,747.28485,9.12065666532968,607.7093452401709,730.7617578946413,-0.6839087063294755,-0.24580943375212883,0.7267416296833416,0.0724233483055059,0.019503461656427135,0.07500350922699782,-2.7965519622346107
39,4,590.5932,715.8924,607.82733,730.3961,621.368,746.2328,9.385985486175574,607.127269264496,730.5210653093068,-0.5820759756749112,-0.2406925853345001,0.6298772595457828,0.10183273065456433,0.0051168484176287166,0.10196120424109376,-2.749496672047543
40,4,590.30695,716.5512,608.1055,731.17615,621.37726,746.9844,10.575348011319544,606.6323064798142,730.2711029591493,-0.4949627846817748,-0.2499623501574888,0.5544991746758439,0.08711319099313641,-0.00926976482298869,0.08760500319548069,-2.6739431593648852
41,4,588.4429,715.87994,606.8441,730.191,621.27924,746.0438,9.807023160637597,606.1987051159626,729.9974842309301,-0.43360136385160786,-0.2736187282191622,0.5127156630787149,0.061361420830166935,-0.023656378061673422,0.06576357798427385,-2.578663528675721
42,4,588.15674,715.6865,606.5896,729.5331,620.9694,745.1837,10.509720999484204,605.8007134027764,729.6858225114092,-0.3979917131862294,-0.3116617195208846,0.505500179208301,0.03560965066537847,-0.038042991301722395,0.052108698004202855,-2.477250582184799
43,4,587.0579,715.9606,605.9662,729.0019,620.541,745.23615,13.488455526014857,605.4139787714124,729.321910131403,-0.3867346313639928,-0.3639123800062407,0.5310328571925187,0.011257081822236614,-0.05225066048535609,0.0534495408054034,-2.3865885673656777
44,4,587.1397,716.097,605.6526,728.864,619.5846,744.7388,14.1378740644964,605.0197454583086,728.8922551979495,-0.3942333131037685,-0.42965493345354844,0.583115140432614,-0.007498681739775748,-0.06574255344730773,0.0661688262069576,-2.313227716464628
45,4,584.01685,714.9796,604.6431,727.65875,619.0818,743.549,16.160814762700245,604.6006569012237,728.3835447621435,-0.4190885570849332,-0.5087104358059378,0.6591066121481398,-0.024855243981164676,-0.07905550235238934,0.08287071621237418,-2.2598970369665956
46,4,584.5949,714.42267,604.5889,726.82544,617.31714,742.1978,18.563168453651663,604.1393565379151,727.782465875079,-0.4613003633086237,-0.6010788870645456,0.757689813619941,-0.04221180622369047,-0.09236845125860782,0.1015567199774599,-2.2253746995342403
48,4,583.11176,713.18677,602.7472,724.26013,614.47754,740.87244,25.35242111682902,603.0206941436619,726.3490938705764,-1.1186623942531924,-1.4333720045025302,1.818230143740854,-0.6573620309445687,-0.8322931174379846,1.0605831759283224,-2.233496796812701
49,4,581.7159,712.3948,601.416,723.6365,613.8476,740.563,23.99394946464881,602.3286189882333,725.6264963689854,-0.6920751554285971,-0.7225975015910535,1.0005574296696564,0.42658723882459526,0.7107745029114767,0.8289614383775937,-2.334622283196875
50,4,580.43646,711.85034,600.18884,723.6882,613.515,741.1053,21.644976142258766,601.5249057776149,724.9729077961764,-0.8037132106184117,-0.6535885728089852,1.0359213036852952,-0.11163805518981462,0.06900892878206832,0.13124514321761652,-2.458847863116378
51,4,580.77234,713.0498,599.38806,724.7205,612.989,740.7379,17.579451985049314,600.5921979495647,724.4071604318066,-0.9327078280501837,-0.5657473643698268,1.0908776158660038,-0.12899461743177199,0.08784120843915844,0.15606309373590185,-2.59636036378753
52,4,579.6086,713.83875,598.1373,725.159,612.0158,741.4929,18.223278511734023,599.5312342498952,723.9359348942237,-1.0609636996695144,-0.47122553758288177,1.1609037338585397,-0.12825587161933072,0.09452182678694498,0.15932339546964053,-2.723615399860778
53,4,578.3095,712.8149,597.3012,724.5588,611.64075,741.28955,17.669516672139956,598.4151346566349,723.5510747251085,-1.1160995932602873,-0.3848601691151998,1.1805912297858048,-0.055135893590772866,0.08636536846768195,0.10246435298488689,-2.8095345950644917
54,4,576.9534,711.4581,596.6402,723.8532,610.85236,740.50653,17.327015073533776,597.3351144558671,723.2407141969746,-1.0800202007677626,-0.31036052813385595,1.1237291895692505,0.036079392492524676,0.07449964098134387,0.08277631949403633,-2.86176708142195
55,4,575.31036,710.518,595.8662,723.3125,611.105,740.09326,15.857894956029504,596.3823889336749,722.9929875823357,-0.9527255221922815,-0.24772661463896384,0.9844056055493777,0.12729467857548116,0.06263391349489211,0.14186945518088342,-2.887206919035965
56,4,576.4252,710.64874,596.3768,723.52,610.8443,739.8718,15.6716089273622,595.6402155767413,722.7909447208376,-0.7421733569335629,-0.2020428614980574,0.7691830793929082,0.21055216525871856,0.04568375314090645,0.21545120003419338,-2.8758022438506456
57,4,575.76324,709.76886,595.8918,723.0037,610.7392,739.3438,14.41454782909645,595.1600206741507,722.5972977206566,-0.48019490259059694,-0.19364700018104486,0.5177705139857913,0.26197845434296596,0.008395861317012532,0.2621129547107201,-2.758272639632822
58,4,577.2327,710.4433,596.40607,723.1605,610.5496,738.4029,13.586059841441138,594.9268506336438,722.3696742571016,-0.23317004050693413,-0.2276234635550054,0.32585381530800306,0.2470248620836628,-0.03397646337396054,0.24935052145695366,-2.3682309209271013
59,4,577.33484,710.5139,596.1458,722.9256,609.95074,737.6998,13.525244012458051,594.6920635351822,722.0657020054812,-0.23478709846153833,-0.30397225162039376,0.38408867642662947,-0.0016170579546042063,-0.07634878806538836,0.07636591068979756,-2.2284777815920145
60,4,576.4254,709.8545,595.36456,722.18744,608.05426,737.5901,17.444405017377097,594.2096383025067,721.6572496806068,-0.48242523267549586,-0.4084523248743608,0.6321134445788008,-0.24763813421395753,-0.10448007325396702,0.268776359124318,-2.4390382012696814
61,4,574.7887,708.03015,593.06934,720.48004,604.86957,735.8679,18.26060091302781,593.4777255622524,721.1731501553018,-0.7319127402543018,-0.48409952530505507,0.8775241362761144,-0.2494875075788059,-0.07564720043069428,0.2607038844568419,-2.5572332491976586
62,4,574.4122,707.8681,591.8374,719.8333,603.47,735.0442,18.117082618126584,592.5555188667774,720.6564773418918,-0.9222066954749835,-0.5166728134099685,1.0570789872549076,-0.1902939552206817,-0.032573288104913445,0.19306167017690617,-2.6309086606577963
63,4,571.5256,706.0022,590.0978,719.2218,603.68585,734.9984,13.81928014534472,591.5022117684401,720.1503051527027,-1.0533070983373136,-0.5061721891891011,1.168617186471369,-0.13110040286233016,0.010500624220867394,0.1315202598069709,-2.6936215516915234
64,4,569.7945,705.65393,588.7568,719.6014,602.77795,735.3303,11.949543767623812,590.3769978195988,719.6839095546763,-1.1252139488412922,-0.4663955980263381,1.2180440404703599,-0.0719068505039786,0.039776591162763,0.08217525390244391,-2.7486533416733385
65,4,569.2811,705.6542,588.18115,719.9359,602.389,735.22705,10.026797587153228,589.2390705726121,719.2313747332186,-1.137927246986692,-0.4525348214577889,1.2246085840245218,-0.012713298145399676,0.013860776568549227,0.01880821833181086,-2.7630849052834447
66,4,567.88293,704.0254,587.1781,718.67035,602.35223,734.9631,9.837572099782102,588.147623579838,718.7529869283508,-1.0914469927741948,-0.4783878048677934,1.1916842828039897,0.04648025421249713,-0.025852983410004526,0.05318637779409617,-2.7285058706221323
67,4,567.0046,703.50806,586.60815,717.73047,601.6661,734.67737,12.416843122400255,587.161850393635,718.2090323800945,-0.985773186203005,-0.543954548256238,1.1258931233494023,0.10567380657118974,-0.06556674338844459,0.1243621776659261,-2.6373647216869407
68,4,566.51733,700.9775,586.4302,716.34595,602.1031,733.6964,10.247568800877575,586.325795418612,717.5712192163128,-0.8360549750229893,-0.6378131637817432,1.051567189082071,0.14971821118001571,-0.09385861552550523,0.17670592086092757,-2.4898964978616456
69,4,566.2043,700.66736,586.196,716.07715,602.0217,732.5325,8.491927266242614,585.6229064683813,716.8569431162334,-0.7028889502306583,-0.7142761000793598,1.0021193658945708,0.13316602479233097,-0.07646293629761658,0.1535570603594803,-2.3481595017555734
70,4,565.9844,700.247,585.7107,715.2367,601.3069,731.58795,9.12332778667566,585.0214822088054,716.0950216469257,-0.6014242595758788,-0.7619214693077083,0.9706881401348277,0.10146469065477959,-0.0476453692283485,0.11209444526191195,-2.2390107980861957
71,4,565.6319,699.7724,585.05505,714.3673,600.46313,730.84576,10.000715662490869,584.4898213057471,715.3142723754587,-0.5316609030583095,-0.7807492714670161,0.9445807221921553,0.06976335651756926,-0.018827802159307794,0.07225933882030411,-2.1686307913947487
72,4,566.6726,700.6471,585.4909,714.19495,600.091,730.26154,11.986598741285166,583.9962224250694,714.5435128689014,-0.4935988806777232,-0.7707595065572832,0.915265028259426,0.03806202238058631,0.009989764909732912,0.039351149292644355,-2.1403973684369095
73,4,566.59186,699.5852,585.0472,713.60864,598.937,731.02924,14.204162481881902,583.5191720240958,713.8115606943234,-0.4770504009735532,-0.7319521745780548,0.8736882000682916,0.01654847970416995,0.038807331979228366,0.042188401200630554,-2.148401339985617
74,4,564.8111,698.82806,584.0983,713.0168,597.6465,731.45685,17.354605793092468,583.0779077259944,713.1472334187932,-0.44126429810148693,-0.6643272755301268,0.7975242377459627,0.035786102872066294,0.06762489904792801,0.07650994791536958,-2.1571082210739774
75,4,563.81433,698.00824,582.97766,712.2532,596.67053,730.7754,16.900659875456086,582.7018549453941,712.5793486093805,-0.3760527806002756,-0.5678848094127034,0.6811085453574206,0.06521151750121135,0.09644246611742346,0.1164203216179253,-2.1556995832213657
76,4,565.0775,699.05756,583.6433,712.6513,596.41394,730.85345,18.735166104326275,582.4204390969238,712.1367238331545,-0.28141584847026024,-0.4426247762260118,0.5245107933106463,0.09463693213001534,0.12526003318669154,0.15699116165221594,-2.137116246339894
77,4,565.0767,698.7741,583.69037,712.77637,596.05817,731.1397,19.08696028788436,582.2470510565133,711.83831281494,-0.1733880404104866,-0.2984110182145514,0.3451268583423114,0.10802780805977363,0.1442137580114604,0.18018772242854772,-2.0971562314922974
78,4,564.99036,698.66394,583.4805,712.84686,595.8405,731.0775,18.373493862087955,582.1309435452945,711.6636139105859,-0.11610751121884277,-0.17469890435404523,0.20976334604486443,0.057280529191643836,0.12371211386050618,0.13632954976933506,-2.15737719605408
79,4,565.76,699.14935,583.82947,713.38495,595.625,731.3006,18.40740765141372,582.0053347456999,711.5822616336968,-0.1256087995946018,-0.08135227688910618,0.14965214161728072,-0.009501288375759032,0.09334662746493905,0.09382892592307261,-2.566861481592334
80,4,563.7633,698.1509,582.5675,713.0846,595.33435,731.14246,16.28429254994981,581.8034428401622,711.5638904978779,-0.20189190553765002,-0.018371135818938455,0.20272602238711557,-0.07628310594304821,0.06298114107016772,0.09892288098725535,-3.0508476511719826
81,4,562.247,697.6613,581.2951,712.97253,594.8623,731.0998,14.39429871290221,581.4708650529122,711.5781350167335,-0.33257778724998843,0.014244518855662136,0.3328826983931846,-0.13068588171233841,0.03261565467460059,0.13469439709499464,3.098788177085655
82,4,561.5642,697.44794,580.69214,712.9221,594.80756,731.0991,13.196448302652788,581.0027147753718,711.5946297038682,-0.46815027754041694,0.016494687134695596,0.4684407722058797,-0.1355724902904285,0.00225016827903346,0.135591162620697,3.106373478440888
83,4,561.3146,697.8076,580.3502,712.88477,594.30865,730.5809,13.353191510502931,580.4064844407613,711.5830090728874,-0.5962303346104818,-0.011620630980814894,0.5963435678986732,-0.12808005707006487,-0.02811531811551049,0.13112960051722655,-3.122104950245697
84,4,559.45795,696.906,579.1026,711.88184,594.1312,728.9114,11.251864132604254,579.6896664823006,711.5129076373954,-0.7168179584607515,-0.0701014354920062,0.7202375974842465,-0.12058762385026967,-0.05848080451119131,0.13402007134056562,-3.0441073341835403
85,4,556.57965,695.1259,577.01746,710.73425,593.7481,727.2869,7.324720337063026,578.8615097999766,711.3317941143561,-0.8281566823239928,-0.18111352303935746,0.8477296731303031,-0.11133872386324128,-0.11101208754735126,0.157225936197295,-2.9262876763200767
86,4,556.6405,695.66437,576.9724,710.61475,591.8377,726.4215,10.430508939767174,577.9382891608406,710.8984740341689,-0.9232206391360478,-0.4333200801871726,1.0198542250832667,-0.09506395681205504,-0.25220655714781515,0.2695279268519654,-2.702758547847699
87,4,555.8282,695.4343,575.2878,709.3288,589.7747,726.13556,13.712142322100608,576.9380357987116,710.137130205194,-1.0002533621290013,-0.7613438289748728,1.2570406574047202,-0.0770327229929535,-0.32802374878770024,0.3369475035972894,-2.4909930306892227
88,4,554.02496,695.6305,573.8126,708.03156,588.3143,725.0159,17.432884026012303,575.8787809474076,709.3221177341943,-1.05925485130399,-0.8150124709997044,1.336512689014243,-0.05900148917498882,-0.05366864202483157,0.07975900489384155,-2.485777795699215
89,4,553.88007,695.1541,572.867,706.89185,587.83374,723.9519,17.015241917724094,574.778555840747,708.7373901098763,-1.1002251066605595,-0.5847276243180204,1.245954124342801,-0.040970255356569396,0.23028484668168403,0.23390098852973928,-2.653093529427074
90,4,554.748,695.3608,572.3862,707.7223,587.34644,723.5059,11.510075275373282,573.6553917125481,708.3551220503153,-1.1231641281989369,-0.3822680595609427,1.1864343758646605,-0.022939021538377347,0.20245956475707771,0.20375493631017505,-2.8135411271613444
91,4,554.7752,696.281,571.5075,708.58374,586.27686,723.4485,8.858560974527846,572.5273197966293,708.0695435809293,-1.128071915918781,-0.28557846938599596,1.163658588101131,-0.0049077877198442366,0.09668959017494672,0.09681406524107025,-2.893645604226203
92,4,554.577,696.7231,570.97473,708.91144,585.619,723.45197,8.173033849628407,571.4123713268089,707.7748847271357,-1.1149484698204333,-0.294658853793635,1.1532276143389493,0.013123446098347813,-0.00908038440763903,0.015958640872164975,-2.883219570498759
93,4,552.2495,695.66077,569.91077,707.92664,585.4339,723.3576,10.049153316177112,570.327623583355,707.3896856214676,-1.0847477434538177,-0.3851991056681072,1.1511107757013046,0.030200726366615527,-0.09054025187447223,0.09544433499461379,-2.800377406778559
94,4,549.5811,694.54535,568.45074,706.676,584.81274,723.18445,12.519565925960883,569.2863380323361,706.9297268249189,-1.041285551018973,-0.4599587965486762,1.1383486694696807,0.04346219243484484,-0.074759690880569,0.08647527711318256,-2.725643952334345
95,4,548.42426,693.18427,567.64435,705.4698,584.52655,722.5888,12.81226967288423,568.3008221862701,706.4350990055998,-0.9855158460659368,-0.4946278193191347,1.1026777237667684,0.055769704953036126,-0.03466902277045847,0.06566735208920237,-2.676428294329218
96,4,547.55646,692.9474,567.27185,705.3557,583.925,722.1974,13.137348253329524,567.3833835576754,705.9458928316193,-0.9174386285947094,-0.4892061739805058,1.0397193457363318,0.06807721747122741,0.005421645338628878,0.06829276518638462,-2.6517154631612594
97,4,546.92566,692.648,567.2992,705.44006,583.1665,721.9643,14.038091815241026,566.5463296590699,705.492536206977,-0.837053898605518,-0.45335662464231063,0.9519408901175355,0.08038472998919133,0.035849549338195175,0.08801644734472577,-2.645213840205121
98,4,545.47144,691.93036,566.8513,705.14453,582.6606,721.283,13.871611780554936,565.8019680029716,705.0668059792322,-0.7443616560982491,-0.4257302277447934,0.857508310096737,0.09269224250726893,0.027626396897517225,0.09672160889152694,-2.6220610633908215
99,4,544.6169,691.5564,565.50555,704.3631,581.06696,719.8963,13.435880234247556,565.1626061018992,704.6508162318331,-0.6393619010724478,-0.4159897473990668,0.7627785461614098,0.10499975502580128,0.00974048034572661,0.10545058327408041,-2.564772795079619
100,4,545.5619,692.0161,564.9139,704.174,578.5492,718.89185,15.047352496995115,564.6405514683704,704.226681048229,-0.5220546335287963,-0.4241351836041076,0.6726304292550077,0.1173072675436515,-0.008145436205040824,0.11758972382622651,-2.4593155674358678
101,4,548.63104,693.0223,565.585,704.51465,577.2681,718.2869,15.560207096314048,564.2337523342586,703.7814569863134,-0.40679913411179314,-0.44522406191561004,0.6030837427942654,0.1152554994170032,-0.021088878311502413,0.11716898452363654,-2.311126575040358
102,4,548.5069,692.1888,565.3184,703.2875,577.1622,717.42267,16.608518978901152,563.8827198088579,703.3219705017593,-0.35103252540068297,-0.4594864845540769,0.5782314963550889,0.055766608711110166,-0.014262422638466887,0.0575615439912475,-2.2231765732393893
103,4,548.0717,691.51575,565.4663,702.3501,577.5531,717.1372,18.820866403858727,563.5136057208172,702.8599905246841,-0.3691140880407602,-0.46197997707520244,0.5913296113070667,-0.01808156264007721,-0.0024934925211255177,0.018252682336027896,-2.244916760104846
104,4,547.6521,691.05457,564.65845,702.2981,577.2975,716.9595,15.766402726428952,563.0525618987862,702.4072859852058,-0.4610438220310016,-0.45270453947830447,0.6461445704308112,-0.0919297339902414,0.009275437596897973,0.09239648117829213,-2.365320690996898
105,4,543.2718,688.66797,561.9346,701.3078,576.609,717.20197,13.17617795076975,562.4487984854649,701.9699746104748,-0.6037634133213032,-0.43731137473105264,0.7455008368436309,-0.14271959129030165,0.01539316474725183,0.1435473136600152,-2.5147374299112606
106,4,542.7612,688.5724,561.09216,701.9038,575.8218,717.21436,10.080848870511243,561.7437588797603,701.5315693157733,-0.7050396057045418,-0.4384052947015107,0.830228913032023,-0.1012761923832386,-0.001093919970458046,0.1012821001191648,-2.585285837275362
107,4,541.84717,687.6695,560.33685,700.8443,575.5949,716.43616,10.148191586909808,561.0019447946306,701.0699318134159,-0.7418140851297039,-0.46163750235734824,0.8737261129665007,-0.0367744794251621,-0.023232207655837556,0.04349825064937241,-2.584930857072821
108,4,541.3622,687.5451,560.1543,701.0115,575.6856,715.57654,7.535879555353287,560.2878579430336,700.5629238157177,-0.7140868515970169,-0.5070079976982242,0.8757723113650617,0.027727233532687023,-0.045370495340876005,0.05317218565051295,-2.5241808654735625
109,4,541.5583,685.2403,559.9825,699.37195,575.766,714.3988,6.104384139899784,559.6514809042642,699.9939949044591,-0.6363770387694103,-0.5689289112585811,0.8536134028579905,0.07770981282760658,-0.061920913560356894,0.09936304416557919,-2.4120955301398976
110,4,541.9696,683.8214,559.82794,698.6634,575.7924,713.04596,2.28627486387206,559.0847197229631,699.3689461392827,-0.5667611813011035,-0.625048765176416,0.8437441528558197,0.06961585746830679,-0.056119853917834917,0.08941926869979835,-2.3073266497592204
111,4,540.25854,683.01373,558.9454,697.79285,575.5359,712.01605,2.266845033968904,558.5649613101078,698.6991664492972,-0.5197584128552535,-0.6697796899854893,0.8477933951446368,0.04700276844585005,-0.04473092480907326,0.06488540572308354,-2.230739583455191
112,4,540.086,683.27045,558.35455,697.5707,574.4985,711.3699,2.469341089740762,558.0695925766757,697.996044763611,-0.49536873343208754,-0.703121685686142,0.8600989983392798,0.024389679423165944,-0.03334199570065266,0.04131035148321961,-2.184554584687764
113,4,539.5846,682.9153,557.8797,696.6947,572.9227,710.6538,5.873462273657158,557.5760004336444,697.2709700113323,-0.4935921430313783,-0.7250747522787151,0.8771354513724484,0.0017765904007092104,-0.021953066592573123,0.022024836123563832,-2.1684833106633103
114,4,539.82837,683.02344,557.4383,695.77454,571.35046,710.031,9.792536582897936,557.061571791991,696.5353311215696,-0.5144286416533532,-0.7356388897627539,0.897664415850763,-0.020836498621974897,-0.010564137484038838,0.023361521260509475,-2.1810490204775195
115,4,539.4163,682.0044,556.8817,695.2564,570.92865,709.55725,8.323456553682998,556.5036935626933,695.8005170234314,-0.5578782292976712,-0.7348140981381448,0.9225941022718929,-0.043449587644317944,0.0008247916246091336,0.04345741533599636,-2.220165840358459
116,4,537.04926,679.7104,555.6372,694.31024,570.3377,709.4976,7.7855306962848765,555.8797526567284,695.0779166460261,-0.6239409059649006,-0.7226003774053424,0.9547007696459893,-0.06606267666722943,0.012213720732802358,0.06718223144982448,-2.283056374041614
117,4,535.568,678.56726,554.5299,694.0185,569.87085,709.1949,5.515976166985857,555.1749035577875,694.3781967954908,-0.7048490989409402,-0.6997198505353026,0.9931868512576078,-0.08090819297603957,0.02288052687003983,0.084081235721763,-2.3598463049407323
118,4,535.27454,678.76483,553.6786,693.9542,568.3866,708.6826,5.505876921541162,554.4053710404155,693.7091357860779,-0.7695325173719993,-0.6690610094128715,1.019717083121322,-0.06468341843105918,0.030658841122431113,0.07158148614619536,-2.425921364342312
119,4,534.96436,677.9428,552.8509,693.3399,567.6022,708.2256,4.537211933871735,553.595147451871,693.0777898090688,-0.8102235885445452,-0.6313459770091185,1.0271611393153457,-0.04069107117254589,0.03771503240375296,0.055481410782219034,-2.4796487692250957
120,4,534.38165,677.13214,552.5933,692.6779,567.86743,708.16583,4.913584703172185,552.7682251394124,692.4912150557446,-0.8269223124585778,-0.5865747533241574,1.0138394607032901,-0.016698723914032598,0.044771223684961114,0.04778399157255396,-2.5246211294294243
121,4,532.36774,676.3224,551.6003,692.06744,567.51117,708.02106,5.770780905194797,551.9499287019034,691.9564677173867,-0.8182964375089341,-0.5347473383579882,0.9775294243759446,0.00862587494964373,0.05182741496616927,0.052540333656367254,-2.5627689452746183
122,4,530.31934,676.37335,550.7578,691.7865,567.4092,708.3684,7.859425920375366,551.1709117446286,691.4806039852759,-0.7790169572748482,-0.4758637321107244,0.9128601816598805,0.039279480234085895,0.05888360624726374,0.07078246005998055,-2.5932322415633915
123,4,529.11584,675.81006,549.91473,691.4049,567.2296,708.09106,7.078367983064713,550.4631601244773,691.0706800506939,-0.7077516201512708,-0.40992393458202514,0.8178936287622964,0.07126533712357741,0.06593979752869927,0.0970917358659479,-2.6166138314790155
124,4,530.8879,676.7389,550.9319,691.66187,567.63153,707.939,7.597888038655182,549.8586596983394,690.7337521049216,-0.6045004261379745,-0.3369279457723451,0.6920557823205908,0.1032511940132963,0.07299598880968006,0.12644850116736966,-2.6331118086314023
125,4,530.0901,676.4232,550.4674,691.6348,567.66956,708.1892,7.159495164990847,549.3815353068841,690.4762534499799,-0.47712439145527696,-0.25749865494162805,0.5421745495855702,0.12737603468269754,0.07942929083071704,0.15011217956367964,-2.6467004202882913
126,4,528.6236,676.04694,549.78204,691.5331,567.6853,708.14453,6.655669460716408,549.0244677258991,690.3021258308482,-0.35706758098501723,-0.1741276191316956,0.3972627406829952,0.12005681047025973,0.08337103580993244,0.1461655477611359,-2.6878655926651054
127,4,528.6754,676.1493,549.6139,691.72015,567.232,707.9364,5.991160965323087,548.7722767149529,690.2146881032455,-0.2521910109461487,-0.08743772760271895,0.26691883075266115,0.10487657003886852,0.08668989152897666,0.13606701377050734,-2.807849732406575
128,4,528.4067,676.09326,549.6668,691.65674,566.96857,708.33167,7.737103678388958,548.6097820336131,690.2172591228907,-0.16249468133980827,0.002571019645188244,0.16251501963123832,0.08969632960634044,0.0900087472479072,0.1270708704856739,3.1257717964879816
129,4,529.2888,675.8074,549.7858,691.6459,567.07574,708.16833,6.005703538578398,548.5218034414478,690.3053318266487,-0.08797859216531378,0.08807270375803,0.12448708297104694,0.07451608917449448,0.08550168411284176,0.1134159844642429,2.3556599210870277
130,4,530.677,676.63513,550.2669,692.0582,567.0724,708.07294,5.406532486869111,548.4931606980247,690.4430954759681,-0.02864274342312001,0.1377636493193677,0.14070973606894585,0.059335848742193775,0.049690945561337685,0.07739465754647619,1.7757880668484671
131,4,529.7799,675.73737,550.2006,691.67096,567.1123,708.33685,6.616898574904281,548.5086735629116,690.5869134134439,0.015512864886886746,0.14381793747577376,0.14465216250296561,0.044155608310006755,0.0060542881564060735,0.044568735121243194,1.4633471531956734
132,4,530.95166,675.7465,550.3797,691.6519,567.3457,708.05255,4.722731439881653,548.5531617956768,690.6931489816707,0.044488232765274915,0.10623556822679348,0.11517464482709279,0.02897536787838817,-0.037582369248980285,0.0474553097351037,1.1742146464103147
133,4,530.87286,675.5241,550.11755,691.645,567.4633,707.8723,3.1396826555166166,548.605285381394,690.7240181626609,0.052123585717140486,0.03086918099018021,0.0605786639256479,0.0076353529518655705,-0.07536638723661326,0.07575216788844201,0.5346870993415517
134,4,530.1157,674.77997,549.4468,691.18665,566.68304,706.70557,1.6768976995806937,548.6190652071612,690.6651474960995,0.013779825767187504,-0.05887066656134721,0.060461880383853174,-0.03834375994995298,-0.08973984755152742,0.09758834031620274,-1.3408663790817046
135,4,531.0551,675.41705,549.4485,690.8477,564.64374,705.30255,3.575331717750567,548.5423623855827,690.5080161610895,-0.07670282157846486,-0.1571313350100354,0.17485302193594995,-0.09048264734565237,-0.0982606684486882,0.13357495436892622,-2.0249147595339854
136,4,531.0273,675.18805,548.448,690.01447,561.6955,704.22314,6.604558056724848,548.3230380292626,690.2441033367332,-0.219324356320044,-0.26391282435622543,0.3431517916824587,-0.14262153474157913,-0.10678148934619003,0.17816618264708362,-2.2641846595638904
137,4,529.2085,674.09015,546.49396,688.3221,560.03156,703.33716,8.495904103268927,547.9089532508053,689.8648882021339,-0.4140847784573225,-0.37921513459934886,0.5614893784028796,-0.1947604221372785,-0.11530231024312343,0.2263321558649862,-2.40012139923871
138,4,527.3593,672.33374,545.2809,687.535,560.04865,703.51227,6.947970738495675,547.271432107614,689.3684808269096,-0.637521143191293,-0.4964073752242939,0.8079934963803892,-0.22343636473397055,-0.11719224062494504,0.25230503432992957,-2.480004751892367
139,4,526.0705,671.5946,544.3364,687.6149,559.8343,703.513,4.477634393604015,546.4756504362884,688.7795148427382,-0.7957816713255852,-0.5889659841714092,0.9900249486395474,-0.15826052813429214,-0.09255860894711532,0.18333982343061775,-2.5044512409936472
140,4,525.98724,671.21545,544.2755,687.5753,559.77264,703.4612,3.8953600776268895,545.6102470182274,688.1292547718135,-0.8654034180610779,-0.6502600709246735,1.0824792080362367,-0.0696217467354927,-0.06129408675326431,0.09275857205357238,-2.4971991433312994
141,4,524.88385,669.578,543.64813,686.1787,559.5828,703.0579,5.149628869708053,544.7638606348294,687.4489651363288,-0.8463863833979985,-0.680289635484769,1.0858931338532092,0.019017034663079357,-0.030029564560095423,0.035544652974050836,-2.4645645821828825
142,4,524.13776,668.5164,543.2049,685.69507,559.3069,702.3497,3.9491307636841047,544.0060792537693,686.7652810259978,-0.7577813810601128,-0.6836841103310007,1.0206157867681962,0.08860500233788571,-0.0033944748462317875,0.08866999999311173,-2.4075534092708057
143,4,524.42944,667.7454,543.26294,685.18713,559.3577,702.1256,3.660248515451249,543.3302875878236,686.0863198006169,-0.6757916659456669,-0.6789612253808173,0.957957578044164,0.08198971511444597,0.00472288495018347,0.08212562953670845,-2.3538549095408223
144,4,523.73175,667.2145,542.3319,684.4591,559.01263,701.5927,2.933114862102648,542.7108195360455,685.4155693875025,-0.6194680517780853,-0.6707504131144333,0.9130425969618939,0.05632361416758158,0.008210812266383982,0.05691895071917962,-2.3164683643087285
145,4,523.1599,666.2484,541.60986,683.7897,558.7334,700.982,1.5612247228441174,542.122008997487,684.7565177139714,-0.588810538558505,-0.659051673531053,0.8837686115164072,0.030657513219580323,0.011698739583380302,0.03281377187475545,-2.2999646522064485
146,4,523.81683,666.85846,541.2945,683.4604,558.2908,700.4371,1.43871865767063,541.5381898712013,684.1065974519254,-0.5838191262856753,-0.6499202620460665,0.8736367204021344,0.004991412272829621,0.009131411484986529,0.010406578313043056,-2.302667792922031
147,4,523.60834,666.9488,540.4416,682.78784,557.4655,699.97955,2.024004044366177,540.9336960562404,683.4390202516065,-0.6044938149609607,-0.667577200318874,0.9005954089998695,-0.020674688675285324,-0.017656938272807565,0.02718842071525501,-2.3066439952737525
148,4,524.01385,668.6284,539.9267,682.5361,555.8017,699.2549,5.329912349407601,540.2828614516576,682.7209425078426,-0.6508346045827693,-0.7180777437639563,0.9691343191795159,-0.04634078962180865,-0.05050054344508226,0.06854030690784342,-2.3071123607886412
149,4,523.7536,667.9325,539.0328,681.2339,553.98474,699.01105,8.892117565626972,539.5600199565049,681.9195206154606,-0.7228414951526929,-0.8014218923819953,1.0792482924256674,-0.0720068905699236,-0.08334414861803907,0.11014190573262629,-2.304687057878078
150,4,522.37415,665.6282,537.82294,679.64044,552.7641,697.7566,8.277682573138463,538.7506123536688,681.0186197579551,-0.8094076028361314,-0.9009008575054622,1.211099922625301,-0.08656610768343853,-0.09947896512346688,0.13187022219400638,-2.3027502549053436
151,4,521.9509,664.96533,537.6559,678.7141,552.5285,696.6003,9.055707891701417,537.8845069613697,680.0689402734869,-0.8661053922991186,-0.9496794844682199,1.2853130645058557,-0.0566977894629872,-0.0487786269627577,0.07479300621288794,-2.310200522079633
152,4,519.2073,662.3999,536.123,678.16113,551.7213,696.93066,7.29533034505153,537.0026789816613,679.137891288884,-0.8818279797083051,-0.9310489846028531,1.2823699924461873,-0.015722587409186417,0.0186304998653668,0.02437817220533442,-2.3290503891010097
153,4,519.0734,662.29486,535.5052,678.08765,551.04834,696.6217,6.151922360446698,536.1461036165978,678.2928819309743,-0.856575365063577,-0.8450093579097029,1.2032298911632675,0.025252614644728055,0.08603962669315024,0.08966890156510107,-2.3629915828547654
154,4,518.15125,662.2291,534.6903,677.727,550.8254,696.26447,5.825073377946148,535.3506868576973,677.5834603065804,-0.795416758900501,-0.70942162439394,1.0658174616216016,0.061158606163076,0.13558773351576292,0.1487427597826253,-2.4132781669453283
155,4,516.9954,661.066,534.4955,677.16943,550.89966,695.5975,5.705197632711606,534.6320578543371,676.9877304425016,-0.7186290033602063,-0.5957298640787485,0.9334461502549397,0.07678775554029471,0.11369176031519146,0.13719393486770107,-2.4494284104782302
156,4,516.9011,660.71124,534.6445,676.9667,550.9405,695.2158,5.741804607429813,534.0007765453585,676.4659353455326,-0.6312813089786005,-0.5217950969690719,0.8190153931927643,0.08734769438160583,0.07393476710967661,0.11443762275294142,-2.450862064599653
157,4,516.4793,660.0691,534.20575,676.60956,550.698,694.8024,4.789170158628985,533.4674028696031,675.9783180224675,-0.5333736757553424,-0.4876173230650238,0.7226742916015935,0.09790763322325802,0.03417777390404808,0.10370161460853079,-2.4009801510201965
158,4,515.9357,659.7313,533.19434,676.08435,550.28577,694.1524,3.1344406362739496,533.0072554250143,675.4867787787738,-0.4601474445888698,-0.4915392436937509,0.6733101060081392,0.07322623116647264,-0.003921920628727094,0.07333118294602729,-2.3232210108406153
159,4,515.99426,659.72485,532.59937,675.3841,549.786,692.6474,1.8067777654678097,532.4546874459411,674.959847114612,-0.5525679790731601,-0.5269316641617934,0.7635367379460619,-0.09242053448429033,-0.035392420468042474,0.09896554259412015,-2.3799383582133498
160,4,517.19525,659.8717,532.2149,674.943,547.5644,691.1292,1.4214771499659582,531.665718749694,674.3677098288159,-0.7889686962471387,-0.5921372857960705,0.9864573832091517,-0.2364007171739786,-0.06520562163427712,0.24522861206042806,-2.497758422554997
161,4,513.82324,657.3723,529.55994,673.3884,544.61304,690.59985,3.322956819250254,530.7240008490185,673.6805537202198,-0.941717900675485,-0.6871561085961275,1.165768468450582,-0.15274920442834627,-0.09501882280005702,0.1798913453721478,-2.511221333187239
162,4,512.86615,655.9536,528.3996,671.74756,542.733,688.21405,3.48543131623104,529.7504956894632,672.8825788208363,-0.9735051595553159,-0.7979748993834619,1.2587598006477911,-0.031787258879830915,-0.11081879078733436,0.11528761520068134,-2.454958885912241
163,4,512.2379,655.3413,527.6433,670.77454,542.1401,687.80725,4.546828856374938,528.7877752523523,672.014038095396,-0.9627204371108746,-0.8685407254403117,1.2966085113785641,0.010784722444441286,-0.0705658260568498,0.07138519486062371,-2.4075781006837
164,4,511.70853,654.4645,527.0505,670.5765,542.4941,687.57074,1.3345686470217837,527.8588140279538,671.129197741809,-0.9289612243984493,-0.8848403535870375,1.2829307883794432,0.033759212712425324,-0.01629962814672581,0.03748816240740956,-2.3805147753810476
165,4,511.6137,654.40546,527.1854,670.64166,542.4174,687.0923,1.005804402912798,526.9865865065361,670.282323957985,-0.8722275214176989,-0.8468737838239804,1.2157203851407643,0.05673370298075042,0.03796656976305712,0.06826546325544926,-2.3709416720588923
166,4,510.4999,653.7647,526.30994,669.6669,541.78314,686.6649,2.522044758709886,526.1893167725683,669.5149646617198,-0.7972697339678234,-0.7673592962652265,1.106561936027888,0.07495778744987547,0.0795144875587539,0.10927590599538371,-2.375308794207673
167,4,509.32925,651.86615,526.09094,668.2548,542.2072,685.9537,3.324193856334659,525.4662272873246,668.8177946503533,-0.7230894852436904,-0.6971700113664383,1.0044423469859605,0.07418024872413298,0.07018928489878817,0.10212367509729312,-2.374442280100156
168,4,507.8943,650.6395,525.107,667.97,541.6784,685.20276,0.9253500677394844,524.8117901062801,668.1687704411111,-0.6544371810445,-0.6490242092422704,0.9216943355126069,0.06865230419919044,0.04814580212416786,0.08385199540880174,-2.3603472335926963
169,4,507.05978,650.721,524.3756,667.9893,540.79156,684.2391,0.2112177217315485,524.2204772849102,667.545848551219,-0.591312821369911,-0.6229218898920408,0.858884470474997,0.06312435967458896,0.026102319350229664,0.06830824152170986,-2.330168277170401
170,4,506.66534,650.2244,523.8946,667.0315,540.5078,683.642,0.7052664088964832,523.6867608786898,666.9269854979029,-0.5337164062203783,-0.6188630533160904,0.817217646057958,0.05759641514953273,0.004058836575950409,0.05773925174807512,-2.2824535816348384
171,4,508.17392,650.51697,524.3403,666.7588,540.294,683.10535,0.5637122188148794,523.2001832089456,666.2898728041519,-0.4865776697441788,-0.637112693751078,0.8016672709001098,0.04713873647619948,-0.01824964043498767,0.05054809445052223,-2.2230225121188507
172,4,507.7951,650.76263,523.8563,666.32635,539.28436,682.5958,2.4218006215063648,522.7305676604079,665.6111420160069,-0.4696155485377176,-0.6787307881450033,0.8253570416518652,0.016962121206461234,-0.041618094393925276,0.04494195519561155,-2.176067047777835
173,4,507.37964,650.4051,523.09845,664.8425,537.42584,682.0368,7.629849059145027,522.2428078836581,664.8671596852726,-0.48775977674984006,-0.7439823307342976,0.8896175067184163,-0.01814422821212247,-0.06525154258929433,0.06772722368218022,-2.1511028738129343
174,4,505.74008,648.3661,522.08777,662.9114,534.43604,680.7499,13.647058438540984,521.7017975292773,664.0342923637529,-0.5410103543807736,-0.8328673215196432,0.9931566738448244,-0.05325057763093355,-0.08888499078534551,0.10361546991129769,-2.1468731958279577
175,4,503.76706,647.1632,520.83575,661.93463,533.27295,679.5432,13.892663844203552,521.0818211367285,663.1075289675681,-0.6199763925487787,-0.9267633961848105,1.1150161971136567,-0.07896603816800507,-0.09389607466516736,0.12268703281715439,-2.1603914658947088
176,4,501.60684,645.6026,520.0403,661.085,533.11884,679.27954,14.263511383219528,520.3947268009988,662.1563478701004,-0.6870943357297392,-0.9511810974677246,1.1733900060814377,-0.06711794318096054,-0.024417701282914095,0.07142158240185016,-2.196371327204441
177,4,500.40396,645.1183,519.20795,660.94,532.86566,679.4282,13.46844082105847,519.661753505957,661.2688498090473,-0.732973295041802,-0.8874980610530656,1.1510441605852433,-0.04587895931206276,0.063683036414659,0.07848826685912165,-2.261124044800668
178,4,499.8568,645.3423,518.43286,661.30365,531.59076,679.08716,12.831905461796769,518.9041402354715,660.5331355221066,-0.7576132704855354,-0.7357142869407198,1.056055576011263,-0.02463997544373342,0.15178377411234578,0.15377074648207764,-2.370857993756861
179,4,499.43652,644.95404,517.83307,661.2859,530.8407,678.8114,11.81918328482789,518.143125973411,660.0075938850183,-0.7610142620604847,-0.5255416370882813,0.9248441595062894,-0.0034009915749493302,0.21017264985243855,0.2102001652941515,-2.5372164915471203
180,4,498.68823,644.29944,517.2823,660.8516,530.9208,678.3346,10.367106911287337,517.399949703644,659.6317663256926,-0.743176269766991,-0.37582755932567125,0.8328008899451719,0.0178379922934937,0.14971407776261003,0.15077300504192248,-2.673391891917434
181,4,498.48932,643.5229,516.86896,660.4336,530.79114,677.69275,8.491973519156957,516.6958504100392,659.3154824100819,-0.7040992936048269,-0.3162839156107111,0.771875203986279,0.0390769761621641,0.059543643714960126,0.07122117362717671,-2.719401237505046
182,4,498.903,641.7553,516.3036,659.50085,531.43317,676.5871,2.9132257164882054,516.0520670764649,658.9685717041385,-0.6437833335742198,-0.3469107059434009,0.7313029594402609,0.06031596003060713,-0.03062679033268978,0.06764625134104874,-2.647340488279936
183,4,499.06226,639.96686,515.78107,658.8332,531.1571,676.2457,0.1008705554594338,515.4870134697607,658.5242055820553,-0.5650536067042822,-0.4443661220832382,0.7188510477872401,0.07872972686993762,-0.09745541613983733,0.1252833908704735,-2.4751908721706526
184,4,498.90457,638.8445,515.3749,658.5013,531.1803,676.07465,2.008668147528389,515.0078024886485,658.008922650988,-0.47921098111214633,-0.5152829310673042,0.7036758227108403,0.08584262559213585,-0.07091680898406594,0.11134698094261071,-2.319938719461314
185,4,499.37555,638.86084,515.7359,658.2844,530.9222,675.37024,1.5241841257207889,514.6187218148214,657.4726033263323,-0.38908067382715217,-0.5363193246556648,0.6625874951618836,0.09013030728499416,-0.021036393588360625,0.09255269929338578,-2.1984089699352993
186,4,498.85934,637.63654,515.27594,657.063,530.4777,674.36804,1.0982485740802532,514.3240591299719,656.9651280234846,-0.2946626848494134,-0.5074753028477517,0.5868196322917988,0.09441798897773879,0.028844021807913123,0.09872555007016051,-2.096862164829326
187,4,499.04483,637.81335,514.7801,656.425,528.60095,672.7961,0.0484566426433015,514.0845838620703,656.4878095354953,-0.2394752679016392,-0.47731848798923693,0.5340237287919828,0.05518741694777418,0.030156814858514736,0.0628894623269925,-2.0358106806776757
188,4,499.5633,637.5195,514.4001,655.6468,525.7746,671.21344,3.1440443352206167,513.6869924241947,655.8476901660352,-0.39759143787557605,-0.6401193694600806,0.7535461224304317,-0.15811616997393685,-0.1628008814708437,0.22694680040685877,-2.12660122125066
189,4,498.16125,636.01666,512.5717,653.7452,524.10706,669.14044,2.262264337623638,512.9606415878641,654.8830474624233,-0.7263508363306528,-0.9646427036119576,1.2075268456933062,-0.32875939845507673,-0.32452333415187695,0.4619503614909233,-2.2161980544334567
190,4,496.1284,634.08374,511.31482,651.68616,523.8816,668.5793,4.140423633161848,512.0796025732493,653.7513704359511,-0.8810390146147711,-1.1316770264721754,1.4341975587478426,-0.1546881782841183,-0.1670343228602178,0.22765960887744371,-2.232304990701124
191,4,495.3726,633.2595,510.12634,651.2355,523.5504,668.5371,1.5702237723833887,511.2594102832525,652.6638002521512,-0.8201922899967826,-1.0875701837999259,1.3621763091688135,0.06084672461798846,0.04410684267224951,0.07515143024089357,-2.2169488735297835
192,4,495.91516,633.14233,509.9659,651.27826,523.2046,668.4483,0.1341703946898555,510.5367399030487,651.7268752295456,-0.7226703802037946,-0.9369250226055783,1.1832501749031608,0.09752190979298803,0.15064516119434757,0.1794560878904437,-2.2278041114044393
193,4,496.3039,632.93207,509.8903,650.88837,522.8548,667.9337,0.142652525997485,509.9035516883809,650.9689899079726,-0.6331882146678254,-0.757885321572985,0.9875816299678802,0.08948216553596922,0.17903970103259326,0.20015562069261753,-2.266792525559522
194,4,495.5685,631.13574,509.36386,649.828,523.1082,667.255,1.8340837597989672,509.3518058949918,650.2105665595461,-0.5517457933891023,-0.7584233484265042,0.9378855985465607,0.08144242127872303,-0.0005380268535191135,0.08144419842220872,-2.199735044309077
195,4,494.67535,629.7945,509.13422,648.95905,523.02985,666.68787,1.0561029613154376,508.8734627786244,649.2758214357044,-0.4783431163673981,-0.9347451238417079,1.0500288488998406,0.07340267702170422,-0.17632177541520377,0.19099037012248074,-2.043788921912973
196,4,494.0539,627.1351,509.16058,647.1671,522.9983,666.00885,0.7271236511272319,508.4604825950218,648.2121189729036,-0.412980183602599,-1.0637024628008476,1.1410589649168112,0.0653629327647991,-0.12895733895913963,0.14457630598074528,-1.9411306590397832
197,4,494.36,626.32855,509.26035,646.58374,523.0234,665.154,0.2046302344969392,508.1048255999268,647.1226106538548,-0.35565699509498927,-1.0895083190487185,1.1460891219431242,0.05732318850760976,-0.025805856247870906,0.06286406093599697,-1.8863283624874705
198,4,494.38437,624.9695,508.73608,645.48047,522.9069,663.8085,2.7295760130217808,507.7984520490824,646.1104479612687,-0.3063735508443983,-1.0121626925861165,1.0575150442996935,0.049283444250590946,0.07734562646260201,0.09171261532686475,-1.8647210135214896
199,4,494.26562,623.1179,508.2402,644.86346,523.2034,663.8736,5.480511882255337,507.5336270097507,645.2557079997375,-0.2648250393316971,-0.8547399615312088,0.8948255155589872,0.041548511512701225,0.15742273105490767,0.16281337494722864,-1.8712479156700395
200,4,494.7393,623.8463,508.18433,644.95044,522.64636,663.5066,5.431159588818583,507.3038347952709,644.546170361376,-0.2297922144798008,-0.709537638361553,0.7458204355521648,0.035032824851896294,0.14520232316965576,0.14936871650706782,-1.8839985179005776
201,4,494.96564,624.2859,508.3904,645.2581,522.8442,663.3803,5.950714561167731,507.10286453050094,643.9465402601801,-0.20097026476997826,-0.5996301011958849,0.6324122908213456,0.028821949709822547,0.10990753716566815,0.11362381577335917,-1.8941873406430918
202,4,494.4952,621.57947,507.53345,643.97577,522.82666,663.0927,8.45289314953459,506.924505340299,643.4215229101458,-0.17835919020194524,-0.525017350034318,0.5544864457915553,0.02261107456803302,0.07461275116156685,0.07796360259133132,-1.8982843316831561
203,4,494.83203,622.1163,507.5999,644.08374,522.3694,662.69836,8.263770603316448,506.7625463495231,642.9358235252687,-0.16195899077587228,-0.48569938487707986,0.5119908272255596,0.01640019942607296,0.03931796515723818,0.04260127844702268,-1.8926565669122242
204,4,494.4955,620.561,507.24023,643.37634,522.375,662.39496,9.324471551127136,506.61077668303165,642.4677522928349,-0.15176966649147516,-0.4680712324337719,0.49206169359035024,0.010189324284397117,0.017628152443307954,0.020361092503525174,-1.8843450282144718
205,4,494.38297,620.6825,507.0384,643.3647,522.18164,662.0176,9.91206863504069,506.4629854656826,642.0500392932881,-0.1477912173490381,-0.41771299954677943,0.4430873434390542,0.003978449142437057,0.05035823288699248,0.05051514304720446,-1.910861700162239
206,4,494.1341,621.1665,506.66455,643.1445,521.5827,661.5397,9.352336945206268,506.3129618223343,641.7290195803622,-0.15002364334833374,-0.32101971292593134,0.35434552297236016,-0.0022324259992956286,0.09669328662084808,0.09671905398308965,-2.0079718935133344
207,4,494.48135,622.30475,506.91718,643.53284,521.38074,661.58075,8.346003023715259,506.15449487784485,641.5510282077905,-0.1584669444894189,-0.1779913725716824,0.23831219273416127,-0.008443301141085158,0.14302834035424894,0.14327733763107803,-2.2982302319867034
208,4,493.8382,621.6091,506.4574,643.2262,520.9416,661.2168,8.562816991716037,505.98477931712983,641.5489450567165,-0.16971556071501936,-0.0020831510739753867,0.16972834491389593,-0.011248616225600472,0.17590822149770702,0.1762675062439961,-3.1293189029758275
209,4,493.9673,622.29694,505.83032,643.45123,519.8921,660.8799,9.614109103902058,505.81463206533476,641.70182931792,-0.17014725179507195,0.15288426120343956,0.2287437094591612,-0.0004316910800525875,0.15496741227741495,0.1549680135548846,2.409584281081223
210,4,494.2659,624.08185,506.15195,644.1192,518.86865,660.85333,6.555981758418892,505.6582756076624,641.9752850095907,-0.15635645767235928,0.27345569167073336,0.315000566924835,0.013790794122712668,0.1205714304672938,0.12135755373055486,2.0902072200846344
211,4,493.59207,624.5925,505.95224,644.8614,518.4206,661.5731,5.350717485325221,505.52993242931575,642.3349161499176,-0.12834317834665399,0.3596311403268828,0.3818462105624922,0.028013279325705298,0.08617544865614946,0.0906143022357323,1.9135822345524724
212,4,492.63214,624.76807,505.75912,645.0453,518.0129,662.2525,2.537827669477623,505.4438250154977,642.7463267570903,-0.08610741381806974,0.41141060717268374,0.4203250818219543,0.04223576452858424,0.051779466845800926,0.06682045339676626,1.77711606876444
213,4,492.34387,625.7046,506.15707,645.21674,518.1965,662.68805,0.7249675800600318,505.4141758514109,643.1751208492983,-0.02964916408677709,0.42879409220802245,0.429817922431751,0.05645824973129265,0.017383485035338708,0.05907384797602787,1.6398319032989714
214,4,491.6261,627.2129,506.54645,645.52747,517.95154,663.5598,6.856179943260459,505.4552074222586,643.586902444731,0.04103157084767872,0.41178159543267157,0.4138208213022932,0.07068073493445581,-0.017012496775350883,0.07269932143704043,1.4714801486097304
215,4,490.4569,628.8986,506.31873,645.17456,518.173,663.4237,11.254821643470631,505.58114221324365,643.9472755615774,0.12593479098507032,0.3603731168464037,0.3817438341689949,0.0849032201373916,-0.05140847858626785,0.09925416092161143,1.2346056210283816
216,4,490.0805,630.2183,506.86942,645.0148,517.77325,663.39246,17.928055111535155,505.794072083496,644.2293826366092,0.21292987025236698,0.2821070750318313,0.3534452311585278,0.08699507926729666,-0.07826604181457242,0.11702015688779274,0.9242405640789121
217,4,491.21225,631.3937,507.44348,645.4317,517.3251,664.67224,21.95999694661541,506.04756638785557,644.4365197809253,0.253494304359549,0.20713714431610697,0.3273609000753807,0.040564434107182024,-0.07496993071572433,0.08524062309695078,0.6850975833621579
218,4,489.15274,631.3411,506.69202,645.23596,516.34155,666.09863,26.791493344846774,506.2527276007688,644.5795215242065,0.20516121291325362,0.143001743281161,0.2500812305341776,-0.048333091446295384,-0.06413540103494597,0.0803083893168659,0.6087240641378959
219,4,487.3106,631.6425,506.02313,644.5628,515.62366,665.5491,30.7938616375207,506.19931317940143,644.6692223961338,-0.053414421367392606,0.08970087192733445,0.10439993694699927,-0.2585756342806462,-0.05330087135382655,0.2640120102016491,2.107880288107309
220,4,483.6001,633.6568,504.52533,644.4812,515.6583,665.5766,34.82532569731883,505.72082309440293,644.7164569263881,-0.4784900849984979,0.047234530254286256,0.48081582990809774,-0.42507566363110527,-0.04246634167304819,0.42719165486525673,3.0431956498956705
221,4,477.958,634.8946,502.36917,644.4133,515.4923,665.70135,37.04548939547449,504.9470723876369,644.7320596446502,-0.773750706766009,0.01560271826213011,0.7739080055394606,-0.2952606217675111,-0.031631811992156145,0.2969501747708601,3.121430340583851
222,4,476.32138,634.56506,501.78204,644.4123,515.3821,665.73596,36.326048023187546,504.08195486877037,644.7268650806012,-0.8651175188665547,-0.0051945640490203004,0.8651331140035521,-0.09136681210054576,-0.02079728231115041,0.09370390229305353,-3.135588265157468
223,4,476.31735,634.4074,501.76572,644.0904,515.37036,665.2294,36.40386194174037,503.3293643474708,644.7117077639218,-0.7525905212995667,-0.015157316679392352,0.7527431414492417,0.11252699756698803,-0.009962752630372051,0.11296717054708821,-3.121455185282611
224,4,477.01883,634.1846,502.0019,644.0298,515.39264,664.87244,35.77234037480987,502.8390661456459,644.6920439339355,-0.4902982018248849,-0.01966382998637073,0.49069236077449635,0.2622923194746818,-0.004506513306978377,0.2623310304130918,-3.101508278165958
225,4,477.38303,634.748,502.33994,644.417,515.2356,664.89136,36.617690780049614,502.54431163416626,644.6518166685364,-0.2947545114796526,-0.040227265399039425,0.2974868987352105,0.19554369034523233,-0.020563435412668696,0.19662194615505948,-3.005953467536499
226,4,476.32117,635.2253,502.2533,644.4489,515.5667,663.9345,36.07774717958144,502.324223696143,644.5695907552608,-0.220087938023255,-0.08222591327557893,0.23494637957910983,0.0746665734563976,-0.04199864787653951,0.08566786804384229,-2.7840457202880837
227,4,478.01508,634.7659,502.37732,644.4788,515.2343,662.30817,32.467604546447475,502.0579252146872,644.4239309816459,-0.2662984814558058,-0.14565977361496607,0.3035319602203882,-0.04621054343255082,-0.06343386033938714,0.07848101019921022,-2.641071507813223
228,4,478.81393,634.32495,502.03555,644.0726,515.0845,660.60596,28.94691101618731,501.6536356488263,644.2062963275586,-0.4042895658608927,-0.21763465408730553,0.4591458327412874,-0.1379910844050869,-0.07197488047233946,0.15563393843985113,-2.6477658198799126
229,4,477.4389,633.4345,501.02347,642.7826,514.59863,658.8376,28.162471996837237,501.1359607612529,643.9597225421918,-0.5176748875734347,-0.24657378536676333,0.5733985706768573,-0.11338532171254201,-0.028939131279457797,0.11702010296981602,-2.6970759235798
230,4,475.60083,632.8877,499.24615,642.4203,514.32965,658.30664,24.52820520007086,500.5586028905755,643.740139567068,-0.5773578706773606,-0.21958297512378522,0.6177044550570351,-0.059682983103925835,0.026990810242978114,0.06550238400055336,-2.778162676889938
231,4,477.0245,632.5993,499.03482,643.168,514.03406,658.30164,19.60649794607229,499.97526437540307,643.6034773437113,-0.5833385151724428,-0.1366622233566659,0.5991330291148849,-0.005980644495082288,0.08292075176711933,0.08313614846864618,-2.911466898083196
232,4,476.5498,632.764,498.91995,644.07245,513.5931,658.6758,18.04606747952419,499.4286216551443,643.6026512547204,-0.5466427202587738,-0.0008260889909479374,0.5466433444531572,0.03669579491366903,0.13583613436571795,0.14070549656558354,-3.1400814501446974
233,4,475.97983,633.62256,498.53952,645.184,512.95526,658.8287,16.291537613141507,498.91724757240735,643.778518446998,-0.5113740827369497,0.17586719227756475,0.5407704890382339,0.035268637521824076,0.1766932812685127,0.18017877910031346,2.8103525628215875
234,4,475.25604,634.2158,497.9789,645.6786,512.58997,658.7105,14.961372482603185,498.42868907060085,644.138599004931,-0.4885585018064944,0.36008055793308813,0.6069163186871898,0.022815580930455326,0.18421336565552338,0.1856208900402369,2.506446425978326
235,4,474.47723,634.70624,497.60315,645.6592,512.0353,658.18225,15.6056048247108,497.9504930931328,644.569122998542,-0.4781959774680331,0.43052399361090465,0.6434456480086642,0.010362524338461299,0.07044343567781652,0.07120154170212803,2.4086070315099697
236,4,474.78287,635.1212,497.5626,645.85645,512.007,657.6824,14.07511393173338,497.4702065834119,644.9352283029266,-0.48028650972094056,0.3661053043846323,0.6039107759582432,-0.002090532252907451,-0.06441868922627236,0.06445260155130672,2.490288429362302
237,4,473.6129,634.72974,497.02823,645.61145,512.01855,656.71783,11.609346805357278,496.97537648484615,645.1389740278432,-0.49483009856572835,0.20374572491664367,0.5351346997423893,-0.014543588844787791,-0.16235957946798862,0.16300965928897695,2.750999165683935
238,4,473.05856,634.0397,496.26694,644.4431,511.51364,655.36285,11.465474387628436,496.4535497408442,645.0916495917153,-0.5218267440019417,-0.04732443612795123,0.5239682748129858,-0.026996645436213385,-0.2510701610445949,0.2525174145118856,-3.051150125225039
239,4,472.54333,633.6905,495.75644,643.2022,510.30875,653.6892,13.496403499346613,495.89227329481383,644.7045444129661,-0.5612764460303765,-0.3871051787491524,0.68182231430403,-0.039449702028434785,-0.33978074262120117,0.34206319890679154,-2.537821618185508
240,4,470.7353,633.7963,494.76324,641.7319,508.50626,653.2333,21.64917918304158,495.278514268644,643.9653137110638,-0.6137590261698165,-0.7392307019023292,0.9608132871895204,-0.05248258013943996,-0.3521255231531768,0.3560151756231624,-2.2637223678377163
241,4,469.9348,634.1325,493.69492,640.2449,507.511,652.27814,26.627899787014773,494.59692049814333,643.1670759096535,-0.6815937705006831,-0.7982378014103233,1.0496445377296664,-0.06783474433086667,-0.0590070995079941,0.08990767670661035,-2.277534620805548
242,4,470.78513,634.4794,493.0283,640.76215,507.50262,651.9696,21.97777975753552,493.8315599976008,642.5980449496352,-0.7653605005425561,-0.5690309600182673,0.9537153292519015,-0.08376673004187296,0.22920684139205605,0.24403409844288393,-2.5022768020125583
243,4,470.6538,635.2111,492.2498,641.6028,506.8,652.1607,19.478482597415628,492.9665007813053,642.2213536367511,-0.8650592162954922,-0.376691312884077,0.9435167157502302,-0.0996987157529361,0.19233964713419027,0.21664342543102844,-2.7309029212442293
244,4,466.82678,635.77136,490.0218,641.9708,503.5735,651.8046,21.00256777269326,491.9970604478536,641.9345681283664,-0.9694403334517006,-0.2867855083846962,1.0109700727234279,-0.10438111715620835,0.08990580449938079,0.13776237258939383,-2.8539697424764947
245,4,466.24194,635.47736,489.48395,642.217,502.99054,652.2357,20.39590812714092,490.96355493307397,641.698069123494,-1.0335055147796197,-0.23649900487248487,1.0602195189608434,-0.06406518132791916,0.05028650351221131,0.08144372225078372,-2.916633984057153
246,4,464.66943,634.7495,488.88647,641.66095,503.5952,651.9223,18.97250189544928,489.9175497571026,641.4879409565583,-1.0460051759713451,-0.21012816693564673,1.0669023735556031,-0.012499661191725409,0.026370837936838143,0.029183259300477524,-2.9433449749313234
247,4,463.47287,634.98175,487.7864,641.0342,502.53183,651.41364,21.16344899475462,488.91061044007574,641.2802679619845,-1.0069393170268768,-0.2076729945738407,1.0281317332179858,0.039065858944468346,0.002455172361806035,0.0391429330326085,-2.938202613772541
248,4,462.58728,634.30145,487.5707,640.71985,502.93015,651.3839,20.36421331741697,487.9821358563239,641.0562252335442,-0.9284745837518358,-0.22404272844028128,0.9551231317689413,0.078464733275041,-0.016369733866440583,0.0801541175160791,-2.9048169942416884
249,4,461.35284,634.19745,486.77448,640.52454,502.69778,651.10504,19.62656798537792,487.1228582969553,640.8173509023958,-0.8592775593685928,-0.23887433114839496,0.8918625847719135,0.06919702438324293,-0.014831602708113678,0.07076866977968742,-2.8704447294956994
250,4,461.948,633.7074,486.4055,640.8348,502.51334,651.18274,16.47024733102033,486.3113434072729,640.5702738590448,-0.811514889682428,-0.2470770433509415,0.8482944544952102,0.04776266968616483,-0.008202712202546536,0.048461913943090344,-2.846045523972423
251,4,463.12793,633.20447,485.82684,640.33246,501.1076,650.7135,16.756866304555057,485.5261568325795,640.3216229939967,-0.7851865746933981,-0.24865086504814826,0.823617149996249,0.026328314989029877,-0.0015738216972067676,0.02637531203410064,-2.8349065535721523
252,4,462.5365,633.20703,485.09967,640.07904,498.66705,651.38715,22.871403086655032,484.7458642181775,640.0780271977566,-0.7802926144020148,-0.24359579624012895,0.8174322455324318,0.004893960291383337,0.005055068808019314,0.0070359482649779825,-2.8389946150586205
253,4,461.54312,633.65405,483.75125,640.2245,495.94025,651.0338,25.08571705823565,483.9490312093699,639.8461153608297,-0.7968330088075959,-0.23191183692688355,0.8298951403835111,-0.016540394405581083,0.011683959313245396,0.02025091485157527,-2.85837437501292
254,4,463.4036,633.8796,482.83365,639.94885,493.50702,649.49097,24.45006975809981,483.11422345145945,639.6325163737218,-0.8348077579104256,-0.21359898710784364,0.8617009457816143,-0.03797474910282972,0.01831284981903991,0.042159720562612565,-2.891100641402326
255,4,464.63074,634.7624,481.0345,638.8504,492.9287,647.735,22.76473372916979,482.2200065897488,639.4438591269378,-0.8942168617106745,-0.1886572467840324,0.913901172190855,-0.059409103800248886,0.024941740323811246,0.06443238335440633,-2.933666990737595
256,4,460.82358,633.3768,480.44608,639.27875,493.39755,649.2605,20.88153767079642,481.2496678482842,639.2838464306737,-0.970338741464559,-0.16001269626406156,0.9834436110691447,-0.07612187975388451,0.028644550519970835,0.0813329628856346,-2.9781595355805663
257,4,459.29202,635.4662,480.0451,639.6137,492.45706,648.9512,25.6522737354502,480.2053807660855,639.1444767738875,-1.0442870821987071,-0.13936965678624347,1.0535461125550245,-0.07394834073414813,0.020643039477818093,0.07677559622833566,-3.008917513329983
258,4,457.4149,636.2512,478.7717,639.4569,491.75992,648.6648,26.7979478500986,479.0940404609162,639.0148225652276,-1.1113403051693354,-0.12965420865987198,1.1188777805091532,-0.06705322297062821,0.009715448126371484,0.06775341056393397,-3.025452944455517
259,4,455.18658,637.2559,477.23166,639.46246,491.49908,648.57935,26.86274646729396,477.9225420505396,638.883956213342,-1.1714984103765573,-0.13086635188562923,1.1787851914452667,-0.06015810520722198,-0.001212143225757245,0.06017031588186103,-3.0303453492111916
260,4,468.70743,643.141,475.54816,638.70966,483.6319,643.20715,62.024605567725615,476.6977806527191,638.7409501268794,-1.2247613978205436,-0.1430060864626057,1.2330820014730093,-0.053262987443986276,-0.01213973457697648,0.054628920793455896,-3.0253565749420237
261,4,463.20294,642.36285,473.39706,638.38257,485.98425,643.6929,44.20209711208996,475.4266513852179,638.5748767144883,-1.2711292675011805,-0.16607341239114248,1.2819321327595024,-0.046367869680636886,-0.023067325928536775,0.051788810222034166,-3.011678216204544
262,4,450.41348,638.11554,473.17957,638.45374,490.8955,647.61426,26.49140421719937,474.1160493657996,638.3748083848166,-1.3106020194182975,-0.2000683296716943,1.3257846694848079,-0.039472751917116966,-0.03399491728055182,0.05209369006724156,-2.990108354849417
263,4,447.8816,637.5142,472.28918,637.933,491.0257,648.2734,27.910696476346388,472.7728697122274,638.129817546513,-1.3431796535721787,-0.24499083830357904,1.3653395521345482,-0.03257763415388126,-0.04492250863188474,0.055491747394057524,-2.9611797082109534
2,5,478.223,859.26636,481.39716,862.8308,481.31122,851.84106,138.76281137538348,481.38801271046856,862.7274027211687,,,,,,,
3,5,483.68008,856.76086,483.1095,861.6066,476.6474,853.6037,134.3646539352091,482.95515589262055,861.8396392486318,1.5671431821519946,-0.8877634725369035,1.8011279067673847,,,,-0.5154116635192216
4,5,468.70743,856.51416,482.55374,861.28656,490.76,851.78656,68.1964667139663,482.7513097180851,861.314325691031,-0.20384617453544251,-0.525313557600839,0.5634781243952458,-1.770989356687437,0.3624499149360645,1.8076983272485878,-1.9409558250330452
5,5,475.4984,859.16656,480.968,861.208,482.35306,850.1919,103.30112248999464,482.0134347387537,861.1003636300751,-0.7378749793314228,-0.21396206095585057,0.7682702966090923,-0.5340288047959802,0.3113514966449884,0.6181638284588459,-2.859362337997009
6,5,485.3721,854.79803,482.9301,861.965,473.44855,853.51605,112.8887134168961,482.1150909439408,861.1466546474732,0.10165620518711194,0.04629101739806174,0.11169978668194429,0.8395311845185347,0.2602530783539123,0.8789449781253555,0.427309262019038
7,5,465.97195,857.91406,482.276,861.91327,491.74606,848.99713,67.53320365656462,482.5746836242165,861.4021003249336,0.4595926802757049,0.2554456774604432,0.525811682921016,0.35793647508859294,0.20915466006238148,0.41456506368078977,0.5072920360548033
8,5,465.497,857.37,482.67096,862.06915,492.7883,849.32733,66.8522861999546,482.61745044998935,861.8156022441652,0.042766825772844186,0.41350191923163493,0.4157076359593727,-0.4168258545028607,0.1580562417711917,0.445786460701616,1.4677368150924388
9,5,462.1163,857.3852,480.67856,863.67554,492.81094,851.0883,64.77450997894054,481.7689130068113,862.336061986877,-0.8485374431780315,0.5204597427117506,0.9954366560754595,-0.8913042689508757,0.10695782348011562,0.8976988781621923,2.5914067968726906
10,5,461.3616,857.3194,479.126,863.0669,493.32718,850.05743,60.42076304429855,480.53003540295185,862.9123811347775,-1.2388776038594642,0.5763191479005627,1.3663679876158539,-0.39034016068143274,0.05585940518881216,0.39431676884055367,2.70617500492582
11,5,460.63852,858.2025,476.96878,864.31964,493.11566,849.39087,63.29062593326467,479.51202794097946,863.4954273581117,-1.0180074619723882,0.5830462233341223,1.1731504980929117,0.220870141887076,0.006727075433559548,0.22097256191913484,2.6214639341988546
18,5,463.59882,859.1369,475.03714,866.41174,492.18622,846.5545,81.64210599507254,477.5351460348276,864.4087000403271,-1.9768819061518457,0.9132726822153927,2.1776430063147294,-0.9588744441794574,0.33022645888127045,1.014144818971002,2.7088239493495636
19,5,459.2161,856.8159,477.96152,860.6497,493.47433,847.1578,52.57312139049463,477.31350390830374,863.6622169285105,-0.22164212652387505,-0.7464831118165876,0.7786926662537675,1.7552397796279706,-1.6597557940319803,2.4157102433469078,-1.8594205633976113
20,5,462.57224,858.62134,477.24997,859.9484,492.13138,845.77893,48.76254993658912,476.9796876374864,862.850282046019,-0.3338162708173513,-0.8119348824915278,0.8778790099261596,-0.11217414429347627,-0.06545177067494024,0.12987291069525855,-1.960866333081004
21,5,458.66028,858.2475,478.19815,860.597,491.80096,846.16376,53.55364014231858,476.5767468777909,862.1773506188807,-0.4029407596954684,-0.6729314271382236,0.7843455625260128,-0.06912448887811706,0.13900345535330416,0.15524224799589495,-2.1103214354052926
22,5,456.2714,858.55646,476.0802,861.2087,491.55145,846.44543,51.28456929809416,476.36698465793717,861.6888894211445,-0.20976221985375787,-0.4884611977362283,0.5315962100804397,0.19317853984171052,0.1844702294019953,0.2671089923439496,-1.9764172557934472
23,5,457.4645,858.857,478.76483,860.2263,490.74496,845.4247,54.69230098809115,476.55741762054106,861.3906181138638,0.19043296260389297,-0.2982713072807428,0.35387919689218666,0.40019518245765084,0.1901898904554855,0.44308958292176315,-1.002579590821763
24,5,458.4518,858.1542,479.70627,861.2843,490.2413,846.45355,62.98957675547105,476.91466349050006,861.2882563580926,0.35724586995900154,-0.10236175577119866,0.37162150186355786,0.16681290735510856,0.19590955150954414,0.2573074006571415,-0.2790538973630141
26,5,460.37787,860.06525,479.15408,863.0858,491.48373,846.91284,61.81849111813332,477.2498211820559,861.6105110088512,0.3351576915558212,0.32225465075862303,0.46495025340845775,-0.022088178403180336,0.4246164065298217,0.4251905223772862,0.7657736697354347
29,5,455.1697,863.0329,476.66577,864.9365,486.92807,847.50433,64.57549161250456,476.90239203732364,862.608573731838,-0.34742914473224573,0.9980627229867878,1.0568047168825379,-0.6825868362880669,0.6758080722281647,0.9605422112341032,1.9057806315900923
31,5,454.70804,861.90125,475.13196,866.3139,485.30472,851.41125,67.87355753400556,476.42056385063245,863.0471695773463,-0.4818281866911889,0.4385958455083028,0.6515556132727751,-0.13439904195894314,-0.559466877478485,0.5753836020213019,2.4031300208450963
39,5,461.56897,862.2343,480.44437,864.5948,485.99063,844.0348,82.03139510856165,477.19488246444985,863.7610242657524,0.7743186138173996,0.7138546884061725,1.0531656241368557,1.2561468005085885,0.2752588428978697,1.2859518711917013,0.7447908714732799
40,5,462.13135,862.58344,482.47528,864.8361,486.61807,842.41974,85.84788442421795,478.0236548294299,863.9678367961187,0.8287723649800682,0.20681253036627822,0.8541867803186597,0.054453751162668595,-0.5070421580398943,0.509957803200852,0.24454644115579266
41,5,463.11752,862.5995,482.1926,863.2223,487.17368,842.53876,78.3297132783146,478.99189436514655,864.2370010339871,0.9682395357166342,0.26916423786838095,1.0049563102304646,0.139467170736566,0.06235170750210273,0.1527705048158519,0.27114705148917706
42,5,462.56302,862.1684,483.04352,865.2153,488.01862,840.3565,87.14446039722746,480.00872087086066,864.5708291144665,1.016826505714107,0.3338280804794067,1.0702230281765228,0.048586969997472806,0.06466384261102576,0.0808832874873347,0.3172172314839096
43,5,466.4816,864.76733,483.25113,867.0341,490.87268,838.1754,82.90419746675659,480.9832541458333,864.9716331726663,0.9745332749726572,0.40080405819981024,1.0537357339951843,-0.04229323074144986,0.06697597772040353,0.07921173497754933,0.3901907910633353
44,5,465.8796,865.4273,482.91193,865.77435,492.24744,835.91846,73.80356888806214,481.8099637330449,865.4208044718763,0.8267095872116101,0.4491712992099792,0.940852590803454,-0.14782368776104704,0.04836724101016898,0.15553531003026708,0.4977033686780418
45,5,466.89008,863.4429,483.11267,865.721,493.56006,838.809,76.77727162521892,482.32471815035404,865.8160507881071,0.5147544173091205,0.3952463162307822,0.6489928818047666,-0.3119551699024896,-0.05392498297919701,0.3165816353141759,0.6548179653801649
46,5,473.75076,855.7856,482.54767,865.21686,491.12173,846.83594,111.98574549504984,482.34873565933896,866.1236979933852,0.02401750898491173,0.30764720527815825,0.3085832847924553,-0.4907369083242088,-0.08759911095262396,0.4984940495445187,1.4928860018488055
47,5,483.3396,859.17847,478.55322,867.83563,471.18338,848.80475,129.89341188529116,481.70323452157777,866.3366041275194,-0.6455011377611868,0.2129061341341867,0.6797063636622442,-0.6695186467460985,-0.09474107114397157,0.6761886489007591,2.8229977159776714
48,5,483.87958,831.89734,472.71152,861.9539,456.69904,862.3075,68.35159107471334,480.3177656453684,865.6060630718141,-1.3854688762093588,-0.7305410557053165,1.5662739993423442,-0.739967738448172,-0.9434471898395032,1.1990182875837039,-2.6563537430053445
49,5,480.20786,835.1498,472.39563,858.3509,464.64453,859.63873,61.95721641156792,478.55521052588716,864.3333117555546,-1.7625551194812488,-1.2727513162594732,2.174050703698003,-0.37708624327189,-0.5422102605541568,0.6604437913366388,-2.516184114821299
50,5,482.2529,835.0469,472.5188,860.7325,460.87836,859.9374,73.1522856298329,476.88678330503006,863.31497879591,-1.6684272208570974,-1.018332959644681,1.954648666127914,0.09412789862415138,0.2544183566147922,0.2712724856707183,-2.593593925584456
51,5,476.1325,838.5083,473.5167,862.36694,462.93436,860.881,91.73635342992505,475.69817857269976,863.0948175344346,-1.1886047323303046,-0.22016126147536852,1.2088226465335685,0.47982248852679277,0.7981716981693125,0.9312935521383836,-2.958441755804045
52,5,471.17804,843.1066,474.36435,864.35486,468.2284,856.9369,148.93164533448277,475.0330127108254,863.2050802102265,-0.6651658618743568,0.11026267579188698,0.6742428950132456,0.5234388704559478,0.3304239372672555,0.6190058395713192,2.977319270131352
53,5,466.8131,846.0552,475.93823,863.1091,472.83548,851.4467,166.7482259823336,474.84938254934303,863.0669408883535,-0.18363016148236966,-0.1381393218729272,0.2297879641181264,0.4815357003919871,-0.2484019976648142,0.5418304007675021,-2.4966408129136077
54,5,477.72748,845.42554,477.81613,862.49396,461.10776,852.4613,121.2805801628332,475.105384918188,862.6687620402214,0.2560023688449746,-0.3981788481321473,0.4733747014301483,0.4396325303273443,-0.2600395262592201,0.5107810851422975,-0.9994050893569579
55,5,483.0741,840.36237,477.3732,858.8609,464.87524,854.536,91.9597633869241,475.71790706975787,862.1723213220612,0.6125221515698627,-0.4964407181602155,0.7884394541188336,0.35651978272488805,-0.09826187002806819,0.36981312926343535,-0.6811023080162395
56,5,482.53778,843.98535,480.3356,863.331,457.9175,854.62885,104.72076357641498,476.4389979462948,861.8658687230632,0.7210908765369481,-0.30645259899802113,0.7835082945683896,0.10856872496708547,0.18998811916219438,0.21882105352037498,-0.40185769889131223
57,5,451.05637,861.22375,479.9502,862.1751,493.701,836.57043,63.64815387632899,476.9794969125024,861.8696093689676,0.540498966207565,0.003740645904485973,0.5405119100475301,-0.18059191032938315,0.3101932449025071,0.3589335415638426,0.0069206167242268895
58,5,451.76602,860.9675,479.2237,861.1615,492.39944,837.1206,61.67954877615035,477.0502433330844,861.5050965987515,0.07074642058199743,-0.3645127702161517,0.3713147124419094,-0.46975254562556756,-0.36825341612063767,0.596890301987074,-1.3790947891860603
59,5,492.63718,833.1738,472.8242,855.7158,456.8083,863.6911,22.21507840583388,476.47868147037246,860.181208580655,-0.571561862711917,-1.3238880180964543,1.4419994616386214,-0.6423082832939144,-0.9593752478803026,1.1545392141600768,-1.9783533086128031
60,5,493.67346,831.7462,471.9398,853.6803,455.92465,864.68695,10.76356834949453,475.5586751772104,858.4547745867301,-0.9200062931620892,-1.7264339939249567,1.9562683647285015,-0.34844443045017215,-0.4025459758285024,0.5324065962847061,-2.060411538487243
61,5,494.09732,832.24786,472.49075,854.3753,457.31403,864.5061,11.958381352236504,474.7006932040703,857.0136265458411,-0.8579819731400562,-1.4411480408889474,1.6772121934899458,0.06202432002203295,0.28528595303600923,0.2919504945600532,-2.107786869825686
62,5,496.4287,832.18774,475.21548,854.46027,453.00378,863.9721,23.21311378196295,474.31520430142405,855.9216559102863,-0.3854889026462729,-1.0919706355548442,1.1580162187886134,0.4724930704937833,0.34917740533410324,0.5875155845256361,-1.9101601953548561
63,5,498.3999,831.5017,477.17072,854.23584,456.3225,864.92694,19.81152928065175,474.6956578291707,855.0805238891651,0.3804535277466812,-0.8411320211212114,0.9231727702496152,0.7659424303929541,0.25083861443363276,0.805970109350992,-1.1460219753846048
64,5,500.02194,830.5958,479.1334,853.86743,456.92477,864.1006,23.349899379285933,475.667425584918,854.3669111953466,0.9717677557472939,-0.7136126938185043,1.205643250671207,0.5913142280006127,0.1275193273027071,0.604908005461736,-0.6334063273608489
65,5,500.85764,829.9572,481.68622,853.6403,464.32346,864.03625,20.09889802669589,476.93885997570055,853.6512534176425,1.271434390782531,-0.7156577777041093,1.4590104402823614,0.29966663503523705,-0.0020450838856049813,0.2996736133219626,-0.5126737704550965
66,5,501.20096,829.9547,482.5491,853.027,471.94824,864.1316,4.718083555551889,478.2546422176585,852.8360372461677,1.3157822419579475,-0.8152161714747308,1.5478566840911985,0.04434785117541651,-0.09955839377062148,0.10898901630009793,-0.5546833984127968
67,5,501.71198,829.2824,482.45166,851.74286,470.85797,864.04785,2.6813905363345203,479.50476876335347,851.9519537762492,1.2501265456949682,-0.8840834699185507,1.5311498822892744,-0.06565569626297929,-0.06886729844381989,0.09514922620140823,-0.6155386400436159
68,5,501.91187,829.1442,482.86633,850.5323,471.1694,862.71265,2.155857798001312,480.6155648744527,851.061745204517,1.110796111099205,-0.8902085717321597,1.4234954519135385,-0.1393304345957631,-0.006125101813609035,0.1394650023370426,-0.6756031004190548
69,5,501.26025,828.9454,483.53253,849.63513,472.60187,859.896,6.219242230510423,481.513355812623,850.2281537276007,0.8977909381703171,-0.8335914769163537,1.2251135943447555,-0.213005172928888,0.05661709481580601,0.22040122304526227,-0.7483352580868721
70,5,501.6575,829.03613,483.52222,848.8368,473.74573,859.8219,0.8180492038114987,482.1516225404606,849.5101478589571,0.6382667278376175,-0.7180058686435586,0.9606856110461583,-0.25952421033269957,0.11558560827279507,0.28410006791376047,-0.8441234194045789
71,5,501.75348,829.4349,481.6517,850.32965,477.86887,863.7009,28.095243056913876,482.5924688242774,848.9516013793499,0.44084628381676794,-0.5585464796072301,0.7115613928795492,-0.19742044402084957,0.1594593890363285,0.2537757444462109,-0.9026298567054837
72,5,502.17776,829.19,481.83133,849.8671,479.82812,864.42993,36.70592070651679,482.9251541313139,848.5926143863686,0.3326853070365132,-0.3589869929812721,0.489439653734467,-0.10816097678025471,0.19955948662595802,0.22698631148259737,-0.8234060749097987
73,5,502.2984,829.564,482.40863,851.0885,481.4145,864.0316,38.34742156167224,483.2389379288111,848.4732869776037,0.3137837974971944,-0.11932740876488879,0.3357071671178665,-0.018901509539318795,0.23965958421638334,0.24040379233621648,-0.36339640754541436
74,5,502.27292,829.03107,483.43585,850.9605,481.25702,862.6006,30.059950679410843,483.58636352106953,848.5988041430722,0.34742559225844616,0.12551716546852276,0.36940371002926403,0.03364179476125173,0.24484457423341155,0.24714496937283342,0.34668634664152465
75,5,503.08575,829.75256,483.56342,850.8182,483.81076,860.1746,44.33679609242218,483.8731095606296,848.834690442501,0.2867460395600574,0.2358862994287847,0.37130262248142587,-0.06067955269838876,0.11036913396026193,0.1259498068550118,0.6883890556368306
86,5,509.7114,846.668,491.7815,847.2944,500.23682,832.85516,122.35310975488726,486.1668210482347,847.8980497938305,2.293711487605094,-0.9366406486705046,2.4775810971819827,2.0069654480450367,-1.1725269480992893,2.3243772829869185,-0.38768519441616556
87,5,511.35748,846.96576,492.1082,846.4926,500.01794,832.8363,118.67145991767308,487.6206174867839,847.4698606910949,1.4537964385492046,-0.42818910273558686,1.5155428045554695,-0.8399150490558895,0.5084515459349177,0.9818249661697166,-0.28643246456146265
88,5,510.06067,846.87335,491.4385,846.6183,500.18668,832.7744,121.50473728943282,489.4418946723718,847.0320403671476,1.8212771855879168,-0.43782032394733505,1.8731623589012225,0.36748074703871225,-0.009631221211748198,0.36760693664042804,-0.23591552494591106
89,5,514.1211,846.7787,494.88107,849.30853,497.0468,833.38715,105.237013102597,491.3540504411496,846.8173175397709,1.9121557687777795,-0.21472282737670412,1.924173998542436,0.09087858318986264,0.22309749657063094,0.24089709391912445,-0.11182512307178026
90,5,517.2279,846.37726,495.54755,849.39844,498.2508,830.94495,106.26710268016926,493.01474663305885,846.9834588645888,1.6606961919092669,0.16614132481788602,1.6689861538173953,-0.2514595768685126,0.38086415219459013,0.45638735874889796,0.09971140285516618
91,5,514.95276,846.7102,495.608,848.66626,497.88968,830.9452,103.11062290268087,494.231649900057,847.2727564284239,1.2169032669981448,0.2892975638351345,1.2508183887646127,-0.4437929249111221,0.12315623901724848,0.4605644573890201,0.2333999588610685
92,5,515.1038,845.9337,494.824,849.2034,498.5323,830.6153,110.4412092261405,495.4124461421633,847.5874979635785,1.1807962421062825,0.3147415351545533,1.2220237310804416,-0.03610702489186224,0.02544397131941878,0.044171403906203444,0.2604937021207775
93,5,518.6946,842.3876,497.51938,849.86816,496.3522,831.1579,105.8872791719274,496.9372396766764,847.9003350124011,1.524793534513151,0.31283704882264374,1.556554638298691,0.3439972924068684,-0.0019044863319095384,0.344002564309403,0.20235868891020029
94,5,522.42993,842.5589,500.347,850.44336,496.29883,830.9367,97.92451526415702,498.4757892419525,848.183919117242,1.538549565276071,0.2835841048408838,1.564466269796058,0.01375603076292009,-0.029252943981759927,0.03232588922134066,0.1822733399171977
95,5,520.6555,842.1793,499.95102,849.3705,496.76724,830.23987,99.70457692557274,499.6372251801737,848.4098602019714,1.1614359382211887,0.2259410847293566,1.1832086934942674,-0.37711362705488227,-0.05764302011152722,0.38149365063925605,0.19213622174100828
96,5,521.0156,842.6729,499.2304,849.0027,497.64194,829.0628,101.64667863059098,500.49850982777,848.5456017165463,0.8612846475963352,0.1357415145749883,0.8719157086348743,-0.3001512906248536,-0.0901995701543683,0.3134114862601531,0.1563177564208764
97,5,519.6061,843.3713,499.46832,848.76935,497.25967,829.0377,98.61898842949796,501.2535635197336,848.5575454924455,0.7550536919635533,0.011943775899112552,0.7551481520407242,-0.10623095563278184,-0.12379773867587573,0.1631284648242436,0.015817126612821083
98,5,519.8733,842.941,500.74557,848.2234,497.68958,828.818,96.48875013880875,502.0963065910563,848.4120933611463,0.8427430713227295,-0.1454521312991801,0.8552030207862582,0.0876893793591762,-0.15739590719829266,0.1801746343278406,-0.17090990390018362
99,5,524.0208,841.01874,503.69562,846.41815,496.63068,829.7125,81.95320395641896,503.13939617177545,848.10617886647,1.0430895807191405,-0.30591449467624443,1.0870232524918013,0.20034650939641097,-0.16046236337706432,0.25668442470839403,-0.2852778243688724
100,5,523.74255,840.98425,503.50122,846.9665,496.73767,829.9107,84.83379093649779,504.1704365721088,847.7588624016054,1.0310404003333815,-0.3473164648646616,1.0879673864071961,-0.012049180385758973,-0.04140197018841718,0.043119669333740764,-0.3249213596139894
101,5,525.3025,839.6698,504.3292,847.6696,496.18155,830.98865,84.84557509795658,504.95108917720995,847.4925879855597,0.7806526051011247,-0.2662744160456896,0.824815466932844,-0.25038779523225685,0.08104204881897203,0.26317648390015247,-0.3287170924449409
117,5,531.74884,840.6563,510.47845,845.73883,493.60568,831.0111,54.55544068569179,507.08766487924356,847.0961822224655,2.1365757020336105,-0.39640576309420794,2.1730377952384345,1.3559230969324858,-0.13013134704851836,1.3621532998453754,-0.183447288460211
118,5,530.8485,840.04816,509.95874,845.71747,492.99847,830.65906,56.78458955230774,508.4794264630342,846.6769425707806,1.3917615837906396,-0.41923965168484756,1.4535343792495112,-0.7448141182429708,-0.022833888590639617,0.7451640471749988,-0.29258439781957507
119,5,531.8935,840.2062,510.35034,846.0797,492.84378,830.65094,56.64065707768157,509.97785136249524,846.3496802760301,1.4984248994610425,-0.3272622947505397,1.5337463248171859,0.10666331567040288,0.09197735693430786,0.14084351990214206,-0.21502766942791823
149,5,486.143,830.0594,499.9944,835.719,495.74313,825.14484,134.12685931074552,508.65902892184187,843.9570878901022,-1.3188224406533777,-2.3925923859278555,2.7319939522573766,-2.8172473401144202,-2.065330091177316,3.49320353843063,-2.074568555974249
150,5,494.68338,826.64526,500.22705,834.1499,487.20447,828.14355,151.21361037893786,507.48172440715996,841.34867922975,-1.1773045146819072,-2.608408660352211,2.8617899398262647,0.1415179259714705,-0.21581627442435547,0.2580774838641979,-1.9947721128728535
151,5,493.3709,825.29834,498.605,833.75696,486.91962,828.2723,146.89235354983316,505.9524545721011,838.6704685579589,-1.5292698350588694,-2.6782106717911347,3.0840685191669954,-0.35196532037696215,-0.06980201143892373,0.3588201604550353,-2.0896225542874696
152,5,491.93677,832.14124,494.85178,830.4395,482.863,820.1217,109.0084655464332,503.90127509665245,836.1845935694356,-2.0511794754486345,-2.4858749885232783,3.22287320555236,-0.5219096403897652,0.19233568326785644,0.5562217972984224,-2.260675979501268
153,5,490.5588,831.93353,494.7151,829.8758,480.4681,819.0902,116.53306839365018,501.7247051251425,834.1531919588856,-2.1765699715099345,-2.031401610550006,2.9772553374247086,-0.12539049606129993,0.45447337797327236,0.4714539508678825,-2.3906792315827134
154,5,490.29996,831.7441,494.04773,831.20685,479.3182,819.74176,133.94611364024908,499.9964327321462,832.7225121684181,-1.7282723929963026,-1.4306797904674795,2.243606500089808,0.44829757851363183,0.6007218200825264,0.749558152530175,-2.4501233900754693
156,5,489.52856,833.7234,493.94583,828.82227,479.80365,818.33954,95.48033183084289,498.2836076859794,830.2781945220172,-1.712825046166813,-2.4443176464009184,2.9847040716431623,0.015447346829489561,-1.013637855933439,1.013755554118156,-2.182017088737042
157,5,489.26706,834.9628,492.89447,826.6046,476.64496,817.37897,83.87482045306922,496.6568272820501,828.5461479171549,-1.626780403929331,-1.732046604862262,2.3762154624577643,0.0860446422374821,0.7122710415386564,0.7174494526252972,-2.3248645775216974
158,5,487.25214,836.0387,490.14618,825.41455,469.9279,818.32214,85.9073507886283,494.57976203342,826.6858424584082,-2.077065248630049,-1.8603054587467795,2.788357302590483,-0.45028484470071817,-0.12825885388451752,0.4681952316789652,-2.4111908886521207
159,5,487.92804,836.03186,487.87003,824.2825,468.92612,818.32184,72.25110512191608,492.58365682039414,825.0721455136636,-1.996105213025885,-1.6136969447445608,2.566798365853275,0.0809600356041642,0.24660851400221873,0.25955786742730425,-2.4617369238210247
160,5,485.76703,837.446,488.31772,824.6326,469.04517,817.8272,81.8095390508483,490.79232991673734,823.7604997780968,-1.7913269036567954,-1.311645735566799,2.220195174167175,0.20477830936908958,0.30205120917776185,0.36492340148832686,-2.5095680642333993
161,5,486.5229,837.4958,487.96518,824.40625,469.1151,818.5765,79.10255478075425,489.22774294458014,822.7264917787056,-1.5645869721572012,-1.0340079993911786,1.8753946081422401,0.22673993149959415,0.2776377361756204,0.3584601917719233,-2.5576052372599687
162,5,468.60242,818.30206,487.55957,824.65314,486.54123,837.423,76.03743679553729,487.911857526053,821.9457080424884,-1.3158854185271593,-0.780783736217245,1.5300907415685376,0.24870155363004187,0.25322426317393365,0.354929556726371,-2.606075452237963
163,5,467.71295,818.8352,486.86038,824.2631,487.12018,837.39496,73.03964343055007,486.8495255833868,821.3937350964425,-1.0623319426661624,-0.5519729460459075,1.1971730407821004,0.25355347586099697,0.22881079017133743,0.3415314668080014,-2.662399193708315
164,5,467.5855,819.5406,486.45813,824.13007,487.14566,836.8341,73.23424664926144,485.97716023921646,821.0461594675658,-0.8723653441703618,-0.34757562887671156,0.9390580980421368,0.18996659849580055,0.20439731716919596,0.27904403202725836,-2.7624413426438093
165,5,467.75568,819.041,486.5964,824.02203,486.08228,837.76855,77.33314114033577,485.2140649162778,820.8785676828568,-0.7630953229386819,-0.16759178470897496,0.7812819453902864,0.10927002123167995,0.1799838441677366,0.21055669474364352,-2.925403847102461
166,5,468.18597,819.63086,486.15015,824.3603,485.9236,837.36993,76.24798824113489,484.488087963555,820.8617221620284,-0.7259769527227604,-0.016845520828383087,0.7261723675936758,0.03711837021592146,0.15074626388059187,0.15524886306006638,-3.118392883396543
167,5,469.14743,820.097,485.5094,824.4944,485.98593,837.4117,72.84406462881394,483.76125743502723,820.9470888956577,-0.7268305285277847,0.0853667336292574,0.7318265480361501,-0.0008535758050243203,0.10221225445764048,0.10221581850657152,3.024677619720576
168,5,464.13345,821.2483,483.43933,823.99426,485.98013,837.85815,71.51961909513963,483.0041463109225,821.0813097670365,-0.7571111241047106,0.13422087137882954,0.7689164431567261,-0.03028059557692586,0.048854137749572146,0.05747731068645707,2.9661353264409187
169,5,461.1495,821.9802,481.9729,823.83417,486.4,837.9565,67.50699578183306,482.18732757146853,821.2110266594569,-0.8168187394539927,0.12971689242044704,0.827054608416172,-0.05970761534928215,-0.004503978958382504,0.05987725074813794,2.984100400405201
170,5,459.9122,821.9657,481.3053,823.9008,486.9353,837.219,61.91607712500868,481.30683088279716,821.2926013246102,-0.8804966886713714,0.0815746651533118,0.8842674056845728,-0.06367794921737868,-0.04814222726713524,0.07982828610694055,3.049210175470557
171,5,460.58188,821.86414,481.62836,823.5126,487.8901,836.99774,60.61403750362072,480.4605126546566,821.3212749877841,-0.8463182281405466,0.028673663173890418,0.8468038274847156,0.03417846053082485,-0.05290100197942138,0.06298160981337249,3.107725133784388
172,5,459.10895,821.94366,480.6006,822.84375,488.53638,836.8027,57.98313720925889,479.771685982699,821.3020087426652,-0.6888266719575995,-0.01926624511895625,0.6890960544083575,0.15749155618294708,-0.04793990829284667,0.16462631951195691,-3.1136302876496322
173,5,463.2954,821.7613,481.0079,821.2217,490.60153,835.2663,57.40868610260771,479.36366396257665,821.2397636829397,-0.40802202012235966,-0.062245059725455576,0.4127425545845216,0.28080465183523984,-0.04297881460649933,0.284074692637852,-2.9902066412134425
178,5,460.94244,820.9231,477.96786,821.4036,489.3109,836.11945,50.75802562574349,478.6112150837063,820.7385799544638,-0.7524488788703252,-0.501183728475894,0.9040821008084431,-0.3444268587479655,-0.4389386687504384,0.5579399752226023,-2.554003145239449
179,5,458.61353,821.679,476.04745,820.1994,489.40726,834.71814,52.2315227941612,477.2066088774618,820.727275225956,-1.404606206244523,-0.011304728507866457,1.40465169757747,-0.6521573273741978,0.48987899996802753,0.8156534890856112,-3.133544501462105
180,5,451.06888,821.39136,471.28366,822.4869,488.27243,835.29626,33.913923657355646,475.06328555102976,820.7886719655901,-2.1433233264320393,0.06139673963411951,2.1442025187153853,-0.7387171201875162,0.07270146814198597,0.7422859874254245,3.1129549050453167
181,5,448.28342,820.9888,470.06296,823.20844,487.68503,834.8946,27.73131116341241,472.969581721949,820.9412233715432,-2.0937038290807664,0.15255140595309058,2.0992540711799816,0.04961949735127291,0.09115466631897107,0.10378471809045847,3.068859202915258
182,5,446.28824,820.67303,468.79654,823.2469,488.51447,834.6776,23.57787499504585,471.70024705026935,821.188628063877,-1.269334671679644,0.24740469233381646,1.2932206271618392,0.8243691574011223,0.09485328638072588,0.8298082029068286,2.9490970890333674
188,5,446.53268,818.20483,464.7867,819.85046,486.6037,830.7607,21.417294817201864,468.81228359593416,821.0506622235147,-2.8879634543351926,-0.13796584036231252,2.8912570772386426,-1.6186287826555485,-0.385370532696129,1.663871865112059,-3.093856236785035
189,5,443.31067,820.0404,462.1747,819.0826,486.22766,830.47235,28.245621415315345,466.41092939434833,820.2880839487199,-2.401354201585832,-0.7625782747948051,2.519529247034642,0.4866092527493606,-0.6246124344324926,0.7917886448472067,-2.834103025021916
241,5,559.6448,727.5603,581.5518,745.93036,587.83075,778.47797,39.09953537852,491.0176602204464,803.4308828899813,24.606730826098044,-16.85720105873861,29.827108969572993,27.008085027683876,-16.094622783943805,31.439999036578307,-0.6006317423163218
243,5,545.808,720.48804,577.5165,732.47833,590.3066,759.4955,43.95312957037991,529.6747576912081,771.1514763958235,38.657097470761755,-32.2794064941578,50.36200222865501,14.050366644663711,-15.422205435419187,20.862819160932006,-0.6957322047643024
245,5,546.5091,720.9971,572.51495,729.5479,589.28986,749.07043,31.12779596340772,555.906311289071,746.0833263961479,26.2315535978629,-25.068149999675597,36.283695354301905,-12.425543872898857,7.2112564944822,14.366501340498528,-0.7627234864443064
247,5,539.1155,723.18115,568.7261,728.7115,586.5468,744.3902,30.76218757980583,571.4596622482777,729.2793566473964,15.553350959206682,-16.803969748751456,22.897164133953567,-10.678202638656217,8.264180250924142,13.502617776267282,-0.8240291927069233
248,5,539.69055,725.31354,566.49677,732.89355,588.5433,752.4656,25.80804551781218,576.3476954119291,724.1429805794126,4.888033163651357,-5.136376067983861,7.090502614110854,-10.665317795555325,11.667593680767595,15.807648338057025,-0.8101669164609401
249,5,538.81396,725.35046,566.7558,733.6908,588.6295,751.6919,22.833071242938495,579.8705560073525,720.719817465687,3.522860595423481,-3.4231631137255363,4.912086367111087,-1.3651725682278766,1.7132129542583243,2.1906151573657184,-0.7710459756749019
250,5,541.0895,725.9958,567.9423,735.6152,588.9027,754.65283,22.539032806979534,582.2664637531384,718.7101408042852,2.3959077457858484,-2.0096766614018406,3.127167122125051,-1.1269528496376324,1.4134864523236956,1.8077518292644617,-0.6979532088938663
251,5,540.32184,727.2271,567.21436,735.466,588.8895,753.65076,22.96237686824191,583.7307626000623,717.8335119824027,1.4642988469239526,-0.8766288218824911,1.706648529855489,-0.9316088988618958,1.1330478395193495,1.466864870081133,-0.5394394927187663
252,5,541.4035,729.9125,567.2325,735.8596,588.9285,753.44635,26.061677667132862,584.4587964988993,717.8094923872352,0.7280338988369977,-0.02401959516748775,0.7284300232745832,-0.736264948086955,0.8526092267150034,1.1265116809252547,-0.032980450208268765
253,5,543.2506,730.27167,568.1045,736.44836,589.7611,755.4965,27.37694534499906,584.6334843557293,718.3755960756656,0.17468785682990529,0.5661036884304167,0.5924434431895992,-0.5533460420070924,0.5901232835979044,0.8089730107051085,1.2714873551069383
254,5,546.9301,731.2276,568.1995,738.1329,590.3652,757.8449,23.66046177506339,584.3880448978489,719.3411477833217,-0.2454394578803658,0.9655517076561182,0.9962583137129917,-0.4201273147102711,0.3994480192257015,0.579711722004135,1.8197203247049032
262,5,524.7972,728.42755,559.57544,737.02136,586.8679,750.4957,12.395781221618172,581.7951878174255,720.7189787744497,-2.592857080423414,1.3778309911280076,2.936209474750502,-2.3474176225430483,0.41227928347188936,2.3833471635927803,2.6531457141476076
9,6,552.91736,868.45685,544.1398,878.22656,533.1578,875.03656,64.25922812579438,544.1400778584382,878.2264648932963,,,,,,,
11,6,556.9547,868.6918,549.07007,878.0211,534.5561,873.3947,67.47730958076019,548.4643909354614,878.0464517047357,4.324313077023248,-0.18001318856067883,4.328058263952792,,,,-0.04160413723653462
31,6,552.39966,872.6538,535.12646,880.12915,521.2278,876.46,38.18977601700748,538.8504430368947,879.6353377930856,-9.613947898566721,1.5888860883499092,9.744360071246719,-13.93826097558997,1.768899276910588,14.05005778192777,2.977804324039216
47,6,506.49368,872.69037,507.84903,884.2716,522.27686,870.1074,127.79676273368707,516.820188768369,883.0127620251258,-22.03025426852571,3.377424232040198,22.28764450495089,-12.416306369958988,1.788538143690289,12.54446222697965,2.989468634681511
102,6,599.3137,732.8225,601.41296,762.82794,607.8529,789.2372,9.702209321551411,561.7896618709182,813.6294118235297,44.96947310254916,-69.38335020159604,82.6819375457434,66.99972737107487,-72.76077443363624,98.90952312078373,-0.995736387007476
104,6,598.19714,732.7992,600.26447,761.928,606.7278,788.60284,9.560694405393178,598.0218976663965,756.6155466634418,36.232235795478346,-57.0138651600879,67.55261454031093,-8.737237307070814,12.369485041508142,15.144090463021003,-1.0046829990855184
106,6,597.1795,732.1653,598.3267,760.8128,604.2447,788.0224,9.97724730524235,609.6303145249834,736.8976195501726,11.608416858586907,-19.717927113269184,22.88125852323077,-24.62381893689144,37.29593804681872,44.6913800841835,-1.0387092649103025
107,6,596.905,732.7901,597.84436,760.953,603.32196,787.55615,9.724313032947192,611.5206789748124,732.8133344346568,1.8903644498290078,-4.084285115515854,4.500540262901964,-9.718052408757899,15.63364199775333,18.407914187470617,-1.1373173317159266
108,6,596.3901,732.8117,597.4894,761.14734,603.70874,787.23267,11.188557401954457,612.5500802077868,730.7375289828808,1.029401232974351,-2.0758054517759774,2.3170315431758763,-0.8609632168546568,2.0084796637398767,2.185234134007925,-1.110430494469793
109,6,596.12335,732.6819,597.1847,761.23254,604.27893,786.51544,13.54487013119373,612.9948582969315,729.9853947892161,0.4447780891447337,-0.7521341936646877,0.873803979083908,-0.5846231438296172,1.3236712581112897,1.4470279264240722,-1.0367579179039843
110,6,596.83093,734.5486,596.4724,761.96246,604.4777,785.64105,19.428760013736508,612.8878569613742,730.0359284050066,-0.10700133555735647,0.05053361579052762,0.11833398554904952,-0.5517794247020902,0.8026678094552153,0.9740308752088936,2.700373381362717
111,6,596.8276,733.21423,596.01294,760.8977,604.0932,785.26117,20.03389246264456,612.2996708187044,730.4494062911582,-0.5881861426697697,0.41347788615155423,0.7189762866500538,-0.4811848071124132,0.3629442703610266,0.6027166514903236,2.5288754143290926
112,6,596.9752,732.60535,595.9319,759.19824,603.0696,784.81744,17.815002677033235,611.451898080359,731.111224546833,-0.8477727383453839,0.6618182556748025,1.0755101205595738,-0.25958659567561426,0.24834036952324823,0.35924662808354696,2.4787590845299428
113,6,596.69556,730.6675,597.17236,758.56384,603.2128,785.32117,11.74207123315061,610.6038878562375,731.9880591807567,-0.8480102241214809,0.8768346339237496,1.2198197881091946,-0.0002374857760969462,0.21501637824894715,0.21501650940052988,2.3394847398198655
114,6,595.9119,728.2222,597.8446,757.0946,603.6704,785.66565,7.695364667318671,609.9459283450905,733.0465862016553,-0.6579595111470553,1.0585270208985094,1.246350742079109,0.19005071297442555,0.18169238697475976,0.26292850166285386,2.126932729826569
115,6,595.40155,727.21454,598.41205,756.56067,603.77686,785.87427,4.513926404591494,609.3920641010745,734.2534816182545,-0.5538642440159265,1.2068954165991954,1.3279164685353817,0.10409526713112882,0.14836839570068605,0.18124294601969046,2.001040443819655
116,6,595.08954,726.36383,598.6056,756.6095,603.9403,785.5565,3.811153231379065,608.7872787671981,735.5754214392803,-0.6047853338764071,1.3219398210258078,1.45371599375041,-0.050921089860480606,0.11504440442661235,0.12581006471047174,1.9998683878066743
117,6,595.0194,726.07056,598.7597,756.5499,604.0283,785.3933,3.3556135683711297,608.0133327878087,736.9790816734583,-0.7739459793893957,1.4036602341780053,1.602889401058496,-0.1691606455129886,0.08172041315219758,0.18786577633016838,2.0746961263753234
118,6,594.147,725.3337,598.16736,755.68396,604.0228,784.41376,3.97394559516123,607.0990938126099,738.431138329514,-0.9142389751988276,1.4520566560557882,1.7158966857501998,-0.1402929958094319,0.048396421877782814,0.14840599153591344,2.132708558548604
119,6,593.84094,725.70996,598.0653,754.98193,604.1608,784.6114,3.4131161273771635,606.1102062926444,739.8982674161739,-0.9888875199654876,1.4671290866598383,1.7692841162647743,-0.07464854476666005,0.015072430604050169,0.0761549958971436,2.163878611081257
120,6,594.0091,725.5539,598.0406,754.672,604.5467,784.3595,4.478465453403484,605.112314678955,741.3471449421631,-0.9978916136893758,1.4488775259892464,1.759270802914749,-0.009004093723888218,-0.01825156067059197,0.020351736306783823,2.1739213190447644
121,6,594.1579,724.03125,598.21625,753.8761,604.8736,784.022,4.709564412523484,604.1710634225846,742.7444469162077,-0.9412512563704922,1.3973019740445807,1.6847571736864373,0.056640357318883616,-0.051575551944665676,0.0766039661871872,2.163597685246747
122,6,594.3134,725.33044,598.3737,753.92413,604.9674,783.58527,4.451090732369393,603.3364123739361,744.0570981425992,-0.8346510486484249,1.3126512263914947,1.5555370825399857,0.10660020772206735,-0.084650747653086,0.13612256743323037,2.1371608292460724
123,6,594.00494,724.1235,598.2438,753.6686,604.89215,783.6412,4.342079764842316,602.5955829808555,745.2530186078919,-0.7408293930806167,1.1959204652927156,1.40678852318255,0.0938216555678082,-0.11673076109877911,0.14976172288066358,2.1254046194252574
124,6,594.1677,722.8136,598.44135,752.9427,604.9543,783.12024,4.105606797867085,601.9201120905485,746.3003770942059,-0.6754708903069968,1.0473584863140104,1.2462827618586811,0.06535850277361988,-0.14856197897870516,0.1623034056416516,2.143597777788462
125,6,594.22034,722.03485,598.6358,752.0907,605.1474,781.94946,3.944963260746033,601.2815365502208,747.1673423836611,-0.6385755403276789,0.8669652894551518,1.0767578807813958,0.03689534997931787,-0.18039319685885857,0.18412759793973107,2.205642882963828
126,6,594.48193,722.4355,598.5013,751.9677,605.85376,780.92413,6.496820569078919,600.6513932070786,747.8220832583772,-0.6301433431422083,0.6547408747161398,0.9087168128358223,0.008432197185470613,-0.212224414739012,0.21239186462925277,2.337053055481652
127,6,593.555,720.99084,597.7463,750.8072,605.9643,779.1798,8.15181876866585,600.0012189083283,748.2327685004748,-0.6501742987503576,0.41068524209754287,0.7690181966847317,-0.02003095560814927,-0.24405563261859697,0.24487627691436184,2.578222692303761
128,6,593.8266,720.65137,597.3756,749.52997,606.1201,775.8245,11.388871766410537,599.3196037812036,748.3781235851151,-0.6816151271247008,0.14535508464030045,0.6969413764126873,-0.031440828374343255,-0.2653301574572424,0.26718648570829695,2.931488849655724
129,6,594.1474,721.5769,596.9354,749.0002,606.33154,773.6557,15.056544640507818,598.66335107305,748.2791007596237,-0.6562527081536018,-0.09902282549137453,0.6636815026254925,0.025362418971099032,-0.24437791013167498,0.24569048670306828,-2.991831131288375
130,6,594.07837,719.6207,596.332,748.0849,606.12683,773.0441,16.899896284375775,598.1063173112415,747.9672089643684,-0.5570337618084977,-0.311891795255292,0.6384066914922611,0.09921894634510409,-0.21286896976391745,0.2348565468582561,-2.6311687184399255
131,6,593.5676,716.9828,596.9996,746.23645,605.4947,772.47534,11.248713276901032,597.7223590231521,747.4739571397167,-0.3839582880893886,-0.49325182465167927,0.6250770588613415,0.17307547371910914,-0.1813600293963873,0.25069220144582177,-2.232241043330878
132,6,594.3927,716.2351,598.5733,745.19855,605.7663,772.4478,6.573665520830365,597.5853327361556,746.8308542260359,-0.13702628699650177,-0.6431029136808775,0.6575390185478591,0.24693200109288682,-0.1498510890291982,0.28884383678204756,-1.7807275488775896
133,6,595.4306,714.5366,599.7624,744.0661,606.7692,771.7616,5.852299325007529,597.7382920503961,746.0727628952151,0.15295931424054743,-0.7580913308207755,0.7733686169470242,0.2899856012370492,-0.11498841713989805,0.31195189533187984,-1.3717004051334152
134,6,595.5198,712.3493,600.21295,743.127,608.63165,771.63184,7.78411880381511,598.1010788571,745.2479607452308,0.3627868067038662,-0.8248021499842935,0.9010620698581765,0.20982749246331878,-0.06671081916351795,0.22017699695225132,-1.1564175867657456
135,6,595.8983,712.5898,600.56195,742.78046,609.78613,770.96173,9.342875319200909,598.5627321202633,744.4080791055802,0.4616532631632708,-0.8398816396505708,0.9583970492501672,0.09886645645940462,-0.015079489666277368,0.10000983562347612,-1.0682106044139452
136,6,595.79846,712.7231,600.58673,742.84436,609.6405,770.84973,8.882811361648738,599.0122908038821,743.6047493057612,0.44955868361887497,-0.8033297998190392,0.9205660092000102,-0.012094579544395856,0.03655183983153165,0.038500855177848486,-1.0605980335953398
137,6,594.38055,712.3697,600.28357,742.52875,608.8737,770.99756,5.716111681250813,599.3387938719528,742.8896026752716,0.32650306807067864,-0.7151466304895848,0.7861545373272185,-0.12305561554819633,0.08818316932945436,0.15139007850890598,-1.1425054619039503
138,6,592.71484,711.1233,599.4869,742.2418,607.96893,770.7053,4.316519254160695,599.4312802884716,742.3142705436094,0.09248641651879552,-0.5753321316622078,0.5827184560003811,-0.23401665155188311,0.13981449882737707,0.2726020676478924,-1.411406861287868
139,6,591.7264,711.3545,598.0632,742.396,606.19714,771.1322,4.266730120145698,599.2223937813426,741.9087259288759,-0.2088865071290229,-0.4055446147334578,0.4561797972289786,-0.3013729236478184,0.16978751692874994,0.3459095835805425,-2.0464322736133562
140,6,591.1074,710.1973,597.45123,741.9714,605.67505,770.7695,4.646797223977435,598.8191971341006,741.6163086035888,-0.4031966472419981,-0.2924173252871469,0.49807171017362284,-0.1943101401129752,0.1131272894463109,0.22484264312668417,-2.5141223089014226
141,6,590.82874,711.143,597.5412,742.3136,605.353,770.88525,3.1387472220953843,598.3723578941879,741.3587000288694,-0.4468392399127197,-0.25760857471937015,0.5157785223278712,-0.04364259267072157,0.03480875056777677,0.055824054054790934,-2.618622151608898
142,6,590.6431,711.69666,597.19617,742.0849,605.0967,769.88196,3.697187654427095,597.9919543202496,741.0575816658392,-0.3804035739382243,-0.3011183630302412,0.4851588890445956,0.06643566597449535,-0.043509788310871045,0.07941535992697842,-2.472009407579061
143,6,590.0892,710.241,596.7,740.4823,605.1975,768.24005,4.689890905186633,597.6257075157453,740.6346349756192,-0.3662468045043852,-0.42294669021998743,0.5594824613673921,0.014156769433839145,-0.12182832718974623,0.12264809589494141,-2.284472371150903
144,6,589.92365,709.1005,595.9996,738.87317,605.0689,766.2406,6.80036946701041,597.2020728983393,740.0316157751505,-0.42363461740592356,-0.6030192004686796,0.7369521322301394,-0.05738781290153838,-0.1800725102486922,0.18899595238228606,-2.1832133065952246
145,6,589.9501,708.5991,595.6303,737.634,604.8815,764.1389,8.17149627410287,596.734800297707,739.2705773046504,-0.46727260063232734,-0.7610384705001252,0.8930415650365152,-0.043637983226403776,-0.15801927003144556,0.1639340211223369,-2.121441606178065
146,6,589.9421,709.2564,595.40186,737.3739,604.65094,762.87036,8.949926672035065,596.2589631465263,738.3936471601552,-0.4758371511807127,-0.8769301444951907,0.9977111168911231,-0.008564550548385341,-0.1158916739950655,0.11620770898470717,-2.0679534953986694
147,6,589.56256,709.05316,594.5938,737.09503,604.2836,761.88416,11.178309514432325,595.8096348774749,737.4429529377011,-0.44932826905142065,-0.9506942224541035,1.0515300271396715,0.026508882129292033,-0.07376407795891282,0.07838277890502011,-2.0123106067203627
148,6,589.2795,707.12506,595.4301,735.4514,603.52795,761.56,4.981102384154862,595.4218889232309,736.4606222333247,-0.3877459542439965,-0.9823307043764089,1.056087372234532,0.061582314807424154,-0.03163648192230539,0.06923329029781156,-1.9467430424497876
149,6,588.18585,705.3839,595.6103,733.88104,602.8472,761.1851,0.241474423499206,595.1307987164721,735.4887826430625,-0.2910902067587813,-0.9718395902622206,1.0144977563661295,0.09665574748521522,0.010491114114188349,0.09722343851809918,-1.8618172405833096
150,6,587.7068,704.6646,595.594,733.2757,602.2976,760.45636,1.5573341215642085,594.957090435957,734.5621181549031,-0.1737082805151431,-0.9266644881593038,0.9428051974480584,0.11738192624363819,0.04517510210291675,0.1257748244231566,-1.7561012101554996
151,6,587.56134,704.1128,595.17255,733.0883,601.1569,760.4001,2.358832270921288,594.8641012447658,733.6855383246447,-0.0929891911911227,-0.8765798302584926,0.8814982634664613,0.08071908932402039,0.05008465790081118,0.09499497006863294,-1.676482895182271
152,6,585.98566,703.46045,595.28143,732.0559,599.99554,759.6393,8.309856982895278,594.8008210520595,732.856509100037,-0.06328019270631557,-0.829029224607666,0.8314408205293606,0.029708998484807125,0.04755060565082658,0.056068571309876386,-1.6469790732505862
153,6,585.8327,703.4554,595.061,732.1385,599.62805,760.02637,8.534121616469141,594.7162397669993,732.0724964288306,-0.08458128506026696,-0.7840126712063693,0.7885618950942233,-0.02130109235395139,0.04501655340129673,0.04980187361539089,-1.6782632384352147
154,6,585.01135,703.3805,594.7532,731.93994,599.3727,759.793,9.417949765806464,594.5593472987458,731.3309662587754,-0.15689246825343162,-0.7415301700551709,0.7579460664827707,-0.07231118319316465,0.04248250115119845,0.08386697871544554,-1.779300677940573
155,6,583.35364,702.6728,594.4748,731.32153,599.3835,759.4202,11.306428341091353,594.27913355646,730.6293845376216,-0.28021374228580953,-0.7015817211538433,0.7554711462544464,-0.12332127403237791,0.03994844890132754,0.12963030200763564,-1.9507878175637998
156,6,584.0188,703.20593,592.70447,729.6055,598.33563,756.8887,6.549607559843354,593.8512526548163,729.9652346603607,-0.4278809016436753,-0.6641498772609111,0.790048812072449,-0.14766715935786578,0.03743184389293219,0.15233756230833606,-2.1431212351309856
157,6,584.3004,702.9671,592.56805,729.6106,597.87823,756.2002,5.94554057665768,593.3580155305419,729.3360698109468,-0.49323712427440114,-0.6291648494138826,0.7994568584360726,-0.06535622263072582,0.034985027847028505,0.07413088431965693,-2.2356770655970664
158,6,584.3625,702.0811,592.5082,728.8518,597.21155,755.6488,6.968718218942442,592.9083973258778,728.7394606205764,-0.4496182046641479,-0.5966091903703727,0.7470602760151308,0.043618919610253215,0.03255565904350988,0.05442867887174002,-2.2166119088754104
159,6,583.5764,700.8189,592.30237,728.74725,598.21277,756.9012,5.494938966626092,592.5806600696448,728.1722373689696,-0.3277372562330356,-0.5672232516068334,0.6550984096199498,0.1218809484311123,0.029385938763539343,0.12537343812579257,-2.0947266004731637
160,6,583.672,700.6097,592.4322,728.8442,597.87115,756.2637,6.017670729322954,592.3302133369855,727.6282689299451,-0.2504467326592703,-0.5439684390245247,0.5988532612873392,0.07729052357376531,0.02325481258230866,0.08071314231613753,-2.0022707159481525
161,6,582.6503,698.65265,592.50824,727.21747,597.12225,755.9212,9.907941179680936,592.0817535896227,727.1006838258452,-0.24845974736274457,-0.5275851040998987,0.5831623171361981,0.001986985296525745,0.01638333492462607,0.01650338673791176,-2.010925026216235
162,6,582.3889,698.7572,591.48645,726.8328,595.0226,754.4416,10.655508628632962,591.7795669236517,726.5968727576562,-0.3021866659710213,-0.503811068188952,0.5874881901114051,-0.05372691860827672,0.023774035910946623,0.05875190691914068,-2.1110699044621657
163,6,582.68726,699.9905,591.2234,726.83765,595.02423,753.8287,9.622570992529694,591.4462979726567,726.1812751409327,-0.3332689509950342,-0.4155976167235167,0.5327190373204224,-0.03108228502401289,0.08821345146543536,0.09352925457715727,-2.246696522096099
164,6,582.32025,699.941,591.07574,727.48895,594.80927,754.65454,9.806181031654802,591.1241810045943,725.9325925698728,-0.32211696806234613,-0.24868257105993052,0.4069427014490565,0.011151982932688043,0.16691504566358617,0.16728717581514735,-2.4841434876543804
165,6,581.93567,700.27997,591.1049,727.9097,594.84106,755.2217,10.569577978854914,590.8554502874213,725.8956868225345,-0.26873071717307084,-0.036905747338323636,0.2712530783953487,0.05338625088927529,0.2117768237216069,0.2184021860001067,-3.005112841769892
166,6,581.98224,701.07214,591.12854,728.02124,594.2726,755.19885,12.147863146760034,590.6823400890942,725.9800604124181,-0.17311019832709462,0.08437358988362575,0.19257736999631161,0.09562051884597622,0.12127933722194939,0.15444080180240263,2.688077255883727
167,6,581.5068,701.2892,591.43677,727.8168,594.9817,754.9881,13.089089322717408,590.632314350861,726.0813979940074,-0.05002573823321654,0.1013375815892914,0.11301274232645006,0.12308446009387808,0.01696399170566565,0.12424798320774208,2.029354543508381
168,6,581.18964,701.2229,591.6092,727.4864,595.2781,754.47845,13.899318838480305,590.6737557071323,726.1754720502778,0.04144135627132073,0.09407405627041499,0.10279744195638206,0.09146709450453727,-0.007263525318876418,0.09175504442350792,1.1558551875148944
169,6,581.315,701.09204,591.856,727.5415,594.79205,754.7387,15.567563903857714,590.7602764656101,726.2580770213275,0.0865207584778318,0.08260497104970455,0.1196220000238327,0.04507940220651108,-0.01146908522071044,0.04651550729698983,0.7622491844913253
170,6,580.47437,700.7697,591.25665,726.83014,593.9153,754.1193,16.912485387556316,590.8454889339957,726.325007347255,0.08521246838563457,0.06693032592750114,0.10835512584614676,-0.0013082900921972396,-0.0156746451222034,0.015729148822245798,0.665807207555927
171,6,580.7884,701.3272,591.68024,727.4346,593.7065,754.4765,18.36047736084909,590.8830054199915,726.3720574681586,0.03751648599575219,0.04705012090357741,0.06017641231006317,-0.047695982389882374,-0.019880205023923736,0.05167329375924484,0.8976593984863909
172,6,579.81665,702.0216,591.4601,727.816,593.33026,754.9697,20.354210632288048,590.8264382312991,726.3950218241366,-0.05656718869238375,0.022964355978047024,0.0610508679876561,-0.09408367468813594,-0.024085764925530384,0.09711777342418276,2.7559537670645478
173,6,577.04987,701.71954,590.62463,727.41174,593.40704,755.0662,22.104864646386336,590.6431690074133,726.3896948552874,-0.18326922388575895,-0.005326968849203695,0.18334662533248006,-0.1267020351933752,-0.02829132482725072,0.12982220450533222,-3.1125344771678973
174,6,575.67255,701.2625,589.5815,726.6686,592.88,754.572,21.9573941041063,590.3556567150009,726.3518710017098,-0.2875122924124298,-0.037823853577606315,0.2899895897919626,-0.10424306852667087,-0.03249688472840262,0.10919095591168385,-3.0107882026892545
175,6,574.89386,700.8327,588.98236,726.39105,592.2781,754.446,22.16478489499077,590.0001296525219,726.2773447035017,-0.355527062479041,-0.07452629820807033,0.36325426532881083,-0.06801477006661116,-0.036702444630464015,0.07728569330132365,-2.9349625095369274
176,6,574.27057,700.22217,588.7861,725.9273,592.5291,754.10846,21.88729929434784,589.6128161184361,726.1619104007614,-0.3873135340858198,-0.11543430274036837,0.4041495415501576,-0.03178647160677883,-0.04090800453229804,0.05180583569466932,-2.8519364700450236
177,6,572.7444,699.31213,588.3712,725.25757,592.8223,754.1619,22.305923850424005,589.2299444112033,726.0013625335873,-0.3828717072327663,-0.16054786717404568,0.41517028055180943,0.004441826853053499,-0.04511356443367731,0.04533170547976396,-2.7445381659462593
178,6,573.5945,699.7289,588.8885,725.513,592.97296,754.0899,22.54041372714996,588.8785853149869,725.7869145671987,-0.3513590962163562,-0.21444796638866137,0.41163229317220373,0.03151261101641012,-0.05390009921461569,0.06243609011154516,-2.5936060108565613
179,6,572.02637,698.54126,588.2945,724.84033,593.3285,753.8089,21.88209520051513,588.5491795567639,725.4914560672969,-0.32940575822306073,-0.29545849990176976,0.44249732057348506,0.021953337993295463,-0.08101053351310838,0.08393244658132114,-2.4104685486307034
180,6,571.45593,697.74725,587.795,723.9883,593.0253,753.2301,21.767582087027613,588.2230103492141,725.0832956247042,-0.3261692075498104,-0.40816044259270257,0.5224761227569563,0.003236550673250349,-0.11270194269093281,0.11274840640368636,-2.2450005050973094
181,6,571.54486,697.07104,587.5904,723.4296,593.2168,752.6921,20.446911060333576,587.8813609050173,724.5307418302426,-0.34164944419671883,-0.5525537944615735,0.6496460871072878,-0.015480236646908452,-0.14439335186887092,0.1452207898015014,-2.124570263607468
182,6,571.91705,697.72864,587.47906,722.94244,593.0508,751.6522,20.70009237471853,587.505514436854,723.8021032747346,-0.37584646816333134,-0.7286385555080415,0.8198626178840546,-0.034197023966612505,-0.17608476104646797,0.17937469030207354,-2.0470198284926755
183,6,570.01526,696.52686,586.3923,721.0363,592.52124,749.7733,21.71096866532596,587.076754157404,722.8656885490019,-0.42876027944998896,-0.9364147257326749,1.0299067510231368,-0.05291381128665762,-0.20777617022463346,0.21440804168243288,-2.0001792327508556
184,6,568.7112,694.6029,585.7413,718.6426,592.55505,747.1166,21.856662503700036,586.5826479826336,721.7161777549297,-0.4941061747704225,-1.149510794072171,1.2512058094632923,-0.06534589532043356,-0.21309606833949601,0.2228901531628982,-1.9767596789069786
185,6,568.00616,693.49994,584.9148,716.9205,592.17944,744.2044,20.91796379637173,586.0359026416529,720.4537370386529,-0.5467453409806922,-1.262440716276842,1.3757496247492418,-0.05263916621026965,-0.11292992220467113,0.12459554224957435,-1.9794958655655912
186,6,568.2208,693.1936,584.4063,716.85126,591.9253,743.6056,18.680768576562244,585.455509566858,719.2049040573692,-0.5803930747948698,-1.2488329812837264,1.3771128989345223,-0.03364773381417763,0.013607734993115628,0.036295184838661676,-2.005847073837399
187,6,568.3762,692.81903,584.5342,716.45544,591.69147,743.38324,19.47187568045181,584.860460190645,718.0789917041423,-0.5950493762130691,-1.1259123532269086,1.2734843490520478,-0.014656301418199291,0.1229206280568178,0.12379130814860813,-2.056986389237597
188,6,568.9885,693.56934,584.8152,716.77264,591.84827,743.0061,19.28953467957944,584.2697459454105,717.1164138155026,-0.5907142452344942,-0.9625778886396574,1.1293801446904133,0.004335130978574853,0.1633344645872512,0.16339198475630748,-2.1212135559848893
189,6,566.0256,694.3655,582.2064,716.5141,589.0987,742.2351,21.149558368410688,583.6418956650531,716.3301864316163,-0.6278502803573929,-0.7862273838862848,1.006155789983603,-0.03713603512289865,0.17635050475337266,0.1802181612141753,-2.2446590231675825
190,6,563.4706,693.93054,580.1349,715.9386,587.81714,742.8622,21.207362974199647,582.6935877894831,715.6926334637284,-0.9483078755699808,-0.6375529678879275,1.142699266531118,-0.3204575952125879,0.1486744159983573,0.35326640415115534,-2.5496961286042863
191,6,561.6549,692.70233,578.8238,715.2139,586.4212,742.666,21.86211080536527,581.3215912567274,715.1659057908522,-1.371996532755702,-0.5267276728761772,1.4696314256531198,-0.42368865718572124,0.11082529501175031,0.4379432888426093,-2.7750306010926935
192,6,562.38434,692.4466,578.91583,715.6584,586.068,743.06067,20.830371644812164,580.1857548951361,714.7121542920023,-1.1358363615912594,-0.45375149884989696,1.22311678224992,0.23616017116444254,0.0729761740262802,0.2471783736897966,-2.7615288707154546
193,6,562.08307,690.9012,578.7297,715.10895,586.141,743.2991,19.784598212459944,579.389950645143,714.2935298461927,-0.7958042499931253,-0.4186244458096553,0.8991945456554781,0.3400321115981342,0.03512705304024166,0.3418416984119666,-2.657331129599125
194,6,561.9266,689.3837,578.95447,714.5139,586.77594,743.34875,18.944708949310577,578.8389179510492,713.8721833324375,-0.5510326940938057,-0.4213465137551111,0.6936641223343353,0.24477155589931954,-0.0027220679454558194,0.24478669128707423,-2.488782013543628
195,6,562.4381,689.37366,579.4927,714.4245,586.9117,742.92615,19.65658029653659,578.4497622279259,713.4212886730465,-0.38915572312328095,-0.4508946593909968,0.5956073964508221,0.16187697097052478,-0.029548145635885703,0.16455165341348482,-2.2828320619462916
196,6,563.0931,689.686,579.9567,713.9512,587.66205,742.1852,19.53342606559824,578.1890527739212,712.9581119635119,-0.2607094540047683,-0.4631767095346504,0.5315092507782063,0.12844626911851265,-0.012282050143653578,0.12903213865621463,-2.0834687447852103
197,6,561.8452,687.5422,579.52563,712.7462,588.0274,741.20966,18.418933037692376,578.0357248579533,712.5109423426213,-0.15332791596790685,-0.4471696208905769,0.47272626292864645,0.10738153803686146,0.01600708864407352,0.10856805053983953,-1.9011189295475657
198,6,561.9084,687.1045,579.6154,712.4159,587.993,740.80524,18.534300590914093,577.9687137489398,712.1080689491629,-0.06701110901349239,-0.4028733934584352,0.40840844737582654,0.08631680695441446,0.04429622743214168,0.09701931213694351,-1.735620262789848
199,6,562.4996,687.9933,579.6848,712.37274,588.0578,740.3103,18.49660727128577,577.9669547157988,711.777780921924,-0.0017590331409564897,-0.3302880272389075,0.33029271129554205,0.0652520758725359,0.07258536621952771,0.09760363105386058,-1.5761220315292384
200,6,562.6261,688.4623,579.43396,712.69147,587.7939,740.7303,18.146931068025623,578.0093830274485,711.548367399693,0.042428311649700845,-0.22941352223097056,0.23330393441145428,0.044187344790657335,0.10087450500793693,0.11012804910759441,-1.3879201527778076
201,6,562.29926,688.088,579.35986,712.75854,587.8503,741.40497,18.15619418586605,578.0806013260305,711.440564947305,0.0712182985820391,-0.10780245238800035,0.12920299839317798,0.028789986932338252,0.12161106984297021,0.12497245958976716,-0.9869796692541554
202,6,562.5028,687.9289,579.69073,713.0099,587.5402,741.93915,19.241943812744505,578.1878817465841,711.4448998337884,0.1072804205535931,0.004334886483434275,0.10736796484510668,0.036062121971554006,0.11213733887143462,0.11779329102397215,0.04038509110694265
203,6,562.8814,687.1162,579.98627,713.1571,587.9034,741.692,17.791881866349602,578.3441637973722,711.5443457542184,0.15628205078803603,0.09944592042995737,0.18523922502719473,0.04900163023444293,0.0951110339465231,0.10699190877823303,0.5667005531898238
204,6,563.6296,687.086,580.0941,713.32227,588.00244,741.27496,16.313108120770085,578.5623869866572,711.721876403671,0.21822318928502682,0.17753064945259212,0.2813156444934902,0.06194113849699079,0.07808472902263475,0.09966910025098898,0.6829353925280296
205,6,564.4238,687.4149,580.4544,713.6227,588.0598,740.944,15.897427953397026,578.8554908227024,711.9604654772219,0.2931038360452476,0.23858907355088377,0.3779346566832796,0.07488064676022077,0.06105842409829165,0.09661905822660354,0.6832246560548882
206,6,566.25635,687.15656,580.8502,713.8214,588.6792,740.174,12.14628886089422,579.236414813771,712.2430866699465,0.38092399106858466,0.28262119272460495,0.47431827452534175,0.08782015502333707,0.044032119173721185,0.09824055754754112,0.6383200909248131
207,6,567.4952,686.6294,581.3844,714.3442,589.74945,740.691,9.003178685883134,579.7068904655771,712.5527136769208,0.4704756518060549,0.3096270069743241,0.5632195152781998,0.08955166073747023,0.02700581424971915,0.09353509471919778,0.5820587154016862
208,6,568.1056,685.7332,581.82465,714.0656,590.5916,740.82623,7.697940109486701,580.22381727364,712.8723201932203,0.5169268080628626,0.3196065162994728,0.6077513061731293,0.046451156256807735,0.009979509325148683,0.04751105686011518,0.5537537674102326
209,6,568.83374,685.9341,582.4503,714.4074,590.9058,741.5054,8.228411273052657,580.7328867309305,713.1848799139207,0.5090694572905932,0.31255972070039206,0.5973652913841296,-0.007857350772269456,-0.007046795599080724,0.010554396684496318,0.5506373362697258
210,6,569.49097,685.7882,582.003,714.20294,590.7086,741.2773,5.940626081955205,581.1797903304196,713.4733665340977,0.44690359948901914,0.28848662017708193,0.5319279624699548,-0.06216585780157402,-0.02407310052331013,0.06666414362317209,0.5732216107343546
211,6,569.616,687.48834,581.61865,714.4861,590.0968,741.1266,6.315623770770607,581.5102195650777,713.7207537488271,0.33042923465814056,0.24738721472931502,0.4127758630640759,-0.11647436483087859,-0.04109940544776691,0.12351290940997438,0.6426585957403324
212,6,569.64,688.92664,582.4453,715.11005,589.7907,741.50116,10.508091985351944,581.6784189928131,713.9187398781766,0.16819942773543062,0.19798612934948778,0.2597875187635435,-0.16222980692270994,-0.049401085379827236,0.16958472068817027,0.8665626548103517
213,6,564.1346,691.6546,581.6459,714.9581,588.31464,740.91943,22.516525866437977,581.672845431282,714.0939217421824,-0.005573561531150517,0.1751818640058218,0.17527050540434855,-0.17377298926658113,-0.022804265343665975,0.17526290627656396,1.6026014573865914
214,6,558.98395,693.5104,578.5466,713.5612,587.665,740.01416,25.27467383031965,581.4905087630781,714.281620785873,-0.18233666820390226,0.18769904369059986,0.2616822339672024,-0.17676310667275175,0.012517179684778057,0.17720574389072052,2.341703996468236
215,6,561.61145,693.71313,580.00146,714.8523,587.06726,740.4485,25.589549984878985,581.1970241871138,714.5171584542767,-0.29348457596427124,0.23553766840370827,0.3763126221188752,-0.11114790776036898,0.0478386247131084,0.12100574950781932,2.4652954048038347
216,6,563.81573,695.44104,581.5809,715.3504,586.28284,739.54456,30.74461601946886,581.1324281675805,714.8358561924217,-0.0645960195332691,0.3186977381450333,0.3251782496390291,0.22888855643100214,0.08316006974132506,0.24352734644070284,1.770774595461252
217,6,564.3092,696.37994,582.2383,716.0661,586.5852,740.97504,32.42639572879845,581.5095945096521,715.2730354453365,0.37716634207151856,0.4371792529148024,0.5773908111242805,0.44176236160478766,0.11848151476976909,0.4573749593853802,0.8589598336092997
218,6,565.26715,698.05035,582.9219,717.46985,586.27264,742.1363,34.538834830877235,581.88899495022,715.8345905959281,0.3794004405679061,0.5615551505916301,0.6777085520038165,0.00223409849638756,0.12437589767682766,0.12439596102369348,0.976617731196584
219,6,564.5386,700.5585,582.8749,718.2178,585.8462,743.7434,39.43784694772487,582.1580125830845,716.4087077786189,0.2690176328645748,0.5741171826907703,0.6340197364852662,-0.11038280770333131,0.012562032099140197,0.11109531442383358,1.1326022887662737
220,6,562.0846,702.78613,582.01324,716.93024,586.3953,743.0524,45.11237875965509,582.334700335106,716.8541460657101,0.17668775202150755,0.4454382870911786,0.4792012409428183,-0.09232988084306726,-0.12867889559959167,0.15837633999188647,1.1931721820187688
221,6,561.4757,703.54895,581.8777,716.9658,586.24854,743.3633,47.26839407580458,582.4371111331463,717.1003188211427,0.10241079804029596,0.24617275543255346,0.2666251996201898,-0.07427695398121159,-0.19926553165862515,0.21265892410129786,1.176563236402064
222,6,562.3271,705.23,582.3515,717.31854,586.20306,744.6684,50.8649809612748,582.4832979040664,717.3592565754219,0.04618677092003054,0.258937754279259,0.26302467260545215,-0.05622402712026542,0.012764998846705566,0.05765489069607829,1.3942825179602434
223,6,562.01,707.58606,582.4345,718.49585,585.94965,746.46796,54.72842916835476,582.4893307701158,717.8706226463833,0.006032866049395125,0.5113660709613441,0.5114016562382374,-0.040153904870635415,0.2524283166820851,0.25560201708771996,1.558999325534464
224,6,559.9245,708.6205,582.30927,720.7005,586.75635,749.52454,52.87566991834711,582.463348635099,718.7019943346243,-0.025982135016761276,0.8313716882410063,0.8317775876691618,-0.0320150010661564,0.32000561727966215,0.3216031022608513,1.6020382868702538
225,6,558.14325,709.28796,582.03796,722.2014,586.7943,750.2139,51.97526947095025,582.4115075982093,719.8779274364324,-0.05184103688975483,1.1759331018081411,1.1770752537683906,-0.025858901872993556,0.3445614135671349,0.3455303901619353,1.6148528226561834
226,6,556.23285,710.42615,580.1715,725.96136,584.8329,759.3598,49.07269115123254,582.3399637586394,721.3578388812002,-0.07154383956981292,1.479911444767822,1.4816397690853111,-0.019702802680058085,0.30397834295968096,0.30461620676182466,1.6191020435709615
227,6,558.5958,713.8478,582.90784,729.0115,586.9917,762.85626,51.167409799901954,582.2548732155827,723.952552114787,-0.08509054305670816,2.594713233586731,2.596108080390297,-0.01354670348689524,1.1148017888189088,1.1148840933160724,1.6035783924693123
228,6,565.5118,732.1531,581.6208,752.0029,586.2758,781.1188,29.977263097063936,582.1623920682318,730.4792355748189,-0.0924811473508953,6.526683460031904,6.527338642208582,-0.007390604294187142,3.9319702264451735,3.931977172197614,1.5849650786878648
229,6,565.256,732.74524,581.4759,751.9287,586.42883,780.64435,30.42879221475796,582.0686764157803,736.759219889027,-0.09371565245157853,6.27998431420815,6.280683530493702,-0.0012345051006832364,-0.2466991458237544,0.24670223459266366,1.585718131066447
230,6,564.6175,735.5175,581.72235,752.2506,586.2499,779.9729,36.3539588917572,581.9798823574209,741.8280976724375,-0.0887940583593263,5.068877783410471,5.069655448642656,0.004921594092252235,-1.2111065307976787,1.2111165307389695,1.5883120336821612
231,6,565.934,737.6842,582.2348,752.8209,586.3106,778.9306,38.24811768436335,581.9021659923468,746.1191180562853,-0.0777163650741386,4.291020383847808,4.2917241020361185,0.011077693285187706,-0.777857399562663,0.7779362758882691,1.5889057418569281
232,6,563.93823,735.85864,581.44104,751.7579,586.53033,778.3322,36.90702531635833,581.841683419751,749.7927794871879,-0.06048257259578804,3.673661430902598,3.674159284855398,0.01723379247835055,-0.6173589529452101,0.6175994497931431,1.587258679099229
233,6,562.3999,736.0826,581.28375,751.4114,586.3808,777.9912,40.07687576903295,581.8045907388264,751.918577673293,-0.037092680924615706,2.1257981861051576,2.1261217733295883,0.023389891671172336,-1.5478632447974405,1.548039958020222,1.588243381469922
234,6,556.7092,728.7696,582.0472,739.8107,588.04913,772.78345,56.13812545025031,581.7900165220867,751.8227975078721,-0.014574216739674739,-0.09578016542093337,0.09688265005477698,0.022518464184940967,-2.221578351526091,2.221692474938562,-1.7218012019048816
235,6,555.89514,731.1941,581.32245,741.1547,588.4879,773.32434,56.05115978965536,581.7689792353275,750.9498833631602,-0.021037286759224116,-0.8729141447118991,0.8731676078922627,-0.006463070019549377,-0.7771339792909657,0.7771608540338922,-1.5948917265486289
236,6,556.76764,731.6968,581.3967,742.244,587.58984,774.5089,55.95176160989025,581.7054698176645,750.653023763525,-0.06350941766299911,-0.29685959963524056,0.3035771203952771,-0.042472130903774996,0.5760545450766585,0.5776181444578965,-1.7815567644200176
237,6,556.0411,728.5913,581.25006,741.55493,587.67505,774.698,51.81462277470081,581.5634792082137,750.0689966994014,-0.14199060945077235,-0.5840270641235747,0.6010398861980824,-0.07848119178777324,-0.2871674644883342,0.2976985893904906,-1.8092924393221008
238,6,556.1154,724.5122,580.8889,740.3742,587.7963,774.5958,45.95788161690213,581.3069983460912,748.7808737896221,-0.25648086212254384,-1.2881229097793039,1.3134089474849118,-0.11449025267177149,-0.7040958456557291,0.7133435202106363,-1.7673379944085543
239,6,552.3221,722.36993,579.8053,735.47845,588.92303,766.2485,47.9949618637698,580.9000181704127,746.6384989895207,-0.40698017567842726,-2.142374800101379,2.1806885718746423,-0.15049931355588342,-0.8542518903220753,0.8674078253622289,-1.7585262706469877
240,6,544.9287,722.26544,579.95514,729.5824,588.5679,753.8906,58.69077637501008,580.3352039097201,743.7150073402099,-0.5648142606926285,-2.9234916493107903,2.9775524466701984,-0.15783408501420126,-0.7811168492094112,0.7969034637339131,-1.7616435306779101
241,6,544.7898,721.91034,577.065,732.4507,588.6848,759.633,48.76855345056302,579.7199179502594,740.976698225917,-0.6152859594607207,-2.7383091142929743,2.8065839765325875,-0.05047169876809221,0.185182535017816,0.19193739513748145,-1.7918210005915416
242,6,545.477,720.9985,577.6245,732.8984,589.7197,760.59973,46.09970732097539,579.190196967702,739.112029535822,-0.5297209825573646,-1.864668690094959,1.9384513517707866,0.08556497690335618,0.8736404241980154,0.8778205716804317,-1.847587319354602
243,6,547.6085,719.95465,577.62604,734.51904,590.88586,765.8783,41.19711437338505,578.8361872820435,738.0632743955298,-0.3540096856585251,-1.0487551402922008,1.1068921364926945,0.17571129689883946,0.8159135498027581,0.8346193028019481,-1.8963391125586435
244,6,561.0143,730.7637,580.4609,749.40186,589.91077,778.6035,28.28400222932629,578.5644737905772,740.0360969267891,-0.2717134914663575,1.9728225312593395,1.9914459473682298,0.0822961941921676,3.0215776715515403,3.0226981802352255,1.7076635451953783
247,6,552.50696,726.08923,574.94977,743.2526,589.0497,773.7692,27.79378326106271,577.5077410869529,740.648577612033,-1.0567327036242204,0.6124806852438951,1.2213994419131629,-0.785019212157863,-1.3603418460154444,1.5706002360491542,2.6163093497046264
248,6,553.6196,728.54956,575.46185,744.7814,589.8129,773.6435,26.944619619544536,577.0847604373739,741.7951377863494,-0.42298064957901715,1.1465601743163916,1.222093639311948,0.6337520540452033,0.5340794890724965,0.8287837876397276,1.924219565754976
249,6,560.40906,732.63556,577.67255,750.7497,590.43567,778.34424,18.80095491880482,576.7001398611206,743.5219909669115,-0.38462057625326906,1.7268531805621024,1.7691678537930893,0.03836007332574809,0.5802930062457108,0.5815595139994197,1.7899483125372138
250,6,554.5411,729.7593,576.1935,747.21893,590.0831,774.1227,23.81261460154807,576.4287082778916,744.913672469179,-0.27143158322905947,1.3916815022674882,1.4179042662068997,0.1131889930242096,-0.33517167829461414,0.3537680060048716,1.7634167701766266
251,6,556.5076,731.3817,576.9406,748.30273,590.24963,774.1166,23.096482628066116,576.3452946073847,745.7706387163399,-0.08341367050684312,0.8569662471609263,0.8610162537377015,0.18801791272221635,-0.5347152551065619,0.566807850640845,1.6678266702329714
252,6,560.10077,734.6362,578.3562,749.98236,590.6173,774.57117,23.445521058697395,576.5247277692987,747.1115548865456,0.17943316191394842,1.3409161702056736,1.352868225332197,0.26284683242079154,0.48394992304474727,0.5507231476237952,1.4377726960159067
253,6,570.4051,741.5062,581.1331,755.4184,590.3783,778.3944,15.71767621041035,577.0418366833314,749.590119634806,0.5171089140327467,2.4785647482603963,2.531933024448168,0.3376757521187983,1.1376485780547227,1.1867051869436354,1.36511432764625
254,6,573.30396,740.4952,581.10693,755.5794,590.59796,778.2274,4.61524278105528,577.9116187610441,751.7388691621572,0.8697820777126708,2.1487495273512423,2.3181124636225823,0.3526731636799241,-0.32981522090915405,0.48286275516274874,1.1861715679539724
255,6,591.4692,777.89764,581.91394,755.40894,575.79004,739.64,1.7964582851788615,578.9097453814483,753.2371016129953,0.9981266204041503,1.4982324508380316,1.800265876781412,0.12834454269147955,-0.6505170765132107,0.6630571532484808,0.9831149459036905
256,6,592.2113,777.99274,582.0332,754.8997,576.68805,737.50055,6.707884331602761,579.7520564154182,754.2113291468758,0.8423110339699633,0.9742275338804802,1.2878692347122789,-0.15581558643418703,-0.5240049169575514,0.5466805739840405,0.8578906172618715
257,6,592.2776,778.00977,581.5281,753.84235,575.5857,736.75,4.808438405643464,580.21494306972,754.7880639233555,0.46288665430176934,0.576734776479725,0.7395181249515147,-0.379424379668194,-0.3974927574007552,0.5495119216838243,0.8944727424676551
258,6,592.0642,778.16394,580.238,752.42816,574.40405,734.0509,7.067745632609165,580.3170018946892,755.0938181019906,0.10205882496916274,0.3057541786350839,0.32233774446518204,-0.3608278293326066,-0.2709805978446411,0.4512507139375181,1.2486314808269667
259,6,591.93353,778.54346,578.524,752.00806,568.4636,732.9158,0.9765864720360828,580.1562386729743,755.2378967718944,-0.16076322171488755,0.1440786699038199,0.21587838376596205,-0.2628220466840503,-0.16167550873126402,0.30856830418354075,2.4108717580561048
260,6,591.91943,778.54663,578.73016,752.1907,568.5347,731.8085,0.0,579.9060907729089,755.2607767404088,-0.2501479000653717,0.02287996851441676,0.2511920875870414,-0.08938467835048414,-0.12119870138940314,0.1505946411473437,3.0503806850608037
261,6,592.35223,778.191,578.9617,752.108,567.0902,731.497,2.765836973071218,579.7588534592481,755.1857277444321,-0.147237313660753,-0.07504899597665826,0.16526094012542536,0.1029105864046187,-0.09792896449107502,0.14205868815541245,-2.6702036690280977
262,6,592.5523,778.1474,579.76105,752.22784,567.2493,731.19617,4.482137769738931,579.8501120091033,755.036019520863,0.09125854985518345,-0.1497082235691778,0.17533018886064636,0.23849586351593643,-0.07465922759251953,0.24990853762711632,-1.0233653391523971
263,6,592.3286,778.0804,580.2922,752.51984,569.2499,731.56714,2.5739742650107007,580.0886117490119,754.8349218066003,0.23849973990854778,-0.20109771426268708,0.3119654093294997,0.14724119005336433,-0.05138949069350929,0.15595142770128537,-0.7005201371253771
264,6,592.0905,778.43024,581.0163,752.716,570.6183,731.96014,3.309437244577252,580.3263880178675,754.6057043385426,0.2377762688556686,-0.22921746805764087,0.3302698921998171,-0.0007234710528791766,-0.028119753794953795,0.028129059064482986,-0.767072772652092
265,6,592.1147,778.376,580.41766,752.4472,569.0754,732.6628,5.544149416443696,580.4438178411306,754.3716368535886,0.11742982326302354,-0.23406748495403917,0.26187277618014115,-0.12034644559264507,-0.0048500168963983015,0.12044413489530666,-1.105795902361881
266,6,591.86255,778.58704,580.6763,752.82605,569.35846,732.75714,5.948638914951844,580.4346449905242,754.1559890886367,-0.009172850606319116,-0.21564776495188198,0.21584276619101228,-0.12660267386934265,0.01841972000215719,0.12793562098112082,-1.6133069661080317
267,6,591.9894,778.5322,579.21533,752.5927,565.7995,732.32904,7.288899873229203,580.3209549243377,753.9820307805861,-0.11369006618656385,-0.17395830805060086,0.20781463877535916,-0.10451721558024474,0.04168945690128112,0.11252492688009678,-2.1496615519007922
268,6,591.6258,778.54517,578.6019,752.80524,565.3004,732.21124,6.01962496385688,580.1248331008605,753.8730316663349,-0.19612182347714224,-0.108999114251219,0.22437597142196317,-0.08243175729057839,0.06495919379938186,0.10495090027759874,-2.634328393515585
269,6,590.8957,778.4105,579.1788,753.2037,564.99603,732.1419,9.025411114394393,579.868364978382,753.852261482782,-0.25646812247850903,-0.02077018355294058,0.2573077891795628,-0.06034629900136679,0.08822893069827842,0.10689256295610082,-3.0607835723394805
270,6,590.2174,779.0097,578.5837,753.8246,563.6434,734.1268,12.385834126179448,579.5747600685019,753.9374141390769,-0.2936049098801732,0.08515265629489477,0.30570380759784643,-0.03713678740166415,0.10592283984783535,0.11224432716153888,2.8593125094962355
271,6,589.7414,778.432,578.80347,754.242,565.10333,734.7807,10.813394359751085,579.2717240960603,754.1238802333718,-0.3030359724415348,0.18646609429492855,0.3558095064991826,-0.009431062561361614,0.10131343800003378,0.10175145040943154,2.5899797527098194
272,6,590.08356,778.5148,577.95306,755.0415,561.1159,733.5796,10.785708880238012,578.988086839208,754.4014745360703,-0.2836372568523302,0.27759430269850327,0.3968736453399029,0.019398715589204585,0.09112820840357472,0.09317006243078405,2.3669613840659123
273,6,590.00775,778.23004,578.09174,755.33234,562.2353,733.8767,8.973100147310811,578.7526780760953,754.7600118175752,-0.23540876311267311,0.3585372815049368,0.4289128908988269,0.0482284937396571,0.08094297880643353,0.09422183094408053,2.1517839990876966
274,6,589.7357,778.4008,578.33923,756.13403,564.0519,734.96173,6.907936774304876,578.5943275848732,755.18930684829,-0.15835049122210876,0.4292950307147976,0.45756868497166864,0.07705827189056436,0.07075774920986078,0.10461661598429618,1.9241746363854582
275,6,590.6645,777.9133,578.92065,756.699,568.43756,736.1677,1.919690524059937,578.5418651436919,755.6791743986182,-0.052462441181319264,0.4898675503281993,0.49266877778001544,0.1058880500407895,0.06057251961340171,0.12198897193499367,1.677484838347125
276,6,590.3191,778.263,579.0282,757.3719,569.5443,737.79236,2.545144174800175,578.6241205307022,756.2194292389627,0.0822553870102638,0.5402548403444598,0.5464807784431452,0.13471782819158307,0.05038729001626052,0.14383244497622794,1.4197037478394612
277,6,589.4619,777.76587,579.86414,757.9676,573.1442,739.5731,5.7947442258788335,578.8699235240545,756.7998861397266,0.24580299335229938,0.5804569007639202,0.630356506419507,0.16354760634203558,0.040202060419460395,0.16841622606560028,1.1702268310815986
278,6,588.768,777.0513,581.5161,758.76337,579.859,741.8236,16.0432097049401,579.3081039018994,757.4103598713134,0.43818037784490116,0.6104737315868078,0.7514520746433683,0.19237738449260178,0.03001683082288764,0.19470508004894016,0.9482427785727545
279,6,588.95074,777.015,583.08453,758.54047,584.4737,746.13086,24.00340422128251,579.9674914423877,758.0406652041264,0.6593875404882965,0.630305332813009,0.9121824056205661,0.22120716264339535,0.0198316012262012,0.22209435204871064,0.7628522685984289
280,6,588.18854,777.2735,582.05505,759.54675,585.6649,747.9208,36.33527108574346,580.8769159236696,758.6806169085685,0.909424481281917,0.6399517044420691,1.1120211648944427,0.2500369407936205,0.009646371629060013,0.25022294908149095,0.6131972946986773
15,7,571.0731,834.154,585.99146,836.3492,568.24927,838.20325,165.66337521844858,586.017202644474,836.3416001800484,,,,,,,
16,7,577.7471,840.53253,585.5738,836.11566,563.52936,833.13104,142.85211356032568,585.5048706108445,836.1656149418461,-0.512332033629491,-0.17598523820231549,0.5417147928089611,,,,-2.8107215983403298
17,7,573.26965,839.6304,585.1299,836.6548,567.3828,834.0093,157.4373956379787,585.38954183685,836.4968070988011,-0.1153287739945199,0.33119215695501225,0.3506978342385258,0.3970032596349711,0.5071773951573277,0.6440811271255853,1.9058873243540466
18,7,588.1291,835.4379,586.05695,837.3113,562.8556,836.8395,43.28057985925005,585.5203747265487,837.0665170126568,0.130832889698695,0.5697099138557178,0.5845396744211638,0.2461616636932149,0.23851775690070554,0.34276272409519026,1.3450620334770877
19,7,572.29376,838.2654,586.02655,837.7195,568.31,834.2716,166.71074976143058,585.7465276839986,837.6060850451566,0.22615295744992636,0.5395680324998011,0.5850459997804058,0.09532006775123136,-0.030141881355916667,0.0999722377851646,1.1739021063662471
20,7,571.3398,834.4547,585.78577,837.9326,569.1434,838.14264,165.74052272144758,585.9330974580554,837.9187617357017,0.18656977405680664,0.312676690545004,0.3641084912519675,-0.039583183393119725,-0.2268913419547971,0.23031827860936702,1.0328172243847449
21,7,591.83655,835.9325,585.8677,837.72974,560.92126,837.085,18.23760088189869,586.0089341767641,838.0954383343231,0.07583671870872877,0.17667659862149776,0.19226499526686774,-0.11073305534807787,-0.13600009192350626,0.17537911663000993,1.1653395843392975
22,7,598.6306,837.17236,586.3647,838.2744,558.93274,836.3861,9.071836696915652,585.9188263129673,838.2989162687101,-0.09010786379678848,0.20347793438691042,0.22253695625757175,-0.16594458250551725,0.02680133576541266,0.1680949614406714,1.987678813278718
23,7,583.19495,835.61993,584.6292,838.7907,562.584,837.8808,116.70261134716208,585.6437055463725,838.6385317627928,-0.2751207665947959,0.33961549408275005,0.43706992579309156,-0.18501290279800742,0.13613755969583963,0.22970243656017938,2.251662433024413
24,7,592.4023,838.27356,584.954,838.89355,559.44104,836.3934,10.355220225174891,585.3090763841484,839.0097602254693,-0.3346291622241324,0.37122846267652676,0.49978720242919605,-0.05950839562933652,0.031612968593776714,0.06738418904823854,2.304390057120116
32,7,593.8259,832.81476,593.2527,834.7485,572.2263,822.1511,104.4144937059208,588.0753357122637,837.6683191963248,2.766259328115325,-1.341441029144562,3.0743543558050477,3.1008884903394573,-1.7126694918210887,3.542420954338209,-0.45151876549708225
33,7,593.12,832.8286,593.26,834.1554,571.95526,822.55927,124.5834593749278,589.4729648651094,836.9402041407891,1.3976291528456386,-0.7281150555356817,1.5759183935032126,-1.3686301752696863,0.6133259736088803,1.4997724182561876,-0.48027813594470653
34,7,603.2558,831.4113,593.6041,834.83356,568.61646,825.15875,40.688794063829526,591.0968565311848,836.1328781765599,1.6238916660754512,-0.8073259642292214,1.8135047161967754,0.2262625132298126,-0.07921090869353975,0.23972712184716902,-0.46136907075396866
35,7,615.3837,828.3397,593.6363,834.16516,563.5698,829.95465,22.96750605976787,592.5457572188744,835.4679169770923,1.4489006876896156,-0.6649611994675979,1.5942040645992681,-0.17499097838583566,0.14236476476162352,0.2255871644443992,-0.4302650619677255
41,7,611.8566,823.6492,587.75,831.68164,560.84283,832.498,16.690583652625993,591.5644896363192,834.2352472886398,-0.9812675825552333,-1.2326696884524608,1.575550897116078,-2.430168270244849,-0.5677084889848629,2.4955982749974637,-2.2431245228438046
42,7,611.7273,823.4851,585.933,830.14844,560.2534,834.4942,4.879094971025053,590.6417756095843,833.2224859933157,-0.9227140267348659,-1.0127612953241396,1.3700681064968632,0.058553555820367365,0.21990839312832122,0.22757025347678717,-2.3097033872173167
43,7,609.8242,824.065,584.7626,830.8535,560.02026,834.58887,6.571010008410215,589.6995659215119,832.1498710764516,-0.9422096880724666,-1.0726149168640404,1.427677083999343,-0.019495661337600723,-0.059853621539900814,0.06294868404051111,-2.291561770574721
44,7,611.5971,823.02246,585.6718,831.1614,560.053,834.83844,9.261131078390846,588.7589849635724,831.3777862126875,-0.94058095793946,-0.7720848637641211,1.2168843721948168,0.001628730133006684,0.3005300530999193,0.30053446653934135,-2.4542612572215785
45,7,613.13153,821.1383,585.6246,830.4125,560.0182,836.22363,5.845630428200376,587.841157127237,830.8809387881589,-0.9178278363353911,-0.4968474245285961,1.0436787342917382,0.022753121604068838,0.275237439235525,0.2761763069121949,-2.6454305002334015
46,7,609.3576,823.0757,584.07855,831.26416,560.34143,835.4145,8.030695243744319,586.9748284032438,830.5471438859602,-0.866328723993206,-0.33379490219874697,0.9284096589057913,0.05149911234218507,0.16305252232984913,0.17099205715517593,-2.7738241279245868
47,7,609.1105,822.7721,583.70966,830.9478,560.4094,835.94324,5.740985301225454,586.2192311794007,830.3023236655251,-0.7555972238430968,-0.24482022043503093,0.794269541788713,0.11073150015010924,0.08897468176371603,0.1420491433288078,-2.828257437428392
48,7,608.668,823.28674,584.31213,830.8297,560.02765,835.14636,7.128382053820914,585.6412194427834,830.0819270553711,-0.5780117366173272,-0.2203966101540118,0.6186050706507003,0.1775854872257696,0.024423610281019137,0.17925712820519324,-2.777309057671903
49,7,609.18274,822.97345,585.11523,830.949,560.4474,834.5071,10.126499008237642,585.2834942417395,829.8353723039676,-0.35772520104387695,-0.24655475140355065,0.43446123521155355,0.22028653557345024,-0.026158141249538858,0.2218341860682969,-2.538131866009809
50,7,610.7401,822.5166,585.97876,830.3092,560.6978,834.293,8.514053857486322,585.0921448697075,829.5679549395877,-0.19134937203205027,-0.26741736437986674,0.3288261378737013,0.16637582901182668,-0.020862612976316086,0.16767875565966053,-2.1918796969365184
51,7,610.1727,820.8477,585.29205,829.7191,560.9392,835.4234,6.441107221877813,584.9891076813983,829.2989398104555,-0.10303718830914477,-0.2690151291321854,0.288072563561094,0.0883121837229055,-0.0015977647523186533,0.08832663610775612,-1.9365764266275123
52,7,610.1805,820.5182,585.5109,829.37317,561.21796,835.0177,6.664532639526724,584.9145731920695,829.047591764796,-0.07453448932881201,-0.25134804565948343,0.2621664169117558,0.028502698980332752,0.01766708347270196,0.033534007926206505,-1.8590748429888873
53,7,609.7868,820.2118,584.97784,829.26935,561.32715,835.6817,4.886918424740006,584.881748559165,828.8331756508335,-0.03282463290452142,-0.21441611396255666,0.21691409924696153,0.04170985642429059,0.03693193169692677,0.05571067852576739,-1.7227053971136193
54,7,611.18896,819.0835,586.23663,829.0026,562.04346,836.41113,4.653116168883368,584.9220951006754,828.6749563167925,0.0403465415104165,-0.15821933404095034,0.16328258044327199,0.07317117441493792,0.05619677992160632,0.09226103640659324,-1.3211137178513568
55,7,611.0884,819.2,586.76575,829.42944,563.26715,837.20636,4.498190747087263,585.0616213154912,828.5820170141451,0.13952621481575989,-0.09293930264743722,0.1676462901391066,0.09917967330534339,0.06528003139351313,0.1187353784501178,-0.587614616344932
56,7,610.19244,819.43823,586.19995,829.94794,564.16077,837.9466,3.708134376400909,585.3045244261011,828.5227146073556,0.24290311060997283,-0.0593024067894703,0.2500373903939659,0.10337689579421294,0.03363689585796692,0.1087116523055706,-0.2394559707607265
57,7,612.0813,817.9136,586.54156,829.1606,564.80524,838.38855,0.7641265898260194,585.6495488358945,828.4552243641353,0.3450244097933819,-0.06749024322027708,0.3515633318240167,0.10212129918340906,-0.008187836430806783,0.10244901372060637,-0.19317091592075894
58,7,614.02203,816.5441,588.1472,828.5934,565.99554,836.96216,4.273884845521567,586.0954389482602,828.3377215521964,0.445890112365646,-0.11750281193894807,0.4611126794168734,0.10086570257226413,-0.05001256871867099,0.11258395527443614,-0.2576662162315205
59,7,614.15576,816.4698,588.89954,828.2189,566.4,834.5732,9.17693094119321,586.6339719719765,828.1543521374341,0.5385330237163544,-0.1833694147622964,0.5688955615078628,0.09264291135070835,-0.06586660282334833,0.11367109743036673,-0.3281848309962752
60,7,613.6989,815.79645,588.46796,827.4872,566.5233,834.2402,7.755953841156278,587.229056337382,827.9931448784766,0.5950843654054552,-0.1612072589574609,0.616533196422213,0.05655134168910081,0.022162155804835493,0.060738911718561724,-0.26454877704211016
61,7,610.9338,817.20233,589.44904,829.2796,567.69745,835.6503,13.017220414390891,587.8376332802034,827.9680992321358,0.6085769428214007,-0.025045646340799976,0.6090920946248366,0.013492577415945561,0.13616161261666093,0.13682848532266562,-0.041131234345992355
62,7,610.59174,816.72003,589.7771,829.72144,568.64087,836.0642,15.28608296093586,588.399173165861,828.1577575872951,0.5615398856576803,0.1896583551592812,0.5927034122275362,-0.04703705716372042,0.21470400150008118,0.21979602591213965,0.3257174903424081
63,7,609.8467,817.2859,589.0721,830.3035,568.2796,836.75507,14.833610513004476,588.783262878546,828.4988340611227,0.38408971268495407,0.3410764738275702,0.5136711675664304,-0.17745017297272625,0.15141811866828903,0.23327239560028212,0.7261525700309461
64,7,608.7068,817.7987,588.58203,830.3192,568.31116,836.5857,14.7092700026616,588.9073744481207,828.892585702859,0.12411156957466574,0.393751641736344,0.41284868544341197,-0.25997814311028833,0.0526751679087738,0.26526083052213173,1.265451135725672
65,7,607.9576,817.9046,588.2545,830.33997,567.94867,836.35425,15.75911128401327,588.9504039683616,829.2402695617437,0.043029520240907004,0.3476838588846931,0.35033641737780247,-0.08108204933375873,-0.04606778285165092,0.09325523760641516,1.4476619712169683
66,7,608.26227,818.5139,588.70544,830.13696,568.09644,836.70197,13.054677657810505,589.1008588204438,829.4775925816706,0.15045485208224818,0.2373230199268619,0.2809962247118222,0.10742533184134118,-0.11036083895783122,0.15401206672432724,1.0057751358530038
67,7,608.90015,818.19855,589.24585,830.06964,568.0346,836.89075,13.305018993447916,589.3242674712253,829.6780612851485,0.22340865078149363,0.20046870347789536,0.300165165064362,0.07295379869924545,-0.03685431644896653,0.08173430972101368,0.7313316036113171
68,7,609.8148,818.77747,589.5954,830.74054,568.02374,836.8493,14.79991743812731,589.5304136589837,829.9496320893395,0.2061461877583497,0.27157080419101476,0.3409500732017156,-0.017262463023143937,0.0711021007131194,0.07316762504990842,0.921504109908167
69,7,607.38214,820.90814,589.65094,831.8389,567.986,836.4833,19.5532008198696,589.6571721222688,830.3632909858029,0.12675846328511398,0.4136588964634029,0.43264464706930544,-0.07938772447323572,0.14208809227238817,0.16276190206140098,1.273448800694287
70,7,606.5584,821.57306,589.1672,832.37036,567.8711,836.3465,21.258199291776275,589.7547816007171,830.8421422636833,0.0976094784483621,0.4788512778803806,0.4886984311522135,-0.02914898483675188,0.0651923814169777,0.07141225323311043,1.369710330500679
71,7,603.646,821.67847,589.4403,831.74,568.2048,836.2505,23.3173594369695,589.901571834237,831.2723197865221,0.14679023351982323,0.4301775228387896,0.4545328082905805,0.049180755071461135,-0.048673755041590994,0.06919451639579437,1.2419541108533465
72,7,605.07544,819.4925,590.8283,831.355,568.1435,836.14294,27.8633540149563,590.1758725627362,831.5399574178605,0.27430072849927,0.26763763133840257,0.383237252056296,0.12751049497944678,-0.16253989150038706,0.20658688888422014,0.7731038473981571
73,7,604.54364,819.36206,591.2117,831.1866,568.28436,836.35425,28.86895219694277,590.5982585376107,831.5853359357515,0.42238597487448715,0.04537851789098113,0.4248165741312985,0.14808524637521714,-0.22225911344742144,0.2670736859079204,0.10702327547999776
74,7,606.5955,818.2703,592.2208,830.90045,568.6309,836.2701,28.48029388478748,590.9582845562047,831.5653237762915,0.36002601859399874,-0.020012159459952272,0.3605817807251177,-0.062359956280488404,-0.0653906773509334,0.09035875625371512,-0.05552817254265882
75,7,602.73126,819.83,592.68945,831.3227,572.35986,834.8667,38.96557505789028,591.951175609569,831.6909362900897,0.9928910533642465,0.12561251379815985,1.0008052495233306,0.6328650347702478,0.14562467325811213,0.6494033397637241,0.12584333681006288
76,7,634.42316,811.07263,612.64166,833.84973,602.2185,856.93964,19.42481717535196,596.3624663235388,832.0986229516902,4.411290713969834,0.40768666160056455,4.4300896353463886,3.418399660605587,0.2820741478024047,3.4300177936108214,0.09215712176707376
77,7,636.9611,810.7372,614.8625,833.4775,601.2135,857.76526,14.845478065433417,601.5265809085931,832.6265697313842,5.164114585054335,0.5279467796939343,5.191031424462783,0.7528238710845017,0.12026011809336978,0.7623688588068676,0.10187978973884888
78,7,637.0768,808.28705,615.87854,832.5428,602.4862,859.1045,14.394642150544856,605.6104700648448,833.0383967233979,4.083889156251644,0.4118269920137436,4.104601334100652,-1.0802254288026916,-0.11611978768019071,1.0864487020208784,0.10050211084363764
83,7,616.74927,817.16504,594.9452,828.1271,566.91425,837.61865,7.984385442329238,604.7268764763328,831.706711113594,-0.8835935885119852,-1.3316856098039125,1.5981627554846551,-4.967482744763629,-1.743512601817656,5.264572253490437,-2.156613942337536
84,7,618.7267,813.091,594.37494,828.1579,566.92975,837.9195,12.166609295245063,603.2703268657481,831.2803120639904,-1.456549610584716,-0.42639904960356034,1.5176801104308204,-0.5729560220727308,0.9052865602003521,1.0713647181556771,-2.856804133969117
85,7,617.8892,815.325,595.1283,830.0772,566.20123,837.9039,17.80898512746125,602.3085019233994,830.990924495143,-0.9618249423486986,-0.28938756884747363,1.0044164398930997,0.49472466823601735,0.1370114807560867,0.5133465137898697,-2.849334740528442
86,7,616.9389,814.53326,596.2175,829.91815,565.3961,838.60736,20.848313552392582,601.5940188568974,830.8825064905607,-0.7144830665019981,-0.10841800458229045,0.7226621036388335,0.24734187584670053,0.18096956426518318,0.30647673115212987,-2.9909982234410806
87,7,610.3766,823.33496,596.1472,831.96594,566.8756,839.9371,16.00618265653205,600.9572829126678,830.8485076849852,-0.6367359442295992,-0.03399880557549295,0.6376429890263983,0.07774712227239888,0.0744191990067975,0.10762356713309902,-3.0882478565830285
88,7,614.94684,814.9138,597.0556,831.8026,566.62933,841.39014,25.859057408177605,600.2864257973528,830.7607390096971,-0.670857115315016,-0.08776867528808907,0.6765741714923876,-0.03412117108541679,-0.05376986971259612,0.06368244032031,-3.0115008869867874
89,7,614.30237,810.57153,595.4205,828.2912,565.6669,837.5331,25.925735382079548,599.469579217595,830.5549650309024,-0.8168465797577937,-0.20577397879469572,0.8423664672878459,-0.14598946444277772,-0.11800530350660665,0.18771834056366313,-2.894814669918838
90,7,599.3228,824.57983,594.2613,828.96924,567.0953,830.62,37.45483025341378,598.4478570287736,830.2049418565006,-1.0217221888213999,-0.3500231744018265,1.0800150247789722,-0.20487560906360613,-0.1442491956071308,0.2505630571782039,-2.8115419210025645
91,7,598.4725,824.8149,594.0894,829.32806,567.77374,831.1269,41.92760442830321,597.3743016812124,829.7724381262366,-1.0735553475611823,-0.4325037302639885,1.1574025060321391,-0.05183315873978245,-0.08248055586216196,0.09741518588123058,-2.7586141991007045
92,7,580.9206,820.73914,593.0806,828.9256,576.9672,834.2796,127.67038696488258,596.4549377739716,829.3412256128157,-0.9193639072408359,-0.43121251342086,1.0154674911920478,0.15419144032034637,0.0012912168431284954,0.1541968466246924,-2.7030236522587936
93,7,572.913,835.6994,594.1909,827.7813,586.15735,818.5075,110.48960608046202,595.826860212362,828.979995074372,-0.6280775616095298,-0.36123053844369224,0.7245473934130827,0.2912863456313062,0.06998197497716774,0.2995750523206926,-2.619655547683211
94,7,568.5269,835.5504,594.835,828.0054,596.5768,815.1115,66.30414979471092,595.351445126698,828.6971132107518,-0.47541508566405355,-0.2828818636202186,0.5532103148371398,0.15266247594547622,0.07834867482347363,0.17159355001979973,-2.60484237508518
95,7,570.89496,835.54034,595.2457,828.68005,591.3326,816.6811,92.32837097912837,594.9228358276894,828.4858657072302,-0.428609299008599,-0.21124750352157662,0.47784039065439116,0.04680578665545454,0.07163436009864199,0.08557022385840672,-2.6836674771645095
96,7,571.7483,834.7243,594.8779,829.1262,589.61615,817.87213,101.45244987038336,594.8419631226233,828.3395382490814,-0.08087270506609912,-0.14632745814878945,0.1671888735322838,0.3477365939424999,0.06492004537278717,0.3537447541065956,-2.0756971226785845
97,7,570.3532,835.1429,597.79987,828.627,595.00806,816.10803,89.21673961586393,595.3862833465248,828.2514165215806,0.5443202239015363,-0.08812172750083391,0.5514072406179936,0.6251929289676355,0.058205730647955534,0.6278965723042237,-0.1605006313707085
98,7,567.6562,835.5216,601.132,828.14044,607.457,813.2808,54.50879998229468,596.3325674487915,828.214786210002,0.9462841022666453,-0.03663031157861951,0.9469928098612669,0.40196387836510894,0.0514914159222144,0.40524847368496597,-0.0386903170686126
99,7,572.5314,834.5429,600.36993,828.8992,592.3735,816.8013,112.00356462008592,597.3324150324147,828.2229329996202,0.9998475836232501,0.008146789618194816,0.9998807732216553,0.053563481356604825,0.04477710119681433,0.0698142917075659,0.008147851201746593
100,7,572.13165,834.49274,601.15375,828.92786,595.927,816.32294,101.66728165873394,598.1078919924843,828.2707165191292,0.7754769600695681,0.04778351950903925,0.7769477333356533,-0.22437062355368198,0.039636729890844435,0.22784478723531912,0.061540425356343784
101,7,587.9694,830.86273,599.483,829.24695,577.3987,822.6934,155.48311670320862,598.6629293924872,828.3592921708988,0.5550374000029024,0.08857565176958815,0.5620606386221946,-0.22043956006666576,0.0407921322605489,0.2241820637266667,0.15825060938884614
102,7,590.1111,831.1876,599.0661,829.74603,574.07825,823.5956,157.02715583009268,599.0719245880097,828.491389300719,0.4089951955224933,0.13209712982018118,0.42979846633883223,-0.14604220448040905,0.04352147805059303,0.15238912212230196,0.31240348821780894
103,7,575.44855,834.33514,600.11676,829.3634,590.3398,818.3021,120.0782129225841,599.4092749346379,828.6697372543787,0.33735034662822727,0.17834795365968148,0.38159304100675234,-0.07164484889426603,0.0462508238395003,0.08527674406844285,0.486321867170502
104,7,567.34814,835.93677,601.1886,829.6361,610.218,813.7849,49.78561478699896,599.7174224466701,828.8970653776672,0.3081475120321784,0.2273281232885438,0.38292684002236366,-0.029202834596048888,0.04898016962886231,0.05702510469360241,0.6355987113453428
105,7,583.5268,822.2987,598.62555,830.3507,583.5199,832.91345,142.3006639120114,599.9109877732539,829.1761030163741,0.19356532658378,0.2790376387068818,0.33960203101659703,-0.11458218544839838,0.051709515418338015,0.1257097896224892,0.9643185365122167
106,7,580.1898,823.5554,598.1822,830.39557,587.7043,831.73254,151.913112015337,599.8726362222492,829.5095795162887,-0.03835155100466636,0.33347649991458184,0.3356745707671995,-0.23191687758844637,0.05443886120770003,0.23822054428609982,1.6852985432111396
107,7,582.61426,822.4507,598.51654,830.09393,587.12225,833.2041,139.06182393736762,599.5345631979344,829.8796645675809,-0.3380730243147809,0.3700850512922216,0.5012547405853721,-0.29972147331011456,0.03660855137763974,0.3019489155422735,2.31102060926507
108,7,578.816,824.7647,596.8552,831.3529,593.1679,831.88153,151.7785552118103,599.0270844902632,830.1862892379461,-0.5074787076712255,0.3066246703651814,0.5929193260606482,-0.16940568335644457,-0.0634603809270402,0.18090192232496868,2.5980819274831677
109,7,575.4515,834.6305,595.8165,831.24,591.22766,821.3996,105.54876586300963,598.5300459856085,830.3088249394598,-0.4970385046547108,0.12253570151369786,0.5119201825039182,0.010440203016514715,-0.18408896885148351,0.18438477782026505,2.8998810145074896
110,7,569.0757,836.6835,597.4313,829.2727,601.00775,816.8917,59.24094946043585,598.1583243883305,830.2046766133773,-0.3717215972779968,-0.1041483260825089,0.38603603421014193,0.12531690737671397,-0.22668402759620676,0.25901732691405366,-2.868418618416645
111,7,566.9688,838.26697,596.8116,828.5101,606.3344,814.4873,37.71485302690503,597.7669196747416,830.1433833176703,-0.3914047135888268,-0.06129329570694608,0.396174857756232,-0.019683116310829973,0.04285503037556282,0.04715907861903233,-2.986255973029021
112,7,566.0312,839.98645,594.5876,830.8703,610.47845,817.12146,23.16168871164126,597.145862639142,830.2990281101286,-0.6210570355996197,0.15564479245824714,0.6402633387030356,-0.2296523220107929,0.21693808816519322,0.31591505678222753,2.8960373967774573
113,7,569.5632,836.71533,594.5763,830.42664,607.2157,820.0428,25.2921212862734,596.3278951496741,830.2854117787067,-0.8179674894679465,-0.013616331421872019,0.8180808140446061,-0.19691045386832684,-0.16926112388011916,0.25965949799649446,-3.1249476474282196
116,7,571.6563,834.3899,596.5944,826.8783,606.65546,819.5442,19.327821311870803,596.2856845980087,829.5138459220824,-0.042210551665334606,-0.7715658566243064,0.7727196139482236,0.7757569378026119,-0.7579495252024344,1.0845673373762836,-1.625449491831487
117,7,593.28564,824.9114,596.5234,827.8293,586.31964,829.3435,129.53318544704527,596.1137933221181,829.3343630176249,-0.1718912758906299,-0.17948290445747261,0.24851704915316955,-0.1296807242252953,0.5920829521668338,0.6061182330883887,-2.334592312040318
118,7,588.9465,830.10333,595.25555,828.7731,589.59143,825.3273,136.7791850090134,595.7493492078277,829.1492537029951,-0.36444411429044976,-0.18510931462981262,0.4087602852573491,-0.19255283839981985,-0.005626410172340002,0.1926350229507982,-2.671627261589315
119,7,589.96014,831.9772,595.1119,828.1721,587.6764,825.32806,122.61881611821003,595.3628317916314,828.8480273382619,-0.3865174161962841,-0.3012263647332247,0.49003370887465,-0.02207330190583434,-0.11611705010341211,0.11819644656987124,-2.4795802465695775
120,7,585.37,822.6063,593.8347,827.8653,584.7256,835.05804,109.85277791123308,594.9896496883238,828.4280364250387,-0.37318210330761303,-0.4199909132231596,0.5618338272292952,0.01333531288867107,-0.1187645484899349,0.1195108720906046,-2.2972482307317965
139,7,618.34564,832.9133,585.6644,836.4709,557.0915,853.8973,25.166114058713035,592.6152753869096,830.219616572005,-2.37437430141415,1.7915801469662256,2.9744600764205016,-2.001192198106537,2.211571060189385,2.9825855843595965,2.4951869676125695
147,7,623.76935,837.82623,595.19037,833.8467,583.26556,848.03503,57.88147682523954,592.8048319713762,831.0954807848867,0.18955658446657253,0.8758642128817655,0.8961416283833865,2.5639308858807226,-0.9157159340844601,2.722549771723059,1.357661065452515
148,7,590.3477,782.48456,591.8359,804.3814,579.6801,829.2292,29.956287004873477,592.2152196082187,825.2840699006077,-0.589612363157471,-5.811410884278985,5.841244662287687,-0.7791689476240435,-6.68727509716075,6.7325145728804685,-1.671908034117223
157,7,586.4824,771.2943,590.65295,793.3868,586.78217,812.4408,22.173545667823127,591.5466625989187,817.7034420037571,-0.6685570093000024,-7.580627896850615,7.610051759692173,-0.07894464614253138,-1.7692170125716302,1.7709774404908305,-1.6587615617280715
160,7,585.515,760.99304,592.422,782.5356,587.64905,804.5336,30.01873168690493,591.2994703781308,808.7015263334562,-0.24719222078795156,-9.001915670300946,9.005308974667544,0.42136478851205084,-1.4212877734503309,1.4824328719902309,-1.5982493852582893
161,7,583.3387,757.366,591.14233,778.96735,590.19995,800.82996,22.33086125398768,590.9864189939594,800.2481618526026,-0.31305138417133094,-8.453364480853566,8.459159072584477,-0.06585916338337938,0.5485511894473802,0.5524905762505767,-1.6078121674923354
162,7,583.0994,757.6105,590.6137,778.52747,590.5664,798.7089,19.894762101722957,590.5737630599624,792.9019792940968,-0.41265593399702993,-7.346182558505802,7.357763457923733,-0.099604549825699,1.1071819223477632,1.1116532172938054,-1.6269101955612915
163,7,583.1512,757.1307,590.2882,778.91895,589.3474,800.2402,20.663396065050215,590.1012333877475,786.9740727865287,-0.47252967221493236,-5.927906507568082,5.946710002479653,-0.05987373821790243,1.4182760509377204,1.4195392989247184,-1.6503408731103857
164,7,583.8169,754.1816,589.23016,777.38916,587.20166,798.9727,18.49884620444088,589.6139294397622,781.8037529957445,-0.4873039479853105,-5.1703197907842195,5.193233277708314,-0.014774275770378154,0.7575867167838624,0.757730765293248,-1.6647689793373184
165,7,584.28033,751.7269,588.9839,776.0858,586.9196,799.3397,16.00185967075664,589.17842528181,777.3135142862789,-0.4355041579522094,-4.490238709465643,4.511308849943367,0.05179979003310109,0.6800810813185763,0.6820509478146902,-1.6674829983100081
166,7,584.0773,750.18555,589.95105,774.9392,589.15497,797.6363,15.35756667858863,588.866663630535,773.5640734426727,-0.3117616512749919,-3.7494408436061804,3.7623798275703018,0.12374250667721753,0.740797865859463,0.7510617058675646,-1.6537543334603606
167,7,584.7192,750.2973,589.40607,774.5273,588.68097,798.0777,12.71125351817698,588.7505872025799,770.6161472494679,-0.11607642795502215,-2.9479261932048075,2.95021059887422,0.19568522331996974,0.8015146504013728,0.8250566292284557,-1.610151618028477
168,7,584.99994,751.1882,590.4973,775.2291,588.06177,798.61334,18.82631733821573,588.8716983267938,768.4929601676698,0.12111112421382586,-2.1231870817980507,2.1266384950720845,0.23718755216884801,0.8247391114067568,0.858168128508544,-1.5138159392590171
169,7,584.6045,748.5503,591.5534,773.8183,590.8732,797.2238,17.04125951444852,589.1497377808467,767.0677673641409,0.2780394540529869,-1.4251928035289438,1.4520607649960016,0.15692832983916105,0.6979942782691069,0.7154177193797481,-1.3781273007447232
170,7,584.1103,749.4232,591.4153,775.37573,589.3886,798.8147,20.66244761426489,589.4740059546141,766.1763316822072,0.3242681737673365,-0.8914356819336717,0.9485817959158577,0.04622871971434961,0.5337571215952721,0.5357553167072614,-1.221916595987889
171,7,584.9815,751.0935,591.04877,775.2692,588.2096,799.06165,20.89327149430257,589.754327709959,765.67416499371,0.2803217553448576,-0.5021666884972547,0.5751101368919878,-0.04394641842247893,0.3892689934364171,0.39174179882055593,-1.0616606467678198
172,7,584.33673,750.4717,591.14624,774.517,588.617,799.0731,21.692460497672133,589.9826257966947,765.4957752845495,0.22829808673577645,-0.17838970916045582,0.2897290195019617,-0.05202366860908114,0.32377697933679883,0.3279298620803073,-0.6632895630730867
173,7,583.3399,749.26917,591.29156,773.8292,588.9649,799.37384,23.14435215382284,590.1713474366223,765.5954195691401,0.18872163992762125,0.09964428459056762,0.21341237271661817,-0.0395764468081552,0.27803399375102344,0.2808366016442709,0.4857928137978494
174,7,583.3631,751.16956,591.4675,775.4509,588.2005,799.85895,26.081313831448597,590.3329398515427,765.9273548618969,0.161592414920392,0.33193529275683886,0.3691790177371575,-0.027129225007229252,0.23229100816627124,0.23386985125149323,1.1177489932249238
175,7,582.74927,749.46356,591.07,774.11176,588.4603,799.32837,24.56221547395065,590.4798502632569,766.4458381772345,0.14691041171420238,0.5184833153375621,0.5388948110285219,-0.01468200320618962,0.18654802258072323,0.18712489397972837,1.2946871567022389
176,7,582.61194,750.16376,590.8721,774.6364,588.0623,799.0364,25.219739220412546,590.6245258935659,767.1051265295679,0.1446756303089387,0.6592883523334194,0.6749756806936111,-0.002234781405263675,0.14080503699585734,0.14082277050013634,1.3547782141603038
177,7,582.6071,750.9598,590.9666,775.24396,587.7287,799.15985,26.70556880405172,590.7731835035047,767.8587551824779,0.14865760993882304,0.753628652910038,0.7681505265764789,0.003981979629884336,0.09434030057661857,0.0944243002338887,1.3760408243599658
178,7,582.4846,750.72595,590.8132,774.7887,588.0413,798.7227,25.69779347022846,590.9071180110478,768.657372396213,0.13393450754313108,0.7986172137350422,0.809770280008314,-0.014723102395691967,0.04498856082500424,0.04733645898521706,1.4046346171538626
179,7,582.8539,751.58215,591.3411,774.8898,588.21326,798.47815,27.5620865475097,591.0013938734038,769.4509046801874,0.09427586235597119,0.7935322839744003,0.7991128981142718,-0.03965864518715989,-0.005084929760641899,0.039983304625202026,1.4525452807735197
180,7,582.5497,752.10175,591.2164,774.1122,589.3409,797.516,26.073886808817388,591.0310755477814,770.1892785438156,0.029681674377570744,0.738373863628226,0.7389702052742926,-0.06459418797840044,-0.05515842034617435,0.08494033468072865,1.5306192519732196
181,7,583.03125,752.1412,591.3519,775.4489,588.1759,798.83356,27.380576760169767,590.9788112879166,770.8224204965124,-0.052264259864728047,0.6331419526968602,0.6352954313734682,-0.08194593424229879,-0.10523191093136575,0.133375002219719,1.6531570543272556
182,7,580.8429,748.1601,590.0975,772.66174,588.88696,798.65094,23.35894501285344,590.8575845336558,771.3002570476922,-0.12122675426087426,0.47783655117973467,0.4929743356321601,-0.06896249439614621,-0.15530540151712557,0.1699282006429012,1.819253555015318
183,7,581.0073,750.3836,590.0501,774.25385,588.6062,798.92285,24.09801076497909,590.6879625213716,771.5727147067694,-0.1696220122842078,0.27245765907719033,0.32094361349178835,-0.048395258023333554,-0.20537889210254434,0.2110037684981327,2.127641153085127
184,7,579.9165,747.62305,589.27075,773.1838,588.90656,799.08594,20.906252782031057,590.4880724394701,771.6064967529629,-0.19989008190145796,0.03378204619355074,0.20272461983586199,-0.03026806961725015,-0.2386756128836396,0.24058720710739315,2.9741715414811907
185,7,579.7228,746.5052,588.7742,770.839,589.3672,796.9684,19.103454352668383,590.2662812844839,771.4354135447087,-0.22179115498624924,-0.17108320825423107,0.2801085157161328,-0.021901073084791278,-0.2048652544477818,0.20603259325218365,-2.4845539719576695
186,7,580.48334,747.2499,589.71234,769.9672,590.08185,795.53406,21.281612285969,590.0285160049781,771.1100522102467,-0.23776527950576565,-0.32536133446194526,0.40297931224978867,-0.01597412451951641,-0.1542781262077142,0.15510291061204623,-2.201878173427263
187,7,581.0129,747.80426,590.41077,769.76624,591.44464,794.30237,20.754032701667573,589.780703549518,770.6809998778174,-0.24781245546012087,-0.42905233242936447,0.4954764545810954,-0.010047175954355225,-0.10369099796741921,0.10417662311736309,-2.094568098683165
188,7,578.97925,744.6085,588.7079,768.4258,590.9191,794.6946,17.406886264633165,589.5204066189215,770.1884179178231,-0.26029693059649617,-0.49258195999425425,0.5571278842328198,-0.012484475136375295,-0.06352962756488978,0.06474469629216262,-2.0569313381976544
189,7,578.9189,744.6604,588.2636,768.2409,590.08594,794.57916,17.659995503628977,589.2117309230206,769.630764669313,-0.30867569590088806,-0.557653248510178,0.6373835821652859,-0.04837876530439189,-0.0650712885159237,0.08108500182832837,-2.0763427782649866
190,7,577.7075,745.4536,588.08875,768.2621,589.15015,794.3241,22.140403951521662,588.8104179239004,768.996072713498,-0.40131299912013674,-0.6346919558149011,0.7509234328737806,-0.09263730321924868,-0.07703870730472318,0.12048498815586044,-2.1346247993894165
191,7,575.7506,744.31995,587.1719,767.8324,588.9312,793.8165,22.03486070787284,588.2877265558657,768.2788749096934,-0.5226913680347707,-0.7171978038046518,0.887456453016302,-0.12137836891463394,-0.08250584798975069,0.14676485748599638,-2.2005886289517944
192,7,574.23486,742.37933,585.9463,765.8819,588.88794,792.47687,20.175479189558068,587.6769856421002,767.4997052296274,-0.6107409137654258,-0.7791696800660475,0.9900049767962049,-0.08804954573065515,-0.061971876261395664,0.10767189025336403,-2.235602902894441
193,7,574.0669,742.625,585.3803,765.208,588.8059,792.50354,19.45627685694817,587.0270414780078,766.6855979231319,-0.6499441640924033,-0.8141073064954298,1.0417284305072108,-0.03920325032697747,-0.03493762642938236,0.05251221359568397,-2.244531558631541
194,7,574.11664,741.4737,585.2123,764.38617,588.86743,791.7084,18.219379460017024,586.3867403589921,765.863587240039,-0.6403011190157031,-0.8220106830929126,1.041963092499748,0.009643045076700218,-0.007903376597482747,0.012468026307034738,-2.2325663592570186
195,7,574.1475,740.08234,585.172,763.46814,589.0547,791.34955,17.312124988224546,585.8049285804562,765.0640778333023,-0.5818117785358936,-0.7995094067366608,0.9887973690820111,0.05848934047980947,0.022501276356251765,0.06266825661707442,-2.1998791982275043
196,7,574.36066,739.86774,585.0523,763.1937,588.97205,791.1247,16.636215795587947,585.3304524378042,764.330955968362,-0.4744761426520654,-0.7331218649403581,0.8732670146064214,0.10733563588382822,0.06638754179630268,0.1262071489113893,-2.1452003471097734
197,7,575.9967,739.9417,585.79895,764.14496,588.8311,791.49,15.720373796389698,585.0121582264395,763.7114783137797,-0.3182942113646732,-0.6194776545822833,0.6964651961979335,0.15618193128739222,0.11364421035807482,0.1931522772544245,-2.0454313076749666
198,7,576.4298,739.5041,586.0536,764.0012,589.1345,790.9914,14.935409972911197,584.8768935745574,763.2326801358364,-0.13526465188215298,-0.4787981779433039,0.4975381605973835,0.1830295594825202,0.1406794766389794,0.23084742751822587,-1.8461298302230569
199,7,576.0351,739.0651,585.8719,763.73193,589.2859,791.58276,14.75291847557547,584.8635114415214,762.8407110916888,-0.01338213303597513,-0.3919690441475723,0.39219741592029134,0.12188251884617785,0.08682913379573165,0.14964841087029948,-1.6049238618458959
200,7,575.7886,739.47327,585.503,763.1957,589.2802,791.01086,14.53599335682629,584.8888661194864,762.4614994362129,0.025354677964969596,-0.3792116554759559,0.38005833676361106,0.038736811000944726,0.012757388671616354,0.04078347082141977,-1.5040341473965546
201,7,575.63763,740.47217,585.3453,762.00793,589.0896,789.2881,16.449070238588813,584.8878182213144,762.0209734242843,-0.0010478981719188596,-0.44052601192856855,0.4405272582670317,-0.026402576136888456,-0.06131435645261263,0.06675736913526649,-1.5731750653189986
202,7,575.40533,740.20917,585.76416,760.7458,588.86365,787.47156,20.151463540585592,584.8672536426958,761.4450613107789,-0.020564578618632368,-0.5759121135054102,0.5762791549032729,-0.019516680446713508,-0.1353861015768416,0.1367855888455871,-1.6064890037306339
203,7,574.51544,737.49506,585.70575,758.94763,589.1586,784.8938,19.96757396518688,584.8520646000272,760.6596913505728,-0.015189042668566799,-0.7853699602061397,0.7855168243974033,0.005375535950065569,-0.20945784670072953,0.20952681434903925,-1.5901339003188228
204,7,575.2245,737.2688,586.1043,758.8535,589.3455,784.1492,19.44879089376205,584.8544370268787,759.6701392522755,0.0023724268514797586,-0.9895520982972812,0.9895549422107485,0.017561469520046558,-0.2041821380911415,0.2049359673829206,-1.5683988559491513
205,7,575.0022,736.5038,585.4487,758.5447,589.57214,783.26953,15.890943477124974,584.8357317255122,758.7990705394325,-0.018705301366480853,-0.8710687128429981,0.8712695282133815,-0.021077728217960612,0.11848338545428305,0.12034360496319871,-1.5922669945919152
206,7,575.384,735.656,584.578,758.7053,589.58844,782.8394,10.01786895475353,584.7446032153623,758.3007098876725,-0.09112851014992884,-0.498360651759981,0.5066238689449785,-0.07242320878344799,0.37270806108301713,0.3796793646838776,-1.7516547843754775
207,7,574.9825,735.3841,584.3771,758.086,588.54846,781.7472,12.48263162863867,584.529706015864,757.8381287660181,-0.21489719949829578,-0.4625811216543525,0.5100608791734661,-0.12376868934836693,0.03577953010562851,0.12883657569802193,-2.0056930768806014
208,7,574.1645,734.2381,583.06476,756.3147,587.412,781.0581,11.992286963691685,584.1597377593894,757.0452348455761,-0.3699682564746354,-0.7928939204419976,0.874961301928698,-0.1550710569763396,-0.3303127987876451,0.3649021481913836,-2.007372835049911
209,7,573.26306,731.5018,582.15155,754.29486,586.01544,780.74963,12.9943215198433,583.6835685300588,756.0304338123926,-0.47616922933059413,-1.0148010331835167,1.1209631001561224,-0.10620097285595875,-0.22190711274151909,0.24601100243856847,-2.0095216127580477
210,7,573.8285,731.8588,582.29865,754.2631,585.9143,780.3366,12.814594887142698,583.1701115249305,755.0207558562479,-0.5134570051283163,-1.009677956144742,1.1327345987652904,-0.037287775797722134,0.005123077038774682,0.03763806772785251,-2.0412489342765556
211,7,573.3838,730.91614,581.7975,753.88403,585.8235,780.5342,11.528373779460486,582.6775053574302,754.1982159135946,-0.4926061675002984,-0.8225399426532931,0.9587662872251062,0.02085083762801787,0.18713801349144887,0.18829602630782113,-2.1103949748205566
212,7,573.56226,731.94226,582.28674,754.3398,586.0764,780.3463,12.991572202243775,582.2207903064576,753.5647679075773,-0.45671505097254794,-0.6334480060172609,0.7809257417399563,0.035891116527750455,0.1890919366360322,0.19246800447444185,-2.1954766569473048
213,7,571.69104,730.7013,581.7599,753.4854,585.90656,780.84155,15.222467698497494,581.8042320672811,753.0773505080134,-0.41655823917653834,-0.48741739956392394,0.6411680653491064,0.040156811796009606,0.146030606453337,0.15145133724978965,-2.2779683064785603
214,7,569.5025,729.4324,580.9159,753.16187,585.49066,781.3309,16.462042392874125,581.432096335168,752.6929023847191,-0.3721357321130654,-0.38444812329430533,0.5350564106894156,0.04442250706347295,0.1029692762696186,0.11214290431986032,-2.339922262916626
215,7,570.23474,730.971,581.08936,754.00854,585.2787,781.2067,16.47200587534533,581.1086488053869,752.3683622075118,-0.3234475297811059,-0.32454017720726824,0.4581971531374071,0.048688202331959474,0.05990794608703709,0.0771978176549387,-2.3545082755021647
216,7,570.53046,728.2568,580.83777,753.12286,585.2394,781.18054,13.598920137250206,580.8381551732055,752.0606686462086,-0.2704936321814557,-0.3076935613032674,0.40968540701153155,0.05295389759965019,0.016846615904000828,0.055569089774902485,-2.291944145286031
217,7,570.0637,727.525,581.02356,752.7675,585.1877,781.49567,15.222090504395007,580.6248811338916,751.7267603706262,-0.21327403931388744,-0.33390827558241654,0.3962077136398087,0.05721959286756828,-0.02621471427914912,0.0629388040295309,-2.139201240649814
218,7,569.6034,725.8729,580.5969,751.6146,585.1457,781.49854,14.471111473118508,580.4709978172353,751.4030488333085,-0.1538833166562199,-0.32371153731764934,0.35842605170059044,0.05939072265766754,0.010196738264767191,0.06025969970917671,-2.0145479257471086
219,7,568.86774,724.69336,580.2951,750.832,585.0254,781.80457,14.930758280351046,580.3702980911148,750.7440752773787,-0.10069972612052425,-0.6589735559298333,0.6666232686124584,0.05318359053569566,-0.33526201861218397,0.3394541433333594,-1.7224362330776133
220,7,565.58057,716.4187,581.706,740.4996,586.3435,776.3273,26.43237613219262,580.3144802579304,748.1560126854358,-0.05581783318439193,-2.588062591942844,2.5886644452913,0.04488189293613232,-1.9290890360130106,1.9296110730349618,-1.5923604037807346
221,7,566.20404,718.44586,581.6621,741.5921,586.09753,776.875,26.571641990121503,580.2952426200821,745.9696162849542,-0.0192376378482777,-2.1863964004816125,2.1864810327896587,0.03658019533611423,0.4016661914612314,0.4033284518277862,-1.5795948874842338
222,7,565.6004,715.3053,581.4138,738.1788,586.01184,775.86786,27.702123912200857,580.3107936197476,743.5459125725877,0.015550999665492782,-2.423703712366546,2.4237536011174843,0.03478863751377048,-0.23730731188493337,0.23984371906330496,-1.5643802016755946
223,7,565.36945,715.8853,581.2961,738.10974,585.8906,776.1699,28.74312738885044,580.3853822582141,741.3893011554812,0.07458863846648,-2.156611417106433,2.157900894244705,0.059037638800987224,0.26709229526011313,0.2735392786831743,-1.5362240722017895
224,7,563.33765,713.1535,580.86096,737.7872,586.2276,776.19745,27.472572935410856,580.5497676765468,739.6860672656821,0.16438541833269937,-1.703233889799094,1.7111482253506178,0.08979677986621937,0.4533775273073388,0.4621846426934359,-1.4745806267025336
225,7,559.3316,709.6716,582.00555,728.91034,587.5607,763.9251,40.67053528823137,580.8224491746737,736.1037973970612,0.2726814981268717,-3.5822698686209833,3.5926331027604963,0.10829607979417233,-1.8790359788218893,1.8821541516586577,-1.4948230827528697
226,7,557.9572,710.5362,582.5796,723.3887,586.1279,751.9278,55.34881676119743,581.172886687977,732.0214242081224,0.35043751330329087,-4.082373188938732,4.097386643275929,0.07775601517641917,-0.5001033203177485,0.5061119726789242,-1.4851646324649423
227,7,557.7867,712.123,583.08185,725.2219,587.857,754.2169,53.27089492813628,581.558280310702,729.3004685856839,0.38539362272501876,-2.7209556224385096,2.7481134881436122,0.03495610942172789,1.3614175665002222,1.361866263610818,-1.4300931870357871
228,7,557.7224,716.5672,583.1899,728.7415,587.4164,762.32184,57.276948162749726,581.9358301370938,727.3328408302901,0.377549826391828,-1.967627755393778,2.0035226116029876,-0.007843796333190767,0.7533278670447316,0.7533687015048351,-1.3812198184713287
229,7,557.74585,716.624,583.2872,727.401,587.4674,759.59827,59.72558794287477,582.2627362613985,725.7572688693781,0.32690612430462807,-1.5755719609120433,1.6091285275328675,-0.05064370208719993,0.39205579448173467,0.3953132056329528,-1.3662149865908513
230,7,557.2969,718.16675,582.9444,726.66595,587.65137,757.45386,62.97328061676611,582.4961987778609,724.4429393699743,0.2334625164623958,-1.3143294994038115,1.334903284734901,-0.09344360784223227,0.2612424615082318,0.27745149403355696,-1.3950013069620264
231,7,555.1324,720.0625,582.3905,725.1759,588.6481,753.2327,66.80224420637714,582.6057426089226,723.2850345729645,0.10954383106172827,-1.1579047970097918,1.1630749631309099,-0.12391868540066753,0.15642470239401973,0.19956083811832234,-1.4764718502976049
232,7,555.0939,718.4487,582.3256,724.74054,588.91876,752.9667,63.84270684256009,582.6101919898117,722.2827190146753,0.004449380889127497,-1.0023155582891832,1.0023254338680894,-0.10509445017260077,0.1555892387206086,0.18775743570559275,-1.5663572540630288
233,7,555.016,718.3259,582.2553,724.72534,589.07635,752.8053,63.12553703710192,582.540695983952,721.4611528052916,-0.06949600585971893,-0.8215662093837182,0.8245002918323228,-0.07394538674884643,0.180749348905465,0.1952901619416247,-1.6551850901173102
234,7,553.5158,719.7094,581.1084,724.9354,590.2661,750.9187,59.8604350870725,582.4284036547673,720.8454960549993,-0.11229232918469734,-0.6156567502922599,0.6258137113983285,-0.0427963233249784,0.2059094590914583,0.21030984435701774,-1.7512075265462994
235,7,549.13824,721.74994,581.3137,722.8449,590.05054,744.35297,65.94336002322801,582.3110143897374,720.4609088739842,-0.11738926502994218,-0.3845871810151493,0.40210389123390644,-0.005096935845244843,0.23106956927711053,0.23112577658262162,-1.8670484435757948
236,7,550.11566,721.72766,582.68994,725.49023,588.50586,749.1849,69.62033195895275,582.2524288725632,720.3325513724316,-0.05858551717415139,-0.12835750155261394,0.14109539690362716,0.05880374785579079,0.2562296794625354,0.26289071759832267,-1.9989800643350797
237,7,550.5312,720.2844,582.60693,724.92255,589.0154,749.0723,66.91047724169742,582.3230981110016,720.4855836605271,0.07066923843842687,0.15303228809557368,0.1685616280807524,0.12925475561257826,0.2813897896481876,0.3096562700264902,1.13817873779173
238,7,551.0448,720.0275,582.5036,726.906,589.77856,751.8136,61.38442718341847,582.487856162652,721.0368805810853,0.16475805165032398,0.5512969205581157,0.5753898766927276,0.0940888132118971,0.39826463246254207,0.40922783659246226,1.2803899713406275
239,7,547.8897,721.81976,581.31274,729.15924,588.1228,753.1657,61.777439997769584,582.2890692844846,722.4701759074351,-0.19878687816731144,1.4332953263498212,1.447014759934309,-0.3635449298176354,0.8819984057917054,0.9539843310113743,1.708609376077045
240,7,550.71704,722.1962,578.7021,735.6931,588.8892,766.9258,46.18775109435199,581.3950534605906,724.9307783861229,-0.8940158238940512,2.4606024786878606,2.617981827954083,-0.6952289457267398,1.0273071523380395,1.2404447880583827,1.9192985598639516
241,7,547.4318,721.4194,577.23615,734.75134,589.2525,766.02606,44.88248552274713,580.4003913841716,726.8434377260505,-0.9946620764189902,1.9126593399275862,2.1558335735576546,-0.10064625252493897,-0.5479431387602745,0.557109819929406,2.050348221030652
242,7,544.1064,721.19525,578.29785,730.2323,590.7852,755.0278,48.46436748909509,579.9394788468924,727.9138201097098,-0.46091253727922776,1.0703823836593074,1.1654007097429435,0.5337495391397624,-0.8422769562682788,0.9971554751353796,1.9774052830605617
243,7,557.8956,724.7986,581.50507,745.2256,590.4337,778.515,34.11939694203949,579.8796973251599,731.7713960601133,-0.059781521732475085,3.8575759504034295,3.858039144885854,0.4011310155467527,2.787193566744122,2.815910877519633,1.5862922593269335
245,7,560.8435,732.47064,579.24646,750.70807,589.2063,778.556,25.57922182197708,579.7496420804372,736.6731711676273,-0.1300552447227119,4.901775107514027,4.903500134732743,-0.07027372299023682,1.0441991571105973,1.0465611667998151,1.5973223784369683
246,7,557.7089,730.91455,577.43835,749.62164,588.82446,779.0481,25.3704323577708,578.8846721579732,740.3483314217023,-0.8649699224639562,3.6751602540749673,3.7755762288556274,-0.7349146777412443,-1.2266148534390595,1.4299243274512266,1.8019453471208602
247,7,541.5687,723.3921,568.2412,732.41315,588.4177,754.0159,28.26886331240109,576.4469154295182,739.8706056958375,-2.4377567284550423,-0.4777257258647296,2.484125547608416,-1.5727868059910861,-4.152885979939697,4.440734207254398,-2.9480756565984345
248,7,536.7466,724.0738,566.66016,727.82446,585.9755,742.1902,29.49321317220756,573.75680037888,738.0853686224541,-2.6901150506381555,-1.7852370733834277,3.228589536291746,-0.25235832218311316,-1.3075113475186981,1.3316420865477472,-2.5556963317598784
249,7,536.1422,724.6062,566.1606,727.3302,585.60785,737.3501,22.07400602084815,571.4077715564279,736.3585393038898,-2.349028822452169,-1.7268293185643415,2.915454665084747,0.34108622818598633,0.05840775481908622,0.34605098017654745,-2.507679849250221
250,7,537.24457,724.1782,566.9507,727.92993,585.3717,738.9067,23.59189020095444,569.5691117664661,734.895497272027,-1.8386597899617527,-1.4630420318627557,2.34971526151985,0.5103690324904164,0.2637872867015858,0.5745087309611477,-2.4694723618297396
251,7,536.3856,723.96893,566.6269,728.47174,585.5797,742.9832,28.97105449079221,568.1413422889015,733.6605562017769,-1.4277694775646523,-1.2349410702501018,1.8877513416908773,0.4108903123971004,0.22810096161265392,0.4699583997657709,-2.4284863792819986
252,7,536.26166,724.3369,566.2737,727.6635,585.3313,743.065,32.618585579494614,566.9577940225405,732.5577633038075,-1.1835482663609582,-1.1027928979693797,1.617695482659741,0.2442212112036941,0.13214817228072206,0.2776817232713287,-2.3915005995480687
253,7,537.3234,724.4074,566.9401,728.45776,586.3122,744.676,32.14860026360384,565.8655718995358,731.5111595265416,-1.092222123004717,-1.0466037772658865,1.5127222588988876,0.09132614335624112,0.056189120703493245,0.10722724348670182,-2.3775199427050855
254,7,537.8981,724.75244,565.5765,728.25146,586.20734,744.00183,30.15451563637333,564.7668769854191,730.5247607694212,-1.0986949141166633,-0.9863987571204689,1.476520579726076,-0.006472791111946208,0.06020502014541762,0.060551973340998815,-2.4099991580560336
255,7,535.44,725.3773,562.82556,727.42114,585.1641,742.2909,29.38172843112727,563.5776843790683,729.6225766696418,-1.1891926063508436,-0.9021840997793333,1.4926872428255553,-0.09049769223418025,0.08421465734113553,0.1236201472689516,-2.492576821081449
256,7,535.4614,724.6647,561.4076,726.742,584.17847,740.5859,26.720580781484248,562.2440887361794,728.8409111592649,-1.3335956428888949,-0.7816655103769108,1.5457937471878456,-0.1444030365380513,0.12051858940242255,0.18808765869391722,-2.6114312685625762
257,7,532.52686,724.9287,559.54205,726.8551,583.36304,740.04236,24.89012158894905,560.832662939726,728.2652453498089,-1.4114257964533863,-0.5756658094560407,1.524307679922513,-0.07783015356449141,0.20599970092087005,0.22021219217690974,-2.7543278095263943
258,7,529.569,726.0706,558.7267,728.8502,584.3908,741.71014,21.16924679817224,559.4400994295011,727.9933546476568,-1.3925635102249316,-0.27189070215206357,1.4188578801017124,0.01886228622845465,0.30377510730397717,0.3043601512342031,-2.9487736111539635
259,7,525.78613,727.6565,557.6885,730.9826,584.3827,744.3693,20.6809349019392,558.1433675036544,728.087316995589,-1.2967319258466432,0.09396234793223357,1.3001317665294092,0.09583158437828843,0.36585305008429714,0.3781959106342059,3.0692581872890345
260,7,523.5444,728.1425,557.997,730.96344,583.73645,740.4359,15.523448615900016,556.9405438937662,728.4664204819752,-1.2028236098882417,0.3791034863861569,1.2611518900967955,0.09390831595840154,0.2851411384539233,0.3002069963291036,2.8362699452962956
261,7,523.47363,728.2407,556.51556,731.2716,579.5242,740.4071,16.41439686569792,555.8099821897739,729.0142557315834,-1.1305617039922708,0.5478352496081698,1.2563014078027426,0.07226190589597081,0.1687317632220129,0.1835543270090018,2.690365807841867
262,7,523.0981,728.27826,555.3664,732.12213,579.01196,739.541,10.626268532678402,554.7300359816147,729.6144133691791,-1.0799462081591855,0.6001576375957711,1.2355051608479584,0.05061549583308533,0.05232238798760136,0.07279808172715933,2.6343614717435244
263,7,522.4586,727.78046,553.63904,731.90607,577.1881,738.0446,7.072961720060626,553.6790588592262,730.1504840195307,-1.050977122388531,0.5360706503515758,1.1797985649899894,0.0289690857706546,-0.06408698724419537,0.07033029122949232,2.669922480321783
264,7,521.9242,728.0607,552.69324,731.49133,576.6866,736.49866,5.426286420024454,552.6354044125457,730.5060583074049,-1.0436544466805344,0.3555742878742194,1.1025641379408775,0.0073226757079964955,-0.18049636247735634,0.18064484063233494,2.813225770103926
265,7,520.1939,728.1753,551.83093,730.87054,577.25464,735.91125,6.345048071652932,551.5774262315105,730.5647268575688,-1.057978181035196,0.05866855016381578,1.059603619437413,-0.01432373435466161,-0.2969057377104036,0.29725104953762893,3.0861959308803177
266,7,518.69086,728.64124,550.7485,729.23224,576.8197,733.7593,8.79452947825648,550.4840426021459,730.2523874607213,-1.0933836293645527,-0.31233939684750567,1.1371207762526658,-0.03540544832935666,-0.37100794701132145,0.372693496746265,-2.8633402842166493
267,7,515.466,729.341,549.3998,727.9082,576.2554,734.0765,15.3532979088946,549.3364305948288,729.6641665712891,-1.1476120073170932,-0.5882208894321366,1.2895802162342216,-0.05422837795254054,-0.2758814925846309,0.28116065678911645,-2.66794699992945
268,7,515.216,728.8268,547.9815,726.5403,574.3044,733.54047,18.88410953081204,548.116331976024,728.9374978096305,-1.2200986188048546,-0.7266687616586296,1.4201014501717828,-0.07248661148776137,-0.13844787222649302,0.15627578881266604,-2.6044280237937363
269,7,515.8651,728.314,546.4881,725.9953,571.01227,733.66797,21.70298170301549,546.8054885121958,728.2098147961034,-1.3108434638281778,-0.7276830135270984,1.4992775442982311,-0.09074484502332325,-0.0010142518684688184,0.09075051297463639,-2.634822614808
270,7,513.03723,728.32837,544.2475,725.851,569.37524,736.83203,28.144109333002586,545.385641969809,727.6185511510668,-1.4198465423868356,-0.5912636450366335,1.5380367036809812,-0.10900307855865776,0.13641936849046488,0.17461934381563274,-2.747005038662503
271,7,511.73074,727.6674,542.98804,727.0559,568.6997,737.6898,23.58992752070939,543.838534115328,727.3011404948786,-1.5471078544809416,-0.31741065618814446,1.5793328458746152,-0.12726131209410596,0.2738529888484891,0.3019783122298092,-2.939236787367816
272,7,509.92993,728.1276,541.2797,728.9757,567.9795,738.54395,18.1662414229418,542.2116443888438,727.348329357334,-1.6268897264842508,0.04718886245541398,1.6275739525071775,-0.07978187200330922,0.36459951864355844,0.3732264139841484,3.1125952146907183
273,7,509.37738,728.7368,539.16205,730.01685,564.6692,736.7346,12.294013289959784,540.8154029249495,727.6641159059748,-1.3962414638942846,0.3157865486407445,1.4315066782240622,0.23064826258996618,0.26859768618533053,0.3540386109732712,2.9191658103072333
275,7,509.48956,728.4537,536.6524,730.9159,561.04803,738.4898,12.06801904932605,538.6847023509528,728.5307263697259,-2.1307005739967053,0.866610463751158,2.3001953464679663,-0.7344591101024207,0.5508239151104135,0.91806163729349,2.755301827515279
276,7,507.43256,727.8553,535.94965,730.4442,560.5399,737.67413,11.196773667067369,536.9590406553963,728.7961724387933,-1.7256616955564823,0.2654460690673659,1.7459581618968394,0.405038878440223,-0.6011643946837921,0.7248828336246099,2.9889661645060754
277,7,507.27505,727.2686,535.0792,729.00854,560.26416,737.1909,14.417730241245549,535.453408676448,728.8102573481044,-1.5056319789482586,0.014084909311122829,1.5056978583706466,0.22002971660822368,-0.25136115975624307,0.33405913971136725,3.1322381110051887
278,7,507.58978,727.1881,534.85504,728.4513,559.7893,735.8093,13.788592981214364,534.2786846691982,728.6842764053602,-1.1747240072497789,-0.1259809427442633,1.181459982878689,0.33090797169847974,-0.14006585205538613,0.35933066755511306,-3.03475796219142
279,7,508.25854,726.773,535.03125,728.2451,558.8708,735.1859,13.085439473579047,533.2826843200995,728.5803217644053,-0.9960003490987219,-0.1039546409548393,1.001410636442826,0.17872365815105695,0.022026301789423997,0.1800758283429918,-3.0375970963042693
280,7,507.45633,726.4488,534.0068,727.783,557.4575,734.6245,13.387159105055796,532.3290492505813,728.6178120430347,-0.9536350695182136,0.037490278629434215,0.9543717131216332,0.042365279580508286,0.14144491958427352,0.14765324984617248,3.1022998635047134
281,7,504.14764,726.9656,532.78253,729.62885,554.6542,735.09,8.705991239164758,531.3447248219818,728.7454717148427,-0.984324428599507,0.12765967180791904,0.9925681702250236,-0.030689359081293333,0.09016939317848482,0.09524891719592798,3.0126198753385296
282,7,501.6823,726.96625,530.4683,729.99286,552.321,735.75793,8.77666443403973,530.2724823306158,728.8693517173722,-1.0722424913659552,0.1238800025295177,1.0793749187920683,-0.0879180627664482,-0.003779669278401343,0.08799927079504248,3.026569053491256
283,7,499.55557,726.8145,528.62213,729.1519,550.9875,735.12775,10.361943746133488,529.0971339525115,728.9170029336401,-1.1753483781043315,0.04765121626792279,1.1763139242244371,-0.10310588673837628,-0.0762287862615949,0.12822500432841794,3.1010726382140734
284,7,501.4983,725.4277,529.84344,727.7071,551.127,734.2002,12.36803706359899,527.9716553825476,728.9019760285564,-1.1254785699638887,-0.01502690508368687,1.1255788818756125,0.04986980814044273,-0.06267812135160966,0.08009709520408137,-3.128241877609302
285,7,499.3633,725.25757,527.4404,729.36566,550.6559,732.76294,0.0,527.0910631953154,728.8593216125048,-0.880592187232196,-0.04265441605161868,0.8816246363521651,0.24488638273169272,-0.027627510967931812,0.24643989086529047,-3.0931921522751864
37,8,654.9537,791.61615,632.5792,796.5717,625.39514,789.7769,55.89330412085871,632.6001842504375,796.6629320739987,,,,,,,
38,8,653.23553,793.80695,636.18884,789.5222,635.14624,779.01086,70.22630666240167,635.660591381069,790.0923216381282,3.0604071306315745,-6.570610435870549,7.248380046961635,,,,-1.134903994463892
39,8,652.5385,794.4906,634.3665,786.1694,634.5077,773.4403,66.03167440255213,635.3636312348619,786.2313557208989,-0.2969601462070841,-3.8609659172292368,3.872369189842458,-3.3573672768386587,2.709644518641312,4.3144047618402634,-1.6475586315888038
40,8,653.4505,795.4096,635.4098,787.6114,634.9608,773.71356,64.77294330353908,635.5348673965786,785.6017566856247,0.1712361617167062,-0.629599035274282,0.6524697451206274,0.4681963079237903,3.231366881954955,3.2651094481730247,-1.3052431777527134
41,8,640.48224,781.553,636.20056,789.4962,652.1067,793.5366,104.0736052644474,636.2345324422295,786.6110069289791,0.6996650456508178,1.0092502433544723,1.2280542454698906,0.5284288839341116,1.6388492786287543,1.7219361322179865,0.964613395212743
42,8,642.9128,783.7592,636.28534,789.68054,650.61707,793.13245,124.6784419297591,636.7379067336351,787.5102954861633,0.5033742914056347,0.8992885571841498,1.0305850699144028,-0.19629075424518305,-0.10996168617032254,0.224992516825701,1.0605004403821874
43,8,643.6252,782.8955,636.99097,790.4375,651.4289,794.9702,113.90663641845744,636.945792784613,788.0398779131224,0.2078860509778906,0.5295824269591094,0.5689236830499171,-0.29548824042774413,-0.3697061302250404,0.4732820754656348,1.196731320452243
46,8,639.4665,778.19916,634.5302,789.6127,651.1163,795.67255,93.31794703899423,636.3683520131419,788.5356102739789,-0.5774407714710605,0.49573236085655026,0.7610442944779906,-0.7853268224489511,-0.03385006610255914,0.7860560062952983,2.432185092782671
120,8,591.76306,833.41846,595.92786,829.58624,587.08466,828.6185,131.1364128404118,621.2839023618079,803.7266030491738,-15.084449651334012,15.1909927751949,21.408103203685616,-14.507008879862951,14.69526041433835,20.649551696965293,2.3526753778192173
140,8,618.3535,833.5744,588.95685,836.33417,562.5209,852.323,25.80289130372879,608.3630492902054,816.83164216715,-12.92085307160255,13.105039117976162,18.403545701348598,2.163596579731461,-2.085953657218738,3.0053872994823654,2.3491175773173842
142,8,617.78546,835.72644,591.03674,836.58167,565.3726,848.8593,23.73505800319153,593.4681492947533,832.7640576897551,-14.894899995452079,15.932415522605083,21.810545849644978,-1.974046923849528,2.8273764046289216,3.4483211264341596,2.322551468026752
143,8,618.1092,836.44214,591.97473,836.22394,567.9208,849.5834,29.525910302500897,589.517541971487,837.4302236474696,-3.95060732326624,4.666165957714497,6.1139515018994475,10.944292672185838,-11.266249564890586,15.70687497094371,2.273342065257144
144,8,616.692,832.5961,593.1699,834.097,572.14545,850.90906,34.99644995084719,587.2051201755392,839.7021324459105,-2.3124217959478983,2.2719087984409043,3.2417378288208467,1.6381855273183419,-2.394257159273593,2.9010548368909075,2.365031536750889
146,8,612.3644,834.69586,591.1334,835.1689,576.8116,850.21344,45.13344893816416,584.383830218038,842.697319172947,-2.821289957501108,2.9951867270365256,4.114707833384088,-0.5088681615532096,0.7232779285956212,0.8843516087146085,2.3263061240246423
147,8,613.5957,837.83374,590.61145,835.21686,583.86566,850.5477,72.7453281759581,583.1608449144126,843.8904760007146,-1.222985303625478,1.1931568277675524,1.708600675562383,1.5983046538756298,-1.8020298992689732,2.4087111749771584,2.3685393602271057
148,8,612.59674,836.51135,590.17145,835.6693,583.46716,850.52246,67.85732268113124,581.7379127606214,844.8966548829047,-1.42293215379118,1.00617888219017,1.7427368869850282,-0.19994685016570202,-0.18697794557738234,0.27375078999616465,2.5261064292599693
164,8,628.0936,812.2816,606.0194,835.66034,600.4126,837.48047,28.65905140145343,584.747989873994,845.3461202924375,3.010077113372631,0.44946540953276326,3.0434492574735277,4.433009267163811,-0.5567134726574068,4.4678295685263665,0.14822507052866848
165,8,639.9492,809.65454,615.2623,832.7113,602.5179,851.55707,12.886992541338753,589.9737372175866,845.0086437403753,5.225747343592616,-0.33747655206218496,5.236633052091492,2.2156702302199847,-0.7869419615949482,2.351270341751876,-0.06449002396815708
166,8,639.1703,809.2928,614.0126,832.2431,602.6636,855.20984,21.33087161398485,593.8879573011448,844.7076792629398,3.9142200835581207,-0.3009644774355138,3.925773615379238,-1.3115272600344952,0.036512074626671165,1.3120353979245887,-0.07673903301503048
167,8,624.85144,811.9078,602.5764,836.58417,600.3724,850.1688,32.856471587575584,595.0956671190793,844.462975132564,1.2077098179345285,-0.2447041303757942,1.2322512388950662,-2.706510265623592,0.056260347059719606,2.707094945615533,-0.19991189971706247
169,8,610.0503,810.88135,599.38605,836.13293,606.5415,862.08545,38.30954086497698,595.4973372762938,844.1819871198998,0.40167015721453936,-0.28098801266423834,0.49019708124156647,-0.8060396607199891,-0.03628388228844415,0.8068559070661359,-0.6104233090548007
173,8,616.5398,812.47845,603.05914,837.7482,606.483,860.29376,36.71367913933605,596.6064282170473,844.2195660585642,1.1090909407535037,0.03757893866441009,1.1097273951257738,0.7074207835389643,0.31856695132864843,0.7758408776686826,0.03386969142932962
175,8,625.4881,813.716,608.18604,840.75464,601.4651,852.1609,2.1072863310509904,598.8355406301009,844.3818587749325,2.229112413053599,0.16229271636836984,2.2350125448900426,1.1200214723000954,0.12471377770395975,1.126943487830009,0.0726777476075154
181,8,625.3456,812.13794,607.8667,838.93854,602.43896,857.50476,16.81569575502439,601.0644524214827,844.5051045024187,2.2289117913817336,0.12324572748616447,2.232316573227042,-0.0002006216718655196,-0.03904698888220537,0.03904750427136531,0.05523787544907941
182,8,625.9608,812.29803,607.615,839.51965,601.9489,858.4469,17.312090559163956,601.995838002684,844.3700607621545,0.9313855812013117,-0.13504374026422283,0.9411248124740182,-1.297526210180422,-0.2582894677503873,1.3229843972080497,-0.14398888305555954
183,8,619.5015,811.30414,604.31415,838.97906,602.99713,863.6892,25.706093206509163,603.1826706468198,844.1645185461075,1.1868326441358477,-0.20554221604697887,1.2044996171705453,0.255447062934536,-0.07049847578275603,0.2649966736575624,-0.1714845526223192
184,8,618.33044,811.9285,604.1349,839.1594,602.3221,863.9476,23.35047667565975,603.6494997457354,843.8947126386331,0.4668290989155821,-0.26980590747439237,0.5391888679325777,-0.7200035452202656,-0.0642636914274135,0.7228657739619637,-0.5240517161707432
186,8,615.84375,813.7886,606.32404,840.47925,600.4612,863.61115,5.407402303403143,604.4961686282783,843.4592815955075,0.8466688825428719,-0.4354310431256181,0.9520758320553354,0.37983978362728976,-0.16562513565122572,0.4143789893147494,-0.4750120005183549
187,8,621.6807,831.58636,610.15643,841.6628,597.965,838.5069,55.67834016521572,606.0606665603402,843.4417665807414,1.564497932061954,-0.017515014766104287,1.5645959718625084,0.7178290495190822,0.4179160283595138,0.8306216654369538,-0.011194826606239683
194,8,618.4414,843.32806,606.6738,839.2872,596.11536,821.7642,39.97682513144162,606.8196438077264,843.2739253429046,0.7589772473861558,-0.1678412378367966,0.7773140569734052,-0.8055206846757983,-0.15032622307069232,0.8194275726281527,-0.21763868359787322
195,8,607.73114,812.48047,605.3804,839.8696,605.87866,857.61755,6.513791260304195,606.7261452711681,842.5460868702048,-0.0934985365582861,-0.7278384726997729,0.7338193365403225,-0.8524757839444419,-0.5599972348629763,1.0199567957839537,-1.6985571765081677
196,8,615.7591,811.74725,605.8938,836.5766,602.78564,855.8147,12.491571343362766,606.9350308919593,841.5940695702961,0.2088856207911931,-0.9520172999086753,0.9746641174777734,0.3023841573494792,-0.22417882720890248,0.37642041015958944,-1.3548053411726277
197,8,621.2811,812.3964,607.69464,835.4874,597.902,849.90015,3.721943548427623,607.5240956690877,840.5038172076477,0.5890647771284421,-1.0902523626484708,1.2392124619749245,0.38017915633724897,-0.13823506273979547,0.4045307447944811,-1.075429810291219
198,8,627.44855,811.7387,610.1084,835.5985,595.1468,846.55743,17.770511162281803,608.5141057100374,839.3502847513723,0.9900100409496417,-1.153532456275343,1.5201174325892515,0.40094526382119966,-0.06328009362687226,0.4059082098579396,-0.8615367558856997
199,8,629.89575,822.00775,609.65265,835.9599,593.76886,824.31647,70.81862718184455,609.6977115562779,838.0389461182642,1.183605846240539,-1.3113386331081074,1.766502705895641,0.19359580529089726,-0.15780617683276432,0.24976413928505567,-0.8365501481888376
200,8,640.66327,807.8642,616.4527,830.1299,596.1266,827.1949,50.8202032519416,610.8105348577752,836.6763606768968,1.1128233014973148,-1.3625854413674006,1.7592654107273802,-0.07078254474322421,-0.051246808259293175,0.08738652068306242,-0.8859551850947945
204,8,641.0269,810.0923,616.2039,827.071,595.78644,818.33655,57.53261309144396,613.3181386953999,833.8359026246007,2.507603837624629,-2.8404580522960714,3.7889680591585035,1.394780536127314,-1.4778726109286708,2.0321220923194363,-0.8475562752115123
205,8,640.44684,807.5993,616.1469,822.9386,597.04236,819.7078,41.86059193463553,613.9731535205563,831.1137001506853,0.6550148251563996,-2.722202473915445,2.799898342827117,-1.8525890124682292,0.1182555783806265,1.8563594562843009,-1.3346657283441206
206,8,640.59644,806.832,613.0723,819.8852,594.57886,823.91956,13.066208460363567,614.7330107875193,827.6778839770858,0.7598572669630812,-3.4358161735995054,3.518837285940421,0.10484244180668156,-0.7136136996840605,0.7212741850231158,-1.3531420184975347
207,8,640.4147,806.2159,612.4824,818.9701,594.2811,825.47095,4.8871188618346775,615.1484961175182,824.5283800476711,0.4154853299988872,-3.1495039294146636,3.17679131528067,-0.344371936964194,0.2863122441848418,0.44784677305818704,-1.439632832084516
208,8,640.54517,806.0067,612.912,818.4028,596.1906,824.4773,4.195726726690442,615.1211362676227,821.8500873367406,-0.02735984989556073,-2.6782927109305774,2.678432453284975,-0.44284517989444794,0.4712112184840862,0.6466466313072412,-1.581011378396732
209,8,640.29987,805.3883,611.3079,815.8053,599.4308,826.1007,21.155918100244843,614.6744784618327,819.5990519491502,-0.4466578057899824,-2.2510353875903775,2.2949212430184356,-0.41929795589442165,0.42725732334019995,0.5986314359980376,-1.7666753428356987
210,8,640.1853,805.87805,608.802,816.0569,602.67365,828.8018,46.34967504978225,613.8661208670599,817.7313199897562,-0.808357594772815,-1.86773195939395,2.0351571617859037,-0.3616997889828326,0.3833034281964274,0.5270182685802831,-1.9792564948653457
211,8,639.91785,806.39685,608.0149,817.419,603.8913,831.2822,54.37542911114544,612.8898654218642,816.2029375634148,-0.9762554451956476,-1.528382426341409,1.8135676263716785,-0.16789785042283256,0.3393495330525411,0.37861298678147,-2.1392227820347887
212,8,640.16205,806.955,606.85944,816.895,604.8648,836.68787,67.62637318409168,611.9735650077182,814.9699507749818,-0.9163004141460078,-1.2329867884329815,1.536184516721355,0.05995503104963973,0.2953956379084275,0.30141862690200494,-2.2099022842198583
213,8,639.5178,808.3767,609.39136,817.65063,601.8923,829.8544,41.31954830034846,611.2930763555205,813.9937910555609,-0.6804886521977096,-0.9761597194209344,1.1899380671235846,0.23581176194829823,0.2568270690120471,0.3486650691573213,-2.179578646165138
214,8,639.8185,808.30383,611.31744,816.5667,600.52167,826.68677,26.98194755027405,610.8162715938778,813.2574311412485,-0.47680476164271113,-0.736359914312402,0.8772506506873224,0.20368389055499847,0.23979980510853238,0.31462846947107426,-2.145423281591492
215,8,639.5865,806.62286,608.7016,814.8385,604.7464,833.31464,63.02082070681641,610.4590267008225,812.7492290943884,-0.35724489305528095,-0.5082020468601058,0.6212030537971303,0.11955986858743017,0.22815786745229616,0.257586052916347,-2.183505030048861
216,8,637.28723,806.7748,606.5259,817.2282,598.67615,829.7562,39.16083650172519,610.1509869432125,812.4575429773241,-0.308039757610004,-0.2916861170642733,0.4242278670201463,0.04920513544527694,0.21651592979583256,0.2220366933854446,-2.383456260396189
218,8,640.0074,807.58966,610.7532,815.18207,600.86206,829.2779,40.393363886792486,609.6351818117811,812.4771507819598,-0.5158051314314207,0.019607804635711545,0.5161776822118692,-0.2077653738214167,0.3112939216999848,0.3742597443574573,3.1035969711357816
266,8,590.2169,823.1702,596.225,835.4614,608.36554,850.7967,12.317968179100244,606.5965162003635,816.644225414075,-3.0386656114176276,4.1670746321151455,5.157324857678605,-2.522860479986207,4.147466827479434,4.8545139907634995,2.200857449010707
38,9,646.3027,791.24164,631.23425,787.5064,629.9248,780.62085,65.31034496399455,631.1942430973768,787.4518820220856,,,,,,,
39,9,644.94824,788.7515,631.08466,786.44366,630.7358,784.24695,71.5244782770499,631.143445668066,786.7186678778604,-0.0507974293108191,-0.7332141442251441,0.7349716730027069,,,,-1.6399662830960475
40,9,645.7772,790.7037,632.0644,788.5771,630.6454,782.80975,67.36218072730642,631.8562361014989,787.8680647604363,0.7127904334329287,1.149396882575843,1.3524730665224238,0.7635878627437478,1.882611026800987,2.031573454828112,1.015697310666293
45,9,639.49176,779.7006,635.3314,790.0183,652.08417,794.95166,95.551826221341,634.1583474245481,789.476679453228,2.302111323049189,1.6086146927917753,2.808444012896975,1.5893208896162605,0.45921781021593233,1.6543342731715793,0.6098907501523778
47,9,635.36426,775.5927,635.73755,790.9193,653.78107,796.83466,70.45370279682464,635.7401512197997,790.679212691874,1.5818037952516306,1.2025332386459695,1.9870051426004984,-0.7203075277975586,-0.40608145414580576,0.8268887966365265,0.6500156391516841
48,9,634.0002,773.8997,636.8474,790.80334,655.3998,797.2686,61.22609377082523,636.9563673509311,791.2860517246539,1.2162161311314321,0.6068390327799307,1.3592039174934682,-0.3655876641201985,-0.5956942058660388,0.6989319902960758,0.46281251902851056
49,9,637.2605,776.0033,638.18097,791.3501,655.5634,796.3993,70.37027629865204,638.1630479509984,791.7906011368108,1.206680600067216,0.5045494121568481,1.3079174973546295,-0.00953553106421623,-0.10228962062308256,0.10273311462177513,0.39603737279789064
50,9,657.09814,794.8855,638.7859,791.92816,639.61896,778.439,84.36024036884398,639.056603844747,792.1998001839403,0.8935558937486121,0.40919904712950483,0.9827949915544827,-0.3131247063186038,-0.09535036502734329,0.3273205979127489,0.4294409374942296
65,9,659.9751,782.6281,644.93335,789.6964,649.31885,802.0217,84.41678184193113,642.2261584669592,791.61443589261,3.1695546222122175,-0.5853642913302792,3.223154953884692,2.2759987284636054,-0.9945633384597841,2.4838128846948635,-0.18262567698092716
66,9,661.15985,782.9791,645.548,788.9788,648.3271,802.18097,80.86554197688639,644.0540921197208,791.4321975797955,1.8279336527616579,-0.1822383128145475,1.8369954386323528,-1.3416209694505596,0.40312597851573173,1.4008773608791476,-0.09936799967595442
67,9,661.4371,780.1133,645.7956,790.6426,649.67065,804.822,71.33791362321604,645.8306043044529,791.2151545640194,1.7765121847320415,-0.21704301577608476,1.7897215462743328,-0.051421468029616335,-0.03480470296153726,0.06209295227770777,-0.12157118668384044
68,9,662.1971,780.42645,645.63055,790.1535,648.6133,805.18646,70.80308921010453,647.111618443263,790.9479341551099,1.2810141388100647,-0.2672204089094521,1.308588541432725,-0.4954980459219769,-0.05017739313336733,0.4980322121049581,-0.20565159263473756
69,9,661.9081,780.60693,645.4785,790.16406,648.03937,805.6403,69.20888871857512,647.7231141499717,790.7556026120667,0.6114957067087516,-0.19233154304322397,0.6410291894856451,-0.669518432101313,0.07488886586622812,0.673693753239653,-0.3047299168510278
70,9,659.4001,783.7996,644.7114,789.87555,646.7236,803.67926,75.82119263284943,647.6436071965034,790.7637426257403,-0.07950695346835346,0.008140013673596513,0.07992255922094374,-0.6910026601771051,0.2004715567168205,0.7194953241156617,3.039566982602524
71,9,646.9816,801.7093,642.5637,790.7415,656.8392,787.12,97.70498862021137,647.1917017954829,790.959563665221,-0.45190540102043997,0.19582103948073382,0.49250824457541803,-0.3723984475520865,0.1876810258071373,0.4170189098676743,2.7326934584501816
74,9,648.4029,802.8102,636.5006,794.67084,649.6253,787.0718,115.5634457813402,645.7901834475066,792.1992745749994,-1.401518347976321,1.2397109097784096,1.8711324965212612,-0.9496129469558809,1.0438898702976758,1.4111948165778994,2.4173801931503855
80,9,634.6681,800.848,635.34204,804.2893,636.73505,790.4844,163.157268460497,643.3340722842735,795.0329389015516,-2.4561111632331176,2.833664326552139,3.749951407916178,-1.0545928152567967,1.5939534167737293,1.911243966854023,2.2849411831993165
128,9,653.93695,806.2376,632.0957,810.6653,631.29626,830.6277,76.24694490087839,641.0050382871639,799.3543737341206,-2.3290339971096046,4.321434832569025,4.90909343686115,0.12707716612351305,1.4877705060168864,1.4931877593670948,2.065115695416654
157,9,645.64844,806.64386,618.68567,828.1848,603.11365,834.84106,15.477636721389713,635.715305685784,806.9353013859354,-5.28973260137991,7.580927651814818,9.244010766769584,-2.9606986042703056,3.259492819245793,4.40341113956476,2.1800230771373985
160,9,647.7932,808.2923,620.5774,826.8417,607.64594,834.5366,3.521922270608849,631.778017398636,812.9734328554208,-3.937288287147908,6.038131469485393,7.208416656860362,1.3524443142320024,-1.5427961823294254,2.0516641253647543,2.148625808960481
167,9,639.34033,809.5661,613.97174,832.7252,603.5992,855.6248,23.23834024333977,626.585026056264,819.531970916769,-5.192991342372011,6.558538061348145,8.365499422276171,-1.255703055224103,0.5204065918627521,1.3592693565858651,2.2405116926598354
168,9,640.0838,810.22437,615.29846,834.0837,604.0494,851.52997,13.277300079722478,623.2216566228885,824.6284470130875,-3.36336943337551,5.096476096318497,6.106252741715702,1.8296219089965007,-1.4620619650296476,2.342037898810853,2.154127674726418
169,9,639.8157,809.96185,615.7263,833.98083,605.9424,859.14264,23.83571269364758,620.0988284480215,829.44044236628,-3.1228281748669815,4.811995353192515,5.736493274544074,0.2405412585085287,-0.28448074312598237,0.3725444809071502,2.146445308766941
170,9,638.6969,809.4848,615.6564,833.97327,606.1464,852.9685,16.660294687090737,617.5584579737772,833.1396437022022,-2.540370474244355,3.6992013359222256,4.487490687466802,0.5824577006226264,-1.1127940172702893,1.2560125389052237,2.172563915908809
171,9,638.7566,809.6902,616.2385,832.5974,607.27966,855.63324,23.257599890833426,615.6220451047428,835.5215433171079,-1.9364128690343705,2.3818996149057057,3.069713435298134,0.6039576052099846,-1.3173017210165199,1.4491544476293978,2.2533959070457605
172,9,638.5764,810.06396,616.40393,832.6514,607.4579,852.7881,20.51484308957577,614.2283815614992,837.3449489976751,-1.3936635432436333,1.823405680567248,2.2950177227401336,0.5427493257907372,-0.5584939343384576,0.7787761586869164,2.2233987660118957
173,9,639.4394,810.1717,616.79803,834.5808,607.88214,856.4026,20.62447538172077,613.2955820186268,839.3382181840599,-0.9327995428724307,1.9932691863847367,2.2007355671624627,0.46086400037120256,0.16986350581748866,0.49117129135033516,2.0084970602902974
174,9,639.09375,810.2431,617.2666,836.8791,607.4521,855.1255,11.058004637726722,612.7417611507052,841.1445914399081,-0.5538208679215586,1.806373255848257,1.8893654736946002,0.3789786749508721,-0.18689593053647968,0.42255759952770394,1.8682904488522531
175,9,640.36816,810.2957,617.3785,837.46954,607.3222,859.30646,15.505126927649895,612.4850336323144,842.2760271554296,-0.25672751839078956,1.1314357155214338,1.1601964476141926,0.29709334953076905,-0.6749375403268232,0.7374314487990282,1.793922475428691
176,9,640.83606,810.17993,617.0945,836.14557,607.20294,858.1399,18.22315838491932,612.4435141380345,842.8044719035975,-0.04151949427989621,0.5284447481678853,0.5300733159398595,0.21520802411089335,-0.6029909673535485,0.6402441724464839,1.649204475408646
177,9,641.19165,810.12085,617.06036,835.03186,606.71533,859.99146,21.57652570078852,612.5353173424455,842.9418693030756,0.09180320441100775,0.13739739947811813,0.16524489015845195,0.13332269869090396,-0.3910473486897672,0.4131500585786258,0.9817618073430778
178,9,641.1271,810.0305,616.68353,834.7754,606.8948,859.6929,23.201760789721583,612.6929129538687,842.871309263114,0.1575956114231758,-0.07056003996160598,0.17267048381014066,0.06579240701216804,-0.2079574394397241,0.21811679769972164,-0.4209633043521833
179,9,641.4236,810.2517,616.9804,835.71747,606.6359,860.4595,21.13672924958388,612.906190815591,842.6604668553084,0.2132778617223039,-0.21084240780555774,0.29990326312009896,0.0556822502991281,-0.14028236784395176,0.1509293070489643,-0.7796558602755627
180,9,641.4525,810.2216,617.5668,836.31805,606.2718,860.02795,16.995145459496225,613.1793958046406,842.3481634418401,0.2732049890496455,-0.3123034134682712,0.4149390173333316,0.05992712732734162,-0.10146100566271343,0.11783715992757371,-0.8520760521779164
181,9,641.52997,810.15424,617.6641,835.6483,606.2096,860.6566,18.50151535994628,613.516772798046,841.9732203848906,0.33737699340531435,-0.3749430569495189,0.5043862920756865,0.06417200435566883,-0.06263964348124773,0.08967592251257749,-0.8380869717152973
182,9,641.4019,810.27277,617.2489,836.13043,605.51337,861.1245,17.896209124763786,613.9225666728354,841.5744590466416,0.4057938747894241,-0.39876133824907356,0.5689281797369566,0.06841688138410973,-0.023818281299554656,0.07244432470795802,-0.7766574861492933
183,9,641.0722,809.98206,617.2901,836.8601,605.1533,861.1218,14.926648769779872,614.4010223060372,841.1907007892743,0.478455633201861,-0.3837582573672762,0.6133434543876394,0.07266175841243694,0.01500308088179736,0.07419449825649543,-0.6760061211539956
184,9,640.8125,810.00055,617.5269,837.4111,605.41003,862.34766,14.43283731923574,614.9563845746798,840.8607669749703,0.5553622686425115,-0.32993381430401314,0.645974899862953,0.07690663544065046,0.05382444306326306,0.09387066232786238,-0.5360607749731191
185,9,640.9595,810.06287,618.4757,837.53955,604.99457,862.07086,10.502023114240696,615.5928983557911,840.623478965911,0.6365137811113755,-0.23728800905928438,0.6793050807906702,0.08115151246886398,0.09264580524472876,0.1231617359630352,-0.3568345388743978
186,9,641.06976,810.1369,618.894,838.9194,605.61334,863.58124,9.30998012060192,616.3074747334052,840.4900818550055,0.7145763776140939,-0.1333971109054346,0.7269210332917854,0.0780625965027184,0.10389089815384978,0.12995032778704257,-0.1845556717157992
187,9,640.0107,810.021,620.38043,838.07825,607.994,858.1058,3.243108002100818,617.067689619575,840.3615156580703,0.7602148861698197,-0.12856619693525317,0.7710096887514359,0.04563850855572582,0.004830913970181427,0.04589347658413288,-0.16753303109406084
188,9,640.6422,809.46716,620.3057,837.75366,604.7161,858.1719,1.648295083062737,617.8337851333597,840.1111441216487,0.7660955137846486,-0.25037153642153953,0.8059703732092434,0.005880627614828882,-0.12180533948628636,0.12194721197515652,-0.3158726643327605
189,9,641.22546,809.1164,620.20935,836.43115,604.2423,858.7658,2.014019837035045,618.5660033938179,839.6123309922848,0.7322182604582395,-0.4988131293639526,0.8859786221881144,-0.03387725332640912,-0.24844159294241308,0.2507406895513877,-0.5980210696940254
190,9,641.4046,808.8335,620.48987,834.7095,603.9749,853.52246,2.330617834756402,619.224586520008,838.8092272145672,0.6585831261900239,-0.803103777717638,1.0386084016059982,-0.07363513426821555,-0.30429064835368536,0.3130733646834306,-0.8839503639738829
191,9,641.6408,808.3321,620.38983,836.2438,602.3915,855.03156,6.486248120160555,619.7697766309889,837.9291325252648,0.5451901109809114,-0.880094689302382,1.035277218550488,-0.11339301520911249,-0.07699091158474403,0.13706048433032728,-1.016185289984562
192,9,641.41,807.8068,620.96716,834.8392,602.8855,851.0513,11.022623119029276,620.1618158458193,837.1555477646339,0.39203921483044724,-0.7735847606309108,0.8672532086105286,-0.15315089615046418,0.10650992867147124,0.18654640681956902,-1.1017374557622504
193,9,640.34064,807.7028,620.8476,832.34784,602.2436,837.7728,35.40082002158234,620.3720869168644,836.2917186306184,0.21027107104509923,-0.8638291340154183,0.8890526959029372,-0.181768143785348,-0.09024437338450753,0.20293768753667554,-1.3320225509535493
194,9,640.50433,807.65674,618.3684,833.0348,601.98413,847.4454,7.570693471909052,620.4165351297163,835.338661670279,0.044448212851875724,-0.9530569603394952,0.9540928745553463,-0.1658228581932235,-0.08922782632407689,0.18830513877717076,-1.5241925760502888
195,9,640.44586,807.5124,617.6659,833.19147,606.36316,852.13654,10.755757285359888,620.3222464032735,834.3754826665928,-0.09428872644275543,-0.9631790036861503,0.9677831146884316,-0.13873693929463116,-0.010122043346655119,0.1391056939393702,-1.66837865957686
196,9,640.93567,807.0801,619.4469,831.54395,609.05304,851.1106,13.31830869332352,620.116306656435,833.4812874025383,-0.20593974683856686,-0.8941952640544741,0.9176035906563268,-0.11165102039581143,0.06898373963167614,0.1312429300533815,-1.7971566087603594
197,9,640.77814,806.8469,619.6462,830.7875,607.2964,845.96136,2.2928571766079555,619.8258018080994,832.7104192170383,-0.29050484833555856,-0.770868185500035,0.8237905233265204,-0.0845651014969917,0.12332707855443914,0.14953536269381001,-1.9311915314207826
198,9,639.83453,807.17847,617.67303,831.4136,604.05945,844.8725,2.886358231039914,619.477817777165,832.018171672795,-0.34798403093441266,-0.6922475442432869,0.7747900027079749,-0.057479182598854095,0.07862064125674806,0.0973912812517357,-2.036591443297765
199,9,641.01404,807.56793,617.1481,831.65796,595.8065,833.42664,40.53014340648493,619.0994404825308,831.3350758884549,-0.37837729463421965,-0.6830957843401393,0.7808900227804049,-0.030393263699806994,0.00915175990314765,0.03174122221419438,-2.0766406545590175
200,9,641.2812,807.9535,616.97186,829.6328,594.8006,821.3935,62.11307417032838,618.7177558430951,830.5916629826646,-0.38168463943566167,-0.743412905790251,0.8356709355222518,-0.0033073448014420137,-0.0603171214501117,0.06040772855904408,-2.0451238944296284
201,9,640.9309,808.15656,616.6643,828.49896,596.61786,825.2846,49.08227751023221,618.3399641513938,829.7519670883868,-0.37779169170130444,-0.8396958942778383,0.9207691117677612,0.0038929477343572216,-0.09628298848758732,0.09636165686705116,-1.993579478865198
202,9,641.76514,811.00366,616.38324,828.0908,594.136,818.0776,58.1805262502662,617.8937231945092,828.9140343958474,-0.4462409568845942,-0.8379326925394253,0.9493482969003785,-0.06844926518328975,0.001763201738413045,0.06847197079464462,-2.060143501500785
203,9,641.89996,811.09534,615.75885,828.2086,594.2196,817.3024,60.06569916403637,617.2868051331607,828.2094141095881,-0.6069180613485514,-0.7046202862592281,0.9299673548029095,-0.16067710446395722,0.13331240628019714,0.20878057756203705,-2.281837461643449
204,9,641.0353,808.24774,616.08246,827.67584,595.1472,816.24585,66.53725950082556,616.4269821280673,827.7696554341508,-0.8598230050934035,-0.4397586754373606,0.9657552964961015,-0.25290494374485206,0.26486161082186754,0.3662138493527261,-2.6688250311491766
205,9,631.67267,812.61475,611.2903,831.00543,594.1786,825.8706,58.762702239061376,615.25416941566,827.650047185934,-1.1728127124072216,-0.11960824821676397,1.1788960053479982,-0.31298970731381814,0.3201504272205966,0.4477263147659741,-3.0399599346245143
206,9,632.35077,809.60095,609.38745,828.41693,594.0231,836.21454,12.422607154523968,613.8368545352158,827.6008366287656,-1.4173148804442235,-0.04921055716840783,1.418168942427329,-0.24450216803700187,0.07039769104835614,0.2544349525512053,-3.106885619226328
207,9,633.9131,809.26245,608.8661,826.9159,592.6364,834.51355,10.090833419199203,612.2756681017229,827.3594613068187,-1.561186433492935,-0.24137532194686173,1.5797357773271268,-0.14387155304871158,-0.1921647647784539,0.240054828318463,-2.988197046179046
208,9,630.0294,809.96295,606.97766,828.7992,594.32996,835.78296,10.346781225491462,610.7004526247185,826.7927905163344,-1.575215477004349,-0.5666707904842951,1.6740428858849867,-0.014029043511413875,-0.3252954685374334,0.3255978438393496,-2.796265702365246
209,9,637.3988,805.32227,609.22424,821.5449,597.30853,828.48956,0.3013159872936269,609.357898191937,825.532873262021,-1.342554432781526,-1.25991725431345,1.8411528705401046,0.23266104422282297,-0.6932464638291549,0.7312467580170747,-2.3879371685103616
210,9,636.9317,805.8197,606.2181,820.545,599.5084,830.26227,29.76060414346137,608.4610974776157,823.9743383766438,-0.8968007143213299,-1.5585348853771848,1.798133062413603,0.44575371846019607,-0.29861763106373473,0.5365341248263791,-2.0929406811765583
214,9,639.9198,806.92926,610.1694,814.943,603.53217,829.0068,49.66000942016443,607.9404475655657,821.3877427993972,-0.5206499120499757,-2.5865955772466123,2.6384755089159695,0.3761508022713542,-1.0280606918694275,1.0947137581196418,-1.7694297664751406
217,9,639.76086,807.61426,611.6125,815.041,600.9943,830.9182,41.4463754489942,608.4446449269429,819.0705744595981,0.504197361377237,-2.317168339799082,2.371388642586238,1.0248472734272127,0.2694272374475304,1.0596711613183591,-1.356543984214908
218,9,639.9736,808.73706,613.40466,815.9307,597.605,825.05756,14.863368534203094,608.6692670517538,817.8934243864576,0.22462212481082133,-1.177150073140524,1.1983894999745572,-0.2795752365664157,1.1400182666585579,1.1737989441196264,-1.3822444242424372
220,9,639.765,809.50977,612.21155,816.9901,595.75354,821.8154,1.1518206077686235,609.224953614517,816.4446752002993,0.5556865627631851,-1.4487491861582384,1.5516641906126858,0.33106443795236373,-0.27159911301771444,0.4282169313195401,-1.20453959696319
221,9,639.9987,809.0852,611.8091,816.03,596.24084,823.53345,11.892803463529363,609.5201453786394,815.6892193818005,0.29519176412247816,-0.7554558184988309,0.8110805578421169,-0.2604947986407069,0.6932933676594075,0.7406167927878661,-1.1982924153712335
229,9,629.84357,800.6836,604.9218,818.9498,586.8308,815.3129,47.60617732501085,608.2586545426306,815.625582805026,-1.2614908360088748,-0.06363657677445644,1.2630949066629718,-1.556682600131353,0.6918192417243745,1.7034889435425749,-3.091189846477746
230,9,628.2651,805.1978,604.6392,820.0279,588.13947,816.10236,45.4994355963716,607.1089753280017,815.5415442263568,-1.1496792146288044,-0.08403857866926501,1.152746624048084,0.11181162138007039,-0.020402001894808564,0.11365773337945811,-3.0686250149384207
231,9,627.77216,806.3739,603.1033,816.2088,585.2288,819.66455,10.793753828749235,605.6626759115147,815.271148118845,-1.4462994164870224,-0.27039610751182863,1.471358575293001,-0.296620201858218,-0.18635752884256362,0.3503036864018375,-2.956769108200816
232,9,620.9248,807.73285,599.9304,816.96313,585.88275,824.71893,5.170437364853617,604.1046593743735,814.9470448551984,-1.5580165371412704,-0.32410326364652065,1.5913699932800045,-0.11171712065424799,-0.05370715613469201,0.12395633774580463,-2.9364947135493695
233,9,600.33307,809.19507,601.07495,816.9739,595.67975,822.5831,49.33361736760502,602.6721308172276,814.7832896961436,-1.4325285571458153,-0.16375515905485827,1.4418577666175514,0.12548797999545513,0.16034810459166238,0.2036142130831697,-3.0277747309684226
234,9,613.12164,808.9062,600.42633,817.1545,591.63104,828.70294,19.69492060478092,601.6346895594303,815.1633996976631,-1.0374412577973544,0.3801100015194834,1.1048836937140933,0.3950872993484609,0.5438651605743416,0.6722226468909053,2.790390146056191
235,9,584.3566,810.74713,601.8117,824.08405,616.78296,842.46655,13.457233912300335,601.1480081868342,816.2315851440125,-0.486681372596081,1.0681854463493892,1.1738308678104565,0.5507598852012734,0.6880754448299058,0.8813536571234005,1.9983099136704907
236,9,583.5585,805.9547,604.1835,820.7779,622.05194,842.3631,14.676901890320629,600.9427631191442,817.2233872749114,-0.20524506769004347,0.9918021308989182,1.0128163726296715,0.28143630490603755,-0.07638331545047095,0.2916175656546949,1.7748574546561642
237,9,582.7549,805.5037,603.2525,821.00726,620.10986,843.37177,15.890294887710937,600.8800254341065,817.9647544600459,-0.06273768503763222,0.7413671851345498,0.7440170161482914,0.14250738265241125,-0.2504349457643684,0.2881423540030915,1.6552194924423416
238,9,581.254,805.4517,603.01135,820.4836,618.39185,844.2698,22.472627246221663,600.8839711960211,818.4996549067301,0.003945761914565082,0.5349004466842189,0.5349149996962727,0.0666834469521973,-0.20646673845033092,0.21696819164048878,1.5634198320241832
239,9,581.047,805.8973,602.4999,820.0669,616.1263,842.83203,25.652013406322304,600.8787764691884,818.8720568222778,-0.0051947268326557605,0.3724019155476981,0.3724381450529212,-0.009140488747220843,-0.1624985311365208,0.16275540284753956,1.5847446705667405
240,9,579.78674,807.95966,601.90796,820.04944,616.2475,841.42834,27.491251777952805,600.8090618873074,819.1259284140026,-0.06971458188104407,0.25387159172476004,0.2632696488616036,-0.06451985504838831,-0.11853032382293804,0.1349527671484938,1.8387959075309113
241,9,579.5167,808.20166,601.79926,819.7293,614.16394,841.2325,32.74604279351994,600.7012263616722,819.3052378892186,-0.1078355256352097,0.17930947521597318,0.20923763641192678,-0.03812094375416564,-0.07456211650878686,0.08374195824661712,2.1122397179258297
242,9,580.8254,807.7115,602.20844,819.76447,612.80096,841.38904,34.49401884140586,600.6021133729759,819.4539534552396,-0.09911298869633356,0.14871556602099645,0.17871682658682395,0.008722536938876146,-0.03059390919497673,0.03181304654509751,2.158655898280624
243,9,581.51636,806.88947,602.3983,819.5932,611.4585,841.07745,35.81960513805253,600.5585664019108,819.6160433193794,-0.04354697106509775,0.16208986413982984,0.1678376082581403,0.05556601763123581,0.013374298118833394,0.05715290163732931,1.8332582607317216
244,9,580.447,808.8792,602.03485,819.3395,609.6302,839.7132,43.7022489011645,600.6030073682139,819.8145743665007,0.04444096630311378,0.19853104712126424,0.20344428268452308,0.08798793736821153,0.036441182981434395,0.09523569152055704,1.350577740764168
245,9,581.1915,809.0727,601.1394,820.77124,606.5833,840.0232,43.820858579520845,600.7101719477951,819.9890081916639,0.10716457958119463,0.1744338251631916,0.20472275515407928,0.06272361327808085,-0.024097221958072623,0.06719321222232835,1.0198872959041576
246,9,582.3346,809.99396,601.0337,820.5527,605.0145,839.3271,48.57671291960944,600.8403742556092,820.0830539256099,0.13020230781410191,0.09404573394601812,0.1606151955250915,0.023037728232907284,-0.0803880912171735,0.08362405235142518,0.6255392176521575
251,9,580.76074,811.255,601.04297,824.42773,602.0214,846.22644,54.42737069016374,600.4479457415673,821.4010981042607,-0.3924285140418533,1.31804417865078,1.3752238346932133,-0.5226308218559552,1.2239984447047618,1.3309076484089748,1.8601742858237487
252,9,584.7121,810.0234,598.5527,825.4874,605.0054,847.6809,25.617399249538032,599.9051360823197,822.2649841641874,-0.5428096592476095,0.8638860599266991,1.020265382490351,-0.15038114520575618,-0.45415811872408085,0.47840786535799246,2.1317900943772896
253,9,581.84534,811.7171,598.1012,824.60187,605.3127,844.8569,32.00135389582067,599.2405544530062,823.176748260082,-0.6645816293134885,0.9117640958946822,1.128265265167557,-0.12177197006587903,0.047878035967983124,0.13084616548404016,2.2006538074976842
254,9,582.0977,811.46246,597.2165,824.7607,608.16364,843.32764,18.141919406502,598.5475064656032,823.8730848488349,-0.6930479874030198,0.6963365887528425,0.9824460075135537,-0.02846635808953124,-0.21542750714183967,0.21730012511783975,2.353827546392277
255,9,578.6305,811.8361,596.52783,823.921,610.2627,842.4964,19.49176161812113,597.9051359611921,824.2147137545865,-0.642370504411133,0.3416289057515769,0.7275645498390045,0.05067748299188679,-0.35470768300126565,0.3583095695938351,2.652810113122177
256,9,578.02594,811.8751,596.9094,823.9136,610.43005,843.5787,22.971741640023343,597.3359396972774,824.5584562704832,-0.569196263914705,0.3437425158967926,0.6649385716662218,0.07317424049642796,0.0021136101452157163,0.07320475954523063,2.598304141718379
257,9,577.9766,812.4527,596.6442,826.4239,610.7926,844.3473,14.90126460666461,596.8482526604689,825.2240561151057,-0.4876870368084383,0.6655998446224203,0.8251435020845678,0.08150922710626674,0.32185732872562767,0.3320179124051257,2.2031351728217636
258,9,577.5501,811.625,595.7619,826.61755,610.67444,845.0546,11.570539293343524,596.4504098373767,825.8868452397617,-0.3978428230922191,0.6627891246560011,0.7730254430794985,0.0898442137162192,-0.0028107199664191285,0.08988816877106406,2.1114036798330718
259,9,582.362,816.08325,597.62415,825.87054,611.499,837.76196,7.926943603433378,596.1507462146105,826.263206747334,-0.2996636227661611,0.3763615075723692,0.4810886313263769,0.09817920032605798,-0.28642761708363196,0.30278694688653923,2.2432233616661166
260,9,583.2172,817.5041,595.796,827.7215,611.9802,840.1243,1.6211200500966731,595.9575967787803,826.8781401142721,-0.19314943583026434,0.6149333669380894,0.6445539157707169,0.10651418693589676,0.23857185936572023,0.2612696004127387,1.875136502126174
261,9,586.3456,815.4194,596.6759,830.18066,611.9097,846.4665,8.103071540566797,595.8792965164959,828.2843942208771,-0.07830026228441511,1.4062541066049334,1.4084322999054828,0.11484917354584923,0.791320739666844,0.7996116843137334,1.6264189165631031
262,9,602.4787,839.0128,597.7899,836.48315,603.83923,841.04724,171.313659799601,595.9241804143672,830.3370991892862,0.04488389787138658,2.0527049684091025,2.0531956194234255,0.12318416015580169,0.6464508618041691,0.6580828625945544,1.5489340779755927
263,9,605.024,846.4084,598.38196,837.7796,601.9716,835.4132,94.1934992590828,596.0875955604408,832.6321487859026,0.1634151460735893,2.2950495966164226,2.3008600915517348,0.11853124820220273,0.24234462820732006,0.2697787530946727,1.4997129756816459
264,9,603.989,842.7035,598.3269,837.7464,602.42957,839.86835,166.14687550962418,596.3129374485088,834.4261101123545,0.22534188806798738,1.7939613264519494,1.8080586847011584,0.06192674199439807,-0.5010882701644732,0.5049003623196014,1.4458394417719602
265,9,586.59814,819.8153,596.8641,832.2261,611.0146,845.3812,7.490773918319231,596.5306136738001,835.1266918077014,0.21767622529125674,0.7005816953468411,0.733619554614041,-0.007665662776730642,-1.0933796311051083,1.0934065026792867,1.2695450056194912
267,9,589.70734,827.55646,596.62335,832.5354,610.1134,837.2804,16.371839205542834,596.6645995169666,834.8900953229326,0.13398584316655615,-0.23659648476882467,0.2719009061662312,-0.08369038212470059,-0.9371781801156658,0.9409075519651703,-1.0555208944959036
269,9,594.93805,843.1122,597.3353,833.02155,608.24286,825.81995,43.20131763311578,596.3840589765521,835.3769765801424,-0.2805405404145631,0.48688125720980224,0.5619220172215116,-0.41452638358111926,0.7234777419786269,0.8338178253211752,2.0935312923626883
270,9,588.264,829.8333,596.87146,833.52167,610.64435,838.97626,1.5899162884655729,596.5912279877456,835.8456477970182,0.20716901119351405,0.46867121687580493,0.5124175140710416,0.48770955160807716,-0.018210040333997313,0.48804939534714875,1.154585930833731
271,9,596.8604,820.5064,599.31055,835.3413,609.53186,854.1604,19.129639219634317,597.2171292810515,836.2378988103675,0.6259012933059012,0.39225101334932333,0.7386564062103372,0.4187322821123871,-0.0764202035264816,0.42564864805385744,0.5598193308768145
272,9,601.3088,820.9968,600.8245,836.41345,607.2836,855.8475,20.183913829133107,597.8033863844031,836.4217014481272,0.5862571033516133,0.18380263775975436,0.6143946621493938,-0.03964418995428787,-0.20844837558956897,0.2121847946556531,0.303812780498143
273,9,587.9278,808.15594,599.4755,833.44434,612.066,860.8349,0.1440176537594674,598.2383851697937,836.4166366371103,0.4349987853905759,-0.0050648110169504434,0.43502826988819215,-0.1512583179610374,-0.1888674487767048,0.2419710560373358,-0.011642750126672645
274,9,587.0895,808.8079,598.90594,833.3538,611.2615,860.98114,1.6110693980617707,598.5400393845408,836.2801875788467,0.3016542147471455,-0.13644905826356535,0.33107946293258783,-0.13334457064343042,-0.1313842472466149,0.18719667450208735,-0.42479483931921624
275,9,587.7198,808.4131,598.30664,833.23737,611.7182,862.3471,1.6398437900104872,598.7262627759624,836.0698374748671,0.18622339142154942,-0.2103501039796356,0.28093828104547647,-0.11543082332559607,-0.07390104571607026,0.13706071476376328,-0.8461612058106782
276,9,587.6341,809.30396,598.70667,833.66473,611.70465,862.2335,0.0197823410294463,598.8241969429362,835.8430695267023,0.09793416697380053,-0.22676794816482015,0.2470117474448023,-0.08828922444774889,-0.01641784418518455,0.08980274361774243,-1.1631215447370065
277,9,586.66376,811.366,598.85156,834.0641,610.7975,861.56714,4.756045952229803,598.8978948905801,835.6573669358829,0.0736979476439501,-0.18570259081934637,0.19979199114065607,-0.024236219329850428,0.041065357345473785,0.0476839375609447,-1.1929996925058741
278,9,587.8993,812.86597,599.49536,835.0751,610.8673,861.3991,4.206262608151739,599.0206374755713,835.5702129039394,0.12274258499121515,-0.08715403194355531,0.15053759482050966,0.04904463734726505,0.09854855887579106,0.11007813092989907,-0.6174427053583795
279,9,588.16437,811.2556,599.09076,833.9876,611.00995,861.4116,2.1808599650452423,599.2492634270399,835.6240229807107,0.22862595146852982,0.05381007677135585,0.23487305091693633,0.10588336647731467,0.14096410871491116,0.17630135348986578,0.23115588098613493
280,9,592.6449,810.8932,600.36334,836.12915,612.3371,862.32086,7.56161566024419,599.5748429639259,835.8009421092693,0.325579536886039,0.17691912855855207,0.3705434021661229,0.0969535854175092,0.12310905178719622,0.15670301961753264,0.49776003720077366
281,9,593.11115,811.61487,600.72235,837.1464,612.54126,862.28186,8.583458059085155,599.9720041776225,836.0680475809954,0.3971612136965632,0.26710547172615406,0.47862549314780384,0.07158167681052419,0.09018634316760199,0.11514127387236432,0.5920554351174322
282,9,592.72986,809.7074,600.7241,835.7374,612.776,862.29315,7.337539971218898,600.4153751595221,836.3924166872699,0.44337098189964763,0.3243691062745029,0.5493570284395908,0.04620976820308442,0.05726363454834882,0.07358305864171209,0.6316191133436252
283,9,594.54596,811.8609,602.2726,837.69244,613.57806,862.4829,7.862172642051837,600.8795840010174,836.7411267194734,0.4642088414952923,0.34871003220348484,0.5805932613127341,0.02083785959564466,0.02434092592898196,0.03204211396908741,0.644263640737791
284,9,594.16656,810.82385,602.3171,837.0037,613.6524,862.2322,6.901914590864979,601.3392587935014,837.0812549689863,0.45967479248395193,0.34012824951287257,0.5718287689176326,-0.0045340490113403575,-0.008581782690612272,0.00970590513997169,0.6370266151206418
285,9,594.21106,811.3644,601.7339,837.99646,613.73035,862.07916,10.706015493670057,601.7690276283666,837.3798787271892,0.4297688348652855,0.29862375820289344,0.5233329727665602,-0.029905957618666434,-0.04150449130997913,0.05115651571393038,0.6072594672283959
39,10,652.4285,794.927,635.7302,788.5198,635.44385,778.7354,67.33142887896447,635.6524447118903,788.6576404538555,,,,,,,
40,10,653.24664,796.2108,636.645,790.35297,635.8626,778.07654,66.91803009080172,636.6847436058879,789.8586391631807,1.032298893997563,1.2009987093251766,1.5836789151685173,,,,0.8607934170235748
44,10,647.8832,786.9493,637.6044,791.70325,650.0797,793.0378,149.07344806228463,637.3843672470709,791.859162062878,0.6996236411830523,2.00052289969733,2.1193312887596516,-0.3326752528145107,0.7995241903721535,0.8659744539104177,1.2343706282321447
51,10,644.6351,783.5736,636.78845,792.2381,655.3902,791.30194,135.04524677831978,637.3569952068332,792.4008602206278,-0.02737204023776485,0.5416981577498063,0.5423892722909551,-0.7269956814208172,-1.4588247419475238,1.6299363019832331,1.6212834463217076
75,10,646.2695,782.5622,636.45544,796.092,649.16736,809.9847,78.41451907748862,636.8128460325445,795.1465826674864,-0.544149174288691,2.745722446858622,2.7991230910880573,-0.5167771340509262,2.2040242891088155,2.2637980637105217,1.7664419414726524
76,10,642.94977,784.7898,635.18225,797.638,647.7078,809.2243,78.38631145436871,636.4462778451158,797.3392414765078,-0.36656818742869746,2.1926588090213954,2.223089042034503,0.17758098685999357,-0.5530636378372265,0.580873819681965,1.736444194779783
77,10,640.71716,795.8285,636.8515,800.63666,641.3941,795.82104,175.4695277092769,636.1510369598328,799.4825125315461,-0.2952408852829649,2.1432710550383263,2.1635105721275707,0.07132730214573257,-0.04938775398306916,0.08675675348283148,1.7076872677835808
80,10,635.6489,799.82965,634.9386,806.9168,638.8649,797.0567,164.01086815406532,636.078862524137,804.0196069397238,-0.07217443569584248,4.537094408177609,4.53766843410628,0.2230664495871224,2.3938233531392825,2.404194020241795,1.5867026188281264
81,10,635.1207,800.4218,637.46216,803.4231,636.3875,793.9126,148.4874908060333,636.1608140186702,805.0349243539684,0.08195149453320028,1.0153174142446915,1.0186194083781988,0.15412593022904275,-3.5217769939329173,3.5251479397841083,1.490255782244015
104,10,651.40826,808.6568,636.89124,803.6907,641.06555,822.68353,121.2808718690342,636.509277632186,806.1649489316212,0.34846361351583255,1.1300245776527618,1.1825322135332357,0.2665121189826323,0.1147071634080703,0.2901490012075494,1.2716801012241978
105,10,650.41345,808.25635,635.79755,804.26794,638.5747,825.0404,112.87828424574715,636.3083313769273,806.6564339743516,-0.2009462552587138,0.4914850427303463,0.5309773486036391,-0.5494098687745463,-0.6385395349224154,0.8423680558792568,1.9589131805310869
106,10,650.33264,809.2281,636.0064,803.52466,638.54785,824.3873,118.65346321517708,636.0769357223635,807.029588841347,-0.23139565456381206,0.37315486699549183,0.439076876769249,-0.030449399305098268,-0.11833017573485449,0.12218509077413195,2.125868777863245
107,10,650.64215,809.1496,635.32996,803.74603,638.1619,825.5298,116.8446958011577,635.8135977090498,807.2603454899389,-0.26333801331372797,0.23075664859186418,0.35013645929175996,-0.03194235874991591,-0.14239821840362765,0.1459368592475375,2.4220407048534134
108,10,650.7965,808.87195,634.5266,803.52014,638.101,825.9374,117.267542973685,635.5168243775407,807.3854789719412,-0.29677333150902996,0.12513348200229757,0.3220757653301284,-0.03343531819530199,-0.10562316658956661,0.11078887048448698,2.7425657461499373
109,10,644.0814,816.13776,633.6886,804.9246,643.6238,816.7714,177.15882424242548,635.1871550647679,807.4373615693104,-0.32966931277280764,0.05188259736917189,0.33372692383723984,-0.032895981263777685,-0.07325088463312568,0.0802984288939846,2.985495279492906
110,10,651.3436,810.8548,634.0673,803.71075,638.1916,824.4679,123.70373634455164,634.8332582931678,807.4307544845731,-0.353896771600148,-0.006607084737311197,0.3539584417947019,-0.024227458827340342,-0.05848968210648309,0.0633088672631877,-3.122925296913383
111,10,648.5525,813.76227,634.36523,804.4853,640.6982,820.7313,144.47705949256058,634.4658348815539,807.3760161503978,-0.36742341161391323,-0.054738334175226555,0.3714784632119147,-0.013526640013765245,-0.04813124943791536,0.049995871454719364,-2.9937014901174126
112,10,643.45844,815.76746,634.3448,804.07886,643.4982,819.5597,172.65107753652677,634.0955856487394,807.2835049994544,-0.37024923281444444,-0.09251115094343731,0.3816317694434835,-0.002825821200531209,-0.03777281676821076,0.03787837050431546,-2.8967440368489985
113,10,642.5495,816.77094,633.3653,804.9502,644.65356,818.9691,179.0039706575655,633.7357068305901,807.163579464411,-0.35987881814935463,-0.1199255350434214,0.37933480951268783,0.010370414665089811,-0.02741438409998409,0.029310304602773583,-2.819927307810745
114,10,650.5731,814.9261,633.13495,804.47144,639.1414,825.2406,137.07375593492236,633.4093763311813,807.0265979779372,-0.3263304994087548,-0.13698148647381458,0.3539145694669028,0.033548318740599825,-0.01705595143039318,0.03763502583387997,-2.744166096778661
115,10,651.4553,813.616,632.9446,804.9826,639.9148,824.7605,134.4180899102774,633.1422674716412,806.8829189727018,-0.2671088595401443,-0.14367900523541266,0.3032998506268578,0.05922163986861051,-0.006697518761598076,0.05959915591926916,-2.6480833695114243
116,10,653.5423,811.065,632.9295,805.1071,637.25775,827.1678,117.221605585408,632.9533029285077,806.7429008813735,-0.18896454313346567,-0.14001809132821563,0.23518644616736728,0.07814431640667863,0.0036609139071970276,0.0782300228640067,-2.5038923062378604
117,10,654.9295,808.6918,632.7372,805.05493,635.1166,829.8144,104.7961016046956,632.8344027999557,806.616902136622,-0.11890012855201348,-0.12599874475154138,0.17324238583167056,0.07006441458145218,0.014019346576674252,0.07145323134105634,-2.3272166959698968
118,10,655.3772,808.5437,632.9324,804.9421,633.5999,831.08215,100.57913862474108,632.77073653957,806.5152811711158,-0.06366626038573031,-0.10162096550618571,0.11991752725066089,0.05523386816628317,0.02437777924535567,0.0603743017644564,-2.1304786936108844
119,10,655.2534,808.9594,632.87726,805.34235,632.23425,833.38666,97.86887140164907,632.7474736009349,806.4483964175239,-0.023262938635070896,-0.06688475359192125,0.07081479066544713,0.040403321750659416,0.03473621191426446,0.053282575262838,-1.9055155120611593
120,10,655.58185,809.18317,634.001,805.0579,633.55145,833.17755,99.90584354187092,632.7497834376356,806.4266063085153,0.0023098367007605702,-0.021790109008634317,0.021912192865898815,0.025572775335831466,0.045094644583286936,0.05184104366686573,-1.4651868128447902
121,10,655.9143,808.68256,634.0509,805.06226,634.09235,833.11444,99.4867824243996,632.7628355032565,806.4602692767594,0.013052065620854592,0.03366296824412984,0.03610473442606092,0.010742228920094021,0.05545307725276416,0.0564839734701157,1.2009140705737686
122,10,649.50964,813.0478,633.46643,806.30865,641.01215,825.5584,134.19009002085724,632.7734657343824,806.5670822159485,0.010630231125901446,0.10681293918912615,0.10734060644513821,-0.0024218344949531456,0.07314997094499631,0.07319005076904066,1.4716010215453998
123,10,642.4778,818.2859,633.45776,807.92584,649.129,815.6052,157.15082883004538,632.7751759995989,806.7940958638704,0.0017102652165021937,0.2270136479219218,0.22702009019011743,-0.008919965909399252,0.12020070873279565,0.12053122488256403,1.563262714272096
124,10,653.52826,809.91846,632.6047,809.0404,633.14667,825.7999,94.25525271340524,632.7631346504922,807.1956994193364,-0.012041349106652888,0.40160355546595383,0.40178403384306316,-0.013751614323155081,0.17458990754403203,0.17513064469911158,1.6007705203354767
125,10,654.0903,808.64874,632.60876,809.2306,631.224,828.09155,84.24936329702113,632.7325100386481,807.8262820811576,-0.030624611844132232,0.6305826618212222,0.6313258748381391,-0.018583262737479345,0.2289791063552684,0.22973194989210255,1.6193237768590754
126,10,655.38135,806.7995,633.0488,809.97375,629.9781,832.8298,74.2584414742714,632.6784705156525,808.6660959530147,-0.05403952299559478,0.8398138718571317,0.841550717074888,-0.023414911151462547,0.2092312100359095,0.21053730623649997,1.6350547598720737
127,10,653.8055,806.64624,631.8992,810.53125,630.9149,829.3329,76.94669198290984,632.5961844330914,809.3988447580625,-0.08228608256115422,0.7327488050477768,0.7373546030792824,-0.028246559565559437,-0.1070650668093549,0.11072848169365607,1.6826256169717637
129,10,654.6622,805.90717,632.1869,811.2664,630.19794,832.8059,71.31249375868994,632.3275459956159,810.0875120260882,-0.268638437475488,0.6886672680257107,0.7392085065387625,-0.18635235491433377,-0.044081537022066186,0.19149512288396697,1.9427257561836646
130,10,654.4479,805.7207,632.1278,811.5115,630.1017,832.446,69.92762623919853,632.1352779239674,810.6959586172168,-0.19226807164852744,0.6084465911285406,0.6381020808862675,0.07637036582696055,-0.08022067689717005,0.11076005497643968,1.8768650516479042
131,10,654.2478,805.1823,631.4385,813.2742,629.5972,834.8236,65.58364410448476,631.9179221796611,811.5993858086775,-0.21735574430624638,0.9034271914607643,0.9292062256859921,-0.02508767265771894,0.29498060033222373,0.29604551320994543,1.806899305052586
132,10,653.4348,804.86774,631.3468,814.8042,629.2059,836.26904,60.08311993918991,631.6931325948466,812.7119918641476,-0.22478958481451627,1.1126060554701098,1.135087041644754,-0.0074338405082698955,0.2091788640093455,0.20931091498759125,1.7701514939502478
133,10,652.3037,804.9294,630.8747,816.934,629.8694,837.96344,58.0052992197723,631.478563001674,813.9479750473041,-0.21456959317254132,1.2359831831564634,1.2544698240132417,0.010219991641974957,0.12337712768635356,0.1237996925088945,1.7426855596035171
134,10,652.211,804.52637,631.0149,817.21466,629.8729,838.2067,55.98083515297372,631.291867232293,815.2215336218238,-0.18669576938100363,1.2735585745197113,1.287170055990056,0.02787382379153769,0.037575391363247945,0.046785255036848314,1.716353357799936
135,10,652.491,804.82043,631.2861,816.912,629.4986,837.18634,55.26879645662616,631.1506991188535,816.4468658513844,-0.14116811343956215,1.2253322295605358,1.2334372740645867,0.04552765594144148,-0.04822634495917555,0.06632154856186387,1.6854986643722512
136,10,652.4488,805.392,631.4751,818.42413,628.69464,839.5417,50.644308732552986,631.0675858082975,817.5520923051305,-0.08311331055597293,1.105226453746127,1.1083471191155834,0.05805480288358922,-0.12010577581440884,0.13340074033465268,1.645855305856894
137,10,652.0594,805.42145,631.62054,819.5255,628.0215,841.2176,45.97146292351884,631.0345477067359,818.5210227740818,-0.03303810156160125,0.968930468951271,0.9694935635768421,0.05007520899437168,-0.13629598479485594,0.14520372594058875,1.6048806163775258
138,10,652.09564,805.7159,631.4303,820.00085,627.6587,843.69995,46.303199957534815,631.038478535071,819.3513893547257,0.003930828335114711,0.830366580643954,0.8303758845617641,0.03696892989671596,-0.13856388830731703,0.14341078383633124,1.566062515169095
139,10,651.52136,805.2129,631.5904,820.54987,626.91187,844.6527,41.436638750582986,631.0662720142055,820.0409241435497,0.02779347913451602,0.6895347888239485,0.6900947054433094,0.023862650799401308,-0.1408317918200055,0.14283913921053829,1.5305105541129362
140,10,651.30914,805.70807,631.664,818.9225,626.20166,840.72046,42.00500276882022,631.1048218650423,820.5873592370413,0.03854985083671636,0.5464350934915956,0.5477932113477693,0.01075637170220034,-0.1430996953323529,0.14350338789174322,1.5003651130809343
141,10,651.4148,805.80475,631.67834,818.80676,625.10706,840.7224,39.93276594865239,631.141021808484,820.9884267316883,0.03619994344171573,0.40106749464700897,0.4026978658592717,-0.0023499073950006277,-0.1453675988445866,0.14538659105504104,1.4807812582861786
142,10,651.1609,805.9893,631.3356,819.5069,624.46014,842.035,38.7406387318956,631.161765565433,821.2498648080783,0.02074375694905939,0.2614380763900499,0.26225974002673613,-0.015456186492656343,-0.13962941825695907,0.14048226985521192,1.4916173890319862
143,10,651.71515,805.91644,631.4582,819.27563,624.78955,842.0212,40.255369800508205,631.1539468567929,821.4094359832005,-0.007818708640115801,0.15957117512220975,0.15976261181728957,-0.02856246558917519,-0.10186690126784015,0.1057954631089855,1.6197554229812674
144,10,650.7435,805.9971,630.84247,819.3702,625.1765,841.7129,41.86987446373455,631.1044594034654,821.5129088581446,-0.04948745332751514,0.1034728749440319,0.11469805528441297,-0.04166874468739934,-0.05609830017817785,0.06988063799583272,2.0169052277733015
145,10,649.25665,805.68256,630.3304,820.7321,623.93634,844.0615,36.1823627540934,631.0001969263536,821.6060520339996,-0.10426247711177439,0.0931431758550616,0.13980813760954763,-0.05477502378425925,-0.010329699088970301,0.055740523085407445,2.4124622000497515
146,10,648.1007,805.8294,629.9591,821.5242,624.1432,843.9018,34.56729750113642,630.8280531463604,821.734634111855,-0.1721437799932346,0.12858207785541254,0.21486468238399378,-0.06788130288146021,0.035438902000350936,0.07657536846711883,2.500049083725513
147,10,648.27966,805.66516,630.3226,820.8751,625.5005,843.30994,37.604373876702034,630.5749217843882,821.9444236928002,-0.25313136197223685,0.2097895809451984,0.32876610939554207,-0.08098758197900224,0.08120750308978586,0.11468934995405279,2.4495490887012337
148,10,648.4577,805.35956,630.1735,821.79,625.698,842.97516,36.12793877944581,630.2280028849284,822.3016247813475,-0.34691889945975163,0.35720108854729915,0.49794110139828857,-0.09378753748751478,0.14741150760210076,0.17471764295999476,2.3415926347092424
149,10,647.6206,806.1945,629.4878,822.4297,626.5755,841.26184,39.36954832094651,629.7757217868264,822.9541829956996,-0.4522810981020484,0.6525582143520978,0.7939712934475611,-0.10536219864229679,0.29535712580479867,0.3135873477460634,2.1768691454271742
150,10,647.2755,806.3384,627.00055,827.11273,619.9239,842.70404,19.890416175179613,629.2068101525168,823.9841435641165,-0.5689116343095293,1.0299605684168682,1.1766389506328345,-0.11663053620748087,0.3774023540647704,0.3950129350156458,2.0754515772891966
151,10,647.1033,806.66003,625.96564,827.6165,618.08954,845.61053,21.60726213655963,628.5099996444335,825.128208541397,-0.6968105080833311,1.14406497728055,1.3395631961259966,-0.12789887377380182,0.11410440886368178,0.17139993592395872,2.1178549851588278
152,10,647.0159,806.0574,625.7911,827.1834,617.9785,845.3201,21.8292638339395,627.6858559586341,826.1001219897433,-0.8241436857994131,0.9719134483462994,1.2742953213126997,-0.127333177716082,-0.17215152893425056,0.21412586733432146,2.274104847995448
153,10,647.08813,805.92523,625.19525,827.0025,616.8649,843.4935,19.28710508887168,626.7822809256699,826.8671391744297,-0.9035750329642269,0.7670171846863241,1.1852270676121257,-0.07943134716481381,-0.20489626365997538,0.21975399376174104,2.437755334544006
154,10,647.7382,806.25806,624.5931,826.54846,615.9763,840.76117,17.533021729619893,625.8590104097156,827.4598931614985,-0.9232705159543002,0.5927539870688179,1.0971716979655008,-0.019695482990073288,-0.1742631976175062,0.17537267202757184,2.5708509285155854
155,10,648.1802,806.1897,622.9514,828.332,609.76935,843.3114,7.379722190283217,624.9643361220999,827.9086591328219,-0.8946742876156577,0.4487659713233825,1.0009160693776493,0.028596228338642504,-0.1439880157454354,0.14680018035923367,2.676668231709768
156,10,648.1972,806.98584,622.84247,827.3079,612.05914,841.54156,14.140110949707427,624.1007731627697,828.2422807335877,-0.8635629593302383,0.3336216007658095,0.9257669022085095,0.031111328285419404,-0.11514437055757298,0.11927338688401037,2.7729246859297327
157,10,648.4163,806.9107,622.4964,827.5722,609.6161,841.09686,7.838544619877352,623.2593924788257,828.4892437248142,-0.841380683943953,0.24696299122649634,0.8768763734697912,0.022182275386285255,-0.08665860953931315,0.08945260168715123,2.8560903437195417
158,10,648.03217,807.81616,623.0042,826.2464,612.3996,836.5547,7.820795873580392,622.4312650173694,828.6780338675187,-0.8281274614563472,0.18879014270453354,0.8493743641060354,0.013253222487605854,-0.058172848521962806,0.05966345792413654,2.9174509168552536
159,10,648.34705,808.1209,620.00055,828.324,607.6506,837.0726,0.1631294174610896,621.6074617255015,828.8371369227195,-0.8238032918678755,0.15910305520083057,0.8390266061732409,0.004324169588471705,-0.02968708750370297,0.030000360115878286,2.950809252074826
160,10,648.75146,807.9671,619.4235,827.07324,603.7477,837.3902,0.266878611148663,620.7790535503229,828.9950386514338,-0.8284081751785379,0.15790172871425057,0.8433226314012828,-0.004604883310662444,-0.001201326486580001,0.004759005739876363,2.9532433704143624
161,10,646.34094,807.5043,619.2431,829.6567,603.8555,838.824,8.481097199613703,619.9397433984038,829.1920483772775,-0.8393101519191077,0.19700972584371357,0.86212201177762,-0.010901976740569808,0.039107997129463,0.04059911989600281,2.911038324099615
162,10,643.9382,807.46594,618.71967,829.46265,607.81305,840.6437,4.615412547788916,619.0937620141905,829.5157696742588,-0.8459813842133599,0.32372129698126173,0.9058034999682784,-0.00667123229425215,0.12671157113754816,0.12688706632462507,2.7761253366881644
163,10,643.0964,808.40173,618.5044,829.8661,608.2581,844.3823,13.668594150276672,618.2479721015977,830.0656296789839,-0.8457899125927497,0.549860004725133,1.0088144532271406,0.00019147162061017298,0.22613870774387124,0.22613878880335744,2.5651371789870896
164,10,641.4357,809.3051,616.35913,831.76294,604.0014,845.50055,6.180314858520511,617.0645007267191,830.9080146349413,-1.1834713748786498,0.8423849559574137,1.4526585659336937,-0.3376814622859001,0.2925249512322807,0.44676572951043597,2.5229966401434365
165,10,629.482,811.11725,605.7631,835.2315,598.64154,847.516,14.424600260955811,614.3291795427483,831.977147213149,-2.7353211839707683,1.0691325782077001,2.9368395341360225,-1.5518498090921184,0.22674762225028644,1.5683278720265745,2.7689887674089015
166,10,626.6017,811.2025,603.2811,835.3756,599.5974,851.93414,31.42947806501997,610.6951861249097,833.1742091915078,-3.63399341783861,1.1970619783587608,3.826077043255472,-0.8986722338678419,0.1279294001510607,0.9077321826111638,2.8233801729779118
167,10,619.196,810.5885,599.98004,835.9359,603.48157,856.29724,46.92353890151133,607.7227235896188,834.4003631205801,-2.9724625352909015,1.226153929072325,3.215429517418709,0.6615308825477086,0.029091950713564074,0.6621702576835287,2.750353298638301
168,10,626.9163,814.9032,605.1558,837.56116,598.71686,836.7087,53.69922443610501,605.5671135701228,835.5566946415764,-2.1556100194959527,1.156331520996332,2.44617193643477,0.8168525157949489,-0.06982240807599283,0.8198312028887822,2.649228379129919
169,10,620.3341,811.78827,603.729,837.338,603.42975,857.0746,32.15166149081991,603.9820840773056,836.5442701683695,-1.5850294928172843,0.9875755267930799,1.8675181161694918,0.5705805266786683,-0.16875599420325216,0.5950132124620718,2.584386406451784
170,10,624.1011,813.19977,604.7853,837.3472,600.97815,847.1329,17.398048272906607,602.7797916384941,837.2985743166886,-1.2022924388114689,0.7543041483190791,1.4193244366932463,0.3827370540058155,-0.2332713784740008,0.4482222534906216,2.5812777886043805
171,10,619.7714,813.33746,603.81555,836.76776,602.74664,851.5136,30.10855351449753,602.0061068467924,837.892764509688,-0.7736847917017258,0.5941901929994629,0.975525572379977,0.4286076471097431,-0.16011395531961625,0.45753796984407985,2.4866704996598266
172,10,602.0207,849.22656,606.6295,837.33453,623.5144,813.50415,14.135119423248804,601.7653288117489,838.4344163723785,-0.2407780350434905,0.5416518626904008,0.5927569506259586,0.5329067566582353,-0.052538330309062076,0.5354903243231045,1.9890882935882501
173,10,602.5761,849.4441,607.297,838.7157,623.65045,814.3695,10.138204736222129,602.0687996891932,838.9960316804877,0.30347087744428336,0.5616153081092534,0.6383622230046628,0.5442489124877739,0.019963445418852643,0.5446149262525918,1.0753893019034866
174,10,600.6726,847.7976,608.3997,840.56726,625.2073,814.4018,14.187270475025244,602.5560338200826,839.5098168126125,0.48723413088941925,0.5137851321247808,0.7080764508836925,0.1837632534451359,-0.04783017598447259,0.1898859106185787,0.8119159123052563
180,10,617.8891,811.6871,603.9713,838.53217,604.1697,862.57733,27.8770590970723,602.2000803084372,840.396375818415,-0.35595351164533895,0.8865590058024964,0.955347985407495,-0.8431876425347582,0.37277387367771553,0.9219141833272837,1.9525952069232317
184,10,621.4755,812.1576,606.3841,839.9827,602.1279,861.9323,17.500116812052376,602.2890889614637,840.5382957702103,0.08900865302643979,0.14191995179533023,0.16752257469120396,0.44496216467177874,-0.7446390540071661,0.8674552718971061,1.0106344584737896
186,10,599.98456,861.6355,609.117,841.08453,622.5313,813.25024,1.7716672959068958,603.5421473222618,840.9714052681917,1.2530583607981498,0.433109497981377,1.325797530849951,1.16404970777171,0.29118954618604675,1.1999179446826518,0.3327870796135848
188,10,597.956,842.6768,611.80206,840.3779,626.2026,824.69885,38.007019905501934,605.2325442996733,841.4746860125144,1.690396977411524,0.5032807443227512,1.763727146938573,0.43733861661337414,0.07017124634137417,0.44293235306805223,0.289372303042913
189,10,598.47174,847.2173,612.31104,839.12836,630.04834,817.0007,20.97886724363632,606.0452117184248,841.6623747434668,0.8126674187514027,0.1876887309523454,0.8340595861367277,-0.8777295586601213,-0.31559201337040577,0.9327419241402616,0.22697419773351102
191,10,601.0763,847.8702,610.7874,840.50275,624.5785,818.60095,20.616174588344617,607.2080770706887,841.780257861076,1.162865352263907,0.11788311760926717,1.1688251609685432,0.3501979335125043,-0.06980561334307822,0.3570874070737187,0.10102784579944914
194,10,596.3569,821.0731,603.2073,838.8977,612.79706,847.2401,27.95618776134093,606.5708773724234,841.3129959877595,-0.637199698265249,-0.46726187331660185,0.7901627134487329,-1.800065050529156,-0.585144990925869,1.8927833596431918,-2.508862092055641
195,10,608.65344,862.30396,602.459,838.81134,598.6137,811.4429,6.773639088531431,605.588475423956,840.9938822088778,-0.9824019484674409,-0.31911377888161496,1.0329313589124538,-0.34520225020219186,0.1481480944349869,0.3756493729921221,-2.827514379613193
197,10,603.96094,856.4785,602.9411,835.8599,597.8802,810.1669,8.311558137588538,604.719951883996,840.1232098076766,-0.8685235399599378,-0.8706724012012046,1.229798182499069,0.11387840850750308,-0.5515586223195896,0.5631919795054662,-2.354958942145721
198,10,603.56134,854.8478,605.485,836.0307,602.5609,810.3145,12.32396973860034,604.7947891814097,839.5758494814331,0.07483729741363732,-0.5473603262435063,0.5524526656914371,0.9433608373735751,0.3233120749576983,0.997226337048729,-1.4349148374256975
199,10,595.7342,829.1133,607.5537,837.0011,620.7783,824.6314,76.80424742689388,605.2570078727538,838.9566052688118,0.46221869134410554,-0.6192442126213109,0.772728615681369,0.3873813939304682,-0.07188388637780463,0.3939944637736547,-0.9295878418458539
200,10,593.26874,815.74866,610.4973,836.31946,630.74426,828.27496,71.7218118279525,606.6709103728555,838.0367072983875,1.413902500101699,-0.9198979704243584,1.6868113574981314,0.9516838087575934,-0.3006537578030475,0.9980454668663413,-0.5768033594793358
201,10,593.7791,818.33325,616.3641,829.27655,641.70197,810.87805,61.83638344263031,608.4103577368618,836.2363418352144,1.7394473640063097,-1.8003654631730797,2.5033962796838454,0.3255448639046108,-0.8804674927487213,0.9387238487446088,-0.802605877278248
209,10,638.773,805.65533,609.5481,819.7153,601.5839,836.0631,38.33412645153,609.1861129608067,832.2019980972525,0.7757552239448842,-4.034343737961876,4.108250912920239,-0.9636921400614256,-2.2339782747887966,2.4329737920998036,-1.3808271878550726
214,10,639.93805,807.30963,610.6738,814.7984,600.61084,821.652,19.90346125484749,609.4445089592177,827.6759958964524,0.25839599841106065,-4.5260022008001215,4.53337230035681,-0.5173592255338235,-0.4916584628382452,0.7137146574965543,-1.5137667909604418
216,10,639.41864,806.49866,608.0274,814.93225,604.14246,835.2605,64.14258411903207,609.8115037967397,823.8490180128729,0.3669948375219292,-3.8269778835795023,3.844534423330658,0.10859883911086854,0.6990243172206192,0.7074098556862076,-1.4751919019508282
228,10,631.0238,804.7374,604.3089,820.2894,587.6704,813.05286,53.711347008059256,608.6478218100949,821.7732273058849,-1.1636819866447468,-2.0757907069879593,2.3797190643559243,-1.530676824166676,1.751187176591543,2.3258607154126065,-2.081738988646804
231,10,626.7417,807.89996,602.5578,819.9198,587.5746,825.62384,5.586512070544269,607.3408990781038,820.3835022826551,-1.3069227319911079,-1.3897250232298575,1.907716610921635,-0.1432407453463611,0.6860656837581018,0.7008594963028274,-2.325498496327526
232,10,615.53455,811.8347,600.5357,822.9962,596.33984,831.39417,26.796894924631903,605.949241734774,819.2781518263104,-1.3916573433298254,-1.105350456344695,1.7772196804518154,-0.08473461133871751,0.2843745668851625,0.29673026244359924,-2.470355931031313
233,10,609.1862,807.96045,600.58044,818.19904,596.7296,829.82416,21.720355542015,604.5646760412177,817.8601364888857,-1.384565693556283,-1.418015337424663,1.981865196461296,0.0070916497735424855,-0.3126648810799679,0.3127452947004336,-2.3442597574162107
234,10,604.62665,810.08167,600.8821,815.42395,590.48126,820.8371,27.47732516179715,603.366920669965,816.4086590532013,-1.197755371252697,-1.45147743568441,1.8818620235462737,0.18681032230358596,-0.03346209825974711,0.18978358342890103,-2.260713802174317
274,10,579.0947,806.7955,595.61285,832.32166,611.5336,857.90845,1.0160633084743873,601.3345063469875,818.6576723044443,-2.032414322977502,2.2490132512430137,3.0312981681963866,-0.8346589517248049,3.7004906869274237,3.7934531616629914,2.3056472320244317
275,10,579.9254,806.80286,595.6518,832.5215,610.9594,858.29346,0.7362165171436315,599.5517857383313,820.9594349347606,-1.7827206086561773,2.3017626303162615,2.9113921025598537,0.24969371432132448,0.05274937907324784,0.2552047177545752,2.229795421899623
