Frame,ID,Head_X,Head_Y,Middle_X,Middle_Y,Tail_X,Tail_Y,Angle,Smoothed_X,Smoothed_Y
0,1,565.5388,642.62463,541.335,664.3711,519.0997,685.445,1.5249542853075804,541.3377304035414,664.3897917453897
1,1,565.31006,642.08215,540.7019,663.7063,519.61,684.78375,3.6733313521334554,540.8118058328295,663.7400355474881
2,1,565.49243,641.289,540.8803,662.3466,520.99634,683.9435,6.815005110268411,540.5967541620098,662.5763356942556
3,1,566.6437,640.2073,541.5827,661.22437,522.1478,683.2323,8.568319989447064,541.4730350577956,661.4022941949385
4,1,568.1893,638.4665,543.9642,660.2929,523.2459,682.14545,4.507934193634834,542.8252981539104,660.3565921642798
5,1,568.4154,638.3642,544.59595,659.64734,524.03314,681.23,4.6047475854385365,543.869576839143,659.4498756332265
6,1,567.6058,638.7396,544.22345,658.8419,524.7684,679.1863,5.593593974470461,544.5432495555337,658.5455711920417
7,1,567.6592,637.9857,544.5369,657.37274,524.98724,677.52246,5.887595378394095,544.9827679871777,657.533077102619
8,1,568.3972,637.85156,545.0163,656.033,525.6744,676.9452,9.364559930281818,545.3995317331364,656.5528977540605
9,1,569.3343,638.04987,545.9781,655.88763,526.20734,676.7779,9.207138836344273,545.9776355806882,655.7662250770989
10,1,570.7078,636.39557,547.2494,656.63385,526.1457,677.52563,3.925606159213903,546.7170071550148,655.1658950417801
11,1,572.3188,635.2754,548.56396,655.8591,526.76227,677.72864,4.179920053557069,547.5715322907733,654.70265462798
12,1,570.7852,635.2412,548.83685,655.6197,527.6379,676.79175,2.0875977298079658,548.4950968226207,654.3272508155737
13,1,572.26746,633.46716,549.5662,654.9038,528.93835,675.8041,2.01693295771828,549.4415865852143,653.9904305844365
14,1,574.3865,633.71735,550.8921,654.3395,530.10504,675.39215,4.08878192985047,550.3648874132112,653.6429409144436
15,1,575.47815,632.6078,551.547,653.8408,531.0318,674.07684,3.026403422191726,551.2188851412687,653.23552878547
16,1,576.6085,631.95197,552.3468,653.00653,531.46594,673.1461,3.012919024534097,551.9709707854648,652.7290855636039
17,1,577.34,632.15906,552.7488,652.2028,532.19476,672.33923,5.229296048238466,552.6425560875617,652.1250801597841
18,1,576.4764,631.8704,552.7282,651.74536,533.2635,671.0943,4.903047433400274,553.268557970743,651.4351258711621
19,1,577.3916,630.571,553.5446,650.58203,534.0192,669.99493,4.832983445578859,553.8838933581918,650.6708359948889
20,1,577.7616,629.861,554.2789,648.6229,534.58923,668.3731,6.464262943317724,554.5234791730915,649.8563223980985
21,1,578.67114,629.9527,554.5302,648.4813,534.6956,668.8291,8.224807356896994,555.222232338625,649.0656912278525
22,1,579.5248,629.96246,556.1054,648.5754,535.6972,669.49695,7.23516386046936,556.0150697779759,648.3855472011951
23,1,580.2173,629.5969,557.8422,648.522,536.7444,670.0878,5.403632090218251,556.910747043467,647.872412456392
24,1,581.1171,628.9184,559.0084,648.37836,537.6437,669.9993,3.987474012433617,557.8133742039786,647.4624788165978
25,1,581.3631,627.6292,558.6187,647.8745,537.2949,669.48315,3.707236586839531,558.6190535310006,647.0618555261889
26,1,583.2788,625.479,558.81464,646.43774,537.8023,668.6741,6.034066700944615,559.2965015899043,646.5766518295414
27,1,582.4647,626.207,558.6316,646.1219,538.3051,667.7952,6.954686580235076,559.8680651407531,645.9378964180577
28,1,584.5128,623.2836,560.651,644.679,538.9885,666.5287,3.3660410942183945,560.4979974284996,645.1762957712433
29,1,584.9592,623.9119,561.80304,643.6877,540.2494,665.4431,4.769043864288322,561.2900643232618,644.3474758156297
30,1,584.3856,623.9869,562.1562,642.9494,541.49896,663.79504,4.794770806002456,562.0306495499605,643.4996431455083
31,1,583.0567,624.17535,562.14575,642.23395,542.36896,662.1818,4.433056482389992,562.6760681935735,642.651327026213
32,1,584.5388,623.0897,562.62177,640.7318,542.94165,661.64923,7.9134114444496895,563.2491091781085,641.813637390838
33,1,584.6861,622.584,562.84357,640.0781,543.0142,661.49207,8.50828520285249,563.7725614275718,640.9976841724772
34,1,585.6916,621.4416,563.6403,639.95337,542.97614,661.89923,6.70984292397675,564.2692138659709,640.2145773042247
35,1,586.23785,619.3663,564.5199,639.7154,542.9883,661.81177,2.6052665645331774,564.7618554173129,639.4754267191746
36,1,585.7758,618.8482,565.04425,639.58276,543.62585,661.88574,1.1545356605332129,565.2732750056044,638.791342350421
37,1,587.7406,617.13074,565.7808,638.8288,544.1701,661.29333,1.4531996798641686,565.8120805547377,638.174681643025
38,1,587.3649,615.0426,565.7558,638.1951,544.38904,661.04,0.0593470254465782,566.3301559881439,637.6427920899159
39,1,586.9955,615.0478,565.7336,637.9981,544.54767,660.52625,0.42795846228472,566.765204229139,637.2142686959904
40,1,587.5284,613.30383,566.017,637.6421,544.5767,660.4653,1.7387758188181608,567.054928201039,636.9077064661445
41,1,588.2396,612.9841,566.1671,637.7167,544.5416,660.4803,1.783996142083668,567.1728085893703,636.7247261046849
42,1,587.4766,614.5559,565.85986,638.17694,544.9059,660.50964,0.7124435650809161,567.2354371284998,636.5990511135577
43,1,587.6839,614.5843,566.1136,638.06744,545.1095,660.50244,0.544645500629109,567.3951833150048,636.447430694119
44,1,589.6744,613.132,567.5127,637.2298,546.4658,659.4874,0.7950005506895124,567.7619161526408,636.2032851234991
45,1,589.89,612.66656,568.84875,636.4326,548.32996,657.5442,2.664180306774321,568.2755026738758,635.8667189819263
46,1,591.5073,611.6334,569.7522,635.17694,549.482,656.1241,1.3199724421196242,568.8333094183563,635.4545079254034
47,1,587.98114,613.5006,569.1058,635.19366,550.27264,654.23114,3.663991229043199,569.3327029257285,634.9834276099325
48,1,589.6057,613.0204,569.40466,633.5711,551.49866,653.6274,2.750294051882343,569.7112820252556,634.4702536915164
49,1,589.47833,612.88226,569.8655,633.5914,551.79724,653.607,1.370022235380962,570.0675747046683,633.9317618261575
50,1,590.89056,612.0321,571.006,633.0481,552.22217,654.1934,1.8001583679343731,570.5403412413139,633.3847276698586
51,1,592.2368,610.5796,572.2597,632.39594,552.9305,653.7585,0.340923193259377,571.226602707705,632.8414187859855
52,1,591.59973,610.4664,572.7682,632.50354,553.204,653.61646,2.304522105892675,572.0564233570148,632.296070367358
53,1,594.8935,608.8002,574.21375,631.5563,553.738,653.2123,1.132287455771424,572.9181282375822,631.7384095141596
54,1,596.8378,608.4695,574.6853,630.9308,554.27765,653.04395,1.9003248552733705,573.7000423977456,631.1581633265733
55,1,597.30414,607.41754,574.75366,629.5758,554.74384,652.37115,4.225911956167254,574.3272827148866,630.5450589047825
56,1,595.9114,607.857,574.53723,629.4621,555.39374,651.44653,3.643627491821206,574.8721333825591,629.8888233489705
57,1,597.0849,607.20105,575.41656,628.61523,556.0023,650.88654,4.258827670435286,575.4436704233601,629.1791837593208
58,1,596.49725,606.76483,576.1159,628.0019,556.7999,649.32996,1.656230709512799,576.114101104521,628.4054754040179
59,1,597.9742,606.69257,577.0766,626.6974,557.9704,648.5764,5.120783848506589,576.8081576718102,627.5554662232531
60,1,599.4906,605.4295,578.05756,625.4696,559.4222,647.0856,6.158674599633496,577.4297442935476,626.6165323252189
61,1,600.68915,604.49133,578.2572,623.87805,559.981,645.43945,8.87918352341316,577.9469278497163,625.5760498181083
62,1,600.4435,604.0592,577.1921,622.99506,559.9935,645.28357,13.185807938806446,578.3585471012802,624.4775268764544
63,1,598.6108,604.7926,577.0212,623.34814,560.50146,645.06866,12.066924590338129,578.7223656214596,623.5889999401512
64,1,598.4861,603.94775,578.3853,624.04156,561.08075,644.6805,5.031936052283861,579.1108781865395,623.0785949045948
65,1,601.0701,602.8871,579.9172,623.28455,561.6039,644.7709,5.599932057170199,579.5797752657553,622.596865611618
66,1,602.14954,601.8298,580.7155,622.97064,562.22186,644.76746,5.081375838522846,580.1175301001481,622.0647168513967
67,1,603.333,600.4905,580.93225,622.28,562.50616,644.1983,5.739551234890183,580.69581162371,621.5096518039012
68,1,604.8697,598.28156,581.6577,620.98145,562.4182,643.57245,5.219807519746576,581.2862887704329,620.959173649102
69,1,605.3217,597.75165,581.9918,620.45856,562.6628,643.03046,5.200778673177873,581.8606304743087,620.4342566259843
70,1,605.0645,597.31586,582.18835,620.4069,563.0046,642.39575,3.6295207783583647,582.3905056693293,619.92975920959
71,1,604.9573,597.3702,582.56274,620.0294,563.6546,641.15454,2.8331723510389097,582.8475832894869,619.434010933976
72,1,604.6561,596.80365,582.43463,619.36945,563.6624,640.6108,3.0906017546259905,583.2100021196698,618.9346293004658
73,1,603.0956,596.58875,582.0832,619.37683,563.31647,639.8501,0.1701741937831984,583.481780348352,618.4163836794528
74,1,603.0457,596.10046,582.59937,617.78455,563.854,638.0573,0.5591815009956947,583.6734060149034,617.8633314085973
75,1,603.7808,595.0141,582.8836,616.63495,564.2365,637.73425,2.55542870885839,583.7953671586948,617.2595298255602
76,1,603.7605,594.9817,583.0138,616.25934,564.3633,637.3421,2.779110467617932,583.8581518190964,616.6052235593082
77,1,604.72906,595.1229,582.8034,615.7623,564.44995,637.434,6.470084439902661,583.8722480354783,615.9654064040351
78,1,605.28656,595.1082,582.9553,615.53827,564.3913,637.3573,7.153957939345469,583.8481438472107,615.4212594452413
79,1,605.232,596.5439,582.9791,615.77924,564.6605,637.5465,9.077033474877616,583.7995107195925,615.0371651957518
80,1,604.2877,598.7457,582.5299,616.3687,565.0138,637.5638,11.42271938018292,583.7527538216352,614.8103118776929
81,1,605.1887,600.0994,582.4401,616.5327,565.2136,638.2713,15.761487649624865,583.7374617482785,614.7210891405161
82,1,606.8871,602.77576,583.1672,616.2357,565.3902,638.37756,21.66720456592417,583.7832230944623,614.7498866336724
83,1,607.41174,605.50024,583.6711,616.8261,565.43335,638.32135,24.182667279613376,583.9196264551264,614.8770940066132
84,1,608.5433,607.4982,584.6253,616.7499,565.49225,638.3925,27.37505148591218,584.1762604252106,615.0831009087897
85,1,610.7598,609.9717,585.9714,616.9383,565.9843,638.52814,31.5100132103174,584.5827135996551,615.3482969896531
86,1,611.9293,611.9455,586.5232,617.5349,566.0891,638.8975,33.86507297806007,585.144375073592,615.655192928667
87,1,614.9839,616.4043,587.5096,617.761,566.62946,638.4081,41.851502231309055,585.7698359429248,615.9947835253441
88,1,613.0519,616.91907,586.75226,617.9661,567.02484,638.7288,44.184764016251165,586.3434878037498,616.3601846092099
89,1,610.89813,616.3744,586.1949,618.0785,567.5484,638.91376,44.226931165332,586.7497222521624,616.7445120097894
90,1,611.5399,617.72314,586.47516,618.1848,567.9384,639.005,47.265302217911845,586.9184678335856,617.1408815566076
91,1,612.6546,619.6419,586.86426,618.7017,568.3329,638.81604,49.43334155192401,586.9618008907458,617.5424090791897
92,1,613.4027,622.06476,586.8446,619.41675,568.1251,638.3033,50.94844860637555,587.0373347156964,617.9422104070611
93,1,612.81775,620.98645,586.6327,619.3895,568.22327,637.98364,48.77589587967862,587.2727636799941,618.3278917899341
94,1,614.2219,621.44855,587.7107,619.12366,568.7678,637.53345,49.19406100389177,587.6761064732141,618.6650211582726
95,1,615.2071,621.9712,588.76013,618.56464,569.6596,635.9031,49.57117920904994,588.2254628644348,618.9136568627273
96,1,617.3711,623.0851,590.71716,618.84143,569.58966,634.4898,45.57231789505039,588.8989326227352,619.0338572539491
97,1,617.45605,622.40796,591.888,618.08936,570.36975,632.85846,44.05098333918963,589.6746155171936,619.0172949744394
98,1,617.1359,621.05286,591.62775,618.7527,571.0224,632.6431,39.13727909047754,590.5306113168893,618.9820998340987
99,1,617.5416,623.0853,592.5561,618.5158,570.93835,632.7106,43.65401966989476,591.4450197909007,619.0780159346775
100,1,619.75446,624.8516,594.3173,620.26544,571.51184,633.35077,40.06666358862695,592.3926410172628,619.4113524286765
101,1,620.9913,626.0894,594.55414,621.5036,572.0545,634.36816,39.60019879470029,593.335076309834,619.9146786715963
102,1,621.71277,626.38574,595.30774,621.59296,572.24396,634.2713,39.085719586177845,594.2306272914299,620.4771290696877
103,1,622.0665,626.144,595.37427,621.64703,572.4992,633.90265,37.743800846718926,595.037595584865,620.9878380292013
104,1,623.70374,626.4053,595.8435,621.3553,572.4965,633.70807,38.15708626905355,595.7142828129543,621.358481063551
105,1,623.2454,626.0533,595.20197,621.4987,572.96136,633.4068,37.39044982103989,596.2189905985128,621.5908981148056
106,1,623.54913,625.9229,595.9331,621.72516,573.3742,632.5549,34.2870200183376,596.5100205643554,621.7094702321972
112,1,627.6151,628.51855,602.3953,623.28925,580.8541,629.9101,28.79944318712499,598.4181316654756,622.3758314045695
113,1,627.6647,629.19293,603.43427,623.9359,580.719,630.5022,28.36410753857965,599.9762729340217,622.9565580482014
114,1,629.1354,630.241,602.8647,625.60364,579.6216,632.25745,25.98576214338066,601.4471800641794,623.7643122864245
115,1,630.65753,630.30975,603.792,626.0961,579.67346,632.098,22.88792531648885,602.7190698530586,624.6267254816477
116,1,631.7741,629.63654,604.72003,626.3264,580.6828,631.9001,20.03042300828696,603.8482584057509,625.3684248583222
117,1,632.24835,629.26636,605.2809,626.1129,581.18854,631.8969,20.169448132649023,604.9295288100413,625.9812060234623
118,1,632.66235,629.6363,606.4364,626.6128,582.14703,631.9845,19.04689984467274,606.0672808993888,626.498656679722
119,1,635.3983,630.35236,608.11487,627.0752,583.1449,629.9717,13.465947929046589,607.3389610223296,626.9370890802355
120,1,636.0959,630.03955,609.9458,626.5358,584.97534,628.8098,12.834734518106709,608.7142015877138,627.2437136800544
121,1,636.77594,629.92975,611.00574,625.69025,585.8153,628.7121,16.182677349687197,610.1356815194692,627.3484654847093
122,1,637.07043,628.4745,611.87317,624.74567,586.78375,626.6959,12.862638598831726,611.5460797415235,627.1812794997309
123,1,636.67175,629.60626,614.7936,624.2467,591.3,628.20703,23.333246764254596,612.8880751778044,626.6859723603695
124,1,638.2604,629.464,614.0493,622.90985,590.06885,626.2792,23.14526445287569,614.1043467522398,625.8618872207498
125,1,637.4967,629.0681,613.3913,620.88464,590.12494,625.3127,29.527317009313684,615.1375733887576,624.9449565241939
126,1,636.7733,630.00415,615.06683,623.094,591.821,627.9098,29.362915161896684,615.9501791702526,624.7792216682785
127,1,637.775,629.5107,615.95233,628.0658,592.3167,629.60175,7.506135366255215,616.5835688154888,625.3005449754548
128,1,637.322,630.90375,615.0232,628.9727,591.5021,632.0111,12.3098975454596,617.0988922021977,626.1620670845225
129,1,639.9626,631.27155,615.0339,629.273,590.62946,631.0607,8.773261741129456,617.5572992081101,627.0169286342813
130,1,640.6043,630.2062,615.9271,629.6066,591.6101,631.7102,6.335925620465945,618.0298660081345,627.5916777560059
131,1,642.61664,628.979,618.02924,628.1231,592.9599,631.2358,9.071468479848791,618.6273739658867,627.9064925508695
132,1,645.5429,630.0205,619.70026,626.2264,593.41504,629.3972,15.23075066164486,619.47053074216,628.0549586125201
133,1,650.39154,629.2069,621.8137,627.74426,597.04535,625.1557,3.036477459811892,620.6414967980963,628.1221602121178
134,1,649.6805,629.44257,624.4609,628.08594,599.6153,624.9832,4.03924517236625,622.0682437962344,628.1591763308711
135,1,648.23737,627.9781,625.793,627.9875,601.4065,624.66315,7.786639861877513,623.6401961994613,628.2085846275007
136,1,648.9007,628.8334,626.15955,627.3268,602.3686,624.3946,3.2358559241987908,625.2467784706648,628.3129627607274
137,1,637.9625,626.4756,628.7255,628.81604,613.2292,625.70685,25.56346902508381,626.7685574983686,628.5148883892716
138,1,646.7331,628.9221,628.0811,629.2628,604.9255,625.5336,10.195318468659186,628.0506698736443,628.8569391718544
139,1,649.67065,630.8217,628.6735,630.3246,603.61725,627.0629,6.060421822176144,628.9293946131995,629.381692767196
140,1,651.90845,633.4084,627.3215,631.9544,602.6599,628.3111,5.019383119252556,629.3519098656783,630.0659832389636
141,1,652.8062,632.3939,626.80945,631.49023,603.0602,628.24164,5.798091890374098,629.708990307469,630.6236702706094
142,1,654.90796,630.6948,628.4193,630.3438,603.4428,627.46136,5.823895543687383,630.4020509580245,630.812741064547
143,1,657.04834,632.1538,632.6236,629.68365,607.47565,628.1529,2.2917472028339367,631.4314716813099,630.8306672792496
144,1,654.86633,631.6728,634.7079,630.35486,610.872,629.3592,1.348716805399081,632.6972625025998,630.9135923034486
145,1,654.7601,631.77277,634.76965,629.9766,613.1039,629.3198,3.397765751610892,634.0989892478922,631.0128619908459
146,1,647.1522,629.94086,636.5557,630.3544,620.65314,631.6387,2.3824452046833464,635.5361066933658,631.0086228113857
147,1,657.97156,632.402,638.4342,630.8296,616.5473,629.6858,1.60973267575465,636.9336187382137,630.8388521104766
148,1,660.39417,633.2295,639.43665,628.39026,615.5692,626.3042,8.006972952582398,638.3187257736852,630.6728507353833
149,1,653.1799,630.6296,640.2926,629.8088,621.57855,629.5655,2.8994180025954805,639.744177314043,630.7122686429944
150,1,647.7636,630.81366,642.55304,632.7413,627.6373,633.49915,17.39285078152294,641.2627228735506,631.0568287268351
151,1,625.4367,628.5587,644.27313,633.74493,653.0766,637.4822,7.608418978371022,642.8755074422464,631.7373246305888
152,1,622.2637,628.09906,645.6119,635.05725,660.1314,637.71216,6.232908681931416,644.3772579132687,632.6107600619316
153,1,635.4224,629.22705,644.2667,634.99316,645.70404,634.10925,64.693065161043,645.6893797262002,633.4906912445385
154,1,620.3325,626.0297,649.55444,635.4611,673.1774,638.77576,9.900257198043798,647.2730181235687,634.2200031258515
155,1,622.03,625.88513,650.8503,635.3832,673.1547,640.25995,5.906873824904857,649.0740314996455,634.7588955483828
156,1,626.94824,626.90607,651.4302,635.3554,666.49774,640.8708,1.0638565340554322,650.8648857689703,635.0968970784113
157,1,623.9989,626.8138,652.4493,633.1726,674.0707,641.57855,8.646178263530809,652.4180468460827,635.2235362822161
158,1,628.10266,626.3126,653.1776,633.7476,670.7904,641.85126,8.19146239724941,653.557297399225,635.0979981763271
159,1,632.0538,626.05396,652.64484,632.31024,665.9646,639.4252,11.20890244818947,654.3116871114463,634.5580935782729
160,1,638.8973,625.57,650.7417,629.6045,653.6839,634.20667,38.598909432058456,654.7615824194985,633.6073383568021
161,1,646.53986,625.6236,650.9626,629.0117,646.58057,630.933,118.8706404312422,654.9717236280959,632.8527595977739
162,1,648.455,625.938,651.53253,630.88525,655.64417,629.3162,79.00299099802935,654.9443465138028,632.374700240952
163,1,636.9934,625.8019,651.57544,631.63965,664.11395,631.6481,21.779707150497607,654.6843702572008,632.0728200393332
164,1,670.94543,627.90936,649.0649,631.5677,632.58624,624.25745,33.41478662189686,654.269952183085,631.8467787459148
165,1,676.08044,627.40533,649.2739,631.6274,626.3105,623.4064,28.64817610262608,653.813448438273,631.6189250801957
166,1,679.47095,625.4279,651.2826,631.31824,625.7393,622.7891,30.2674504697557,653.4907723134564,631.4023636276825
167,1,681.0464,623.71747,652.6499,630.8417,626.47314,623.59393,29.560062882556,653.493726385295,631.2328879403838
168,1,676.2385,622.97577,653.77576,631.19806,633.21405,623.52966,40.557457684017535,653.9466597216176,631.137847764266
169,1,684.5935,623.5265,655.46564,631.25397,627.63654,623.3753,30.66530772248559,654.7041073549284,631.1108176211278
170,1,641.406,624.0191,657.3523,631.3036,670.4743,624.3046,52.62595497575919,655.5531508089003,631.136928226726
171,1,681.2783,624.3097,657.7211,632.4766,633.29877,623.8637,38.54665123224756,656.2808716072064,631.201310296817
176,1,689.3839,624.1005,661.33954,634.40924,635.33765,627.57,34.91934164024791,658.0769328226489,631.5768676661492
177,1,689.5727,623.007,661.6773,630.94946,635.1924,626.8899,24.60723146612749,659.0140647197849,631.5586235540875
178,1,689.89886,622.0594,661.74005,630.93463,635.51044,625.574,29.04480995315123,660.3524195278605,631.4745659168154
179,1,692.1692,621.96857,663.0129,630.5633,635.79236,626.1183,25.69884091813616,661.7196470877827,631.317247661179
180,1,694.63293,621.443,665.3438,629.7849,637.5912,626.67725,22.2868409731426,663.0866102886337,631.1089104583817
181,1,696.1939,620.2195,667.14667,630.5362,639.6438,627.0434,26.79120543430791,664.541651504899,630.8792181707172
182,1,696.8535,621.10645,668.2292,630.8346,642.32886,627.47076,26.170571712254507,666.1731131110656,630.6578346604781
183,1,697.55505,621.0775,669.87787,630.7777,644.2704,627.16754,27.339082343538596,668.0249165692063,630.474423789958
184,1,698.9629,621.0478,672.9309,629.5631,647.0053,627.47986,22.70757220428277,669.9632996917418,630.3586494214496
185,1,699.4613,621.5222,673.60864,630.4892,648.2688,628.6396,23.303801416016416,671.8100793786792,630.3401754172464
186,1,701.95496,621.6896,674.91626,632.5144,647.82294,629.13,28.93878852499057,673.4220043798274,630.4312458648178
187,1,702.4153,620.0925,675.53955,631.488,648.4424,628.5096,29.24969924987581,674.7955508442019,630.5744257523387
188,1,701.9777,619.43805,674.85504,630.5069,648.7406,627.2823,29.23977988201578,675.9621267706196,630.6948602931607
189,1,701.87714,619.68445,674.8485,630.187,649.48804,626.5047,29.496272126196047,676.9531401578973,630.7176947006349
190,1,702.76135,619.31854,675.9999,630.00824,649.72076,626.3376,29.725517791872825,677.7999990048523,630.6109207401281
191,1,705.57745,619.39966,677.6125,630.4113,649.5925,627.19684,28.037261701395177,678.5341113103011,630.5139163850693
192,1,705.6798,619.4974,677.78894,632.1225,651.5964,628.26825,32.72545491711909,679.1868850730608,630.6089061609019
193,1,705.22894,619.6312,677.77673,632.75806,652.53094,629.17334,33.63730868375438,679.7876610911172,631.0103795162865
194,1,705.21234,619.4285,678.21967,632.7084,654.1934,629.45154,33.9158210663112,680.357511359132,631.5618855927474
195,1,708.52844,619.68146,679.00525,633.8419,655.33435,629.975,34.902209481010445,680.9154406709355,632.0392384550253
196,1,709.20825,619.27,680.80414,631.457,656.23206,628.6637,29.707391976147218,681.4804538203579,632.2182521678607
197,1,709.35114,619.1104,681.3151,631.0774,657.5758,628.2247,29.967186936709226,682.0586300076761,631.9591207363375
198,1,709.7794,618.7477,681.40894,629.1371,658.62103,629.1085,20.18476502526553,682.6043460589509,631.4595579269115
199,1,709.9064,618.6208,681.68604,629.2272,658.7588,629.2304,20.5902334012341,683.0590532066896,631.0016574463813
200,1,711.07025,619.21643,681.7275,630.51013,658.3515,627.8023,27.658742311531963,683.3990016331675,630.7958992853152
201,1,710.9161,619.87286,682.0969,631.55865,658.4025,626.2413,34.720398232961955,683.7396373197322,630.7663085693572
202,1,711.8658,619.38983,684.0204,630.5051,658.2786,626.84717,29.848557500368223,684.2312051974997,630.7652967079206
203,1,713.82056,619.5519,685.8077,630.03516,658.7823,627.55426,25.762377322624072,685.023950197586,630.6452751104187
204,1,716.99506,618.92816,688.11334,629.0626,659.8358,627.7088,22.07673209245628,686.2034250380832,630.4028807870475
205,1,717.68604,619.7892,689.3707,631.9621,660.714,627.48724,32.138413552055454,687.5964135849889,630.4587308236505
206,1,717.6433,620.4666,690.67004,632.4062,662.8617,627.86835,33.144316977931794,688.9650074912768,630.746634380485
207,1,716.75183,620.5491,691.6639,631.165,664.40546,627.98224,29.59534133875122,690.1155038847809,631.0235818482956
221,1,732.00336,622.21606,703.9633,630.8752,680.65405,623.8147,34.0131552448509,693.9823608847915,630.9620565213006
244,1,752.7163,626.71246,726.5776,630.0671,702.9966,633.972,2.08919088454023,702.2807369834701,630.7270849101802
261,1,762.70734,620.9521,732.9176,629.71423,708.4105,628.0779,20.21034424713272,710.8893839418839,630.3634904998422
262,1,760.5085,617.8778,733.9328,628.7341,707.54987,626.7855,26.444180793507886,718.1336360339111,630.2688641120507
263,1,758.1788,616.3776,733.32043,629.8904,708.1487,625.2679,38.93385452142288,724.4479175976375,630.1694483039389
264,1,755.8136,614.7227,734.5865,631.28015,710.1446,623.1703,56.31064667238958,729.6463390678972,630.0717304742705
265,1,753.84863,613.9095,735.26154,630.1691,709.79346,623.2035,56.47539143422083,734.1066534365368,629.9720720419594
266,1,714.36914,621.88696,737.4652,629.25354,748.22876,611.99493,75.74002108068261,737.8593115162402,629.8263305065199
267,1,709.53955,624.3133,737.4293,628.9507,751.96826,609.7469,62.31164182279818,740.8381392624331,629.580237387616
268,1,720.22314,618.9068,736.6012,628.43604,738.74786,611.8202,112.83061716838398,742.9769626305417,629.179524204912
269,1,749.40405,603.919,735.37225,625.8981,709.4109,622.977,63.86488452295486,744.2587906527518,628.5845549432827
270,1,748.6177,603.1417,735.2927,625.6294,709.2388,622.13745,66.98506833519347,744.8633646682872,627.8142234484447
271,1,749.3984,603.17084,735.5833,625.2991,709.3833,623.04205,62.94633945865224,745.0196090931313,626.9020560313254
272,1,751.88116,601.6212,735.3451,624.667,708.67816,623.67566,56.46833276765114,744.9393394482876,625.8859796747394
273,1,752.63354,597.26337,736.2431,622.3944,708.37695,623.8659,53.86489635243595,744.7659356748374,624.8215240490484
274,1,752.91675,594.2198,737.11224,621.42126,709.0323,625.2034,52.17155118368796,744.6256688188824,623.7686194965029
275,1,751.5893,594.9377,738.3759,620.7808,711.30383,625.36,53.31918276595764,744.644809926524,622.7871963593518
276,1,751.8911,596.2198,740.0373,621.33997,714.85785,626.516,53.12189117168598,744.8940518021561,621.9150625931959
277,1,747.55963,600.30164,741.89185,620.48254,723.3941,623.87286,63.926598071332656,745.2217742833434,621.1015366070408
278,1,741.7041,607.71814,742.28973,620.1979,731.41266,618.23456,102.91847765332804,745.4207789659432,620.2738144232425
279,1,755.5858,595.3463,740.8991,619.09503,717.35754,630.5671,32.286028632967174,745.337980315061,619.3494060937085
280,1,755.9209,593.18555,740.46356,616.00604,717.2936,630.73724,23.44074828878154,745.0367442727938,618.2070777885501
281,1,754.8093,591.4924,740.5289,614.2728,717.9151,628.97,24.896847399637384,744.6345496504862,616.8033052432918
282,1,752.49396,592.5634,740.5416,614.18915,719.26685,627.48615,29.06509736824433,744.2488752594836,615.4441463369006
283,1,743.2754,602.5028,741.4599,614.3037,730.5767,616.669,68.99230140009901,743.9770815676611,614.429159521947
284,1,750.75195,594.35815,741.6099,613.955,725.2725,623.62354,34.37355964578766,743.8360556690167,613.682323401969
285,1,734.92596,610.6924,742.6422,614.04834,740.6165,605.9755,127.59149946512508,743.822566314078,613.0337216182461
0,2,462.216,667.0174,449.1927,683.5709,435.828,694.8544,11.632946015170717,449.20991671360116,683.5343227427451
1,2,460.3856,669.3042,448.99765,683.25574,437.13098,693.43256,10.160666330759216,448.96874329979886,683.3828431850192
2,2,460.05225,670.22656,448.7431,683.5531,436.75974,693.8744,8.943118993679901,448.8085157781294,683.4406026575399
3,2,460.20953,670.32806,448.54642,684.05585,435.0863,695.15704,10.134731297845349,448.6078905555276,683.6891233117692
4,2,458.3712,671.32135,448.348,683.9037,435.1981,696.0552,8.718661992774775,448.24552403892795,684.1099272991685
5,2,459.19638,671.27405,446.97412,685.22034,433.5383,698.45087,4.210357956440184,447.6390458716124,684.6845367711998
6,2,459.32803,670.947,446.49155,685.9939,431.9146,700.12994,5.412220010385655,446.86197864225016,685.3944738793248
7,2,457.03223,673.34406,445.43146,687.10156,433.30255,698.81525,5.859127930375775,446.02681817585807,686.2212607750049
8,2,451.03622,678.7594,444.93008,687.72015,438.58008,695.2734,5.782046162920612,445.2254255329157,687.1420811991344
9,2,446.6415,683.5247,444.47348,688.24084,444.05887,691.72003,17.892641361338192,444.4671227157575,688.1167652503385
10,2,448.32928,681.75323,443.0203,689.92535,441.9691,693.8925,18.168629180156845,443.7405969621811,689.1008046166744
11,2,435.08078,696.571,442.52795,691.3685,451.3362,680.7403,15.411991935730027,443.034535509984,690.049690986199
12,2,431.21808,701.1181,442.0692,691.2348,453.13492,678.53894,6.597071373077622,442.3376255969638,690.9270267368587
13,2,433.28238,698.9407,441.2688,692.25653,449.54822,682.5829,9.513369326369574,441.6385544609183,691.7288570061507
14,2,442.65823,688.9183,441.46405,691.63885,439.44556,692.36005,46.639815003889495,440.9260093396448,692.4593376214617
15,2,443.8872,687.1203,440.2439,692.9044,435.19922,697.1401,17.77614980576795,440.1910535356713,693.1326935594907
16,2,453.97583,678.441,439.04517,693.6023,425.10422,709.7934,3.83159886228544,439.4342546104457,693.8034263941885
17,2,454.3934,679.0812,438.4862,694.6587,424.12097,711.5442,5.210677809558276,438.65855619014616,694.5361068488189
18,2,453.82312,679.8465,436.98404,696.14386,421.7107,712.5758,3.029442071681458,437.8669019009508,695.3953056466457
19,2,449.2868,681.98413,436.74945,697.3228,425.02682,708.7563,6.453971597442686,437.0622353690375,696.4208851123167
20,2,450.80173,680.86554,435.63095,698.92035,421.57294,712.71387,5.505022617787085,436.24750022058475,697.5538739760145
21,2,449.84503,681.52185,435.4993,699.0505,423.04962,712.7355,2.9963702803087693,435.4256400817705,698.7105925693063
22,2,449.34482,681.8411,434.33502,700.78253,422.63116,715.0163,1.0345756382918212,434.6047663706438,699.8161794645739
23,2,445.61734,685.3438,433.69388,701.5601,427.85843,710.2441,2.425838234173232,433.8136616727389,700.8310461974585
24,2,440.52002,691.5546,433.19058,702.08295,432.1359,705.2205,16.264306709208313,433.08627636546055,701.7244225444159
25,2,443.30453,688.0565,432.43097,701.88617,427.23303,711.1871,8.9769529770357,432.4565608262137,702.4655382819026
26,2,444.34796,687.11993,432.94608,701.3666,425.11044,714.2726,7.407772765865701,431.9420626248565,703.0495196262156
27,2,445.5803,686.5053,432.81042,702.4596,422.7895,718.43744,6.578913729422221,431.4947181010583,703.5750785530133
28,2,446.76376,685.66675,432.06818,703.3997,420.52234,721.90454,7.687531077854486,431.0500607869416,704.1668234777956
29,2,445.1688,687.45404,430.78952,704.69684,420.3015,722.3506,9.111366324907712,430.5553679499857,704.9223755104251
30,2,444.46997,688.4259,429.90167,706.5002,421.96912,722.0216,11.799358978260752,430.00489179910005,705.8314065382207
31,2,443.88055,689.1902,429.16263,707.9353,422.9723,724.4031,17.5360482446473,429.4046282785509,706.8566011428644
32,2,444.81097,688.244,428.86407,709.13794,420.63687,728.7302,14.573500220983004,428.7605733326045,707.9606439060384
33,2,444.2658,688.6466,428.0866,710.3193,419.71863,732.36127,15.953597880430504,428.0787229055274,709.1062194094247
34,2,442.53708,689.2221,427.3016,710.7927,419.4966,730.8304,13.952106836547571,427.3650729415858,710.2560122347054
35,2,440.29724,690.95197,426.09027,712.05884,418.96954,731.30334,13.6392111006241,426.6256193850462,711.3727069635627
36,2,437.71817,694.78107,425.674,712.5678,421.2006,729.0384,18.908563552886665,425.87529367468585,712.4264137303284
37,2,437.03964,695.68274,424.9666,712.78046,420.59683,728.39514,19.59234652647472,425.16476922732556,713.4169448799335
38,2,436.46082,695.9431,424.77036,714.377,419.10907,728.4344,10.4461728437324,424.55365495429714,714.3515383099583
39,2,436.9698,695.5543,424.77737,715.8608,416.838,731.46747,4.018343710740165,424.10155976693244,715.2374319179839
40,2,436.35675,695.2268,425.1119,715.36304,417.64627,732.1159,5.161334452384638,423.84026351808103,716.0818636015907
41,2,436.11874,695.92035,424.99496,716.5336,417.51138,733.29144,4.288889256841336,423.69022982666326,716.8920712583592
42,2,434.8306,697.17224,424.67245,717.37885,418.02686,731.6881,1.7778424027403126,423.5440932531172,717.6752927858704
43,2,434.6698,696.62634,424.26178,717.6105,416.3953,733.06354,0.5977437454803359,423.3165576617413,718.437757226212
44,2,434.4987,696.84045,423.65643,718.83966,415.96875,734.508,0.1008705554594338,423.0106041322754,719.1816581995018
45,2,433.8434,698.2797,422.9827,719.5992,417.07034,733.99097,4.661948334367106,422.6512830483193,719.9081804703646
46,2,432.40207,702.1071,422.76123,720.0283,420.8734,728.8317,16.175053847293825,422.26364479347325,720.6185088034258
47,2,429.0208,710.06305,422.38507,720.6114,423.3729,721.9135,69.35800082505106,421.87273975133684,721.3138279633098
48,2,430.84866,707.49347,421.5581,721.60864,420.17886,729.09705,22.9167879774028,421.50361830551043,721.995322714642
49,2,430.38113,708.413,421.29807,722.0555,418.86774,730.128,16.9003779380345,421.18133083959367,722.6641778220475
50,2,430.07788,708.10596,421.27313,722.6054,415.8233,732.8422,3.2383355420436164,420.92341892279967,723.3437780162699
51,2,428.8173,709.8333,420.6489,725.29895,413.21506,735.6279,7.901421493030448,420.71738886679327,724.1463078925299
52,2,428.88278,710.84265,421.21103,725.6067,414.9994,735.7908,3.923011351654552,420.54323816885204,725.152315768375
53,2,425.73685,718.8133,421.0969,726.77203,418.55374,729.51196,12.624685151674113,420.38096432625383,726.2270049861885
54,2,426.64255,717.31146,420.59766,728.00134,417.19543,732.0446,10.591803424175362,420.2105648362763,727.2190531992363
55,2,426.9935,715.7355,420.54114,728.2832,418.67343,732.9672,5.47425076050527,420.0120371961972,728.1263802794814
56,2,428.564,712.70685,420.0801,728.9345,417.15656,738.5415,10.674958043007354,419.76537890329433,728.98421665356
57,2,419.59708,730.3677,419.6677,729.9119,424.3911,720.9836,19.072616003061537,419.45668878002203,729.8401430558386
58,2,422.35736,723.4064,419.2705,731.10425,423.26962,728.28564,147.0272530888771,419.0964709495424,730.7911414516047
59,2,422.99466,719.37946,418.40784,732.21985,421.3492,734.88354,67.49381235384651,418.7013308601937,731.8857303020393
60,2,426.37488,715.45624,417.18765,734.1518,414.95282,747.8392,16.896829835165082,418.28787396031464,732.929172820971
61,2,425.04633,717.4039,417.3177,733.41437,417.2787,742.6894,25.526761770382524,417.8727056982439,733.7352406075026
62,2,424.28217,717.7822,417.54584,732.7249,415.8935,742.3953,14.570093175469244,417.47243152231994,734.3949940491814
63,2,427.1372,715.0052,416.88177,734.4398,413.437,750.51434,15.724570544734735,417.1036568808813,735.0688157306649
64,2,427.7986,714.9772,416.89117,736.06366,415.74747,755.2187,23.934302011793868,416.77976400002734,735.8812727359839
65,2,427.97528,715.1279,416.86465,736.7499,415.5494,756.64246,23.41400896932908,416.5012422169001,736.8136701466611
66,2,427.4995,715.5251,416.33423,738.88403,417.00098,759.2438,27.42288082478658,416.2653576464021,737.8114975435924
67,2,426.96487,716.1606,416.32425,740.1246,416.3095,760.1109,23.9001945985252,416.0693764034361,738.8202445076731
68,2,426.78348,716.7796,416.1259,739.16113,416.1244,758.78033,25.45839547313333,415.91056460290474,739.7854006197988
69,2,427.09302,717.3935,416.88785,739.8782,418.2272,762.4826,27.80287825114779,415.7861883597107,740.6524554608652
70,2,427.35953,717.324,416.7796,740.9975,418.46445,764.7717,28.134014954540923,415.6935137887567,741.3668986117681
71,2,426.861,716.92676,416.3948,740.73145,417.57422,762.0814,26.895536993920384,415.63454800763856,741.8797356480994
72,2,426.78888,716.6229,416.3661,740.5627,416.89114,760.855,25.009311547185067,415.63026214472467,742.1640361242391
73,2,426.6465,716.3021,416.0366,739.7947,414.21088,756.9987,18.24769206243907,415.7063683310768,742.1983855892632
74,2,426.2794,716.32855,416.70172,738.5797,411.49454,753.8662,4.47785310847472,415.8885786977564,741.9613695922479
75,2,416.74185,737.7758,417.86612,737.9643,423.80624,723.7874,76.7830651843685,416.18672965380176,741.4868094337454
76,2,419.72586,729.6202,418.19846,737.90717,419.89343,731.7737,174.99515812396595,416.5471547201572,741.0294694202116
77,2,417.98654,731.995,418.34558,738.732,421.52325,728.46533,159.75138444619233,416.9003116957436,740.7834141859028
78,2,415.40894,734.9487,418.22955,739.1297,421.57,726.7704,130.87068766401012,417.1811341101986,740.5332671843021
79,2,423.2062,720.4745,417.391,737.9572,413.8958,740.51196,35.43713056148539,417.34245841602757,740.164918500929
80,2,423.16757,720.0841,416.887,737.5081,413.95883,739.3553,37.93313394303159,417.34159679645217,739.662737482576
81,2,423.78476,718.28314,416.61157,737.613,411.02396,742.25793,29.90382948122354,417.13586143469445,739.1878084654101
82,2,424.013,717.7801,415.09332,738.03687,405.94867,744.97375,29.051653566415432,416.70273187813757,738.9032596439525
83,2,412.08005,732.9288,413.61545,738.2876,416.4718,727.4906,149.19386639285142,416.1003571308081,738.8036796567617
84,2,406.29166,742.9462,413.36978,739.08527,417.11945,724.3583,47.10383693651331,415.40705356089404,738.8415222534043
85,2,414.12668,734.35767,412.85632,740.1157,408.2148,734.44507,128.25777189581058,414.6870727977491,738.9756747851516
86,2,416.21124,727.942,412.57706,740.113,404.06958,743.8769,49.50887027052389,413.94840751539044,739.1907590100938
87,2,414.42938,729.138,411.34927,740.6336,401.88098,744.21643,54.27383821743758,413.1849856490014,739.4778302880248
88,2,405.1895,739.3492,411.25198,740.0856,408.82828,734.5039,120.39736396503578,412.3907351337647,739.8279439787386
89,2,404.94153,736.9857,410.15686,741.3198,406.8895,737.6171,171.15373329340198,411.5595839048635,740.2321554420298
90,2,409.66885,731.22095,409.07623,741.9339,400.97543,744.1173,71.74924061739719,410.6854598974808,740.6815200376919
91,2,408.76434,731.42596,407.9763,742.68427,402.62024,743.3202,79.22491035723223,409.7622910467998,741.1670931255192
92,2,411.53058,729.08673,406.6726,743.2322,398.63718,746.6177,48.19926346780394,408.78584429631906,741.6817697381622
93,2,412.59015,731.90375,407.5501,742.8293,400.56354,745.43665,44.77036738317248,407.75924262280023,742.2258035996973
94,2,408.40143,732.90576,405.12952,743.5212,400.90543,745.64594,46.16670629269582,406.68744801132055,742.8012881070574
95,2,404.66663,736.33514,404.33655,744.4196,402.9889,744.1665,98.2991909770975,405.5754224469571,743.410316657175
96,2,408.41003,735.3192,402.74295,745.4049,397.29166,748.21576,33.39165447323949,404.428127914787,744.054982646983
97,2,409.74747,735.10803,402.2776,745.79694,394.28674,750.1438,26.507125461497832,403.2505263998877,744.7373794734142
98,2,409.07654,735.8929,401.0296,746.5033,393.43597,750.0543,27.761020058182066,402.0475798873364,745.4596005334013
99,2,409.53995,735.3403,399.08838,746.89056,387.84445,751.44434,25.8109791475505,400.8224968776516,746.2163454029454
100,2,407.72543,736.1793,398.33267,747.7513,388.49246,751.09326,32.17559042278943,399.571471933119,746.9727383743217
101,2,405.11572,737.6212,397.4174,748.89246,387.84378,750.95215,43.5249617447777,398.28894613146565,747.6865099188736
102,2,409.50842,735.68066,396.76874,748.24146,386.84628,753.0369,18.800637017587515,396.9693605504185,748.3153905079445
103,2,411.7712,735.3327,394.2568,748.8617,378.39844,756.5207,11.90545752373356,395.55515907230273,748.8553589943588
104,2,409.91858,737.30945,390.35223,749.9234,373.84824,757.94214,6.895375170414211,393.78079679783605,749.4553877568653
105,2,407.64685,737.94617,388.5332,750.7061,371.45474,758.6557,8.76562330026007,391.5940253963235,750.3026975556938
106,2,404.1112,739.6806,388.5352,753.5554,369.0575,759.81537,23.87710461844494,389.7710895122668,751.4587262486382
107,2,401.89352,741.27026,388.0984,753.637,371.9941,761.74475,15.151825223573796,388.4227992311264,752.4817800837506
108,2,402.9518,740.94934,388.78262,752.3946,373.52457,760.86145,9.903414897098497,387.4272825576043,752.9837069456728
109,2,402.36368,741.09515,388.29535,752.7125,372.29248,761.0823,11.938982983534796,386.662667496403,753.2936528751454
110,2,400.62808,741.896,388.569,752.5721,374.7167,760.30273,12.354030251228457,386.0073323188788,753.8048667148531
111,2,370.36774,762.52686,387.04642,753.8222,401.89584,741.29694,12.58695740755364,385.34065636300454,754.4497103591517
112,2,368.70572,763.8533,385.3499,755.40375,402.02316,741.0229,13.863233490618647,384.54226923340684,755.0453239653156
113,2,369.82217,763.9964,384.20328,755.224,402.02246,741.4209,6.379103131510935,383.60701083495434,755.4464967419942
114,2,370.5195,763.871,384.62067,754.948,401.8581,741.73474,5.146850602470996,382.9905622734824,755.658614103339
115,2,373.97552,761.5664,386.66058,753.26874,400.3682,742.4468,5.10073369299578,383.0317473199701,755.7247105148771
116,2,376.41965,759.9799,386.27844,753.34705,395.9067,745.2304,6.198749536668609,383.14111920500363,755.687820442135
117,2,382.171,756.92566,384.1384,753.74884,388.0506,749.48785,10.786438825288927,382.68634511471737,755.6043871830386
118,2,375.76807,759.4972,380.95706,755.16095,388.75943,749.50745,3.957601070186775,381.79181859783,755.5844893651071
119,2,370.98615,761.3522,379.73257,755.3931,390.12567,749.839,6.1467257558096895,380.84807828272665,755.7516144482589
120,2,375.13803,758.57916,382.0789,755.88477,387.16675,751.73456,17.988498512217316,380.3114745002511,756.1888813765449
121,2,366.37903,764.7618,379.176,758.1957,390.8472,749.5154,9.477265590217383,379.7471520557729,756.8179350305468
122,2,364.494,766.4358,378.15652,758.6199,392.04843,748.96204,5.034933215714822,378.63636921054984,757.5200517749785
123,2,356.67667,769.8257,374.1431,759.4933,394.5695,747.0664,0.7088640700546367,377.09300706388836,758.1765079745547
124,2,354.8482,768.9364,372.9785,759.3772,393.32132,747.8341,1.7711149004434026,375.62784650022604,758.6899961352651
125,2,363.1275,766.3703,377.21176,757.2498,391.4725,748.8133,2.317395542824573,375.01876179682336,759.0488733282024
126,2,357.38214,769.9002,373.5179,759.0208,392.73502,748.19867,4.6033435852339375,374.1789559065201,759.2629127657348
127,2,357.76663,769.55255,374.58804,759.21277,391.00424,748.3076,2.017709079864713,373.63897032477973,759.3624527987454
128,2,362.04883,767.79346,376.9952,757.9035,387.58295,750.8717,0.0989117169384299,373.4284887776728,759.4600923321761
129,2,359.38684,767.13385,374.33344,760.288,383.42877,755.0296,5.425455741369517,373.2899514892803,759.6889954094836
130,2,365.4632,760.7284,374.09286,759.88324,376.01578,759.40186,8.461183128268676,372.9657986836835,760.1823260741241
131,2,361.29697,766.11993,372.19775,761.73285,379.75937,757.5588,6.976426461659748,372.0843118840038,761.0318052276749
132,2,347.50052,775.29584,365.62793,765.9907,384.82953,754.60596,3.491773235791617,370.3294186523259,762.1633812041953
133,2,346.3031,776.0157,367.05835,766.5076,385.4069,754.07605,9.505886490794824,368.84911631113454,763.4615591958648
134,2,343.91592,777.2136,365.92197,767.5408,385.27722,754.0492,11.150335944917176,367.5323753007175,764.8152242359885
135,2,346.92764,777.54364,365.70062,766.9717,385.15363,753.8959,4.522033640845912,366.2463588090884,766.1307807223709
136,2,344.90582,783.296,362.60904,769.641,384.41702,754.2126,2.365957427186645,364.97050193865397,767.3190128939416
137,2,347.78256,782.0444,362.97778,768.9745,383.96466,754.4126,5.944749253710734,363.6842397918211,768.2907049896298
138,2,346.7961,779.03534,362.38333,768.2203,382.32568,755.7406,2.716709183903669,362.3786903274232,768.9981368072893
139,2,344.11246,778.7305,360.4683,769.2621,379.99414,757.42114,1.1670106287175266,361.0917029299996,769.5595703804707
140,2,346.47003,776.23615,359.82733,768.0835,377.06,759.88446,5.953480967808497,359.8728098405164,770.1347633016484
141,2,343.39667,784.0643,357.72617,771.7186,375.798,760.0484,7.893567342907255,358.76040195946774,770.8347168174163
142,2,343.39822,782.7125,357.66525,771.496,375.28085,760.687,6.64062523420453,357.74830482545974,771.5754067908405
143,2,342.43228,781.46674,358.14645,771.7213,374.1731,760.5657,3.034607250309814,356.8192026366268,772.224052739106
144,2,342.59802,782.62244,356.60568,771.017,373.519,760.8844,8.716408747004412,355.95577959110324,772.6478741793986
145,2,339.80493,782.1648,356.75278,771.60284,374.11914,760.579,0.475189497624518,355.1444249763545,772.8204845792338
157,2,322.92706,793.5372,339.45007,786.2736,364.8841,767.20264,13.132945048381467,350.96947345203023,776.3695210266858
164,2,349.22885,787.95544,344.10095,787.8316,337.13147,770.08997,67.17007203238472,348.1926096669482,779.7347456544813
165,2,348.10297,788.366,342.07806,789.3086,335.63608,770.36176,80.11336877994805,345.9092501325791,782.8021577054947
166,2,348.75888,784.5394,341.82437,788.05554,333.5533,770.8312,91.23699949131942,343.40061126157485,785.278873181407
167,2,344.90598,787.4359,339.05905,790.0262,333.9786,770.23413,99.49753522607634,341.125389780943,787.5020222108408
169,2,330.88345,787.62164,333.92358,786.3163,345.36618,769.7486,32.13129975932388,338.1145550555576,788.6136132419472
175,2,317.1583,791.7616,330.22525,783.87634,353.36353,769.8744,0.0685280432555186,334.7736644383272,788.7474203369507
176,2,318.93726,792.91895,329.03555,783.9047,353.6522,769.93976,12.187462557524988,331.90306764563763,788.9105137941406
177,2,317.73358,793.6829,327.08466,785.4978,353.89594,770.0214,11.201099328440389,328.8564964144995,789.0859514718295
178,2,319.71054,797.7823,326.58298,783.53503,354.3595,770.17834,38.56760331664172,326.8541468431898,788.6259383594203
179,2,322.2174,788.76184,331.74625,774.5686,356.88898,769.59705,44.93897452875256,325.8845895461989,786.4113365097957
180,2,323.9437,791.4915,331.1985,776.82367,355.8614,769.79645,47.778880080586255,325.6022173348397,784.5157549695876
181,2,323.85876,789.4207,332.78644,776.1241,356.83362,771.1851,44.51527696097725,325.6614230204253,782.9043572153905
182,2,323.0307,789.89056,332.1721,774.895,356.74072,770.78577,49.13805059831253,325.77797499577184,781.1565945631976
184,2,322.334,792.8784,331.08105,776.7457,357.19135,770.5863,48.26031480619647,326.0895762725669,779.7431837030148
185,2,320.95206,792.23175,333.07083,777.40216,357.56238,770.55975,35.13502349729327,326.29022499862293,779.5076127674714
187,2,323.8156,799.6931,328.78128,781.5507,353.6012,771.3583,52.36695424177664,326.38233345518984,779.2094496163774
192,2,321.6504,797.7053,332.34552,780.1952,349.48615,772.9815,35.7596143149229,326.8647496164832,779.3486507901516
193,2,321.4626,799.3544,331.7239,780.8894,349.67426,772.6241,36.21433468192059,327.3987098296143,779.5203918116295
194,2,320.77646,801.1966,331.5052,781.20795,350.7357,771.6945,35.453878369660416,327.93309383654474,779.7378403722334
195,2,320.256,800.86176,330.79984,782.0255,349.13593,772.4552,33.19974196622746,328.2777899920712,780.0059524724236
196,2,319.41336,801.67865,330.7897,782.03796,349.33795,771.8342,31.10356895124145,328.4235723549288,780.3533813541252
198,2,321.89474,803.51996,328.39792,784.4397,345.3788,771.86414,34.65664065125453,328.26237764151784,781.4244996712296
199,2,320.86313,805.6909,327.47577,785.0832,344.92334,771.0974,33.49423627940176,327.99855151307696,782.1921955429291
200,2,320.71497,804.8,327.4359,785.26373,344.44006,771.10876,31.240118241717028,327.5067534011724,783.0266263955857
201,2,321.24698,806.5026,324.7602,786.2369,342.8845,770.28375,38.810666781282,326.73078020008734,783.8114777717716
202,2,322.84808,799.33057,324.55136,784.8714,340.2367,772.3848,44.75944120563005,325.9377949610578,784.4304352140575
203,2,319.74106,803.4247,324.73914,784.3305,342.08514,770.2604,36.28434610358699,325.4005194126295,784.8261897673991
204,2,320.80005,805.34644,325.5805,785.8333,342.0883,770.5333,33.40898165331301,325.0905438356319,785.1774544862891
205,2,320.8592,808.8171,325.4534,787.0322,342.0285,770.43274,33.04927309260171,324.9041756489659,785.7219479276033
206,2,320.40457,810.89404,325.75107,787.9542,342.04913,770.56305,30.022076416733757,324.75481958281443,786.6257043019787
207,2,318.43088,811.40356,325.91214,789.0656,341.47095,770.6317,21.64909587039672,324.62426961248883,787.7680204350911
208,2,317.2195,811.68274,324.80988,792.2597,339.68347,771.5137,14.292991583829908,324.5114170245828,788.9565088063764
209,2,316.8675,811.9777,324.74884,791.33734,339.8772,771.2971,16.150234859614727,324.41515310568974,789.9987818952707
210,2,315.5379,812.3287,324.9172,791.2705,339.73257,771.0803,12.262714620636824,324.3343691424033,790.7732294706168
211,2,316.55627,810.3195,325.1848,791.64386,337.26385,772.99664,8.13590759689481,324.26795642131697,791.4413504588874
212,2,318.90796,806.39764,325.78076,792.2193,337.45874,779.0239,15.647709059082636,324.21480622902436,792.2354210759618
213,2,316.33157,808.412,323.9153,793.7988,336.81638,780.1592,15.978143529919546,324.1730898782631,793.3079009791126
214,2,341.60062,783.8921,324.82162,797.3579,316.62512,809.6809,17.622143045942092,324.1380987863487,794.4919835911853
215,2,339.19537,782.1775,323.93625,796.23395,316.85086,809.4854,19.21639391115529,324.1044043967403,795.5703040508548
216,2,338.32874,781.9437,324.47824,796.45715,316.20157,810.127,12.46751771385646,324.0665781528975,796.4425305945388
217,2,337.87033,781.6447,324.7145,796.0042,315.49103,809.77795,8.68722205338642,324.01919149827967,797.1216353151917
218,2,339.46225,783.3639,324.2091,799.0524,314.583,810.3519,3.765980288116432,323.95681587634635,797.956772634172
219,2,339.86002,783.71783,324.28177,799.43774,315.16095,810.62787,5.557918205065986,323.874022730557,799.1105034952349
220,2,340.67224,784.6847,323.92603,800.29236,316.1639,809.43396,6.680903065525111,323.75901114832635,799.9542180714133
221,2,337.88638,784.5462,322.97226,800.8116,316.6678,809.2625,5.795116283773036,323.57449079289063,800.7542093484193
222,2,317.6057,809.2604,322.0993,802.49854,338.05045,787.4276,13.019191296983234,323.30407613426485,801.899512731634
223,2,338.47433,788.7661,322.59897,803.58075,317.05508,808.86646,0.6142119740515842,323.0404902937602,803.1045914327352
224,2,337.93036,792.05475,324.12607,805.13074,317.09247,808.2632,19.441979337330725,322.881801627469,804.0049099065634
232,2,346.4176,806.0359,331.1109,813.8572,319.94385,803.5533,69.76361560023315,324.78718588426506,807.0512045532176
234,2,348.9842,808.37537,330.712,814.64496,320.2393,802.27124,68.69473025135797,326.1162520911688,809.7427309330501
235,2,349.78702,809.6514,330.7599,814.93146,320.97336,801.6899,69.04212577119743,327.4141752794305,811.7793697244347
236,2,351.3788,810.4974,332.81323,815.6314,320.58865,801.8086,63.96918245652569,328.90910294911095,813.9430254990166
259,2,336.7597,790.62524,320.92346,804.45325,317.86606,806.43274,8.20630962574584,327.3583347010599,812.9743451417855
260,2,338.94775,789.5057,321.321,804.76544,317.10196,805.843,26.55585686781084,326.5233133290574,812.0384549357849
261,2,340.25595,786.86194,322.4825,802.85645,315.36453,806.45764,15.148205589652294,325.70332185253284,810.8299873874059
262,2,340.3571,786.66016,323.39328,801.84326,314.28748,808.1002,7.334999226487914,324.9427133349823,809.2583189537219
263,2,338.428,784.4293,322.16306,799.733,313.4476,807.7954,0.4849714969668906,324.2929870508408,807.4502383452598
264,2,339.12778,785.0553,322.2092,799.98267,313.95657,807.34314,0.3064670732398903,323.7961253565966,805.9889703708297
265,2,341.62582,787.8193,323.40555,801.90466,314.92773,807.4171,4.67344716564936,323.4560429369528,804.8432651062196
266,2,341.51462,787.17725,322.8718,800.29504,314.59366,808.0069,7.840046915575853,323.2671375586663,803.8169371132835
267,2,342.24396,788.0104,323.69257,800.4659,314.49356,808.54614,7.417963655532154,323.2238069884933,802.8312149062353
268,2,343.22565,788.7444,324.42786,800.0595,315.25513,808.3556,11.08171393641122,323.3204489931903,801.8692887175964
269,2,343.11444,788.53534,324.54236,800.331,315.62216,808.44586,9.872569740901248,323.5514613395142,801.044781700754
270,2,347.23837,793.1986,327.22186,799.4439,316.81717,805.4341,12.601539026596868,323.9112417942214,800.5039252393119
272,2,342.83655,785.5847,327.15778,801.4093,323.68268,811.3161,25.405010126951403,325.0186515527063,800.2308931370162
273,2,341.7922,783.56805,328.5284,800.44495,326.7009,814.54974,30.781812142127496,325.78801239322746,799.9287852408337
274,2,341.67868,783.5877,330.20224,798.52527,324.64423,814.0966,17.891418604963068,326.7015819492827,799.2272223672165
275,2,343.1107,784.2689,329.6533,798.25305,324.13675,813.826,24.394241339648136,327.69149439085777,798.5178425537993
276,2,344.36548,785.1145,330.7763,798.1481,323.66284,813.3377,21.10136573958727,328.69208034937463,798.2100619245782
277,2,345.574,784.48737,330.7124,799.36975,326.94818,814.67365,31.141527642314767,329.71063925355435,798.2117657977573
278,2,341.74677,785.22644,334.01785,801.39233,340.3108,821.4748,42.95110471814598,330.7727127314424,798.3054567900922
279,2,342.78055,783.7566,334.11032,799.34454,335.38477,819.335,32.73119668152326,331.8453757916446,798.296918723146
280,2,347.1903,784.1616,332.05515,798.109,328.2327,814.9276,34.534353114857176,332.66183696500605,798.0850602377125
281,2,347.94766,786.3186,331.85727,797.20135,326.51462,812.9664,37.206351221303,333.0412984863448,797.7266648424448
282,2,346.09317,789.1807,332.89755,799.21136,330.1322,813.2768,41.636909167082784,333.38080388412965,797.816890698206
283,2,332.2492,799.91833,334.7755,803.81573,349.82346,811.3093,30.576127504310428,333.97664059517416,798.6456465161076
284,2,331.59067,809.4709,331.32407,797.77484,346.88834,785.02826,51.9895354874509,334.14423039601894,798.7434685560492
285,2,335.326,816.2676,331.59598,797.42926,346.84915,780.4829,53.18971348903519,333.82818047150715,798.1745931450171
0,3,596.4235,546.7371,579.29376,563.8754,562.5735,572.51373,17.691758391593023,579.3388596516786,563.8560717234961
1,3,596.22656,547.4104,578.724,564.1103,562.1744,571.5401,19.478328972648427,578.6847605800765,564.1009687677927
2,3,593.70123,549.2623,578.1085,564.5363,562.4917,571.3673,20.78322417396789,578.1537653338024,564.5703152728996
3,3,593.5724,549.69714,577.59576,565.46356,562.2787,571.57465,22.869979591212456,577.8243100756029,565.0429096542795
4,3,593.4809,549.36743,578.5073,564.8738,563.50183,570.94415,23.97591189073516,577.7748309682243,565.2975503273944
5,3,593.36127,549.18115,578.3477,564.7351,563.5605,570.62854,24.283144822817462,578.0533771003741,565.1750922772902
6,3,594.46796,548.1936,579.68726,564.139,565.48883,570.18634,24.100737350756415,578.5864492646048,564.7646167673478
7,3,594.2157,548.2694,580.0326,563.1822,567.22797,570.044,18.25036395875455,579.2701611794306,564.2172616305304
8,3,595.49835,548.13165,580.7881,563.2964,567.2169,569.4419,21.508836563399115,580.0006265633652,563.6841646998024
9,3,595.05194,547.63544,581.798,562.1188,567.9402,570.32324,16.91021955082521,580.6896071789946,563.289867657996
10,3,595.9678,548.0852,582.01306,563.35596,567.67773,571.18567,18.93569198654028,581.3114569651934,563.0525275874155
11,3,596.8877,548.22595,582.341,563.27924,567.35455,570.6012,19.94164621082068,581.8561779049086,562.9347649720672
12,3,598.08606,546.31433,582.4309,562.13434,567.54767,570.29816,16.554236832622173,582.3137719810865,562.7834385032911
13,3,598.8373,545.89154,581.9174,562.7729,567.0868,570.3294,17.934921249959704,582.674241176674,562.4799351931778
14,3,599.4117,545.3877,582.49927,562.0767,567.4689,569.95123,16.968790119098344,582.9275874746178,562.1595171294911
15,3,599.30865,544.8405,583.3023,561.4194,567.5666,569.7593,18.08303911594619,583.0638128578651,562.0209151689118
16,3,598.8776,546.52136,582.2258,563.34625,566.48047,569.3235,24.508561532885647,583.0834684878507,562.2007470837362
17,3,597.8532,547.7565,581.30396,564.9275,566.1246,569.4871,29.336967983420884,583.029302239966,562.5871783087232
18,3,598.0431,547.3993,582.07416,564.0833,566.8714,569.2474,27.49299769589853,582.9546111680903,562.9820695039242
19,3,598.67346,546.9905,581.63196,563.6612,566.8766,568.89014,24.85677570467995,582.9126923261028,563.0905145680988
20,3,599.0452,546.71185,582.3159,562.1774,569.1811,567.86414,19.342014362316316,582.9428290979228,562.7369995921324
21,3,599.30835,546.2622,583.12915,560.7923,570.36725,566.86993,16.460813116998587,583.0282501876264,562.320346196705
22,3,599.89575,546.21173,583.3718,561.21,570.8981,566.89404,17.731384543677105,583.1381706293294,562.2432947371769
23,3,601.6949,545.4695,582.8696,563.0703,569.2575,569.4935,17.8133393952882,583.2418054571475,562.3499249778328
24,3,601.3954,546.1773,582.17035,564.31665,567.57544,570.44336,20.563735892716675,583.3491221941551,562.3941626743057
25,3,603.3899,544.1909,585.4298,562.237,569.50653,568.9758,22.19847054867545,583.6330983192612,562.3279781386925
26,3,604.0324,544.4825,585.23395,561.31165,569.2989,568.43915,17.737999254060828,584.2213091066246,562.152852822207
27,3,606.56,542.3073,586.51373,560.4437,569.1185,567.74414,19.36971146738966,584.8967110555694,561.8702681760628
28,3,605.96936,542.62836,585.97876,560.7312,569.1543,568.13336,18.41520372638978,585.4005769724212,561.5017771647539
29,3,605.67346,543.0061,585.6815,560.49023,570.15656,567.0233,18.34967589816977,585.6520636663498,561.1492188058953
30,3,605.33374,543.0998,584.93054,560.8402,569.4721,567.64374,17.25156492463313,585.6147989472356,560.9345036303833
31,3,603.2963,544.9828,582.92285,562.22015,568.9806,567.7084,18.74698583683764,585.4211850071047,560.8940135576154
32,3,605.60785,543.048,585.71747,560.0569,571.0233,567.0878,14.964361763595068,585.5392152550824,560.7970074415822
33,3,604.81903,544.07275,584.8208,560.2944,571.18353,567.34485,11.708326624014438,585.472892068947,560.6295771536875
34,3,604.0433,544.78204,584.4398,560.56085,570.6839,567.2318,12.959403714349577,585.2877508447325,560.4623903721897
35,3,603.98224,544.86115,583.88226,560.8677,570.53625,567.3952,12.468640810590212,585.2272168781576,560.3166117759221
36,3,603.7381,544.1757,585.0299,559.1932,572.67645,565.24054,12.67166218472485,585.345235733945,560.0058096197441
37,3,604.911,543.3028,587.3708,557.66345,574.8019,563.93036,12.807094196712706,585.6483830440677,559.3866459606548
38,3,603.18097,544.19196,587.234,557.24854,576.20557,562.81104,12.543568506525316,586.1432344404989,558.695754488179
39,3,604.78723,542.8139,588.63464,557.31366,576.295,563.84094,14.0360924607104,586.8173823129139,558.1967101944249
40,3,605.1456,543.108,589.2667,557.62726,576.226,563.96594,16.516090510673102,587.5824860817963,557.880881649305
41,3,606.8175,542.32996,589.328,558.45856,574.9412,564.9228,18.48664730784026,588.3312219253321,557.6715858171839
42,3,608.7519,541.1147,590.26495,557.93024,575.1866,565.02026,17.105909106894003,588.956266021707,557.4921396624254
43,3,609.18536,541.05255,590.003,557.4797,574.7254,564.51373,15.853470080358791,589.379369790886,557.2838647914695
44,3,608.7627,542.864,589.26794,556.7455,575.639,564.2077,6.751336564843446,589.6385856199506,557.0601013790581
45,3,607.26306,545.0052,588.2155,557.48065,577.5752,566.11304,5.828706342775854,589.801041137762,556.85219424201
46,3,606.9487,546.5642,589.686,557.0646,579.8448,565.64343,9.768834791637683,589.9222385275059,556.6859600866802
53,3,604.56104,546.4235,587.53723,557.56476,576.6317,565.2318,1.9061860077486548,589.7204013528337,556.6907485199939
54,3,604.3861,546.1487,587.79456,557.89777,576.0791,565.5912,2.0111998111570437,589.5100356566275,556.8364646476342
55,3,605.6849,545.5673,588.36487,557.9101,576.4071,565.7372,2.267708279227628,589.2464118713258,557.0129672538354
56,3,604.93726,545.8865,587.513,558.91003,576.9119,567.3744,1.8297036706676773,588.9425917615664,557.2109051645417
57,3,604.9727,545.6728,587.0251,558.3907,575.35614,565.64856,3.4409386015030634,588.6743843312945,557.3908178933018
58,3,605.13544,545.09314,587.60297,557.95776,574.8856,565.0308,7.188100249726141,588.5332853942815,557.5057176255665
59,3,606.5696,544.4049,588.6837,557.9237,575.8845,563.7726,12.524259824667933,588.5936721191159,557.5200931405551
60,3,606.04553,545.5998,589.98047,556.7447,578.6059,562.26154,8.876306752928409,588.861447093656,557.4443395925641
61,3,607.9643,544.2876,590.9709,556.649,579.2855,561.11115,15.133182268548712,589.2904479700958,557.3003287296589
62,3,607.5407,544.77075,590.7024,556.7641,579.53186,561.6918,11.65719109652245,589.6947272387023,557.1099322999045
63,3,606.3385,544.49866,589.7955,556.7451,578.17,561.4251,14.583893003596383,589.9249126823951,556.8950220513665
64,3,606.8569,544.36017,589.9196,556.7002,578.2216,561.4091,14.14925061601436,590.1177184166286,556.6774697321101
65,3,610.06,543.1377,591.82104,555.83997,578.11786,560.9697,14.33147954913942,590.4813801399908,556.479147090201
66,3,612.4964,542.8549,592.5802,555.90173,578.9066,561.129,12.306789603115524,591.1618162456973,556.3186977308203
67,3,616.94867,542.0191,595.15625,555.6586,578.80585,559.5339,18.70801302278843,592.0556759054754,556.2018526876163
68,3,615.82117,542.1586,594.5606,556.73016,578.2759,560.186,22.444816078033053,592.99729098568,556.1311148513528
69,3,613.77985,542.8689,594.91064,556.74023,579.1234,560.5824,22.64252222882157,593.8209933526659,556.1089871127937
70,3,612.5172,542.5399,594.8165,556.74774,580.03424,561.1952,22.008392933953264,594.4111450096116,556.1319053992488
71,3,611.72986,542.79425,595.01184,556.20667,581.2003,560.8246,20.251644666539285,594.8522285069895,556.1720377842095
72,3,612.8267,541.70184,596.0093,556.0114,580.552,560.22656,25.140185842782405,595.2787565320949,556.195485377713
73,3,611.7843,542.5828,595.33936,556.8893,580.718,561.0588,25.105702045433343,595.825241772224,556.1683492897965
74,3,612.62616,542.8193,596.65076,556.48065,583.3911,559.893,26.103590870002872,596.5361306971985,556.0745132940825
75,3,612.72986,543.22345,597.94617,554.93604,584.46893,558.6998,22.78504195471765,597.0956049069466,555.9689918185343
76,3,611.0984,543.6482,596.5147,555.7309,584.00903,559.95856,20.963743131756537,597.2143827708369,555.9245819547009
77,3,612.0082,543.0664,594.82275,557.14154,582.32556,561.17145,21.4453344664652,597.0695946058977,556.0140807941307
78,3,611.8239,543.26575,594.0537,557.8441,580.6402,561.8111,22.88954092014246,596.9073839679556,556.2778239215111
79,3,613.66626,542.8206,595.4615,557.17676,580.9027,560.7923,24.312292942999832,596.7835354203722,556.6263008940828
80,3,617.47076,542.2752,596.2903,557.2957,580.8626,561.1221,21.41366580075668,596.7062437783932,556.9375397622246
81,3,618.95544,542.8123,595.1666,558.37683,581.3155,563.7241,12.086577294483522,596.6798348371296,557.1101999346022
82,3,620.4909,542.1321,596.1294,557.02057,581.9236,563.1458,8.10646280896567,596.693158311155,557.1254662530276
83,3,619.71136,542.4203,596.26666,555.7556,582.499,562.0885,4.929507450321682,596.7311948949091,556.9851549176001
84,3,621.0268,542.4701,596.7076,555.59875,581.6429,561.7751,6.069246125173771,596.7789252828316,556.6910821284177
85,3,620.8955,542.40234,596.90985,554.4758,581.0979,560.7186,5.17414979511832,596.8213301693618,556.2570724286372
86,3,620.3841,541.3587,596.64374,554.1568,579.5803,560.04645,9.285756759237726,596.8433902489395,555.7449837336443
87,3,615.3748,540.88025,595.3523,554.59515,578.85974,559.1152,19.083732945437216,596.830086216004,555.228682301882
88,3,614.7905,540.02936,595.9558,553.2864,579.3161,558.444,17.919055399312168,596.7663987649951,554.782034391794
89,3,613.8751,538.9096,596.21075,553.8061,578.71295,559.1019,23.302351104056456,596.6415345282743,554.4615627418705
90,3,611.3886,539.4244,595.984,554.25305,578.9313,559.3429,27.28954588685308,596.4616038898909,554.2544160107899
91,3,608.01416,539.57477,595.71906,554.5606,582.0315,558.17865,35.82651370148737,596.2369431718167,554.1303993372782
92,3,606.5488,540.1614,595.48486,554.3147,582.6372,557.86475,36.53799760578613,595.9778886960231,554.0593178600609
93,3,606.599,541.6571,593.61414,555.10455,581.2539,559.2424,27.49368567785666,595.6947767844815,554.0188207062553
94,3,606.9008,540.0976,595.10706,554.2866,579.7328,559.41675,31.814055932818288,595.3979437591637,554.0179329565455
95,3,606.85767,540.36664,594.6231,554.6374,579.5881,559.4374,31.687088852455105,595.0977259420409,554.0735236800066
96,3,607.5175,540.18,593.49774,555.1089,578.6198,560.28217,27.62541923644981,594.8155141283976,554.1819873433616
97,3,607.55994,538.49713,595.26715,554.30176,579.11914,560.2545,31.88858119137016,594.6169170067691,554.2578200039237
98,3,607.0806,537.7022,594.97314,554.2813,579.11536,560.4653,32.55590592437325,594.5293497770134,554.1950431166526
99,3,606.44385,537.9769,594.10815,554.55176,579.982,559.8702,32.71072689274472,594.6175849424217,553.887678136508
100,3,608.7645,529.6736,600.14075,550.0975,580.6469,559.21484,42.042855253950485,595.4774889693119,553.2939364138875
101,3,608.67334,531.8541,599.3668,550.7866,579.91705,558.9413,41.07622598335111,596.5110587531707,552.6287888809361
102,3,608.6301,533.8775,598.5627,551.59235,579.3686,559.4089,38.23224941872483,597.0178611187366,552.1199789189901
103,3,608.7052,534.9699,597.8744,552.10455,579.7936,559.4347,35.63489799024092,597.3159613299813,551.7895801244008
104,3,608.2714,535.45465,598.0956,551.8226,579.97144,559.11475,36.21383178547935,597.7943370462101,551.6025076890294
105,3,608.8293,533.65344,598.94275,550.7404,580.4204,558.8886,36.20104347322847,598.1071170688301,551.5007129717602
106,3,608.2339,535.8788,596.5656,552.1262,579.35175,559.37964,31.46644213466233,597.9081557103644,551.4204063732336
107,3,607.7999,536.31824,595.6031,552.5778,578.7874,559.95337,29.442438138863555,597.5850581856968,551.2977982940896
108,3,608.8669,533.8818,596.6794,551.4885,579.40936,559.3566,30.81509469536362,597.5780864749428,551.0818541085661
109,3,609.3318,531.14246,598.6803,549.8363,580.2792,558.9078,34.08353803491602,597.8043787167849,550.7725590852926
110,3,610.0537,530.6257,598.5987,549.0543,580.50183,558.99774,29.34859941847355,598.050292089546,550.3826534664964
111,3,609.10504,532.95856,598.0209,549.3326,580.1904,558.4769,28.753472873479684,598.1802491070857,549.9133587777309
112,3,609.254,532.4604,598.0725,549.0856,581.20715,558.1997,27.689551823419222,598.3709336254065,549.3198216778549
113,3,610.25037,528.3301,600.3286,546.8176,582.9608,557.7294,29.63868304885375,598.7904287872308,548.5911992577516
114,3,610.72614,528.10944,600.626,546.2413,584.252,557.0244,27.51337890436708,599.2601535400115,547.8987652030934
115,3,610.0171,532.0232,599.2923,547.50684,584.531,556.45996,24.053524763941983,599.5762165282459,547.4114439279798
116,3,610.2736,531.71954,599.4202,547.4648,584.5342,556.6792,23.663618691405475,599.780149379876,547.1066461654246
117,3,610.39215,532.2335,600.05884,547.47797,585.37744,557.0857,22.66762236224505,599.9748394687032,546.9139042281704
118,3,611.4825,530.72626,600.7575,547.60626,585.301,557.8706,23.982180701637738,600.2428719559027,546.7663318293554
119,3,611.6238,530.2834,601.19495,547.39996,585.83936,558.12115,23.72423789241517,600.5856231521443,546.6113682837017
120,3,612.4233,529.25946,601.42053,546.94775,585.3724,558.04846,23.444825802145637,600.9841671554706,546.4000343063274
121,3,612.84906,526.71655,601.71136,545.8741,585.28,557.7128,24.054697762329877,601.4195780639235,546.0833506123499
122,3,613.3709,524.9311,602.52057,544.7771,585.52747,557.2048,25.154040901983844,601.8729299755463,545.6324112065204
123,3,613.23444,525.187,602.6788,544.66486,585.6171,557.07416,25.51611656947409,602.3252969883808,545.0986032521228
124,3,611.8432,525.9486,603.0876,543.8765,585.87994,556.97925,26.682724356452702,602.7577532004705,544.5533872020735
125,3,612.8384,525.13336,603.5951,543.84717,586.0637,556.7246,27.415249621512427,603.1498843582249,544.0635480836002
126,3,612.5371,525.93964,603.4274,543.9833,586.09375,556.72833,26.88600051349861,603.4753228015269,543.6771692211723
127,3,613.1395,523.7452,604.18506,543.0351,586.19574,557.1115,27.05631784529351,603.706212518626,543.4376585135694
128,3,611.80554,529.01904,602.24274,544.9885,585.9797,556.8564,22.9662457445175,603.8146974977725,543.3884238595712
129,3,611.7972,529.15,602.16986,545.0934,586.2779,556.8646,22.34705236419032,603.7857547716252,543.51854323149
130,3,612.079,528.7634,602.2924,545.0416,586.248,556.9874,22.31610704469837,603.6556935504759,543.599774895769
131,3,612.1011,528.98486,602.4733,543.72235,587.7028,555.9262,17.27952537297646,603.4736560890258,543.4458030446092
132,3,612.8774,528.58325,602.3588,543.29694,589.87555,555.1221,10.990551018648617,603.2887846419756,543.2553352791125
133,3,612.14795,528.9547,602.5401,543.09155,590.052,555.04095,12.061499857447538,603.1428400038726,543.2525529001284
134,3,612.3687,530.14417,601.73114,545.44586,588.5163,556.146,16.196114147052274,603.0480571286506,543.3785085985954
135,3,612.7936,528.6538,602.72876,544.71924,588.6705,556.1171,18.899551064146674,603.0092895100894,543.5180185443306
136,3,614.40314,526.2497,603.25183,544.1018,589.2628,556.199,17.157095101939333,603.031390641969,543.6140814325697
137,3,614.8278,526.4293,602.5528,544.1002,588.6364,556.19916,14.210591034074865,603.1192140180694,543.6275861599433
138,3,617.7632,523.29895,604.57574,542.3526,589.2394,555.8062,14.05365471282054,603.2776131321709,543.5327999032376
139,3,615.12177,524.50793,604.1511,543.2479,589.018,555.9522,19.64119356766705,603.5114414780535,543.3073344092772
140,3,617.9807,523.24945,604.01294,542.72235,588.48584,555.9123,14.001213737532275,603.8128830256235,542.9489283613257
141,3,618.44745,521.8434,604.2255,541.9733,589.40796,555.6759,11.997397520076271,604.1234436492944,542.5358281883997
142,3,619.292,519.2429,605.1773,540.9418,589.802,555.33875,13.838854073099306,604.3719596996053,542.1664072559547
143,3,618.9747,519.71674,604.9863,541.3249,589.32605,555.3369,15.261866743564047,604.4872675270963,541.9390389294458
144,3,617.5918,524.0897,603.2133,542.89496,588.91,555.99554,10.11157080473414,604.4179876452256,541.9243457732078
145,3,617.90466,523.8877,603.2203,542.93134,589.5675,556.4508,7.645574415980874,604.1918772191285,542.0819471470948
146,3,617.509,524.90765,602.8945,543.0122,589.454,556.17334,6.6902606296491625,603.8564775768581,542.3437116098395
147,3,615.1295,526.80457,600.92255,545.57135,589.3506,556.55334,9.371672222337716,603.4593300464685,542.6415077201755
148,3,616.86316,526.7056,601.4203,544.3212,590.0722,556.9496,0.7035997457969729,603.0531421563991,542.9140250198276
149,3,618.015,523.85297,603.0133,542.2462,590.78174,555.54474,3.4058807404450158,602.7112862366317,543.127236982489
150,3,617.2372,524.7725,602.2361,543.4759,589.61127,556.86804,4.5791959906354895,602.4841111498314,543.2934885291083
151,3,614.6221,526.64014,600.75665,546.01086,588.97797,557.8272,9.31377916259855,602.3092070878505,543.522739140773
152,3,617.33136,524.32086,602.77924,543.2262,588.90326,556.1125,9.53110226414636,602.1295264221279,543.7374219406144
153,3,616.6687,525.2848,602.4418,543.4908,588.8628,556.12885,9.049891070034452,602.0222289132605,543.8604722166727
154,3,613.4154,525.2407,602.12146,543.9303,588.48535,554.97815,19.841715620363,602.0980261691342,543.7901697287294
155,3,617.5438,520.77924,604.1731,541.2786,588.68146,554.8455,15.67514849957306,602.421147555229,543.3560967557041
156,3,617.12213,519.745,604.6871,540.8033,588.15857,554.4667,19.85880300516555,602.8698934674007,542.7119640588077
157,3,616.7183,520.14655,604.78906,540.1437,588.67413,554.0882,18.31169189704797,603.2760820590995,542.1024964932523
158,3,612.0042,521.8887,603.3824,541.4097,588.48615,554.05975,25.832266114174125,603.4715314837747,541.7724189142507
159,3,609.1729,524.08954,602.85803,542.62036,588.17096,554.83405,31.435345695625653,603.3364737182661,541.9049926890067
160,3,605.98627,528.03265,601.604,543.8496,588.87256,554.9967,33.31004842306325,602.94479603297,542.4376252326919
161,3,604.54425,530.164,600.8189,546.7877,588.6072,556.08685,40.07984617896102,602.4187995216721,543.2462604724683
162,3,605.4088,531.29224,600.34045,547.73267,586.78485,556.25476,40.709564687798114,601.8807852781587,544.2068423354989
163,3,605.4095,532.341,599.8,547.699,587.65173,556.7065,33.379639273288824,601.4287469074609,545.2130581070672
164,3,605.1922,533.51654,599.8595,549.58777,585.7228,557.3578,42.848599537471,601.0634480595919,546.2295685049394
165,3,604.69904,532.9861,601.0049,549.21155,586.5691,556.29114,51.049525790146696,600.7613448958114,547.2387776050028
166,3,603.91974,533.8725,600.5414,549.4259,585.7347,555.8792,54.195786153622464,600.4988935773778,548.2230894831447
167,3,603.8249,534.1921,600.0645,550.7524,585.04663,556.3098,56.899472307208754,600.258424707053,549.1525773276219
168,3,603.0151,534.6255,600.598,550.00977,586.8599,554.5666,62.72084579550039,600.0457666536109,549.94799077617
169,3,602.9174,536.40137,599.06177,551.3414,586.61383,554.57874,60.95099938434944,599.8726222273287,550.5177485788946
170,3,603.0172,535.96924,599.9187,550.51416,587.1588,554.3624,61.19119188107578,599.7494876278455,550.8046906478511
173,3,596.14514,532.8604,601.2074,548.04333,594.7489,547.6828,111.6344235399203,599.7320139185463,550.9115526984549
174,3,597.9126,532.9844,600.9946,550.03894,593.78864,548.6719,110.98575437025808,599.8583765333402,551.036642438521
175,3,597.5069,534.3401,600.4748,550.53534,593.9657,549.3455,110.74355705448116,600.0582713178362,551.1650521075259
176,3,597.97736,530.7857,601.2083,549.9127,591.645,552.12897,86.54025869820292,600.3230447195941,551.2059027226359
177,3,598.2308,529.51575,602.7815,549.6177,591.38007,553.21924,85.2250950165041,600.5915763906014,551.2617036199218
190,3,595.93524,559.8509,600.98,540.6061,589.19995,516.1156,40.3764918572154,600.6889018903408,549.003792648287
191,3,594.79083,559.82904,600.07983,539.9911,589.1992,514.9583,38.420802076340856,600.6929458729285,547.1000761200132
213,3,587.0298,541.943,598.4248,537.3675,591.289,544.4404,157.1306882503595,599.9850662973047,544.6130541017333
214,3,582.6512,531.41675,597.0905,537.0426,594.76215,549.7259,79.11551194725914,599.5236158517218,542.6982005469816
215,3,586.014,540.9429,597.7922,536.97125,591.22687,546.14404,144.22685926497246,598.9906586343529,540.7806928228562
216,3,586.0108,543.8717,597.7578,537.285,591.0304,544.06274,164.0664060104583,598.414483940357,539.2430334827218
217,3,582.3564,535.0367,596.78925,536.92114,593.37146,548.52576,98.9718555005138,597.9536275400621,538.1854174770066
220,3,585.93384,527.81354,596.99506,535.018,601.5126,545.85626,34.29575472727525,597.5481701406342,536.6179303157016
221,3,585.08356,529.3516,597.577,536.25,602.7631,547.74536,36.81197160223824,597.271269270741,535.7433875835679
222,3,582.3522,526.9048,596.1411,534.62494,603.5662,546.8887,29.563489317686336,596.8577513408458,534.8185458172886
223,3,580.84467,527.51416,595.4328,535.1917,603.3312,547.0586,28.595747878185502,596.375139342067,534.1661240607273
224,3,578.62036,527.5105,595.6246,536.6747,603.5915,548.6926,28.13702768533169,595.8909562655234,533.8054300755899
225,3,578.8565,527.63666,595.3774,536.20953,603.2105,548.2687,29.56855562644673,595.4633617574076,533.6780561154833
226,3,577.0294,528.2064,594.7107,535.8885,603.3353,547.727,30.44202607044461,595.1130620842083,533.7181436837781
227,3,578.3126,528.75494,594.98895,536.53723,603.2063,547.67334,28.55945145668116,594.8514001674887,533.857971596284
228,3,580.2247,528.60834,596.0615,537.4538,602.60614,548.14355,29.338724466962976,594.6897189288114,534.029818668812
229,3,580.94434,527.83966,595.674,536.43005,602.9417,547.0512,25.36658235247936,594.6317100169173,534.1803416640953
230,3,580.2102,527.92035,595.2914,535.76337,603.1526,546.80444,27.07244039977688,594.6504599892596,534.3137091325582
231,3,579.8203,527.08636,595.3742,535.712,603.2385,547.39154,27.034919980028462,594.7114041304694,534.4484675715486
232,3,580.37836,527.0999,595.5915,536.31354,603.6461,547.78424,23.723193824053517,594.7799777251777,534.6031634784134
233,3,579.4668,526.84796,595.77826,536.7449,604.1025,548.1623,22.65782837621599,594.8216160580156,534.7819972471856
234,3,579.53424,526.95105,595.4062,536.03217,603.8841,547.7634,24.36927429866148,594.8017544136145,534.9317848586392
235,3,575.6881,526.54694,594.4276,535.1255,603.69653,548.1631,29.992221281094448,594.6858280766053,534.9849961902332
236,3,575.9951,525.7287,594.28265,534.98883,603.5391,548.19763,28.1220117848974,594.4493312715749,534.9000873607266
237,3,575.66943,525.68195,593.99585,534.75555,603.1415,547.89417,28.818166777770465,594.1079939829319,534.7394594540746
238,3,574.41064,525.4284,592.6886,534.5846,603.1289,546.9344,23.181182032115643,593.6876051350414,534.5914997955309
239,3,574.6635,525.285,592.2362,534.90344,602.8083,545.93884,17.534132644098698,593.2139536522675,534.54459571035
240,3,574.1492,525.273,591.5432,534.72327,602.4614,545.2878,15.541341367468462,592.7128284589749,534.6370116968104
241,3,576.37317,526.0996,591.5455,535.52423,602.3455,543.966,6.165260479832287,592.210018479528,534.7065209452884
242,3,575.35864,525.82074,590.5952,534.952,601.736,544.35516,9.230928031492873,591.7313126382917,534.5982313417334
243,3,575.6827,525.5611,590.6978,533.8058,602.03375,543.7009,12.346893211176887,591.3024998596304,534.387080862291
244,3,574.98584,525.5294,591.1798,533.4808,603.16046,543.09894,12.606375015455562,590.9800886785695,534.1830942200293
245,3,576.7237,524.91595,592.9266,533.4861,603.3013,542.89636,14.333769607773728,590.943466072779,534.0068129855106
246,3,576.8488,525.1417,593.1358,533.5504,603.1638,542.2706,13.70322153978852,591.2830415755709,533.8564079436713
247,3,576.49274,525.3609,593.01154,533.98834,603.4362,542.76917,12.530636342899118,591.6104365001811,533.7300498794477
248,3,573.239,523.97314,592.01135,534.70514,603.14685,544.9747,12.927034425177288,591.5422394449467,533.621901818999
249,3,569.08887,522.776,590.414,532.811,602.83075,543.91327,16.600846668601683,591.1936963686818,533.5100957533766
250,3,569.1614,522.50854,590.1484,532.6906,602.75055,544.07324,16.20837784671891,590.8047175703199,533.3687559148553
251,3,570.9799,523.03656,590.51953,533.32007,602.8548,543.36304,11.393955233636804,590.5628527851159,533.1911904306306
252,3,571.87305,523.64056,590.5136,533.21594,603.01276,543.6496,12.664529981468071,590.4462094936101,533.0474430075833
253,3,571.3533,523.1512,590.8085,533.29395,602.93994,543.13617,11.51751784648475,590.3805346126642,533.0267412475143
254,3,570.51373,523.18195,590.07086,533.7496,602.5712,543.06836,8.319397882422123,590.2915750591396,533.2183127522253
255,3,573.8266,524.4111,591.3172,536.3673,602.3509,543.84534,0.2289973045921944,590.1113046694603,533.6371687531328
256,3,573.3006,524.0982,589.0197,535.0332,599.3776,542.97504,2.6543906382663827,589.7966049582974,534.0014550001137
257,3,573.20856,524.10187,587.45593,533.6749,597.6213,542.4275,6.831274995721114,589.3596829359743,534.0577016044688
258,3,572.4775,524.0934,588.3847,533.634,597.8176,542.5096,12.302639134961776,589.0091399171771,533.9628416047316
259,3,573.049,523.3407,590.23474,533.85645,598.88275,543.409,16.383175826610866,588.9290679968244,533.9205308166141
260,3,572.27734,523.1762,590.4382,533.61945,598.93787,542.8192,17.364369223630923,589.0091280864059,533.9109132373073
261,3,573.3795,523.4983,590.28784,534.1449,600.5694,542.1826,5.819619693022769,589.0653733015536,533.8582549093722
262,3,571.75055,522.7241,588.07117,533.19135,599.68207,542.1063,4.843389644631416,588.9138567578997,533.68682187537
263,3,568.26276,522.00616,586.47534,531.5082,598.62714,542.439,14.41985603869918,588.4292620293589,533.3458553447686
264,3,566.5223,520.92017,585.94867,531.29395,598.78955,542.1651,12.148999104521392,587.7207945229766,532.8844971946626
265,3,566.44037,521.3749,586.3142,532.1081,599.47565,542.11096,8.86326116462989,586.9562901040803,532.3768644690549
266,3,562.71674,519.86475,584.5907,529.8895,598.3983,542.0343,16.712045157794684,586.2755396991669,531.8843829719235
267,3,563.57214,519.8108,584.96893,530.77246,598.9265,541.65424,10.814868708862596,585.7061544794085,531.4177135471541
268,3,563.4086,519.80927,585.0197,530.0794,598.62256,541.8753,15.512394289824934,585.2477006771463,530.9748257986083
269,3,564.87384,519.78436,585.43726,530.4028,598.4281,541.8203,14.00134077482818,584.8997445247218,530.5536893301481
270,3,563.18054,519.0801,585.2452,529.62964,599.02026,542.14795,16.71001423610317,584.6618522544755,530.1522737456354
271,3,563.57916,518.4145,585.19604,529.45087,598.8739,542.02374,15.543329626889236,584.5335900987491,529.768548648932
272,3,563.51117,518.07153,585.1178,529.1083,598.76306,541.63135,15.48633644531933,584.5145242898833,529.4004836438995
273,3,563.16925,518.4106,585.4593,528.5477,598.90265,542.1247,20.82803782396877,584.5934231853281,529.0814285573214
274,3,565.09265,520.73376,586.17035,529.9016,598.9678,542.33124,20.657859621664905,584.7158636429696,528.9862541076645
275,3,567.295,523.7548,587.5422,531.656,599.83386,542.36865,19.75580326115508,584.8276554572026,529.1904776564285
282,3,573.9201,538.1239,585.3114,530.6,594.82306,539.038,75.02177276270646,585.0841369398779,529.445656411933
283,3,585.6864,542.8999,585.55444,531.3364,585.2848,535.6769,175.79117733302363,585.0666841882689,529.7540565476501
284,3,587.4983,536.26373,585.854,532.10895,582.13995,542.10913,138.03353631684612,585.0931811775888,530.1369966969995
285,3,589.9975,536.8093,585.66077,531.7018,580.00665,542.82526,112.72152042317435,585.2215462923665,530.4999375692042
0,4,619.7996,728.8195,636.3302,744.7118,642.01807,767.1448,31.900351443387663,636.2930678390401,744.7595317506732
1,4,619.9391,729.0764,635.80994,744.73676,641.2086,767.16455,31.84811513798894,635.9890867643528,744.5181302635436
2,4,616.78864,729.0553,635.2817,743.729,641.2946,765.6522,36.23148735634008,635.2933985667534,744.2709540346488
3,4,615.8214,728.62195,634.3831,744.6188,640.46893,766.56445,33.74524980805148,634.3055659833533,744.1866992874681
4,4,613.71655,728.1466,632.382,743.9379,638.67065,764.79034,32.98601612205377,633.2190649133305,743.9362903583202
5,4,614.5417,728.3108,632.3929,743.28296,638.72894,763.73535,32.80000295819137,632.4537166387005,743.4787605415994
6,4,615.8392,728.3309,632.67145,742.50244,638.66797,761.9801,32.793174763451375,631.9453724533284,742.8882771820374
7,4,613.8221,726.8857,632.1355,741.3215,639.3168,760.5592,31.28244649056794,631.5579600316169,742.2594884338621
8,4,614.3364,726.7158,632.0938,741.3899,639.4645,759.9905,28.814447040682055,631.17475295946,741.6921626536742
9,4,612.1733,726.4891,630.5392,741.63855,638.42664,759.40125,26.538396805899907,630.6790248227516,741.286068198075
10,4,610.85376,727.39484,629.316,742.12616,637.55975,759.41595,25.921227964634863,629.984422861902,741.1024831631449
11,4,609.5163,726.8859,628.1686,741.65393,637.01825,759.2946,24.988260100611505,629.1260889353867,741.0487246028825
12,4,608.68756,726.63617,627.7326,741.4157,636.9716,760.02136,25.779799321387237,628.169538556198,740.9936193107658
13,4,607.6598,726.0541,627.0202,740.8272,636.8197,759.4016,24.838961085447245,627.1802872373273,740.8059940802723
14,4,605.8222,725.47455,625.79816,740.0905,636.6902,758.2452,22.845916859541216,626.218676955702,740.3978454948316
15,4,603.99744,724.5207,624.68384,739.465,636.7395,757.9621,21.0600731200441,625.3243555439908,739.8538492976799
16,4,603.93164,724.1666,624.0069,738.5503,636.42395,756.6559,19.936048138329987,624.5317972987968,739.301851022004
17,4,604.7715,724.74615,624.1183,738.5891,636.0075,755.0968,18.65334695402836,623.8754765167246,738.8696962009917
18,4,605.943,725.48645,624.3053,739.19104,634.9848,754.1047,17.65834060937408,623.3664314008954,738.617827670058
19,4,605.30273,724.6565,623.9166,738.2149,634.9133,753.97974,19.03274640976194,622.9219557805054,738.3370774735268
20,4,606.1068,724.234,623.7634,737.7526,634.9502,753.0659,16.411774151577298,622.4157197788312,737.8353675375484
21,4,601.63,722.72095,620.7491,736.2766,634.1519,753.39,16.595634224509233,621.640643069399,737.2585901066669
22,4,600.3911,723.07324,618.54034,736.3004,632.4401,753.11505,14.336638573310289,620.4634616250299,736.7909494199628
23,4,599.6169,723.5696,617.0545,736.6908,630.71,753.2596,13.545438799368046,619.1269270654759,736.4319273762677
24,4,599.4186,723.9997,616.82745,736.7507,630.9622,753.56683,13.730786961059254,617.9093436030273,736.1348252893505
25,4,599.04724,723.77594,616.83,736.45245,630.7327,753.1978,14.815791760959502,616.8552101732005,735.8529444729809
26,4,597.0736,722.8249,615.27313,735.28735,630.6571,752.4232,13.68149383979899,615.9483762310658,735.5461019691171
27,4,597.0502,721.6402,615.11694,735.0231,630.35455,752.1666,11.839490877552596,615.163898586683,735.2001777324738
28,4,597.5258,720.76263,615.26215,734.7658,630.21063,751.93274,10.659792724770334,614.4746358888585,734.8075674459545
29,4,596.665,720.19025,614.7852,734.187,630.1387,751.59326,10.901723274392374,613.8534467863999,734.360666792463
30,4,597.4136,720.32135,614.6645,734.02527,629.99036,751.1528,9.714279426193336,613.2722853471761,733.8589281993641
31,4,596.69073,719.72675,613.5576,732.7551,628.6229,749.44885,10.251887116869158,612.6994873153064,733.330031071867
32,4,595.3878,718.537,611.9411,731.81915,625.9617,748.9809,12.009171569938548,612.1024838539722,732.8087115596435
33,4,595.7554,718.4915,611.835,731.935,624.4856,749.0698,13.664200041078184,611.448706126355,732.3297058123641
34,4,596.1853,718.94275,611.1487,732.3001,623.04486,748.42096,11.820667119452722,610.7177537039145,731.9195628525475
35,4,593.8175,717.31665,609.78955,731.79364,622.7417,748.87604,10.640981734199087,609.937899791224,731.5720831941068
36,4,591.5704,717.11163,608.61005,731.9201,621.98596,748.7662,10.557618513946649,609.1495860011354,731.272880223802
37,4,591.62427,717.1506,608.3379,731.6808,621.065,747.922,10.914157778218236,608.3932539465004,731.0075673283934
38,4,591.096,716.39166,607.8424,731.1468,621.14386,747.28485,9.12065666532968,607.7093452401709,730.7617578946413
39,4,590.5932,715.8924,607.82733,730.3961,621.368,746.2328,9.385985486175574,607.127269264496,730.5210653093068
40,4,590.30695,716.5512,608.1055,731.17615,621.37726,746.9844,10.575348011319544,606.6323064798142,730.2711029591493
41,4,588.4429,715.87994,606.8441,730.191,621.27924,746.0438,9.807023160637597,606.1987051159626,729.9974842309301
42,4,588.15674,715.6865,606.5896,729.5331,620.9694,745.1837,10.509720999484204,605.8007134027764,729.6858225114092
43,4,587.0579,715.9606,605.9662,729.0019,620.541,745.23615,13.488455526014857,605.4139787714124,729.321910131403
44,4,587.1397,716.097,605.6526,728.864,619.5846,744.7388,14.1378740644964,605.0197454583086,728.8922551979495
45,4,584.01685,714.9796,604.6431,727.65875,619.0818,743.549,16.160814762700245,604.6006569012237,728.3835447621435
46,4,584.5949,714.42267,604.5889,726.82544,617.31714,742.1978,18.563168453651663,604.1393565379151,727.782465875079
48,4,583.11176,713.18677,602.7472,724.26013,614.47754,740.87244,25.35242111682902,603.0206941436619,726.3490938705764
49,4,581.7159,712.3948,601.416,723.6365,613.8476,740.563,23.99394946464881,602.3286189882333,725.6264963689854
50,4,580.43646,711.85034,600.18884,723.6882,613.515,741.1053,21.644976142258766,601.5249057776149,724.9729077961764
51,4,580.77234,713.0498,599.38806,724.7205,612.989,740.7379,17.579451985049314,600.5921979495647,724.4071604318066
52,4,579.6086,713.83875,598.1373,725.159,612.0158,741.4929,18.223278511734023,599.5312342498952,723.9359348942237
53,4,578.3095,712.8149,597.3012,724.5588,611.64075,741.28955,17.669516672139956,598.4151346566349,723.5510747251085
54,4,576.9534,711.4581,596.6402,723.8532,610.85236,740.50653,17.327015073533776,597.3351144558671,723.2407141969746
55,4,575.31036,710.518,595.8662,723.3125,611.105,740.09326,15.857894956029504,596.3823889336749,722.9929875823357
56,4,576.4252,710.64874,596.3768,723.52,610.8443,739.8718,15.6716089273622,595.6402155767413,722.7909447208376
57,4,575.76324,709.76886,595.8918,723.0037,610.7392,739.3438,14.41454782909645,595.1600206741507,722.5972977206566
58,4,577.2327,710.4433,596.40607,723.1605,610.5496,738.4029,13.586059841441138,594.9268506336438,722.3696742571016
59,4,577.33484,710.5139,596.1458,722.9256,609.95074,737.6998,13.525244012458051,594.6920635351822,722.0657020054812
60,4,576.4254,709.8545,595.36456,722.18744,608.05426,737.5901,17.444405017377097,594.2096383025067,721.6572496806068
61,4,574.7887,708.03015,593.06934,720.48004,604.86957,735.8679,18.26060091302781,593.4777255622524,721.1731501553018
62,4,574.4122,707.8681,591.8374,719.8333,603.47,735.0442,18.117082618126584,592.5555188667774,720.6564773418918
63,4,571.5256,706.0022,590.0978,719.2218,603.68585,734.9984,13.81928014534472,591.5022117684401,720.1503051527027
64,4,569.7945,705.65393,588.7568,719.6014,602.77795,735.3303,11.949543767623812,590.3769978195988,719.6839095546763
65,4,569.2811,705.6542,588.18115,719.9359,602.389,735.22705,10.026797587153228,589.2390705726121,719.2313747332186
66,4,567.88293,704.0254,587.1781,718.67035,602.35223,734.9631,9.837572099782102,588.147623579838,718.7529869283508
67,4,567.0046,703.50806,586.60815,717.73047,601.6661,734.67737,12.416843122400255,587.161850393635,718.2090323800945
68,4,566.51733,700.9775,586.4302,716.34595,602.1031,733.6964,10.247568800877575,586.325795418612,717.5712192163128
69,4,566.2043,700.66736,586.196,716.07715,602.0217,732.5325,8.491927266242614,585.6229064683813,716.8569431162334
70,4,565.9844,700.247,585.7107,715.2367,601.3069,731.58795,9.12332778667566,585.0214822088054,716.0950216469257
71,4,565.6319,699.7724,585.05505,714.3673,600.46313,730.84576,10.000715662490869,584.4898213057471,715.3142723754587
72,4,566.6726,700.6471,585.4909,714.19495,600.091,730.26154,11.986598741285166,583.9962224250694,714.5435128689014
73,4,566.59186,699.5852,585.0472,713.60864,598.937,731.02924,14.204162481881902,583.5191720240958,713.8115606943234
74,4,564.8111,698.82806,584.0983,713.0168,597.6465,731.45685,17.354605793092468,583.0779077259944,713.1472334187932
75,4,563.81433,698.00824,582.97766,712.2532,596.67053,730.7754,16.900659875456086,582.7018549453941,712.5793486093805
76,4,565.0775,699.05756,583.6433,712.6513,596.41394,730.85345,18.735166104326275,582.4204390969238,712.1367238331545
77,4,565.0767,698.7741,583.69037,712.77637,596.05817,731.1397,19.08696028788436,582.2470510565133,711.83831281494
78,4,564.99036,698.66394,583.4805,712.84686,595.8405,731.0775,18.373493862087955,582.1309435452945,711.6636139105859
79,4,565.76,699.14935,583.82947,713.38495,595.625,731.3006,18.40740765141372,582.0053347456999,711.5822616336968
80,4,563.7633,698.1509,582.5675,713.0846,595.33435,731.14246,16.28429254994981,581.8034428401622,711.5638904978779
81,4,562.247,697.6613,581.2951,712.97253,594.8623,731.0998,14.39429871290221,581.4708650529122,711.5781350167335
82,4,561.5642,697.44794,580.69214,712.9221,594.80756,731.0991,13.196448302652788,581.0027147753718,711.5946297038682
83,4,561.3146,697.8076,580.3502,712.88477,594.30865,730.5809,13.353191510502931,580.4064844407613,711.5830090728874
84,4,559.45795,696.906,579.1026,711.88184,594.1312,728.9114,11.251864132604254,579.6896664823006,711.5129076373954
85,4,556.57965,695.1259,577.01746,710.73425,593.7481,727.2869,7.324720337063026,578.8615097999766,711.3317941143561
86,4,556.6405,695.66437,576.9724,710.61475,591.8377,726.4215,10.430508939767174,577.9382891608406,710.8984740341689
87,4,555.8282,695.4343,575.2878,709.3288,589.7747,726.13556,13.712142322100608,576.9380357987116,710.137130205194
88,4,554.02496,695.6305,573.8126,708.03156,588.3143,725.0159,17.432884026012303,575.8787809474076,709.3221177341943
89,4,553.88007,695.1541,572.867,706.89185,587.83374,723.9519,17.015241917724094,574.778555840747,708.7373901098763
90,4,554.748,695.3608,572.3862,707.7223,587.34644,723.5059,11.510075275373282,573.6553917125481,708.3551220503153
91,4,554.7752,696.281,571.5075,708.58374,586.27686,723.4485,8.858560974527846,572.5273197966293,708.0695435809293
92,4,554.577,696.7231,570.97473,708.91144,585.619,723.45197,8.173033849628407,571.4123713268089,707.7748847271357
93,4,552.2495,695.66077,569.91077,707.92664,585.4339,723.3576,10.049153316177112,570.327623583355,707.3896856214676
94,4,549.5811,694.54535,568.45074,706.676,584.81274,723.18445,12.519565925960883,569.2863380323361,706.9297268249189
95,4,548.42426,693.18427,567.64435,705.4698,584.52655,722.5888,12.81226967288423,568.3008221862701,706.4350990055998
96,4,547.55646,692.9474,567.27185,705.3557,583.925,722.1974,13.137348253329524,567.3833835576754,705.9458928316193
97,4,546.92566,692.648,567.2992,705.44006,583.1665,721.9643,14.038091815241026,566.5463296590699,705.492536206977
98,4,545.47144,691.93036,566.8513,705.14453,582.6606,721.283,13.871611780554936,565.8019680029716,705.0668059792322
99,4,544.6169,691.5564,565.50555,704.3631,581.06696,719.8963,13.435880234247556,565.1626061018992,704.6508162318331
100,4,545.5619,692.0161,564.9139,704.174,578.5492,718.89185,15.047352496995115,564.6405514683704,704.226681048229
101,4,548.63104,693.0223,565.585,704.51465,577.2681,718.2869,15.560207096314048,564.2337523342586,703.7814569863134
102,4,548.5069,692.1888,565.3184,703.2875,577.1622,717.42267,16.608518978901152,563.8827198088579,703.3219705017593
103,4,548.0717,691.51575,565.4663,702.3501,577.5531,717.1372,18.820866403858727,563.5136057208172,702.8599905246841
104,4,547.6521,691.05457,564.65845,702.2981,577.2975,716.9595,15.766402726428952,563.0525618987862,702.4072859852058
105,4,543.2718,688.66797,561.9346,701.3078,576.609,717.20197,13.17617795076975,562.4487984854649,701.9699746104748
106,4,542.7612,688.5724,561.09216,701.9038,575.8218,717.21436,10.080848870511243,561.7437588797603,701.5315693157733
107,4,541.84717,687.6695,560.33685,700.8443,575.5949,716.43616,10.148191586909808,561.0019447946306,701.0699318134159
108,4,541.3622,687.5451,560.1543,701.0115,575.6856,715.57654,7.535879555353287,560.2878579430336,700.5629238157177
109,4,541.5583,685.2403,559.9825,699.37195,575.766,714.3988,6.104384139899784,559.6514809042642,699.9939949044591
110,4,541.9696,683.8214,559.82794,698.6634,575.7924,713.04596,2.28627486387206,559.0847197229631,699.3689461392827
111,4,540.25854,683.01373,558.9454,697.79285,575.5359,712.01605,2.266845033968904,558.5649613101078,698.6991664492972
112,4,540.086,683.27045,558.35455,697.5707,574.4985,711.3699,2.469341089740762,558.0695925766757,697.996044763611
113,4,539.5846,682.9153,557.8797,696.6947,572.9227,710.6538,5.873462273657158,557.5760004336444,697.2709700113323
114,4,539.82837,683.02344,557.4383,695.77454,571.35046,710.031,9.792536582897936,557.061571791991,696.5353311215696
115,4,539.4163,682.0044,556.8817,695.2564,570.92865,709.55725,8.323456553682998,556.5036935626933,695.8005170234314
116,4,537.04926,679.7104,555.6372,694.31024,570.3377,709.4976,7.7855306962848765,555.8797526567284,695.0779166460261
117,4,535.568,678.56726,554.5299,694.0185,569.87085,709.1949,5.515976166985857,555.1749035577875,694.3781967954908
118,4,535.27454,678.76483,553.6786,693.9542,568.3866,708.6826,5.505876921541162,554.4053710404155,693.7091357860779
119,4,534.96436,677.9428,552.8509,693.3399,567.6022,708.2256,4.537211933871735,553.595147451871,693.0777898090688
120,4,534.38165,677.13214,552.5933,692.6779,567.86743,708.16583,4.913584703172185,552.7682251394124,692.4912150557446
121,4,532.36774,676.3224,551.6003,692.06744,567.51117,708.02106,5.770780905194797,551.9499287019034,691.9564677173867
122,4,530.31934,676.37335,550.7578,691.7865,567.4092,708.3684,7.859425920375366,551.1709117446286,691.4806039852759
123,4,529.11584,675.81006,549.91473,691.4049,567.2296,708.09106,7.078367983064713,550.4631601244773,691.0706800506939
124,4,530.8879,676.7389,550.9319,691.66187,567.63153,707.939,7.597888038655182,549.8586596983394,690.7337521049216
125,4,530.0901,676.4232,550.4674,691.6348,567.66956,708.1892,7.159495164990847,549.3815353068841,690.4762534499799
126,4,528.6236,676.04694,549.78204,691.5331,567.6853,708.14453,6.655669460716408,549.0244677258991,690.3021258308482
127,4,528.6754,676.1493,549.6139,691.72015,567.232,707.9364,5.991160965323087,548.7722767149529,690.2146881032455
128,4,528.4067,676.09326,549.6668,691.65674,566.96857,708.33167,7.737103678388958,548.6097820336131,690.2172591228907
129,4,529.2888,675.8074,549.7858,691.6459,567.07574,708.16833,6.005703538578398,548.5218034414478,690.3053318266487
130,4,530.677,676.63513,550.2669,692.0582,567.0724,708.07294,5.406532486869111,548.4931606980247,690.4430954759681
131,4,529.7799,675.73737,550.2006,691.67096,567.1123,708.33685,6.616898574904281,548.5086735629116,690.5869134134439
132,4,530.95166,675.7465,550.3797,691.6519,567.3457,708.05255,4.722731439881653,548.5531617956768,690.6931489816707
133,4,530.87286,675.5241,550.11755,691.645,567.4633,707.8723,3.1396826555166166,548.605285381394,690.7240181626609
134,4,530.1157,674.77997,549.4468,691.18665,566.68304,706.70557,1.6768976995806937,548.6190652071612,690.6651474960995
135,4,531.0551,675.41705,549.4485,690.8477,564.64374,705.30255,3.575331717750567,548.5423623855827,690.5080161610895
136,4,531.0273,675.18805,548.448,690.01447,561.6955,704.22314,6.604558056724848,548.3230380292626,690.2441033367332
137,4,529.2085,674.09015,546.49396,688.3221,560.03156,703.33716,8.495904103268927,547.9089532508053,689.8648882021339
138,4,527.3593,672.33374,545.2809,687.535,560.04865,703.51227,6.947970738495675,547.271432107614,689.3684808269096
139,4,526.0705,671.5946,544.3364,687.6149,559.8343,703.513,4.477634393604015,546.4756504362884,688.7795148427382
140,4,525.98724,671.21545,544.2755,687.5753,559.77264,703.4612,3.8953600776268895,545.6102470182274,688.1292547718135
141,4,524.88385,669.578,543.64813,686.1787,559.5828,703.0579,5.149628869708053,544.7638606348294,687.4489651363288
142,4,524.13776,668.5164,543.2049,685.69507,559.3069,702.3497,3.9491307636841047,544.0060792537693,686.7652810259978
143,4,524.42944,667.7454,543.26294,685.18713,559.3577,702.1256,3.660248515451249,543.3302875878236,686.0863198006169
144,4,523.73175,667.2145,542.3319,684.4591,559.01263,701.5927,2.933114862102648,542.7108195360455,685.4155693875025
145,4,523.1599,666.2484,541.60986,683.7897,558.7334,700.982,1.5612247228441174,542.122008997487,684.7565177139714
146,4,523.81683,666.85846,541.2945,683.4604,558.2908,700.4371,1.43871865767063,541.5381898712013,684.1065974519254
147,4,523.60834,666.9488,540.4416,682.78784,557.4655,699.97955,2.024004044366177,540.9336960562404,683.4390202516065
148,4,524.01385,668.6284,539.9267,682.5361,555.8017,699.2549,5.329912349407601,540.2828614516576,682.7209425078426
149,4,523.7536,667.9325,539.0328,681.2339,553.98474,699.01105,8.892117565626972,539.5600199565049,681.9195206154606
150,4,522.37415,665.6282,537.82294,679.64044,552.7641,697.7566,8.277682573138463,538.7506123536688,681.0186197579551
151,4,521.9509,664.96533,537.6559,678.7141,552.5285,696.6003,9.055707891701417,537.8845069613697,680.0689402734869
152,4,519.2073,662.3999,536.123,678.16113,551.7213,696.93066,7.29533034505153,537.0026789816613,679.137891288884
153,4,519.0734,662.29486,535.5052,678.08765,551.04834,696.6217,6.151922360446698,536.1461036165978,678.2928819309743
154,4,518.15125,662.2291,534.6903,677.727,550.8254,696.26447,5.825073377946148,535.3506868576973,677.5834603065804
155,4,516.9954,661.066,534.4955,677.16943,550.89966,695.5975,5.705197632711606,534.6320578543371,676.9877304425016
156,4,516.9011,660.71124,534.6445,676.9667,550.9405,695.2158,5.741804607429813,534.0007765453585,676.4659353455326
157,4,516.4793,660.0691,534.20575,676.60956,550.698,694.8024,4.789170158628985,533.4674028696031,675.9783180224675
158,4,515.9357,659.7313,533.19434,676.08435,550.28577,694.1524,3.1344406362739496,533.0072554250143,675.4867787787738
159,4,515.99426,659.72485,532.59937,675.3841,549.786,692.6474,1.8067777654678097,532.4546874459411,674.959847114612
160,4,517.19525,659.8717,532.2149,674.943,547.5644,691.1292,1.4214771499659582,531.665718749694,674.3677098288159
161,4,513.82324,657.3723,529.55994,673.3884,544.61304,690.59985,3.322956819250254,530.7240008490185,673.6805537202198
162,4,512.86615,655.9536,528.3996,671.74756,542.733,688.21405,3.48543131623104,529.7504956894632,672.8825788208363
163,4,512.2379,655.3413,527.6433,670.77454,542.1401,687.80725,4.546828856374938,528.7877752523523,672.014038095396
164,4,511.70853,654.4645,527.0505,670.5765,542.4941,687.57074,1.3345686470217837,527.8588140279538,671.129197741809
165,4,511.6137,654.40546,527.1854,670.64166,542.4174,687.0923,1.005804402912798,526.9865865065361,670.282323957985
166,4,510.4999,653.7647,526.30994,669.6669,541.78314,686.6649,2.522044758709886,526.1893167725683,669.5149646617198
167,4,509.32925,651.86615,526.09094,668.2548,542.2072,685.9537,3.324193856334659,525.4662272873246,668.8177946503533
168,4,507.8943,650.6395,525.107,667.97,541.6784,685.20276,0.9253500677394844,524.8117901062801,668.1687704411111
169,4,507.05978,650.721,524.3756,667.9893,540.79156,684.2391,0.2112177217315485,524.2204772849102,667.545848551219
170,4,506.66534,650.2244,523.8946,667.0315,540.5078,683.642,0.7052664088964832,523.6867608786898,666.9269854979029
171,4,508.17392,650.51697,524.3403,666.7588,540.294,683.10535,0.5637122188148794,523.2001832089456,666.2898728041519
172,4,507.7951,650.76263,523.8563,666.32635,539.28436,682.5958,2.4218006215063648,522.7305676604079,665.6111420160069
173,4,507.37964,650.4051,523.09845,664.8425,537.42584,682.0368,7.629849059145027,522.2428078836581,664.8671596852726
174,4,505.74008,648.3661,522.08777,662.9114,534.43604,680.7499,13.647058438540984,521.7017975292773,664.0342923637529
175,4,503.76706,647.1632,520.83575,661.93463,533.27295,679.5432,13.892663844203552,521.0818211367285,663.1075289675681
176,4,501.60684,645.6026,520.0403,661.085,533.11884,679.27954,14.263511383219528,520.3947268009988,662.1563478701004
177,4,500.40396,645.1183,519.20795,660.94,532.86566,679.4282,13.46844082105847,519.661753505957,661.2688498090473
178,4,499.8568,645.3423,518.43286,661.30365,531.59076,679.08716,12.831905461796769,518.9041402354715,660.5331355221066
179,4,499.43652,644.95404,517.83307,661.2859,530.8407,678.8114,11.81918328482789,518.143125973411,660.0075938850183
180,4,498.68823,644.29944,517.2823,660.8516,530.9208,678.3346,10.367106911287337,517.399949703644,659.6317663256926
181,4,498.48932,643.5229,516.86896,660.4336,530.79114,677.69275,8.491973519156957,516.6958504100392,659.3154824100819
182,4,498.903,641.7553,516.3036,659.50085,531.43317,676.5871,2.9132257164882054,516.0520670764649,658.9685717041385
183,4,499.06226,639.96686,515.78107,658.8332,531.1571,676.2457,0.1008705554594338,515.4870134697607,658.5242055820553
184,4,498.90457,638.8445,515.3749,658.5013,531.1803,676.07465,2.008668147528389,515.0078024886485,658.008922650988
185,4,499.37555,638.86084,515.7359,658.2844,530.9222,675.37024,1.5241841257207889,514.6187218148214,657.4726033263323
186,4,498.85934,637.63654,515.27594,657.063,530.4777,674.36804,1.0982485740802532,514.3240591299719,656.9651280234846
187,4,499.04483,637.81335,514.7801,656.425,528.60095,672.7961,0.0484566426433015,514.0845838620703,656.4878095354953
188,4,499.5633,637.5195,514.4001,655.6468,525.7746,671.21344,3.1440443352206167,513.6869924241947,655.8476901660352
189,4,498.16125,636.01666,512.5717,653.7452,524.10706,669.14044,2.262264337623638,512.9606415878641,654.8830474624233
190,4,496.1284,634.08374,511.31482,651.68616,523.8816,668.5793,4.140423633161848,512.0796025732493,653.7513704359511
191,4,495.3726,633.2595,510.12634,651.2355,523.5504,668.5371,1.5702237723833887,511.2594102832525,652.6638002521512
192,4,495.91516,633.14233,509.9659,651.27826,523.2046,668.4483,0.1341703946898555,510.5367399030487,651.7268752295456
193,4,496.3039,632.93207,509.8903,650.88837,522.8548,667.9337,0.142652525997485,509.9035516883809,650.9689899079726
194,4,495.5685,631.13574,509.36386,649.828,523.1082,667.255,1.8340837597989672,509.3518058949918,650.2105665595461
195,4,494.67535,629.7945,509.13422,648.95905,523.02985,666.68787,1.0561029613154376,508.8734627786244,649.2758214357044
196,4,494.0539,627.1351,509.16058,647.1671,522.9983,666.00885,0.7271236511272319,508.4604825950218,648.2121189729036
197,4,494.36,626.32855,509.26035,646.58374,523.0234,665.154,0.2046302344969392,508.1048255999268,647.1226106538548
198,4,494.38437,624.9695,508.73608,645.48047,522.9069,663.8085,2.7295760130217808,507.7984520490824,646.1104479612687
199,4,494.26562,623.1179,508.2402,644.86346,523.2034,663.8736,5.480511882255337,507.5336270097507,645.2557079997375
200,4,494.7393,623.8463,508.18433,644.95044,522.64636,663.5066,5.431159588818583,507.3038347952709,644.546170361376
201,4,494.96564,624.2859,508.3904,645.2581,522.8442,663.3803,5.950714561167731,507.10286453050094,643.9465402601801
202,4,494.4952,621.57947,507.53345,643.97577,522.82666,663.0927,8.45289314953459,506.924505340299,643.4215229101458
203,4,494.83203,622.1163,507.5999,644.08374,522.3694,662.69836,8.263770603316448,506.7625463495231,642.9358235252687
204,4,494.4955,620.561,507.24023,643.37634,522.375,662.39496,9.324471551127136,506.61077668303165,642.4677522928349
205,4,494.38297,620.6825,507.0384,643.3647,522.18164,662.0176,9.91206863504069,506.4629854656826,642.0500392932881
206,4,494.1341,621.1665,506.66455,643.1445,521.5827,661.5397,9.352336945206268,506.3129618223343,641.7290195803622
207,4,494.48135,622.30475,506.91718,643.53284,521.38074,661.58075,8.346003023715259,506.15449487784485,641.5510282077905
208,4,493.8382,621.6091,506.4574,643.2262,520.9416,661.2168,8.562816991716037,505.98477931712983,641.5489450567165
209,4,493.9673,622.29694,505.83032,643.45123,519.8921,660.8799,9.614109103902058,505.81463206533476,641.70182931792
210,4,494.2659,624.08185,506.15195,644.1192,518.86865,660.85333,6.555981758418892,505.6582756076624,641.9752850095907
211,4,493.59207,624.5925,505.95224,644.8614,518.4206,661.5731,5.350717485325221,505.52993242931575,642.3349161499176
212,4,492.63214,624.76807,505.75912,645.0453,518.0129,662.2525,2.537827669477623,505.4438250154977,642.7463267570903
213,4,492.34387,625.7046,506.15707,645.21674,518.1965,662.68805,0.7249675800600318,505.4141758514109,643.1751208492983
214,4,491.6261,627.2129,506.54645,645.52747,517.95154,663.5598,6.856179943260459,505.4552074222586,643.586902444731
215,4,490.4569,628.8986,506.31873,645.17456,518.173,663.4237,11.254821643470631,505.58114221324365,643.9472755615774
216,4,490.0805,630.2183,506.86942,645.0148,517.77325,663.39246,17.928055111535155,505.794072083496,644.2293826366092
217,4,491.21225,631.3937,507.44348,645.4317,517.3251,664.67224,21.95999694661541,506.04756638785557,644.4365197809253
218,4,489.15274,631.3411,506.69202,645.23596,516.34155,666.09863,26.791493344846774,506.2527276007688,644.5795215242065
219,4,487.3106,631.6425,506.02313,644.5628,515.62366,665.5491,30.7938616375207,506.19931317940143,644.6692223961338
220,4,483.6001,633.6568,504.52533,644.4812,515.6583,665.5766,34.82532569731883,505.72082309440293,644.7164569263881
221,4,477.958,634.8946,502.36917,644.4133,515.4923,665.70135,37.04548939547449,504.9470723876369,644.7320596446502
222,4,476.32138,634.56506,501.78204,644.4123,515.3821,665.73596,36.326048023187546,504.08195486877037,644.7268650806012
223,4,476.31735,634.4074,501.76572,644.0904,515.37036,665.2294,36.40386194174037,503.3293643474708,644.7117077639218
224,4,477.01883,634.1846,502.0019,644.0298,515.39264,664.87244,35.77234037480987,502.8390661456459,644.6920439339355
225,4,477.38303,634.748,502.33994,644.417,515.2356,664.89136,36.617690780049614,502.54431163416626,644.6518166685364
226,4,476.32117,635.2253,502.2533,644.4489,515.5667,663.9345,36.07774717958144,502.324223696143,644.5695907552608
227,4,478.01508,634.7659,502.37732,644.4788,515.2343,662.30817,32.467604546447475,502.0579252146872,644.4239309816459
228,4,478.81393,634.32495,502.03555,644.0726,515.0845,660.60596,28.94691101618731,501.6536356488263,644.2062963275586
229,4,477.4389,633.4345,501.02347,642.7826,514.59863,658.8376,28.162471996837237,501.1359607612529,643.9597225421918
230,4,475.60083,632.8877,499.24615,642.4203,514.32965,658.30664,24.52820520007086,500.5586028905755,643.740139567068
231,4,477.0245,632.5993,499.03482,643.168,514.03406,658.30164,19.60649794607229,499.97526437540307,643.6034773437113
232,4,476.5498,632.764,498.91995,644.07245,513.5931,658.6758,18.04606747952419,499.4286216551443,643.6026512547204
233,4,475.97983,633.62256,498.53952,645.184,512.95526,658.8287,16.291537613141507,498.91724757240735,643.778518446998
234,4,475.25604,634.2158,497.9789,645.6786,512.58997,658.7105,14.961372482603185,498.42868907060085,644.138599004931
235,4,474.47723,634.70624,497.60315,645.6592,512.0353,658.18225,15.6056048247108,497.9504930931328,644.569122998542
236,4,474.78287,635.1212,497.5626,645.85645,512.007,657.6824,14.07511393173338,497.4702065834119,644.9352283029266
237,4,473.6129,634.72974,497.02823,645.61145,512.01855,656.71783,11.609346805357278,496.97537648484615,645.1389740278432
238,4,473.05856,634.0397,496.26694,644.4431,511.51364,655.36285,11.465474387628436,496.4535497408442,645.0916495917153
239,4,472.54333,633.6905,495.75644,643.2022,510.30875,653.6892,13.496403499346613,495.89227329481383,644.7045444129661
240,4,470.7353,633.7963,494.76324,641.7319,508.50626,653.2333,21.64917918304158,495.278514268644,643.9653137110638
241,4,469.9348,634.1325,493.69492,640.2449,507.511,652.27814,26.627899787014773,494.59692049814333,643.1670759096535
242,4,470.78513,634.4794,493.0283,640.76215,507.50262,651.9696,21.97777975753552,493.8315599976008,642.5980449496352
243,4,470.6538,635.2111,492.2498,641.6028,506.8,652.1607,19.478482597415628,492.9665007813053,642.2213536367511
244,4,466.82678,635.77136,490.0218,641.9708,503.5735,651.8046,21.00256777269326,491.9970604478536,641.9345681283664
245,4,466.24194,635.47736,489.48395,642.217,502.99054,652.2357,20.39590812714092,490.96355493307397,641.698069123494
246,4,464.66943,634.7495,488.88647,641.66095,503.5952,651.9223,18.97250189544928,489.9175497571026,641.4879409565583
247,4,463.47287,634.98175,487.7864,641.0342,502.53183,651.41364,21.16344899475462,488.91061044007574,641.2802679619845
248,4,462.58728,634.30145,487.5707,640.71985,502.93015,651.3839,20.36421331741697,487.9821358563239,641.0562252335442
249,4,461.35284,634.19745,486.77448,640.52454,502.69778,651.10504,19.62656798537792,487.1228582969553,640.8173509023958
250,4,461.948,633.7074,486.4055,640.8348,502.51334,651.18274,16.47024733102033,486.3113434072729,640.5702738590448
251,4,463.12793,633.20447,485.82684,640.33246,501.1076,650.7135,16.756866304555057,485.5261568325795,640.3216229939967
252,4,462.5365,633.20703,485.09967,640.07904,498.66705,651.38715,22.871403086655032,484.7458642181775,640.0780271977566
253,4,461.54312,633.65405,483.75125,640.2245,495.94025,651.0338,25.08571705823565,483.9490312093699,639.8461153608297
254,4,463.4036,633.8796,482.83365,639.94885,493.50702,649.49097,24.45006975809981,483.11422345145945,639.6325163737218
255,4,464.63074,634.7624,481.0345,638.8504,492.9287,647.735,22.76473372916979,482.2200065897488,639.4438591269378
256,4,460.82358,633.3768,480.44608,639.27875,493.39755,649.2605,20.88153767079642,481.2496678482842,639.2838464306737
257,4,459.29202,635.4662,480.0451,639.6137,492.45706,648.9512,25.6522737354502,480.2053807660855,639.1444767738875
258,4,457.4149,636.2512,478.7717,639.4569,491.75992,648.6648,26.7979478500986,479.0940404609162,639.0148225652276
259,4,455.18658,637.2559,477.23166,639.46246,491.49908,648.57935,26.86274646729396,477.9225420505396,638.883956213342
260,4,468.70743,643.141,475.54816,638.70966,483.6319,643.20715,62.024605567725615,476.6977806527191,638.7409501268794
261,4,463.20294,642.36285,473.39706,638.38257,485.98425,643.6929,44.20209711208996,475.4266513852179,638.5748767144883
262,4,450.41348,638.11554,473.17957,638.45374,490.8955,647.61426,26.49140421719937,474.1160493657996,638.3748083848166
263,4,447.8816,637.5142,472.28918,637.933,491.0257,648.2734,27.910696476346388,472.7728697122274,638.129817546513
2,5,478.223,859.26636,481.39716,862.8308,481.31122,851.84106,138.76281137538348,481.38801271046856,862.7274027211687
3,5,483.68008,856.76086,483.1095,861.6066,476.6474,853.6037,134.3646539352091,482.95515589262055,861.8396392486318
4,5,468.70743,856.51416,482.55374,861.28656,490.76,851.78656,68.1964667139663,482.7513097180851,861.314325691031
5,5,475.4984,859.16656,480.968,861.208,482.35306,850.1919,103.30112248999464,482.0134347387537,861.1003636300751
6,5,485.3721,854.79803,482.9301,861.965,473.44855,853.51605,112.8887134168961,482.1150909439408,861.1466546474732
7,5,465.97195,857.91406,482.276,861.91327,491.74606,848.99713,67.53320365656462,482.5746836242165,861.4021003249336
8,5,465.497,857.37,482.67096,862.06915,492.7883,849.32733,66.8522861999546,482.61745044998935,861.8156022441652
9,5,462.1163,857.3852,480.67856,863.67554,492.81094,851.0883,64.77450997894054,481.7689130068113,862.336061986877
10,5,461.3616,857.3194,479.126,863.0669,493.32718,850.05743,60.42076304429855,480.53003540295185,862.9123811347775
11,5,460.63852,858.2025,476.96878,864.31964,493.11566,849.39087,63.29062593326467,479.51202794097946,863.4954273581117
18,5,463.59882,859.1369,475.03714,866.41174,492.18622,846.5545,81.64210599507254,477.5351460348276,864.4087000403271
19,5,459.2161,856.8159,477.96152,860.6497,493.47433,847.1578,52.57312139049463,477.31350390830374,863.6622169285105
20,5,462.57224,858.62134,477.24997,859.9484,492.13138,845.77893,48.76254993658912,476.9796876374864,862.850282046019
21,5,458.66028,858.2475,478.19815,860.597,491.80096,846.16376,53.55364014231858,476.5767468777909,862.1773506188807
22,5,456.2714,858.55646,476.0802,861.2087,491.55145,846.44543,51.28456929809416,476.36698465793717,861.6888894211445
23,5,457.4645,858.857,478.76483,860.2263,490.74496,845.4247,54.69230098809115,476.55741762054106,861.3906181138638
24,5,458.4518,858.1542,479.70627,861.2843,490.2413,846.45355,62.98957675547105,476.91466349050006,861.2882563580926
26,5,460.37787,860.06525,479.15408,863.0858,491.48373,846.91284,61.81849111813332,477.2498211820559,861.6105110088512
29,5,455.1697,863.0329,476.66577,864.9365,486.92807,847.50433,64.57549161250456,476.90239203732364,862.608573731838
31,5,454.70804,861.90125,475.13196,866.3139,485.30472,851.41125,67.87355753400556,476.42056385063245,863.0471695773463
39,5,461.56897,862.2343,480.44437,864.5948,485.99063,844.0348,82.03139510856165,477.19488246444985,863.7610242657524
40,5,462.13135,862.58344,482.47528,864.8361,486.61807,842.41974,85.84788442421795,478.0236548294299,863.9678367961187
41,5,463.11752,862.5995,482.1926,863.2223,487.17368,842.53876,78.3297132783146,478.99189436514655,864.2370010339871
42,5,462.56302,862.1684,483.04352,865.2153,488.01862,840.3565,87.14446039722746,480.00872087086066,864.5708291144665
43,5,466.4816,864.76733,483.25113,867.0341,490.87268,838.1754,82.90419746675659,480.9832541458333,864.9716331726663
44,5,465.8796,865.4273,482.91193,865.77435,492.24744,835.91846,73.80356888806214,481.8099637330449,865.4208044718763
45,5,466.89008,863.4429,483.11267,865.721,493.56006,838.809,76.77727162521892,482.32471815035404,865.8160507881071
46,5,473.75076,855.7856,482.54767,865.21686,491.12173,846.83594,111.98574549504984,482.34873565933896,866.1236979933852
47,5,483.3396,859.17847,478.55322,867.83563,471.18338,848.80475,129.89341188529116,481.70323452157777,866.3366041275194
48,5,483.87958,831.89734,472.71152,861.9539,456.69904,862.3075,68.35159107471334,480.3177656453684,865.6060630718141
49,5,480.20786,835.1498,472.39563,858.3509,464.64453,859.63873,61.95721641156792,478.55521052588716,864.3333117555546
50,5,482.2529,835.0469,472.5188,860.7325,460.87836,859.9374,73.1522856298329,476.88678330503006,863.31497879591
51,5,476.1325,838.5083,473.5167,862.36694,462.93436,860.881,91.73635342992505,475.69817857269976,863.0948175344346
52,5,471.17804,843.1066,474.36435,864.35486,468.2284,856.9369,148.93164533448277,475.0330127108254,863.2050802102265
53,5,466.8131,846.0552,475.93823,863.1091,472.83548,851.4467,166.7482259823336,474.84938254934303,863.0669408883535
54,5,477.72748,845.42554,477.81613,862.49396,461.10776,852.4613,121.2805801628332,475.105384918188,862.6687620402214
55,5,483.0741,840.36237,477.3732,858.8609,464.87524,854.536,91.9597633869241,475.71790706975787,862.1723213220612
56,5,482.53778,843.98535,480.3356,863.331,457.9175,854.62885,104.72076357641498,476.4389979462948,861.8658687230632
57,5,451.05637,861.22375,479.9502,862.1751,493.701,836.57043,63.64815387632899,476.9794969125024,861.8696093689676
58,5,451.76602,860.9675,479.2237,861.1615,492.39944,837.1206,61.67954877615035,477.0502433330844,861.5050965987515
59,5,492.63718,833.1738,472.8242,855.7158,456.8083,863.6911,22.21507840583388,476.47868147037246,860.181208580655
60,5,493.67346,831.7462,471.9398,853.6803,455.92465,864.68695,10.76356834949453,475.5586751772104,858.4547745867301
61,5,494.09732,832.24786,472.49075,854.3753,457.31403,864.5061,11.958381352236504,474.7006932040703,857.0136265458411
62,5,496.4287,832.18774,475.21548,854.46027,453.00378,863.9721,23.21311378196295,474.31520430142405,855.9216559102863
63,5,498.3999,831.5017,477.17072,854.23584,456.3225,864.92694,19.81152928065175,474.6956578291707,855.0805238891651
64,5,500.02194,830.5958,479.1334,853.86743,456.92477,864.1006,23.349899379285933,475.667425584918,854.3669111953466
65,5,500.85764,829.9572,481.68622,853.6403,464.32346,864.03625,20.09889802669589,476.93885997570055,853.6512534176425
66,5,501.20096,829.9547,482.5491,853.027,471.94824,864.1316,4.718083555551889,478.2546422176585,852.8360372461677
67,5,501.71198,829.2824,482.45166,851.74286,470.85797,864.04785,2.6813905363345203,479.50476876335347,851.9519537762492
68,5,501.91187,829.1442,482.86633,850.5323,471.1694,862.71265,2.155857798001312,480.6155648744527,851.061745204517
69,5,501.26025,828.9454,483.53253,849.63513,472.60187,859.896,6.219242230510423,481.513355812623,850.2281537276007
70,5,501.6575,829.03613,483.52222,848.8368,473.74573,859.8219,0.8180492038114987,482.1516225404606,849.5101478589571
71,5,501.75348,829.4349,481.6517,850.32965,477.86887,863.7009,28.095243056913876,482.5924688242774,848.9516013793499
72,5,502.17776,829.19,481.83133,849.8671,479.82812,864.42993,36.70592070651679,482.9251541313139,848.5926143863686
73,5,502.2984,829.564,482.40863,851.0885,481.4145,864.0316,38.34742156167224,483.2389379288111,848.4732869776037
74,5,502.27292,829.03107,483.43585,850.9605,481.25702,862.6006,30.059950679410843,483.58636352106953,848.5988041430722
75,5,503.08575,829.75256,483.56342,850.8182,483.81076,860.1746,44.33679609242218,483.8731095606296,848.834690442501
86,5,509.7114,846.668,491.7815,847.2944,500.23682,832.85516,122.35310975488726,486.1668210482347,847.8980497938305
87,5,511.35748,846.96576,492.1082,846.4926,500.01794,832.8363,118.67145991767308,487.6206174867839,847.4698606910949
88,5,510.06067,846.87335,491.4385,846.6183,500.18668,832.7744,121.50473728943282,489.4418946723718,847.0320403671476
89,5,514.1211,846.7787,494.88107,849.30853,497.0468,833.38715,105.237013102597,491.3540504411496,846.8173175397709
90,5,517.2279,846.37726,495.54755,849.39844,498.2508,830.94495,106.26710268016926,493.01474663305885,846.9834588645888
91,5,514.95276,846.7102,495.608,848.66626,497.88968,830.9452,103.11062290268087,494.231649900057,847.2727564284239
92,5,515.1038,845.9337,494.824,849.2034,498.5323,830.6153,110.4412092261405,495.4124461421633,847.5874979635785
93,5,518.6946,842.3876,497.51938,849.86816,496.3522,831.1579,105.8872791719274,496.9372396766764,847.9003350124011
94,5,522.42993,842.5589,500.347,850.44336,496.29883,830.9367,97.92451526415702,498.4757892419525,848.183919117242
95,5,520.6555,842.1793,499.95102,849.3705,496.76724,830.23987,99.70457692557274,499.6372251801737,848.4098602019714
96,5,521.0156,842.6729,499.2304,849.0027,497.64194,829.0628,101.64667863059098,500.49850982777,848.5456017165463
97,5,519.6061,843.3713,499.46832,848.76935,497.25967,829.0377,98.61898842949796,501.2535635197336,848.5575454924455
98,5,519.8733,842.941,500.74557,848.2234,497.68958,828.818,96.48875013880875,502.0963065910563,848.4120933611463
99,5,524.0208,841.01874,503.69562,846.41815,496.63068,829.7125,81.95320395641896,503.13939617177545,848.10617886647
100,5,523.74255,840.98425,503.50122,846.9665,496.73767,829.9107,84.83379093649779,504.1704365721088,847.7588624016054
101,5,525.3025,839.6698,504.3292,847.6696,496.18155,830.98865,84.84557509795658,504.95108917720995,847.4925879855597
117,5,531.74884,840.6563,510.47845,845.73883,493.60568,831.0111,54.55544068569179,507.08766487924356,847.0961822224655
118,5,530.8485,840.04816,509.95874,845.71747,492.99847,830.65906,56.78458955230774,508.4794264630342,846.6769425707806
119,5,531.8935,840.2062,510.35034,846.0797,492.84378,830.65094,56.64065707768157,509.97785136249524,846.3496802760301
149,5,486.143,830.0594,499.9944,835.719,495.74313,825.14484,134.12685931074552,508.65902892184187,843.9570878901022
150,5,494.68338,826.64526,500.22705,834.1499,487.20447,828.14355,151.21361037893786,507.48172440715996,841.34867922975
151,5,493.3709,825.29834,498.605,833.75696,486.91962,828.2723,146.89235354983316,505.9524545721011,838.6704685579589
152,5,491.93677,832.14124,494.85178,830.4395,482.863,820.1217,109.0084655464332,503.90127509665245,836.1845935694356
153,5,490.5588,831.93353,494.7151,829.8758,480.4681,819.0902,116.53306839365018,501.7247051251425,834.1531919588856
154,5,490.29996,831.7441,494.04773,831.20685,479.3182,819.74176,133.94611364024908,499.9964327321462,832.7225121684181
156,5,489.52856,833.7234,493.94583,828.82227,479.80365,818.33954,95.48033183084289,498.2836076859794,830.2781945220172
157,5,489.26706,834.9628,492.89447,826.6046,476.64496,817.37897,83.87482045306922,496.6568272820501,828.5461479171549
158,5,487.25214,836.0387,490.14618,825.41455,469.9279,818.32214,85.9073507886283,494.57976203342,826.6858424584082
159,5,487.92804,836.03186,487.87003,824.2825,468.92612,818.32184,72.25110512191608,492.58365682039414,825.0721455136636
160,5,485.76703,837.446,488.31772,824.6326,469.04517,817.8272,81.8095390508483,490.79232991673734,823.7604997780968
161,5,486.5229,837.4958,487.96518,824.40625,469.1151,818.5765,79.10255478075425,489.22774294458014,822.7264917787056
162,5,468.60242,818.30206,487.55957,824.65314,486.54123,837.423,76.03743679553729,487.911857526053,821.9457080424884
163,5,467.71295,818.8352,486.86038,824.2631,487.12018,837.39496,73.03964343055007,486.8495255833868,821.3937350964425
164,5,467.5855,819.5406,486.45813,824.13007,487.14566,836.8341,73.23424664926144,485.97716023921646,821.0461594675658
165,5,467.75568,819.041,486.5964,824.02203,486.08228,837.76855,77.33314114033577,485.2140649162778,820.8785676828568
166,5,468.18597,819.63086,486.15015,824.3603,485.9236,837.36993,76.24798824113489,484.488087963555,820.8617221620284
167,5,469.14743,820.097,485.5094,824.4944,485.98593,837.4117,72.84406462881394,483.76125743502723,820.9470888956577
168,5,464.13345,821.2483,483.43933,823.99426,485.98013,837.85815,71.51961909513963,483.0041463109225,821.0813097670365
169,5,461.1495,821.9802,481.9729,823.83417,486.4,837.9565,67.50699578183306,482.18732757146853,821.2110266594569
170,5,459.9122,821.9657,481.3053,823.9008,486.9353,837.219,61.91607712500868,481.30683088279716,821.2926013246102
171,5,460.58188,821.86414,481.62836,823.5126,487.8901,836.99774,60.61403750362072,480.4605126546566,821.3212749877841
172,5,459.10895,821.94366,480.6006,822.84375,488.53638,836.8027,57.98313720925889,479.771685982699,821.3020087426652
173,5,463.2954,821.7613,481.0079,821.2217,490.60153,835.2663,57.40868610260771,479.36366396257665,821.2397636829397
178,5,460.94244,820.9231,477.96786,821.4036,489.3109,836.11945,50.75802562574349,478.6112150837063,820.7385799544638
179,5,458.61353,821.679,476.04745,820.1994,489.40726,834.71814,52.2315227941612,477.2066088774618,820.727275225956
180,5,451.06888,821.39136,471.28366,822.4869,488.27243,835.29626,33.913923657355646,475.06328555102976,820.7886719655901
181,5,448.28342,820.9888,470.06296,823.20844,487.68503,834.8946,27.73131116341241,472.969581721949,820.9412233715432
182,5,446.28824,820.67303,468.79654,823.2469,488.51447,834.6776,23.57787499504585,471.70024705026935,821.188628063877
188,5,446.53268,818.20483,464.7867,819.85046,486.6037,830.7607,21.417294817201864,468.81228359593416,821.0506622235147
189,5,443.31067,820.0404,462.1747,819.0826,486.22766,830.47235,28.245621415315345,466.41092939434833,820.2880839487199
241,5,559.6448,727.5603,581.5518,745.93036,587.83075,778.47797,39.09953537852,491.0176602204464,803.4308828899813
242,5,547.5868,720.5424,577.876,735.03326,590.3549,766.85956,43.02286440161578,511.6814329454424,786.50193680653
243,5,545.808,720.48804,577.5165,732.47833,590.3066,759.4955,43.95312957037991,529.6747576912081,771.1514763958235
244,5,547.7962,720.7264,574.5726,730.2671,589.91235,752.3865,35.64717627999361,544.3357963781829,757.7319237343617
245,5,546.5091,720.9971,572.51495,729.5479,589.28986,749.07043,31.12779596340772,555.906311289071,746.0833263961479
246,5,539.3258,722.1654,569.42236,727.30365,587.1995,742.6563,31.12602544184657,564.7967337265474,736.5058237280967
247,5,539.1155,723.18115,568.7261,728.7115,586.5468,744.3902,30.76218757980583,571.4596622482777,729.2793566473964
248,5,539.69055,725.31354,566.49677,732.89355,588.5433,752.4656,25.80804551781218,576.3476954119291,724.1429805794126
249,5,538.81396,725.35046,566.7558,733.6908,588.6295,751.6919,22.833071242938495,579.8705560073525,720.719817465687
250,5,541.0895,725.9958,567.9423,735.6152,588.9027,754.65283,22.539032806979534,582.2664637531384,718.7101408042852
251,5,540.32184,727.2271,567.21436,735.466,588.8895,753.65076,22.96237686824191,583.7307626000623,717.8335119824027
252,5,541.4035,729.9125,567.2325,735.8596,588.9285,753.44635,26.061677667132862,584.4587964988993,717.8094923872352
253,5,543.2506,730.27167,568.1045,736.44836,589.7611,755.4965,27.37694534499906,584.6334843557293,718.3755960756656
254,5,546.9301,731.2276,568.1995,738.1329,590.3652,757.8449,23.66046177506339,584.3880448978489,719.3411477833217
262,5,524.7972,728.42755,559.57544,737.02136,586.8679,750.4957,12.395781221618172,581.7951878174255,720.7189787744497
9,6,552.91736,868.45685,544.1398,878.22656,533.1578,875.03656,64.25922812579438,544.1400778584382,878.2264648932963
11,6,556.9547,868.6918,549.07007,878.0211,534.5561,873.3947,67.47730958076019,548.4643909354614,878.0464517047357
31,6,552.39966,872.6538,535.12646,880.12915,521.2278,876.46,38.18977601700748,538.8504430368947,879.6353377930856
47,6,506.49368,872.69037,507.84903,884.2716,522.27686,870.1074,127.79676273368707,516.820188768369,883.0127620251258
102,6,599.3137,732.8225,601.41296,762.82794,607.8529,789.2372,9.702209321551411,561.7896618709182,813.6294118235297
103,6,598.4555,732.7844,600.7847,762.81213,607.6333,789.17206,10.12853828167553,584.3444187370347,777.5654964178312
104,6,598.19714,732.7992,600.26447,761.928,606.7278,788.60284,9.560694405393178,598.0218976663965,756.6155466634418
105,6,596.88885,730.68604,598.9324,761.3163,605.3454,788.93195,9.256886028813156,605.628661369683,744.3304125629402
106,6,597.1795,732.1653,598.3267,760.8128,604.2447,788.0224,9.97724730524235,609.6303145249834,736.8976195501726
107,6,596.905,732.7901,597.84436,760.953,603.32196,787.55615,9.724313032947192,611.5206789748124,732.8133344346568
108,6,596.3901,732.8117,597.4894,761.14734,603.70874,787.23267,11.188557401954457,612.5500802077868,730.7375289828808
109,6,596.12335,732.6819,597.1847,761.23254,604.27893,786.51544,13.54487013119373,612.9948582969315,729.9853947892161
110,6,596.83093,734.5486,596.4724,761.96246,604.4777,785.64105,19.428760013736508,612.8878569613742,730.0359284050066
111,6,596.8276,733.21423,596.01294,760.8977,604.0932,785.26117,20.03389246264456,612.2996708187044,730.4494062911582
112,6,596.9752,732.60535,595.9319,759.19824,603.0696,784.81744,17.815002677033235,611.451898080359,731.111224546833
113,6,596.69556,730.6675,597.17236,758.56384,603.2128,785.32117,11.74207123315061,610.6038878562375,731.9880591807567
114,6,595.9119,728.2222,597.8446,757.0946,603.6704,785.66565,7.695364667318671,609.9459283450905,733.0465862016553
115,6,595.40155,727.21454,598.41205,756.56067,603.77686,785.87427,4.513926404591494,609.3920641010745,734.2534816182545
116,6,595.08954,726.36383,598.6056,756.6095,603.9403,785.5565,3.811153231379065,608.7872787671981,735.5754214392803
117,6,595.0194,726.07056,598.7597,756.5499,604.0283,785.3933,3.3556135683711297,608.0133327878087,736.9790816734583
118,6,594.147,725.3337,598.16736,755.68396,604.0228,784.41376,3.97394559516123,607.0990938126099,738.431138329514
119,6,593.84094,725.70996,598.0653,754.98193,604.1608,784.6114,3.4131161273771635,606.1102062926444,739.8982674161739
120,6,594.0091,725.5539,598.0406,754.672,604.5467,784.3595,4.478465453403484,605.112314678955,741.3471449421631
121,6,594.1579,724.03125,598.21625,753.8761,604.8736,784.022,4.709564412523484,604.1710634225846,742.7444469162077
122,6,594.3134,725.33044,598.3737,753.92413,604.9674,783.58527,4.451090732369393,603.3364123739361,744.0570981425992
123,6,594.00494,724.1235,598.2438,753.6686,604.89215,783.6412,4.342079764842316,602.5955829808555,745.2530186078919
124,6,594.1677,722.8136,598.44135,752.9427,604.9543,783.12024,4.105606797867085,601.9201120905485,746.3003770942059
125,6,594.22034,722.03485,598.6358,752.0907,605.1474,781.94946,3.944963260746033,601.2815365502208,747.1673423836611
126,6,594.48193,722.4355,598.5013,751.9677,605.85376,780.92413,6.496820569078919,600.6513932070786,747.8220832583772
127,6,593.555,720.99084,597.7463,750.8072,605.9643,779.1798,8.15181876866585,600.0012189083283,748.2327685004748
128,6,593.8266,720.65137,597.3756,749.52997,606.1201,775.8245,11.388871766410537,599.3196037812036,748.3781235851151
129,6,594.1474,721.5769,596.9354,749.0002,606.33154,773.6557,15.056544640507818,598.66335107305,748.2791007596237
130,6,594.07837,719.6207,596.332,748.0849,606.12683,773.0441,16.899896284375775,598.1063173112415,747.9672089643684
131,6,593.5676,716.9828,596.9996,746.23645,605.4947,772.47534,11.248713276901032,597.7223590231521,747.4739571397167
132,6,594.3927,716.2351,598.5733,745.19855,605.7663,772.4478,6.573665520830365,597.5853327361556,746.8308542260359
133,6,595.4306,714.5366,599.7624,744.0661,606.7692,771.7616,5.852299325007529,597.7382920503961,746.0727628952151
134,6,595.5198,712.3493,600.21295,743.127,608.63165,771.63184,7.78411880381511,598.1010788571,745.2479607452308
135,6,595.8983,712.5898,600.56195,742.78046,609.78613,770.96173,9.342875319200909,598.5627321202633,744.4080791055802
136,6,595.79846,712.7231,600.58673,742.84436,609.6405,770.84973,8.882811361648738,599.0122908038821,743.6047493057612
137,6,594.38055,712.3697,600.28357,742.52875,608.8737,770.99756,5.716111681250813,599.3387938719528,742.8896026752716
138,6,592.71484,711.1233,599.4869,742.2418,607.96893,770.7053,4.316519254160695,599.4312802884716,742.3142705436094
139,6,591.7264,711.3545,598.0632,742.396,606.19714,771.1322,4.266730120145698,599.2223937813426,741.9087259288759
140,6,591.1074,710.1973,597.45123,741.9714,605.67505,770.7695,4.646797223977435,598.8191971341006,741.6163086035888
141,6,590.82874,711.143,597.5412,742.3136,605.353,770.88525,3.1387472220953843,598.3723578941879,741.3587000288694
142,6,590.6431,711.69666,597.19617,742.0849,605.0967,769.88196,3.697187654427095,597.9919543202496,741.0575816658392
143,6,590.0892,710.241,596.7,740.4823,605.1975,768.24005,4.689890905186633,597.6257075157453,740.6346349756192
144,6,589.92365,709.1005,595.9996,738.87317,605.0689,766.2406,6.80036946701041,597.2020728983393,740.0316157751505
145,6,589.9501,708.5991,595.6303,737.634,604.8815,764.1389,8.17149627410287,596.734800297707,739.2705773046504
146,6,589.9421,709.2564,595.40186,737.3739,604.65094,762.87036,8.949926672035065,596.2589631465263,738.3936471601552
147,6,589.56256,709.05316,594.5938,737.09503,604.2836,761.88416,11.178309514432325,595.8096348774749,737.4429529377011
148,6,589.2795,707.12506,595.4301,735.4514,603.52795,761.56,4.981102384154862,595.4218889232309,736.4606222333247
149,6,588.18585,705.3839,595.6103,733.88104,602.8472,761.1851,0.241474423499206,595.1307987164721,735.4887826430625
150,6,587.7068,704.6646,595.594,733.2757,602.2976,760.45636,1.5573341215642085,594.957090435957,734.5621181549031
151,6,587.56134,704.1128,595.17255,733.0883,601.1569,760.4001,2.358832270921288,594.8641012447658,733.6855383246447
152,6,585.98566,703.46045,595.28143,732.0559,599.99554,759.6393,8.309856982895278,594.8008210520595,732.856509100037
153,6,585.8327,703.4554,595.061,732.1385,599.62805,760.02637,8.534121616469141,594.7162397669993,732.0724964288306
154,6,585.01135,703.3805,594.7532,731.93994,599.3727,759.793,9.417949765806464,594.5593472987458,731.3309662587754
155,6,583.35364,702.6728,594.4748,731.32153,599.3835,759.4202,11.306428341091353,594.27913355646,730.6293845376216
156,6,584.0188,703.20593,592.70447,729.6055,598.33563,756.8887,6.549607559843354,593.8512526548163,729.9652346603607
157,6,584.3004,702.9671,592.56805,729.6106,597.87823,756.2002,5.94554057665768,593.3580155305419,729.3360698109468
158,6,584.3625,702.0811,592.5082,728.8518,597.21155,755.6488,6.968718218942442,592.9083973258778,728.7394606205764
159,6,583.5764,700.8189,592.30237,728.74725,598.21277,756.9012,5.494938966626092,592.5806600696448,728.1722373689696
160,6,583.672,700.6097,592.4322,728.8442,597.87115,756.2637,6.017670729322954,592.3302133369855,727.6282689299451
161,6,582.6503,698.65265,592.50824,727.21747,597.12225,755.9212,9.907941179680936,592.0817535896227,727.1006838258452
162,6,582.3889,698.7572,591.48645,726.8328,595.0226,754.4416,10.655508628632962,591.7795669236517,726.5968727576562
163,6,582.68726,699.9905,591.2234,726.83765,595.02423,753.8287,9.622570992529694,591.4462979726567,726.1812751409327
164,6,582.32025,699.941,591.07574,727.48895,594.80927,754.65454,9.806181031654802,591.1241810045943,725.9325925698728
165,6,581.93567,700.27997,591.1049,727.9097,594.84106,755.2217,10.569577978854914,590.8554502874213,725.8956868225345
166,6,581.98224,701.07214,591.12854,728.02124,594.2726,755.19885,12.147863146760034,590.6823400890942,725.9800604124181
167,6,581.5068,701.2892,591.43677,727.8168,594.9817,754.9881,13.089089322717408,590.632314350861,726.0813979940074
168,6,581.18964,701.2229,591.6092,727.4864,595.2781,754.47845,13.899318838480305,590.6737557071323,726.1754720502778
169,6,581.315,701.09204,591.856,727.5415,594.79205,754.7387,15.567563903857714,590.7602764656101,726.2580770213275
170,6,580.47437,700.7697,591.25665,726.83014,593.9153,754.1193,16.912485387556316,590.8454889339957,726.325007347255
171,6,580.7884,701.3272,591.68024,727.4346,593.7065,754.4765,18.36047736084909,590.8830054199915,726.3720574681586
172,6,579.81665,702.0216,591.4601,727.816,593.33026,754.9697,20.354210632288048,590.8264382312991,726.3950218241366
173,6,577.04987,701.71954,590.62463,727.41174,593.40704,755.0662,22.104864646386336,590.6431690074133,726.3896948552874
174,6,575.67255,701.2625,589.5815,726.6686,592.88,754.572,21.9573941041063,590.3556567150009,726.3518710017098
175,6,574.89386,700.8327,588.98236,726.39105,592.2781,754.446,22.16478489499077,590.0001296525219,726.2773447035017
176,6,574.27057,700.22217,588.7861,725.9273,592.5291,754.10846,21.88729929434784,589.6128161184361,726.1619104007614
177,6,572.7444,699.31213,588.3712,725.25757,592.8223,754.1619,22.305923850424005,589.2299444112033,726.0013625335873
178,6,573.5945,699.7289,588.8885,725.513,592.97296,754.0899,22.54041372714996,588.8785853149869,725.7869145671987
179,6,572.02637,698.54126,588.2945,724.84033,593.3285,753.8089,21.88209520051513,588.5491795567639,725.4914560672969
180,6,571.45593,697.74725,587.795,723.9883,593.0253,753.2301,21.767582087027613,588.2230103492141,725.0832956247042
181,6,571.54486,697.07104,587.5904,723.4296,593.2168,752.6921,20.446911060333576,587.8813609050173,724.5307418302426
182,6,571.91705,697.72864,587.47906,722.94244,593.0508,751.6522,20.70009237471853,587.505514436854,723.8021032747346
183,6,570.01526,696.52686,586.3923,721.0363,592.52124,749.7733,21.71096866532596,587.076754157404,722.8656885490019
184,6,568.7112,694.6029,585.7413,718.6426,592.55505,747.1166,21.856662503700036,586.5826479826336,721.7161777549297
185,6,568.00616,693.49994,584.9148,716.9205,592.17944,744.2044,20.91796379637173,586.0359026416529,720.4537370386529
186,6,568.2208,693.1936,584.4063,716.85126,591.9253,743.6056,18.680768576562244,585.455509566858,719.2049040573692
187,6,568.3762,692.81903,584.5342,716.45544,591.69147,743.38324,19.47187568045181,584.860460190645,718.0789917041423
188,6,568.9885,693.56934,584.8152,716.77264,591.84827,743.0061,19.28953467957944,584.2697459454105,717.1164138155026
189,6,566.0256,694.3655,582.2064,716.5141,589.0987,742.2351,21.149558368410688,583.6418956650531,716.3301864316163
190,6,563.4706,693.93054,580.1349,715.9386,587.81714,742.8622,21.207362974199647,582.6935877894831,715.6926334637284
191,6,561.6549,692.70233,578.8238,715.2139,586.4212,742.666,21.86211080536527,581.3215912567274,715.1659057908522
192,6,562.38434,692.4466,578.91583,715.6584,586.068,743.06067,20.830371644812164,580.1857548951361,714.7121542920023
193,6,562.08307,690.9012,578.7297,715.10895,586.141,743.2991,19.784598212459944,579.389950645143,714.2935298461927
194,6,561.9266,689.3837,578.95447,714.5139,586.77594,743.34875,18.944708949310577,578.8389179510492,713.8721833324375
195,6,562.4381,689.37366,579.4927,714.4245,586.9117,742.92615,19.65658029653659,578.4497622279259,713.4212886730465
196,6,563.0931,689.686,579.9567,713.9512,587.66205,742.1852,19.53342606559824,578.1890527739212,712.9581119635119
197,6,561.8452,687.5422,579.52563,712.7462,588.0274,741.20966,18.418933037692376,578.0357248579533,712.5109423426213
198,6,561.9084,687.1045,579.6154,712.4159,587.993,740.80524,18.534300590914093,577.9687137489398,712.1080689491629
199,6,562.4996,687.9933,579.6848,712.37274,588.0578,740.3103,18.49660727128577,577.9669547157988,711.777780921924
200,6,562.6261,688.4623,579.43396,712.69147,587.7939,740.7303,18.146931068025623,578.0093830274485,711.548367399693
201,6,562.29926,688.088,579.35986,712.75854,587.8503,741.40497,18.15619418586605,578.0806013260305,711.440564947305
202,6,562.5028,687.9289,579.69073,713.0099,587.5402,741.93915,19.241943812744505,578.1878817465841,711.4448998337884
203,6,562.8814,687.1162,579.98627,713.1571,587.9034,741.692,17.791881866349602,578.3441637973722,711.5443457542184
204,6,563.6296,687.086,580.0941,713.32227,588.00244,741.27496,16.313108120770085,578.5623869866572,711.721876403671
205,6,564.4238,687.4149,580.4544,713.6227,588.0598,740.944,15.897427953397026,578.8554908227024,711.9604654772219
206,6,566.25635,687.15656,580.8502,713.8214,588.6792,740.174,12.14628886089422,579.236414813771,712.2430866699465
207,6,567.4952,686.6294,581.3844,714.3442,589.74945,740.691,9.003178685883134,579.7068904655771,712.5527136769208
208,6,568.1056,685.7332,581.82465,714.0656,590.5916,740.82623,7.697940109486701,580.22381727364,712.8723201932203
209,6,568.83374,685.9341,582.4503,714.4074,590.9058,741.5054,8.228411273052657,580.7328867309305,713.1848799139207
210,6,569.49097,685.7882,582.003,714.20294,590.7086,741.2773,5.940626081955205,581.1797903304196,713.4733665340977
211,6,569.616,687.48834,581.61865,714.4861,590.0968,741.1266,6.315623770770607,581.5102195650777,713.7207537488271
212,6,569.64,688.92664,582.4453,715.11005,589.7907,741.50116,10.508091985351944,581.6784189928131,713.9187398781766
213,6,564.1346,691.6546,581.6459,714.9581,588.31464,740.91943,22.516525866437977,581.672845431282,714.0939217421824
214,6,558.98395,693.5104,578.5466,713.5612,587.665,740.01416,25.27467383031965,581.4905087630781,714.281620785873
215,6,561.61145,693.71313,580.00146,714.8523,587.06726,740.4485,25.589549984878985,581.1970241871138,714.5171584542767
216,6,563.81573,695.44104,581.5809,715.3504,586.28284,739.54456,30.74461601946886,581.1324281675805,714.8358561924217
217,6,564.3092,696.37994,582.2383,716.0661,586.5852,740.97504,32.42639572879845,581.5095945096521,715.2730354453365
218,6,565.26715,698.05035,582.9219,717.46985,586.27264,742.1363,34.538834830877235,581.88899495022,715.8345905959281
219,6,564.5386,700.5585,582.8749,718.2178,585.8462,743.7434,39.43784694772487,582.1580125830845,716.4087077786189
220,6,562.0846,702.78613,582.01324,716.93024,586.3953,743.0524,45.11237875965509,582.334700335106,716.8541460657101
221,6,561.4757,703.54895,581.8777,716.9658,586.24854,743.3633,47.26839407580458,582.4371111331463,717.1003188211427
222,6,562.3271,705.23,582.3515,717.31854,586.20306,744.6684,50.8649809612748,582.4832979040664,717.3592565754219
223,6,562.01,707.58606,582.4345,718.49585,585.94965,746.46796,54.72842916835476,582.4893307701158,717.8706226463833
224,6,559.9245,708.6205,582.30927,720.7005,586.75635,749.52454,52.87566991834711,582.463348635099,718.7019943346243
225,6,558.14325,709.28796,582.03796,722.2014,586.7943,750.2139,51.97526947095025,582.4115075982093,719.8779274364324
226,6,556.23285,710.42615,580.1715,725.96136,584.8329,759.3598,49.07269115123254,582.3399637586394,721.3578388812002
227,6,558.5958,713.8478,582.90784,729.0115,586.9917,762.85626,51.167409799901954,582.2548732155827,723.952552114787
228,6,565.5118,732.1531,581.6208,752.0029,586.2758,781.1188,29.977263097063936,582.1623920682318,730.4792355748189
229,6,565.256,732.74524,581.4759,751.9287,586.42883,780.64435,30.42879221475796,582.0686764157803,736.759219889027
230,6,564.6175,735.5175,581.72235,752.2506,586.2499,779.9729,36.3539588917572,581.9798823574209,741.8280976724375
231,6,565.934,737.6842,582.2348,752.8209,586.3106,778.9306,38.24811768436335,581.9021659923468,746.1191180562853
232,6,563.93823,735.85864,581.44104,751.7579,586.53033,778.3322,36.90702531635833,581.841683419751,749.7927794871879
233,6,562.3999,736.0826,581.28375,751.4114,586.3808,777.9912,40.07687576903295,581.8045907388264,751.918577673293
234,6,556.7092,728.7696,582.0472,739.8107,588.04913,772.78345,56.13812545025031,581.7900165220867,751.8227975078721
235,6,555.89514,731.1941,581.32245,741.1547,588.4879,773.32434,56.05115978965536,581.7689792353275,750.9498833631602
236,6,556.76764,731.6968,581.3967,742.244,587.58984,774.5089,55.95176160989025,581.7054698176645,750.653023763525
237,6,556.0411,728.5913,581.25006,741.55493,587.67505,774.698,51.81462277470081,581.5634792082137,750.0689966994014
238,6,556.1154,724.5122,580.8889,740.3742,587.7963,774.5958,45.95788161690213,581.3069983460912,748.7808737896221
239,6,552.3221,722.36993,579.8053,735.47845,588.92303,766.2485,47.9949618637698,580.9000181704127,746.6384989895207
240,6,544.9287,722.26544,579.95514,729.5824,588.5679,753.8906,58.69077637501008,580.3352039097201,743.7150073402099
241,6,544.7898,721.91034,577.065,732.4507,588.6848,759.633,48.76855345056302,579.7199179502594,740.976698225917
242,6,545.477,720.9985,577.6245,732.8984,589.7197,760.59973,46.09970732097539,579.190196967702,739.112029535822
243,6,547.6085,719.95465,577.62604,734.51904,590.88586,765.8783,41.19711437338505,578.8361872820435,738.0632743955298
244,6,561.0143,730.7637,580.4609,749.40186,589.91077,778.6035,28.28400222932629,578.5644737905772,740.0360969267891
247,6,552.50696,726.08923,574.94977,743.2526,589.0497,773.7692,27.79378326106271,577.5077410869529,740.648577612033
248,6,553.6196,728.54956,575.46185,744.7814,589.8129,773.6435,26.944619619544536,577.0847604373739,741.7951377863494
249,6,560.40906,732.63556,577.67255,750.7497,590.43567,778.34424,18.80095491880482,576.7001398611206,743.5219909669115
250,6,554.5411,729.7593,576.1935,747.21893,590.0831,774.1227,23.81261460154807,576.4287082778916,744.913672469179
251,6,556.5076,731.3817,576.9406,748.30273,590.24963,774.1166,23.096482628066116,576.3452946073847,745.7706387163399
252,6,560.10077,734.6362,578.3562,749.98236,590.6173,774.57117,23.445521058697395,576.5247277692987,747.1115548865456
253,6,570.4051,741.5062,581.1331,755.4184,590.3783,778.3944,15.71767621041035,577.0418366833314,749.590119634806
254,6,573.30396,740.4952,581.10693,755.5794,590.59796,778.2274,4.61524278105528,577.9116187610441,751.7388691621572
255,6,591.4692,777.89764,581.91394,755.40894,575.79004,739.64,1.7964582851788615,578.9097453814483,753.2371016129953
256,6,592.2113,777.99274,582.0332,754.8997,576.68805,737.50055,6.707884331602761,579.7520564154182,754.2113291468758
257,6,592.2776,778.00977,581.5281,753.84235,575.5857,736.75,4.808438405643464,580.21494306972,754.7880639233555
258,6,592.0642,778.16394,580.238,752.42816,574.40405,734.0509,7.067745632609165,580.3170018946892,755.0938181019906
259,6,591.93353,778.54346,578.524,752.00806,568.4636,732.9158,0.9765864720360828,580.1562386729743,755.2378967718944
260,6,591.91943,778.54663,578.73016,752.1907,568.5347,731.8085,0.0,579.9060907729089,755.2607767404088
261,6,592.35223,778.191,578.9617,752.108,567.0902,731.497,2.765836973071218,579.7588534592481,755.1857277444321
262,6,592.5523,778.1474,579.76105,752.22784,567.2493,731.19617,4.482137769738931,579.8501120091033,755.036019520863
263,6,592.3286,778.0804,580.2922,752.51984,569.2499,731.56714,2.5739742650107007,580.0886117490119,754.8349218066003
264,6,592.0905,778.43024,581.0163,752.716,570.6183,731.96014,3.309437244577252,580.3263880178675,754.6057043385426
265,6,592.1147,778.376,580.41766,752.4472,569.0754,732.6628,5.544149416443696,580.4438178411306,754.3716368535886
266,6,591.86255,778.58704,580.6763,752.82605,569.35846,732.75714,5.948638914951844,580.4346449905242,754.1559890886367
267,6,591.9894,778.5322,579.21533,752.5927,565.7995,732.32904,7.288899873229203,580.3209549243377,753.9820307805861
268,6,591.6258,778.54517,578.6019,752.80524,565.3004,732.21124,6.01962496385688,580.1248331008605,753.8730316663349
269,6,590.8957,778.4105,579.1788,753.2037,564.99603,732.1419,9.025411114394393,579.868364978382,753.852261482782
270,6,590.2174,779.0097,578.5837,753.8246,563.6434,734.1268,12.385834126179448,579.5747600685019,753.9374141390769
271,6,589.7414,778.432,578.80347,754.242,565.10333,734.7807,10.813394359751085,579.2717240960603,754.1238802333718
272,6,590.08356,778.5148,577.95306,755.0415,561.1159,733.5796,10.785708880238012,578.988086839208,754.4014745360703
273,6,590.00775,778.23004,578.09174,755.33234,562.2353,733.8767,8.973100147310811,578.7526780760953,754.7600118175752
274,6,589.7357,778.4008,578.33923,756.13403,564.0519,734.96173,6.907936774304876,578.5943275848732,755.18930684829
275,6,590.6645,777.9133,578.92065,756.699,568.43756,736.1677,1.919690524059937,578.5418651436919,755.6791743986182
276,6,590.3191,778.263,579.0282,757.3719,569.5443,737.79236,2.545144174800175,578.6241205307022,756.2194292389627
277,6,589.4619,777.76587,579.86414,757.9676,573.1442,739.5731,5.7947442258788335,578.8699235240545,756.7998861397266
278,6,588.768,777.0513,581.5161,758.76337,579.859,741.8236,16.0432097049401,579.3081039018994,757.4103598713134
279,6,588.95074,777.015,583.08453,758.54047,584.4737,746.13086,24.00340422128251,579.9674914423877,758.0406652041264
280,6,588.18854,777.2735,582.05505,759.54675,585.6649,747.9208,36.33527108574346,580.8769159236696,758.6806169085685
15,7,571.0731,834.154,585.99146,836.3492,568.24927,838.20325,165.66337521844858,586.017202644474,836.3416001800484
16,7,577.7471,840.53253,585.5738,836.11566,563.52936,833.13104,142.85211356032568,585.5048706108445,836.1656149418461
17,7,573.26965,839.6304,585.1299,836.6548,567.3828,834.0093,157.4373956379787,585.38954183685,836.4968070988011
18,7,588.1291,835.4379,586.05695,837.3113,562.8556,836.8395,43.28057985925005,585.5203747265487,837.0665170126568
19,7,572.29376,838.2654,586.02655,837.7195,568.31,834.2716,166.71074976143058,585.7465276839986,837.6060850451566
20,7,571.3398,834.4547,585.78577,837.9326,569.1434,838.14264,165.74052272144758,585.9330974580554,837.9187617357017
21,7,591.83655,835.9325,585.8677,837.72974,560.92126,837.085,18.23760088189869,586.0089341767641,838.0954383343231
22,7,598.6306,837.17236,586.3647,838.2744,558.93274,836.3861,9.071836696915652,585.9188263129673,838.2989162687101
23,7,583.19495,835.61993,584.6292,838.7907,562.584,837.8808,116.70261134716208,585.6437055463725,838.6385317627928
24,7,592.4023,838.27356,584.954,838.89355,559.44104,836.3934,10.355220225174891,585.3090763841484,839.0097602254693
32,7,593.8259,832.81476,593.2527,834.7485,572.2263,822.1511,104.4144937059208,588.0753357122637,837.6683191963248
33,7,593.12,832.8286,593.26,834.1554,571.95526,822.55927,124.5834593749278,589.4729648651094,836.9402041407891
34,7,603.2558,831.4113,593.6041,834.83356,568.61646,825.15875,40.688794063829526,591.0968565311848,836.1328781765599
35,7,615.3837,828.3397,593.6363,834.16516,563.5698,829.95465,22.96750605976787,592.5457572188744,835.4679169770923
41,7,611.8566,823.6492,587.75,831.68164,560.84283,832.498,16.690583652625993,591.5644896363192,834.2352472886398
42,7,611.7273,823.4851,585.933,830.14844,560.2534,834.4942,4.879094971025053,590.6417756095843,833.2224859933157
43,7,609.8242,824.065,584.7626,830.8535,560.02026,834.58887,6.571010008410215,589.6995659215119,832.1498710764516
44,7,611.5971,823.02246,585.6718,831.1614,560.053,834.83844,9.261131078390846,588.7589849635724,831.3777862126875
45,7,613.13153,821.1383,585.6246,830.4125,560.0182,836.22363,5.845630428200376,587.841157127237,830.8809387881589
46,7,609.3576,823.0757,584.07855,831.26416,560.34143,835.4145,8.030695243744319,586.9748284032438,830.5471438859602
47,7,609.1105,822.7721,583.70966,830.9478,560.4094,835.94324,5.740985301225454,586.2192311794007,830.3023236655251
48,7,608.668,823.28674,584.31213,830.8297,560.02765,835.14636,7.128382053820914,585.6412194427834,830.0819270553711
49,7,609.18274,822.97345,585.11523,830.949,560.4474,834.5071,10.126499008237642,585.2834942417395,829.8353723039676
50,7,610.7401,822.5166,585.97876,830.3092,560.6978,834.293,8.514053857486322,585.0921448697075,829.5679549395877
51,7,610.1727,820.8477,585.29205,829.7191,560.9392,835.4234,6.441107221877813,584.9891076813983,829.2989398104555
52,7,610.1805,820.5182,585.5109,829.37317,561.21796,835.0177,6.664532639526724,584.9145731920695,829.047591764796
53,7,609.7868,820.2118,584.97784,829.26935,561.32715,835.6817,4.886918424740006,584.881748559165,828.8331756508335
54,7,611.18896,819.0835,586.23663,829.0026,562.04346,836.41113,4.653116168883368,584.9220951006754,828.6749563167925
55,7,611.0884,819.2,586.76575,829.42944,563.26715,837.20636,4.498190747087263,585.0616213154912,828.5820170141451
56,7,610.19244,819.43823,586.19995,829.94794,564.16077,837.9466,3.708134376400909,585.3045244261011,828.5227146073556
57,7,612.0813,817.9136,586.54156,829.1606,564.80524,838.38855,0.7641265898260194,585.6495488358945,828.4552243641353
58,7,614.02203,816.5441,588.1472,828.5934,565.99554,836.96216,4.273884845521567,586.0954389482602,828.3377215521964
59,7,614.15576,816.4698,588.89954,828.2189,566.4,834.5732,9.17693094119321,586.6339719719765,828.1543521374341
60,7,613.6989,815.79645,588.46796,827.4872,566.5233,834.2402,7.755953841156278,587.229056337382,827.9931448784766
61,7,610.9338,817.20233,589.44904,829.2796,567.69745,835.6503,13.017220414390891,587.8376332802034,827.9680992321358
62,7,610.59174,816.72003,589.7771,829.72144,568.64087,836.0642,15.28608296093586,588.399173165861,828.1577575872951
63,7,609.8467,817.2859,589.0721,830.3035,568.2796,836.75507,14.833610513004476,588.783262878546,828.4988340611227
64,7,608.7068,817.7987,588.58203,830.3192,568.31116,836.5857,14.7092700026616,588.9073744481207,828.892585702859
65,7,607.9576,817.9046,588.2545,830.33997,567.94867,836.35425,15.75911128401327,588.9504039683616,829.2402695617437
66,7,608.26227,818.5139,588.70544,830.13696,568.09644,836.70197,13.054677657810505,589.1008588204438,829.4775925816706
67,7,608.90015,818.19855,589.24585,830.06964,568.0346,836.89075,13.305018993447916,589.3242674712253,829.6780612851485
68,7,609.8148,818.77747,589.5954,830.74054,568.02374,836.8493,14.79991743812731,589.5304136589837,829.9496320893395
69,7,607.38214,820.90814,589.65094,831.8389,567.986,836.4833,19.5532008198696,589.6571721222688,830.3632909858029
70,7,606.5584,821.57306,589.1672,832.37036,567.8711,836.3465,21.258199291776275,589.7547816007171,830.8421422636833
71,7,603.646,821.67847,589.4403,831.74,568.2048,836.2505,23.3173594369695,589.901571834237,831.2723197865221
72,7,605.07544,819.4925,590.8283,831.355,568.1435,836.14294,27.8633540149563,590.1758725627362,831.5399574178605
73,7,604.54364,819.36206,591.2117,831.1866,568.28436,836.35425,28.86895219694277,590.5982585376107,831.5853359357515
74,7,606.5955,818.2703,592.2208,830.90045,568.6309,836.2701,28.48029388478748,590.9582845562047,831.5653237762915
75,7,602.73126,819.83,592.68945,831.3227,572.35986,834.8667,38.96557505789028,591.951175609569,831.6909362900897
76,7,634.42316,811.07263,612.64166,833.84973,602.2185,856.93964,19.42481717535196,596.3624663235388,832.0986229516902
77,7,636.9611,810.7372,614.8625,833.4775,601.2135,857.76526,14.845478065433417,601.5265809085931,832.6265697313842
78,7,637.0768,808.28705,615.87854,832.5428,602.4862,859.1045,14.394642150544856,605.6104700648448,833.0383967233979
83,7,616.74927,817.16504,594.9452,828.1271,566.91425,837.61865,7.984385442329238,604.7268764763328,831.706711113594
84,7,618.7267,813.091,594.37494,828.1579,566.92975,837.9195,12.166609295245063,603.2703268657481,831.2803120639904
85,7,617.8892,815.325,595.1283,830.0772,566.20123,837.9039,17.80898512746125,602.3085019233994,830.990924495143
86,7,616.9389,814.53326,596.2175,829.91815,565.3961,838.60736,20.848313552392582,601.5940188568974,830.8825064905607
87,7,610.3766,823.33496,596.1472,831.96594,566.8756,839.9371,16.00618265653205,600.9572829126678,830.8485076849852
88,7,614.94684,814.9138,597.0556,831.8026,566.62933,841.39014,25.859057408177605,600.2864257973528,830.7607390096971
89,7,614.30237,810.57153,595.4205,828.2912,565.6669,837.5331,25.925735382079548,599.469579217595,830.5549650309024
90,7,599.3228,824.57983,594.2613,828.96924,567.0953,830.62,37.45483025341378,598.4478570287736,830.2049418565006
91,7,598.4725,824.8149,594.0894,829.32806,567.77374,831.1269,41.92760442830321,597.3743016812124,829.7724381262366
92,7,580.9206,820.73914,593.0806,828.9256,576.9672,834.2796,127.67038696488258,596.4549377739716,829.3412256128157
93,7,572.913,835.6994,594.1909,827.7813,586.15735,818.5075,110.48960608046202,595.826860212362,828.979995074372
94,7,568.5269,835.5504,594.835,828.0054,596.5768,815.1115,66.30414979471092,595.351445126698,828.6971132107518
95,7,570.89496,835.54034,595.2457,828.68005,591.3326,816.6811,92.32837097912837,594.9228358276894,828.4858657072302
96,7,571.7483,834.7243,594.8779,829.1262,589.61615,817.87213,101.45244987038336,594.8419631226233,828.3395382490814
97,7,570.3532,835.1429,597.79987,828.627,595.00806,816.10803,89.21673961586393,595.3862833465248,828.2514165215806
98,7,567.6562,835.5216,601.132,828.14044,607.457,813.2808,54.50879998229468,596.3325674487915,828.214786210002
99,7,572.5314,834.5429,600.36993,828.8992,592.3735,816.8013,112.00356462008592,597.3324150324147,828.2229329996202
100,7,572.13165,834.49274,601.15375,828.92786,595.927,816.32294,101.66728165873394,598.1078919924843,828.2707165191292
101,7,587.9694,830.86273,599.483,829.24695,577.3987,822.6934,155.48311670320862,598.6629293924872,828.3592921708988
102,7,590.1111,831.1876,599.0661,829.74603,574.07825,823.5956,157.02715583009268,599.0719245880097,828.491389300719
103,7,575.44855,834.33514,600.11676,829.3634,590.3398,818.3021,120.0782129225841,599.4092749346379,828.6697372543787
104,7,567.34814,835.93677,601.1886,829.6361,610.218,813.7849,49.78561478699896,599.7174224466701,828.8970653776672
105,7,583.5268,822.2987,598.62555,830.3507,583.5199,832.91345,142.3006639120114,599.9109877732539,829.1761030163741
106,7,580.1898,823.5554,598.1822,830.39557,587.7043,831.73254,151.913112015337,599.8726362222492,829.5095795162887
107,7,582.61426,822.4507,598.51654,830.09393,587.12225,833.2041,139.06182393736762,599.5345631979344,829.8796645675809
108,7,578.816,824.7647,596.8552,831.3529,593.1679,831.88153,151.7785552118103,599.0270844902632,830.1862892379461
109,7,575.4515,834.6305,595.8165,831.24,591.22766,821.3996,105.54876586300963,598.5300459856085,830.3088249394598
110,7,569.0757,836.6835,597.4313,829.2727,601.00775,816.8917,59.24094946043585,598.1583243883305,830.2046766133773
111,7,566.9688,838.26697,596.8116,828.5101,606.3344,814.4873,37.71485302690503,597.7669196747416,830.1433833176703
112,7,566.0312,839.98645,594.5876,830.8703,610.47845,817.12146,23.16168871164126,597.145862639142,830.2990281101286
113,7,569.5632,836.71533,594.5763,830.42664,607.2157,820.0428,25.2921212862734,596.3278951496741,830.2854117787067
116,7,571.6563,834.3899,596.5944,826.8783,606.65546,819.5442,19.327821311870803,596.2856845980087,829.5138459220824
117,7,593.28564,824.9114,596.5234,827.8293,586.31964,829.3435,129.53318544704527,596.1137933221181,829.3343630176249
118,7,588.9465,830.10333,595.25555,828.7731,589.59143,825.3273,136.7791850090134,595.7493492078277,829.1492537029951
119,7,589.96014,831.9772,595.1119,828.1721,587.6764,825.32806,122.61881611821003,595.3628317916314,828.8480273382619
120,7,585.37,822.6063,593.8347,827.8653,584.7256,835.05804,109.85277791123308,594.9896496883238,828.4280364250387
139,7,618.34564,832.9133,585.6644,836.4709,557.0915,853.8973,25.166114058713035,592.6152753869096,830.219616572005
147,7,623.76935,837.82623,595.19037,833.8467,583.26556,848.03503,57.88147682523954,592.8048319713762,831.0954807848867
148,7,590.3477,782.48456,591.8359,804.3814,579.6801,829.2292,29.956287004873477,592.2152196082187,825.2840699006077
157,7,586.4824,771.2943,590.65295,793.3868,586.78217,812.4408,22.173545667823127,591.5466625989187,817.7034420037571
160,7,585.515,760.99304,592.422,782.5356,587.64905,804.5336,30.01873168690493,591.2994703781308,808.7015263334562
161,7,583.3387,757.366,591.14233,778.96735,590.19995,800.82996,22.33086125398768,590.9864189939594,800.2481618526026
162,7,583.0994,757.6105,590.6137,778.52747,590.5664,798.7089,19.894762101722957,590.5737630599624,792.9019792940968
163,7,583.1512,757.1307,590.2882,778.91895,589.3474,800.2402,20.663396065050215,590.1012333877475,786.9740727865287
164,7,583.8169,754.1816,589.23016,777.38916,587.20166,798.9727,18.49884620444088,589.6139294397622,781.8037529957445
165,7,584.28033,751.7269,588.9839,776.0858,586.9196,799.3397,16.00185967075664,589.17842528181,777.3135142862789
166,7,584.0773,750.18555,589.95105,774.9392,589.15497,797.6363,15.35756667858863,588.866663630535,773.5640734426727
167,7,584.7192,750.2973,589.40607,774.5273,588.68097,798.0777,12.71125351817698,588.7505872025799,770.6161472494679
168,7,584.99994,751.1882,590.4973,775.2291,588.06177,798.61334,18.82631733821573,588.8716983267938,768.4929601676698
169,7,584.6045,748.5503,591.5534,773.8183,590.8732,797.2238,17.04125951444852,589.1497377808467,767.0677673641409
170,7,584.1103,749.4232,591.4153,775.37573,589.3886,798.8147,20.66244761426489,589.4740059546141,766.1763316822072
171,7,584.9815,751.0935,591.04877,775.2692,588.2096,799.06165,20.89327149430257,589.754327709959,765.67416499371
172,7,584.33673,750.4717,591.14624,774.517,588.617,799.0731,21.692460497672133,589.9826257966947,765.4957752845495
173,7,583.3399,749.26917,591.29156,773.8292,588.9649,799.37384,23.14435215382284,590.1713474366223,765.5954195691401
174,7,583.3631,751.16956,591.4675,775.4509,588.2005,799.85895,26.081313831448597,590.3329398515427,765.9273548618969
175,7,582.74927,749.46356,591.07,774.11176,588.4603,799.32837,24.56221547395065,590.4798502632569,766.4458381772345
176,7,582.61194,750.16376,590.8721,774.6364,588.0623,799.0364,25.219739220412546,590.6245258935659,767.1051265295679
177,7,582.6071,750.9598,590.9666,775.24396,587.7287,799.15985,26.70556880405172,590.7731835035047,767.8587551824779
178,7,582.4846,750.72595,590.8132,774.7887,588.0413,798.7227,25.69779347022846,590.9071180110478,768.657372396213
179,7,582.8539,751.58215,591.3411,774.8898,588.21326,798.47815,27.5620865475097,591.0013938734038,769.4509046801874
180,7,582.5497,752.10175,591.2164,774.1122,589.3409,797.516,26.073886808817388,591.0310755477814,770.1892785438156
181,7,583.03125,752.1412,591.3519,775.4489,588.1759,798.83356,27.380576760169767,590.9788112879166,770.8224204965124
182,7,580.8429,748.1601,590.0975,772.66174,588.88696,798.65094,23.35894501285344,590.8575845336558,771.3002570476922
183,7,581.0073,750.3836,590.0501,774.25385,588.6062,798.92285,24.09801076497909,590.6879625213716,771.5727147067694
184,7,579.9165,747.62305,589.27075,773.1838,588.90656,799.08594,20.906252782031057,590.4880724394701,771.6064967529629
185,7,579.7228,746.5052,588.7742,770.839,589.3672,796.9684,19.103454352668383,590.2662812844839,771.4354135447087
186,7,580.48334,747.2499,589.71234,769.9672,590.08185,795.53406,21.281612285969,590.0285160049781,771.1100522102467
187,7,581.0129,747.80426,590.41077,769.76624,591.44464,794.30237,20.754032701667573,589.780703549518,770.6809998778174
188,7,578.97925,744.6085,588.7079,768.4258,590.9191,794.6946,17.406886264633165,589.5204066189215,770.1884179178231
189,7,578.9189,744.6604,588.2636,768.2409,590.08594,794.57916,17.659995503628977,589.2117309230206,769.630764669313
190,7,577.7075,745.4536,588.08875,768.2621,589.15015,794.3241,22.140403951521662,588.8104179239004,768.996072713498
191,7,575.7506,744.31995,587.1719,767.8324,588.9312,793.8165,22.03486070787284,588.2877265558657,768.2788749096934
192,7,574.23486,742.37933,585.9463,765.8819,588.88794,792.47687,20.175479189558068,587.6769856421002,767.4997052296274
193,7,574.0669,742.625,585.3803,765.208,588.8059,792.50354,19.45627685694817,587.0270414780078,766.6855979231319
194,7,574.11664,741.4737,585.2123,764.38617,588.86743,791.7084,18.219379460017024,586.3867403589921,765.863587240039
195,7,574.1475,740.08234,585.172,763.46814,589.0547,791.34955,17.312124988224546,585.8049285804562,765.0640778333023
196,7,574.36066,739.86774,585.0523,763.1937,588.97205,791.1247,16.636215795587947,585.3304524378042,764.330955968362
197,7,575.9967,739.9417,585.79895,764.14496,588.8311,791.49,15.720373796389698,585.0121582264395,763.7114783137797
198,7,576.4298,739.5041,586.0536,764.0012,589.1345,790.9914,14.935409972911197,584.8768935745574,763.2326801358364
199,7,576.0351,739.0651,585.8719,763.73193,589.2859,791.58276,14.75291847557547,584.8635114415214,762.8407110916888
200,7,575.7886,739.47327,585.503,763.1957,589.2802,791.01086,14.53599335682629,584.8888661194864,762.4614994362129
201,7,575.63763,740.47217,585.3453,762.00793,589.0896,789.2881,16.449070238588813,584.8878182213144,762.0209734242843
202,7,575.40533,740.20917,585.76416,760.7458,588.86365,787.47156,20.151463540585592,584.8672536426958,761.4450613107789
203,7,574.51544,737.49506,585.70575,758.94763,589.1586,784.8938,19.96757396518688,584.8520646000272,760.6596913505728
204,7,575.2245,737.2688,586.1043,758.8535,589.3455,784.1492,19.44879089376205,584.8544370268787,759.6701392522755
205,7,575.0022,736.5038,585.4487,758.5447,589.57214,783.26953,15.890943477124974,584.8357317255122,758.7990705394325
206,7,575.384,735.656,584.578,758.7053,589.58844,782.8394,10.01786895475353,584.7446032153623,758.3007098876725
207,7,574.9825,735.3841,584.3771,758.086,588.54846,781.7472,12.48263162863867,584.529706015864,757.8381287660181
208,7,574.1645,734.2381,583.06476,756.3147,587.412,781.0581,11.992286963691685,584.1597377593894,757.0452348455761
209,7,573.26306,731.5018,582.15155,754.29486,586.01544,780.74963,12.9943215198433,583.6835685300588,756.0304338123926
210,7,573.8285,731.8588,582.29865,754.2631,585.9143,780.3366,12.814594887142698,583.1701115249305,755.0207558562479
211,7,573.3838,730.91614,581.7975,753.88403,585.8235,780.5342,11.528373779460486,582.6775053574302,754.1982159135946
212,7,573.56226,731.94226,582.28674,754.3398,586.0764,780.3463,12.991572202243775,582.2207903064576,753.5647679075773
213,7,571.69104,730.7013,581.7599,753.4854,585.90656,780.84155,15.222467698497494,581.8042320672811,753.0773505080134
214,7,569.5025,729.4324,580.9159,753.16187,585.49066,781.3309,16.462042392874125,581.432096335168,752.6929023847191
215,7,570.23474,730.971,581.08936,754.00854,585.2787,781.2067,16.47200587534533,581.1086488053869,752.3683622075118
216,7,570.53046,728.2568,580.83777,753.12286,585.2394,781.18054,13.598920137250206,580.8381551732055,752.0606686462086
217,7,570.0637,727.525,581.02356,752.7675,585.1877,781.49567,15.222090504395007,580.6248811338916,751.7267603706262
218,7,569.6034,725.8729,580.5969,751.6146,585.1457,781.49854,14.471111473118508,580.4709978172353,751.4030488333085
219,7,568.86774,724.69336,580.2951,750.832,585.0254,781.80457,14.930758280351046,580.3702980911148,750.7440752773787
220,7,565.58057,716.4187,581.706,740.4996,586.3435,776.3273,26.43237613219262,580.3144802579304,748.1560126854358
221,7,566.20404,718.44586,581.6621,741.5921,586.09753,776.875,26.571641990121503,580.2952426200821,745.9696162849542
222,7,565.6004,715.3053,581.4138,738.1788,586.01184,775.86786,27.702123912200857,580.3107936197476,743.5459125725877
223,7,565.36945,715.8853,581.2961,738.10974,585.8906,776.1699,28.74312738885044,580.3853822582141,741.3893011554812
224,7,563.33765,713.1535,580.86096,737.7872,586.2276,776.19745,27.472572935410856,580.5497676765468,739.6860672656821
225,7,559.3316,709.6716,582.00555,728.91034,587.5607,763.9251,40.67053528823137,580.8224491746737,736.1037973970612
226,7,557.9572,710.5362,582.5796,723.3887,586.1279,751.9278,55.34881676119743,581.172886687977,732.0214242081224
227,7,557.7867,712.123,583.08185,725.2219,587.857,754.2169,53.27089492813628,581.558280310702,729.3004685856839
228,7,557.7224,716.5672,583.1899,728.7415,587.4164,762.32184,57.276948162749726,581.9358301370938,727.3328408302901
229,7,557.74585,716.624,583.2872,727.401,587.4674,759.59827,59.72558794287477,582.2627362613985,725.7572688693781
230,7,557.2969,718.16675,582.9444,726.66595,587.65137,757.45386,62.97328061676611,582.4961987778609,724.4429393699743
231,7,555.1324,720.0625,582.3905,725.1759,588.6481,753.2327,66.80224420637714,582.6057426089226,723.2850345729645
232,7,555.0939,718.4487,582.3256,724.74054,588.91876,752.9667,63.84270684256009,582.6101919898117,722.2827190146753
233,7,555.016,718.3259,582.2553,724.72534,589.07635,752.8053,63.12553703710192,582.540695983952,721.4611528052916
234,7,553.5158,719.7094,581.1084,724.9354,590.2661,750.9187,59.8604350870725,582.4284036547673,720.8454960549993
235,7,549.13824,721.74994,581.3137,722.8449,590.05054,744.35297,65.94336002322801,582.3110143897374,720.4609088739842
236,7,550.11566,721.72766,582.68994,725.49023,588.50586,749.1849,69.62033195895275,582.2524288725632,720.3325513724316
237,7,550.5312,720.2844,582.60693,724.92255,589.0154,749.0723,66.91047724169742,582.3230981110016,720.4855836605271
238,7,551.0448,720.0275,582.5036,726.906,589.77856,751.8136,61.38442718341847,582.487856162652,721.0368805810853
239,7,547.8897,721.81976,581.31274,729.15924,588.1228,753.1657,61.777439997769584,582.2890692844846,722.4701759074351
240,7,550.71704,722.1962,578.7021,735.6931,588.8892,766.9258,46.18775109435199,581.3950534605906,724.9307783861229
241,7,547.4318,721.4194,577.23615,734.75134,589.2525,766.02606,44.88248552274713,580.4003913841716,726.8434377260505
242,7,544.1064,721.19525,578.29785,730.2323,590.7852,755.0278,48.46436748909509,579.9394788468924,727.9138201097098
243,7,557.8956,724.7986,581.50507,745.2256,590.4337,778.515,34.11939694203949,579.8796973251599,731.7713960601133
245,7,560.8435,732.47064,579.24646,750.70807,589.2063,778.556,25.57922182197708,579.7496420804372,736.6731711676273
246,7,557.7089,730.91455,577.43835,749.62164,588.82446,779.0481,25.3704323577708,578.8846721579732,740.3483314217023
247,7,541.5687,723.3921,568.2412,732.41315,588.4177,754.0159,28.26886331240109,576.4469154295182,739.8706056958375
248,7,536.7466,724.0738,566.66016,727.82446,585.9755,742.1902,29.49321317220756,573.75680037888,738.0853686224541
249,7,536.1422,724.6062,566.1606,727.3302,585.60785,737.3501,22.07400602084815,571.4077715564279,736.3585393038898
250,7,537.24457,724.1782,566.9507,727.92993,585.3717,738.9067,23.59189020095444,569.5691117664661,734.895497272027
251,7,536.3856,723.96893,566.6269,728.47174,585.5797,742.9832,28.97105449079221,568.1413422889015,733.6605562017769
252,7,536.26166,724.3369,566.2737,727.6635,585.3313,743.065,32.618585579494614,566.9577940225405,732.5577633038075
253,7,537.3234,724.4074,566.9401,728.45776,586.3122,744.676,32.14860026360384,565.8655718995358,731.5111595265416
254,7,537.8981,724.75244,565.5765,728.25146,586.20734,744.00183,30.15451563637333,564.7668769854191,730.5247607694212
255,7,535.44,725.3773,562.82556,727.42114,585.1641,742.2909,29.38172843112727,563.5776843790683,729.6225766696418
256,7,535.4614,724.6647,561.4076,726.742,584.17847,740.5859,26.720580781484248,562.2440887361794,728.8409111592649
257,7,532.52686,724.9287,559.54205,726.8551,583.36304,740.04236,24.89012158894905,560.832662939726,728.2652453498089
258,7,529.569,726.0706,558.7267,728.8502,584.3908,741.71014,21.16924679817224,559.4400994295011,727.9933546476568
259,7,525.78613,727.6565,557.6885,730.9826,584.3827,744.3693,20.6809349019392,558.1433675036544,728.087316995589
260,7,523.5444,728.1425,557.997,730.96344,583.73645,740.4359,15.523448615900016,556.9405438937662,728.4664204819752
261,7,523.47363,728.2407,556.51556,731.2716,579.5242,740.4071,16.41439686569792,555.8099821897739,729.0142557315834
262,7,523.0981,728.27826,555.3664,732.12213,579.01196,739.541,10.626268532678402,554.7300359816147,729.6144133691791
263,7,522.4586,727.78046,553.63904,731.90607,577.1881,738.0446,7.072961720060626,553.6790588592262,730.1504840195307
264,7,521.9242,728.0607,552.69324,731.49133,576.6866,736.49866,5.426286420024454,552.6354044125457,730.5060583074049
265,7,520.1939,728.1753,551.83093,730.87054,577.25464,735.91125,6.345048071652932,551.5774262315105,730.5647268575688
266,7,518.69086,728.64124,550.7485,729.23224,576.8197,733.7593,8.79452947825648,550.4840426021459,730.2523874607213
267,7,515.466,729.341,549.3998,727.9082,576.2554,734.0765,15.3532979088946,549.3364305948288,729.6641665712891
268,7,515.216,728.8268,547.9815,726.5403,574.3044,733.54047,18.88410953081204,548.116331976024,728.9374978096305
269,7,515.8651,728.314,546.4881,725.9953,571.01227,733.66797,21.70298170301549,546.8054885121958,728.2098147961034
270,7,513.03723,728.32837,544.2475,725.851,569.37524,736.83203,28.144109333002586,545.385641969809,727.6185511510668
271,7,511.73074,727.6674,542.98804,727.0559,568.6997,737.6898,23.58992752070939,543.838534115328,727.3011404948786
272,7,509.92993,728.1276,541.2797,728.9757,567.9795,738.54395,18.1662414229418,542.2116443888438,727.348329357334
273,7,509.37738,728.7368,539.16205,730.01685,564.6692,736.7346,12.294013289959784,540.8154029249495,727.6641159059748
275,7,509.48956,728.4537,536.6524,730.9159,561.04803,738.4898,12.06801904932605,538.6847023509528,728.5307263697259
276,7,507.43256,727.8553,535.94965,730.4442,560.5399,737.67413,11.196773667067369,536.9590406553963,728.7961724387933
277,7,507.27505,727.2686,535.0792,729.00854,560.26416,737.1909,14.417730241245549,535.453408676448,728.8102573481044
278,7,507.58978,727.1881,534.85504,728.4513,559.7893,735.8093,13.788592981214364,534.2786846691982,728.6842764053602
279,7,508.25854,726.773,535.03125,728.2451,558.8708,735.1859,13.085439473579047,533.2826843200995,728.5803217644053
280,7,507.45633,726.4488,534.0068,727.783,557.4575,734.6245,13.387159105055796,532.3290492505813,728.6178120430347
281,7,504.14764,726.9656,532.78253,729.62885,554.6542,735.09,8.705991239164758,531.3447248219818,728.7454717148427
282,7,501.6823,726.96625,530.4683,729.99286,552.321,735.75793,8.77666443403973,530.2724823306158,728.8693517173722
283,7,499.55557,726.8145,528.62213,729.1519,550.9875,735.12775,10.361943746133488,529.0971339525115,728.9170029336401
284,7,501.4983,725.4277,529.84344,727.7071,551.127,734.2002,12.36803706359899,527.9716553825476,728.9019760285564
285,7,499.3633,725.25757,527.4404,729.36566,550.6559,732.76294,0.0,527.0910631953154,728.8593216125048
37,8,654.9537,791.61615,632.5792,796.5717,625.39514,789.7769,55.89330412085871,632.6001842504375,796.6629320739987
38,8,653.23553,793.80695,636.18884,789.5222,635.14624,779.01086,70.22630666240167,635.660591381069,790.0923216381282
39,8,652.5385,794.4906,634.3665,786.1694,634.5077,773.4403,66.03167440255213,635.3636312348619,786.2313557208989
40,8,653.4505,795.4096,635.4098,787.6114,634.9608,773.71356,64.77294330353908,635.5348673965786,785.6017566856247
41,8,640.48224,781.553,636.20056,789.4962,652.1067,793.5366,104.0736052644474,636.2345324422295,786.6110069289791
42,8,642.9128,783.7592,636.28534,789.68054,650.61707,793.13245,124.6784419297591,636.7379067336351,787.5102954861633
43,8,643.6252,782.8955,636.99097,790.4375,651.4289,794.9702,113.90663641845744,636.945792784613,788.0398779131224
46,8,639.4665,778.19916,634.5302,789.6127,651.1163,795.67255,93.31794703899423,636.3683520131419,788.5356102739789
120,8,591.76306,833.41846,595.92786,829.58624,587.08466,828.6185,131.1364128404118,621.2839023618079,803.7266030491738
140,8,618.3535,833.5744,588.95685,836.33417,562.5209,852.323,25.80289130372879,608.3630492902054,816.83164216715
141,8,618.951,835.16284,589.8691,836.778,563.57227,850.4936,24.366236575798045,599.8031929217198,825.5967726323333
142,8,617.78546,835.72644,591.03674,836.58167,565.3726,848.8593,23.73505800319153,593.4681492947533,832.7640576897551
143,8,618.1092,836.44214,591.97473,836.22394,567.9208,849.5834,29.525910302500897,589.517541971487,837.4302236474696
144,8,616.692,832.5961,593.1699,834.097,572.14545,850.90906,34.99644995084719,587.2051201755392,839.7021324459105
146,8,612.3644,834.69586,591.1334,835.1689,576.8116,850.21344,45.13344893816416,584.383830218038,842.697319172947
147,8,613.5957,837.83374,590.61145,835.21686,583.86566,850.5477,72.7453281759581,583.1608449144126,843.8904760007146
148,8,612.59674,836.51135,590.17145,835.6693,583.46716,850.52246,67.85732268113124,581.7379127606214,844.8966548829047
164,8,628.0936,812.2816,606.0194,835.66034,600.4126,837.48047,28.65905140145343,584.747989873994,845.3461202924375
165,8,639.9492,809.65454,615.2623,832.7113,602.5179,851.55707,12.886992541338753,589.9737372175866,845.0086437403753
166,8,639.1703,809.2928,614.0126,832.2431,602.6636,855.20984,21.33087161398485,593.8879573011448,844.7076792629398
167,8,624.85144,811.9078,602.5764,836.58417,600.3724,850.1688,32.856471587575584,595.0956671190793,844.462975132564
169,8,610.0503,810.88135,599.38605,836.13293,606.5415,862.08545,38.30954086497698,595.4973372762938,844.1819871198998
173,8,616.5398,812.47845,603.05914,837.7482,606.483,860.29376,36.71367913933605,596.6064282170473,844.2195660585642
175,8,625.4881,813.716,608.18604,840.75464,601.4651,852.1609,2.1072863310509904,598.8355406301009,844.3818587749325
181,8,625.3456,812.13794,607.8667,838.93854,602.43896,857.50476,16.81569575502439,601.0644524214827,844.5051045024187
182,8,625.9608,812.29803,607.615,839.51965,601.9489,858.4469,17.312090559163956,601.995838002684,844.3700607621545
183,8,619.5015,811.30414,604.31415,838.97906,602.99713,863.6892,25.706093206509163,603.1826706468198,844.1645185461075
184,8,618.33044,811.9285,604.1349,839.1594,602.3221,863.9476,23.35047667565975,603.6494997457354,843.8947126386331
186,8,615.84375,813.7886,606.32404,840.47925,600.4612,863.61115,5.407402303403143,604.4961686282783,843.4592815955075
187,8,621.6807,831.58636,610.15643,841.6628,597.965,838.5069,55.67834016521572,606.0606665603402,843.4417665807414
194,8,618.4414,843.32806,606.6738,839.2872,596.11536,821.7642,39.97682513144162,606.8196438077264,843.2739253429046
195,8,607.73114,812.48047,605.3804,839.8696,605.87866,857.61755,6.513791260304195,606.7261452711681,842.5460868702048
196,8,615.7591,811.74725,605.8938,836.5766,602.78564,855.8147,12.491571343362766,606.9350308919593,841.5940695702961
197,8,621.2811,812.3964,607.69464,835.4874,597.902,849.90015,3.721943548427623,607.5240956690877,840.5038172076477
198,8,627.44855,811.7387,610.1084,835.5985,595.1468,846.55743,17.770511162281803,608.5141057100374,839.3502847513723
199,8,629.89575,822.00775,609.65265,835.9599,593.76886,824.31647,70.81862718184455,609.6977115562779,838.0389461182642
200,8,640.66327,807.8642,616.4527,830.1299,596.1266,827.1949,50.8202032519416,610.8105348577752,836.6763606768968
204,8,641.0269,810.0923,616.2039,827.071,595.78644,818.33655,57.53261309144396,613.3181386953999,833.8359026246007
205,8,640.44684,807.5993,616.1469,822.9386,597.04236,819.7078,41.86059193463553,613.9731535205563,831.1137001506853
206,8,640.59644,806.832,613.0723,819.8852,594.57886,823.91956,13.066208460363567,614.7330107875193,827.6778839770858
207,8,640.4147,806.2159,612.4824,818.9701,594.2811,825.47095,4.8871188618346775,615.1484961175182,824.5283800476711
208,8,640.54517,806.0067,612.912,818.4028,596.1906,824.4773,4.195726726690442,615.1211362676227,821.8500873367406
209,8,640.29987,805.3883,611.3079,815.8053,599.4308,826.1007,21.155918100244843,614.6744784618327,819.5990519491502
210,8,640.1853,805.87805,608.802,816.0569,602.67365,828.8018,46.34967504978225,613.8661208670599,817.7313199897562
211,8,639.91785,806.39685,608.0149,817.419,603.8913,831.2822,54.37542911114544,612.8898654218642,816.2029375634148
212,8,640.16205,806.955,606.85944,816.895,604.8648,836.68787,67.62637318409168,611.9735650077182,814.9699507749818
213,8,639.5178,808.3767,609.39136,817.65063,601.8923,829.8544,41.31954830034846,611.2930763555205,813.9937910555609
214,8,639.8185,808.30383,611.31744,816.5667,600.52167,826.68677,26.98194755027405,610.8162715938778,813.2574311412485
215,8,639.5865,806.62286,608.7016,814.8385,604.7464,833.31464,63.02082070681641,610.4590267008225,812.7492290943884
216,8,637.28723,806.7748,606.5259,817.2282,598.67615,829.7562,39.16083650172519,610.1509869432125,812.4575429773241
218,8,640.0074,807.58966,610.7532,815.18207,600.86206,829.2779,40.393363886792486,609.6351818117811,812.4771507819598
266,8,590.2169,823.1702,596.225,835.4614,608.36554,850.7967,12.317968179100244,606.5965162003635,816.644225414075
38,9,646.3027,791.24164,631.23425,787.5064,629.9248,780.62085,65.31034496399455,631.1942430973768,787.4518820220856
39,9,644.94824,788.7515,631.08466,786.44366,630.7358,784.24695,71.5244782770499,631.143445668066,786.7186678778604
40,9,645.7772,790.7037,632.0644,788.5771,630.6454,782.80975,67.36218072730642,631.8562361014989,787.8680647604363
45,9,639.49176,779.7006,635.3314,790.0183,652.08417,794.95166,95.551826221341,634.1583474245481,789.476679453228
47,9,635.36426,775.5927,635.73755,790.9193,653.78107,796.83466,70.45370279682464,635.7401512197997,790.679212691874
48,9,634.0002,773.8997,636.8474,790.80334,655.3998,797.2686,61.22609377082523,636.9563673509311,791.2860517246539
49,9,637.2605,776.0033,638.18097,791.3501,655.5634,796.3993,70.37027629865204,638.1630479509984,791.7906011368108
50,9,657.09814,794.8855,638.7859,791.92816,639.61896,778.439,84.36024036884398,639.056603844747,792.1998001839403
65,9,659.9751,782.6281,644.93335,789.6964,649.31885,802.0217,84.41678184193113,642.2261584669592,791.61443589261
66,9,661.15985,782.9791,645.548,788.9788,648.3271,802.18097,80.86554197688639,644.0540921197208,791.4321975797955
67,9,661.4371,780.1133,645.7956,790.6426,649.67065,804.822,71.33791362321604,645.8306043044529,791.2151545640194
68,9,662.1971,780.42645,645.63055,790.1535,648.6133,805.18646,70.80308921010453,647.111618443263,790.9479341551099
69,9,661.9081,780.60693,645.4785,790.16406,648.03937,805.6403,69.20888871857512,647.7231141499717,790.7556026120667
70,9,659.4001,783.7996,644.7114,789.87555,646.7236,803.67926,75.82119263284943,647.6436071965034,790.7637426257403
71,9,646.9816,801.7093,642.5637,790.7415,656.8392,787.12,97.70498862021137,647.1917017954829,790.959563665221
74,9,648.4029,802.8102,636.5006,794.67084,649.6253,787.0718,115.5634457813402,645.7901834475066,792.1992745749994
80,9,634.6681,800.848,635.34204,804.2893,636.73505,790.4844,163.157268460497,643.3340722842735,795.0329389015516
128,9,653.93695,806.2376,632.0957,810.6653,631.29626,830.6277,76.24694490087839,641.0050382871639,799.3543737341206
157,9,645.64844,806.64386,618.68567,828.1848,603.11365,834.84106,15.477636721389713,635.715305685784,806.9353013859354
160,9,647.7932,808.2923,620.5774,826.8417,607.64594,834.5366,3.521922270608849,631.778017398636,812.9734328554208
167,9,639.34033,809.5661,613.97174,832.7252,603.5992,855.6248,23.23834024333977,626.585026056264,819.531970916769
168,9,640.0838,810.22437,615.29846,834.0837,604.0494,851.52997,13.277300079722478,623.2216566228885,824.6284470130875
169,9,639.8157,809.96185,615.7263,833.98083,605.9424,859.14264,23.83571269364758,620.0988284480215,829.44044236628
170,9,638.6969,809.4848,615.6564,833.97327,606.1464,852.9685,16.660294687090737,617.5584579737772,833.1396437022022
171,9,638.7566,809.6902,616.2385,832.5974,607.27966,855.63324,23.257599890833426,615.6220451047428,835.5215433171079
172,9,638.5764,810.06396,616.40393,832.6514,607.4579,852.7881,20.51484308957577,614.2283815614992,837.3449489976751
173,9,639.4394,810.1717,616.79803,834.5808,607.88214,856.4026,20.62447538172077,613.2955820186268,839.3382181840599
174,9,639.09375,810.2431,617.2666,836.8791,607.4521,855.1255,11.058004637726722,612.7417611507052,841.1445914399081
175,9,640.36816,810.2957,617.3785,837.46954,607.3222,859.30646,15.505126927649895,612.4850336323144,842.2760271554296
176,9,640.83606,810.17993,617.0945,836.14557,607.20294,858.1399,18.22315838491932,612.4435141380345,842.8044719035975
177,9,641.19165,810.12085,617.06036,835.03186,606.71533,859.99146,21.57652570078852,612.5353173424455,842.9418693030756
178,9,641.1271,810.0305,616.68353,834.7754,606.8948,859.6929,23.201760789721583,612.6929129538687,842.871309263114
179,9,641.4236,810.2517,616.9804,835.71747,606.6359,860.4595,21.13672924958388,612.906190815591,842.6604668553084
180,9,641.4525,810.2216,617.5668,836.31805,606.2718,860.02795,16.995145459496225,613.1793958046406,842.3481634418401
181,9,641.52997,810.15424,617.6641,835.6483,606.2096,860.6566,18.50151535994628,613.516772798046,841.9732203848906
182,9,641.4019,810.27277,617.2489,836.13043,605.51337,861.1245,17.896209124763786,613.9225666728354,841.5744590466416
183,9,641.0722,809.98206,617.2901,836.8601,605.1533,861.1218,14.926648769779872,614.4010223060372,841.1907007892743
184,9,640.8125,810.00055,617.5269,837.4111,605.41003,862.34766,14.43283731923574,614.9563845746798,840.8607669749703
185,9,640.9595,810.06287,618.4757,837.53955,604.99457,862.07086,10.502023114240696,615.5928983557911,840.623478965911
186,9,641.06976,810.1369,618.894,838.9194,605.61334,863.58124,9.30998012060192,616.3074747334052,840.4900818550055
187,9,640.0107,810.021,620.38043,838.07825,607.994,858.1058,3.243108002100818,617.067689619575,840.3615156580703
188,9,640.6422,809.46716,620.3057,837.75366,604.7161,858.1719,1.648295083062737,617.8337851333597,840.1111441216487
189,9,641.22546,809.1164,620.20935,836.43115,604.2423,858.7658,2.014019837035045,618.5660033938179,839.6123309922848
190,9,641.4046,808.8335,620.48987,834.7095,603.9749,853.52246,2.330617834756402,619.224586520008,838.8092272145672
191,9,641.6408,808.3321,620.38983,836.2438,602.3915,855.03156,6.486248120160555,619.7697766309889,837.9291325252648
192,9,641.41,807.8068,620.96716,834.8392,602.8855,851.0513,11.022623119029276,620.1618158458193,837.1555477646339
193,9,640.34064,807.7028,620.8476,832.34784,602.2436,837.7728,35.40082002158234,620.3720869168644,836.2917186306184
194,9,640.50433,807.65674,618.3684,833.0348,601.98413,847.4454,7.570693471909052,620.4165351297163,835.338661670279
195,9,640.44586,807.5124,617.6659,833.19147,606.36316,852.13654,10.755757285359888,620.3222464032735,834.3754826665928
196,9,640.93567,807.0801,619.4469,831.54395,609.05304,851.1106,13.31830869332352,620.116306656435,833.4812874025383
197,9,640.77814,806.8469,619.6462,830.7875,607.2964,845.96136,2.2928571766079555,619.8258018080994,832.7104192170383
198,9,639.83453,807.17847,617.67303,831.4136,604.05945,844.8725,2.886358231039914,619.477817777165,832.018171672795
199,9,641.01404,807.56793,617.1481,831.65796,595.8065,833.42664,40.53014340648493,619.0994404825308,831.3350758884549
200,9,641.2812,807.9535,616.97186,829.6328,594.8006,821.3935,62.11307417032838,618.7177558430951,830.5916629826646
201,9,640.9309,808.15656,616.6643,828.49896,596.61786,825.2846,49.08227751023221,618.3399641513938,829.7519670883868
202,9,641.76514,811.00366,616.38324,828.0908,594.136,818.0776,58.1805262502662,617.8937231945092,828.9140343958474
203,9,641.89996,811.09534,615.75885,828.2086,594.2196,817.3024,60.06569916403637,617.2868051331607,828.2094141095881
204,9,641.0353,808.24774,616.08246,827.67584,595.1472,816.24585,66.53725950082556,616.4269821280673,827.7696554341508
205,9,631.67267,812.61475,611.2903,831.00543,594.1786,825.8706,58.762702239061376,615.25416941566,827.650047185934
206,9,632.35077,809.60095,609.38745,828.41693,594.0231,836.21454,12.422607154523968,613.8368545352158,827.6008366287656
207,9,633.9131,809.26245,608.8661,826.9159,592.6364,834.51355,10.090833419199203,612.2756681017229,827.3594613068187
208,9,630.0294,809.96295,606.97766,828.7992,594.32996,835.78296,10.346781225491462,610.7004526247185,826.7927905163344
209,9,637.3988,805.32227,609.22424,821.5449,597.30853,828.48956,0.3013159872936269,609.357898191937,825.532873262021
210,9,636.9317,805.8197,606.2181,820.545,599.5084,830.26227,29.76060414346137,608.4610974776157,823.9743383766438
214,9,639.9198,806.92926,610.1694,814.943,603.53217,829.0068,49.66000942016443,607.9404475655657,821.3877427993972
217,9,639.76086,807.61426,611.6125,815.041,600.9943,830.9182,41.4463754489942,608.4446449269429,819.0705744595981
218,9,639.9736,808.73706,613.40466,815.9307,597.605,825.05756,14.863368534203094,608.6692670517538,817.8934243864576
220,9,639.765,809.50977,612.21155,816.9901,595.75354,821.8154,1.1518206077686235,609.224953614517,816.4446752002993
221,9,639.9987,809.0852,611.8091,816.03,596.24084,823.53345,11.892803463529363,609.5201453786394,815.6892193818005
229,9,629.84357,800.6836,604.9218,818.9498,586.8308,815.3129,47.60617732501085,608.2586545426306,815.625582805026
230,9,628.2651,805.1978,604.6392,820.0279,588.13947,816.10236,45.4994355963716,607.1089753280017,815.5415442263568
231,9,627.77216,806.3739,603.1033,816.2088,585.2288,819.66455,10.793753828749235,605.6626759115147,815.271148118845
232,9,620.9248,807.73285,599.9304,816.96313,585.88275,824.71893,5.170437364853617,604.1046593743735,814.9470448551984
233,9,600.33307,809.19507,601.07495,816.9739,595.67975,822.5831,49.33361736760502,602.6721308172276,814.7832896961436
234,9,613.12164,808.9062,600.42633,817.1545,591.63104,828.70294,19.69492060478092,601.6346895594303,815.1633996976631
235,9,584.3566,810.74713,601.8117,824.08405,616.78296,842.46655,13.457233912300335,601.1480081868342,816.2315851440125
236,9,583.5585,805.9547,604.1835,820.7779,622.05194,842.3631,14.676901890320629,600.9427631191442,817.2233872749114
237,9,582.7549,805.5037,603.2525,821.00726,620.10986,843.37177,15.890294887710937,600.8800254341065,817.9647544600459
238,9,581.254,805.4517,603.01135,820.4836,618.39185,844.2698,22.472627246221663,600.8839711960211,818.4996549067301
239,9,581.047,805.8973,602.4999,820.0669,616.1263,842.83203,25.652013406322304,600.8787764691884,818.8720568222778
240,9,579.78674,807.95966,601.90796,820.04944,616.2475,841.42834,27.491251777952805,600.8090618873074,819.1259284140026
241,9,579.5167,808.20166,601.79926,819.7293,614.16394,841.2325,32.74604279351994,600.7012263616722,819.3052378892186
242,9,580.8254,807.7115,602.20844,819.76447,612.80096,841.38904,34.49401884140586,600.6021133729759,819.4539534552396
243,9,581.51636,806.88947,602.3983,819.5932,611.4585,841.07745,35.81960513805253,600.5585664019108,819.6160433193794
244,9,580.447,808.8792,602.03485,819.3395,609.6302,839.7132,43.7022489011645,600.6030073682139,819.8145743665007
245,9,581.1915,809.0727,601.1394,820.77124,606.5833,840.0232,43.820858579520845,600.7101719477951,819.9890081916639
246,9,582.3346,809.99396,601.0337,820.5527,605.0145,839.3271,48.57671291960944,600.8403742556092,820.0830539256099
251,9,580.76074,811.255,601.04297,824.42773,602.0214,846.22644,54.42737069016374,600.4479457415673,821.4010981042607
252,9,584.7121,810.0234,598.5527,825.4874,605.0054,847.6809,25.617399249538032,599.9051360823197,822.2649841641874
253,9,581.84534,811.7171,598.1012,824.60187,605.3127,844.8569,32.00135389582067,599.2405544530062,823.176748260082
254,9,582.0977,811.46246,597.2165,824.7607,608.16364,843.32764,18.141919406502,598.5475064656032,823.8730848488349
255,9,578.6305,811.8361,596.52783,823.921,610.2627,842.4964,19.49176161812113,597.9051359611921,824.2147137545865
256,9,578.02594,811.8751,596.9094,823.9136,610.43005,843.5787,22.971741640023343,597.3359396972774,824.5584562704832
257,9,577.9766,812.4527,596.6442,826.4239,610.7926,844.3473,14.90126460666461,596.8482526604689,825.2240561151057
258,9,577.5501,811.625,595.7619,826.61755,610.67444,845.0546,11.570539293343524,596.4504098373767,825.8868452397617
259,9,582.362,816.08325,597.62415,825.87054,611.499,837.76196,7.926943603433378,596.1507462146105,826.263206747334
260,9,583.2172,817.5041,595.796,827.7215,611.9802,840.1243,1.6211200500966731,595.9575967787803,826.8781401142721
261,9,586.3456,815.4194,596.6759,830.18066,611.9097,846.4665,8.103071540566797,595.8792965164959,828.2843942208771
262,9,602.4787,839.0128,597.7899,836.48315,603.83923,841.04724,171.313659799601,595.9241804143672,830.3370991892862
263,9,605.024,846.4084,598.38196,837.7796,601.9716,835.4132,94.1934992590828,596.0875955604408,832.6321487859026
264,9,603.989,842.7035,598.3269,837.7464,602.42957,839.86835,166.14687550962418,596.3129374485088,834.4261101123545
265,9,586.59814,819.8153,596.8641,832.2261,611.0146,845.3812,7.490773918319231,596.5306136738001,835.1266918077014
267,9,589.70734,827.55646,596.62335,832.5354,610.1134,837.2804,16.371839205542834,596.6645995169666,834.8900953229326
269,9,594.93805,843.1122,597.3353,833.02155,608.24286,825.81995,43.20131763311578,596.3840589765521,835.3769765801424
270,9,588.264,829.8333,596.87146,833.52167,610.64435,838.97626,1.5899162884655729,596.5912279877456,835.8456477970182
271,9,596.8604,820.5064,599.31055,835.3413,609.53186,854.1604,19.129639219634317,597.2171292810515,836.2378988103675
272,9,601.3088,820.9968,600.8245,836.41345,607.2836,855.8475,20.183913829133107,597.8033863844031,836.4217014481272
273,9,587.9278,808.15594,599.4755,833.44434,612.066,860.8349,0.1440176537594674,598.2383851697937,836.4166366371103
274,9,587.0895,808.8079,598.90594,833.3538,611.2615,860.98114,1.6110693980617707,598.5400393845408,836.2801875788467
275,9,587.7198,808.4131,598.30664,833.23737,611.7182,862.3471,1.6398437900104872,598.7262627759624,836.0698374748671
276,9,587.6341,809.30396,598.70667,833.66473,611.70465,862.2335,0.0197823410294463,598.8241969429362,835.8430695267023
277,9,586.66376,811.366,598.85156,834.0641,610.7975,861.56714,4.756045952229803,598.8978948905801,835.6573669358829
278,9,587.8993,812.86597,599.49536,835.0751,610.8673,861.3991,4.206262608151739,599.0206374755713,835.5702129039394
279,9,588.16437,811.2556,599.09076,833.9876,611.00995,861.4116,2.1808599650452423,599.2492634270399,835.6240229807107
280,9,592.6449,810.8932,600.36334,836.12915,612.3371,862.32086,7.56161566024419,599.5748429639259,835.8009421092693
281,9,593.11115,811.61487,600.72235,837.1464,612.54126,862.28186,8.583458059085155,599.9720041776225,836.0680475809954
282,9,592.72986,809.7074,600.7241,835.7374,612.776,862.29315,7.337539971218898,600.4153751595221,836.3924166872699
283,9,594.54596,811.8609,602.2726,837.69244,613.57806,862.4829,7.862172642051837,600.8795840010174,836.7411267194734
284,9,594.16656,810.82385,602.3171,837.0037,613.6524,862.2322,6.901914590864979,601.3392587935014,837.0812549689863
285,9,594.21106,811.3644,601.7339,837.99646,613.73035,862.07916,10.706015493670057,601.7690276283666,837.3798787271892
39,10,652.4285,794.927,635.7302,788.5198,635.44385,778.7354,67.33142887896447,635.6524447118903,788.6576404538555
40,10,653.24664,796.2108,636.645,790.35297,635.8626,778.07654,66.91803009080172,636.6847436058879,789.8586391631807
44,10,647.8832,786.9493,637.6044,791.70325,650.0797,793.0378,149.07344806228463,637.3843672470709,791.859162062878
51,10,644.6351,783.5736,636.78845,792.2381,655.3902,791.30194,135.04524677831978,637.3569952068332,792.4008602206278
75,10,646.2695,782.5622,636.45544,796.092,649.16736,809.9847,78.41451907748862,636.8128460325445,795.1465826674864
76,10,642.94977,784.7898,635.18225,797.638,647.7078,809.2243,78.38631145436871,636.4462778451158,797.3392414765078
77,10,640.71716,795.8285,636.8515,800.63666,641.3941,795.82104,175.4695277092769,636.1510369598328,799.4825125315461
80,10,635.6489,799.82965,634.9386,806.9168,638.8649,797.0567,164.01086815406532,636.078862524137,804.0196069397238
81,10,635.1207,800.4218,637.46216,803.4231,636.3875,793.9126,148.4874908060333,636.1608140186702,805.0349243539684
104,10,651.40826,808.6568,636.89124,803.6907,641.06555,822.68353,121.2808718690342,636.509277632186,806.1649489316212
105,10,650.41345,808.25635,635.79755,804.26794,638.5747,825.0404,112.87828424574715,636.3083313769273,806.6564339743516
106,10,650.33264,809.2281,636.0064,803.52466,638.54785,824.3873,118.65346321517708,636.0769357223635,807.029588841347
107,10,650.64215,809.1496,635.32996,803.74603,638.1619,825.5298,116.8446958011577,635.8135977090498,807.2603454899389
108,10,650.7965,808.87195,634.5266,803.52014,638.101,825.9374,117.267542973685,635.5168243775407,807.3854789719412
109,10,644.0814,816.13776,633.6886,804.9246,643.6238,816.7714,177.15882424242548,635.1871550647679,807.4373615693104
110,10,651.3436,810.8548,634.0673,803.71075,638.1916,824.4679,123.70373634455164,634.8332582931678,807.4307544845731
111,10,648.5525,813.76227,634.36523,804.4853,640.6982,820.7313,144.47705949256058,634.4658348815539,807.3760161503978
112,10,643.45844,815.76746,634.3448,804.07886,643.4982,819.5597,172.65107753652677,634.0955856487394,807.2835049994544
113,10,642.5495,816.77094,633.3653,804.9502,644.65356,818.9691,179.0039706575655,633.7357068305901,807.163579464411
114,10,650.5731,814.9261,633.13495,804.47144,639.1414,825.2406,137.07375593492236,633.4093763311813,807.0265979779372
115,10,651.4553,813.616,632.9446,804.9826,639.9148,824.7605,134.4180899102774,633.1422674716412,806.8829189727018
116,10,653.5423,811.065,632.9295,805.1071,637.25775,827.1678,117.221605585408,632.9533029285077,806.7429008813735
117,10,654.9295,808.6918,632.7372,805.05493,635.1166,829.8144,104.7961016046956,632.8344027999557,806.616902136622
118,10,655.3772,808.5437,632.9324,804.9421,633.5999,831.08215,100.57913862474108,632.77073653957,806.5152811711158
119,10,655.2534,808.9594,632.87726,805.34235,632.23425,833.38666,97.86887140164907,632.7474736009349,806.4483964175239
120,10,655.58185,809.18317,634.001,805.0579,633.55145,833.17755,99.90584354187092,632.7497834376356,806.4266063085153
121,10,655.9143,808.68256,634.0509,805.06226,634.09235,833.11444,99.4867824243996,632.7628355032565,806.4602692767594
122,10,649.50964,813.0478,633.46643,806.30865,641.01215,825.5584,134.19009002085724,632.7734657343824,806.5670822159485
123,10,642.4778,818.2859,633.45776,807.92584,649.129,815.6052,157.15082883004538,632.7751759995989,806.7940958638704
124,10,653.52826,809.91846,632.6047,809.0404,633.14667,825.7999,94.25525271340524,632.7631346504922,807.1956994193364
125,10,654.0903,808.64874,632.60876,809.2306,631.224,828.09155,84.24936329702113,632.7325100386481,807.8262820811576
126,10,655.38135,806.7995,633.0488,809.97375,629.9781,832.8298,74.2584414742714,632.6784705156525,808.6660959530147
127,10,653.8055,806.64624,631.8992,810.53125,630.9149,829.3329,76.94669198290984,632.5961844330914,809.3988447580625
129,10,654.6622,805.90717,632.1869,811.2664,630.19794,832.8059,71.31249375868994,632.3275459956159,810.0875120260882
130,10,654.4479,805.7207,632.1278,811.5115,630.1017,832.446,69.92762623919853,632.1352779239674,810.6959586172168
131,10,654.2478,805.1823,631.4385,813.2742,629.5972,834.8236,65.58364410448476,631.9179221796611,811.5993858086775
132,10,653.4348,804.86774,631.3468,814.8042,629.2059,836.26904,60.08311993918991,631.6931325948466,812.7119918641476
133,10,652.3037,804.9294,630.8747,816.934,629.8694,837.96344,58.0052992197723,631.478563001674,813.9479750473041
134,10,652.211,804.52637,631.0149,817.21466,629.8729,838.2067,55.98083515297372,631.291867232293,815.2215336218238
135,10,652.491,804.82043,631.2861,816.912,629.4986,837.18634,55.26879645662616,631.1506991188535,816.4468658513844
136,10,652.4488,805.392,631.4751,818.42413,628.69464,839.5417,50.644308732552986,631.0675858082975,817.5520923051305
137,10,652.0594,805.42145,631.62054,819.5255,628.0215,841.2176,45.97146292351884,631.0345477067359,818.5210227740818
138,10,652.09564,805.7159,631.4303,820.00085,627.6587,843.69995,46.303199957534815,631.038478535071,819.3513893547257
139,10,651.52136,805.2129,631.5904,820.54987,626.91187,844.6527,41.436638750582986,631.0662720142055,820.0409241435497
140,10,651.30914,805.70807,631.664,818.9225,626.20166,840.72046,42.00500276882022,631.1048218650423,820.5873592370413
141,10,651.4148,805.80475,631.67834,818.80676,625.10706,840.7224,39.93276594865239,631.141021808484,820.9884267316883
142,10,651.1609,805.9893,631.3356,819.5069,624.46014,842.035,38.7406387318956,631.161765565433,821.2498648080783
143,10,651.71515,805.91644,631.4582,819.27563,624.78955,842.0212,40.255369800508205,631.1539468567929,821.4094359832005
144,10,650.7435,805.9971,630.84247,819.3702,625.1765,841.7129,41.86987446373455,631.1044594034654,821.5129088581446
145,10,649.25665,805.68256,630.3304,820.7321,623.93634,844.0615,36.1823627540934,631.0001969263536,821.6060520339996
146,10,648.1007,805.8294,629.9591,821.5242,624.1432,843.9018,34.56729750113642,630.8280531463604,821.734634111855
147,10,648.27966,805.66516,630.3226,820.8751,625.5005,843.30994,37.604373876702034,630.5749217843882,821.9444236928002
148,10,648.4577,805.35956,630.1735,821.79,625.698,842.97516,36.12793877944581,630.2280028849284,822.3016247813475
149,10,647.6206,806.1945,629.4878,822.4297,626.5755,841.26184,39.36954832094651,629.7757217868264,822.9541829956996
150,10,647.2755,806.3384,627.00055,827.11273,619.9239,842.70404,19.890416175179613,629.2068101525168,823.9841435641165
151,10,647.1033,806.66003,625.96564,827.6165,618.08954,845.61053,21.60726213655963,628.5099996444335,825.128208541397
152,10,647.0159,806.0574,625.7911,827.1834,617.9785,845.3201,21.8292638339395,627.6858559586341,826.1001219897433
153,10,647.08813,805.92523,625.19525,827.0025,616.8649,843.4935,19.28710508887168,626.7822809256699,826.8671391744297
154,10,647.7382,806.25806,624.5931,826.54846,615.9763,840.76117,17.533021729619893,625.8590104097156,827.4598931614985
155,10,648.1802,806.1897,622.9514,828.332,609.76935,843.3114,7.379722190283217,624.9643361220999,827.9086591328219
156,10,648.1972,806.98584,622.84247,827.3079,612.05914,841.54156,14.140110949707427,624.1007731627697,828.2422807335877
157,10,648.4163,806.9107,622.4964,827.5722,609.6161,841.09686,7.838544619877352,623.2593924788257,828.4892437248142
158,10,648.03217,807.81616,623.0042,826.2464,612.3996,836.5547,7.820795873580392,622.4312650173694,828.6780338675187
159,10,648.34705,808.1209,620.00055,828.324,607.6506,837.0726,0.1631294174610896,621.6074617255015,828.8371369227195
160,10,648.75146,807.9671,619.4235,827.07324,603.7477,837.3902,0.266878611148663,620.7790535503229,828.9950386514338
161,10,646.34094,807.5043,619.2431,829.6567,603.8555,838.824,8.481097199613703,619.9397433984038,829.1920483772775
162,10,643.9382,807.46594,618.71967,829.46265,607.81305,840.6437,4.615412547788916,619.0937620141905,829.5157696742588
163,10,643.0964,808.40173,618.5044,829.8661,608.2581,844.3823,13.668594150276672,618.2479721015977,830.0656296789839
164,10,641.4357,809.3051,616.35913,831.76294,604.0014,845.50055,6.180314858520511,617.0645007267191,830.9080146349413
165,10,629.482,811.11725,605.7631,835.2315,598.64154,847.516,14.424600260955811,614.3291795427483,831.977147213149
166,10,626.6017,811.2025,603.2811,835.3756,599.5974,851.93414,31.42947806501997,610.6951861249097,833.1742091915078
167,10,619.196,810.5885,599.98004,835.9359,603.48157,856.29724,46.92353890151133,607.7227235896188,834.4003631205801
168,10,626.9163,814.9032,605.1558,837.56116,598.71686,836.7087,53.69922443610501,605.5671135701228,835.5566946415764
169,10,620.3341,811.78827,603.729,837.338,603.42975,857.0746,32.15166149081991,603.9820840773056,836.5442701683695
170,10,624.1011,813.19977,604.7853,837.3472,600.97815,847.1329,17.398048272906607,602.7797916384941,837.2985743166886
171,10,619.7714,813.33746,603.81555,836.76776,602.74664,851.5136,30.10855351449753,602.0061068467924,837.892764509688
172,10,602.0207,849.22656,606.6295,837.33453,623.5144,813.50415,14.135119423248804,601.7653288117489,838.4344163723785
173,10,602.5761,849.4441,607.297,838.7157,623.65045,814.3695,10.138204736222129,602.0687996891932,838.9960316804877
174,10,600.6726,847.7976,608.3997,840.56726,625.2073,814.4018,14.187270475025244,602.5560338200826,839.5098168126125
180,10,617.8891,811.6871,603.9713,838.53217,604.1697,862.57733,27.8770590970723,602.2000803084372,840.396375818415
184,10,621.4755,812.1576,606.3841,839.9827,602.1279,861.9323,17.500116812052376,602.2890889614637,840.5382957702103
186,10,599.98456,861.6355,609.117,841.08453,622.5313,813.25024,1.7716672959068958,603.5421473222618,840.9714052681917
188,10,597.956,842.6768,611.80206,840.3779,626.2026,824.69885,38.007019905501934,605.2325442996733,841.4746860125144
189,10,598.47174,847.2173,612.31104,839.12836,630.04834,817.0007,20.97886724363632,606.0452117184248,841.6623747434668
191,10,601.0763,847.8702,610.7874,840.50275,624.5785,818.60095,20.616174588344617,607.2080770706887,841.780257861076
194,10,596.3569,821.0731,603.2073,838.8977,612.79706,847.2401,27.95618776134093,606.5708773724234,841.3129959877595
195,10,608.65344,862.30396,602.459,838.81134,598.6137,811.4429,6.773639088531431,605.588475423956,840.9938822088778
197,10,603.96094,856.4785,602.9411,835.8599,597.8802,810.1669,8.311558137588538,604.719951883996,840.1232098076766
198,10,603.56134,854.8478,605.485,836.0307,602.5609,810.3145,12.32396973860034,604.7947891814097,839.5758494814331
199,10,595.7342,829.1133,607.5537,837.0011,620.7783,824.6314,76.80424742689388,605.2570078727538,838.9566052688118
200,10,593.26874,815.74866,610.4973,836.31946,630.74426,828.27496,71.7218118279525,606.6709103728555,838.0367072983875
201,10,593.7791,818.33325,616.3641,829.27655,641.70197,810.87805,61.83638344263031,608.4103577368618,836.2363418352144
209,10,638.773,805.65533,609.5481,819.7153,601.5839,836.0631,38.33412645153,609.1861129608067,832.2019980972525
214,10,639.93805,807.30963,610.6738,814.7984,600.61084,821.652,19.90346125484749,609.4445089592177,827.6759958964524
216,10,639.41864,806.49866,608.0274,814.93225,604.14246,835.2605,64.14258411903207,609.8115037967397,823.8490180128729
228,10,631.0238,804.7374,604.3089,820.2894,587.6704,813.05286,53.711347008059256,608.6478218100949,821.7732273058849
231,10,626.7417,807.89996,602.5578,819.9198,587.5746,825.62384,5.586512070544269,607.3408990781038,820.3835022826551
232,10,615.53455,811.8347,600.5357,822.9962,596.33984,831.39417,26.796894924631903,605.949241734774,819.2781518263104
233,10,609.1862,807.96045,600.58044,818.19904,596.7296,829.82416,21.720355542015,604.5646760412177,817.8601364888857
234,10,604.62665,810.08167,600.8821,815.42395,590.48126,820.8371,27.47732516179715,603.366920669965,816.4086590532013
274,10,579.0947,806.7955,595.61285,832.32166,611.5336,857.90845,1.0160633084743873,601.3345063469875,818.6576723044443
275,10,579.9254,806.80286,595.6518,832.5215,610.9594,858.29346,0.7362165171436315,599.5517857383313,820.9594349347606
