Frame,ID,Head_X,Head_Y,Middle_X,Middle_Y,Tail_X,Tail_Y,Angle,Smoothed_X,Smoothed_Y
0,1,591.40045,611.63043,570.87933,633.1918,551.5031,653.40753,0.199791951149457,570.9200554304603,633.1576228614995
1,1,592.6671,610.94653,571.97626,632.4765,552.2264,653.7328,0.9650977319197926,571.7693893141582,632.6101986033217
2,1,593.84705,609.92804,572.7543,631.96857,552.7519,653.58954,0.9681343015379584,572.6543427762657,632.0572320571158
3,1,593.9814,609.09344,573.30536,631.5909,553.08417,653.33594,0.3363002785831761,573.5160148880943,631.504573571827
4,1,594.8742,607.9213,574.18036,631.06995,553.3875,652.6937,2.082435058902398,574.2955047209554,630.9580734963998
5,1,597.44836,607.2918,575.2243,630.5071,553.9876,652.68353,0.0197823410294463,574.9339113461601,630.42358217978
6,1,597.918,606.16956,575.0883,629.2578,554.37354,651.98395,2.328349280666677,575.4014743558891,629.8967110913095
7,1,595.7872,606.8733,575.04535,629.7227,554.87616,651.24335,0.9112865274412016,575.7849954257972,629.3321161819193
8,1,597.8018,606.1677,575.7388,628.35736,555.63916,650.6479,2.794773418292934,576.2004167524079,628.6742145229384
9,1,598.42535,606.21497,576.5109,627.49133,556.66943,649.74,4.119606812841202,576.7636805322454,627.8674231856946
10,1,600.9848,604.70844,578.03253,626.1026,557.88544,648.7845,5.39931487627733,577.5149353157875,626.883608988803
11,1,601.37006,603.7015,578.55133,625.0558,558.6559,647.13574,4.877930413846542,578.1911550693292,625.8044377400244
12,1,601.79297,603.1892,578.55994,623.92224,558.9452,645.78925,6.362298614176415,578.5592490915485,624.7390249944061
13,1,601.6844,602.8827,577.72565,622.9269,559.1184,645.32556,10.366347781813252,578.8090425948377,623.7964863069955
14,1,601.0205,603.4949,577.99194,622.9032,560.1281,644.96594,10.879472251482644,579.1791095095471,623.0558657622664
15,1,601.28406,602.61676,579.2662,623.2792,560.75757,644.9484,6.316989595123732,579.6801027241447,622.4759215623994
16,1,603.2076,601.63965,580.52246,622.9226,560.9692,645.0445,5.353463450085407,580.2656948666277,621.9853404390014
17,1,604.0361,600.76556,581.46857,622.79236,561.6849,644.41705,3.240329955232657,580.8895585649933,621.5128091236799
18,1,605.08636,599.1758,581.79834,621.76526,561.8494,643.96606,3.930491724413168,581.511187661409,621.0009378140269
19,1,606.8545,596.2625,582.5207,620.0749,561.6962,643.3492,3.800193678482338,582.1133608547225,620.448030571577
20,1,606.92957,595.478,582.8542,619.9149,562.3571,642.7155,2.6184563679829647,582.6846780579519,619.8663149238499
21,1,607.53156,595.08185,583.2842,619.335,562.61206,642.2019,2.878888355011054,583.2137391841148,619.2680183983655
22,1,607.10156,594.7369,583.7832,618.77405,563.1052,641.1019,1.3273643204734906,583.6891441462294,618.6653685226429
23,1,606.087,595.2527,583.5128,618.59753,563.0438,640.3037,0.7184605482923125,584.0994928573131,618.0705928242023
24,1,603.8204,595.0415,583.0627,618.56134,562.7101,639.0691,3.3521110579720865,584.4333852303844,617.4959188305634
25,1,603.784,593.6799,583.37036,617.4006,563.1464,637.8793,3.9266535769633495,584.6794211784605,616.9535740692459
26,1,603.9009,592.5421,583.7302,616.5249,563.4519,637.7449,3.634695997152571,584.8286908653287,616.4549111458242
27,1,603.9279,592.6105,583.76843,616.2673,563.4187,637.2864,3.6364732798773503,584.8822454578494,616.0077829780944
28,1,604.93787,592.67194,583.52795,615.7775,563.6114,637.3727,0.1341703946898555,584.8436263736525,615.6191675619068
29,1,605.47314,593.0569,583.5059,615.53424,563.7438,637.3592,2.182116010950895,584.7163750303678,615.296042893112
30,1,605.4092,594.8253,583.2779,615.70026,564.0332,637.56006,5.313637545326582,584.5124815123293,615.0453869675611
31,1,605.0327,597.3658,582.62415,616.33203,564.10767,637.46576,8.53251055424862,584.2777305706893,614.8741777811041
32,1,604.29956,599.5222,581.9659,616.9695,564.66034,637.8092,12.296098147835888,584.0663556233052,614.7893933295919
33,1,607.81085,602.2141,583.27124,616.16815,564.9302,638.26373,20.680673810134348,583.932590088034,614.7980116088752
34,1,608.03235,604.99133,583.5916,616.8452,564.89844,638.0691,22.75401691963431,583.9316182613619,614.9034729301572
35,1,608.7265,607.18353,584.61383,616.80176,564.98846,637.78955,25.174946604607975,584.1224279542927,615.0950668660525
36,1,611.2628,609.5345,585.9584,616.90845,565.37054,637.8156,29.194282051283228,584.564957856459,615.3585453045282
37,1,613.6119,613.1903,587.1856,617.3861,565.79333,637.98914,34.901564867776074,585.2595832005137,615.6796601335512
38,1,615.4603,617.0656,587.49634,617.57245,565.95245,637.5481,41.79855443508573,585.9684253911881,616.044163241089
39,1,614.85034,617.6594,587.22516,617.64215,566.2033,637.60034,43.549012380854506,586.4608072146113,616.4378065151082
40,1,612.65857,616.89453,586.8711,618.264,566.7718,638.2477,41.79492151941821,586.7731108104233,616.8463418435762
41,1,613.1321,618.3295,587.3235,618.49615,567.27783,638.2536,44.2152280697382,587.0084831566419,617.2555211144601
42,1,614.41077,621.37964,587.4224,618.54504,566.8097,637.9647,49.28877256521103,587.270071231285,617.6510962157271
43,1,615.0533,622.50854,587.845,619.05725,566.7081,637.58746,48.46954095255382,587.6416127658568,618.0169777414753
44,1,615.9173,622.3227,588.11597,619.181,567.0693,637.59106,47.624255307868985,588.1292085058058,618.3297111103291
45,1,616.4758,621.7419,589.3508,618.64124,567.53827,637.1185,46.78889433990032,588.7195499500668,618.5640004470428
46,1,618.8813,623.5605,590.53876,618.15674,567.9848,635.22546,47.91264788042355,589.3993285975746,618.6945498763718
47,1,618.4306,622.6962,591.6156,618.38696,568.59924,634.08374,43.42292454059187,590.1552359472644,618.7161982941303
48,1,618.9508,622.48834,592.5681,618.22943,569.04706,632.8835,41.09372296350447,590.9739634980705,618.7043236803715
49,1,619.16205,620.8842,593.08246,618.6536,569.9331,631.7018,34.29643960107778,591.8422027489281,618.7544387862064
50,1,620.5929,623.3908,594.3077,618.7064,569.3738,632.4414,38.95324036612129,592.7466451987717,618.9620563627474
51,1,622.5461,624.7756,595.379,620.2994,569.7682,633.66943,36.92297414907016,593.674167985288,619.3896141104503
52,1,622.55566,625.82043,595.3029,621.78094,570.41187,634.83795,36.11116665472861,594.6123908011705,619.9672495271484
53,1,623.93494,626.17017,596.167,621.9202,570.7257,634.9433,35.809053347486866,595.5491189778639,620.5920250600182
54,1,624.6221,626.44196,596.9269,621.9138,571.1919,634.3657,35.1057222275074,596.4721578468136,621.1610031562369
55,1,626.04285,626.9647,597.54095,621.90857,571.47064,634.0286,34.99310930210567,597.3452991363025,621.5932633586694
56,1,626.2359,626.7244,598.1101,622.014,572.02563,633.1029,32.53866526438117,598.0362801619649,621.8959535929333
57,1,627.1222,626.8623,598.9093,622.30414,572.31964,631.93744,29.09278974223088,598.4410155195698,622.0982388803341
62,1,630.09045,625.9559,604.0242,622.49567,579.0286,625.1323,13.58318098732697,600.878559466084,622.6243668600791
63,1,631.17145,630.9997,607.4555,623.57275,580.5311,627.0444,24.7357470306702,602.4369834184936,622.857355770733
64,1,633.6506,631.1095,605.6357,622.00256,577.6085,627.8855,29.862387630411103,604.0954057792005,623.3181020257717
65,1,629.36206,630.1899,606.3458,626.7822,580.7802,629.8529,15.270686408387869,605.4590486394065,624.0938448850675
66,1,630.79694,629.81976,606.3941,627.1414,581.1012,630.40485,13.615453870558833,606.5651389105474,625.00809199432
67,1,632.7399,629.3549,606.85736,626.952,580.9017,630.3393,12.739222219992724,607.5460501805933,625.8568513803383
68,1,634.4094,629.33575,607.77893,627.1456,581.5191,630.09326,11.106064707278849,608.4827379234157,626.5898642085402
69,1,637.7446,629.8585,609.3896,627.5106,582.6324,629.0599,8.047252192583258,609.4433030843614,627.1953049289962
70,1,637.968,629.75214,610.4436,627.06805,583.8455,628.8392,9.379282113390296,610.4958466087776,627.6613479917761
71,1,638.6318,629.5835,612.21,627.31616,586.5734,628.12744,6.717233676423004,611.6820707202222,627.9768123976646
72,1,641.2222,630.4782,613.62756,626.97034,585.0208,626.8734,7.050488610181873,612.9380827550988,628.1330953503029
73,1,626.8264,625.3436,614.3672,626.62805,596.2369,631.0415,7.795557896189374,614.1735913280219,628.1222386040464
74,1,615.5586,624.2029,616.1568,626.72046,608.63983,632.62384,65.22227562613388,615.2983050536063,627.9362839132506
75,1,634.55005,626.15985,615.15686,624.85004,593.3034,628.1575,12.47006431126498,616.2219325464666,627.5672730322707
76,1,637.1194,625.8058,614.68286,623.63416,590.9166,626.3307,12.00160267130483,616.9029485879649,627.0956037051411
77,1,640.73535,629.3272,615.233,626.08185,592.00037,624.9066,4.35640020192613,617.4948926264528,626.9550976346102
78,1,621.7683,625.7174,618.9948,629.3494,620.7504,630.16724,102.38894302584514,618.1399362635839,627.4851102062249
79,1,632.5766,628.9361,617.62823,629.8826,596.703,630.788,1.1453465667314486,618.7397150472314,628.2937075780117
80,1,642.2436,630.49744,617.08154,630.02295,592.76556,629.4045,0.3758651516608041,619.1926582673401,628.910293460879
81,1,641.0685,629.111,617.4574,629.7352,592.2884,630.92896,1.2010561167341298,619.624906235921,629.2809110047862
82,1,646.3472,626.3648,618.90576,629.8281,598.4627,625.88074,18.12196916293336,620.2195270205007,629.4557632194553
83,1,633.7828,625.7193,622.97833,629.03705,620.74457,627.116,57.76556937836422,621.1595886886063,629.4850531146074
84,1,602.0742,623.59314,625.03625,628.0123,646.89825,629.5639,6.834174225880729,622.5657938342388,629.4189836999648
85,1,599.04736,622.1031,627.35895,628.21783,651.1137,630.79395,5.998256900733931,624.3093831572957,629.3077579852489
86,1,601.13824,621.4479,628.90155,628.2166,651.5732,630.75006,7.32544354031035,626.1992318841494,629.2015789801819
87,1,602.6033,621.191,630.1441,627.6208,651.1895,631.5111,2.6680714510009063,628.0442152411713,629.1506496944851
88,1,603.4668,619.58154,631.4037,628.2429,652.7645,631.7429,7.919907765108282,629.6841048241777,629.1963378171749
89,1,603.9078,621.14636,631.9079,629.2196,653.7089,632.55664,7.381210972858405,631.082257706761,629.3446697544458
90,1,603.0162,623.7248,632.56995,630.9053,655.3808,634.28503,5.22824677950756,632.2329273319579,629.5928365917865
91,1,604.1088,625.8638,631.4112,631.965,652.62646,635.0955,4.203095292686172,633.1303671428052,629.9380294146856
92,1,603.9562,625.4662,631.9271,631.848,655.1234,633.963,7.642878723824701,633.8290336711495,630.366001899749
93,1,613.3579,625.4874,632.8916,630.80695,646.0828,633.4055,4.089548195679397,634.6241958040794,630.8167580880497
94,1,614.2477,624.84406,636.2514,630.83276,652.44147,635.4922,0.8306300555309186,635.7955769788522,631.2188646117772
95,1,610.7726,623.967,639.58044,631.25836,662.37476,637.76575,1.7295220394884132,637.319906478162,631.500888103122
96,1,612.4593,624.2667,641.6386,631.5323,662.7488,640.0093,7.896277404614677,639.1004841701057,631.6173834220812
97,1,613.7752,624.45685,642.26215,631.9146,663.3228,637.93787,1.28982979615974,641.0498864189523,631.6268583398816
98,1,615.10474,624.0076,645.1584,631.5417,666.00726,638.76746,5.041971497765254,643.0475701148791,631.6138088555579
99,1,616.4958,622.84705,646.4051,630.1597,667.9743,637.3296,4.648440974174452,644.8312377555202,631.6627309681448
100,1,616.60767,623.6452,646.4071,630.9938,668.353,637.9951,3.84124570808015,646.1795095597489,631.840881860036
101,1,616.45056,625.0195,645.74927,632.6562,667.99005,638.24365,0.5074485881219329,647.1764310239389,632.1465634470649
102,1,617.28265,626.2268,646.2494,634.00195,668.9988,637.8113,5.519137279995277,647.9824039638388,632.5608388284235
103,1,617.0849,626.6429,646.59265,634.71063,669.7831,637.9143,7.426159199959069,648.7578301951975,633.0647711033051
104,1,618.09955,626.1823,647.64575,634.668,671.3724,637.58344,9.019052089374712,649.6283867506484,633.6290066162061
105,1,619.2639,625.7664,649.62897,634.8713,674.016,637.81836,9.800605133056512,650.5808515303634,634.1825246928413
106,1,620.0379,625.4386,650.85406,634.71826,675.063,638.02686,8.976318248636483,651.5672776513994,634.6438879042292
107,1,621.1372,625.52655,652.2539,634.53174,676.0792,638.97723,5.571371672768536,652.5397182308134,634.9316588213886
108,1,623.0412,626.0543,653.28937,633.57886,675.4252,640.7874,4.068615924581459,653.450226385662,634.9644000153385
109,1,624.80206,625.31525,653.07874,633.31006,675.48376,638.57935,2.552899793242565,654.2519432890167,634.6919595776724
110,1,626.57104,624.0555,653.96765,633.1056,675.89703,636.6344,9.13882222650106,654.902362338007,634.1893276822839
111,1,625.2214,622.3398,652.8178,630.5225,674.89905,633.1601,9.704195024623251,655.3600649857773,633.5627800236413
112,1,625.40686,621.1148,652.2511,629.3746,675.2904,632.036,10.513277748858323,655.5836326854716,632.9185922962128
113,1,626.0026,621.7301,652.8166,630.20166,675.7599,632.1755,12.616244784470627,655.5521612017666,632.3483406918076
114,1,627.3715,622.86035,652.8079,630.7953,675.48413,631.087,16.588470495793825,655.326803545471,631.8848033916
115,1,642.43756,624.8026,651.9864,631.18896,665.57715,627.5722,48.67712855374636,654.9892270389255,631.5460590741045
116,1,672.773,625.71765,650.39655,632.2112,634.31934,624.8465,40.79412277714693,654.6210990044715,631.3501864178361
117,1,680.19244,624.74243,651.432,631.5191,626.50854,623.42084,31.258768235301403,654.2906312846558,631.2929929536695
118,1,678.8776,622.73376,653.79675,631.0927,633.3032,624.48236,36.30971248314928,654.0122138028477,631.2812016219182
124,1,687.8959,623.0697,660.6751,631.359,634.32996,625.0451,30.413974639125687,656.1223532585504,631.2236420675124
125,1,689.59045,623.84106,661.7978,633.2997,634.20746,625.9099,33.78898465849251,657.6502566156282,631.5460116665047
126,1,690.7383,624.0797,663.0471,634.3596,635.1197,627.87164,33.44535343372944,659.0799489734663,632.0006596182117
127,1,690.5051,623.80396,662.4913,633.7822,635.0321,626.9289,33.61915410769012,660.341963472012,632.3051506922927
128,1,689.9632,623.16895,662.92633,631.2577,636.50616,625.6264,28.68801952367543,661.4984696429403,632.2108584697645
129,1,690.4095,622.35583,662.81537,630.2136,636.5426,625.23535,26.62444024762551,662.6116370179268,631.8608001347243
130,1,691.33655,622.23285,663.9115,630.1933,637.7154,625.86725,25.56325533879364,663.740456190541,631.4606243165657
131,1,694.22003,621.78204,665.97644,629.94403,639.10205,626.83435,22.718955275191377,664.9312020019265,631.0748618227888
132,1,697.2301,620.0119,667.84296,630.32477,639.87445,626.8089,26.50252632381036,666.2269703551212,630.7327640054198
133,1,697.5107,620.93176,669.64197,630.5958,642.65015,627.1234,26.455712270199623,667.6708571531624,630.4635822164855
134,1,698.4701,621.03564,671.61786,630.1811,645.2961,627.504,24.615349758383857,669.2840027256167,630.2850676063072
135,1,694.3494,621.7125,672.96344,629.59863,649.75305,627.19666,26.149858804481983,670.9997251081675,630.1689705183813
136,1,675.682,624.26385,675.1093,629.2211,663.3261,626.61237,95.89381423022486,672.7293867630274,630.0755410945004
137,1,701.8161,621.5121,675.4626,631.43304,648.1152,628.71985,26.295085738487685,674.3843501524084,629.9650294764556
138,1,703.09894,619.8724,676.3861,630.49756,648.8027,628.09485,26.66877311138628,675.8759777385235,629.7976858060385
139,1,702.59393,619.283,676.21344,628.35596,649.9707,626.898,22.159298687558252,677.1156319835849,629.5337602250411
140,1,701.9755,619.88257,676.29736,627.8236,650.61523,626.6542,19.79150826102499,678.0146753498051,629.1335028752547
141,1,701.6602,619.6073,677.18146,627.6967,651.6194,626.6801,20.564445639090213,678.4844702993967,628.5571638984711
0,2,580.4399,711.9377,600.8364,723.50116,614.6809,740.8038,21.785026525453585,600.8256795697922,723.29906288789
1,2,579.5174,711.64844,599.31604,723.66406,614.6605,741.3711,17.835385210986928,599.6849931189474,724.089668422957
2,2,579.4313,712.6192,598.5561,724.6956,614.2861,741.4743,14.577177869571246,598.4361146738314,724.5697427495211
3,2,578.3239,713.2221,597.23724,725.1411,613.1396,742.2956,14.950481802122976,597.1890267892409,724.7498409067265
4,2,576.85846,712.1557,596.3259,724.50476,612.6234,742.18463,14.94109345292394,596.0537120199727,724.6626976112415
5,2,575.6728,710.63165,595.2901,723.7499,612.0889,741.99554,13.593254359463112,595.1401529208233,724.429766289831
6,2,573.4708,708.97107,594.42395,723.02527,612.01746,741.4531,12.475345683016725,594.5183960051188,724.1655046741388
7,2,573.8692,708.96356,594.4967,723.0605,611.87195,741.3197,12.072183633557444,594.0987436203017,723.8676690052329
8,2,574.11456,708.39374,594.82367,723.0848,611.97125,740.9426,10.810499689270198,593.7515620723442,723.5048401515368
9,2,573.6291,708.3494,593.9731,722.75244,611.71106,740.5215,9.75265918611883,593.3472176672183,723.0455989814736
10,2,573.2738,708.29767,593.5573,722.35596,610.9811,739.799,10.30625905904082,592.7834304761805,722.4716057936125
11,2,572.83514,707.4172,592.7255,721.3962,609.543,738.8561,10.97400485795368,592.0673356316277,721.8168386071033
12,2,571.96686,706.395,591.15625,719.99414,606.73486,737.77313,13.449527516428406,591.2334220312409,721.1283548712412
13,2,570.92236,705.37335,589.5484,718.6645,605.00104,736.7336,13.952220148161572,590.3161785727012,720.453212035321
14,2,569.7179,704.54974,588.45276,718.35516,604.6331,736.03687,11.152755058643631,589.3500941536898,719.8384675486384
15,2,568.221,704.22174,587.2102,718.79297,603.8316,736.1976,8.817996647588176,588.369657671888,719.3149016849778
16,2,567.67474,704.1961,586.78503,719.5352,603.69666,736.72266,6.710778170296502,587.409358024977,718.8481860160826
17,2,566.70435,703.06793,586.12024,718.5441,603.4677,736.53265,7.481363642375904,586.503684110638,718.387714938186
18,2,566.015,702.4413,585.7262,717.6891,603.362,736.04675,8.42473522500719,585.6871248265522,717.8828828475207
19,2,565.2406,700.1921,585.38556,716.473,603.4292,735.0306,6.859640583228905,584.9841713269304,717.2956424795249
20,2,565.16754,699.2292,585.28503,715.9735,602.98486,733.752,5.3555494444096015,584.3793237921006,716.6381799264584
21,2,564.57184,698.63336,584.68225,715.41644,602.39124,733.2407,5.339315859141579,583.8470846589202,715.9352396197868
22,2,564.41296,698.6069,584.579,714.7873,601.8234,732.75903,7.440914930640799,583.3619563642469,715.2115659909743
23,2,563.82697,697.7188,584.0223,713.9656,601.16473,732.2359,8.008125180349264,582.8984413449386,714.4919034714862
24,2,563.3698,697.17584,583.298,713.11505,600.0401,731.4881,9.005208015568357,582.4379295935612,713.8009964927876
25,2,562.6956,697.08765,582.6456,712.91504,598.7979,731.85913,11.121283760753752,581.9893613255163,713.1635894863435
26,2,562.4102,697.155,581.7793,712.5643,597.566,731.56506,11.77443191032223,581.5685643119133,712.6044268836192
27,2,562.43146,697.69385,581.79083,712.4434,597.0814,731.38586,13.785941929054736,581.1913663238624,712.1482531160793
28,2,562.4603,697.3787,581.6698,712.5148,596.3579,731.9938,14.745701700777683,580.8673007689691,711.8138887905075
29,2,562.63855,697.63586,581.61066,712.6323,596.15137,732.2268,15.097035259746647,580.5807236008216,711.5964592149595
30,2,562.5938,697.45654,581.5729,712.7982,595.99927,733.03674,15.567792954151308,580.3096964095033,711.4851658728095
31,2,561.7809,697.3845,580.97766,713.05176,595.71747,733.2153,14.613471409899883,580.0322807850978,711.4692102474326
32,2,560.9993,697.55914,580.1728,713.4095,595.5007,733.4009,12.94184909513147,579.7265383176889,711.537793822202
33,2,560.121,698.2146,579.41266,713.3539,595.3622,732.9428,12.723834512193282,579.3705305973602,711.6596449635351
34,2,559.2626,697.83374,578.96014,713.2242,595.2219,732.5779,11.959782243678994,578.9423192141954,711.7215995700159
35,2,557.92395,696.18164,578.164,711.66223,594.75134,731.4549,12.62459140031462,578.419965758278,711.6099287545646
36,2,556.7775,694.9013,577.0706,710.68414,594.1917,729.81055,10.292735716007048,577.7815318196917,711.2905369552765
37,2,556.22626,694.61475,575.8845,709.8949,592.1376,728.9477,11.67651091776393,577.012674715716,710.7676930412509
38,2,555.3994,694.85785,574.63916,709.16785,589.7004,727.3604,13.738525468023806,576.1294346724136,710.1194902804299
39,2,553.8301,695.2536,573.4527,708.09717,588.48553,725.92163,16.650416899046125,575.1554476430423,709.442478040466
40,2,553.79193,694.9587,572.74207,707.1169,588.21924,724.90906,16.29664988865248,574.1143495808608,708.8200351445919
41,2,554.1851,695.29767,571.8704,707.6763,587.7505,724.374,11.448160729975248,573.0297764391273,708.2828582383635
42,2,552.66644,695.2432,570.8121,708.2575,587.01794,724.87494,10.069819393710157,571.9253641711,707.8385619967913
43,2,550.97577,695.55554,569.8894,708.2663,586.1791,725.3571,12.472136009828194,570.8247487300373,707.4551153903853
44,2,549.57336,694.88776,568.68225,707.58435,585.8052,725.45807,12.627591104187536,569.7515660691976,707.09057596353
45,2,547.64624,693.39233,567.716,706.5221,585.4817,725.14185,13.151674933748104,568.7294521418389,706.7030012606108
46,2,546.0131,691.9436,567.2089,705.07574,585.21094,724.1649,14.89805042520515,567.776919171706,706.2638348021677
47,2,545.65564,692.0636,566.79816,705.3027,584.54694,723.9014,14.28553369841208,566.8919844644884,705.7980640133651
48,2,544.6119,691.6433,566.2864,705.54517,584.02155,724.07837,13.584707726938694,566.0675415963617,705.3440622955229
49,2,543.7659,691.0131,565.9661,705.1345,583.4593,723.47577,13.89557934378542,565.2964841435017,704.9197160544875
50,2,543.3265,690.46246,565.1552,704.56,582.1103,722.0876,13.09581328580195,564.571705682084,704.4609637142146
51,2,543.0944,690.2849,564.0357,703.7245,579.416,721.2471,16.033902018609826,563.8860997882845,703.9046741696918
52,2,543.4465,690.4303,563.5237,702.98206,577.96436,719.9774,17.63344278380421,563.2325600382788,703.2733861819315
53,2,543.5415,689.8678,563.2842,701.81116,577.86584,718.8487,18.26936169764331,562.6039800082428,702.6110559784528
54,2,543.63904,689.3419,563.1214,700.85236,577.8936,718.2091,19.02394774873055,561.9932532743521,701.9616397867748
55,2,542.82556,688.28015,562.3744,700.1772,577.7148,717.8739,17.755735074144127,561.394216158643,701.3641732834103
56,2,542.3302,688.27185,561.06934,701.1652,577.0135,718.3968,12.692599947620172,560.8044759665935,700.8380099408514
57,2,541.39935,687.63904,560.40027,701.07996,576.54004,718.43555,11.803884079191604,560.2225827495423,700.3975826805847
58,2,540.3537,687.41565,559.6127,700.7144,576.34717,717.9768,11.263602155494542,559.6470865588285,700.0375046115477
59,2,538.8237,687.032,558.8995,700.5289,576.5217,717.5974,10.172681212068868,559.0765374457903,699.673109592485
60,2,539.29364,684.23315,559.0619,699.00574,576.6597,716.48346,8.033457089359844,558.5094854617668,699.2216243049442
61,2,539.7971,682.25006,558.6755,698.1053,576.0364,714.39795,3.1564110781645405,557.9444806580963,698.6871259718788
62,2,538.41144,681.91693,557.8411,697.8694,575.41614,714.1647,3.44900889820274,557.3800730861176,698.0954044515939
63,2,537.57947,681.7366,557.2785,697.49664,574.5588,713.1542,3.5181399266888014,556.8148127971695,697.4722496023952
64,2,537.1667,681.4385,556.5714,696.56036,572.7954,712.2756,6.1584517660728055,556.2472498425907,696.8401165008535
65,2,536.4989,680.62085,556.2071,695.62384,571.49164,711.1173,8.108424256586042,555.6759342737196,696.2081210966047
66,2,536.4768,679.74347,555.57074,694.8732,570.741,709.88196,6.30045576511557,555.0994161418952,695.5820445575517
67,2,535.37854,678.49884,554.5673,694.0662,570.01373,709.7887,6.455976502905964,554.5162454984561,694.9676680515962
68,2,534.24634,678.2532,553.68256,694.20435,569.5624,709.83813,5.177140535802298,553.924972394741,694.3707727466411
69,2,533.6981,678.49304,552.91425,694.4119,568.8073,709.62054,4.1004519511892,553.3241468820885,693.7971398105881
70,2,532.74164,677.3924,552.23846,693.7021,568.4997,709.19916,3.707975958722357,552.7123190118374,693.2525504113398
71,2,531.8426,676.5455,551.8044,693.01117,568.19336,708.9982,4.770974079910149,552.0880388353262,692.7427857167983
72,2,530.5751,675.88257,551.08984,692.34937,567.9497,709.29034,6.384203465035717,551.4548484119603,692.2734848418083
73,2,529.1566,675.9039,550.6435,692.2943,567.61536,709.51697,8.083422888363202,550.8362578334084,691.8497186889838
74,2,528.1874,675.72534,550.5526,691.8157,567.53076,709.43854,10.334909489152238,550.2607691994073,691.4764161078814
75,2,528.80615,675.96814,550.98395,691.7959,567.67847,709.33856,10.904539860457314,549.7568846096922,691.158505948057
76,2,528.06384,675.9605,550.6944,691.8486,567.496,709.60657,11.513993910134802,549.3531061639992,690.9009170590676
77,2,527.112,675.7516,550.2763,691.7051,567.47,709.6283,11.634588740840682,549.0703666437182,690.7085782904688
78,2,526.3538,675.4676,549.89935,691.6691,567.265,709.6588,11.479519546382118,548.899321556856,690.5864184918175
79,2,526.9207,675.3866,549.7541,691.77924,567.27826,709.8544,10.211204354566496,548.8230570930733,690.5393665126701
80,2,527.7568,675.16833,549.9113,691.8472,567.29865,709.80963,8.95802331603481,548.8246594420307,690.5723512025826
81,2,528.0819,675.1644,550.1208,691.7742,567.23645,709.8107,9.496907656409569,548.8823035104101,690.6797272257747
82,2,528.324,674.71356,550.276,691.7139,567.3455,709.473,8.378924714446752,548.9545190729777,690.8135525051176
83,2,528.4237,674.27325,550.1653,691.74414,567.6434,709.36127,6.442659601933177,548.9949246215206,690.9153107781456
84,2,528.78656,674.27875,550.182,691.8131,567.62695,709.1635,5.508403463440943,548.9571386478257,690.926485782393
85,2,528.35065,673.80585,549.5194,691.5749,567.24554,708.2352,3.214488878855769,548.7947796436804,690.7885612553947
86,2,527.9476,672.8315,548.44995,690.19855,565.0372,706.10815,3.538284210017526,548.4752297968688,690.4624539863883
87,2,527.09393,672.0116,546.79987,688.86084,562.18677,705.3874,6.513640737444399,548.0209260791617,689.9868129714266
88,2,526.52655,671.57306,546.11707,687.5411,561.10266,704.53986,9.418513244300945,547.4680691583272,689.419720258266
89,2,526.15906,670.8668,545.4183,687.3138,561.1141,704.3933,6.9208157953702685,546.8528597021332,688.819257894663
90,2,525.7841,670.1641,544.85626,687.3436,561.13336,704.4478,4.407978092293965,546.2059579219477,688.2322410128467
91,2,525.2912,669.79724,544.5189,687.0725,560.78076,704.4736,4.999946237165246,545.5358622035395,687.6604170829401
92,2,524.2787,668.9729,543.7201,686.28394,560.5337,703.93494,4.709273243467377,544.8455304762775,687.0942666595389
93,2,522.9222,667.6124,542.9543,685.6952,560.2716,703.13666,3.1324413714122343,544.1379206695303,686.5242702972386
94,2,522.4434,666.6985,542.57666,685.20825,560.1005,703.1609,3.098130312386826,543.4159907126669,685.9409085506351
95,2,522.24414,665.7018,542.2107,684.70306,559.9081,702.4677,1.5275186801571743,542.6826985350559,685.3346619743245
96,2,521.2305,664.381,541.4003,683.94037,559.7751,701.7758,0.0342640200960379,541.9410020660664,684.6960111229018
97,2,521.0036,665.04456,541.12836,683.7097,559.5291,702.0655,2.084971057684597,541.1938592350671,684.0154365509637
98,2,520.5179,664.56824,540.4072,682.83966,558.5137,701.0203,2.544990359715948,540.4442279714267,683.2834188131055
99,2,519.6943,663.9128,539.1774,681.63007,556.3128,700.0672,4.813609732924835,539.6950662045142,682.4972414105657
100,2,519.80707,663.3968,538.46844,680.8226,554.7968,699.1728,5.297682775467705,538.9493318636983,681.6813996311537
101,2,519.64954,662.39935,537.51483,679.8852,553.66675,698.0948,4.0419592816970855,538.209982878348,680.8671917093217
102,2,518.89575,661.80664,537.11035,679.0064,553.3266,697.47833,5.361948757231264,537.4799771778321,680.0859158795215
103,2,518.1357,661.7736,536.0523,678.897,552.668,697.8333,5.031585618248101,536.7622726915192,679.3620167936085
104,2,518.0959,661.87714,535.6837,678.9382,552.1921,697.6864,4.506195834419981,536.0598273487782,678.6925247730494
105,2,517.5613,661.6772,535.2242,678.41125,552.108,697.41956,4.934234575005688,535.3755990789781,678.0676165567146
106,2,516.5764,661.08417,534.58765,677.66174,552.0267,697.0415,5.390742809310756,534.7125458114876,677.4774688834736
107,2,515.4486,660.2084,533.991,677.0265,551.776,696.37726,5.206201057755671,534.0688475964517,676.9092011209385
108,2,515.10803,659.9998,533.69696,676.69806,551.3558,695.9107,5.4801185360792415,533.4235729671194,676.3377031516866
109,2,514.8475,659.2421,533.04706,675.9665,550.951,694.928,4.061919924551742,532.7510125775162,675.7348074870373
110,2,514.65314,657.92444,532.5557,674.9397,550.6935,693.65436,2.352600866166854,532.0254570816672,675.07234663831
111,2,514.1664,656.13916,531.25635,673.60095,548.4261,691.7455,0.9648949542005906,531.2211971335978,674.322153116824
112,2,512.7523,656.4695,529.32446,672.9493,545.15796,691.1711,4.171806525279226,530.3248951525883,673.4686383813363
113,2,512.1311,655.79193,527.92944,671.5446,543.2023,689.5296,4.744953283074556,529.3727006189389,672.5465296803532
114,2,511.1972,654.7394,527.241,670.53595,542.92633,688.9068,4.953691344142918,528.4131347782046,671.603133209819
115,2,511.4509,654.6344,527.03534,669.9607,543.3418,688.4351,4.045155719433306,527.4947188759404,670.6857551656781
116,2,511.25116,654.69055,527.0003,669.7714,543.24927,687.9577,4.461727108132303,526.6555893019608,669.8317953324877
117,2,509.96057,654.36194,526.21686,669.0653,542.9122,687.8102,6.181361588323383,525.8923430231166,669.0390278492606
118,2,508.69803,653.166,525.41235,668.13007,542.74396,686.8803,5.414030072934728,525.191192150518,668.2953204436227
119,2,507.97076,652.3112,524.7543,667.9883,542.1544,686.369,3.52203345460504,524.5383487952747,667.5885408431999
120,2,505.17517,651.1789,523.78827,667.13885,541.7742,685.6764,5.253595336478449,523.920025068497,666.9065567756182
121,2,504.82697,650.3131,523.5953,666.591,541.44135,684.9807,4.924139265190899,523.3224330812947,666.2372359685038
122,2,505.24155,649.39154,523.8465,665.9578,540.9478,684.0909,4.9946143453120255,522.731784944778,665.5684461494825
123,2,504.2103,648.69055,522.9934,665.17883,539.7949,683.4696,6.152591543720547,522.134292770057,664.8880550461804
124,2,503.26535,647.9441,521.8836,664.0678,537.8083,682.4622,8.22304062658279,521.5161686682416,664.1839303862236
125,2,502.99713,647.6986,520.8867,663.255,534.8135,681.8559,12.167775934381051,520.8668600551376,663.4505120661397
126,2,502.34824,647.334,520.03754,662.4039,533.66864,681.06067,13.418893947275624,520.1887555653349,662.7085286580641
127,2,501.44727,646.7232,519.25336,661.5703,533.4048,680.483,13.372149968195288,519.4874791381185,661.9852809030334
128,2,501.1978,646.88165,518.85693,661.6293,533.07025,680.44104,13.060769223271844,518.7686547127739,661.3080695420845
129,2,499.85474,646.4662,517.8889,661.50507,532.30316,680.9325,13.601243889016644,518.0379062285867,660.7041953162548
130,2,499.072,646.3762,516.98035,661.2161,531.6425,680.9788,13.780695671360585,517.3065850154471,660.190733946374
131,2,498.89297,646.2771,516.40985,660.94604,531.1214,680.1453,12.595276133926884,516.6089519656657,659.743861072445
132,2,498.27573,645.4547,516.28546,660.30554,531.14075,679.2973,12.458624333757434,515.9849953621579,659.3295273142637
133,2,498.75912,642.6149,516.44006,658.9741,531.573,678.1104,8.88676933754807,515.4747034878392,658.9136832916256
134,2,498.00278,640.8858,515.8907,658.1884,531.6249,677.96814,7.4516400911154435,515.1007311752913,658.4654432245063
135,2,498.85294,640.53076,515.8948,658.3163,531.34436,677.27167,4.594825333900878,514.8163994557606,657.9665757335981
136,2,499.2459,640.15393,516.0911,657.90735,531.0146,676.3328,4.491087389621382,514.5576959101592,657.4020130397727
137,2,498.00558,637.26587,515.13104,656.396,530.8484,675.296,2.088066430854645,514.2606081193996,656.7566873639023
138,2,497.9804,636.8818,514.2983,655.7332,529.28827,673.9215,1.3860688019681762,513.8611236643947,656.0155309268584
139,2,497.30515,635.9431,512.8763,654.69446,526.2119,672.8091,3.3465579281521096,513.2952301260564,655.163475949513
140,2,495.59515,634.18066,510.98477,652.5313,524.5571,670.2094,2.469341089740762,512.4989150852972,654.1854546527377
141,2,495.16602,633.86536,510.22818,651.1843,524.17694,669.55084,3.797771120344563,511.40816612302984,653.0663992574046
0,3,446.6591,857.9656,470.59485,852.356,486.32553,829.48724,42.287452897772624,470.59281157995855,852.4834385937812
1,3,446.78918,858.16223,470.79477,852.568,486.6983,830.01685,41.68969591755692,470.8276486516763,852.2256912866482
2,3,448.90332,858.09454,471.661,851.4645,487.409,829.9015,37.61583428481068,471.3083710166876,851.8999994461657
3,3,448.24802,858.19855,471.86243,851.74554,488.29114,830.4148,37.11310933841416,472.047765625376,851.7115425713222
4,3,449.38882,857.67896,473.3966,852.40125,489.93475,831.3847,39.40209331610296,473.058619428125,851.8655001611062
5,3,450.5845,857.2444,475.27786,853.09424,491.618,832.68494,41.77805506163216,474.30511025110627,852.4757060020848
6,3,451.08963,857.4121,476.09155,853.72784,493.03973,832.0645,43.57961683855717,475.5569794236434,853.2906110311397
7,3,449.21863,857.7626,475.91022,854.6145,493.38736,832.7604,44.6235004883946,476.53535915084854,853.967320472731
8,3,448.70544,857.6226,476.6833,854.7622,493.8388,833.40546,45.38812042338019,477.0239905182271,854.2419760772308
9,3,447.89526,857.24084,475.83478,854.14374,494.58432,833.45306,41.49221646988774,477.0570501328632,854.1668656986639
10,3,447.4829,856.3377,474.57278,851.90186,494.44675,832.505,35.00452352532659,476.73132348223476,853.8733137169679
11,3,446.39005,856.2991,472.9322,850.87195,494.21176,831.84894,30.239239006213516,476.18832660455234,853.4702393511607
12,3,446.88965,856.47516,473.66885,851.57214,495.3206,832.3192,31.268415171241312,475.7484977409581,852.9769411765826
13,3,447.93802,856.4542,476.17282,852.04205,497.48593,832.3327,33.87956438397156,475.77700568332597,852.3903126076551
14,3,460.40442,851.7602,477.54352,850.0227,494.6198,835.12103,35.321037624512826,476.53344443709733,851.7102870428378
15,3,492.78964,836.5918,479.82,849.39075,475.12878,846.76953,73.81471737888046,477.8551088619793,850.9489578167437
16,3,481.46323,843.7108,483.5362,848.1466,489.6348,836.3576,127.59891289569,479.4737190312462,850.1214582480242
17,3,485.4476,841.5655,485.25552,846.8285,485.94037,837.63574,177.82957522162366,481.1209950181718,849.2429216553304
18,3,496.94516,833.7936,484.78897,846.10077,474.50656,847.2555,38.94614548006494,482.57076603653235,848.3284813573141
19,3,499.6866,831.5281,484.59335,845.80133,470.5,850.1882,26.110738447926483,483.76529786211177,847.3932706726265
20,3,499.13422,832.0285,484.50085,845.51904,474.0957,849.6744,20.90357291102859,484.6889654111963,846.452422919919
21,3,501.1641,829.61005,484.57184,844.6035,472.4686,852.40936,9.28281441203866,485.3380278890636,845.5295629460202
22,3,502.32953,828.4176,484.91437,843.69666,473.3621,854.23486,1.1095933061144505,485.75628165695645,844.682281710468
23,3,502.65887,828.99835,485.21506,843.1082,474.87323,854.56683,8.964052683102176,485.99940736510837,843.9766617009783
24,3,503.1105,828.9654,483.51788,843.85266,479.40726,855.9187,33.958145720958505,486.1230856637537,843.4694451764373
25,3,503.25122,829.1871,483.3679,844.8755,481.59222,855.8441,42.530124756137866,486.1829972031262,843.1800134804175
26,3,503.58972,829.17804,483.59283,845.1338,483.71338,856.0439,52.04625132177717,486.2348226334599,843.1184077276623
27,3,503.8194,829.22076,485.05344,844.9748,483.14838,854.2758,38.41117290199591,486.32468573728596,843.2768874312492
28,3,503.82883,829.3961,486.13235,845.78314,483.72504,853.16364,29.135226706609696,486.4604828263254,843.5765856975911
29,3,503.56943,830.666,486.364,847.02875,490.06006,854.3582,73.1985583859447,486.64055334459675,843.9208540314352
30,3,503.90167,830.65326,486.29785,846.21576,489.53128,854.0797,70.87303831182443,486.863236736118,844.2130439375284
31,3,504.18973,830.8413,487.1093,845.45715,487.50085,852.7863,52.50410214592589,487.1268724449077,844.3859883397406
32,3,504.14185,830.8448,487.06335,844.9833,492.94785,851.5358,92.30551491596049,487.4297999149842,844.4904458384347
33,3,504.62085,831.2879,487.35074,845.57465,498.13562,848.9617,122.96561132281728,487.7703585903656,844.6066564530955
34,3,505.43604,834.5752,487.8017,845.766,499.10214,844.72845,152.84651834282187,488.1489178585328,844.7974222723453
35,3,505.20172,832.4272,487.91858,845.9,500.11533,847.0275,136.78071102480058,488.5739668808165,845.0557936613523
36,3,508.78046,842.26,489.8595,846.2827,501.724,834.87585,148.1293046202845,489.0560247620098,845.3573830544212
37,3,510.82907,844.52167,491.2316,847.46136,502.18002,830.59784,131.5241091181858,489.60561060690605,845.6778028858572
38,3,512.77637,844.36096,491.3236,846.9398,501.93314,829.4579,128.1076333227728,490.23324352029795,845.9926655899644
39,3,512.68036,844.16785,491.4086,846.8114,501.8372,830.1722,129.16144972366988,490.94944260697906,846.2775836010487
40,3,515.11255,843.76514,492.9542,846.5525,501.3584,829.03357,122.79775468351724,491.7618573174476,846.5135656679789
41,3,517.1188,843.24396,494.60776,846.67883,500.15048,828.186,115.3602924067054,492.6666584850239,846.7032057978871
42,3,517.4806,842.60474,495.2019,846.8795,500.2524,828.60114,116.30779025486788,493.6571472887333,846.8544943124691
43,3,517.89545,842.2158,495.55856,847.0707,500.44653,829.0834,117.46511107185766,494.7266249076015,846.9754215334216
44,3,520.45917,840.4756,497.08594,846.8932,500.3265,828.91907,115.5734952973908,495.86839252065386,847.0739777824404
45,3,523.5899,839.29004,499.27722,846.995,498.81406,829.2914,106.08533878128614,497.0757513069162,847.1581533812224
46,3,524.08813,838.8293,500.15375,847.1797,499.16925,829.00543,106.13255540510772,498.32266288885563,847.2345387442468
47,3,525.25574,838.5755,500.76968,847.21454,498.9447,829.71124,103.4811492055254,499.5057306627075,847.3041246571261
48,3,525.09937,838.78406,500.6514,847.3252,497.95874,829.8725,100.48674191968622,500.50221846814924,847.3665019982551
68,3,534.07184,839.71515,509.8959,843.57935,492.6427,830.775,45.66179032566256,503.50869106852866,846.4702014821305
69,3,534.53107,839.69403,509.5059,843.4087,492.20572,830.6041,44.94981801384613,505.285154434864,846.2866917258286
73,3,503.07916,832.78577,508.08868,844.5949,501.89664,832.7484,175.39142549240233,507.35022887994364,845.3864690140447
74,3,502.4587,831.6093,508.39258,844.59485,501.00827,833.9934,169.69983191165815,508.2969857787064,845.0847246272624
75,3,491.2192,827.437,508.01212,842.4593,509.20123,840.46967,100.94952302346915,509.3001141829977,844.5661423103911
76,3,490.13925,827.25574,507.38593,841.2495,509.59354,840.16345,65.25093015158845,509.8697098104312,843.7146942637897
77,3,490.2835,827.06604,506.56964,840.545,509.28986,841.34894,23.147332204931747,510.0512619307897,842.7462102757228
78,3,490.47733,826.73846,506.0335,840.5032,508.3107,842.5002,0.2541089784703632,510.00180691180253,841.9055130807984
79,3,491.17682,826.1435,505.7996,840.4724,507.85577,842.9316,5.681513338618881,509.78917596081834,841.2215396110942
80,3,492.10428,825.76404,505.92654,840.1116,506.81903,842.804,25.59251485696314,509.45889899508995,840.6692553480549
81,3,493.03036,825.6918,505.86203,840.09174,505.85214,843.3399,41.87833166913574,509.06142102090473,840.2263212663239
82,3,492.8879,825.51263,505.14975,840.68756,506.1731,842.099,2.995651539018834,508.66684740068627,839.8811803133381
83,3,495.2427,825.48206,505.63654,840.37537,504.9182,842.6232,52.63233203724616,508.35019858589266,839.6249709297335
89,3,495.8119,825.76746,503.9845,841.3916,504.64386,829.622,149.18052562762372,507.47154531259906,839.4590302607241
90,3,495.18237,825.0342,504.229,840.4313,504.14078,831.0312,150.10119888589333,506.96912112996915,839.5772182005937
91,3,494.7288,825.1207,503.71854,839.96576,504.31873,830.5276,145.1634093854986,506.3208345750256,839.7134452349312
100,3,483.43823,819.54913,499.58,832.6782,490.27786,833.744,134.34021036701267,504.68797179223486,837.3764933978092
101,3,483.8761,819.3421,499.4148,832.54987,490.14035,833.67834,132.69830731542683,503.43286666049255,836.1229906122373
102,3,481.2816,818.58466,497.62546,830.82336,489.94467,834.54114,117.34455825775056,501.760920122691,834.6285235513002
103,3,479.23242,818.18726,495.6206,830.5801,488.0616,834.81647,113.63507495681658,500.22951657712184,833.2512272093953
108,3,471.66324,817.2578,492.5652,826.5081,486.52386,837.8888,94.0890349437116,497.4554449281401,830.23889147589
109,3,469.13528,817.50287,489.85825,825.7223,485.07312,837.4226,90.60834980606118,495.70980691078637,829.1507408744312
110,3,466.1342,818.11096,488.17447,825.76666,483.16235,839.4978,90.89831041186537,493.12775773916326,827.6233167589232
111,3,466.0348,817.9747,487.51596,825.41364,483.71283,838.81433,86.74294291829649,490.77573275838466,826.2029489208314
112,3,465.79944,818.1846,487.38998,825.4163,484.01126,839.303,85.15649783006974,488.8670321185841,825.0221548870721
113,3,464.77356,818.15424,486.68124,825.1593,484.7026,838.405,80.76410647496047,487.31674288369373,824.0655312085844
114,3,464.3113,818.60944,486.40338,824.87024,484.34143,838.99445,82.48325262594109,486.0399521176459,823.3176744363069
115,3,462.52267,818.95667,485.19638,824.63025,484.2094,838.6278,79.9847457006499,484.95174688437237,822.7631811211791
116,3,462.57736,819.2505,485.10803,824.611,483.57147,838.65436,82.86112695745926,483.9672142478057,822.3866478141399
117,3,463.1176,819.4354,484.75632,824.5999,483.97882,838.8427,79.70099317915418,483.017720918322,822.1692582654622
118,3,463.86853,819.6226,484.3105,824.7991,484.6969,838.8846,74.21845500864903,482.09975219207587,822.0785450227557
119,3,460.0999,821.20795,482.84875,824.5772,484.18597,839.5642,76.47660730785144,481.22607301166613,822.0786278329643
120,3,457.82642,821.19464,481.15027,824.41864,484.4833,838.9236,69.18887640258298,480.4094483196912,822.133626443031
121,3,456.2467,821.55536,480.4278,824.5059,484.1871,838.62244,68.13109157852372,479.6626430587498,822.2076605998992
122,3,456.17706,821.22125,480.72668,824.11884,484.73236,838.46063,67.66344888669796,478.998422171441,822.2648500505131
123,3,455.24463,821.32715,479.98227,823.8882,485.52484,837.7753,62.33164874193206,478.42955060036314,822.2693145418157
124,3,455.8259,821.2111,479.86755,823.28766,486.9732,837.6202,58.692579087620345,477.9579490364561,822.1967260545988
125,3,454.77008,820.8078,479.02783,822.91144,487.3134,837.1732,54.88873445486928,477.5421611640235,822.0689655050473
126,3,455.30075,820.45935,478.4222,822.8949,487.36612,836.2621,50.20055426556523,477.1298864157101,821.9194660431942
127,3,454.68994,820.25006,477.8791,822.2799,487.24606,836.34955,51.343400683280784,476.66882422416035,821.7816608190726
128,3,452.8731,820.001,477.03714,821.8304,488.10788,836.43304,48.50360522545338,476.10667402201904,821.6889829827151
129,3,451.99768,820.30804,475.9443,822.16095,487.7173,836.885,46.93053753822874,475.3911352419308,821.6748656841546
130,3,451.7694,820.7413,474.40533,822.99896,486.69778,837.37714,43.77580899856874,474.4929022850794,821.7594960405269
131,3,447.61322,821.29724,472.02322,823.26715,486.33044,837.9231,41.07599729201106,473.47464942680585,821.9100770373756
132,3,445.68982,821.03345,470.48288,823.0403,487.16922,837.14294,35.575594037866075,472.4220459109903,822.0805656273469
133,3,445.70853,820.75757,470.26627,823.0536,486.82208,836.7068,34.17028079384335,471.3997460936159,822.2249187630869
134,3,447.08884,820.6512,471.5341,822.9562,485.12085,837.74554,42.040188123591314,470.3883447790791,822.2970933972418
135,3,444.9713,819.77673,469.16293,822.2974,486.77908,835.0254,29.900171317451857,469.3474218838795,822.251046482458
136,3,442.31247,818.66437,466.7887,821.6627,487.02316,833.2854,22.88908434743951,468.25790425865017,822.0600614092967
137,3,440.53262,818.3344,465.26883,821.1851,487.03198,832.183,20.23543830180026,467.1861064905571,821.7747273199784
138,3,441.9112,818.4377,466.6659,820.1647,486.2446,832.58167,28.39251808700089,466.21969010090066,821.4649597946398
139,3,442.35342,818.7314,466.79697,820.8781,485.4432,833.4642,28.99997002364675,465.4463166109804,821.2006744134164
140,3,444.2587,819.6323,467.13568,821.10077,484.388,834.1403,33.409800356732205,464.953647542096,821.0517867564444
141,3,442.29828,820.957,465.8884,821.789,483.8575,835.1985,34.71220099928815,464.8293444155477,821.08821240386
0,4,429.94843,707.9901,421.8615,722.84845,416.51282,736.1102,6.5929679359071525,421.8184055973175,722.9375881833699
1,4,426.6468,713.61206,421.66406,724.4072,419.37527,731.52985,6.962297587642364,421.74623212096253,724.0256301769059
2,4,426.56482,713.553,421.6894,724.7477,418.2978,732.77515,0.6296288075574027,421.7557030584724,724.7500783980663
3,4,430.33658,707.47565,422.14532,724.4528,414.213,740.07635,1.1609584669389423,421.8000074878273,725.3206190721415
4,4,426.0445,713.06274,421.69046,726.49115,416.23978,737.5713,8.229270253458804,421.8323344870071,725.9469384244222
5,4,426.07797,714.7601,421.68866,727.05676,417.20575,735.389,8.637154946859209,421.8058731339918,726.7872781519461
6,4,424.33218,718.47577,421.5853,728.4839,419.08087,731.67017,22.819655230299084,421.6738125067612,727.7941018387414
7,4,426.1232,715.32263,420.9348,728.94556,417.97424,736.38275,0.8568368702826921,421.38934168329564,728.8684285405833
8,4,426.8037,713.4577,420.31854,729.37933,417.33215,740.10974,6.609455478196124,420.9056497415745,729.9112773132473
9,4,429.45975,709.6406,419.15826,731.04865,413.7068,750.6757,10.17393799666594,420.20500504241704,730.8446515866588
10,4,426.42682,715.58514,418.2644,731.9174,417.2914,744.931,22.278699028686727,419.3859930779958,731.6744922873452
11,4,428.29062,715.28455,417.49243,732.7285,415.27664,749.4824,24.224450117674213,418.5762786233223,732.4277247159837
12,4,428.32462,715.2054,417.31226,732.9474,414.4539,750.896,22.77910652726666,417.9035264534082,733.131274173252
13,4,428.20746,714.91327,417.06534,733.23724,414.0583,751.63934,22.02165792350204,417.4575595066136,733.812065959827
14,4,428.09222,715.0993,417.46918,734.1381,414.71625,753.34674,21.004158968544385,417.1768333746946,734.4970253763865
15,4,428.8917,714.8709,417.7468,734.37854,414.86868,755.31836,21.9136681632314,416.9619618127556,735.2130777236079
16,4,428.4455,715.0035,417.6369,734.94214,415.20938,756.0601,21.90437841224765,416.73316913927073,735.9810404391766
17,4,427.4527,716.423,417.088,736.8786,418.51288,755.7264,31.19417801103283,416.48912192619326,736.7972995088122
18,4,427.24313,716.7996,416.38873,739.3428,419.81708,760.9788,34.71450982814387,416.24809730884573,737.652133055242
19,4,426.64465,718.8085,415.8625,739.2939,421.3229,758.0448,43.99534024655867,416.0283724225509,738.5358192011934
20,4,427.60992,716.2073,416.30206,739.3259,419.69418,763.2514,34.13384808674469,415.8482244026314,739.4106008709881
21,4,427.36102,716.92706,416.48212,738.7657,420.3301,760.748,36.40917293897019,415.7259303844099,740.1265801953216
22,4,427.67468,716.4494,416.91656,739.0079,419.00613,763.09436,30.45459442815425,415.679767503209,740.5058241064831
23,4,427.0876,717.09235,416.9857,738.0115,418.37372,758.0511,29.738236378816023,415.7244123344455,740.4366999709564
24,4,427.13864,715.91864,416.98087,736.84283,412.49072,758.0663,13.94889124350024,415.86013921391344,740.0727768919988
25,4,426.93652,716.0625,417.0611,736.46216,410.2763,756.3694,7.011344934742288,416.08362191750075,739.6339244070617
26,4,425.96667,716.8317,417.51465,736.6491,410.66562,754.24603,1.8312004884003192,416.3915342210952,739.3400120535963
27,4,416.6159,733.41394,418.74335,737.9715,421.81287,732.9305,123.6394993354464,416.77112840311986,739.3385301051629
28,4,411.93362,743.0856,418.9719,739.0041,425.54044,721.6391,39.17080762940825,417.1719707521369,739.4874517797581
29,4,404.28625,751.38824,418.7976,738.795,428.34546,718.24316,24.129474319592088,417.5342060592433,739.5723710314869
30,4,401.99512,752.56714,417.91266,738.3758,428.2221,717.5691,21.923466394130703,417.79946923071543,739.4397536328478
31,4,401.26224,750.4751,417.85825,738.0587,427.79428,717.6395,27.250146265669617,417.91535563354705,739.1795526299112
32,4,399.26004,751.93146,417.21985,738.1127,427.4497,716.8791,26.70058334173866,417.83095074991104,738.9425928871414
33,4,397.66815,751.69244,416.3494,738.0193,426.13934,716.8182,29.01302025233226,417.4953400619806,738.879699269001
34,4,396.99734,749.03125,414.22473,738.7025,424.20877,719.5422,31.532020106547243,416.87923525819554,739.0978041854905
35,4,398.35312,750.8353,413.5651,740.3126,421.22543,721.9105,32.72614978771321,416.03985285206284,739.5282702287545
36,4,408.29678,737.8214,412.39365,741.67474,408.13464,736.7854,174.30387892092324,415.05603556335643,740.0585675364737
37,4,407.5355,738.4794,411.8573,742.5707,407.6873,738.075,176.2784773483302,414.00662611185027,740.576166246329
38,4,405.90558,739.7283,410.66724,742.2454,407.07166,737.5873,155.52647492314236,412.9561067231069,740.9962039764114
39,4,407.79993,736.0847,409.29517,741.4209,403.94394,741.43634,105.48794562248383,411.9115176458445,741.3444882664514
40,4,414.19644,727.8224,408.32928,741.1396,395.3383,749.09204,34.750222602463126,410.86553863456976,741.6744941365907
41,4,413.1437,728.5317,407.3327,742.12354,394.36023,748.708,39.94045329339394,409.8108494437894,742.0396966069698
42,4,406.45932,734.58124,407.17783,743.34247,402.11557,742.95483,99.06710719258491,408.7401298280102,742.4850186974257
43,4,395.1467,744.24414,407.18887,744.1119,413.30957,733.14044,60.2146448698953,407.646059541739,743.0211754265792
44,4,385.40698,753.08984,406.3275,744.84143,419.2572,727.3594,31.995450418685405,406.52131833948255,743.6503298127467
45,4,388.35678,750.54846,404.7034,745.5602,416.41037,731.7228,32.79758833004853,405.3626720148841,744.363915967822
46,4,392.6531,747.4141,402.46576,745.7209,409.2722,737.2705,41.359664702653575,404.18323051813223,745.1104523780062
47,4,403.34213,740.9888,400.74847,746.9173,395.89645,747.2004,63.03219009488741,403.0001898385521,745.8277286230777
48,4,403.49875,741.5795,401.0589,747.1465,396.8637,746.6804,72.672706125243,401.8307459654686,746.453534282815
49,4,410.94107,736.73773,399.71356,747.0702,387.3498,752.65094,18.329336003279764,400.6915451987661,746.9490271018424
50,4,406.63403,738.8045,398.8879,746.8686,388.01382,750.42303,28.050968531827586,399.59703508056384,747.3688374841689
51,4,398.7592,743.1938,399.00763,747.3888,395.25516,745.0038,125.82868270942106,398.5611134635405,747.7909639986501
52,4,387.98862,749.67804,398.40997,748.5211,404.57037,739.03424,50.667187877795776,397.5736447147598,748.2817793998962
53,4,393.5697,747.7235,396.58243,749.1781,399.44003,742.96313,91.07926081885172,396.52835925882715,748.8611531855371
54,4,406.98758,740.2528,393.9712,750.2246,381.87842,753.5108,22.252669094014305,395.2949540347332,749.5373290389574
55,4,409.23175,738.69086,391.4018,750.89935,375.23035,760.77966,2.9763115208397983,393.7431259814684,750.3185506435416
56,4,405.9401,738.8394,388.6467,752.3288,372.15625,761.49426,8.889775346161606,391.81634492929436,751.1935235363412
57,4,403.32617,740.9182,386.51215,753.46924,372.6277,762.8635,2.657412348412197,389.7531722735554,752.0728006690732
58,4,401.67096,742.1403,386.56293,753.7196,373.99408,762.42633,2.7566211440421724,387.8659423008672,752.8473968471213
59,4,402.13065,742.281,386.6552,752.934,374.25916,762.26575,2.4296274757415586,386.40015643983537,753.4383118956207
60,4,402.6839,742.002,386.69586,752.6478,372.20557,762.5969,0.8151737536926084,385.33398468702825,753.8864857187103
61,4,402.46808,742.1025,386.05713,753.23737,371.1375,762.8616,1.3322204968328886,384.5787641810048,754.2628432402812
62,4,394.76215,746.84143,386.01578,753.88464,380.69907,758.979,4.932963859604799,384.0458320603236,754.6383093842234
63,4,399.44153,746.1607,386.51288,755.2036,372.59503,759.72723,16.965408055436228,383.64652546354375,755.0684614297744
64,4,400.3205,746.3509,385.58948,755.92706,370.7693,761.10504,13.767887149274683,383.29218152922374,755.5474860775565
65,4,399.93576,747.1196,384.8229,756.12213,371.01285,760.74963,12.256538747845912,382.89413739592266,756.0542223835392
66,4,400.35672,747.15924,384.25616,755.9325,369.12067,762.0124,6.700893069058589,382.363730202199,756.5675094036918
67,4,396.97766,749.8508,382.8749,756.7018,370.28214,760.7245,8.194098532617963,381.6397988255911,757.0686709178941
68,4,396.41415,749.7274,381.15756,757.23035,366.58386,762.6412,5.818508132667676,380.77118909955226,757.5489696016712
69,4,382.04672,760.875,378.35828,757.96484,381.88394,754.6797,98.7492565607083,379.8342485965155,758.0021528544581
70,4,384.50146,757.7283,378.16864,757.81757,376.30835,757.89215,1.4879316283014896,378.9053248889137,758.4219680756909
71,4,387.18213,755.76416,378.60626,758.043,372.2442,759.90686,1.4471271829493766,378.0428054408906,758.8021626648045
72,4,375.79028,761.82135,376.89093,758.81793,382.80643,755.4364,40.11991821983591,377.2332372834344,759.1364840212348
73,4,381.19525,759.7629,377.41714,759.3145,379.25085,756.94403,120.95619608851317,376.44520733924423,759.4186795444173
74,4,371.5369,765.6267,375.93536,759.5719,387.34845,752.999,24.06583856502748,375.6520692400286,759.6524695103482
75,4,374.10553,763.818,374.99182,759.3717,386.16058,753.7454,51.99006862111638,374.8462434535345,759.8814657012659
76,4,371.418,764.84045,374.33954,759.3603,385.72745,753.8468,36.10332576820201,374.0249171565184,760.1592527759694
77,4,361.14178,768.7961,372.86237,760.2863,390.0238,751.6171,9.180805962093658,373.1852775257365,760.5394153932576
78,4,360.16403,769.42865,372.01968,760.3061,390.4503,751.511,12.066646876233882,372.3245117379454,761.0604483142388
79,4,357.119,769.97876,371.179,762.4949,388.74423,752.26373,2.1938341824380143,371.43980696990127,761.7004867092559
80,4,354.60355,770.4756,370.31723,764.52026,386.6972,754.6395,10.343034713322355,370.52835039836054,762.4225758509604
81,4,356.04495,769.38873,369.77213,764.48566,382.2427,757.50885,9.569634484732964,369.59721552777626,763.1942010683535
82,4,354.3957,770.38153,368.74164,765.1011,384.0035,757.31036,6.835236013792461,368.69302117338873,764.0006079158368
83,4,350.87152,773.9702,367.40375,765.8619,384.33594,756.38605,3.106964106353592,367.8722724781345,764.8314820041606
84,4,353.98557,775.6279,368.28635,766.3433,381.34512,756.19415,4.860872001906693,367.19147458495024,765.6765089440755
85,4,352.69547,775.3671,367.6077,767.4377,380.1716,756.90216,11.980266232780076,366.67887438842763,766.5253743463322
86,4,354.8968,774.1942,367.2157,768.33307,377.55392,758.465,18.22261234430168,366.24968578977644,767.3677638216816
87,4,357.84103,773.8146,367.1302,768.63873,376.04187,759.05164,17.96481865685986,365.79086444186163,768.1933629808741
88,4,354.37274,776.5761,365.96344,768.791,380.8721,756.5,5.614856071970267,365.1885021620984,768.9922781029205
89,4,349.03595,779.32605,363.33093,769.77527,381.64343,756.0838,3.036284043233761,364.32523542610534,769.7562981398743
90,4,349.08517,778.34045,361.49957,770.45593,377.94232,758.8053,2.8996880498057145,363.14265951226133,770.4776327120483
91,4,354.11658,775.9709,360.6075,771.4405,370.9839,763.7328,1.6920010508122971,361.821660251783,771.1484914397561
92,4,343.78802,781.0776,358.17715,772.0607,375.99002,761.5764,1.592867601637597,360.5604764672025,771.7610839433106
93,4,342.43033,781.5657,358.4215,772.1739,376.70132,761.3547,0.1938266572205511,359.3874683934769,772.3076198430252
94,4,342.4825,782.2761,358.02383,771.6432,377.25378,761.4482,6.44798356672033,358.2885266186694,772.7803087592135
95,4,342.37323,782.59814,358.04218,771.0287,377.49435,761.85333,11.18832859843585,357.2842397894041,773.1576799141188
96,4,341.11005,781.94116,357.16776,772.1235,375.25375,761.2421,0.4078242668255403,356.533988786551,773.3635409377073
97,4,341.1108,776.9016,356.42026,772.6093,372.91364,762.12646,16.777322639680712,356.17832060197986,773.3371608828246
106,4,332.798,779.46497,343.7973,779.6387,365.81183,766.8094,31.13687837165064,352.16886832444175,775.3589059186544
107,4,327.64706,781.2629,342.35062,781.8367,366.8451,766.5725,34.16459518463718,349.595393047004,777.2076675612343
126,4,319.2955,781.67816,335.06454,777.8583,355.35992,770.1865,7.089832297737515,344.83247988636697,778.0459589335787
127,4,323.1655,783.3017,334.75964,777.77203,355.31628,769.9378,4.636162050643782,341.12933618203715,778.7312523823982
128,4,322.71686,787.4531,331.72488,777.8833,356.2833,769.58545,28.062905239504012,337.7682240949274,779.0084997411486
129,4,321.1055,786.2366,332.12543,775.59186,356.43185,770.1944,31.48788136569093,334.9777331956705,778.616823451993
130,4,321.96384,782.27594,335.40698,769.5122,358.572,769.3031,42.99775672342732,332.729483307201,777.6527220703126
131,4,321.62866,787.9151,332.96786,774.4377,357.49942,770.8316,41.56201484052031,330.99509425245367,776.9316450817449
132,4,322.14545,788.4002,333.00986,774.88916,357.3882,771.4259,43.11128075328309,329.7356330805511,776.5434438206902
133,4,322.15073,789.8469,331.94916,775.1261,356.94705,771.12805,47.26491630603121,328.86995574536655,776.4175136440323
134,4,322.58136,791.22186,332.56168,776.1947,357.2296,771.0766,44.68839160640941,328.3063654269611,776.5049374778065
135,4,321.79865,792.02814,333.6806,776.87305,358.15533,771.07135,38.566967882197126,327.9620376920094,776.7541276829464
136,4,321.5017,795.65485,333.65524,777.28894,358.40927,770.60724,41.40011587851744,327.78963765363983,777.1028143599814
137,4,319.72253,796.35614,332.546,778.4174,357.18726,770.5161,36.66237763353679,327.75070281159464,777.4860570443392
138,4,321.28253,797.49567,331.22427,779.3177,354.8465,770.55347,40.96959934610302,327.8067706656157,777.8389152714481
139,4,320.37177,797.1016,331.9362,777.86743,355.70605,768.97363,38.46992747787618,327.91937871544496,778.0964485767355
140,4,320.74393,795.67523,332.33777,777.0935,354.37158,769.569,39.183392866827525,328.0500644608246,778.19371649563
141,4,320.0697,796.2615,331.37668,777.35547,353.29797,769.87665,40.27999658460265,328.16036540149656,778.0657785635594
0,5,646.1279,785.065,638.2707,790.86176,645.68243,781.83264,165.80001342906357,638.3001866449353,790.912250780246
1,5,660.76227,797.63605,638.1913,792.05145,634.51086,772.5628,65.4084460984375,638.0685173195944,791.7256655409568
2,5,639.8051,775.09796,636.49756,792.30774,659.67096,796.44464,90.7572696457252,637.0801125332185,792.4589254778998
3,5,643.44885,778.35175,637.95667,792.911,659.97314,795.65094,103.57403486760388,637.224014218148,793.0660389636863
16,5,651.9533,800.0155,643.3216,790.4632,661.3393,783.54004,111.08292023261876,641.0096545383885,791.3378164654815
17,5,651.7395,803.236,644.3285,790.2581,662.4697,780.6055,91.71190469146173,642.6478265290309,791.0226292089296
18,5,663.14026,779.83844,645.0253,789.97314,650.9378,803.939,83.71986692232818,644.4826199942105,790.7625748705957
19,5,662.9306,780.05304,644.66345,790.60956,650.7613,804.4638,83.73286320162708,645.6888528760198,790.5658740906354
20,5,662.5431,780.2477,644.67865,790.57666,649.9081,805.36774,79.43528135313773,646.1311851837786,790.4086954993212
21,5,659.57794,782.55505,644.11505,790.80566,650.02795,804.1214,85.86053587658978,645.901599094394,790.2591947244553
22,5,653.4026,793.7727,642.1689,790.4157,655.34235,793.5377,176.69476563197006,645.1729503420911,790.1139034852212
23,5,652.3182,785.8089,639.89746,790.8902,653.50745,802.6773,116.85595709593495,644.4415888903668,790.0828578663308
26,5,648.68634,796.6122,638.44525,795.9682,648.48004,791.45624,152.1916382511419,642.9818962971118,792.059316492652
27,5,646.1988,797.0805,637.6211,798.0017,645.8051,791.93884,149.59809602113165,641.3782163278122,793.785119003876
28,5,647.5216,811.5243,634.6561,801.186,634.8803,779.9409,51.820253447480106,639.6805501927404,795.8116913427594
29,5,641.8316,805.9238,634.15186,802.7267,634.9748,785.13727,70.07631140066944,638.5607786793971,797.7156211879119
31,5,641.273,800.15875,635.12225,802.197,629.607,788.20667,86.81914548408892,636.9853029638095,799.9357887807159
32,5,643.2016,804.4712,635.5645,802.28577,626.1729,785.83264,44.31288103804274,636.3942880444054,800.7272286599529
55,5,644.5877,807.6348,636.66797,803.39484,644.0762,823.0709,138.79501026168228,636.0718900504808,802.5003413832392
56,5,641.7533,808.7794,636.06726,803.9189,642.82153,823.33484,149.7058376929545,635.6835498929534,803.1857224467697
57,5,641.9922,810.4597,635.1614,803.8626,642.44257,823.5185,154.32920188678426,635.2263165659185,803.9684875771172
58,5,641.15485,811.6387,634.93164,804.00244,642.362,823.5706,161.61400740696195,634.7333706143431,804.794869400982
59,5,640.837,813.1779,633.95245,804.0216,643.9866,821.7197,172.61243846979954,634.2378925831941,805.6111005450636
60,5,649.24036,813.97876,633.9605,806.1112,633.62744,825.5605,116.26272862209429,633.7730630174381,806.3634136360622
61,5,649.7433,814.0509,633.29083,806.5496,632.7434,826.5017,112.93836815851516,633.3720624620424,806.9980413006779
62,5,649.5919,814.03815,634.117,805.6468,633.55005,825.4493,116.82904591608911,633.0609334266819,807.4726100086905
63,5,649.97144,813.9815,633.49664,806.2269,632.4689,827.0225,112.37666258272344,632.8371662798639,807.7903216022045
64,5,649.9216,814.37854,633.02167,806.4123,633.9568,827.3792,117.79186040469288,632.6911133548034,807.9657717664039
65,5,648.63605,816.0409,633.6592,805.5165,639.6942,825.0605,142.25642789365313,632.6131269847158,808.0135561864729
66,5,650.61145,813.55884,633.8355,805.89954,638.2712,825.618,127.217435091185,632.5935595028166,807.9482705475959
67,5,648.88885,815.47845,634.0208,805.5748,642.9513,821.4778,152.98450863115383,632.6227632423207,807.7845105349575
68,5,645.7736,819.3843,634.2687,804.8807,647.94385,815.8154,167.06916495970015,632.6910905364435,807.5432099644131
69,5,644.9485,820.3487,634.1476,804.7796,648.9472,815.50696,160.68670186764297,632.7888937184003,807.2706551745061
70,5,644.44086,821.33,633.64355,805.52356,647.1887,817.1165,164.8961217619241,632.9065251214066,807.0194706344505
71,5,642.30133,824.7604,634.38654,805.5241,650.0721,815.3055,144.31211183671448,633.0343370786771,806.8422808134608
72,5,645.38446,821.4754,633.9171,805.94037,645.5769,818.3715,173.26716425193433,633.1626819234275,806.7917101807511
73,5,651.93604,814.637,633.6122,806.72064,634.9015,826.1865,117.15500524112932,633.2819119888729,806.9203832055364
74,5,655.65515,810.23645,633.17334,808.1386,628.0705,830.81757,82.65041503587392,633.3831208167152,807.2623135821557
75,5,656.6672,808.3974,633.6798,809.70685,628.5269,830.47736,72.80669876564679,633.4603667826012,807.7770719054497
76,5,656.7466,807.5697,633.994,809.71783,628.3651,831.50745,70.1219890685549,633.5084494706651,808.4056179953843
77,5,656.8418,807.0028,633.7751,809.99634,628.7871,832.48083,70.09767638145743,633.52216846504,809.088911671925
78,5,656.3571,805.97,633.4271,811.1905,628.44824,832.88416,64.24795601624956,633.4963233498598,809.7679127550376
79,5,656.3326,805.72327,633.531,811.23126,628.42365,832.98035,63.20429425870069,633.4257137092585,810.3835810646876
80,5,656.177,805.9547,633.3294,811.3084,627.8026,833.6351,62.90861901883508,633.3083241967162,810.9046328715679
81,5,655.9218,805.6178,632.99194,811.7985,627.6512,834.05493,61.42066862974741,633.1548797431018,811.4108102492759
82,5,655.73035,805.4864,632.6041,812.7163,626.5753,834.4133,57.11059531497654,632.9792903486307,812.009611722138
83,5,654.72845,805.2513,632.34155,813.8963,627.0481,834.7071,54.61403975135984,632.7954660135186,812.7743676362555
84,5,653.4828,805.1465,631.7342,815.48584,627.4332,835.2715,52.30938391670957,632.6173167379808,813.6417356248442
85,5,653.3369,805.0001,631.8938,815.4861,627.4561,834.7615,50.97573491316293,632.4587525222331,814.5142051428949
86,5,653.5037,805.26965,631.88586,815.4649,627.4054,834.72205,51.65313768418936,632.3294885694755,815.3103332136357
87,5,653.4516,805.7137,632.36084,816.54614,627.3934,835.65076,48.239468732467046,632.2224608948469,816.0129471332328
88,5,653.24036,806.3322,632.51117,816.94434,627.11176,835.6582,46.79607238486113,632.1264107164703,816.6209417660898
89,5,653.22253,806.8034,632.2863,816.7251,626.5437,835.8745,47.950513878256125,632.0300792524691,817.1332119766087
90,5,652.7327,806.8861,631.86127,816.90735,624.7791,836.6657,44.63281478636671,631.9222077209666,817.5486526291917
91,5,652.388,806.92883,631.6172,816.9072,623.9381,836.5956,43.0328140929499,631.7915373400862,817.8661585882417
92,5,652.48254,807.0469,631.57306,816.7878,624.4476,836.6985,45.33016425930127,631.629538859494,818.0912874376928
93,5,651.9607,807.27,631.02454,817.2681,624.16595,837.36896,45.632986181076696,631.4386011550296,818.2562476396079
94,5,651.8713,807.27563,630.9649,817.4393,624.21185,838.1546,46.01768445566304,631.2238426340748,818.3999103755812
95,5,651.5292,807.1482,630.84717,817.50464,624.46466,838.4611,46.46209493908863,630.9903817040124,818.5611468272069
96,5,650.79987,806.85406,630.30804,818.15686,624.9072,839.4813,46.90755638530871,630.7433367722242,818.7788281760797
97,5,649.65063,806.3545,629.67554,819.50775,624.9364,840.76324,44.06667399313274,630.4878262460932,819.0918256037945
98,5,649.33215,805.7975,629.63525,819.68463,625.806,840.3042,44.29409568897779,630.2293238582425,819.5266780861903
99,5,649.36707,805.3941,629.96515,820.0363,625.9868,840.2565,41.82810009706483,629.9747246422636,820.0605957760864
100,5,648.8907,805.4901,630.59814,820.3177,626.57263,838.5927,38.550065368106665,629.7312789569881,820.6584566205463
101,5,648.2073,806.0626,629.05316,822.7611,624.92566,836.7393,32.46730554620988,629.5062371612491,821.2851385666346
102,5,649.51544,806.2091,629.11176,823.2715,622.6076,838.916,27.521391502668227,629.3068496138781,821.9055195614151
103,5,649.4842,805.9864,628.7039,823.71967,620.85046,839.87933,23.60418331746757,629.1403666737081,822.4844775519516
104,5,648.9522,805.8391,628.4744,822.4045,618.93616,838.1269,19.785304455081192,628.938827690427,823.0063622269815
105,5,648.90466,805.986,628.9486,822.054,619.0377,836.8699,17.380004807881857,628.333427977149,823.5334102419322
106,5,648.48016,807.39954,621.8283,825.8191,611.34283,833.168,0.3769048950169821,627.0307009672136,824.1473299939046
107,5,648.3543,807.1933,620.72064,825.94525,610.46014,834.2458,4.811696580939194,625.296705215597,824.8979622891112
108,5,648.5227,807.17255,619.4539,826.9034,607.83777,835.1174,1.0975356352394017,623.3773628232649,825.7076775702137
109,5,649.8604,806.499,616.177,826.38727,602.445,835.0587,1.7120078586398928,621.475924495339,826.4669786889845
110,5,648.4101,807.6427,617.5317,827.47394,605.70557,833.31195,6.436569701251907,619.7634192918489,827.108497776458
111,5,648.26575,807.41614,617.1184,827.5574,603.95154,832.98804,10.47482044727676,618.2819896924592,827.7333840807123
112,5,646.4088,807.441,615.33673,829.7797,602.8058,833.4929,19.20790461167176,617.0415565317435,828.4849161290866
113,5,644.397,808.09985,614.7606,831.2123,606.0324,834.6047,16.70988358380876,615.8330915496232,829.5124751415119
114,5,644.1972,809.13605,611.2959,831.5066,601.6935,832.3141,29.406046876115788,613.5717701074142,830.989853108286
115,5,624.903,824.09894,600.8222,838.71576,598.3316,819.69867,113.79599096462368,609.8452616928682,832.9370139936997
116,5,622.68744,822.95044,600.68475,839.10114,597.9518,819.33105,118.40933708743783,607.0158018935142,834.7774150091237
118,5,624.4097,822.8383,600.1544,839.6571,595.80145,817.7514,113.49862862494346,603.6122280371401,837.3142299736996
119,5,622.14246,828.17755,600.50836,840.8735,595.3048,814.5455,109.22641600220284,601.8789234855724,838.6846991930513
120,5,623.831,826.73444,602.43756,840.1987,595.46906,814.93677,106.763402904757,600.3898473510349,839.8997144273229
121,5,596.385,815.522,602.68005,840.135,622.94556,825.63586,111.2357239032212,599.377138276087,840.8821965476791
122,5,596.2101,815.4565,603.6115,839.813,623.7423,824.9516,109.53336207907348,598.9652099739328,841.667188656917
123,5,596.5824,815.9335,605.05865,839.5183,625.5697,824.1342,107.10319594355389,599.2025146239014,842.287406374807
124,5,597.0689,815.7201,605.38635,841.5028,625.4821,826.48816,108.88584875830044,599.8336582698267,842.7662553890133
125,5,599.39606,821.9934,608.98486,840.11145,633.7145,820.39954,100.66864575155655,600.5272854216677,843.1248139041737
126,5,598.16425,816.6195,604.9151,842.42334,624.3052,828.9841,110.06460576250336,601.0163721475595,843.3841601249254
131,5,597.1924,815.6319,604.404,841.5925,622.1527,827.3178,113.28382310829797,601.340911080568,843.9304439748604
132,5,596.633,815.73663,603.60205,842.3274,622.1961,827.4567,113.96511523908234,601.3640769409635,844.0371587265448
133,5,596.5579,815.60034,603.831,842.4041,622.48206,827.77216,112.93318586320662,601.4922134696869,844.1802751439901
134,5,596.5056,815.2331,604.3276,842.408,622.52014,827.8313,112.64551769022384,601.736982722595,844.3212040703712
135,5,596.685,815.68915,605.1024,842.2125,623.3677,827.50977,111.22530969563022,602.101452394913,844.4094228765709
138,5,597.53815,817.93475,609.2691,840.2978,624.0852,827.49445,103.15184696384844,603.9437408805807,843.8525922829092
139,5,597.73346,819.1186,609.65204,839.84064,624.737,827.65576,99.02356627156458,604.8176891827922,843.224744317211
0,6,610.2628,821.54474,585.5456,830.78705,560.0292,835.66675,9.675484744409928,585.6651489451283,830.7934048812767
1,6,610.2742,822.624,586.0014,830.83234,560.2854,835.1868,9.073222792970803,585.6648837941362,830.822539427091
2,6,609.0985,822.701,585.4802,830.49445,560.2819,835.8543,6.25338393101173,585.7209288078999,830.5574653237734
3,6,609.15924,821.8648,585.7263,830.01215,560.6099,835.4993,6.848165177187156,585.835543462383,830.1460548094647
4,6,609.50793,820.9201,586.03644,829.5196,561.0848,836.5764,4.329838562167191,586.0109872335497,829.7361801223063
5,6,609.9693,821.36035,586.61035,829.6236,561.8858,837.1292,2.5945759524561915,586.249519597364,829.4757135004397
6,6,610.51404,820.3142,587.21124,829.6424,562.824,837.8622,3.1897891228093145,586.5246990739926,829.4573942359008
7,6,609.31854,820.1597,586.22876,830.2584,563.76086,838.6834,3.068032959856273,586.6952803604115,829.5534298363035
8,6,609.76385,818.2301,585.5526,829.8746,564.0047,838.82684,3.1244941882048005,586.667155507484,829.5808948631563
9,6,611.4939,816.7235,586.8288,828.928,565.3286,837.59406,4.37367521132996,586.6495698048111,829.3568638779681
10,6,612.1406,816.01294,587.8345,827.95123,566.4877,834.74194,8.512000661285358,586.8567193345116,828.8061621236874
11,6,611.7861,816.1145,587.563,827.7396,566.5708,834.5804,7.587937430873368,587.2192501100379,828.2846175690213
12,6,611.5231,816.009,587.46967,828.4978,566.49176,836.64886,6.205040287062889,587.5969206276758,828.1235014589199
13,6,612.28314,815.2294,588.17725,828.34375,566.7714,836.9077,6.7424415357905305,587.8494893837111,828.1248554175445
14,6,611.3698,815.1609,587.59174,828.5061,566.9741,837.57,5.57165307459386,587.8800510554856,828.0325123634507
15,6,611.0575,815.5783,587.0977,828.45447,566.8406,837.68744,3.7510803362206895,587.7650450445667,827.8867000135591
16,6,610.4103,814.7907,586.574,827.93274,566.7723,837.24194,3.690773830657385,587.624246933578,827.8017447843811
17,6,610.3201,815.9839,586.6298,827.92395,566.88025,837.1098,1.804501696326692,587.5774323051429,827.8919730924285
18,6,608.4917,816.6087,588.5669,830.0016,567.7599,837.76764,13.440185958604122,587.7094451012025,828.2305875566204
19,6,607.94305,818.052,588.415,831.27454,567.9184,837.891,16.211583033650808,587.9654027009668,828.7262956055046
20,6,608.5045,818.1483,588.6936,831.3883,567.6354,837.96515,16.41106099292647,588.2554908429632,829.2466808700361
21,6,607.81287,817.15137,589.0102,831.25616,567.69135,838.00555,19.3079486439786,588.4898952657192,829.65932698117
22,6,608.39294,816.66394,588.1293,829.1232,567.1546,837.3534,10.161305156364593,588.6229502980169,829.8628128103276
23,6,607.0366,816.75256,588.1572,829.1024,567.10205,837.2807,11.96325905196634,588.7855846296586,829.8796981907954
24,6,612.8752,812.3077,591.97003,829.26807,569.56903,837.83594,18.121793489010397,589.0994725736099,829.763538196326
25,6,607.04535,815.7189,589.0046,828.5307,567.08246,837.1325,13.95676603271272,589.4726765744703,829.567887900672
26,6,607.83386,816.0679,589.895,828.31354,567.06885,836.7629,14.006237907278775,589.787957703207,829.3388467980923
27,6,609.755,816.1482,589.7174,828.7518,566.8136,837.02356,12.312396155306985,590.0404834046266,829.0926920648699
28,6,610.12976,815.93616,590.2995,828.5272,566.8722,837.60815,11.225790838157186,590.2535227169942,828.8382452977944
29,6,611.9555,814.46204,591.5121,828.00574,566.96277,837.7505,11.873946831006144,590.4503446785758,828.5843280936549
30,6,606.12,815.2762,590.5342,827.9187,567.01794,837.2962,17.30692544817001,590.6542183276368,828.3397620492407
31,6,602.645,816.59644,590.68146,827.37036,567.19867,836.27484,21.238664947779583,590.8884127024432,828.1133687613411
32,6,605.0731,815.4014,591.28754,827.14014,567.16034,836.40125,19.41603543423867,591.1761968412607,827.9139698267459
33,6,606.6179,815.2232,592.06067,827.66864,567.2508,836.25305,21.442111684857032,591.5408397823546,827.7503868422436
34,6,610.97986,814.12134,592.69476,827.3973,567.1095,836.90845,15.589296319125005,591.9951892269688,827.6303462630385
35,6,609.92896,812.59186,592.5484,827.3008,567.2298,837.03015,19.22012888982384,592.5104075282587,827.557193977993
36,6,615.668,810.59973,594.31665,828.0454,566.5009,837.4023,20.6590986692855,593.0472357023575,827.5331807343842
37,6,613.65326,810.64233,594.70715,828.5565,565.69666,837.7754,25.767326977360145,593.5664147653989,827.560557279489
38,6,615.38324,810.13763,595.3745,828.7597,566.414,838.61176,24.156501824855912,594.0286857335158,827.6415743605841
39,6,614.6363,810.2612,593.6069,828.8637,566.64716,838.05396,22.67212359202232,594.3947896228417,827.7784827249467
40,6,612.02313,809.428,593.7143,828.0368,566.72864,837.5209,26.101619339425497,594.6254674495102,827.9735331198538
41,6,606.90717,812.71686,593.96326,828.7058,566.4657,835.9477,36.253351477921946,594.6814602296544,828.228976292582
42,6,595.3978,821.84576,592.5968,829.97766,567.75604,832.3355,65.5715818566395,594.5547356795952,828.5395764747889
43,6,577.72186,831.5395,592.44385,830.23914,575.68024,824.1271,154.92031679198436,594.3621683164015,828.8701518356506
44,6,567.6363,835.3642,593.98083,829.18774,595.38806,814.147,71.4602895909786,594.2518593573308,829.1780340287243
45,6,566.4262,835.3832,594.2688,829.3401,599.63257,811.7245,60.81922646228795,594.3719100196397,829.4205547075667
46,6,566.6223,835.4901,595.68146,830.5831,600.5139,812.474,65.47400810875746,594.8258887816726,829.566409282114
47,6,566.4034,836.1206,597.23035,829.64355,604.06445,811.7612,57.2187872783597,595.5392331661253,829.6297481878225
48,6,566.614,835.5301,598.531,829.23816,605.86035,812.4877,55.2157682848814,596.392847956781,829.6360856165276
49,6,566.035,835.0661,599.54987,829.00995,608.36316,811.5251,53.00665185785719,597.2676379374225,829.6109357600645
50,6,565.7131,834.7556,599.75287,828.84875,609.72974,811.34216,50.47712651713166,598.0623188188799,829.5756919499463
51,6,566.24524,834.81946,599.12964,829.1052,605.9516,811.91974,58.49116897899855,598.7468500201687,829.5352640763922
52,6,566.65955,834.9299,599.00574,829.0088,603.8088,812.4348,63.46538375089313,599.3090018873509,829.4904411692996
53,6,565.8102,835.22186,599.1838,828.97107,607.9537,810.67523,53.78136346768267,599.7365447664885,829.4420122585648
54,6,565.5904,835.8041,599.64453,829.14075,609.8462,810.122,50.719753732812826,600.0172490036435,829.390766374085
55,6,565.8647,835.60736,598.9802,829.2983,608.6905,811.3447,50.80648280417135,600.1388849448779,829.3374925457567
56,6,566.8695,835.9343,598.3042,829.5194,602.4227,813.78156,63.80076144536445,600.0892229362539,829.282979803477
57,6,566.261,836.4224,598.47186,828.3188,604.29065,812.3909,55.81021162647242,599.8560333238332,829.2280171771425
58,6,566.5709,836.6375,597.9467,828.4925,603.00494,813.53253,56.76617766585582,599.437898204966,829.171540471048
59,6,568.4882,835.7978,595.7468,829.24567,592.8498,816.20654,89.01078546498965,598.8766466821538,829.1050725870806
60,6,566.1554,837.0039,595.1721,829.7292,597.4989,814.73486,67.10492711990592,598.2249196091861,829.0182832015252
61,6,565.713,838.5502,594.89935,828.8249,596.312,813.1678,66.41569703987322,597.5353578398526,828.9008419906667
62,6,565.47076,839.12695,594.375,827.7856,599.4523,811.4484,51.31185379040685,596.8546573853315,828.7424186307901
63,6,564.3318,840.07153,594.5624,827.3252,603.102,811.8656,38.22241447408443,596.2057348863572,828.5326827981803
64,6,564.6692,838.8379,594.2953,827.2212,601.5458,813.3178,41.04770945127469,595.6055621410519,828.2613041691224
66,6,587.3631,817.701,592.9809,826.51184,572.2862,834.9391,100.36456037551572,594.6193531039409,827.4922972268023
67,6,569.78815,835.9093,594.463,824.5464,594.3272,813.40106,65.97176168308472,594.2597274279811,826.9923174036691
68,6,583.8727,820.1453,593.5058,825.62177,576.81055,831.78687,130.11389863430674,593.9715408157841,826.4992283145817
69,6,581.1626,821.3461,593.376,826.7507,579.37744,832.17535,134.9479008672831,593.7265671830742,826.1125544611792
70,6,594.6336,830.626,594.51624,826.32385,574.24414,823.55554,80.66116220355113,593.496580445576,825.9318203451013
71,6,592.9574,830.685,593.5386,826.48425,572.959,824.1484,91.40130284584248,593.2533545190145,826.0565504679867
73,6,581.8649,837.1045,587.5772,836.9968,568.88257,833.0742,167.07001962080287,591.519151590265,828.4453080561656
74,6,585.4599,837.2501,579.7745,843.3365,555.3722,843.3526,46.91286876674379,589.0034273352865,831.5097963175035
75,6,611.79535,829.07104,582.8289,841.4762,547.2573,850.229,9.359794427897674,586.695313301785,834.3411079842534
76,6,612.43115,828.308,581.2005,841.2306,546.0118,851.0488,6.888829572259458,584.8340278104025,836.4793392577478
77,6,616.5001,827.38855,582.23517,839.49475,545.5809,850.4825,2.7719167722146807,583.2618529911151,837.9207346220373
78,6,616.54297,827.7006,580.5645,838.8756,545.4351,850.56793,1.154027074632902,581.9423293109662,838.8716112238025
79,6,616.0915,829.1591,579.59625,839.7137,544.6621,852.49347,3.963682572013021,580.8693118212651,839.5908043753811
80,6,620.9527,829.1286,583.52625,837.8684,546.77545,848.63043,3.1779217969691844,580.0366555733218,840.3371493891115
87,6,604.17755,787.6708,592.2779,808.5516,583.6479,823.49304,0.3310223381465467,582.2543133462076,833.5336701795034
88,6,601.4026,783.8472,592.2792,806.21674,587.50415,824.14246,7.27211101209575,583.7684392446496,827.8991826332439
92,6,594.8413,769.24316,592.95325,799.99774,583.0739,822.48956,20.20002133657878,585.757164310297,820.5344425763001
93,6,596.96545,769.88916,593.9635,799.5527,582.4668,821.2782,22.108213223158188,587.3667589137788,814.9856823191222
94,6,595.8938,770.2023,594.56244,799.62463,583.4042,820.5444,25.48391001880525,588.9727356760059,810.1492479363749
95,6,596.5326,778.1662,594.7742,802.2577,581.36456,821.8726,30.18360033229834,590.3467553450174,806.3975084930355
96,6,593.86743,779.3077,593.23505,803.2361,581.23126,823.328,29.342048977112057,591.4873906843878,803.1407142256478
97,6,587.37317,771.7062,592.80237,798.1804,586.1072,817.3331,30.85726826941668,592.3932144576909,800.3295342269817
98,6,584.70325,778.0837,593.41406,798.64575,588.65405,811.3311,43.527138687845245,593.0627994285009,798.0093316472021
99,6,583.49146,783.0183,593.0779,798.1412,588.9655,803.64233,69.15050107040162,593.4947183603913,796.0638270098287
100,6,582.4919,780.9876,592.46643,796.7445,588.51404,804.7685,58.558504521617735,593.6875440169367,794.3363301817199
101,6,581.8808,786.91486,593.10876,796.5479,588.956,797.37524,128.10481659055662,593.6398491617106,792.6701510297339
102,6,582.6938,768.68024,590.81433,793.4792,586.91614,809.22534,32.036155605881106,593.3652161537946,790.9663391062238
103,6,580.4002,767.8257,589.4551,791.3967,586.9355,804.9944,31.51201262496475,592.9372657342976,789.3569027055207
104,6,579.47644,774.0398,589.90094,790.87213,587.8844,797.07324,49.78452804296601,592.4446282398367,788.0315898074507
105,6,582.24603,766.2378,589.8724,791.52875,585.31604,812.28107,29.163636221683408,591.9759340070284,787.1801483918393
106,6,580.0891,769.58075,589.4753,791.97876,588.3478,803.06866,28.542009301443155,591.6042683545415,786.903589216932
107,6,582.10767,775.26624,590.5219,792.90424,586.3736,803.865,46.23372470976594,591.3405365292543,786.9479741546512
108,6,584.64795,766.10876,590.5122,792.045,585.0432,811.76135,28.243665756691847,591.1800987600967,786.9706278553391
109,6,585.45734,764.6765,591.17316,790.42883,586.23804,810.1071,26.592980463671346,591.1183152759997,786.6288749693377
110,6,586.16815,770.13684,591.70807,788.0312,587.3282,803.1856,33.32221014670421,591.139378650701,785.6757874368724
111,6,583.69934,758.6421,591.7054,782.5656,587.5564,803.65283,29.63386247556152,591.1828108371694,784.2474263577026
112,6,582.5233,757.8053,591.0867,779.73267,588.3929,800.1315,28.85500744289512,591.1769661331812,782.5756001214713
113,6,582.15924,757.21454,590.4291,779.46783,588.3281,799.99133,26.23113576131845,591.0501988365124,780.8921171178215
114,6,582.13525,756.3026,589.85864,779.04614,587.8517,800.3442,24.139981437689656,590.7567028970836,779.3878776704661
115,6,582.8716,753.7599,588.6578,778.8438,586.1266,801.14606,19.46445697642799,590.35403087339,778.0901498393978
116,6,582.9881,752.87317,588.74884,777.5792,585.03186,799.87604,22.589637933085832,589.9255749760712,776.9852936186796
117,6,583.4149,752.05,588.954,777.26917,585.42957,799.8005,21.2779329804445,589.5547274157667,776.0596690023742
118,6,582.98804,751.679,588.7745,776.6773,586.29364,799.9294,19.122947687112763,589.3072463043394,775.3002104117172
119,6,583.47504,751.2483,589.8371,776.7809,586.69165,799.85095,21.755717795956524,589.1783533585469,774.6961499766353
120,6,583.2751,750.57294,589.8755,776.5636,586.9064,800.8146,21.22933933861597,589.1456361963711,774.237294254228
121,6,583.31885,750.61804,590.1453,776.7816,586.98676,800.4733,22.21718291262636,589.1866824357932,773.9134498015948
122,6,583.1318,749.94147,589.93286,776.1381,587.1955,800.6299,20.930940015174187,589.2790796947946,773.7144231758351
123,6,583.15027,749.76807,590.2579,776.0851,587.51685,800.7429,21.456745942098078,589.400415591357,773.6300209340484
124,6,582.4186,749.1374,590.2233,775.6194,587.77094,800.51544,22.04704612405305,589.5282777434618,773.6500496333343
125,6,581.6665,750.21344,589.85095,776.94763,587.36475,800.76605,22.98056922550305,589.6402537690902,773.7643158307924
126,6,581.45166,750.9166,589.7709,777.3647,587.02203,800.6279,24.199876758019094,589.7187082958734,773.9602306096638
127,6,581.8457,751.0032,589.7379,776.6866,586.76306,800.39026,24.234901888679875,589.7651139900394,774.2156231577582
128,6,581.8019,751.2803,589.93384,776.76697,586.6273,800.1316,25.75106049765792,589.7857205274656,774.5059271890273
129,6,581.8498,751.30634,589.96466,776.66815,586.6744,800.0352,25.7578511485454,589.7867775840302,774.8065764174223
130,6,581.6201,750.79443,590.0432,776.5311,586.8332,800.21173,25.84188888845234,589.7745348356106,775.0930045568953
131,6,580.87537,750.86115,589.897,776.387,587.22943,800.1028,25.88256075089781,589.7552419580843,775.3406453213972
132,6,581.152,751.391,589.981,776.8274,586.8403,800.16327,26.80732401480133,589.7351486273288,775.5249324248801
133,6,580.40485,750.19995,589.7611,776.2194,587.0367,800.0616,26.296781693289248,589.7205045192222,775.621299581295
134,6,579.6848,750.0618,589.4705,776.2068,587.2887,800.2582,25.703597248659914,589.7130023497996,775.5997293855542
135,6,579.36456,749.7012,589.45807,775.48615,587.59503,799.8296,25.754212384520844,589.696106995728,775.4083999564093
136,6,579.1433,748.19025,588.8496,773.066,588.16516,797.89404,22.894395862230585,589.6487263738318,774.9900382935726
137,6,579.3342,747.4485,589.138,771.4069,589.20605,796.523,22.099101062086717,589.549768400936,774.2873713967567
138,6,580.2957,747.7168,590.12054,770.9028,590.4959,795.44696,22.08814177522748,589.3781409938655,773.2861932233836
139,6,578.5284,744.97504,588.31824,769.6147,590.594,795.3524,16.615984820986746,589.1127520694445,772.1445655617168
140,6,577.6616,744.42126,587.1363,768.7301,589.89185,794.79724,15.259635098617553,588.7325095444979,771.0636171577291
141,6,576.38617,745.1233,586.7274,768.69965,588.8815,794.36145,18.88546009552588,588.2163213358506,770.2444767573937
0,7,605.819,551.5788,594.9769,556.7546,583.925,560.9458,4.750647174098604,595.1499499026319,556.9192635995558
1,7,608.8125,551.61597,595.324,556.25903,581.9819,561.19086,1.291649098031327,594.9376125205304,556.114873484851
2,7,613.0696,549.175,594.2704,555.4756,577.76276,561.4338,1.3175982843196143,594.7065190127508,555.4621459281724
3,7,615.1279,548.0523,594.683,554.8291,577.40924,561.8016,3.6427138258232032,594.4784841494716,554.940015595563
4,7,615.3181,547.0471,594.07806,554.57935,577.2819,561.929,4.107562039195742,594.2753227008703,554.5274171530664
5,7,615.37054,546.4907,594.0799,554.51385,576.75464,562.25507,3.4275411349047302,594.1188494371254,554.2032852667261
6,7,616.72705,545.4731,594.5828,553.8479,577.0395,561.97687,4.145056419174874,594.0308791284147,553.9465546025857
7,7,615.603,545.8567,594.08905,554.4241,577.20306,562.492,3.824232575479901,594.0332265449161,553.7361598266884
8,7,616.52136,544.3052,594.6497,553.5925,577.345,561.23193,0.8122881254097551,594.1477064568082,553.5510356050779
9,7,616.19214,544.5417,594.42523,553.80756,577.292,561.6396,1.5074007371343212,594.3857473371544,553.3743866786729
10,7,616.9549,544.1358,595.1343,553.867,578.8308,560.9626,0.5158620807004992,594.717232470561,553.2064980878953
11,7,619.2696,544.0559,597.33966,553.21924,580.38763,559.78436,1.5072709100075308,595.1016588445206,553.051924948042
13,7,618.57935,543.37683,597.3382,552.8282,581.15045,558.7605,3.860619358751079,595.8673232640659,552.8009454822958
14,7,616.0624,542.8819,596.34766,553.6057,580.59424,558.53326,11.174680032035605,596.1816573629377,552.713649386997
15,7,616.6454,541.92834,596.6397,553.0293,580.3458,558.0165,12.007316721693517,596.4715331221399,552.6578892038103
16,7,619.233,541.9186,597.15173,553.053,580.2733,558.8733,7.733246951807249,596.7810599989741,552.6382200480332
17,7,619.2281,542.6307,597.4538,552.89856,580.30023,558.6984,6.565546437589573,597.1543474507412,552.6591970349623
18,7,619.8983,542.35236,598.2476,553.17316,580.20435,558.7279,9.444043425984583,597.6235241743409,552.7214872431875
19,7,621.0317,541.4847,599.2723,553.79266,580.782,559.19977,13.19372541161764,598.1727958250642,552.8102056044695
20,7,621.9329,541.2769,599.9595,553.8286,581.2203,559.3599,13.290720983727931,598.7743872977999,552.9065790138625
21,7,622.51324,540.8264,600.4741,553.9185,581.4526,559.56683,14.173539045626608,599.4005234874376,552.9918343664195
22,7,623.4024,540.33984,600.78687,553.43243,581.31537,559.37823,13.086872384843302,600.0234292888657,553.0510482324154
23,7,623.2733,540.64386,600.79,553.688,581.2851,559.0642,14.710910786934567,600.6153295969737,553.0846958830072
24,7,622.4101,540.5008,600.92523,553.43567,582.09686,558.52106,15.93541014342599,601.1484493066503,553.0971022645729
25,7,622.0893,540.226,602.3185,553.0866,584.04517,556.8359,21.44849141082912,601.5950133127849,553.0925923234903
26,7,622.3127,540.18085,602.1921,552.3422,584.6609,556.463,17.922251851852984,601.9352342397178,553.0759108489278
27,7,622.3812,539.962,602.42126,552.63904,584.3613,556.5872,20.088917945962905,602.1812756295958,553.0534820012149
28,7,621.3224,540.2169,601.2146,553.16547,583.90857,556.97986,20.3500570063027,602.3532887540166,553.0321497834711
30,7,620.1166,542.4121,599.82715,554.3579,582.7672,558.90405,15.566851281924423,602.555835292879,553.0201512503696
46,7,605.5172,534.56335,598.7513,552.3635,581.4004,557.849,51.64364426754066,601.6226134834183,552.9238846371721
47,7,605.4711,533.507,599.2539,551.7123,581.9105,557.54346,52.56097600577784,601.3963206300423,552.6850977269189
48,7,603.37885,534.1473,600.4943,551.4596,583.2065,556.77905,63.4373660558745,601.1468926606127,552.3921915139545
49,7,605.08954,532.8629,600.2535,550.8214,582.78296,557.73706,53.332322917322266,600.880829221409,552.0433575908477
50,7,605.1677,533.5556,598.8257,551.20215,582.37415,557.47296,49.366642802876655,600.6328781121589,551.6473769656309
51,7,607.33,533.26685,598.8119,550.05817,582.20636,557.06903,40.212130413126445,600.4448491709504,551.2156780002014
52,7,608.4187,531.47687,600.19794,549.6683,582.1705,557.19885,43.009954069742165,600.358552235873,550.7596890564573
53,7,608.4891,529.8204,600.65894,549.6358,582.18536,557.11194,46.40550807787026,600.3985739999598,550.2908384962963
54,7,608.7278,528.70966,601.65533,549.2436,582.42676,556.9304,49.2053034240373,600.5206085760235,549.8205546816162
55,7,609.3351,528.4608,601.3979,548.7343,582.8468,557.0273,44.53308272840655,600.6631269318208,549.3602659743145
56,7,608.29926,529.48267,601.8927,548.6162,583.31244,556.6338,48.14701710571682,600.7646000351091,548.9214007362891
57,7,608.78394,530.1565,600.1709,548.1428,583.32263,556.93274,36.86031040581759,600.7789632006118,548.5112100214965
58,7,609.031,529.17725,600.0216,547.4884,582.88947,557.2403,34.152801736120296,600.7220091309212,548.120235652128
59,7,608.85956,528.97015,600.05786,547.32916,582.89154,557.266,34.32129300606695,600.6249948755956,547.7348421424342
60,7,608.2005,530.2632,599.46265,547.16095,582.88586,557.017,31.921955678689223,600.5191774841933,547.3413940066647
61,7,609.34644,530.16113,600.4831,547.06757,583.768,556.6111,32.60953108207934,600.435814006273,546.9262557590699
62,7,610.8614,529.09357,600.8951,546.32965,584.18774,556.3981,28.887867884950506,600.4061614913932,546.4757919139003
63,7,610.98584,528.16815,600.52155,545.70197,584.0582,556.0356,27.055499471420585,600.4614769891126,545.9763669854057
64,7,612.2112,525.6296,601.231,545.2513,584.8048,556.7201,25.846111511816943,600.6233944130573,545.425015491577
65,7,611.0149,525.9238,601.8312,543.9157,586.1096,555.3813,26.855663806284586,600.875055133126,544.8614519653695
66,7,610.7201,526.2506,602.03174,543.74304,586.8889,554.6278,27.877920936641825,601.189977383284,544.3360609434786
67,7,611.62384,525.9693,602.5169,543.6188,587.45575,554.62714,26.54330350969733,601.5416793974981,543.8992269625998
68,7,610.8849,526.9215,602.7039,543.8218,587.6722,554.9922,27.55277072281218,601.903679409734,543.5867811089255
69,7,611.24976,527.38934,603.53986,543.96466,588.3168,555.6276,27.597772816666527,602.2494956539576,543.3763406666341
70,7,611.48755,527.2901,603.4317,544.1171,588.0413,556.0997,26.514095455499444,602.5526463641352,543.2309694694003
71,7,611.85,528.44806,602.4791,544.7924,587.8966,556.14294,22.276744181414468,602.7866497742325,543.1137313508993
72,7,611.8826,527.6988,602.37946,544.08026,587.6518,555.60266,21.842861698349687,602.9387378061424,542.9930022629528
73,7,612.0444,527.46545,602.18726,543.66254,587.7418,555.17706,20.117890791620297,603.0509971334634,542.858406629969
74,7,612.1849,525.8855,603.091,542.8511,588.12994,554.66205,23.51860335444887,603.1792281177206,542.7048809945036
75,7,611.01196,524.751,604.11194,542.3306,589.1983,554.08203,30.33313525731637,603.3792311204393,542.5273618991118
76,7,611.356,524.8047,603.9957,542.15015,588.85657,554.3813,28.07153539030896,603.6885942854102,542.3241238596747
77,7,614.578,522.7385,605.0167,541.9776,589.66974,554.62006,24.09310050624149,604.0720568854865,542.1067932853742
78,7,611.0332,524.6455,604.89777,542.01044,589.7745,553.87854,32.41720427154822,604.4761459757874,541.8903345587187
79,7,613.9519,523.5197,605.5811,541.79474,590.44354,554.4583,25.47538400059405,604.856076946366,541.6844919645066
80,7,606.8636,531.2805,605.6067,542.85925,592.86127,550.6008,52.5301564156661,605.2018185270136,541.4781293966997
81,7,615.58453,522.3831,605.2402,541.9465,589.347,554.8534,23.05162428076885,605.5120277824557,541.2548906515512
82,7,615.0474,523.3888,605.70654,540.62933,590.46924,553.68414,20.962435384877,605.7853617774177,540.998419525314
83,7,614.7125,522.30035,606.1846,539.47845,593.28015,553.3259,16.57924530831875,606.0204775766254,540.6997541753733
84,7,610.2784,526.6268,605.8279,539.56696,594.5498,551.94055,23.368435065714877,606.2160322448043,540.3795102036439
85,7,614.5459,523.9171,606.79535,539.40015,594.5516,552.8572,15.705455787503986,606.3706828466794,540.0656975731728
86,7,615.45734,523.7716,606.1613,540.1056,592.60223,553.41547,15.886290524210349,606.4830864469772,539.7863262470077
87,7,615.69775,523.24713,605.93427,540.0305,592.1526,553.205,16.102270677029587,606.5542065893226,539.5625823109109
88,7,612.57245,523.79016,605.41614,539.86676,592.7827,553.3435,19.15440538604072,606.5942327329426,539.3883563415087
89,7,612.33514,524.08325,605.40045,540.1938,593.0131,553.03326,20.68396140284365,606.615660815964,539.2507150381429
90,7,614.5548,523.3516,605.6859,539.92633,592.5626,552.42255,18.251487132965952,606.6309867765129,539.1367251001551
91,7,615.53204,521.52765,606.9764,539.1277,593.62537,551.92017,20.29875218890602,606.6527065527171,539.0334532268869
92,7,616.71375,520.7678,606.0743,539.13196,592.2972,552.1416,16.55477619555683,606.6933160827026,538.9279661176804
93,7,617.0744,519.891,606.42816,539.0076,592.2663,552.2852,17.73196763106912,606.7653113045965,538.807330471877
94,7,615.73016,520.4307,607.13605,538.4448,593.71857,552.0963,18.999961973341108,606.8768405294384,538.6620140453012
95,7,615.77185,520.5303,607.30597,538.467,593.595,551.92413,20.268637144428784,607.0186615599195,538.4960888197079
96,7,617.9838,518.3555,607.6085,538.2036,592.86383,552.32837,18.632482629921185,607.1771845716439,538.3170278333345
97,7,618.14166,518.0457,607.79456,537.74286,593.32495,552.46735,16.786382922277223,607.3388197402162,538.1323041244185
98,7,620.09735,517.16406,607.49664,538.06287,592.4258,552.67914,14.789860436077372,607.4899772412405,537.9493907311976
99,7,617.57355,518.9884,607.7768,537.6571,594.3433,551.92053,15.59451837488958,607.6170672503209,537.7757606919092
100,7,618.6497,518.16815,607.3109,537.97833,592.8551,552.15405,15.77483407274039,607.7064999430618,537.6188870447907
101,7,618.10297,518.6915,606.7916,538.025,592.5644,551.9019,15.3838115747038,607.7446854950672,537.4862428280799
102,7,618.98,517.9732,607.1693,538.07367,592.5255,552.0615,15.874683541708295,607.7180340819415,537.3873721963713
103,7,617.9932,518.34076,607.1498,537.60767,592.36804,551.57623,17.249250179096222,607.612955879289,537.3401037696893
104,7,610.14233,525.70337,606.9988,538.42957,595.2201,550.65765,30.05242293301725,607.4158610627137,537.3643372844159
105,7,616.67444,519.65063,606.3585,537.8418,591.81085,551.6806,16.873596559392656,607.1131598078201,537.4799724769325
106,7,612.5841,521.9371,604.9014,538.7582,591.59985,550.9271,22.99863434223173,606.6912622902123,537.7069090836208
107,7,611.8479,522.7598,604.11206,538.8968,590.8482,550.67883,22.77346960253004,606.1365786854943,538.0650468408625
108,7,610.77356,524.83966,603.29047,539.79834,590.52155,550.5281,23.383076367811704,605.4355191692706,538.5742854850391
109,7,609.8861,526.7525,601.35724,541.56586,590.0135,551.5895,18.60395403671757,604.5935404312398,539.244386647854
110,7,608.62494,527.7114,601.69977,542.16986,590.4283,552.0608,23.139399080151037,603.6922852174797,540.0445595422952
111,7,607.6103,530.0532,601.6899,543.9458,591.8642,553.99066,21.286457504646584,602.8324427881618,540.9262638779883
112,7,605.9772,530.3971,601.2298,544.6083,591.36786,554.0603,27.743469675881418,602.114702403458,541.8105137698204
113,7,605.84906,531.0583,601.41595,544.32434,591.446,553.82043,27.916474146854288,601.6131067730612,542.6249354175886
114,7,606.1087,531.72833,601.8653,544.10345,591.74744,554.1326,26.3254664849325,601.2951124047498,543.3540489554659
115,7,604.45557,532.227,602.0203,544.10986,591.3378,553.15045,38.177114041077466,601.1015292558225,543.9965980012192
116,7,604.1711,532.5502,601.97363,544.43024,591.29114,553.2939,39.83677517221896,600.9731672835785,544.5513261726156
117,7,602.7211,532.65216,602.3787,544.5675,590.9447,553.0424,51.80806179677301,600.8632781706327,545.0167683219464
118,7,602.6055,532.89777,601.6549,544.93787,590.407,552.98193,49.91475521076195,600.7748805008642,545.3906242396002
119,7,602.7246,534.87714,601.1292,545.4499,590.4275,553.4766,44.54755794467999,600.7234345834682,545.6703849504896
120,7,602.46204,534.9501,600.19904,545.5954,590.16565,553.47095,39.869043880534285,600.7244007276394,545.8535414795274
121,7,601.21814,533.8683,601.73895,544.53906,590.018,552.7121,57.9061184681514,600.7830298309126,545.9375848516265
122,7,599.3725,532.3429,602.9874,544.06946,590.93646,552.4651,72.26883767572335,600.8637351441794,545.9200060916995
123,7,599.42053,532.6023,602.3407,544.7554,590.4284,552.9181,69.09070702181837,600.9207205066717,545.7982962246595
124,7,599.38525,531.5739,601.83844,545.28894,590.69855,553.0731,65.1966167099154,600.9175883321172,545.5774167004796
125,7,595.9634,525.27783,599.7158,541.5314,589.7594,554.2176,51.1256482237924,600.8555353322299,545.2922106693755
126,7,594.08154,524.16644,601.54553,541.98145,589.81445,554.66943,65.48822665042117,600.7451567932202,544.9763619225276
129,7,592.715,523.101,598.8818,541.8725,590.8537,556.3133,47.25723476507881,600.2300208035613,543.8020867990947
130,7,592.44995,521.7916,599.1592,540.3183,591.4941,555.7384,46.33856358529521,600.0322929701665,543.304686342839
132,7,592.053,520.57043,599.37384,540.4221,591.57794,555.979,46.85931701123916,599.6613852653767,542.1200360110321
133,7,591.0801,519.9484,599.07153,539.41565,592.14355,556.01337,44.974475301683135,599.5093959664026,541.4276715991059
134,7,589.18115,518.5296,599.8783,537.9976,592.6693,556.0728,50.53133545487217,599.3938434179896,540.6652046655813
135,7,587.5238,518.4894,600.62177,537.92847,593.2283,556.37024,55.81824961869194,599.3236970561455,539.8391771078363
136,7,588.51086,518.59326,600.0668,538.1703,594.2462,555.83624,48.78841742836892,599.3014229160675,538.9925274855111
137,7,589.1888,517.8846,598.8096,536.68536,594.5784,555.78156,39.59304582232101,599.3278611827502,538.1772935238114
138,7,588.9917,517.33295,599.57184,537.20447,595.0321,556.9003,41.01157897179649,599.4038520411879,537.4455129479427
139,7,589.9996,517.6238,601.30347,536.6141,595.7964,556.86053,45.97948958481109,599.5302356763752,536.8492234831106
140,7,589.38226,517.8431,600.85254,537.1557,595.42725,556.4647,46.40106597851065,599.7078522733068,536.4404628545207
141,7,589.7621,517.31555,600.2455,536.95154,595.2984,556.5163,42.28737676428658,599.937542016977,536.2712687873787
0,8,352.38586,817.1464,402.1169,847.9918,450.2459,853.7273,25.01321293017642,402.1394913111652,847.8199336920748
1,8,354.56116,815.94147,403.67273,847.8464,449.5053,853.4741,26.00915889575052,403.3946737121483,848.0428925386326
2,8,357.48306,819.417,403.5158,848.2917,445.6155,849.9066,29.901815486250253,403.8284370040114,848.2175146728147
3,8,359.02557,819.9151,403.17578,848.064,438.057,846.1252,35.70190045640046,403.68044259651964,848.3474535222794
4,8,352.79224,816.8213,403.05612,848.8571,450.37006,854.4366,25.78599413289179,403.2220397183568,848.4363625146851
5,8,352.2754,816.6231,402.2197,848.44196,447.6844,853.65283,25.96232237065202,402.85132887388454,848.4878950776907
6,8,354.47604,816.661,402.81113,848.05505,447.53116,854.2287,25.14400392937912,402.8842499961258,848.5057046389544
7,8,355.47104,816.2104,403.66455,849.0082,450.8702,855.60065,26.286812647828853,403.18134945707664,848.4934446261348
8,8,358.89865,818.5307,403.74423,847.8316,442.05804,848.3311,32.412579001271304,403.48932523847634,848.4547684668904
9,8,360.6353,819.01306,403.85025,848.1378,438.54083,845.6249,38.121236195910974,403.55487532206416,848.3933295888795
10,8,354.3805,818.1693,402.89627,848.1272,445.35898,851.8018,26.74888930697791,403.23357630621274,848.3127814197609
11,8,393.34802,835.962,400.62753,848.2703,380.92834,823.4699,172.14084880425847,402.81651925582986,848.216777387193
12,8,352.93045,817.21387,402.55566,847.569,445.25873,852.19257,25.27405792628061,402.61308791067813,848.1089709188343
13,8,356.7163,816.7215,403.51004,846.8567,441.75708,849.5167,28.803122166678406,402.570322243408,847.9930154423429
14,8,386.38574,834.18854,401.10864,847.76764,394.96225,826.2874,148.65375699520564,402.5650209066009,847.8725643853778
15,8,361.0631,824.9836,404.3716,848.4889,435.4191,841.21826,41.67041132914014,402.55536103967694,847.7512711755974
16,8,360.74847,825.24713,402.05832,847.3698,426.38586,838.46265,48.2798501405908,402.51986440376595,847.6327892406603
17,8,407.1939,830.7508,400.6551,846.81415,371.7561,828.3902,100.36921862162676,402.4370527599976,847.5207720082246
18,8,361.63434,824.37415,403.78076,848.04443,422.93185,841.08295,49.29583209475705,402.30229962717164,847.4196494523991
19,8,355.77362,817.2749,402.2708,847.0345,439.60895,852.3076,24.58192564086325,402.17838555476806,847.336957733093
20,8,361.07205,826.5348,401.39307,846.9291,421.65985,838.68085,48.97566451391184,402.14494284993657,847.2810095566643
21,8,353.88437,816.7169,403.5701,847.77795,443.0586,852.6969,24.910991202204183,402.2816038198273,847.2601176294722
22,8,352.71295,816.6107,402.6677,847.4853,445.28946,854.6705,22.14922823092017,402.66800077158996,847.2825946578755
23,8,357.02985,817.7317,406.6381,847.9358,448.38785,851.5677,26.363490904680177,403.2682667106167,847.356753348233
24,8,357.0672,824.67926,404.1308,848.1312,432.3339,843.2377,36.33070592210993,403.58453743526746,847.4909064069036
25,8,420.12866,854.5663,401.74405,848.6012,357.03708,818.6473,15.84610511925032,403.2865833694679,847.693366540246
26,8,405.80496,831.706,402.6827,848.2161,368.10626,832.92065,103.15419058375616,403.17671064643775,847.9724464546193
27,8,357.98145,825.54663,407.4594,848.82776,435.81866,845.77106,31.3505164647036,404.07381972860037,848.330771408938
28,8,355.83093,818.0358,409.89417,850.39124,452.35797,853.168,27.158045980195183,405.73065268589926,848.7482168723425
29,8,358.36923,819.42456,412.62064,850.9294,454.2387,853.4849,26.63072654623353,407.63341199015787,849.1989708665293
30,8,361.762,824.1709,415.58618,851.906,457.76672,853.8503,24.622498336739326,409.26830011320016,849.6572214131941
31,8,353.18097,817.32947,409.52658,849.1776,458.45956,860.0498,16.94957738319463,410.27473705167455,850.0963899948528
32,8,354.44843,817.91425,410.90353,851.0933,459.6296,860.0215,20.05983529032546,410.90501290152935,850.4868319372968
33,8,356.99414,820.2273,410.6663,850.8422,445.99246,850.61664,30.066583771287146,411.4731947358575,850.7981360271377
34,8,364.2064,827.2841,412.1522,850.839,439.77835,846.2331,35.62944630806082,411.92758743703115,850.9998910509863
35,8,365.2187,831.4193,410.71878,851.1428,426.70386,837.62714,63.65106172996358,412.1508741760546,851.0741637139066
36,8,351.0266,818.87396,409.11206,850.35583,458.20996,859.6625,17.724128038318472,412.12901346918096,851.0529323947736
37,8,352.30466,819.12555,408.2426,849.23737,451.90994,856.0432,19.435237330729464,411.87378266897616,850.9806533909152
38,8,359.76447,825.8944,409.73297,850.90814,436.02316,844.81903,39.63251570361693,411.3969591280058,850.9017829996594
39,8,376.86203,839.4302,407.63812,850.1679,403.94873,828.2962,118.80851385998623,410.7103201988354,850.8607775183343
40,8,385.81064,844.1685,406.3459,849.90814,390.39093,823.6134,136.8640093613921,409.8361248414382,850.8873669673419
41,8,424.36234,859.3025,403.52615,850.1713,359.1441,814.1125,15.427867049260772,408.8385584454174,850.9523762593803
42,8,405.07773,854.84424,404.02563,851.7049,370.0939,817.8967,26.57688649913604,407.7922880077836,851.0119040302221
43,8,412.09766,857.882,405.74817,850.68353,368.01614,816.20074,6.162079770651616,406.7719805255473,851.0220489156386
44,8,418.2984,858.7011,404.2203,851.16504,357.9411,814.03796,10.577636549036356,405.86417488346217,850.9555140746195
45,8,437.38086,863.74347,403.1963,850.2007,351.65527,811.278,15.447496233210666,405.20289751725295,850.8514207590198
46,8,442.5691,865.3448,402.96313,849.6151,351.52884,810.9293,15.287585516848248,404.83319083122035,850.7654947439113
47,8,448.258,868.229,407.14594,850.8689,350.68375,809.6838,13.215537924765965,404.3966735529951,850.7534618043663
48,8,436.96597,865.51447,402.21298,851.2602,351.95392,811.5339,16.02246106747864,403.6317446881695,850.8565432106152
49,8,433.14645,863.5111,401.39563,850.8702,353.88455,814.3331,15.85211987870717,403.0673480308498,851.0579422135205
50,8,453.25824,870.548,405.45474,851.60876,351.3192,814.4249,12.870920036241198,403.20819356117045,851.3263575591037
51,8,446.0678,868.59576,407.41782,854.25995,350.86078,814.5328,14.734708934186516,403.6715112148652,851.6304879933865
52,8,444.35883,866.2845,405.53262,852.96136,352.08087,814.4568,16.827980325073106,403.9671534328439,851.9422263365456
53,8,453.27948,868.83276,404.36612,851.22705,351.23547,811.59424,16.92542905278317,404.06294272112234,852.2462417053839
54,8,454.2686,869.316,405.4289,853.8536,349.05066,812.39014,18.76513724304717,404.04119410199286,852.5303972908596
55,8,451.59085,868.63605,405.29965,852.666,348.92816,811.4277,17.1532164214746,403.98422259774804,852.7825562839312
57,8,445.45267,866.162,403.64014,852.0468,354.91663,813.5536,19.656164042316693,404.0938710230812,853.1423372566964
59,8,446.4533,867.0946,406.15466,855.1861,351.89246,814.5834,20.343633489711134,404.5501614511109,853.2716183749707
60,8,452.38898,869.46356,403.7388,852.85144,348.0492,814.24347,15.87942717840702,404.36371488534326,853.2841718015055
61,8,451.36307,869.18066,403.1215,852.5079,347.34787,812.0461,16.893880364722985,403.6128826524703,853.2889462845411
68,8,434.88107,864.46625,415.71942,856.59644,390.30984,833.058,20.48253394410586,406.7442304665283,854.8021433766205
69,8,388.9702,843.1938,428.67798,861.1232,466.12833,852.7845,36.853620498781616,411.33507888553436,855.4147204721743
73,8,380.6331,844.5124,422.21323,857.1975,463.2653,852.082,24.068777922870098,414.8583593414384,856.8541745364661
74,8,382.9081,844.2909,422.36887,857.8623,461.0941,851.48285,28.333908002684367,417.0553230093864,857.1161590400031
77,8,383.36502,835.4539,430.06943,859.47015,477.89737,865.05115,20.55735684603056,421.1504055644778,857.8535144570036
82,8,376.17844,839.82495,422.43042,857.12756,470.1732,857.3233,20.275635299144867,422.6621978464836,858.5682313610183
85,8,379.70227,835.8026,426.68008,859.28467,475.39694,863.6357,21.4546919298208,424.8156526164719,858.7671710043504
91,8,371.4681,831.0319,423.71884,858.1158,479.4975,863.1421,22.2505948303392,425.86784283472866,859.0522246071255
94,8,378.2982,832.30597,425.78442,858.2863,475.218,862.0221,24.36193183633416,427.08842329419804,859.3116648261547
0,9,613.177,803.09717,599.34766,806.1603,592.9081,802.9509,38.979725221929975,599.3458748942729,806.1668149997785
6,9,603.74335,777.2895,600.8145,798.6998,609.40247,813.6745,37.62365005396009,600.7213009914058,799.3110615166753
7,9,601.0031,771.84485,600.4451,797.56696,610.25336,816.1414,29.078957103812236,600.5398617305182,797.2822713495045
8,9,599.64355,768.48663,599.64795,796.6263,610.8392,816.92773,28.856896818922625,600.2285612118328,795.5993124421823
9,9,600.0118,768.85724,599.33276,796.2677,611.23883,814.5193,34.536684393613214,599.7827025647907,794.486817722865
10,9,599.8479,769.1944,598.736,796.102,610.66345,813.1063,37.413389448425065,599.2086696903696,794.0991448822457
11,9,599.90796,769.79193,598.3864,796.3881,610.5787,813.11755,39.35851547787386,598.5571695756937,794.3095506611681
12,9,600.46326,771.1057,597.6537,796.3312,608.9001,812.2506,41.59488727559602,597.8899899794242,794.8939158508788
13,9,609.26746,797.12946,595.2773,798.9065,593.37524,798.855,8.790329179269326,597.268918660221,795.5197183940886
14,9,610.1187,801.1239,597.35486,798.6437,599.2301,788.08527,89.07463071477157,596.7488087034645,795.8910220663432
15,9,601.40137,791.09595,597.422,797.11053,609.82306,796.79486,124.94757931748369,596.3567745014087,795.9666368230619
16,9,605.1918,782.3933,596.35767,795.3673,604.797,801.18506,89.67040172082217,596.112995773027,795.7690591646335
17,9,603.48175,795.79004,596.65564,795.1594,606.7578,786.6121,134.48775759319068,596.0376522372921,795.320785591446
18,9,602.50824,772.2708,596.86084,793.87994,607.3596,807.3045,52.673731083894175,596.1437597141197,794.6443126038885
19,9,599.07855,763.5074,597.3509,792.66156,609.67847,812.63794,35.0704029700166,596.4156784271943,793.7621367023487
20,9,597.70825,760.1108,598.9863,791.14966,610.19714,812.92413,24.88424626787685,596.8306047011429,792.6967543872155
21,9,598.6625,758.7873,600.08594,789.2128,609.70917,810.8879,21.26151456671378,597.3611031591461,791.4775141313912
22,9,602.0022,763.9631,600.49896,787.9188,608.3809,801.1946,34.28868709830294,597.9612116186016,790.1611722978353
23,9,606.4835,787.9798,600.69977,786.87683,605.0539,775.25494,99.74168477606028,598.580336195461,788.8113372220207
24,9,604.72235,781.11456,600.4246,786.2657,606.2284,780.6952,173.6643528972388,599.1678830056752,787.4916172394213
25,9,606.5817,783.01654,600.6218,784.71826,602.6692,776.69147,120.24466372320826,599.6732581651958,786.2656206855099
26,9,600.9347,764.2067,600.9356,784.06665,608.61346,795.30316,34.34197799485515,600.0458677899741,785.1969558957603
27,9,597.86346,754.1778,599.2663,784.9694,610.6453,807.2354,24.460752627914022,600.2351179959617,784.3492312056457
28,9,598.2831,755.7439,599.1309,785.0035,611.22205,803.63525,31.32187231268892,600.2090211454366,783.757253216159
29,9,604.6182,765.02765,599.6984,784.71686,608.16833,794.81726,54.01162516142109,600.0100145859836,783.3406215903724
30,9,604.6167,784.79877,598.74066,784.62866,608.35114,774.9477,133.1324415657189,599.6991419115145,782.9901342568775
31,9,608.63855,786.2981,597.5139,783.9992,602.3059,772.4644,100.88412289886396,599.3374467159408,782.5965891442653
32,9,607.6132,792.4472,597.0612,782.71027,601.7375,764.75464,61.898041307462776,598.9859725931741,782.062983917159
33,9,608.0578,797.0665,596.8937,781.24976,600.7804,759.1219,45.1782769261405,598.7057631371259,781.3411151843038
34,9,607.9501,790.3282,598.83575,779.68365,602.4914,762.0905,52.309932005211614,598.5578619417081,780.3949792904768
35,9,608.91266,786.158,600.1235,777.6419,602.526,760.2013,53.74743239880064,598.5565563681791,779.3286372400414
46,9,604.3444,768.4735,596.61285,767.50714,600.26044,756.0229,100.49622364349922,598.1352099039418,775.8380620295724
47,9,602.41376,751.0213,597.16644,768.4314,602.8115,775.1568,56.781523895102346,598.1299200109385,773.6893814920817
53,9,600.26306,732.89154,601.1169,763.2747,608.6656,788.7625,14.888005059914484,598.7094489966188,769.8104322185709
54,9,598.945,732.5242,600.4423,763.25354,608.4052,789.15765,14.297790841510892,598.9284852373444,767.7951968964139
55,9,598.4422,732.7029,599.9752,762.4549,607.2864,788.1686,12.922377556018136,599.1132879030899,765.314038935743
56,9,597.26074,731.36945,599.14496,762.10516,606.61816,788.5619,12.265303072904809,599.1845423618362,762.9451607594028
57,9,596.903,731.43036,598.455,761.755,605.5538,788.6926,11.833480478458831,599.0838171898271,761.1442487264464
58,9,595.6414,730.8457,597.63727,761.4017,604.47205,788.46466,10.436581225867554,598.8362137963609,759.8769249407626
59,9,594.749,730.4253,597.25104,761.2596,604.8292,787.7651,11.316700921977278,598.4877167989987,758.9862954424483
60,9,594.81506,730.35767,597.0705,761.1494,605.2944,786.9861,13.467091782790131,598.0843108153017,758.3154662716006
61,9,594.6886,730.6138,596.58826,761.1956,605.3009,785.58826,16.101408731843502,597.6719804628317,757.7320896921111
62,9,594.9453,731.6015,596.1091,761.2535,604.8197,785.2173,17.728210877281178,597.2967103591499,757.2020028630496
63,9,595.3274,729.80347,595.828,759.45404,603.8035,785.6417,15.97097111145883,597.0044851218172,756.71558916728
64,9,595.36804,728.1858,596.8987,758.49976,603.7788,786.1794,11.068131246236756,596.8302804574081,756.2645916938633
65,9,595.4778,727.09753,597.8423,757.61414,604.3087,785.824,8.480055123485105,596.765036428548,755.8461923566502
66,9,595.14105,726.5243,598.26306,757.46906,604.3053,785.795,6.280289471766217,596.7886841868751,755.4589327756884
67,9,595.0091,726.334,598.52655,757.3644,604.6274,785.5075,5.764120030868974,596.8811548840279,755.1013545710252
69,9,593.8208,724.3248,597.9817,756.1563,604.73956,784.89435,5.785672175375156,597.1922897013629,754.4694087707855
70,9,593.6371,724.0207,597.7331,755.7934,604.88306,784.57135,6.606933015456601,597.3708161248221,754.1921244153042
71,9,593.7461,723.8279,597.64465,755.4957,605.0719,784.1303,7.522717827573044,597.5378900936602,753.9386879163121
72,9,593.6497,723.1791,597.7796,754.8723,605.5198,784.0833,7.416588037042332,597.6760886177049,753.7040217354819
73,9,593.8134,723.8781,598.05316,754.9598,605.6647,783.6167,7.107187489316654,597.7785721395448,753.468571700986
75,9,593.67615,721.8947,598.0909,753.55,605.5824,782.82367,6.415209714816916,597.8596193797234,752.9026267501888
76,9,594.2023,721.38403,598.1341,752.9462,605.9427,781.7875,8.048276731301977,597.829795699618,752.5257851734825
77,9,594.0923,721.2275,598.0373,752.5908,606.56146,780.75574,9.669305581025585,597.7474822204207,752.0554664223016
78,9,593.509,719.7647,597.11664,751.4121,606.30237,779.2181,11.77762802082167,597.6084852429094,751.4684971664434
79,9,593.53107,719.2764,596.8288,749.85895,606.58636,775.7366,14.505305997705872,597.4086110678622,750.7417040757058
80,9,593.2847,718.40985,596.13525,748.8126,606.5085,773.7415,17.236496403305082,597.1611072868976,749.862720067546
81,9,593.6143,717.8636,595.686,747.9079,606.1491,772.7495,18.89602927113237,596.9489866549935,748.8624030500591
82,9,594.1841,716.2826,596.5939,746.0156,605.7245,772.2538,14.553820909168488,596.872703217968,747.7824171789998
83,9,595.1749,715.4407,598.3125,745.10944,605.8275,772.0328,9.559028786147612,597.0327110216393,746.6644266101233
84,9,596.088,714.46686,599.58075,744.2821,606.9816,771.4336,8.565591858338896,597.4864244530166,745.5500954991841
85,9,596.37683,713.2565,600.3747,743.63794,608.4298,770.99097,8.912596962331355,598.1190992638743,744.4810880019367
86,9,596.13806,712.6522,600.5604,743.1082,609.395,771.0678,9.27347321396594,598.7729515471781,743.4990682741361
87,9,595.9358,712.6998,600.5229,743.1323,609.26086,770.97974,8.84913096471402,599.2901973958934,742.6457004715376
88,9,594.49036,711.767,600.06116,742.5946,608.8505,770.84644,7.038012958882471,599.5603240317531,741.962249094868
89,9,592.8036,710.78174,599.27167,742.6279,608.0616,770.72784,5.889359640133875,599.6619031915592,741.4883800247475
90,9,591.6539,710.0641,597.9057,742.21564,606.6956,770.9142,6.025256137971429,599.6979782753818,741.2414628278204
96,9,590.19214,707.85077,595.4639,738.14,605.58136,763.9018,11.56812126852988,598.4042120224373,739.8274100480119
97,9,589.73004,707.86584,594.81696,737.58624,604.75336,763.13416,11.540107356720158,597.8480636332371,738.7886580837496
98,9,588.86804,707.4589,594.4391,736.5613,604.31323,762.51526,9.99223633727564,597.2420918234982,737.5343041925828
99,9,588.7244,705.8106,595.08606,735.05347,603.97003,762.0726,5.927842623160351,596.6558552751295,736.2446940121165
100,9,588.3765,704.67035,595.5147,734.04144,603.1966,761.6419,1.892998750251932,596.1442950138446,735.0673753224273
101,9,587.72394,704.2251,595.3992,733.5663,602.22363,761.13806,0.7569224366742412,595.7038814405796,734.0187044734789
102,9,587.49115,703.7558,594.9381,733.6122,601.2862,760.9015,0.90978218970145,595.3164673000759,733.0822399577055
103,9,585.97534,702.87115,594.9571,732.2423,599.9837,759.67645,6.620928008286934,594.9639053370746,732.2415402675417
104,9,585.56635,702.335,594.75305,731.8732,599.55963,759.41656,7.377275684563053,594.6280482963166,731.480163895422
105,9,584.3009,702.16296,594.22217,731.72894,599.15607,759.75464,8.565339634606799,594.2907489225437,730.7816693337811
106,9,583.2436,702.3432,593.2966,730.8631,598.6481,759.72546,8.912839433879665,593.9338599604964,730.1296150750532
107,9,583.21826,702.0857,592.49994,730.34607,597.8228,759.28046,7.758205718152317,593.5449545320166,729.5106637405387
108,9,583.55096,701.53674,592.5307,730.2556,597.7092,759.43225,7.298691318275802,593.1344872673485,728.9238944670014
109,9,583.35034,700.9704,592.4027,729.88776,597.55035,759.27563,7.44705676692738,592.7186331738357,728.3714905200712
110,9,582.9951,700.10864,592.13745,728.8587,597.91473,758.66034,6.669209785059496,592.3135672588227,727.855635165377
111,9,582.63226,698.6616,592.5312,728.295,597.21906,758.3288,9.600214793178758,591.9354645296534,727.3785116685484
112,9,582.2484,698.6019,591.998,727.3602,595.8284,756.37885,11.208023986461123,591.6004999936722,726.942303295215
113,9,582.46704,699.2197,591.7485,726.8957,594.91205,755.40845,12.208199989511812,591.3248486582232,726.5491933110065
114,9,582.26825,699.6872,591.46674,726.8495,594.60333,755.2183,12.399376157601203,591.1205280745816,726.2048662277844
115,9,582.0765,699.7579,591.3146,727.0501,594.89056,755.24347,11.471674892693327,590.9829259697436,725.9290115423393
116,9,581.6899,700.12213,591.3005,727.649,594.59015,755.96106,12.618245966341425,590.9032726146378,725.7448199976938
117,9,581.669,700.9469,591.5235,727.86005,594.5707,756.01807,13.934305711415565,590.8727982801915,725.6754823368706
118,9,581.21783,701.26605,591.82825,727.8876,594.90015,755.95807,15.485185285040815,590.8827332373323,725.728844687383
119,9,580.6526,701.3013,592.0208,727.6486,595.12427,755.8397,17.05679803017581,590.9243077569881,725.851374714706
120,9,580.8967,700.7144,592.1322,727.0335,594.5459,755.4224,18.257625245560384,590.9887521100866,725.9741954688049
121,9,580.1558,700.346,591.6356,726.4118,594.0025,754.9873,19.034516143315926,591.059935174539,726.0416129088579
122,9,579.913,700.99695,591.65967,726.68823,593.6843,755.1172,20.497334129234897,591.092280256191,726.0506646308959
123,9,579.3382,701.8323,591.4339,727.0531,593.7759,755.2124,20.867717207608727,591.0328492678719,726.0115711401628
124,9,576.45953,701.80176,590.3242,726.6886,593.4282,755.1017,22.887995562369827,590.828704122411,725.9345529419018
125,9,575.15906,701.4618,589.3139,726.3664,592.80914,755.2961,22.723287736659444,590.4482840323064,725.8298305413564
126,9,573.95874,700.69214,588.436,725.9626,592.18915,755.1409,22.47840708400083,589.9455374087332,725.7076244437707
127,9,573.3248,699.9263,588.2481,725.47656,592.1109,755.041,22.844210370094768,589.3957899625346,725.5781551543881
128,9,572.25684,699.4171,587.75867,725.147,592.2747,754.8654,22.427662535893344,588.8612389514377,725.4444207264424
129,9,572.36224,699.305,587.83075,725.1092,592.57855,754.7364,21.836545798759563,588.3515678207027,725.2805294051298
130,9,571.5273,698.6577,587.31964,724.6132,592.69336,754.5179,21.130922933486797,587.8633315624733,725.0533669836353
131,9,571.02136,697.81036,586.8012,724.0696,592.6144,754.155,20.06671410533921,587.3930851688925,724.7298192551453
132,9,570.8368,697.414,586.6319,723.6462,592.4673,753.9626,20.158064631532994,586.9373836321043,724.2767720128455
133,9,570.9552,697.22455,586.49097,722.88916,592.3221,752.63116,20.095608305978832,586.4927819442522,723.6611110499214
134,9,568.9514,696.0952,585.4287,720.9809,592.09576,751.05457,21.009541502527345,586.0558350974794,722.8497221595594
135,9,568.8123,695.0816,585.3132,719.24786,592.30347,748.03375,20.67611870147846,585.6196541197278,721.8296588457916
136,9,568.05853,693.7941,584.6055,717.591,591.8612,745.183,20.079430475185188,585.1635741821323,720.6686454560365
137,9,567.35693,693.1509,583.87067,716.7856,591.5036,744.3311,19.4540928825637,584.6634864916263,719.4545740485593
138,9,567.3444,692.7133,583.8718,716.51886,591.30756,744.384,19.829910139800155,584.0952822551428,718.2753366816247
139,9,567.41595,692.4394,583.9732,716.4149,591.4252,743.4599,19.22356237906351,583.4348526796151,717.218825413498
140,9,564.5206,693.451,581.20905,715.90497,588.84094,743.3117,21.05994006891716,582.6580889719764,716.3729323024443
141,9,562.4718,693.47894,579.10956,715.97144,587.6724,743.9309,19.46271462148671,581.7408823391602,715.8255494067283
0,10,600.2452,552.0797,591.99335,558.0513,581.79956,562.14044,14.03405057827244,591.8294584449598,558.1896683540357
1,10,603.57434,552.18835,592.2911,557.7855,580.98334,562.64197,3.1415526875873407,592.4488511586753,557.6491539892644
12,10,620.0614,543.484,598.38086,553.11383,580.7713,558.6296,6.5574472505284245,597.0157759060237,554.1768938517788
29,10,621.41144,541.0607,600.78,553.88306,582.8205,558.5068,17.42338591202669,600.7887287089611,553.0922295275309
31,10,621.41266,541.6176,600.6904,553.9403,582.19666,558.53625,16.782208212531643,601.3680522756385,552.9234262552229
32,10,619.02277,543.0951,599.24023,553.60706,582.61975,558.12225,12.786695736788197,601.6719645400352,552.815614400979
33,10,620.92615,543.4667,600.10205,553.35205,582.7616,558.2519,9.615540376197185,601.8955062463737,552.6895080112607
34,10,619.6478,544.27246,599.26917,553.875,582.8809,559.14044,7.418148815572077,601.9365260865544,552.5430912935069
35,10,619.28577,544.12225,599.033,553.04645,582.5541,558.13855,6.608743350534453,601.7200230922532,552.3790100566484
36,10,620.0728,543.71594,599.5918,552.5404,582.3651,557.719,6.577780946364438,601.279597654247,552.2185565155849
37,10,618.9113,542.52454,598.8618,552.69775,581.5236,557.7454,10.671583665813246,600.6760005030875,552.0876844867067
38,10,613.18604,541.6107,596.68274,553.13043,581.4147,557.3662,19.410517931642357,599.9699823693261,552.012347786405
39,10,612.83044,541.0705,596.60693,553.06476,581.3049,557.45996,20.450400759537924,599.2222939835148,552.018500231071
40,10,611.7654,540.68854,596.31354,553.0736,581.1919,557.5879,22.09110229054077,598.493686076205,552.1320956370954
41,10,608.78076,541.69965,595.93115,554.4065,582.0528,558.81323,27.063944890221645,597.8449093779487,552.3790878208694
42,10,608.4298,540.75116,594.8713,554.5289,580.76263,558.997,27.886640206327804,597.3221206683156,552.760039433973
43,10,607.69855,540.1987,595.10236,554.22736,580.21277,558.6009,31.710414957380536,596.9131009229462,553.1739484687436
44,10,606.4309,540.34045,596.0628,552.9829,580.41254,557.89844,33.207992527948456,596.5910371664994,553.3676065347249
45,10,603.92377,538.17126,598.9179,552.00446,582.2799,556.8053,54.01084855487812,596.3291164236341,552.5805443695341
97,10,614.4464,836.77686,589.4117,836.0857,582.28406,851.3108,66.49480221509559,594.9181307283028,618.7256805851767
98,10,623.98303,833.9609,593.26965,836.07465,588.57916,848.54156,65.44491851683102,594.4304751052584,674.038229423093
99,10,617.86456,833.08105,593.2141,836.8072,588.9171,849.628,62.87530631470895,593.9130626515876,722.3377782263167
100,10,617.205,832.6877,593.2687,836.8827,592.0522,848.498,74.08057887507566,593.4199492686267,762.282665500202
101,10,614.1912,831.3317,593.6225,837.6202,593.5908,845.71545,72.77589713481402,592.9669128443061,795.1191140298744
102,10,613.4894,832.92163,593.265,837.5959,594.0441,844.45386,83.46771780545207,592.6771674063261,822.1344063470787
103,10,594.82086,842.51886,592.9306,838.32404,613.91547,832.0974,97.73046893069493,593.0175912536685,843.0624517295724
106,10,643.5246,810.8896,616.41516,827.7987,602.4879,826.0129,39.26016614453163,597.6184095740555,857.4400684431359
109,10,649.7895,806.53973,625.28876,824.29,609.7656,836.49817,2.2607930927613533,604.1302350460418,866.6077849728782
115,10,642.2766,811.43097,608.00903,833.38275,599.27045,829.63135,55.87703951093277,606.1080372947556,874.8816525493594
116,10,601.3586,826.7873,606.6719,835.2363,637.80725,813.09955,93.24794288098062,606.7313617399673,880.0380364289988
117,10,639.7843,810.58594,606.8482,833.92957,598.78754,827.8212,72.48198271955243,607.8520192349081,882.9557797200862
118,10,637.2753,811.9916,609.6856,832.8745,604.2572,826.7535,85.55439376335234,608.9745713757527,883.7154538833598
119,10,603.08795,820.22845,606.8158,837.68085,634.51184,818.11444,113.18279992894072,609.6284454161874,883.3967258179082
120,10,599.0314,821.5642,608.2126,836.16034,638.85944,815.6873,91.57353218988231,610.0051011277625,882.068043940095
121,10,600.5569,823.4579,609.0513,835.54645,638.1203,814.35046,91.00311991364036,610.461506411493,879.5450520456035
122,10,600.86346,822.16724,609.3487,835.31244,637.87915,814.61566,93.11591516230486,611.2327893769726,875.8476523484334
123,10,608.1544,823.1194,612.7816,833.3775,635.8275,814.49603,105.04868667089454,612.0667189681063,871.8127807358541
124,10,604.411,824.4951,612.22687,835.62146,636.8419,814.3108,95.79795988020363,612.5892243373778,868.4816315134519
126,10,599.3502,820.4961,607.98566,840.54456,631.968,822.9396,102.97875868251076,612.3333341595813,864.9901897624711
127,10,600.2951,820.1261,609.2553,840.269,632.2133,822.2905,104.0835120560224,612.3600727340366,862.6427902588646
128,10,640.9217,814.9396,611.7616,836.35815,600.5199,823.4509,85.24329293972677,612.862574534179,858.8323198809934
129,10,641.11957,814.3553,612.7752,835.3299,601.40936,825.25244,78.0627533930648,613.216394665289,855.0967930904404
130,10,641.1937,814.42285,612.65497,835.7659,600.0645,824.3299,79.04063375518305,613.3134379168648,851.8341081843114
131,10,640.24225,815.8455,611.52435,836.70294,599.1493,822.64233,84.63865974524786,613.239259805919,848.9934152095723
132,10,640.109,815.6846,610.85834,837.4921,598.6684,822.57056,87.45945415929407,613.0794158494637,846.5238642131887
133,10,640.47656,815.70044,611.0099,837.424,598.4789,822.6757,86.0454073531932,612.9194615645115,844.3746052421266
134,10,640.155,815.8503,611.23486,837.6966,598.37146,821.68445,88.29067175822573,612.8449524680748,842.4947883433513
135,10,640.6857,815.51434,611.7681,837.68304,598.38696,822.2283,86.5874481491106,612.941444077166,840.8335635638284
136,10,640.8766,814.6452,613.2492,836.6306,599.4819,824.13605,80.73756333530213,613.270379518139,839.3400809505242
137,10,641.1622,814.34985,614.8416,835.16187,600.0438,825.9145,70.33580741427717,613.7967523547145,837.9634905504033
138,10,640.8784,815.1114,616.589,833.7919,601.31683,825.71484,65.4362562224931,614.4614437599545,836.6529424104323
139,10,642.1605,813.43036,617.5835,832.7516,601.1769,829.20447,50.37227508242994,615.205334906921,835.3575865775767
140,10,642.35614,812.20557,616.27563,834.07245,599.4525,828.9196,57.00728754952096,615.9693069686763,834.0265730988017
141,10,642.2237,810.7391,617.3896,833.2378,599.31604,828.2338,57.65098535767381,616.6942411182823,832.6090520210735
