Frame,ID,Head_X,Head_Y,Middle_X,Middle_Y,Tail_X,Tail_Y,Angle
0,1,628.1835,792.01825,652.05176,773.96027,675.72046,757.1756,1.7676861968883937
0,2,503.62338,383.49026,489.2476,403.14557,475.03653,426.45352,4.810515746780666
0,3,606.57996,814.4932,610.8794,817.47876,603.1097,816.0929,155.33718797969507
0,4,631.4796,832.5058,642.3652,815.6353,660.19946,803.0143,21.88173783399273
0,5,339.14655,736.3306,340.05435,744.76575,345.67844,759.18933,15.159297031282518
0,6,364.69016,528.9093,353.9607,550.9224,350.92526,570.87726,17.335911082997
0,7,466.698,442.1618,470.09448,432.38104,464.34268,422.6595,49.7610134307364
0,8,355.85254,549.25305,349.34094,555.83295,354.53757,566.9396,69.77527878732259
0,9,415.40912,848.97003,429.09167,853.21344,435.27554,853.18445,17.498969733165676
0,10,528.9181,867.5935,545.22925,864.65265,555.82104,850.1362,43.663453256203596
1,1,628.74286,791.4621,652.77057,773.5442,676.733,756.75244,1.6915383425798685
1,2,498.6741,388.3853,489.10504,405.16724,479.5215,422.0723,0.14265252599748507
1,3,606.6117,814.1289,611.3893,817.31934,603.4277,816.9933,148.61046235781927
1,4,630.48645,828.67456,641.6897,814.5557,658.3322,800.78845,11.969386356326392
1,5,335.60245,729.9508,340.00674,744.07465,347.6631,762.8749,4.839262229665978
1,6,366.0451,526.5044,352.62192,550.6184,349.18713,573.2067,20.45653811929752
1,7,465.7162,440.08777,469.90158,431.95477,473.65042,419.9392,9.903335470351442
1,8,355.80032,545.3525,350.0083,553.82526,354.59705,566.46027,54.31652088519374
1,9,427.29865,849.9593,429.1367,853.7,421.50873,850.76874,137.18846873429243
1,10,529.9719,866.77014,545.6264,864.2851,556.1866,851.2519,41.96374663454134
2,1,629.7867,790.77356,653.38293,773.50226,677.1059,756.88873,1.197956498845838
2,2,475.01852,424.824,488.42474,407.45163,499.12808,388.73193,7.8976942248899515
2,3,608.4786,813.40265,611.5256,817.7853,602.3861,817.6684,125.54143099923276
2,4,631.8914,821.7871,640.4024,814.22833,651.4096,803.85944,1.680744476825573
2,5,338.65155,735.92896,339.28125,743.4842,344.45105,757.7838,15.1122639665254
2,6,352.78284,554.075,353.5311,547.3294,364.3976,529.97174,25.71834138519923
2,7,466.21426,420.1683,467.79572,429.12897,458.3272,435.8042,64.8253838794962
2,8,351.1783,561.553,352.83014,556.48804,362.18088,551.9346,45.97295434989822
2,9,421.11133,850.49744,429.47693,853.5219,432.0968,852.05084,49.19119144554001
2,10,529.9979,866.3994,545.5793,863.3733,557.0949,851.1173,35.793045434455586
3,1,629.93475,790.556,653.2929,773.4929,676.61414,757.21857,1.2395421499341601
3,2,483.7631,413.5566,485.00623,413.45877,479.6173,415.991,159.33150430614873
3,3,621.7839,806.42676,611.8917,818.38556,592.4855,824.0919,34.01708062947452
3,4,634.8566,819.6747,640.25,813.9816,647.70874,810.96375,24.51964840019444
3,5,345.5441,752.37885,339.37827,743.90173,338.03717,741.89795,2.2367716808307225
3,6,362.89392,532.0047,352.80356,547.23254,353.82376,554.1648,41.90147058883252
3,8,355.2433,542.12976,352.96616,556.3452,357.9683,570.3642,28.73770831892878
3,9,442.02463,857.08905,426.6151,853.81354,411.6167,845.4595,17.117248902242014
3,10,533.8096,865.5748,545.62933,861.6861,557.34033,850.94794,24.3072906317239
4,1,631.41876,789.24695,653.9918,773.2494,675.5508,757.92224,0.08392937202498843
4,2,476.38602,423.36133,480.66397,428.11658,481.55188,429.1989,2.611195222993164
4,3,614.7826,810.2288,612.39496,818.99603,598.4292,821.69324,63.83476225481973
4,4,629.9288,822.0746,640.27264,813.7066,651.6332,802.5995,5.3816837933401676
4,5,344.6469,750.22815,338.76212,742.24805,337.70453,741.98425,39.588185471501696
4,6,363.92426,529.93243,353.5629,546.2218,353.90146,552.8189,35.39749494682873
4,7,464.25565,443.34503,470.57797,436.54984,474.72485,427.01566,19.42886268154234
4,8,355.679,545.319,353.89658,558.43713,358.91122,570.06476,31.06668698329149
4,9,431.6815,854.57074,424.35504,851.8716,414.9015,845.418,14.095307172676048
4,10,534.73376,866.45703,546.5685,861.05176,558.61896,850.09186,17.73888477134147
5,1,631.8942,789.0521,653.6436,773.3259,674.86194,758.64923,1.1976297566812735
5,2,466.39664,441.36163,469.9552,438.3724,473.98566,430.30765,23.415315252501088
5,3,617.34424,808.75134,612.6231,819.2986,597.4008,822.5344,53.884996282040426
5,4,633.4528,818.17694,640.6871,813.5634,648.0976,806.16675,12.419384067144847
5,5,337.54868,742.2886,338.56927,741.10767,344.13068,749.38794,105.2777268309482
5,6,357.5284,539.6702,353.5761,544.566,361.54587,537.8695,168.9517747153349
5,7,465.75058,444.23422,470.39148,440.3705,472.62366,429.9656,38.11325272030019
5,8,356.86124,549.1763,355.8885,557.7936,360.995,563.88416,46.41784709423136
5,9,418.37747,852.9344,419.33707,851.7695,408.9176,838.33746,77.28123885721082
5,10,536.1171,866.20026,548.2441,859.5094,559.8103,849.45465,12.114044822348124
6,1,630.94977,789.7975,653.3096,773.5252,675.2134,757.84485,0.44718706672618347
6,3,621.1736,806.7653,613.44995,819.0217,595.1991,825.3489,38.66181280351426
6,4,630.8054,820.1513,640.9652,812.9824,651.5071,803.7403,6.033969237196307
6,5,348.52362,761.3623,338.32886,741.0238,329.9022,723.47705,0.9701534015598677
6,6,366.94595,525.7272,351.39972,547.1802,343.22412,575.20465,19.665928557607284
6,7,498.91516,388.9346,485.65802,414.72916,464.19604,443.07385,9.931195430470202
6,9,435.5396,858.65643,416.3359,850.96,398.1656,840.2086,8.773060224830173
6,10,537.7048,865.7545,549.33563,859.0547,560.50946,849.1195,11.698208106404927
7,1,631.11615,789.697,653.5183,773.3447,675.68695,757.7954,1.0810082924912852
7,2,498.72256,389.60437,485.42935,414.93124,466.23822,441.95004,7.692278108130334
7,3,624.44904,804.543,614.4292,818.2505,594.8825,825.9022,32.4557317160895
7,4,633.74225,817.32886,641.262,813.0315,649.2994,806.0098,11.394525687200527
7,5,347.52267,758.44305,337.65692,740.047,328.9182,720.9782,3.5836461094311596
7,6,369.75784,523.86804,354.41537,545.6945,343.06256,573.0527,12.567494588054414
7,8,353.00375,565.5405,346.50513,566.99475,344.38876,576.14954,64.36976750057691
7,9,432.69235,858.08673,414.64713,849.9631,398.81628,839.058,10.324624973088525
7,10,538.704,865.5007,549.9127,858.43744,560.648,848.9072,9.37972216779224
8,1,630.15454,790.36,653.1869,773.45557,676.26086,757.42584,1.4883261354772332
8,3,621.2475,806.2748,614.60535,818.3095,597.4618,824.549,41.10573916938115
8,4,632.296,817.7801,641.42554,812.519,650.9631,804.6195,9.67954785271953
8,5,347.08557,756.0418,337.28943,738.8103,328.4088,719.99475,4.351856983829008
8,6,370.97946,523.7613,356.1047,545.8853,346.25574,572.3371,13.492203209348103
8,7,498.58017,389.6686,485.42166,414.43967,466.3562,441.56998,7.119652757088172
8,8,351.32233,575.1265,346.81967,570.263,347.33096,561.22516,46.031446625331874
8,9,427.59433,856.11145,411.92862,849.5863,393.63907,835.501,14.988043757294763
8,10,537.76556,866.16754,549.44806,859.3971,560.4173,848.88837,13.677811495181162
9,1,630.5193,789.43604,652.77216,773.25555,675.25415,757.99915,1.8606737635880968
9,2,498.33685,389.7808,485.79443,413.0172,469.35028,439.42514,3.551374686935682
9,3,624.56494,803.94574,614.8292,818.23035,596.4906,825.84406,33.17656457558352
9,4,628.44507,821.6532,641.10657,812.6642,654.24786,801.93536,3.856102455190601
9,5,347.14096,755.94556,336.88895,738.8445,327.94064,718.91675,6.760597085244076
9,6,372.33044,523.76874,358.8241,546.1453,349.08777,570.20575,9.083568564789665
9,7,489.53827,398.65054,483.6476,418.3524,474.78055,441.09106,4.657492282484903
9,8,354.13647,578.75,345.3931,566.39215,343.7421,551.81946,28.816296336276164
9,9,424.81537,854.947,415.03864,851.1562,399.45746,835.7378,23.505822790412022
9,10,539.56366,865.1152,550.7068,858.3951,561.18884,847.71625,14.439837257103187
10,1,630.34283,789.77893,652.96204,773.18494,675.914,757.5878,2.0664909124736064
10,2,497.77753,390.3804,486.0897,412.32275,470.0601,437.9424,3.99071401945384
10,3,625.25,806.63293,614.66235,818.06366,595.9701,826.72266,22.337322860042594
10,4,632.826,817.2046,641.35376,812.60596,650.1365,804.9256,12.833320066600525
10,5,347.26886,754.6212,336.9236,740.2581,329.20642,725.7662,7.7278900353362205
10,6,371.3438,524.02045,358.2548,545.6009,349.01257,570.30334,10.724860549759349
10,7,485.53802,405.0173,481.62842,420.69513,476.70154,439.58057,0.6189721945019225
10,8,354.8536,578.2957,345.51733,565.65076,343.72025,550.70404,29.583985008741294
10,9,439.3471,859.74255,420.24982,851.60724,402.20044,842.00964,4.927758460423241
10,10,540.62695,865.6177,550.9292,859.01025,561.7687,846.74023,15.867840285401137
11,1,630.70264,789.65125,653.2268,773.1138,675.61804,757.65845,1.6715207585506484
11,2,496.98434,392.3532,485.2382,413.2675,471.16257,436.86584,1.4946240917966132
11,3,627.8622,801.0361,614.5963,815.15173,595.96735,825.40454,17.950607325682817
11,4,632.5576,815.79395,640.59564,812.7408,649.1666,806.3394,15.955995711927635
11,5,347.52612,754.8443,337.15506,738.429,331.55667,724.4005,10.52880119750708
11,6,358.9569,544.55225,358.51035,543.6684,364.98743,542.2858,104.75583979256274
11,7,486.68832,401.61365,481.93777,418.99646,476.17136,441.11487,0.6728943126328404
11,8,355.37073,579.20544,345.70612,566.3228,343.37857,552.2792,27.46696107522328
11,9,418.774,847.3097,428.30957,852.2612,437.3268,854.4042,14.073147820349073
11,10,538.26385,867.56696,549.86786,861.1123,561.2358,847.05817,21.947062036403086
12,1,632.69366,787.53326,654.19324,772.5577,675.2499,758.8867,1.8657155555456697
12,2,496.35153,393.67563,485.04364,413.50412,471.04526,435.9831,2.216378483213375
12,3,629.99976,799.57416,617.4463,812.9991,597.9541,823.7727,17.991229714402696
12,4,635.91956,812.2694,640.5846,812.87646,645.26025,809.4681,43.50486429811227
12,5,322.94183,707.179,333.87,730.6966,345.44675,754.0894,1.4066696656076034
12,6,356.2461,555.9317,359.73767,542.4934,368.62018,530.1622,21.201461797671215
12,7,478.90872,414.61197,478.52408,425.27164,475.87204,440.82904,7.607516157209154
12,8,355.8701,579.1499,345.8527,566.3648,343.64154,551.81915,29.43583722713379
12,9,437.4556,853.89417,438.4913,857.1838,433.83374,854.4154,138.20264455231862
12,10,540.20905,866.1044,549.0519,864.26874,556.3402,856.5414,34.947586816274075
13,1,635.7943,784.43396,654.8283,772.609,672.55304,761.9987,0.9458466428227718
13,2,495.29562,395.58084,483.87225,415.55923,469.53503,437.18857,3.7784902917309533
13,3,625.6044,803.0389,614.19934,815.6835,596.2144,825.8518,18.467509646699437
13,4,637.02655,811.9118,640.27234,813.29004,642.83246,811.0155,64.62663051976986
13,5,323.06442,707.0606,333.41025,730.68896,344.9117,753.7778,2.833241442452963
13,6,371.90063,522.513,360.09567,542.32025,350.91196,563.5594,7.411162452117726
13,7,463.65982,448.52832,468.57803,444.11615,471.89005,437.17758,22.587735289333615
13,8,356.48026,578.9393,346.23648,566.17993,343.76932,551.32935,29.326538631571026
13,9,442.5604,856.3672,442.97983,858.34485,442.00827,855.1958,174.82797126819588
13,10,543.8921,864.3628,550.20306,864.6942,553.2139,858.7008,66.33288821283998
14,1,634.3427,786.3228,654.7185,772.5995,673.8968,760.1517,0.9751828637849022
14,2,493.80865,397.2425,482.7883,419.76706,467.7577,443.62378,6.141780136442754
14,3,624.5199,804.48785,613.72675,816.5252,596.405,825.9099,19.671072847838
14,4,633.8529,814.4026,640.385,812.9412,646.6877,807.7476,26.879036829979988
14,5,321.03995,701.62384,332.41534,727.572,345.19998,752.35474,3.615684029557954
14,6,370.34033,518.1411,360.09598,542.1845,349.74387,568.0726,1.2823741977418162
14,7,457.13065,455.601,464.5726,453.06232,465.26096,440.5834,68.00648147234389
14,8,356.45093,577.7496,346.32184,565.6558,343.9183,550.39813,30.995570048196402
14,9,452.26065,862.6633,453.99326,860.9051,445.8473,852.8095,89.75700296545928
14,10,549.1554,861.7063,551.9605,864.1195,547.06506,862.2305,160.3947844400279
15,1,634.0776,786.68866,654.48737,772.71674,673.4641,760.34406,1.2902848620759702
15,2,493.8971,398.54703,482.6413,422.1766,464.63187,447.69073,9.746266229283336
15,3,623.99524,805.436,613.54016,816.7486,596.9699,826.0837,17.860678627510232
15,4,643.302,807.9844,640.35205,812.90356,637.21014,815.09625,24.139054511990096
15,5,322.79147,705.0467,332.2128,727.61597,343.6905,750.5631,3.915616733235664
15,6,369.36444,516.36035,360.3844,541.9258,349.87198,567.22485,3.2097958975154977
15,7,481.03696,431.05923,470.32605,442.78192,462.089,447.94122,15.521304728086728
15,8,357.0553,577.79333,346.6345,565.87823,343.93097,550.22015,31.37646108791154
15,9,446.33047,861.87787,452.62564,861.1424,444.48932,853.90533,131.6839457975962
15,10,551.2248,858.95465,552.8183,863.9967,545.4826,864.0755,106.92335855775053
16,1,637.9016,782.36633,654.5054,772.61707,668.86597,764.9429,2.300526930363847
16,2,494.48346,406.94537,484.6635,425.26962,468.57355,445.99756,9.633454321585116
16,3,622.96277,806.30365,613.4786,817.05493,597.17145,826.38495,18.807269482788893
16,4,651.7489,802.82355,640.5029,813.06244,628.2943,822.687,4.0660159084603125
16,5,343.25134,748.74243,332.83725,729.5277,324.5501,710.5249,4.89500956715621
16,6,369.25616,515.19617,360.12756,540.92004,348.6876,566.46155,4.589322692023671
16,8,355.5742,572.0958,347.75998,564.3059,345.21664,549.33887,35.445104883384715
16,9,443.32855,862.2356,449.3989,860.2852,442.27737,852.3729,114.17702517091485
16,10,550.53,861.148,554.2008,863.3406,551.6909,858.5558,148.52950185021967
17,1,629.8574,791.884,653.8636,773.1371,678.2594,756.81476,4.2019768476560895
17,2,496.36832,400.56335,485.08102,426.24533,464.9474,453.56915,12.659123693509322
17,3,622.18,806.9351,613.0654,817.54254,597.2288,826.56696,19.652315827984744
17,4,650.0979,803.8189,640.775,812.81067,630.4099,820.6289,6.9375738450659385
17,5,343.41248,746.5874,332.8499,729.0042,323.6871,709.13574,6.236179161122277
17,6,368.96405,514.14185,358.59622,539.229,347.06805,564.999,1.6471073830395782
17,8,353.26788,569.23615,346.73904,561.3343,345.7463,547.3471,35.50516845702898
17,9,445.4865,858.6885,439.2498,857.5111,423.93506,850.6441,13.460638025627647
17,10,552.7418,857.7091,556.13947,862.1817,554.3224,856.1167,159.4558156539901
18,1,640.13275,783.5345,654.0665,772.89276,667.89435,764.766,6.927019843164902
18,2,494.39902,402.1322,483.216,427.3369,463.46292,455.1183,11.487307470100461
18,3,622.32227,807.15216,612.6624,817.6612,597.1254,826.5032,17.767053280482788
18,4,654.50275,801.15106,640.9055,812.8697,626.0471,824.41626,2.9049489570553915
18,5,341.7277,744.25867,332.37387,727.43097,323.52335,710.3916,1.6197916198528408
18,6,368.99292,513.6013,358.95795,538.8884,348.3035,564.1125,1.2535137970638985
18,8,354.05807,566.1255,346.47546,559.3535,344.26422,546.73315,38.29415155755576
18,9,438.99667,856.8421,430.2865,853.51636,417.7571,846.97046,6.686478106259321
18,10,560.0237,840.4551,556.6014,856.2147,548.82654,864.0657,32.469016812295735
19,1,636.1651,787.0359,654.8393,772.4815,673.09863,760.50824,4.678055551143005
19,2,493.72128,400.8249,481.2439,427.5586,461.3001,456.35855,9.682594075704447
19,3,622.2087,807.0254,613.1152,817.41797,597.74084,826.64026,17.85663623754002
19,4,655.3338,801.04114,640.7628,813.01056,624.7355,824.9445,2.7302213487032194
19,5,341.0454,743.73444,331.66803,726.659,322.88797,707.89197,3.702162635922034
19,6,357.04553,537.8635,359.27972,540.6675,363.99887,546.34717,1.174865147815519
19,8,353.73727,569.3157,346.70212,558.22046,343.87662,544.4529,20.779903465873154
19,9,411.91208,850.56793,420.95667,851.7298,424.84262,841.31067,76.86642689212643
20,1,636.78906,786.9605,655.01855,772.1885,672.34155,760.4053,4.795424470632358
20,2,493.3611,400.55334,480.0879,428.33417,460.72418,457.63086,7.925086150635379
20,3,626.4705,802.391,616.7829,813.98016,599.3294,825.5809,16.496522170347195
20,4,656.3488,800.2699,640.0455,813.5504,620.17645,827.01807,5.0356335947365505
20,5,327.0445,717.01355,332.0241,725.81024,338.9994,732.84766,15.232700484255005
20,6,362.0523,524.4035,358.49536,539.2236,359.9789,555.6761,18.64873374318736
20,8,353.55774,568.77997,347.56467,557.2945,344.20532,543.03577,14.29828865689783
20,9,423.82065,855.48206,417.04575,851.7206,400.64066,836.31,14.170261093650026
21,1,630.4687,791.7996,654.8026,772.3438,678.7258,755.797,3.97340350194819
21,2,493.51324,400.6444,481.58044,424.89792,464.9848,450.6321,6.620128241499976
21,3,631.95337,797.8596,621.58954,812.0371,603.3121,823.6659,21.366969421897764
21,4,653.9381,799.95953,636.734,813.20154,616.15247,827.40967,2.966891202547215
21,5,332.45474,724.37134,332.2518,726.4041,335.83194,731.73444,39.588716008124386
21,6,370.216,513.67194,358.01096,538.0041,348.309,565.1611,6.978928411141371
21,7,478.80356,426.98428,473.28735,437.95914,464.76254,450.526,7.466161775714413
21,9,433.9958,858.11304,416.53613,852.33484,395.45685,836.38153,18.807576682930332
22,1,631.535,791.5705,655.83203,771.8323,679.65967,755.23126,4.223965037023777
22,2,492.76666,401.10385,482.37564,423.25195,467.93134,446.90158,6.280882600394664
22,3,640.26556,791.153,629.7195,809.0076,611.5996,819.9385,28.33061944169217
22,4,652.98706,800.2868,638.59045,814.04205,617.8113,826.7629,12.220322499238478
22,5,317.40576,696.0933,330.07336,718.5723,340.21622,742.78424,6.6727669354280446
22,6,370.47162,512.9213,357.9978,536.78674,347.8532,564.3169,7.366549403933425
22,7,465.1598,441.7585,470.16434,435.43414,470.6978,429.8954,32.853368178910216
22,9,426.1741,855.88727,410.34378,848.9472,393.6131,835.7843,14.521195615872259
22,10,557.35156,840.5754,555.7076,855.11633,549.8767,861.78076,34.733065536894046
23,1,634.40295,790.22473,656.5614,770.88934,678.7833,755.36255,6.165292278669308
23,2,492.1851,401.58643,482.30667,423.76056,468.06323,447.47165,6.980923708548035
23,3,637.3692,791.26025,628.17975,809.12256,609.92523,819.7173,32.645539412993266
23,4,651.5211,799.0337,638.8735,814.2618,617.86237,826.6369,19.791538518917903
23,5,316.51633,695.36804,330.025,718.3071,340.25415,743.05927,8.040027956011729
23,6,370.47888,512.80145,357.89673,537.4777,347.5036,565.9031,6.932652520094243
23,7,468.49518,437.58627,470.92517,433.8046,470.06165,432.11237,59.75828136200345
23,9,412.53397,848.1815,394.4473,841.95685,380.7311,830.0442,21.98336373182507
23,10,553.203,847.2114,556.04407,855.93994,552.9124,857.3719,83.45745660003412
24,1,634.79205,790.542,656.42505,771.2014,678.2784,755.2852,5.731144521597021
24,2,491.5304,402.96652,481.3319,425.4046,466.22824,450.02844,7.081332751772487
24,3,639.6929,793.8199,629.18274,808.91077,610.1429,820.9169,22.909876007478022
24,4,648.7309,796.9338,635.6014,812.11224,614.4337,824.8302,18.14160133469757
24,5,315.70135,694.2301,329.213,717.8014,339.97647,742.7797,6.510689789881434
24,6,371.18176,511.85605,359.11182,537.3905,347.8089,565.6541,3.5027461824155446
24,7,470.87164,434.92154,471.78308,433.46396,467.97928,434.19055,132.83233570012038
24,9,404.05734,845.3819,386.07443,837.4325,375.78326,820.5826,34.73732103620014
24,10,555.4216,851.06604,556.0284,856.4649,549.99,852.1417,132.0136467025197
25,1,636.54004,790.5729,657.0089,770.9829,678.1616,753.4873,4.148645636499513
25,2,491.20187,405.2173,479.82916,428.94745,463.5823,454.82846,6.512526760620578
25,3,639.0239,792.2457,630.6011,809.22876,613.10565,821.97406,27.547476682667313
25,4,647.7638,796.8556,636.38965,812.7516,617.0556,825.26697,21.499016995865077
25,5,325.69437,713.9842,329.69754,719.94916,334.7609,733.51794,13.402461148704452
25,6,370.61218,512.0666,358.55847,538.1774,348.46207,565.6401,4.594185829723038
25,7,480.63953,423.07867,474.62302,439.03714,465.31442,455.92865,8.201331595660355
25,9,403.25064,845.53845,386.85858,836.5675,374.88974,821.03876,23.68590152867401
25,10,555.96045,843.7235,556.33624,855.8026,551.049,859.42114,57.394591458505786
26,1,639.4309,788.5993,657.9169,769.0974,677.0529,752.3552,5.349142498271002
26,2,490.07556,407.41684,479.29865,429.8202,463.75174,456.15375,4.867557634817901
26,3,635.6392,802.6918,630.7775,810.5282,620.7178,816.41815,27.835830150774264
26,4,631.692,811.45624,637.62744,813.22943,635.5023,806.9892,125.43974289491746
26,5,316.04498,694.69183,329.99847,717.5033,340.64984,741.728,7.718996006801099
26,6,370.26382,511.43784,359.25754,537.819,348.91476,565.3501,2.056141852514678
26,7,473.26254,448.45242,472.29315,454.23633,467.75867,455.4515,65.48359491575317
26,9,407.6729,846.487,388.2641,839.48883,374.07504,824.5631,26.621780538664286
26,10,560.25916,838.19476,556.52203,854.9779,547.6257,865.90796,26.590058428142324
27,1,640.03107,787.98975,658.2767,769.0854,676.665,751.7813,2.7559109586227137
27,2,488.7841,408.85666,479.82816,429.52725,465.70233,453.00446,7.608986411452382
27,3,636.609,798.6792,629.54065,810.0985,615.33435,817.1697,31.78142303296413
27,4,633.9193,810.53625,637.8248,812.9745,634.6235,808.6472,158.47109040028081
27,5,318.76587,702.1687,330.2191,718.7162,339.2122,737.9841,9.668370235316711
27,6,370.87372,510.42737,359.2375,536.9705,349.13458,564.931,3.8059089268585957
27,7,458.73438,466.2466,462.7671,461.55515,461.11694,455.568,56.090841291059
27,9,405.64893,845.2773,389.67294,839.0755,376.35107,827.7315,19.1995363167821
27,10,548.217,856.96173,555.4661,855.0005,557.09436,845.2232,65.40631844758717
28,1,642.0966,788.51556,658.9385,770.1096,675.53815,751.3987,0.8807117346402176
28,2,490.45767,409.7522,480.8287,431.29547,465.36853,455.5665,8.413609242717092
28,3,638.7134,796.65326,629.07,811.12897,612.79425,821.5245,23.7625753050303
28,4,650.0305,800.8775,638.0723,812.51013,619.4084,820.77826,20.316002009747244
28,5,320.12604,705.85284,329.97546,718.74524,338.12546,734.14624,9.49164885860362
28,6,370.62814,508.8124,358.99426,535.8738,348.9699,565.53174,4.58808475738455
28,7,456.8381,468.0107,463.77393,458.2275,467.72025,448.4206,13.414875921733298
28,9,408.24628,846.10504,390.46423,839.74786,377.12445,827.99506,21.708909866288185
28,10,545.82733,860.20544,555.2674,855.33514,558.79584,842.0594,47.82594618324756
29,1,640.3274,788.30914,657.7863,769.9604,675.404,752.2498,1.2728780103965096
29,2,490.15005,410.96368,479.78003,435.42142,461.2929,463.71558,10.183368647313884
29,3,638.192,794.4249,631.4572,809.1736,615.74536,821.5826,27.15556936173354
29,4,650.5192,796.691,635.13464,810.9983,615.2562,825.0235,7.717241410366765
29,5,321.7153,703.5957,329.54462,719.0426,338.32928,741.0229,5.093661000801208
29,6,372.0715,508.85516,360.10577,536.43365,349.82236,565.56494,4.011856826847987
29,7,476.8397,454.92072,469.82016,454.48083,460.55563,460.328,35.843226019161186
29,9,404.53046,846.5592,388.40695,838.02466,376.29572,826.3883,15.96108838646991
29,10,548.1392,854.94995,556.0599,854.4693,556.8469,845.6542,81.42529921060677
30,1,634.3585,788.4668,655.0047,770.08655,674.51196,753.5924,1.4613910104422085
30,2,489.50192,411.43924,477.69232,437.544,458.6453,466.01822,9.437797464362086
30,3,646.474,787.4218,636.32855,805.4896,617.582,821.88165,19.518416268006014
30,4,640.6075,795.39197,632.97284,807.77374,616.44025,822.5618,16.529851769698343
30,5,334.61142,732.27966,329.71255,719.8176,326.2838,712.06647,2.4024071499585524
30,6,373.00012,509.0867,360.69135,536.38965,350.25134,565.63544,4.6216471589489165
30,9,402.86237,845.1329,387.1192,836.6109,373.89316,822.77594,17.861792078074572
30,10,554.7407,850.6243,555.991,853.7339,550.5462,850.3473,143.7852722537935
31,1,647.62463,771.94635,651.6743,771.9151,643.6668,774.81604,160.52780672851117
31,3,637.86017,797.67224,637.5756,804.9872,629.2578,816.46313,33.70709616834629
31,4,635.86566,807.1727,633.1329,808.44037,627.5049,811.85974,6.396630056092592
31,5,331.4241,725.4203,329.16595,718.66797,329.5536,719.0985,156.49327816128053
31,6,373.68927,508.8537,360.8613,536.0954,350.52408,565.51575,5.855881984982472
31,7,488.9628,412.2686,476.1863,438.8139,456.93146,467.49094,8.176996587038127
31,9,403.27075,844.6781,387.33438,838.4677,374.0405,822.22375,29.412653874961563
31,10,549.72144,853.1743,555.99384,853.19934,556.1884,847.4905,88.27648068879257
32,1,660.08307,762.7511,650.9367,773.2308,630.54315,785.45447,17.9483910170235
32,2,489.20187,412.07578,476.05984,439.06815,457.4231,467.54764,7.2399347799386895
32,3,639.7864,792.95435,640.20245,800.1582,632.01605,808.86633,46.536774640246236
32,4,637.7359,806.5603,633.8364,808.2045,628.00433,806.33307,40.653795184265086
32,5,338.37848,737.99475,328.9265,718.98,321.59656,701.77655,3.353629261086517
32,6,373.22696,508.61478,360.72208,536.0157,350.39114,565.5186,5.23184339863454
32,9,401.06592,842.7586,387.20615,837.611,375.16922,827.02136,20.964945808291517
32,10,555.3519,842.017,556.4538,852.37537,551.59454,859.2093,41.486680000982616
33,1,666.8884,757.90625,658.0304,771.9313,647.0064,785.69415,6.418479324380717
33,2,489.65295,412.37677,476.39713,438.98386,458.1551,467.52652,6.1004648788790465
33,3,643.85974,782.949,643.6157,792.5007,632.48126,801.9048,48.35229274782363
33,4,634.28925,805.9955,633.54877,807.03015,627.39886,802.05225,93.39761239847059
33,5,337.078,736.2198,327.82895,719.1488,318.2316,700.4421,1.2890709960337576
33,6,373.71674,508.90973,361.04807,536.2752,350.70273,565.71136,5.477435879765868
33,9,401.733,842.9686,388.0464,837.41705,374.47336,822.67114,25.293160422332104
33,10,554.6946,843.8024,556.26263,852.0213,552.77405,857.01776,45.72466993261786
34,1,668.3708,751.248,661.2619,764.84894,648.62024,765.269,60.50196160753786
34,2,476.26755,433.1952,471.18954,447.27228,464.92865,461.30804,4.204213440710605
34,3,660.70886,763.82135,652.3502,777.9983,640.8107,791.9104,9.150898420925786
34,4,625.5597,807.1078,631.9862,808.01056,633.47424,797.3965,90.0158060467832
34,5,337.0375,734.56134,327.73193,717.04596,317.52994,697.9912,0.18451747215888148
34,6,372.66034,510.2896,360.7578,537.27795,350.8546,566.17255,4.880299393624345
34,7,488.0463,412.42398,477.3391,436.38672,460.51807,464.45178,6.860412555061209
34,9,407.75644,847.2913,390.44217,838.12256,379.25854,818.34607,32.60836505003805
34,10,555.3771,843.5495,556.61554,851.11975,552.4903,856.956,44.54496796703809
35,1,665.473,760.3203,661.80597,764.42065,650.1782,757.87897,77.55461622438806
35,2,461.13187,458.60254,464.7847,454.16473,460.24228,446.24112,69.28299120272717
35,3,669.6105,757.87305,655.2405,771.0568,633.57904,786.1749,7.622643699126646
35,4,627.4888,802.94244,627.2862,808.3481,630.12524,805.6087,136.122548708745
35,5,325.1347,711.34314,327.53558,713.03955,330.7349,721.4752,33.986039059962245
35,6,373.29208,509.22232,361.30234,536.4933,350.4797,565.4828,3.2606874217934214
35,7,487.16354,413.73065,477.19006,435.81625,461.96396,461.28534,6.5690102096504654
35,9,402.02838,843.45715,386.30438,837.7869,375.36075,826.1819,26.850333662966015
35,10,559.53253,833.13605,556.4074,849.94556,548.45435,864.89594,17.479560563615042
36,1,670.9374,741.7489,661.5455,764.0715,642.4511,778.8517,29.439686764693537
36,2,458.3034,466.92603,462.5358,462.91608,462.10355,460.45724,56.516359656451115
36,3,668.6685,756.6752,655.53455,770.1095,633.15045,785.7255,10.746530449313674
36,4,636.6917,801.49646,628.3147,810.41156,621.87604,811.9892,33.014633894013045
36,5,338.31232,733.33203,328.35535,718.43823,321.93066,704.2352,9.424479892617624
36,6,373.34467,509.28473,361.52768,536.5565,350.7353,565.49536,2.9748641810075824
36,7,486.11533,416.00238,475.78113,438.49313,459.57706,465.21393,6.55538350463435
36,9,403.22424,844.29285,385.753,836.66876,373.55597,821.7678,27.122859913394567
36,10,559.68787,831.5422,555.4475,850.1656,548.2548,865.2606,12.65053439954331
37,1,668.0243,739.66504,661.1269,759.244,650.89087,771.4393,20.601591974547713
37,2,461.8393,463.6084,463.1929,462.63672,457.46146,468.59326,169.56917038629086
37,3,669.62164,755.5992,656.5188,770.0343,633.41815,786.044,13.046223439913591
37,4,637.4159,801.1107,628.1166,811.635,618.4178,811.24365,50.846724504026476
37,5,336.1403,734.29376,327.3903,717.42957,320.45776,699.79016,5.967031028369398
37,6,373.82172,509.4093,361.96365,536.4308,351.52393,565.3097,3.8188523802947723
37,7,485.16394,418.6713,475.05267,440.82202,458.11493,467.25296,8.117426340458588
37,9,404.2447,845.5137,384.7244,836.3696,372.28195,819.49615,28.49490028505415
37,10,560.1222,830.76306,556.1832,849.5505,548.1658,866.1477,13.942202749303748
38,1,669.3069,756.35065,662.2318,750.59033,666.68994,737.29944,69.39140540546742
38,2,456.37878,468.6471,461.45114,465.236,460.93854,461.9661,64.98904878008378
38,3,670.0234,759.39685,655.71655,770.6239,633.50116,784.4408,6.242840622131071
38,4,633.53424,800.2245,626.8443,810.4532,618.8838,811.1346,51.921427183793135
38,5,334.81113,732.2192,325.78357,714.40155,318.43866,697.54694,3.322956819250254
38,6,375.48254,508.9467,363.1305,535.4727,352.00043,565.3257,4.522510085438578
38,7,485.04694,420.62326,474.8023,441.4654,459.12094,465.4343,7.018559429489261
38,9,404.7384,844.3436,386.21152,836.376,375.57083,820.30756,33.21647817371965
38,10,560.0373,832.2564,556.42413,849.6736,549.04297,864.9237,14.107656118648029
39,1,661.1685,744.61176,662.4224,736.1005,673.70624,718.9365,24.94063311017399
39,3,669.159,757.2581,656.483,770.11633,632.39197,785.42224,12.97948969247466
39,4,623.54004,804.39014,624.38654,808.8754,616.0681,807.6683,108.944582293783
39,5,329.27823,720.21515,325.62283,712.77954,323.62305,711.4747,30.69630263396305
39,6,376.11612,508.7618,363.885,535.58527,352.61765,565.5134,3.881914711049787
39,7,485.59912,421.37354,473.2649,445.9537,455.83038,473.23294,5.935872650713439
39,9,403.61234,844.8493,387.5181,838.00507,375.40662,821.1425,31.274191523607982
39,10,560.4125,831.5764,556.58966,848.3728,548.99384,864.66425,12.17516209206541
40,1,663.71173,739.71985,662.6745,735.4969,672.7883,724.7548,57.0742700651061
40,3,668.51117,758.7842,656.11615,769.619,632.5413,784.0046,9.765754810793487
40,4,620.5313,803.27545,623.12775,808.6167,618.5155,807.8857,124.93105290061925
40,5,313.13715,685.89124,324.0534,708.3134,334.96518,731.6427,0.8915321831786996
40,6,376.07764,508.70358,364.077,535.7085,352.83286,565.2524,3.1234288590463257
40,7,488.23187,421.676,476.9462,447.6148,457.61993,474.189,12.51348333392016
40,8,372.04196,526.0642,363.14542,545.92487,356.4919,568.8708,7.959613602346531
40,9,407.16223,845.43225,389.27826,838.7384,376.9505,826.9995,23.077819092302136
40,10,560.86664,828.7031,556.6783,848.2152,548.3985,865.9044,12.96789833605931
41,1,663.2552,746.33875,662.2121,736.4261,674.34125,721.6483,45.38514602947602
41,3,668.3702,759.23505,655.48267,769.89185,632.70276,783.66595,8.427928042258662
41,4,617.35095,801.4977,622.0523,808.17926,620.54755,809.74396,79.01268414278655
41,5,321.41672,700.321,324.8339,709.9153,330.60983,726.7967,0.7165515339198261
41,6,375.5635,509.0543,364.3967,535.5351,353.32584,564.4706,1.9278290568223166
41,7,486.69876,423.26508,475.9801,450.45544,455.6756,476.37332,16.561019576535966
41,8,368.27972,539.4431,360.82108,548.9009,356.78598,562.33386,21.540697455245077
41,9,409.51538,845.48694,390.68835,839.7557,376.32114,827.06415,24.525194184131582
41,10,560.3652,828.84955,555.6672,848.88153,548.656,866.0802,8.979907161461238
42,1,667.3498,743.0513,663.62964,740.79193,674.23346,733.2352,113.25351462695471
42,3,670.34106,755.886,656.2892,769.2981,632.3843,784.47455,11.255381559150832
42,4,617.6606,801.14905,622.08594,807.75964,621.43396,809.1617,58.739093937594724
42,5,333.0725,726.9258,324.64505,709.66736,318.0231,697.9058,3.353629261086517
42,6,373.2416,510.5718,363.92313,536.1551,353.26294,564.10803,0.8616193426246025
42,7,478.7118,437.97873,473.8258,452.54434,459.73187,468.38446,23.11759364177564
42,8,367.45303,538.59875,360.52878,549.1593,356.47162,562.3293,16.129718611993816
42,9,411.0233,847.63947,393.41513,841.6202,380.8144,830.372,22.881171978605096
42,10,560.4085,828.393,555.4071,848.6914,548.776,866.0021,7.11846783664664
43,1,668.7324,730.1804,664.5401,741.24677,672.4023,743.0706,97.68810598067226
43,3,670.5959,755.21027,656.4194,769.7203,633.25464,785.2927,11.755170205175563
43,4,622.12866,805.7809,622.8687,806.46106,618.3357,802.89087,175.63789374153077
43,5,325.58133,707.92004,323.72278,708.0742,325.45865,717.00385,96.25871013273587
43,6,371.20624,511.78278,362.99677,537.13916,353.39944,565.4383,0.7937689259744913
43,7,462.99435,462.80692,472.47235,453.2179,471.985,449.4642,52.06407158395078
43,8,367.97327,549.14484,354.612,551.61523,347.39545,547.94073,37.459389946853435
43,9,411.04694,847.67096,393.25208,841.66,378.66702,830.6894,18.285129601012304
43,10,559.3475,831.7027,555.21906,848.81995,550.8718,863.84717,2.574582548415592
44,1,679.3357,720.7497,671.20123,737.02405,675.1921,743.49536,58.219443159940695
44,3,671.6644,753.77936,657.4161,769.1601,634.3651,784.3008,13.89037368980466
44,4,622.1725,798.70435,624.01263,805.093,623.9511,804.43115,169.24248610877808
44,5,334.09598,727.9139,323.38455,708.0817,313.71298,687.85254,2.821263474638323
44,6,360.5694,544.2666,361.13132,538.3115,361.73206,534.6681,3.972319093943433
44,7,483.27676,423.84915,470.79782,450.96826,450.8166,479.1464,10.630934518928179
44,8,362.76776,549.8634,354.05435,551.21533,349.0533,548.45233,37.7394155209244
44,9,411.9118,848.1898,395.20264,842.4396,381.4364,831.0696,20.564202577902236
44,10,560.1069,829.8923,555.63544,848.33264,550.27734,865.0127,4.178420470773846
45,1,676.1837,720.37915,668.8355,736.95374,673.18085,748.5396,44.468500268025025
45,3,672.6406,753.8646,658.3552,768.86993,635.80804,783.0144,14.306748923468783
45,4,618.96246,799.7062,623.61957,804.484,624.7252,804.9629,22.314623019718187
45,5,333.41257,725.2742,324.3742,709.4001,316.76157,693.6348,3.8815615852448238
45,6,363.27966,513.4301,361.01053,538.6406,353.0405,565.6971,11.27022679370398
45,7,483.57263,423.6566,471.16577,450.95673,452.32675,479.02072,9.432985281189891
45,9,412.02466,847.2198,394.6344,841.9866,379.33304,830.7614,19.51594252090638
45,10,561.0832,828.937,556.17017,847.82135,550.4072,864.4683,4.512060118130098
46,1,673.0298,719.8337,671.1232,739.344,677.99615,747.5797,45.42714283838446
46,2,452.98297,481.5743,458.01038,473.56952,459.68958,465.25702,20.710292464648006
46,3,673.03424,754.44507,659.2925,769.2394,637.1711,783.7185,13.906439635103231
46,4,628.47675,809.29755,623.8547,804.05994,616.21844,793.8996,4.500149825730019
46,5,332.7024,723.2043,323.6599,706.0624,315.56818,690.6048,0.18022577739447643
46,6,359.9616,514.2817,360.43338,538.6588,351.18542,566.3438,19.58019290415248
46,7,483.57748,424.03925,473.0048,447.01022,456.47906,473.36685,7.3730721931545515
46,8,360.63937,537.8328,359.64453,548.26105,353.72375,562.7884,16.724403670030455
46,9,410.97165,847.59174,393.55322,841.6081,379.8917,830.4835,20.197093614460673
46,10,561.03156,829.11316,556.795,847.25745,550.45593,862.91034,8.904084267912104
47,1,670.5463,718.71765,673.84186,740.7465,680.50446,747.43677,36.37297242209141
47,2,451.47794,484.11444,457.0117,475.55402,459.3762,465.86572,19.16465484698505
47,3,671.36304,746.0884,662.74225,766.36475,638.8011,781.04803,35.445446436943065
47,4,631.4013,806.8863,623.30505,803.9838,614.8183,792.4744,33.873327314897104
47,5,309.17633,677.4394,320.83835,696.83905,329.65213,721.109,11.053196187629995
47,6,358.24988,528.271,354.5788,544.99713,346.55698,564.23096,10.260403318903188
47,7,482.59146,425.03464,472.66516,447.67264,456.02353,473.66324,8.954710932925973
47,8,362.51642,546.2067,363.51047,552.1041,356.13895,565.578,38.250627625899945
47,9,410.4441,848.22516,393.87476,841.86127,380.8694,829.53735,22.448304322325207
47,10,561.42236,825.7895,557.37714,844.8977,550.323,859.7053,13.519372637559337
48,1,669.1764,716.9295,673.4774,737.5328,675.7581,749.6475,1.1298653691699603
48,2,451.0275,482.98682,457.94855,476.18127,456.4769,469.38107,57.693352630063146
48,3,673.5719,747.3538,663.6162,767.0238,639.8701,781.797,31.267342690484337
48,4,631.7678,799.1067,629.19763,801.539,631.51056,790.7444,145.5149372091868
48,5,306.65115,673.69476,314.31906,687.377,324.00742,693.2123,29.6721035846418
48,6,356.38516,531.761,354.78046,544.96985,346.84262,563.04456,16.782799592504222
48,7,481.95764,426.14212,471.67676,449.62918,454.5284,475.60892,9.787274430262988
48,8,363.37778,548.45276,362.9087,551.06506,355.91608,566.0863,14.782728217593098
48,9,410.53625,847.89923,392.60834,841.1816,380.3609,830.2137,21.30412658575524
48,10,562.14734,822.52466,558.0691,842.5486,550.0544,858.65906,14.937728664008542
49,1,670.31866,715.8976,675.66565,737.53625,677.01587,749.9621,7.678334990322038
49,2,463.53143,467.7813,459.8501,474.22754,452.18408,481.5508,16.57991552886291
49,3,672.3247,740.6317,667.66833,765.32666,644.6092,779.3108,48.087362843026376
49,4,627.74457,799.0354,638.8261,798.9232,647.65967,787.04297,52.78735496240878
49,5,299.56842,669.5003,312.06165,686.64935,318.74515,694.4185,4.6304969135097265
49,6,363.37503,540.92773,359.59875,544.91656,353.1156,564.8235,25.392971442838665
49,7,481.8459,428.207,470.62015,452.51758,452.55466,479.23996,9.27461753519519
49,8,362.76385,554.69073,361.16583,550.78094,356.1567,563.64484,136.4933696859089
49,9,407.50696,845.84863,390.38782,839.66315,377.04254,829.19476,18.24577242609782
49,10,561.2682,821.7266,558.1156,840.679,549.56635,858.0105,16.811905959172844
50,1,668.43506,718.60864,672.23395,740.2337,681.27985,750.2679,32.07140595038621
50,3,672.6994,740.5014,667.01904,764.53894,645.9624,777.4536,45.182186342445014
50,4,630.5342,799.91364,642.0459,798.3418,651.36926,786.24445,44.60352013020508
50,5,306.15485,673.09155,319.97174,696.9944,331.6059,721.4799,4.615412547788916
50,6,367.62802,524.86,360.25134,541.8489,349.67715,562.52545,3.614817476528103
50,7,481.69635,431.39352,469.02765,457.12088,449.51392,484.32974,9.43081796282107
50,8,366.43057,525.54706,358.6995,545.125,351.04453,569.497,4.11146973714171
50,9,403.94678,843.50256,389.07745,837.62476,377.36322,829.5595,12.978653386711388
50,10,561.5376,819.79346,558.6798,839.1542,549.9139,857.0252,17.7317770083866
51,1,670.04095,724.9246,668.333,739.15607,679.4136,743.1957,76.81326295954187
51,3,677.8989,753.6802,661.2192,770.8513,636.52893,786.9364,12.74840274392891
51,4,630.0542,795.9784,643.276,796.2461,647.16364,788.5964,64.21994551841377
51,5,306.46732,672.93567,320.1734,697.0079,331.77704,721.41705,4.230497584035797
51,6,365.45453,524.45654,358.17606,537.08624,350.02985,552.2306,1.678763904202631
51,7,482.02145,433.30634,469.78995,457.348,450.51053,482.9775,9.986428514633289
51,8,366.1588,527.81805,357.91437,546.0191,350.42084,569.2923,6.521282922915477
51,9,400.11053,842.8123,386.18427,835.6284,374.5127,822.0144,22.105781242391284
51,10,562.15814,817.97504,558.8559,836.56555,550.53345,855.67456,13.461885010834735
52,1,672.047,726.1373,668.5392,739.46893,677.10004,740.9443,94.96346528628473
52,2,462.92535,471.01315,458.73975,478.01382,450.06274,487.24414,12.355578468968089
52,3,677.44965,757.1346,660.4118,771.19916,636.40234,786.8907,6.372429697445978
52,4,622.10944,794.5579,642.445,795.92883,656.90356,789.6938,27.184168704768428
52,5,305.021,669.6147,319.1117,695.231,331.39856,720.8921,3.2281024360883506
52,6,361.6357,525.54974,355.8764,531.32336,350.22568,539.7797,11.177164415055797
52,7,483.2478,434.06586,472.21542,455.8773,453.85382,480.4524,9.935135178857365
52,8,364.86865,528.3309,357.792,545.8079,350.00043,568.6777,3.229981940138444
52,9,399.70755,842.73346,386.1898,836.71094,375.2435,822.2748,28.81434784168354
52,10,561.9921,817.67163,558.2375,836.7568,550.43976,855.64746,11.3002429401764
53,1,671.0446,723.4984,669.09033,740.19464,677.0439,743.7485,72.59985671837818
53,3,676.6155,759.17194,659.5532,771.97156,636.0586,786.63135,4.9134650880977295
53,4,616.65967,794.6427,634.1573,798.8592,647.8253,795.88007,25.844599588792175
53,5,305.3141,671.7263,319.01566,695.3863,331.26346,720.3749,3.9640777942148033
53,6,346.7209,514.1536,354.12894,529.5494,344.36673,548.03595,53.532894112709684
53,7,481.98495,435.83133,468.38837,460.89062,448.57727,488.16144,7.513582389029877
53,8,363.2248,529.3498,357.58588,545.3664,349.00735,568.3458,1.0753820907019158
53,9,403.68015,843.80695,390.06915,838.43134,375.9524,823.7327,24.605418857952095
53,10,562.07764,818.202,557.80835,838.18805,550.0763,856.17255,11.20633714937641
54,1,669.04663,722.6218,669.39655,740.31616,679.471,744.44934,66.56057029071958
54,3,676.6733,759.56683,659.6388,771.8548,635.569,786.25745,4.910114685856229
54,4,619.19696,793.97107,636.708,797.6895,649.0614,795.75055,20.90884620187385
54,5,306.97983,673.19037,319.67096,696.5913,331.33566,720.2641,2.2407931230619664
54,6,343.61383,516.37213,351.79297,529.6563,345.84442,548.46326,49.17273487308791
54,7,480.697,436.03275,467.00052,461.76062,446.9766,489.4513,7.842775354450761
54,8,362.8005,528.4284,356.6162,545.84247,348.19574,568.0117,1.2466260340178823
54,9,412.57117,848.1144,396.00568,842.17865,382.63303,831.98035,17.616445408507797
54,10,561.68005,818.2807,557.6987,838.3143,550.42175,855.9246,11.211379344265087
55,1,667.5326,722.9414,671.00525,740.10046,680.97406,748.07324,39.90714143408109
55,3,678.7529,757.78577,661.07605,771.69037,636.1802,786.2326,7.898365262139381
55,4,612.0207,793.3492,633.7577,798.39246,650.9396,798.40674,13.0146426638196
55,5,319.4518,693.4189,319.24124,695.94763,321.02014,705.44977,15.363729203515245
55,6,343.9198,515.0737,349.14743,529.08374,346.06396,546.5614,30.46766997737156
55,7,480.27893,436.18832,466.45062,461.9532,447.25192,490.18564,5.993581717906513
55,8,362.1548,527.161,355.3239,545.1679,347.64548,568.2879,2.402244201319645
55,9,410.01093,848.4583,394.6148,841.76483,383.06757,830.6144,20.50143968510547
55,10,561.1345,820.1461,557.58514,838.61926,550.78284,855.29816,11.311478726380965
56,1,667.91907,722.4234,672.1311,740.1348,681.0823,749.3767,30.707238813561258
56,3,679.1506,760.0679,660.912,771.5447,636.1123,785.59576,2.645304812695954
56,4,611.6837,793.6444,635.0909,798.019,653.3686,798.04407,10.507268021051784
56,5,325.11658,708.08215,318.9233,695.4182,313.18414,688.0712,11.93469003442005
56,6,341.30658,519.8847,352.78958,534.90845,346.95935,562.9479,49.1376532243269
56,7,481.00558,436.43484,466.96387,461.98767,448.4964,490.19156,4.426601069188223
56,8,361.44464,526.41327,357.6817,543.4412,347.71704,567.4335,10.093211107865447
56,9,401.1834,843.83405,386.7682,836.10785,376.55804,829.009,6.619802383008847
56,10,561.413,819.2051,557.76337,838.1018,551.18115,855.12897,10.203707877589387
57,1,668.98444,723.10406,672.6652,740.9274,679.04614,751.1796,20.229562645050613
57,3,674.8521,759.3637,661.22235,770.7869,637.351,784.1123,10.795631954257098
57,4,611.29877,795.7453,634.3735,796.81323,649.84534,796.42615,4.083126285885079
57,5,326.78784,711.35016,318.07227,693.3941,307.29312,675.816,5.625944805724446
57,6,346.9106,524.5262,352.47833,541.769,344.16336,566.4825,36.491072292227386
57,7,481.29688,436.84583,467.26538,463.14902,447.82443,492.38992,5.540401234861034
57,8,360.8862,525.3389,357.5944,542.3154,347.40518,566.25055,12.085810711314052
57,9,400.71375,842.6772,386.2043,836.066,374.33102,820.9263,27.398422903194838
57,10,561.0801,819.23505,558.5182,837.58014,551.6754,854.46234,14.114001682845661
58,1,672.7241,729.63104,673.3529,738.62286,679.787,741.3738,62.85059832460253
58,2,461.36227,483.02872,456.75818,487.62958,449.41595,488.09976,41.31573095089917
58,3,674.3258,759.72675,661.3064,771.1423,637.38513,785.19434,10.813303344037728
58,4,611.3848,799.9238,632.90796,797.96246,645.98596,795.80255,4.171196201793672
58,5,317.71887,694.8501,317.1942,690.9251,315.12527,693.60956,134.76442753351483
58,6,342.27423,513.2159,356.37152,535.08276,346.60577,563.71204,51.644384624594345
58,7,480.6587,436.91513,467.64264,462.70288,449.081,490.70883,6.75363110000661
58,8,353.1879,516.93536,357.05884,539.273,349.85104,565.95233,24.949621264796885
58,9,395.64035,839.91766,387.21484,834.82306,375.0181,821.694,15.948465589828388
58,10,560.9434,820.43616,558.52673,837.18317,552.6355,852.27795,13.108392760012054
59,1,674.16235,744.42865,670.3175,738.6394,679.2146,724.1179,65.08475154966442
59,3,672.15936,764.9692,662.8895,771.2737,641.59973,784.5769,2.2202605450849098
59,4,608.31134,802.3124,630.2865,798.6495,644.49664,803.0427,26.6429446995793
59,5,303.59213,669.36304,317.51233,687.52344,324.46338,712.0488,21.646744476550733
59,6,351.34583,515.7988,355.27377,524.7933,358.15652,540.74854,13.349745712043726
59,7,479.0843,438.0428,466.7328,463.73938,448.84946,491.97388,6.677497078473567
59,8,349.79877,517.8235,356.3819,536.94666,344.81735,564.25806,41.94536704275257
59,9,384.50906,833.24146,387.21042,835.1266,385.7552,829.91315,140.50519044886158
59,10,560.3747,824.4255,558.70514,835.81226,553.8343,848.8257,12.17919346062707
60,1,670.2411,741.9234,669.02185,737.11694,678.65826,721.22186,45.46018854101036
60,3,678.19006,756.06836,663.1656,771.0111,638.8849,785.3964,14.198747485992232
60,4,608.69507,802.34296,627.46796,798.1774,633.719,804.4993,57.8336219064504
60,5,309.01706,675.26794,316.828,684.8127,323.08652,695.89355,9.83731224996121
60,6,344.2552,509.8971,348.6258,514.6486,358.81726,514.8062,46.50524642121834
60,7,478.06027,440.26453,464.68274,466.6929,446.36987,495.16693,5.899203207550023
60,8,351.17953,520.0645,356.38495,540.0636,344.20193,565.60645,40.08883055512128
60,9,397.2979,841.2731,387.9911,837.3117,376.80695,823.6977,27.539736983883788
60,10,554.6321,842.8364,558.57056,835.0841,559.5726,828.62366,18.115995325948802
61,1,663.2659,737.4096,667.82904,736.37585,678.90125,726.0753,30.16756611805083
61,3,676.26953,752.8476,662.9305,769.97363,638.0298,785.3199,20.440399340907454
61,4,609.10095,804.7956,629.12775,798.0572,639.06226,802.4963,42.67327770373266
61,5,301.68982,663.38855,315.80533,685.1447,325.00275,710.6316,13.132809773392902
61,6,343.01962,510.96716,347.81598,514.0474,351.7957,514.7934,22.092355401280024
61,7,477.09732,442.84265,463.63425,468.766,445.2557,496.41168,6.17075925008391
61,8,349.77682,518.2715,357.16403,539.8568,343.74658,565.50964,46.50398005408939
61,9,400.04892,842.7075,388.24222,836.72406,374.34888,821.79785,20.177360446517802
61,10,561.5489,820.18823,560.445,831.30804,557.0514,839.5892,16.614599407094904
62,1,667.4795,733.91144,667.20264,736.2984,676.10364,731.5089,124.89997542293774
62,3,673.5368,760.22314,662.76636,770.8515,641.0467,780.13806,21.469728567089337
62,4,622.2301,797.7441,630.16547,797.5412,628.2346,805.4689,105.15286897487877
62,5,301.14145,663.2718,315.5368,684.8854,324.7783,711.09406,14.241677831652895
62,6,342.14935,504.85657,351.78406,518.77454,351.19394,535.0869,36.7647308330521
62,7,476.82837,444.5952,463.1657,469.6289,445.12045,496.7732,4.991122016983473
62,8,343.10678,508.79965,355.05573,530.97473,347.49408,560.9248,42.4874425943946
62,9,403.9762,843.9549,388.85434,837.021,374.52362,822.896,19.95267771180069
62,10,559.0277,831.6103,560.2673,830.3053,559.55396,825.7155,52.36095986429891
63,1,672.0635,731.5664,667.00806,734.6462,675.9147,735.0504,146.05149695922827
63,3,661.7994,765.6386,660.1326,771.1523,643.6768,782.03937,39.69183284094353
63,4,621.7547,797.76556,631.5729,797.7046,639.7435,804.11096,38.45477917932373
63,5,307.288,672.93646,317.24194,689.0536,323.0368,707.29956,14.079845539594418
63,6,342.33273,505.76505,354.14355,527.30493,348.8307,554.11884,39.9443310780742
63,7,476.5194,446.03195,463.13184,470.70407,445.3102,497.40417,5.236896976745447
63,8,342.1618,504.27985,352.97693,523.802,349.8991,544.8654,37.29943875246716
63,9,404.17572,844.8908,387.8977,837.56525,376.4683,828.5571,14.014419571805695
63,10,561.9091,820.486,560.65656,828.5405,558.0814,835.073,12.675289061368895
64,1,671.6738,736.09595,666.7297,735.2615,678.5035,731.3764,152.15828282879892
64,3,672.4053,758.44293,659.9823,769.6545,638.0779,783.9643,8.909863193936218
64,4,630.19354,801.6191,632.1252,797.83746,633.36084,799.9518,122.63916444177984
64,5,304.9243,667.34595,316.7864,687.6081,324.7675,710.319,10.983580611179308
64,6,358.9433,520.6998,357.06155,538.17914,349.30075,561.97723,11.917122624186694
64,7,473.28607,462.6893,465.25128,471.57288,451.7084,483.18094,7.2710587416241985
64,8,340.378,504.317,350.6455,519.2949,349.77106,536.4954,37.341342241294655
64,9,401.34903,842.92615,388.24478,836.52686,374.15073,822.21545,19.410415170551413
64,10,565.3164,808.18134,560.58716,826.66455,554.7269,846.33484,2.2378214490737474
65,1,666.78784,737.4042,666.8367,735.2797,677.716,730.07166,63.102346831520904
65,2,464.7872,471.34088,458.86984,481.89,447.93152,496.50674,7.519560823973763
65,3,660.03485,767.47974,660.84625,769.44824,647.34644,780.3781,73.4063340417708
65,4,627.1172,802.79376,630.89923,799.1618,632.922,801.3549,91.15415515967857
65,5,302.90424,664.54175,315.44907,685.5083,324.43204,708.9082,9.89189142704861
65,6,348.31332,532.0217,352.42935,542.3587,346.0082,568.845,35.33917354458218
65,7,477.68686,446.1509,465.31802,470.0016,448.16058,495.94434,6.067953986384965
65,8,340.92078,505.015,351.32172,518.5709,360.02225,533.26025,6.859354645793185
65,9,403.87024,843.7541,387.95792,836.3366,374.41425,822.5252,20.56831480310581
65,10,565.6608,807.683,560.8298,825.77734,554.99365,845.42035,1.5982641917664269
66,1,668.8734,747.8768,665.99146,736.5168,680.35175,730.6797,82.11475237981264
66,3,656.63934,775.3667,660.48737,770.0301,649.76086,775.1773,151.42839267961293
66,4,626.93823,802.19824,630.76434,797.71466,634.24744,798.0441,54.92743350668292
66,5,302.07404,663.6042,314.0652,684.4857,323.8166,708.0213,7.36098052212533
66,6,342.74844,503.53818,354.79254,524.2905,352.37442,551.08746,35.28604802017474
66,7,476.42435,447.07156,463.54718,473.08368,444.6227,500.38937,8.386772174172055
66,8,343.09158,501.45337,352.73865,519.31854,361.8633,539.1889,3.70369612365983
66,9,402.98224,844.17444,386.78394,836.9504,373.38388,821.6878,24.682160615525895
66,10,566.3404,807.3897,561.01776,825.8792,555.89185,845.5289,1.4392626252899594
67,1,669.3059,743.9135,666.1942,736.5875,677.0869,735.49567,107.28915871812804
67,3,660.8418,767.7794,660.1532,770.01855,645.4765,780.53314,37.28750081319497
67,4,644.83966,794.96735,634.0511,796.5856,617.462,800.2072,3.7847556782884895
67,5,302.51758,663.5523,315.35663,684.009,324.0401,707.61066,11.913814519548925
67,6,344.22818,501.2367,353.25632,516.956,364.41736,534.9563,1.930669441294115
67,7,475.39618,446.65112,462.29114,473.33685,443.56662,501.41122,7.546652541757057
67,8,343.52798,503.47778,353.59354,522.4476,351.8054,547.4247,32.045753462894226
67,9,402.607,842.9167,386.6305,836.04535,375.76068,826.2673,18.701293370633458
67,10,566.1774,807.627,561.0922,826.2571,556.1714,845.7407,1.0930692335727599
68,1,671.3009,736.50366,667.7649,734.84985,678.2564,734.5322,153.20021909049075
68,3,658.7345,769.6682,660.811,769.57654,648.1939,778.69073,146.68468474514034
68,4,655.2011,792.61487,638.8149,794.7536,620.73224,800.3499,9.760317202536699
68,5,302.8146,665.3552,314.33884,683.73956,322.41888,705.3705,11.598803434108847
68,6,344.12717,502.83942,350.1675,520.3847,349.0862,535.99994,22.958314759975973
68,7,475.39377,446.72357,461.70703,472.86856,443.59802,501.05307,5.0895820649003625
68,8,343.28543,503.4709,351.68146,524.1049,349.61948,550.04395,26.68657231080671
68,9,400.90256,843.32874,384.74197,835.1561,372.97354,820.68,24.06418869203018
68,10,563.61194,814.9246,560.90967,827.1395,558.6058,838.896,1.3870567321783043
69,1,671.8491,735.0507,667.705,735.2264,678.25903,735.50085,176.08313319743792
69,3,664.73724,767.83453,662.1601,769.1622,645.13525,778.404,1.239384270485184
69,4,652.0774,786.4911,644.8639,786.8004,632.4521,795.2338,31.73938058149374
69,5,302.60535,664.76324,313.6505,682.41766,320.64062,702.32513,12.683690776418251
69,7,476.30838,446.7243,462.7722,472.72247,446.02722,501.55627,2.641306048002296
69,8,342.53055,505.1148,354.366,530.0249,349.78073,558.58704,34.53388322802973
69,9,400.07336,841.8438,387.13586,835.3762,374.3726,823.6148,16.099746282116318
69,10,563.04407,817.4059,561.26855,826.52466,559.4674,834.7739,1.2984487812800598
70,1,672.6617,735.0984,668.1031,735.0266,675.9135,737.52954,163.13347599908425
70,2,464.77023,474.8188,457.6606,482.86838,451.00967,492.10413,5.693092356075469
70,3,660.0388,766.0765,663.10077,767.2101,651.52814,776.5345,120.82487714274295
70,4,645.50775,790.3233,651.1796,780.5024,651.5869,783.8021,142.95585410434168
70,5,301.8224,663.15106,312.5268,680.27655,319.91882,700.23175,11.681538355520086
70,6,341.43542,504.56418,354.6038,529.9125,349.66315,558.93475,37.112939542825785
70,7,476.49152,446.73477,463.9944,470.55197,448.27966,497.13617,2.902252246153742
70,9,406.1612,844.90485,389.4453,837.4698,374.70728,826.5128,12.649863850337992
70,10,561.4018,828.06024,561.7606,826.3298,562.066,823.02454,6.436265055598165
71,1,672.73975,730.265,669.2544,734.1021,669.8433,737.5367,51.97973900790561
71,3,663.52856,755.3049,665.0538,760.6644,656.80585,767.69885,65.42520689208118
71,4,655.77924,771.329,657.6613,776.7282,647.0093,786.1845,67.62076324195233
71,5,300.06732,658.32794,313.58902,675.76,320.183,699.63855,22.362675844406606
71,6,343.22073,520.981,353.75592,531.6202,347.0333,554.23663,61.27297365411591
71,7,447.19733,499.88788,463.56857,472.0182,476.28995,447.1826,3.3082538752823245
71,8,341.77347,505.882,349.82132,522.8487,348.67264,537.1539,29.967385208306506
71,9,399.21902,842.0971,387.11725,836.5756,378.68802,829.6534,14.868426798437978
71,10,561.264,829.2934,562.0342,825.42065,562.90875,820.3114,1.5346761949814727
72,1,670.51105,742.15967,668.18866,734.73126,672.83655,731.77625,74.91389521991967
72,2,458.47342,499.16177,451.42722,495.45554,448.88287,489.003,40.73593171504531
72,3,656.5979,773.1408,667.41986,757.0827,668.5094,743.6149,29.351888074025467
72,4,660.63226,771.36755,661.72296,778.8815,649.94495,785.2228,69.96108606593036
72,5,312.79578,685.9908,312.84488,678.33105,313.2136,683.02625,175.142474256906
72,6,347.84726,559.0007,354.28857,535.36206,339.8941,520.6294,59.577296800342964
72,7,450.04486,493.4663,464.5602,469.7854,476.6786,447.2317,3.2567222825436284
72,8,350.906,531.5641,349.40726,517.30896,340.19516,500.05124,22.09121125937255
72,9,400.9952,842.6897,388.20752,836.174,374.71127,823.3302,16.580968679376536
72,10,561.7525,826.88214,562.4258,823.1526,563.7693,818.8685,7.178596039563421
73,1,667.5046,735.85876,667.9779,732.0661,675.97974,729.60284,65.77593527292947
73,2,458.66156,517.75995,450.43396,503.60406,447.23547,486.24826,19.723942560216525
73,3,653.0487,773.5861,668.1625,755.9627,685.8319,741.9902,11.047672825764348
73,4,650.5008,786.9338,665.888,777.91327,681.85535,763.5295,11.633013760957981
73,5,318.08905,698.3965,312.8984,680.6885,306.5994,668.7789,11.537290322745866
73,6,348.04758,559.908,355.34955,533.89496,339.97864,515.174,55.0674933082162
73,7,450.0193,495.25934,464.05417,470.53827,476.46875,447.3965,1.3733035456729321
73,8,353.36273,525.42566,348.32565,516.07416,339.26883,499.69998,0.6394963672631374
73,9,401.02975,843.79913,387.251,837.3114,375.4601,827.0422,15.840663659640494
73,10,562.84766,823.03534,562.9622,821.845,564.1428,820.50037,35.786797046081205
74,1,671.1183,729.9422,667.91077,732.2922,673.444,734.21326,124.6252117418775
74,3,656.11487,758.62305,670.20624,754.83514,678.8982,750.282,12.601194647083592
74,4,652.96124,784.0931,666.6544,776.57983,682.5312,761.1512,15.426955560832273
74,5,310.79953,683.008,311.9109,679.41736,311.1777,681.0895,173.52179843124827
74,6,348.3969,559.5365,355.11548,531.094,341.95474,509.39578,44.528841219333444
74,7,447.8869,499.77124,463.0241,471.92776,475.30655,447.92834,1.4286179051011836
74,8,351.5216,530.8205,348.03796,518.3004,342.03885,499.957,2.5611669638927297
74,9,383.00635,831.8263,387.6155,836.536,396.24203,840.1041,23.1471845141451
74,10,569.20325,802.7765,563.5395,819.5476,558.7722,837.7634,3.9943436343744168
75,1,670.6357,729.8426,667.6871,732.5782,674.58746,733.60583,128.67554240687716
75,2,453.69437,491.5003,451.0513,500.1792,447.5432,507.71356,8.029668476487712
75,3,657.2204,760.6748,671.2913,755.5221,681.09125,748.49976,15.511743044886257
75,4,658.7205,784.3075,669.23706,774.6014,682.0214,756.9166,11.431613838265529
75,5,297.65668,657.7088,310.57944,675.3605,319.01672,698.18463,15.920240310587532
75,6,348.1168,559.51776,355.52417,531.0679,342.0735,509.8719,46.99249929934182
75,7,447.37112,500.00436,462.7104,473.1251,474.1488,449.5711,3.8097657346305747
75,8,350.56595,526.7807,345.8386,515.2557,339.42133,497.08047,2.8556762181018294
75,9,398.004,840.8342,387.5705,836.00366,374.03778,821.1273,22.86436387469334
75,10,560.42413,815.47156,561.82996,817.2026,562.75684,821.51416,26.948817254939307
76,1,670.5798,729.4461,667.11676,733.0796,675.27185,734.56934,123.27145016182736
76,3,661.27625,766.47363,670.85095,755.6508,686.648,745.4401,15.624242715979687
76,4,659.57965,785.4892,669.9796,773.1717,683.40936,753.2465,6.194858101932231
76,5,301.6827,659.93555,311.6744,676.00696,318.8368,697.2168,13.210069432736887
76,6,347.4177,553.29803,355.38828,531.08356,341.11487,519.1962,69.9494840012824
76,7,446.04645,509.15335,459.84583,478.68567,472.76715,452.552,1.9427955006313293
76,8,339.48596,493.4381,343.86548,508.52344,335.27386,519.8273,53.42596353392219
76,9,400.0943,842.3453,386.1705,834.7615,374.73642,821.5435,20.563288643238963
76,10,565.1218,804.9119,562.4276,817.73267,558.7933,832.5491,1.914279698561255
77,1,666.02496,736.6838,666.6754,733.39984,679.3601,728.3126,56.9430494213005
77,3,656.42426,763.10925,670.44446,755.47296,683.7604,744.9942,9.624961060230653
77,4,655.262,786.3537,669.0674,774.52734,683.41113,754.80994,13.380372358920484
77,5,300.78168,655.5553,311.13086,675.2393,319.11368,697.3198,7.857302800108133
77,6,339.25964,516.6725,354.57974,530.6974,349.91766,555.7287,58.07765999205571
77,7,445.34943,510.0137,458.70276,480.18848,472.20087,454.8065,3.8849401890163087
77,8,330.72318,495.37366,345.90543,505.06778,343.73718,518.2686,66.7686575382061
77,9,397.4323,840.01715,388.14432,836.3237,375.86752,824.2793,22.767125379671292
77,10,559.34436,818.2183,563.0984,817.6452,568.0787,819.76135,31.701109756539118
78,1,667.741,733.85895,667.1038,733.2708,676.64435,731.921,129.24059420646907
78,3,655.7924,762.049,671.04333,755.0058,682.49817,748.841,3.499894284021802
78,4,652.47125,786.547,667.6053,776.5063,682.73663,759.2826,15.137668561760512
78,5,302.9686,659.921,311.33875,675.01697,318.40543,695.26526,9.767687460202955
78,6,338.80267,516.7205,354.72125,529.4068,350.60477,554.571,60.73742735841405
78,7,445.42032,507.51385,460.3823,480.6814,472.25266,457.89343,1.6290678890299168
78,8,331.69293,498.4461,344.85785,503.06827,341.8994,516.1962,83.35365617433324
78,9,404.59885,844.32245,388.60883,837.5228,376.22592,827.616,15.623938390942103
78,10,559.31537,817.48987,563.5773,816.26086,568.33154,817.57544,31.542297028895597
79,1,665.3597,734.8869,667.10516,733.5779,677.0163,729.0357,12.246464213649347
79,3,667.35614,765.10846,673.3331,755.1543,685.41455,748.4561,30.012368941397344
79,4,682.5965,764.32245,666.13,778.77924,650.1175,787.934,11.523810387984291
79,5,301.6735,657.5791,310.51138,674.3949,319.10025,695.29315,5.383176483885988
79,6,338.71677,516.0825,354.7488,528.7387,351.37637,553.5525,59.45098945047534
79,7,466.74527,463.37305,459.97443,483.8566,450.0336,503.60815,8.424525435837133
79,8,330.40176,493.0528,344.81924,504.18243,342.75592,518.49567,60.53645892969389
79,9,402.00635,844.0399,387.74365,836.7536,375.27417,828.30804,7.048819038148032
79,10,562.5259,810.217,563.1849,815.6144,562.63666,823.3772,11.000703156533339
80,1,666.35376,734.19305,667.48303,732.9767,675.67737,729.3765,23.4083361524414
80,3,666.6501,762.0347,672.7496,751.42993,684.002,747.3576,40.198581748242155
80,4,682.42365,764.6009,665.5659,779.0581,647.9894,787.9588,13.758958739111918
80,5,298.69147,652.5473,308.86862,670.87,317.894,691.20886,5.12017162058665
80,6,339.7066,518.542,354.99628,527.4186,351.7156,552.6913,67.25847389170515
80,7,452.80972,489.62244,459.79132,484.6083,463.005,479.139,23.876471835990763
80,8,328.55444,495.4636,343.83636,503.3946,343.74854,518.1981,62.91155733515786
80,9,400.6634,841.841,385.96835,835.38214,373.05765,822.4627,21.29258073290025
80,10,568.43225,808.89606,566.5048,817.14465,565.86755,825.0681,8.553867126013177
81,1,676.2604,729.1764,667.9691,733.0582,667.2283,734.7938,41.796376766219225
81,3,668.8886,767.395,676.67017,746.227,683.92,728.8526,2.465612845364384
81,4,681.04474,765.9926,664.4628,779.3054,644.17865,786.5906,19.00328691724781
81,5,299.43787,653.084,308.36737,669.2623,314.95532,687.40344,8.937603202242716
81,6,347.43658,533.8068,354.87442,526.5048,348.9789,539.2018,159.3785982544325
81,7,472.2604,456.9186,459.59793,484.04727,444.18274,512.5337,3.3985147520261814
81,8,350.23117,515.367,344.1762,505.8208,338.4015,495.62543,2.8587592254744667
81,9,400.43164,842.6705,385.1365,834.22705,372.92072,820.99725,18.381888628709245
81,10,569.3006,803.4008,566.0762,816.1271,565.05475,829.6323,9.892587185639448
82,1,678.054,728.8954,668.4353,733.8978,665.44336,734.1083,23.454265896666495
82,3,666.9277,748.786,671.0681,753.5427,669.8956,759.281,52.585780770744556
82,4,650.2924,781.6917,664.2188,779.5527,672.40857,771.17944,36.90248692123555
82,5,296.2147,646.84454,307.75696,665.4773,315.6777,688.0985,12.479060299878597
82,6,344.52884,508.0658,353.15506,523.9492,360.19238,548.7653,12.67399720091356
82,7,471.94376,456.93616,459.10614,484.6154,444.19342,513.36597,2.5335821471744273
82,8,336.43896,496.1257,343.66278,505.07462,350.3548,514.6052,3.836450833475058
82,9,399.3992,841.9251,387.0768,835.6941,373.64246,822.74054,17.131955404472432
82,10,571.9158,797.2009,566.7601,813.77563,563.014,832.4382,5.928702320800413
83,1,680.296,724.37463,668.9109,733.8893,662.70404,739.0244,0.28393029707233297
83,3,667.4094,749.84375,671.33276,754.0628,671.1922,763.371,43.7852117700064
83,4,644.1452,785.44635,663.5901,780.449,679.7348,770.15265,18.114578456654424
83,5,295.49985,641.98,309.1893,662.4696,316.93344,687.66693,16.663248577164968
83,6,338.2593,497.13605,350.89902,519.5301,355.84073,548.22864,19.67121488091339
83,7,448.65906,500.89682,458.70163,485.06268,467.62323,471.60785,1.1629793532266819
83,8,335.35297,494.81583,349.1707,515.7149,352.80862,540.07025,24.975823466853463
83,9,403.65826,844.2854,388.77292,837.25134,375.91016,827.39124,12.179355335528905
83,10,567.407,815.25165,567.54895,812.6962,569.5959,811.4057,54.59005884333737
84,1,682.1047,721.8762,669.3447,733.6401,660.95886,741.4379,0.24628834802245791
84,3,665.22675,760.9462,671.2283,753.23004,671.3463,755.3851,138.9895451607605
84,4,645.4908,787.8302,663.26556,780.8536,680.6606,770.96234,8.19357137293155
84,5,306.09155,655.6969,307.03238,660.4648,303.89154,658.8282,128.68519739455192
84,6,337.64822,496.15546,351.60226,519.5712,356.42212,548.17053,21.22556649597685
84,7,444.65228,512.3903,457.67026,486.2309,468.84918,464.46268,0.7249675800600318
84,9,408.96585,845.75604,391.1512,837.86316,378.60385,820.7866,29.79656014111771
84,10,566.03925,825.9279,567.90466,812.6517,572.77277,801.31995,15.250173017816792
85,1,660.8536,740.59576,669.03754,731.49133,682.1312,719.72235,6.09753986155928
85,3,663.8294,766.7137,672.098,752.86456,675.6749,748.7341,10.052421236019452
85,4,647.2774,787.2328,664.5687,780.13464,681.77905,771.2572,4.967317122668087
85,5,299.04465,646.2704,306.88406,659.2653,308.62793,668.2793,20.151889799729577
85,6,335.4085,495.087,349.02792,518.2828,354.40475,541.6917,17.48338041015458
85,7,442.69928,516.04803,456.38303,487.39944,468.25784,463.98846,1.364440243241529
85,8,336.99033,502.1941,351.54205,521.791,355.3337,546.99274,28.039673736311325
85,9,410.77383,848.0944,391.48398,839.1312,376.89874,827.6611,13.259935696731462
85,10,571.402,802.92206,568.8849,809.94336,568.096,819.22235,14.862942498294489
86,1,661.5002,738.4516,669.4199,728.10693,680.52856,712.39276,2.180141899782405
86,2,469.95486,459.49478,457.2677,487.06168,442.01364,516.73834,2.490179051062233
86,3,664.5131,766.48364,671.9086,751.7325,674.9641,747.68774,10.441217948394105
86,4,644.91406,785.02704,664.65497,778.0228,682.0011,770.6476,3.499278864339566
86,5,294.1302,639.3079,307.5052,661.3667,316.04773,686.5413,12.486217747787098
86,6,336.6231,493.88904,349.3083,517.04,352.79718,546.07684,21.86835550227141
86,9,376.13287,827.1398,387.9423,837.0514,403.6878,845.00305,13.212370653843852
86,10,574.3005,792.95386,569.3754,809.25226,564.0897,826.3199,0.39416112793789093
87,1,658.8322,741.919,667.55426,730.5351,681.0445,718.3721,10.503259646973092
87,3,661.2546,770.5498,668.6508,747.22955,680.3735,723.5586,8.749226517890662
87,4,647.0513,784.58954,664.95087,776.6441,682.1804,770.4769,4.241547544433958
87,5,294.50354,639.1345,307.71793,661.3281,316.12372,686.3392,12.19352736346924
87,6,360.4913,522.93365,348.53452,511.01404,336.46915,497.15445,4.048059385329668
87,7,442.6292,517.7041,456.05792,488.8183,467.02774,464.80606,0.37949179063681887
87,8,349.0034,537.5275,352.32977,527.9174,343.02344,528.25757,111.18572226232999
87,9,373.91214,821.8395,386.6742,836.1702,404.70398,844.14417,24.455646845033986
87,10,571.7327,798.0853,570.27576,809.7079,566.5636,821.7068,10.045571094022158
88,1,693.55194,722.29956,684.1773,700.6667,670.8611,678.12354,7.140755568279328
88,3,661.9977,768.10767,666.8968,745.2005,679.3199,723.4029,17.608194775027904
88,4,643.9026,784.4504,663.2022,776.28,681.99963,771.1297,7.622540716358764
88,5,302.11298,653.2224,308.0859,663.7846,313.0148,682.8274,14.97666986623511
88,6,352.35205,522.76355,345.71906,507.29803,337.6199,490.42648,2.429224645719216
88,7,440.88977,515.664,453.8669,494.46167,463.01508,477.21848,3.521588697584928
88,8,351.07678,546.24603,352.98608,524.3618,339.69604,512.2239,52.58038015559244
88,9,373.18274,822.5605,385.97992,835.4117,401.36322,843.3522,17.818953764128374
88,10,570.65106,803.4928,570.8245,809.3696,568.8875,816.35297,17.193432342798925
89,1,668.4452,677.351,681.02966,698.90216,689.0055,721.25757,10.647083198055968
89,2,467.56458,463.3967,455.88712,489.57843,441.24435,517.6168,3.537786149898097
89,3,662.8029,767.3205,667.7229,743.8432,677.0632,720.6967,10.139640338821557
89,4,642.2626,783.9793,663.055,775.8575,682.7766,770.46967,6.056344746665756
89,5,292.9899,632.3374,306.009,657.69684,315.5461,683.635,6.987411527843215
89,6,336.26187,500.97485,345.55573,504.04462,346.00604,507.796,64.87651945288076
89,8,335.75665,508.31995,350.82687,524.3889,351.75598,546.99,40.80889760604687
89,9,372.2118,822.3855,385.20496,835.804,400.5349,842.6943,21.72046627857699
89,10,576.6869,788.1944,571.93634,807.18243,564.9125,825.3261,7.116373078624833
90,1,666.9909,676.6844,679.7986,698.37213,687.1929,719.3355,11.134961579189119
90,2,466.67606,464.7992,455.7124,491.2898,440.95743,518.8188,5.707224137957688
90,3,663.1381,762.96454,665.4811,740.3897,675.9233,719.6275,20.774483365826416
90,4,642.47943,783.7705,663.8465,776.0519,683.3309,769.8777,2.2792442385194573
90,5,292.4642,630.54877,302.81662,652.3693,310.8815,671.2846,2.289354663228638
90,6,343.468,506.49664,342.9965,504.4984,342.30597,501.39,0.7517343472094948
90,8,337.74313,506.00842,351.9774,523.9438,351.8335,547.20593,38.79138997551936
90,9,373.98132,822.18536,385.83286,834.1156,399.0759,843.3417,10.325691986388978
90,10,575.79816,789.2923,572.0241,807.9262,565.72125,825.48517,8.29618793959483
91,1,668.02057,677.60944,680.23395,698.6227,688.9069,718.932,7.041551816741056
91,2,467.43793,466.24744,455.72928,492.45084,439.99326,521.2884,4.543467399678388
91,3,662.07495,759.197,664.264,737.73956,674.3453,718.04553,21.282731954214146
91,4,642.3154,785.303,662.5537,777.77203,681.0311,771.3073,1.1274380798633696
91,5,292.686,630.1452,303.08405,651.66504,312.1343,671.7769,1.5614753965796406
91,6,346.79327,515.4313,342.15408,503.97604,339.67877,489.8918,12.079186742427655
91,8,339.00204,504.89685,352.22653,523.06506,352.16165,546.8143,36.20707389105473
91,9,374.8707,823.40717,388.21356,835.8851,399.74634,842.2237,14.28742966325079
91,10,575.51404,788.24567,572.3148,807.4036,565.55457,825.10693,11.419649551180232
92,1,668.89856,677.40704,680.29486,697.1027,690.5852,717.0395,2.754063620125279
92,2,464.31656,480.29257,456.24347,494.18134,442.85684,512.0585,6.658320811501855
92,3,662.14166,760.27423,665.0052,738.74207,674.63434,717.8905,17.21204625058215
92,4,644.98157,785.0931,662.8306,778.1934,678.873,772.42505,1.3572502668668083
92,5,296.74365,634.5078,305.19278,654.6032,313.03656,670.6914,3.1870875031862695
92,6,346.83398,515.21295,341.99786,504.10577,338.46472,487.66187,11.402353612133
92,8,339.41083,504.25732,352.31512,522.2668,352.6538,546.72577,34.82935608114937
92,9,376.00604,828.8739,389.50284,837.7404,404.79434,844.6987,8.834711518808612
92,10,574.6708,788.87384,571.90466,807.1175,565.4714,824.4083,11.786843426221562
93,1,670.5542,680.771,680.52594,696.18634,690.4416,714.8334,4.895689896315936
93,2,459.7786,490.25482,454.93832,495.03305,446.6139,507.01282,10.575124713133192
93,3,663.3334,758.26245,666.75555,736.85394,674.8068,717.0806,13.073125164543791
93,4,632.8296,788.3584,654.88995,780.9897,674.8552,770.5641,9.102347222611513
93,5,296.21622,639.8002,305.6392,657.7322,313.91873,676.7579,4.203607814050956
93,6,346.14273,514.2596,341.78943,504.05563,340.45438,491.68103,16.946882866851425
93,8,339.43652,504.08566,352.1883,522.02423,352.721,546.7274,34.172050156110316
93,9,374.63245,827.88965,387.80374,836.9152,403.35776,844.6218,8.063507562591445
93,10,575.08075,786.7922,571.7469,805.0111,565.46124,822.31995,9.58855604208749
94,1,691.7684,710.87177,676.0142,691.1373,663.5371,669.49713,8.634129929369921
94,2,452.15417,501.54974,454.29224,496.56378,451.2322,492.93085,63.31793812870952
94,3,661.9439,756.67017,666.1521,735.7426,673.9344,715.25616,9.43090133034644
94,4,673.1555,766.48816,655.9686,780.78687,632.52686,787.22864,24.39338964588809
94,5,295.62836,638.1709,306.68393,654.44904,314.03918,675.79663,15.171789904813004
94,6,339.79404,492.51944,341.5839,503.04227,344.1095,513.7218,3.6522691289509854
94,8,339.40598,504.65158,352.40836,522.2004,352.2702,546.7661,36.85797048022843
94,9,377.1222,824.61664,391.59644,837.7773,403.8429,843.07776,18.87474798109653
94,10,575.90826,785.737,571.8723,804.2907,565.8664,821.527,6.93845026829544
95,1,690.9127,710.91986,674.94196,691.2676,662.1213,669.62427,8.458722519870522
95,2,465.10962,466.82574,453.67697,495.67953,438.37158,525.75305,5.358183227206572
95,3,661.7837,756.3904,665.6058,735.0782,674.35925,715.4071,13.821481782196628
95,4,671.5806,765.58875,655.8256,780.23425,632.23334,785.9804,29.221394026694412
95,5,293.94766,631.62244,302.25204,647.2731,308.53366,661.00183,3.364412102730892
95,6,345.0363,507.6908,341.9774,503.13284,338.93658,498.92877,2.01226994117477
95,8,338.73874,505.82938,352.46393,523.3517,351.9942,547.0735,39.205916731940455
95,9,382.12762,831.05096,394.72983,841.56635,411.72406,848.96564,16.31358228705211
95,10,576.6315,785.7392,572.6533,803.9988,566.2521,820.9712,8.373532678699128
96,1,686.2631,708.27155,674.8444,691.4186,666.911,675.7383,7.282490695099462
96,2,464.92172,469.2616,452.70508,496.43137,438.6184,526.22107,1.09735732816506
96,3,661.3915,757.36945,665.35095,736.1277,675.1432,716.85095,16.37099107445231
96,4,669.21716,764.39075,656.5625,780.1245,631.98315,785.8062,38.174539224939345
96,5,283.44022,621.8175,295.69034,639.6,303.64847,649.1248,5.316771173188345
96,6,348.4848,522.60516,345.42587,508.16617,338.6335,494.0818,13.78488136820188
96,8,335.96515,503.84595,350.34872,523.52496,351.892,547.04407,32.40917019568805
96,9,413.19922,850.3235,395.5766,842.62885,383.4295,831.7073,18.371272691529033
96,10,577.8566,784.2629,573.3414,802.2714,566.8677,818.9113,7.182830781706382
97,1,662.7836,668.7312,676.1008,690.2572,688.61633,709.1348,1.8003757831265836
97,2,464.87625,467.84872,452.25943,497.33133,436.71716,527.6648,3.9616070096107276
97,3,661.31866,756.5377,664.3895,736.40643,675.18024,718.8297,22.87347667073602
97,4,667.69183,763.1065,657.29315,780.76685,631.73193,785.4298,49.17134929476126
97,5,289.63364,626.9398,303.13214,649.38916,312.2155,674.68585,11.26610214086335
97,6,354.3096,525.2743,349.09546,515.74384,342.36557,501.67386,3.1206698494073306
97,8,336.18924,507.32843,350.03857,524.0892,351.84897,546.6235,34.9735421613591
97,9,413.72235,849.5271,397.35028,841.9271,384.85736,832.7364,11.440122682120284
97,10,575.68744,790.2823,573.58264,802.53406,568.98,814.2426,11.711910652075327
98,1,685.84094,707.4817,675.04095,688.4524,663.79724,670.41504,2.36073994137626
98,2,464.60355,468.889,452.57724,498.29312,437.00842,528.4917,5.028703348240591
98,3,661.1856,755.64655,664.5067,736.0342,675.1968,718.43054,21.65769397715898
98,4,666.2684,760.3916,657.92206,780.85364,631.2214,785.5876,57.75592764655332
98,5,289.30222,624.97845,302.5749,648.3824,311.43884,673.9755,10.455078275629958
98,6,340.30374,519.07007,351.137,525.8078,348.1964,542.18024,68.30257549537079
98,8,342.71243,516.30676,343.64642,519.5959,339.32034,523.8403,61.398742443568764
98,9,411.0914,847.7261,394.07294,841.26465,380.96707,831.34827,16.322139292129933
98,10,571.3559,804.8609,574.0165,802.1536,573.35315,801.8455,109.5875682521561
99,1,660.88666,664.0906,674.4342,685.7343,687.2676,709.9415,4.113707844554971
99,2,462.87817,471.16696,452.2401,498.64825,437.8182,526.8249,5.943661013252202
99,3,660.14777,753.33374,663.55145,733.9706,673.77313,716.52747,20.400660241580695
99,4,631.35767,785.59973,657.1643,780.6638,667.225,760.0739,53.13095441550326
99,5,288.1275,622.0874,301.39386,647.1013,311.63434,673.67206,6.862785112487043
99,6,336.98294,515.4116,349.83636,526.4203,350.41772,546.8591,47.79141756411573
99,8,344.5865,527.4442,347.62546,510.78223,340.45868,498.40283,40.40428726931096
99,9,403.49854,844.4999,388.72818,837.09015,376.85104,828.0037,10.776050761093845
99,10,578.40857,781.58105,575.68616,799.6916,568.4602,815.16583,16.48218016841907
100,1,660.3912,663.05237,674.488,685.853,688.3319,709.38104,1.253825978320658
100,3,661.792,747.953,664.33484,730.0587,673.6042,707.56836,14.311115379314332
100,4,667.8169,759.6852,656.7759,780.1974,631.4339,785.6331,49.60172010371885
100,5,287.9122,622.3031,301.11816,646.50183,311.81766,672.09814,5.937193428656218
100,6,337.76645,519.80743,348.14954,527.6241,348.72528,546.0683,51.23870701039874
100,7,437.09232,528.96924,451.99545,500.79227,461.45065,473.50058,8.766295568782674
100,8,333.19632,520.01904,344.5069,510.1547,341.08026,499.70535,67.06296683455587
100,9,400.5563,843.0149,387.57538,835.87555,374.61993,824.17004,13.2882250792302
100,10,579.8548,775.8075,577.1785,797.6957,567.87,815.4291,20.72471507492888
101,1,667.2668,670.6774,673.90094,684.6353,684.36475,700.7534,7.569812101963326
101,2,460.72314,475.69672,451.74576,501.91824,437.33905,529.0958,9.028349573082357
101,3,660.462,758.90607,663.74756,737.2306,673.16797,715.8796,15.188535739754984
101,4,631.32043,785.6826,654.61804,780.8696,665.65234,762.4546,47.39755657273191
101,5,288.38025,622.57166,300.61255,646.5865,312.3075,670.4653,0.8989637197953214
101,6,348.21722,547.5397,347.74124,530.09753,335.36218,521.9472,55.076061556829735
101,8,343.01843,526.38257,345.6906,509.0889,328.36353,495.96365,61.63987418670382
101,9,402.41147,843.24896,386.4422,835.9818,372.83298,822.6605,19.91853315662075
101,10,581.00696,773.79346,578.0552,795.26465,567.9384,814.2984,20.163653124947267
102,1,669.3696,673.3502,674.21985,683.6421,682.8,696.2383,9.02852367420046
102,2,460.6797,476.76712,451.4549,503.44638,437.3462,530.8612,8.158391196599212
102,3,659.56726,760.21484,664.422,738.50757,672.9041,716.2241,8.232657585990557
102,4,631.0902,785.6216,653.9252,780.91125,663.7404,762.63336,50.1088359080355
102,5,286.91385,619.64954,300.1482,643.975,311.24268,668.04944,3.80632050560621
102,6,338.8836,523.31696,349.02094,527.24384,343.55835,544.54443,86.34848728225192
102,8,347.72662,537.201,346.76096,513.0981,328.2821,498.49286,49.38373651163295
102,9,402.40295,844.1246,386.03912,835.9254,372.2415,822.68036,17.216073614600052
102,10,586.03766,771.77405,581.7047,792.8865,575.2774,804.3687,17.64053255167033
103,1,662.7539,662.32336,674.79645,683.52203,689.0364,704.0118,5.198442298313006
103,2,463.39282,477.57343,453.04828,504.59866,438.2696,531.6485,7.7044641295998
103,3,658.32776,764.6366,667.11475,743.01544,675.62933,717.8053,3.455077598620384
103,4,630.6842,785.6564,653.728,780.54004,663.7935,762.2667,48.63459654985262
103,5,287.14633,619.7419,300.1262,642.8691,310.4985,665.299,4.485501423924173
103,6,345.02072,546.1907,348.14908,530.57025,337.0233,525.3335,76.11928906255754
103,8,340.6648,542.8897,345.85626,520.3053,334.05725,505.79166,52.055393677768066
103,9,403.51004,844.74286,388.35834,836.5973,373.94678,822.8268,15.434399984718953
103,10,581.84344,772.64874,577.22986,794.4266,567.8164,813.4609,14.35364771752042
104,1,661.02686,657.6892,673.7662,682.01587,689.2483,702.508,9.431568244260934
104,2,464.4574,478.40802,454.3781,506.03253,438.02734,533.2795,10.922397623364548
104,3,658.1084,765.0378,667.4976,745.67865,677.7503,723.0148,1.5323792102828482
104,4,631.93787,785.1778,654.173,780.7287,661.56177,763.44055,55.54350695568891
104,5,286.4137,618.76044,299.08548,640.98694,309.87683,663.09033,3.6657009128203564
104,6,344.96335,547.8693,348.12344,532.28394,336.48657,525.7821,72.26865481940045
104,8,335.05576,508.75833,345.32166,521.9475,339.87524,542.6013,52.66829384759809
104,9,402.339,845.55975,388.21063,837.6008,375.12573,828.5261,5.3484097885846955
104,10,581.42737,770.84503,577.44855,793.28107,568.0633,813.5367,14.803887578973075
105,1,660.63324,655.94666,672.67957,680.0028,689.50476,699.5639,14.100200360729255
105,3,657.1057,765.99286,667.46893,746.54675,677.5628,723.97076,3.9643247881142445
105,4,630.4838,786.1818,654.1006,780.2822,664.5389,760.15247,48.5652302176797
105,5,286.38663,618.3926,300.25974,639.2745,309.6151,664.273,13.08079276386043
105,6,331.30356,502.28406,347.84064,518.916,346.61737,547.036,47.3269986509854
105,7,437.6275,533.45374,452.548,506.30606,462.43585,478.43802,9.258223427593986
105,8,345.73093,539.84357,346.2502,514.3987,328.32794,498.16345,48.99669228183831
105,9,397.2629,842.32446,385.49298,835.68115,374.8448,829.1149,2.2184968132024068
105,10,579.43085,773.4272,576.7416,794.89575,568.65076,815.55426,14.247576397150864
106,1,659.71796,654.6584,672.3172,677.552,689.5317,696.0448,14.123955644848122
106,2,460.52368,478.08994,450.79413,506.0166,436.88358,533.96454,7.252768209007585
106,3,657.61804,766.6399,668.13654,745.6197,678.0261,721.4618,4.320374286202804
106,4,630.6684,786.23157,654.0358,780.5344,664.2038,760.96564,48.84174564898196
106,5,285.88913,618.74384,300.0863,637.9753,309.53616,662.2215,15.142598062943243
106,8,348.09155,547.4687,346.8263,516.8984,331.58337,497.09787,35.21992797120791
106,9,402.29678,844.04865,386.31146,835.57733,372.32812,822.6964,14.729055073946745
106,10,579.69904,772.45404,576.3072,794.3948,568.46783,813.68774,13.325630261206273
107,1,658.1712,652.67865,671.6512,675.80304,688.2927,696.1331,9.063320592249289
107,2,461.88315,477.97992,450.52045,505.7974,438.17355,533.45404,1.8389855919779656
107,3,658.18304,765.94836,668.1463,746.7848,676.6971,724.1454,6.778906761204489
107,4,630.28394,787.04297,652.04346,781.04834,662.71924,762.2144,45.05120162223745
107,5,284.3847,617.1801,297.70633,638.79694,308.20523,662.65625,7.892796422534382
107,8,335.1637,503.42114,347.56223,518.98303,346.84344,547.18036,40.00539280224132
107,9,400.6671,842.6849,387.56183,835.69116,374.01736,824.1438,12.362455354956762
107,10,579.1788,774.8449,575.9806,793.95966,569.0812,812.1257,11.29820363913674
108,1,657.1876,650.66235,670.71063,674.56256,687.7288,696.11316,8.79595891324386
108,2,461.66022,477.5934,452.25943,503.53168,441.38345,530.8406,1.7932963013953156
108,3,677.46924,717.9174,672.1808,739.1953,663.30524,747.61926,32.53775730181002
108,4,631.155,786.6736,653.99243,779.35834,664.3807,758.6555,45.59221779303676
108,5,281.99985,616.7349,296.4304,638.69275,307.62268,662.78107,8.391430349793001
108,7,439.30862,522.4206,442.46796,532.16705,447.2107,538.97485,16.90329107123839
108,8,335.3255,497.71088,347.97418,519.3229,348.61478,548.3799,29.075865190471355
108,9,401.097,843.8039,388.76224,837.6043,374.79254,829.6853,2.8629331171241708
108,10,580.18854,770.2896,577.1791,791.7373,568.01605,810.81555,17.66697367840155
109,1,656.3888,650.26196,670.5587,674.0874,686.5849,695.56714,5.985268575904814
109,2,460.91483,478.05447,451.87985,503.34207,441.7892,530.1783,0.9450187493641111
109,3,678.24115,719.63885,672.9794,740.63184,662.7067,747.131,43.60888213630163
109,4,631.317,786.4833,654.19635,778.9988,663.6641,757.19604,48.41282010470696
109,5,281.0376,616.1626,296.85837,638.3376,307.51974,662.5661,11.75486847027522
109,7,438.86444,522.49036,442.05942,536.53357,446.1378,546.41864,9.60277415162954
109,8,338.3219,504.51425,348.33392,520.70355,348.13187,547.5104,32.165937363923554
109,9,401.95892,844.06415,387.9121,835.95465,374.46432,828.93134,2.4222046854587007
109,10,581.0262,768.88556,578.5416,790.09357,567.8893,809.3449,22.275221629974357
110,1,656.13965,649.8253,669.66736,673.8351,685.8649,695.98755,6.775752435833578
110,2,460.707,478.38895,451.5508,502.96555,441.8313,527.5406,1.14568821766392
110,3,663.77435,750.98145,673.67737,737.9028,677.12225,715.57294,28.36253320233894
110,4,631.61786,786.4422,653.70337,780.16644,662.20703,758.9476,52.298214112547235
110,5,280.6549,615.4235,296.67828,637.30396,308.1419,660.79407,10.202628244505714
110,7,439.5244,528.48926,440.15277,535.0986,443.0782,540.84155,21.562963177855178
110,8,348.7466,548.12506,349.96503,522.4199,340.03564,500.25043,26.840653735188614
110,9,396.53662,840.4405,385.1895,834.4693,374.39273,823.7859,16.942887187986884
110,10,581.883,766.80835,579.00793,788.93445,567.3557,807.92804,24.124820747670412
111,1,656.2415,649.6457,668.2033,673.1043,683.5993,695.8407,7.08651120704615
111,2,460.09473,478.68253,451.50342,502.8505,442.1685,526.4175,2.039320630546823
111,3,664.04297,757.4834,671.7615,742.8096,678.12695,722.5748,10.28195029275624
111,4,631.65015,786.2461,654.3879,780.41583,659.3297,759.0151,62.615688095272446
111,5,278.89404,613.7659,295.2564,634.94214,307.77216,657.5294,8.701342213811145
111,7,438.5855,524.352,441.3023,534.8568,445.01944,545.82074,4.228089590381293
111,8,342.60495,500.6897,351.8513,521.4341,350.19034,548.5609,27.527628605207223
111,9,402.30066,844.39484,388.4888,836.79425,373.576,823.7014,12.45807026888718
111,10,582.7958,766.0019,579.64935,788.5779,568.6048,810.2627,19.056535552576033
112,1,656.1929,648.8173,668.0975,672.46936,683.153,695.62427,6.315158081588732
112,2,458.96313,479.89285,450.70847,503.95016,442.3215,527.5914,0.5941319352659642
112,3,679.45825,726.4524,672.2423,745.4675,663.40875,757.0208,16.620295606470187
112,4,631.3787,788.0771,652.9577,779.16705,658.76996,757.87573,52.2951321933813
112,5,277.86508,611.5771,294.5581,633.1318,307.02393,655.68945,8.83010749084389
112,7,440.61017,541.2135,444.0702,534.7662,443.51166,534.3574,82.02279128097202
112,8,344.03238,507.25436,351.30716,525.03906,351.08337,547.8395,22.80920951701537
112,9,403.10373,843.9835,389.1576,836.9852,376.0021,829.60974,2.6289010336831655
112,10,583.0512,762.16974,580.1448,788.7056,568.0769,811.9262,21.210553677950184
113,1,655.27936,646.8316,668.18964,671.9505,683.2171,695.3817,5.472174070085451
113,2,457.83127,483.33496,448.31894,510.75372,439.39484,541.47595,2.9357165680616126
113,3,677.54816,734.8251,668.5123,749.37476,660.2976,765.1687,4.361881751454543
113,4,632.83514,785.14655,653.76654,779.97894,655.97174,760.508,69.67042239261481
113,5,276.6407,610.80176,293.26587,632.31433,305.85236,653.7956,7.330048946896473
113,6,353.60733,534.5341,355.12482,532.125,357.7194,540.53827,130.65419143130072
113,8,350.89615,527.0563,351.9336,529.2154,352.04913,541.98303,25.145555123386263
113,9,402.20383,844.80444,389.14044,836.9805,376.30835,829.33405,0.12972151222939818
113,10,582.9867,762.17725,579.668,788.45416,568.1268,811.41486,19.488404291026477
114,1,655.20044,647.78687,668.0586,670.8456,683.069,693.64935,4.2093344922382
114,2,457.22794,484.92773,447.9683,512.8974,438.1056,543.926,0.6844273245212009
114,3,676.67145,735.2606,669.41376,748.76587,661.0012,763.85126,0.8935053694317647
114,4,630.9987,787.89484,652.2027,779.9917,657.67334,759.35596,54.710733186137254
114,5,276.5327,610.03827,292.57547,629.44476,304.92813,651.8677,10.72939243695275
114,6,352.87482,534.28754,353.66306,541.253,351.7942,554.32306,14.593831275900651
114,8,352.74265,522.38245,351.92,529.4961,354.24072,544.11163,15.618776665088836
114,9,400.80963,843.2538,388.12314,837.41705,377.65094,829.0695,13.852867750249295
114,10,582.7504,763.26807,579.26666,787.58405,568.27155,810.10406,17.870062913898266
115,1,671.5631,674.8808,668.1405,671.4218,668.24854,669.60614,48.10220707516914
115,2,457.9995,485.33987,449.20264,513.4692,438.2566,543.7334,2.5182390416385574
115,3,677.61884,733.6387,669.53796,748.4154,661.39905,762.1563,1.9660272332727005
115,4,631.2107,787.82947,652.5703,779.9525,658.0998,759.10455,54.90267273733949
115,5,275.1371,608.7302,291.87204,626.8244,303.62122,651.1085,16.946461078827305
115,6,361.77493,504.2263,355.14743,523.0706,356.34192,552.20685,21.724277134539324
115,8,356.65176,545.484,352.15497,520.20825,362.37955,503.12946,40.995646188391845
115,9,401.68408,843.90515,388.44736,837.19727,375.46182,829.5583,3.5926498480966296
115,10,584.13055,764.57544,579.8294,785.6793,573.5249,807.5892,4.533411313177614
116,1,664.0869,662.50446,667.9854,671.23413,674.4868,681.3976,8.541804531903967
116,2,458.76855,486.62625,450.22443,513.9719,438.36707,543.09424,4.802731292730485
116,3,678.8539,731.0893,669.9884,747.244,661.9582,762.4967,0.9916977951678464
116,4,631.7778,787.48865,652.1401,780.47943,657.4096,760.1545,56.47053277371135
116,5,280.61194,612.7784,287.16702,623.0454,296.3333,631.1547,15.944587344505335
116,6,366.24908,506.73227,353.17938,520.42584,356.90994,546.559,51.7888273384985
116,9,402.23163,843.25574,388.5929,835.9719,373.97247,824.175,10.794774985583256
116,10,583.7502,762.04846,580.2509,785.43475,573.98334,807.7255,7.194620332324128
117,1,657.0056,651.34686,667.9434,670.912,680.2699,690.5645,2.889679509894771
117,2,459.54584,488.00815,450.71057,516.542,437.9984,546.5541,5.751252347422655
117,3,663.1763,758.2271,672.6913,742.90356,681.9637,723.9663,5.7496844800040945
117,4,630.97345,787.83057,652.04315,780.7812,659.1003,760.0456,52.705659393881575
117,5,272.7118,607.97235,289.5202,627.1711,304.03195,649.2259,7.857677509813554
117,6,368.29892,509.10916,352.3145,519.08124,356.83478,545.6315,67.70363925261968
117,8,368.9439,511.97836,355.6213,523.09973,356.73724,551.4743,52.39794479370259
117,9,402.88184,844.20667,388.32593,835.8846,373.70016,823.0886,11.424391921898597
117,10,586.66034,792.82745,580.76373,798.4356,574.3405,802.7505,9.67198911911416
118,1,659.6034,656.9448,667.93195,671.20715,677.0665,687.15533,0.4801054105106927
118,2,457.70166,488.72916,449.46182,517.4749,437.64545,547.77423,5.310502073677392
118,3,669.3668,752.0817,676.63947,736.74023,681.82886,721.6366,6.401318294120873
118,4,630.82074,787.6861,651.45435,780.76996,660.16833,760.32623,48.383696406093755
118,5,271.33765,607.1301,288.51517,627.14276,303.52762,649.69617,6.991256452068016
118,6,370.78503,512.0595,352.20328,518.488,356.99963,546.14044,80.7567669802492
118,9,401.2422,844.3353,388.55255,837.2379,377.28027,831.09296,0.6214960714391086
118,10,589.77734,822.4858,582.6483,819.0844,578.0508,818.52765,18.60160954382999
119,1,654.39923,651.4564,668.14496,671.5419,680.59033,692.79126,4.029537026280414
119,2,456.8237,488.03555,448.5545,516.9833,437.05005,547.67633,4.604662506677062
119,3,684.0261,740.6537,678.61584,729.4607,678.63635,721.59106,25.94672393519413
119,4,630.7759,787.557,651.371,781.20667,660.6399,760.5327,48.714733737168444
119,5,270.3921,606.9352,288.26956,626.5523,303.44556,649.5786,8.955785945390826
119,6,372.18073,513.60156,352.18546,518.9755,356.9337,545.70496,85.02954851633532
119,8,357.52988,550.23303,355.9454,523.9139,372.13577,519.1597,77.08079531163689
119,9,401.71457,843.1575,388.71826,836.0366,373.20358,822.41125,12.57146483707413
119,10,589.9535,818.4635,582.7796,817.61035,574.69763,820.2334,24.763115053483485
120,1,651.10175,647.4952,667.87915,671.1979,682.69543,694.2034,2.5091285899459925
120,2,456.62878,488.4314,447.51816,517.3598,436.92645,548.2158,1.464467653025136
120,3,693.0451,709.2603,681.2183,720.8964,677.06604,730.0189,20.992017233314428
120,4,630.88885,787.3444,651.73145,780.7717,661.2619,759.94934,47.903687571325456
120,5,269.31985,606.3655,287.90622,625.59894,303.4565,649.1606,10.59564867159972
120,6,373.3362,515.9856,353.81305,519.4286,357.0746,545.9249,87.01593997169459
120,9,400.69186,844.69214,388.979,837.0201,376.49982,829.1051,0.8402332052770827
120,10,589.5891,818.2148,582.5624,818.48193,574.1185,821.3455,16.55619044391699
121,1,651.1987,648.0232,668.2253,671.1699,682.643,694.26434,4.3615674222569885
121,2,456.64328,488.3042,447.67346,517.9988,437.51764,549.25055,1.1945212491930912
121,3,695.1346,710.5148,684.55273,717.4234,679.0962,723.08856,12.935077000447967
121,4,631.25665,787.1493,653.1065,778.7235,663.0138,757.27844,44.1160644358179
121,5,268.98926,605.4368,287.7654,624.9443,303.26254,648.40796,10.461964015123558
121,6,374.99545,518.7931,355.24588,520.2708,357.9285,546.0335,91.66560150970993
121,8,353.43185,544.2921,354.45236,523.7265,358.83414,527.80774,130.1253760585388
121,9,403.64618,845.17303,389.19052,837.54767,374.64288,823.1802,16.83136560623916
121,10,589.0121,816.25525,586.72174,818.5051,583.9857,820.9862,2.286959621964484
122,1,652.94403,650.8267,669.0738,671.901,682.63544,694.0713,5.9753038392688165
122,2,456.29794,488.72806,447.77417,518.7792,436.74374,550.26874,3.4693283484218864
122,3,695.8397,709.8565,682.3503,721.8394,677.95233,735.85693,30.96567500855847
122,4,631.6161,786.96234,652.9671,777.86456,663.0554,757.4047,40.67395179209587
122,5,268.30515,604.7925,286.9364,624.1434,303.07584,647.4296,9.189192718801237
122,6,376.91284,520.484,355.50644,520.8272,358.04956,546.71466,94.69207536619764
122,8,354.32874,544.53033,354.4715,524.8326,360.33517,528.557,122.00719670848555
122,9,403.75623,844.36786,389.2095,836.06036,373.98483,823.79535,9.124706126602739
122,10,569.10736,824.44836,584.9891,818.93134,600.08344,813.72327,0.11869406681127799
123,1,663.74744,667.69214,669.22424,672.1948,672.6791,682.466,31.984130549442764
123,2,455.83585,489.76794,447.46375,520.07837,436.1634,551.7477,4.196800169175449
123,3,684.3698,735.1193,680.1995,727.01013,687.51965,721.27423,79.13374475115481
123,4,630.56244,786.22504,653.22845,779.96277,662.69147,756.9793,52.17683890656583
123,5,267.6701,604.432,286.17322,623.7806,302.1185,645.91864,7.956554909944858
123,6,377.77417,521.649,355.45563,521.2015,358.36774,547.6195,97.43911084278717
123,8,354.88333,543.9805,354.39227,526.1024,363.74182,530.1893,115.18433520912384
123,9,408.98337,845.9029,393.7728,839.92773,378.46744,830.736,9.540749773317197
123,10,564.69824,827.23785,584.7048,819.0027,604.1492,810.5551,1.1090641138286588
124,1,664.88605,670.74817,668.6545,671.62665,670.4317,680.4196,65.45123369195113
124,2,455.31573,491.135,447.369,521.4413,435.8047,552.8136,5.541603757091224
124,3,679.1595,744.953,679.8794,727.6084,692.8209,714.7215,42.74440693731948
124,4,630.2344,785.7482,653.51984,780.4313,664.14795,757.1012,52.64587504925086
124,5,266.51547,603.34454,285.39117,622.85016,301.00146,644.4972,8.263247857936094
124,6,379.01608,522.1739,355.48993,521.16223,358.18967,547.6738,98.27680085488447
124,9,416.1388,851.091,399.93716,843.25433,387.53156,833.20856,13.186885827771
124,10,564.6113,827.4293,584.359,818.3702,603.8741,810.4601,2.5786088041307123
125,1,652.85144,649.6473,666.23236,669.70123,676.9581,692.88257,8.883541175875946
125,2,454.12973,493.53354,445.97516,523.63525,434.94852,555.72546,3.8058060252272115
125,3,672.5893,752.8105,678.2736,729.50995,695.74036,715.16235,36.88959139902931
125,4,630.26685,785.63525,654.1886,780.09454,664.1695,755.8345,54.596335458433586
125,5,270.7461,608.15955,285.60654,624.3718,300.5749,642.22095,2.525689755718366
125,6,379.9633,521.6453,355.23346,520.736,357.74173,547.9047,97.38049644806361
125,9,415.79346,849.3102,402.33664,844.07153,392.23907,836.0846,17.072543842113504
125,10,585.2116,818.04956,582.8407,818.81647,582.10974,820.2816,45.5609926798716
126,1,651.37354,647.9578,666.15906,669.11487,676.81415,692.08813,10.065580114690206
126,2,454.74384,495.56607,446.61145,524.5943,435.66318,555.17926,4.044962067718531
126,3,677.7646,747.28156,681.3199,725.24854,696.241,710.53064,36.22652952046678
126,4,631.49457,786.1711,653.9903,779.278,660.4965,756.5459,56.9922576353674
126,5,285.0685,628.7384,285.5262,624.59607,288.95215,623.2345,62.02033443554295
126,6,381.71857,521.3809,356.05634,520.6992,357.63376,548.30865,94.79162246447898
126,9,411.28333,847.65625,393.24332,840.613,380.7361,831.14105,15.81035831713239
126,10,568.39343,826.2269,583.1859,819.0144,599.6199,811.4955,1.4076431403714864
127,1,651.09344,647.41016,666.36804,668.4219,677.5646,690.6455,9.275994773303859
127,2,453.89185,498.5308,444.94284,527.64923,433.14685,558.4293,3.884788970993096
127,3,694.09515,715.7367,684.77985,720.66974,689.3926,717.5188,173.5672394020342
127,4,659.2689,757.214,654.30396,778.39124,631.5968,785.8226,58.68378104374134
127,5,264.1316,602.20435,282.15567,619.7667,298.99133,640.2816,6.369167331799054
127,8,382.5482,519.64667,357.65665,520.52106,357.21988,547.9848,87.07701982116711
127,9,408.44324,845.37305,390.16373,838.70636,375.51337,828.4055,15.074177155880328
127,10,563.8183,827.4678,582.52954,819.1468,602.12823,810.32965,0.24708155049174452
128,1,651.0946,647.32733,666.1814,668.4735,677.5513,690.25995,7.946927204332606
128,2,455.33362,498.7859,445.93198,527.5088,433.44284,557.9947,4.153033492110338
128,3,682.0376,730.4492,685.37146,720.99615,701.239,709.066,33.63547758505788
128,4,658.57794,756.6273,653.58673,778.5976,631.07086,786.30334,58.30796486450088
128,5,271.15775,613.6804,281.0626,621.4315,295.03772,638.2141,12.170206078806533
128,6,383.97177,521.1587,358.19455,520.3224,357.4404,547.71783,90.28136693177186
128,9,408.20108,845.27356,390.2979,838.5333,374.931,825.391,19.90773424292811
128,10,592.0805,814.2644,581.99164,818.9476,574.24866,823.8376,7.373790680122199
129,1,648.15063,644.54004,664.1477,666.99036,676.54193,689.7163,6.864842573597103
129,2,455.42532,500.11163,446.13748,528.3028,433.25208,558.32544,4.993555132353375
129,3,694.0373,719.45715,686.78577,720.368,693.7125,713.0225,140.47874732337038
129,4,655.55164,754.42804,654.39154,776.79596,632.13464,786.5393,63.38881420776108
129,5,272.2332,627.0033,279.66092,625.5244,290.83554,629.2009,29.47198676020281
129,6,385.9015,522.21564,359.1207,520.0641,357.7791,548.1891,91.86225728640565
129,9,410.12,845.6144,391.62704,839.38763,376.66592,829.26166,15.482063941565224
129,10,596.6693,812.4301,581.6731,818.95593,567.91315,826.1787,4.178561079480648
130,1,645.77295,642.3414,661.2744,666.12335,674.76654,690.41595,4.049171906096814
130,2,454.78598,500.32938,445.59232,528.8003,432.736,559.32275,4.945180975595751
130,3,677.2065,734.1675,687.7414,719.82684,706.45337,708.7349,23.04003030802889
130,4,655.1842,753.7897,653.5514,777.96826,631.8626,786.9689,63.59868438579966
130,5,280.9529,633.45734,284.90848,629.4449,293.26532,631.7538,60.853894299391094
130,6,385.9654,523.97534,358.8568,521.4769,358.40875,548.2487,94.30685919113104
130,9,409.82214,845.0253,391.7557,839.23944,376.88727,830.6501,12.256635269423759
130,10,560.09454,829.48047,580.55493,819.9084,600.3141,810.74036,0.18130822512890998
131,1,644.5083,641.3638,660.4,665.2858,673.7081,690.39624,5.673711821952408
131,2,454.44934,500.18146,444.8031,528.89746,432.65524,560.01013,2.7598147186119966
131,3,687.5849,726.90814,689.1641,719.8487,702.99805,708.1156,37.087745826641054
131,4,654.5016,753.7184,653.89453,777.427,632.68494,786.00665,66.50907966559967
131,5,254.6901,597.1154,274.49695,616.57117,294.7596,637.1802,0.9979920133051642
131,8,386.60706,523.8266,359.78278,520.7189,358.2241,547.9142,93.32825105669923
131,9,406.88354,845.08014,389.73795,838.5002,374.90628,828.17615,13.845734214477314
131,10,559.69226,828.72833,578.7922,820.02295,597.1636,812.0441,1.0271726380526014
132,1,643.8833,640.7972,660.2036,663.9843,673.188,689.2461,7.937040580960446
132,2,454.10965,500.41678,444.41348,530.0304,432.76352,561.18604,2.3724837827613587
132,3,708.50525,705.0507,691.02875,717.5451,680.4165,727.44775,7.457062704246969
132,4,655.0319,753.64886,653.8728,777.68567,632.2542,786.13525,65.89123344596317
132,5,255.16476,596.2861,274.36902,615.4263,294.49628,636.8051,1.8228454284708067
132,6,386.67056,523.55835,359.45514,521.246,357.20053,547.3256,89.91552814511722
132,9,412.3959,845.2863,390.244,837.5223,372.84735,826.9633,11.940765761429414
132,10,572.1247,818.7731,577.0088,820.5689,580.692,823.6289,19.53150575700638
133,1,643.83954,639.83026,660.0058,663.57605,673.57086,688.2075,5.404719920820107
133,2,454.25717,500.5941,444.2596,531.01825,432.0444,562.8019,2.832135777730511
133,3,707.50824,709.8987,691.3884,717.65125,686.77014,718.748,12.325457680116658
133,4,654.18085,754.4791,653.9955,777.88196,633.1676,785.4372,69.60814154972569
133,5,254.13362,597.70984,274.39,616.1031,294.80298,636.34424,2.5176948984679655
133,6,389.10443,525.0304,361.5807,522.34375,356.9523,546.8979,84.900246674464
133,9,409.19855,846.7934,392.34045,839.962,376.2388,829.01465,12.152016998383727
133,10,576.62976,816.0385,575.7177,821.45044,572.54895,828.1542,15.73354011158945
134,1,645.38196,640.7597,658.9695,663.261,673.6242,686.9207,0.6483091330653613
134,2,453.77142,501.28018,444.20938,531.7131,431.5463,563.76685,4.114088677957281
134,3,698.34625,721.3662,691.32294,718.35535,699.2627,707.68665,103.4524081310231
134,4,644.7543,769.5954,653.6104,777.9174,642.2368,769.48285,173.3412079472719
134,5,254.51523,600.7665,274.9206,616.043,294.77954,635.00635,6.857896180310304
134,6,390.58795,525.43726,363.1302,522.8402,356.5268,546.9354,80.07729361608635
134,9,409.87646,846.50244,392.25394,839.1047,377.18832,829.2857,10.321995081747366
134,10,555.5065,830.35474,573.1527,821.97815,588.8165,815.18,1.932290644245449
135,1,645.599,640.3843,658.5772,662.2121,673.3759,684.58624,2.7469469029268008
135,2,453.57034,502.54498,443.50934,532.19934,431.80713,564.3266,1.273339133539149
135,3,674.50073,751.6155,687.2356,726.16656,705.65955,707.6465,18.2671391962183
135,4,646.8073,756.83374,652.483,774.6066,638.16644,780.3645,85.80136775518388
135,5,255.27516,600.3492,274.79672,615.5035,293.9929,633.68713,5.626641482279964
135,6,392.50763,525.5139,364.69714,523.2889,356.66013,547.39813,76.13809371094204
135,9,410.30045,847.15186,392.4353,839.90356,376.73514,829.21564,12.161682270359032
135,10,563.0068,826.6374,572.9367,821.4833,580.73425,820.391,19.457353377326335
136,1,644.2215,638.12335,657.69257,659.8538,672.5383,682.0152,2.0223595604277285
136,2,452.19632,504.7852,443.09213,534.3274,431.4547,566.12646,2.9729552483463473
136,3,668.9692,759.4402,674.12775,739.2924,680.33844,729.95184,19.25924196502745
136,4,647.42847,755.8688,651.4233,773.3754,636.23016,784.49225,66.66115194461305
136,5,252.0931,598.77405,271.5841,614.16003,292.50955,630.9441,0.44543337634903557
136,6,394.01154,525.4035,365.62592,523.28625,356.68295,547.4251,73.93706234950648
136,9,418.96173,848.4771,404.01813,841.96533,390.66925,833.97266,7.365643746618435
136,10,568.08014,824.6857,572.1518,821.80237,574.2374,823.33185,71.55852469741389
137,1,642.4838,636.0287,657.13513,657.343,672.6283,679.6535,0.2733976504176824
137,3,663.3853,731.9874,659.6523,738.5666,648.9975,743.6599,34.880053892118816
137,4,632.62146,787.74414,651.68115,774.30725,651.75464,750.6981,54.63821454009004
137,5,229.90784,594.1621,228.08258,604.48474,223.17882,602.44543,102.5533094141503
137,6,397.3308,525.7348,366.3732,521.79346,357.05347,548.3515,77.91857403486506
137,7,429.4479,569.03644,442.31033,536.0557,451.17172,506.91382,4.392443340626571
137,9,422.16238,852.1911,418.9145,848.4233,411.3856,835.7506,10.046843612773666
137,10,563.82587,828.0208,572.21594,822.4839,578.7252,821.25183,22.704360617322827
138,1,640.32025,634.2609,657.145,656.58704,671.8929,679.0834,3.753845974113653
138,2,451.07025,508.47223,442.43564,536.2447,429.3499,567.7709,5.2712818698231105
138,3,658.3438,747.5848,667.49567,733.6529,671.1325,721.7762,16.27547247635257
138,4,632.06976,788.4084,651.3623,774.04535,652.30334,749.2659,51.157957157409584
138,5,228.42485,593.35767,226.2956,606.0449,224.04164,605.9631,82.55271282704852
138,6,398.495,525.90936,367.4674,522.0074,357.26746,547.9918,75.73575916674248
138,9,460.24786,862.795,435.48083,856.288,412.0769,847.8808,5.038978509891034
138,10,569.57666,825.00806,572.1011,822.63446,572.24207,824.1395,127.88459642577753
139,1,639.89746,633.1619,656.2872,655.44165,672.28296,677.5166,0.4116447344476216
139,2,451.7648,509.4858,444.0467,537.8317,430.3023,567.4567,9.65728159270682
139,3,679.02795,709.9879,669.639,727.7982,659.52124,748.5896,1.8476913993079724
139,4,641.301,763.7661,650.917,772.42566,641.622,774.8301,123.49244423397384
139,5,226.58453,595.1544,225.12152,606.07605,226.45149,603.1257,163.3647743089769
139,6,398.23257,525.804,367.30914,522.0172,357.7076,547.6567,76.45148736188973
139,9,467.95898,866.70526,448.42093,859.3514,423.7466,846.37555,7.113477995430256
139,10,590.0516,813.8043,572.1099,821.8399,550.7835,832.86646,3.2143061635704386
140,1,639.3681,633.00867,656.1576,655.5618,672.11096,677.58563,0.7475579535533032
140,2,453.7436,510.48102,446.0201,538.8897,431.6941,568.9024,10.307213433867586
140,3,661.06177,744.10455,673.3178,722.9144,686.75287,705.97894,8.380799397764196
140,4,649.2871,748.631,651.01385,770.95233,634.9557,787.30975,48.89457275526676
140,5,229.33151,592.7252,225.79579,608.14453,225.05801,607.89197,95.98269216504974
140,6,397.1578,526.01874,366.67184,522.95447,357.47638,547.5387,75.23198832570587
140,9,473.26007,866.71936,452.3792,860.63477,427.23538,848.4347,9.637310589382464
140,10,589.60046,813.9935,571.7301,822.3816,550.1109,832.13403,0.8643403041054312
141,1,638.44226,633.0421,655.04266,655.0749,671.22064,677.50555,1.1950126036573923
141,2,455.11536,510.74567,446.21933,539.3093,431.892,569.3631,8.189209031928717
141,3,674.57666,740.787,681.55,721.8683,699.97687,706.1986,29.389537379743267
141,4,644.79614,756.9955,651.70087,770.83673,640.00806,779.90717,78.7106567031784
141,5,228.36151,592.2668,226.86029,607.0104,223.50021,606.6965,89.52324425275461
141,6,398.27014,525.5871,367.41107,521.39996,357.63495,546.9367,76.7788932392801
141,9,462.8475,863.3793,457.71036,860.68146,447.75256,852.7555,10.811628519788256
141,10,589.5285,814.1534,571.3136,822.56726,549.2219,832.23724,1.153178933085765
142,1,637.4229,631.71545,653.8748,653.7698,670.07074,676.9538,1.7845445515125398
142,2,453.2379,511.3797,445.7083,539.73224,431.37366,570.0271,10.449393221247883
142,3,687.7259,736.9404,683.066,723.06256,689.28314,710.1215,44.22169200780334
142,4,649.70105,744.60754,652.0978,767.97705,636.58,785.79126,46.914430594066054
142,5,249.16165,594.34064,267.07074,613.746,291.7285,629.9792,13.937666387469125
142,6,398.32004,525.96173,368.86975,522.99536,356.66034,545.9078,67.69973774653064
142,9,470.78998,866.63727,449.3089,859.5236,422.24475,846.54944,7.289707355069092
142,10,589.13184,814.0963,571.0226,822.5124,548.8465,831.5421,2.770786656111321
143,1,637.33435,630.85504,653.2879,652.3309,669.9702,677.1705,2.721748141761783
143,3,710.65875,703.5353,697.9379,719.0826,685.66284,737.18054,5.142775642799455
143,4,650.4042,744.43787,652.5815,766.67035,636.5267,784.45984,47.65923599103314
143,5,248.20828,594.5267,266.96326,613.5117,291.50357,629.78674,11.797120842259261
143,6,399.37436,524.99164,369.99323,522.31274,355.3947,545.13684,62.60630133570927
143,7,430.73688,569.70825,443.50275,540.4026,451.935,511.8698,7.074570166214229
143,9,425.30725,851.1321,436.2652,855.5598,441.3538,854.96655,28.651851478870608
143,10,590.38165,815.06274,571.8616,823.0688,548.77734,830.36414,5.840128748838592
144,1,636.8942,630.0045,653.2371,652.1723,669.90405,677.2118,2.750222878329073
144,2,451.0479,511.67548,442.9051,540.24963,431.6932,570.1703,4.635908535513904
144,3,721.4682,696.85767,699.3507,712.32776,682.99457,737.7423,22.264849435314268
144,4,650.2625,743.90894,652.0876,766.11206,636.50085,784.17163,45.495686379065084
144,5,246.10722,592.6099,265.98514,612.0782,291.6937,628.85284,11.279309757550056
144,6,399.48355,524.19244,370.10187,523.4272,355.24673,545.1854,57.16919686205286
144,9,435.30225,857.03107,423.38742,850.97925,405.76715,841.6803,0.8952556620609428
144,10,590.51697,814.9019,571.8209,823.14075,548.1364,829.9432,7.757117813759693
145,1,636.2341,629.8111,652.3257,652.48486,669.28015,677.312,1.0341972862097784
145,2,450.5097,511.83102,443.33887,540.3014,433.68033,570.93164,3.364412102730892
145,3,723.2115,695.5279,700.6142,710.9852,683.27277,736.11145,21.014132287496793
145,4,650.32465,743.61273,651.53394,765.2005,636.0016,782.9834,44.34156517338959
145,5,248.59602,595.52875,267.29742,613.19305,291.9015,628.87213,10.858898443405321
145,6,401.49106,523.645,372.64304,524.488,355.8881,544.94495,49.007638005428596
145,9,419.84772,851.21545,408.13315,845.8251,395.7386,837.60315,8.84906436450587
145,10,591.303,813.5934,572.66296,823.1874,549.46936,830.04645,10.760221436710179
146,1,637.3744,630.89923,652.2317,652.6552,668.70044,675.8804,1.0106564832687255
146,2,450.54657,511.6771,443.23517,540.01184,433.9628,573.8239,0.866375417658569
146,3,724.22626,693.8128,701.96155,710.0379,684.1863,734.95636,18.41612260989701
146,4,649.28577,742.50867,649.8691,763.5099,636.01483,782.0534,38.35516010739404
146,5,244.33295,592.7309,265.19708,611.92487,290.79645,628.415,9.82445118551625
146,6,403.0202,523.84546,374.7787,524.52356,356.2344,542.9023,43.36764399232914
146,8,362.05765,533.7783,356.34775,537.1225,356.92795,552.31683,61.83011943560691
146,9,419.86694,847.71796,405.455,842.3855,390.8183,834.5214,7.943838947829862
147,1,637.9028,632.0459,652.0552,652.5697,668.29407,674.3863,2.0731098671636916
147,2,450.43503,512.0452,443.31,540.81525,433.36908,575.0391,2.287216353424033
147,3,725.13477,691.57153,704.0391,709.2743,685.1583,732.9483,11.424271231100693
147,4,649.09064,742.2614,649.60205,763.2033,636.2113,781.9587,36.924565865098934
147,5,241.8382,590.96124,263.31302,610.1578,288.52405,627.51337,7.249819062446539
147,6,404.07678,524.1043,375.42102,524.37634,356.9189,542.28125,43.5163324576061
147,8,353.74265,532.9788,353.20877,544.9174,355.56976,560.31903,11.275747301826145
147,9,428.22534,853.1488,416.92676,848.58716,397.9628,839.34863,3.9879159863270965
147,10,591.17926,813.9832,571.2339,823.0182,547.5583,828.42145,11.513959691945503
148,1,635.87476,627.8396,650.2223,650.86395,667.07794,672.71606,5.715905948056901
148,2,449.4494,513.1019,443.1368,542.1489,433.09903,578.0613,3.3551467779988298
148,3,725.2688,691.60364,704.58374,708.6295,686.1171,730.21185,9.990701034590801
148,4,649.16077,739.7115,650.0469,761.1439,636.292,779.8876,38.64029129335391
148,5,239.07895,588.7291,260.0638,607.5955,284.7302,626.56616,4.393513388321703
148,6,404.95886,524.35504,376.4246,524.341,356.69473,541.8667,41.642331639612316
148,8,355.3524,532.1217,352.90335,544.93243,354.52164,560.23834,16.85811791585937
148,9,436.385,855.2827,433.14706,854.4459,428.7846,851.0916,23.06670825592178
148,10,592.1406,813.84467,571.98846,822.3738,547.25653,828.4233,9.19500764415708
149,1,634.5944,625.59,648.2194,648.8731,665.8163,671.1602,7.957270353949537
149,3,724.5055,691.18463,703.4667,707.5382,686.04736,729.17505,13.305197066615552
149,4,649.62555,740.74255,649.59796,761.2357,636.89545,780.72375,33.01961655432851
149,5,238.25873,588.1414,258.53314,606.0341,282.4685,626.3059,1.1665074810545368
149,6,405.99387,523.6091,376.38104,523.41095,355.82236,542.74896,43.630851748818486
149,7,432.57297,580.07263,442.44186,544.3208,448.73248,515.0404,3.3065372383755323
149,9,442.09937,858.9333,449.14447,860.1166,445.5726,855.2648,135.89461191712758
149,10,588.7649,813.9901,571.6538,823.0845,548.84827,828.17944,15.39655106075812
150,1,634.0846,624.93335,647.3061,648.3039,664.76276,669.1397,10.458672212640938
150,2,448.65826,516.9373,442.02795,544.01135,431.60703,577.58685,3.4821716915431455
150,3,725.27094,691.54456,703.02734,707.1941,685.9215,729.2579,17.08550929842765
150,4,650.406,739.189,649.9129,760.3653,636.9655,780.9257,30.865670123269762
150,5,237.80943,588.5876,258.04852,606.3816,281.68512,626.7831,0.5233933643629627
150,6,406.38312,523.7794,376.8491,522.6118,356.3607,541.93726,45.59082664599488
150,9,439.90784,858.05414,450.86237,860.3031,453.7313,856.67474,63.26833172732494
150,10,590.2182,813.8856,571.4411,822.3723,547.29083,828.3866,10.337307753283259
151,1,633.68787,624.6272,647.3553,647.9532,664.0843,669.5118,7.443340635441481
151,2,448.451,518.53424,441.66388,545.2694,431.0984,579.1543,3.073388135250835
151,3,726.9976,691.4791,704.56586,708.8325,686.1009,728.92523,9.691503905700165
151,4,651.421,738.062,650.4582,759.9973,637.55475,780.4875,29.686835848680982
151,5,238.20908,589.19836,257.73044,607.27466,280.54205,626.7644,2.2890126678224654
151,6,408.1082,524.2583,378.66092,522.1245,357.49557,541.7485,46.98037446389971
151,9,466.67627,866.1872,452.62976,861.6208,430.40637,850.5911,8.386748759767826
151,10,554.1539,824.32874,571.43713,822.5428,580.2733,819.5343,12.902678312298105
152,1,634.34064,623.6487,647.2743,646.59595,663.7995,669.0724,6.917499034809973
152,2,448.28415,519.57806,441.8807,546.62555,430.87045,580.2267,4.823204753304208
152,3,727.3961,691.1337,705.9676,709.576,686.1812,728.8979,3.602881265348913
152,4,652.05817,736.76587,651.0233,759.79456,637.6609,780.42004,30.364591798158834
152,5,237.53824,588.73395,256.85947,607.1132,280.26743,626.6382,3.7367499122247767
152,6,407.8341,524.31964,378.38495,521.0405,357.5412,541.0514,50.185715051066495
152,9,466.35016,866.3582,447.08038,859.40985,420.25635,846.0047,6.724820492019439
152,10,569.365,819.1802,571.5791,821.7348,564.98615,825.18445,103.29568060962299
153,1,633.9909,623.01044,647.3844,645.8029,663.0941,668.0852,4.745366112946851
153,2,449.4717,521.72864,442.61115,549.3926,431.5701,582.0701,4.7409056522826525
153,3,728.0114,689.2858,706.10046,708.0616,685.7818,727.93634,3.7735639072934384
153,4,652.0066,735.68713,650.9997,759.6058,637.0116,781.3574,30.333804708818096
153,5,222.95938,602.75635,232.1658,609.8126,242.52145,614.87054,11.436540772349462
153,6,407.1426,524.31696,378.62445,521.79987,356.3885,540.4583,45.044402283196774
153,9,453.63776,862.0489,448.62756,859.24774,428.4137,850.1174,4.9009692463931085
153,10,586.70667,813.7599,570.8581,822.269,549.2521,828.476,12.2028855936656
154,1,633.9812,621.96765,647.4054,644.35364,663.3861,666.85004,4.4389289435425585
154,2,450.21164,522.9416,442.01462,550.7812,432.10837,580.9984,1.744618644625903
154,3,728.60974,687.1745,707.3148,706.65765,685.31116,725.5116,1.8642464409088453
154,4,651.49365,735.639,650.9642,759.09503,637.2947,781.2839,30.342121022110387
154,5,217.62267,611.4057,226.12401,611.5531,227.55743,602.35376,82.1368049617925
154,6,407.4239,524.07495,378.72464,522.40436,355.6763,540.0078,40.70267877670564
154,9,451.47375,862.0476,452.6656,861.4836,440.80704,854.23676,123.24517758278704
154,10,547.01373,828.21295,569.58716,822.0537,585.36194,815.4876,7.3371923420370635
155,1,634.5582,620.41925,648.1346,642.97766,664.651,665.86975,4.769208168301586
155,2,449.141,525.82007,441.32532,550.9258,431.466,582.3963,0.10467832346762979
155,3,730.70917,684.76117,708.3669,704.68964,685.279,723.82074,2.08581570572639
155,4,656.22076,737.6754,659.4062,741.9731,661.4965,742.143,48.806895727750074
155,5,216.21442,619.24744,226.0214,613.5376,226.52225,595.7219,58.18074730120649
155,6,410.8461,524.48267,380.63046,524.2534,356.42584,540.31995,34.01009035960602
155,9,455.96652,862.58673,449.8257,859.7148,430.20206,850.26666,0.644980534192597
156,1,633.5139,619.51917,647.74866,642.2992,664.6372,665.7484,3.761818406086737
156,2,448.70337,524.78156,441.0827,551.6675,431.65253,583.3248,0.7625885717320381
156,3,732.06744,682.6431,710.21515,702.4951,686.6821,721.43463,3.4266842011627867
156,4,663.2383,732.44635,670.3527,725.90283,666.37537,715.8062,68.89459591020798
156,5,215.86116,623.37946,226.18938,612.72577,225.78809,596.41235,45.520432503598336
156,6,411.19653,524.6949,381.95346,525.8216,357.27533,540.7643,28.988577502580156
156,9,445.61514,861.46454,450.05334,860.35345,442.15198,852.6726,121.75592128033138
157,1,631.9196,618.8806,646.51105,642.41583,663.5557,666.129,3.909761104772287
157,2,448.9143,524.0684,440.6703,552.7474,431.54837,583.8855,0.29141239305266703
157,3,731.3298,683.9328,711.2606,701.6297,690.67523,720.20483,0.6558113055860885
157,4,662.4437,728.9418,674.7738,721.77167,680.76434,710.51404,31.80258112462216
157,5,215.01016,624.6433,225.46739,612.58856,225.72685,595.3086,40.08067892175594
157,6,412.3385,525.48694,383.23615,526.41846,358.42084,541.1071,28.78878660750072
157,9,469.3435,866.38635,450.42334,860.5514,424.8095,847.961,9.036550472987688
158,1,630.90564,617.7579,645.39,641.76587,662.9742,665.74554,5.149210322362967
158,3,732.9356,682.10315,712.4752,700.8845,692.3228,720.79474,2.1036610815488714
158,4,662.7966,726.0744,674.96014,723.9794,679.2853,712.6223,59.37891293553261
158,5,215.04225,623.60675,225.67809,611.0473,224.6369,594.4643,43.85191290067495
158,6,414.2962,526.1678,384.7089,526.8004,358.96625,541.5204,28.536569582712797
158,7,430.54428,584.7333,439.54718,551.8227,447.47552,523.85974,0.5300800423685875
158,9,454.32346,861.1194,450.4696,860.14417,431.1245,852.45184,7.48395985153719
159,1,630.29614,616.83606,644.50006,641.24896,662.477,663.8292,8.332817039121357
159,2,447.13077,524.26917,441.22354,550.65906,432.50027,579.1571,4.401975436595345
159,3,733.76166,680.9338,712.0691,699.6358,692.6021,719.0966,4.22489225306829
159,4,662.0772,725.85956,674.9542,725.02014,686.71497,713.6116,40.399502991941496
159,5,214.95105,623.99115,226.07822,611.54126,224.0372,596.16595,49.35054848964096
159,6,414.3946,526.2251,385.3248,526.802,359.4323,541.6037,28.61795184669978
159,7,427.19336,586.2334,434.16492,567.4321,433.7031,560.1839,23.99058151561699
159,9,440.13907,857.12964,448.7771,860.21497,447.77905,857.04346,127.12403025995563
160,1,630.24817,615.49835,643.60724,640.1351,661.415,662.4397,10.134964190887228
160,2,446.10248,524.5314,439.39948,553.0354,430.36908,587.27246,1.5425618569980064
160,3,732.9383,679.4604,710.0558,697.00824,691.98706,717.4524,11.04606875821678
160,4,663.4731,731.2045,674.18317,721.88446,686.2322,710.6641,1.9300611392391158
160,5,215.57057,617.1785,225.80133,610.2296,223.7105,599.94116,67.30226006160507
160,6,415.74924,523.9491,386.20477,526.2331,359.65198,541.12616,24.866839903468797
160,9,447.319,860.26117,451.37683,860.85876,436.74896,853.51776,161.72788232751998
161,1,629.6168,614.7582,642.82074,639.09296,660.5719,660.8619,10.711033021028463
161,2,445.81952,528.6428,439.57742,556.88916,429.63797,590.2804,4.115088198240058
161,3,733.14514,680.35425,709.91125,696.983,690.82996,718.1006,12.308231528119393
161,4,685.146,710.22546,674.1952,721.17456,662.92413,732.10046,0.8862488773265843
161,5,218.14459,599.83075,224.24724,608.5447,222.69638,611.4066,63.457646069083395
161,6,418.26822,522.87555,388.12738,525.1138,360.3792,539.8299,23.692140583374552
161,9,429.2795,853.92926,449.49905,859.49866,458.1438,858.3368,23.05477263205182
162,1,629.0332,615.662,642.81134,639.0096,659.73865,660.4314,7.769303799795429
162,2,444.72897,531.3354,439.35663,559.28937,429.4299,592.13995,5.9348818750539465
162,3,733.04596,679.9456,711.31775,697.7356,690.67615,718.69385,6.127207385350097
162,4,684.119,709.9283,674.61884,723.5703,661.0641,729.8022,30.456117138498165
162,5,218.9353,606.7756,222.53699,605.60486,224.87492,598.42035,53.96783624734612
162,6,418.51303,523.08356,389.93103,524.2803,362.72946,538.81323,25.71666505979527
162,9,429.86218,854.6391,447.6361,859.73413,457.40036,857.2061,30.510801512935956
163,1,629.86707,614.24756,642.076,638.51404,659.31836,660.0602,11.960820447123673
163,2,444.06985,531.4465,438.78314,560.06537,429.43805,593.972,4.9427637441075545
163,3,734.32556,677.5857,713.1117,696.79877,691.1301,718.6001,2.597441129430354
163,4,673.0486,718.22174,674.76587,725.21747,668.1728,718.5256,149.2182078771845
163,5,216.57294,603.465,224.51956,611.3213,228.95836,605.78955,95.92800351926765
163,6,418.78662,523.5928,390.89746,523.962,364.39282,538.4396,27.886187508654807
163,9,447.7073,858.164,437.96915,855.9405,424.0723,848.8147,14.285243054285202
164,1,631.3123,613.98145,641.73663,638.01874,658.82263,659.76013,14.717821634926072
164,2,446.29544,531.7573,440.62546,560.03986,430.03125,595.16724,5.44676049598321
164,3,735.65704,675.6033,713.77246,696.3206,691.0909,718.7653,1.268720361482108
164,4,659.70886,725.964,674.2511,724.8032,675.93634,709.5736,79.12189685913809
164,5,227.34488,614.2782,230.94363,617.0954,233.47678,609.3133,110.02425580606835
164,6,419.4688,523.9854,390.01016,522.8765,364.82227,538.50995,33.982434350294135
164,9,447.14197,861.0177,425.54248,852.8807,401.0357,842.8473,1.6220854980330845
165,1,632.00543,614.2933,642.11224,638.1832,658.3799,659.7003,14.159361793931188
165,2,447.5635,533.5166,441.46616,561.67126,430.32004,595.7857,5.873996213585373
165,3,737.1421,674.5277,714.83954,695.19366,691.96204,717.659,1.6604789691051707
165,4,655.4931,725.0935,673.53564,725.3575,678.4118,710.0051,73.21752340378505
165,5,227.09242,615.4272,230.51945,618.4471,233.63818,611.1853,108.14431822788018
165,6,420.43207,524.769,391.7655,522.18243,365.07208,537.1377,34.41594518639374
165,9,426.80576,854.53564,409.98157,848.43933,393.19788,838.5632,10.555996808146697
166,1,630.67615,614.7669,642.2275,637.596,658.0378,659.2681,9.27260428398645
166,2,446.52863,533.9025,440.87396,562.837,429.7805,595.83356,7.524700065583085
166,3,739.094,672.629,716.6643,693.9336,692.79755,716.8079,0.2571706479830235
166,4,655.6658,726.8092,673.4175,726.48584,676.9711,712.3533,74.84194940237334
166,5,219.46729,611.0508,222.26378,607.1204,225.33298,601.2578,7.799258169791982
166,6,420.65033,525.0431,392.0258,522.93274,364.85712,536.9173,31.452811794827603
166,9,419.0488,848.0471,401.60394,842.4932,386.2383,834.1334,10.8889493394669
167,1,632.40326,613.1892,642.8472,636.25946,659.4928,657.95935,13.134733555648273
167,2,444.42462,534.3162,439.2125,563.0383,428.242,595.9468,8.15116846228866
167,3,738.7865,672.3704,717.20374,694.4216,693.50024,716.57587,2.5498310805564897
167,4,671.63995,718.3991,672.6733,725.97955,662.01465,716.7757,138.5734198287239
167,5,217.3154,592.3019,223.96925,587.9042,230.78064,583.5819,1.0644081996998527
167,6,423.72113,526.12616,394.3775,524.78375,365.51376,537.42786,26.275729239004615
167,9,417.9616,847.4766,401.27682,842.5678,385.5003,835.4425,7.911501212678015
168,1,633.36426,609.96844,642.6576,634.7274,660.514,657.524,17.49760677247201
168,2,443.8362,534.98553,438.63397,564.10583,428.87177,596.58606,6.59971644537203
168,3,737.59326,671.43713,716.8293,694.2166,693.19025,716.79785,3.961162104972091
168,4,678.61554,715.08594,671.8936,725.33966,658.2668,720.1111,77.74444914327704
168,5,225.83786,571.7495,227.05777,562.4608,233.38449,557.96643,47.1287346165969
168,6,424.353,527.8154,394.68805,527.702,365.79443,539.3555,22.184464880591243
168,9,424.3909,849.4583,404.98206,842.93176,386.57574,834.77124,5.324210769335116
169,1,632.21783,608.8625,641.8517,634.0434,659.89343,657.43524,16.706296196725894
169,2,443.63843,535.57623,438.39926,564.962,428.98157,598.5447,5.556295963400004
169,3,735.87036,671.039,716.56146,695.212,693.1635,717.72076,7.492424091700148
169,4,681.94745,712.8785,671.40466,725.73206,655.86475,724.6888,54.4814394910775
169,5,235.89804,514.2733,231.43985,524.5585,227.71582,543.79877,12.480387813846193
169,6,424.6828,528.6126,396.0988,529.5274,367.55115,540.99457,20.05153987601929
169,9,420.2532,850.79456,405.68436,845.17444,391.50815,837.12836,8.483481917807373
170,1,630.0321,607.9127,640.90924,633.9006,658.9534,657.5163,14.670970048997036
170,2,443.51086,536.52856,438.11963,566.17957,429.07852,600.72125,4.362824603430608
170,3,733.63293,669.8135,716.6176,694.6425,693.5717,717.5683,10.72686068466102
170,4,683.32874,711.8007,670.3003,725.835,652.7628,728.8896,37.248276507775046
170,5,235.33298,528.8499,231.37096,534.6835,228.5796,548.25397,22.560245586513712
170,6,425.21667,527.92804,396.5984,529.3687,367.84375,540.7324,18.68181345769406
170,9,420.24396,850.9991,405.5431,845.58124,392.031,838.2078,8.390072955696168
171,1,629.4071,606.56616,640.1486,633.5269,658.1521,657.3393,15.36831729954236
171,2,443.49774,537.5738,438.0007,566.68805,429.61264,600.8949,3.0859108774815085
171,3,732.1831,670.8598,715.54285,694.86145,693.41547,717.2526,9.927036228466772
171,4,683.39685,711.9908,668.3967,725.07446,647.12537,726.3375,37.69803485254441
171,5,234.42747,536.0029,231.67752,539.35657,228.95912,549.4704,24.307041735266445
171,6,425.8614,526.4524,396.69678,529.0554,368.1578,540.8845,17.413186672981507
171,9,427.8383,852.96844,403.32376,845.7015,380.16162,834.44946,9.3985206261182
172,1,628.4576,605.9649,638.9957,632.34546,657.3447,655.6018,16.498001401750777
172,2,442.68378,538.37665,438.233,567.3406,429.41275,602.2897,5.428164008926509
172,3,732.2881,669.4098,715.7,694.11536,693.34064,716.9846,10.475477886031971
172,4,681.95026,714.6991,666.68567,723.8884,641.50165,724.959,28.613944458949636
172,5,216.39368,577.2071,227.1311,576.6513,229.91273,577.3546,17.15237110358902
172,6,427.1358,525.6785,397.4191,528.8636,368.23373,540.8548,16.218333929034344
172,9,420.6124,851.43665,405.0779,845.3015,391.24847,838.0524,6.111637795130092
173,1,628.2657,605.63837,639.0544,631.67163,657.3072,653.99854,16.756783388128703
173,2,442.3069,540.34436,437.99774,568.60657,428.86084,603.61255,5.959207310972573
173,3,733.4735,666.5681,717.4218,692.6772,693.9407,715.89655,13.738209107336989
173,4,682.3736,714.9314,666.0134,724.43146,640.49927,725.3339,28.11720775014597
173,5,218.53845,613.98083,221.74132,609.11597,225.73627,599.37146,11.067455237663237
173,6,427.5478,524.81384,397.66092,527.69586,368.327,538.9566,15.492819755877301
173,9,417.27612,848.41394,404.01666,844.0328,388.79755,835.773,10.205230739245499
174,1,628.0975,606.1787,638.3614,631.71643,656.55426,653.2399,18.310572289830223
174,2,442.5942,542.02466,437.98938,569.1197,429.30368,603.0805,4.70098819626792
174,3,734.91016,665.22125,718.2441,691.98926,694.0358,715.41644,14.032529538716872
174,4,682.7208,715.6725,665.1305,724.7223,639.68475,725.7578,24.894348744595476
174,5,219.95413,611.5822,222.21996,609.4191,226.80624,599.3576,21.824202747342646
174,6,429.7442,522.06366,398.87875,525.66595,369.03665,536.4913,13.281537351554832
174,9,417.7405,849.4923,401.12268,844.8705,386.06598,836.2745,14.179897549832786
175,1,627.5204,606.28735,637.75867,631.3196,655.90826,652.769,17.99174937144383
175,2,443.1444,542.55396,438.6432,569.0735,430.06482,602.9986,4.557285225951965
175,3,735.6853,664.6472,719.57855,690.8875,695.56274,713.62006,15.030044810833918
175,4,682.7307,716.32684,664.5911,725.1159,638.87164,725.69995,24.550431565842185
175,5,223.23004,605.14417,222.54555,610.4455,226.31827,605.88306,147.7695420747003
175,6,432.89847,521.71326,401.59573,524.6996,371.1371,534.6054,12.566066252022505
175,9,385.16034,834.2336,402.13,843.67,421.30185,849.03955,13.43104386404519
176,1,627.9364,605.95746,637.35095,630.90155,655.3785,652.4033,19.299363763461503
176,2,444.58374,543.6584,440.1698,570.8852,430.8122,604.6683,6.273698868187892
176,3,737.61224,663.2887,721.8507,688.3571,698.5683,709.7443,15.27021960962208
176,4,681.4046,716.79626,663.39185,725.517,638.73126,725.62695,25.57825681792385
176,5,220.60495,602.8505,222.73106,610.9287,226.62718,604.19086,135.2162553954345
176,6,433.474,521.31116,403.25522,524.4922,373.45566,534.11926,11.894394231362826
176,9,420.97186,850.63666,411.63287,846.68726,397.5213,836.35535,13.286843219831669
177,1,627.6273,604.32996,637.4742,629.39764,654.6454,652.02466,15.748721584842558
177,2,443.20587,545.4531,439.49884,571.9544,429.69556,603.49854,9.301299876218252
177,3,738.307,663.02344,723.03253,687.8105,700.5144,708.71423,15.48665619724918
177,4,680.2313,717.54694,662.6399,726.3353,638.81775,725.50104,28.551735524864636
177,5,219.88452,598.1472,222.93814,610.9559,227.59517,610.81476,78.32642223062567
177,6,432.5961,521.4594,402.32843,523.7711,374.26697,534.6157,16.761970819935375
177,9,423.70728,853.0846,419.03308,848.1673,407.73645,835.2753,2.3216146317204687
178,1,627.7246,602.89575,638.38916,627.9813,654.4814,651.6681,11.159621106762852
178,2,442.20944,547.53,437.98117,572.93976,429.87827,605.0438,4.717668343705792
178,3,738.2257,663.8995,722.3531,688.05396,700.1544,709.9609,12.068901079438945
178,4,680.54877,717.9287,662.096,726.1796,638.7072,726.1615,24.135613738372523
178,5,223.33392,609.5319,225.8512,609.9809,228.72447,603.2458,77.00913078768015
178,6,433.0716,522.0415,403.15808,523.26733,374.55127,533.4067,17.16965156163021
178,9,442.79965,859.03906,426.96054,852.9985,408.80777,844.8919,3.1888069802275973
179,1,628.64655,602.33704,639.8849,626.6915,655.62524,650.5016,8.697006921319051
179,2,442.12982,544.9634,437.42386,574.1531,430.11615,607.77264,3.1048841166247056
179,3,737.783,663.1941,721.568,687.6539,699.50433,710.4993,10.461230502126526
179,4,679.62537,718.0815,661.18384,727.2303,637.7485,726.876,27.25207796812139
179,5,223.00986,606.5076,225.44032,609.5551,230.55376,604.13306,98.10446661034726
179,6,432.9194,524.2112,404.07263,522.84656,376.1404,534.41425,25.20452257013014
179,9,413.1363,848.1253,435.66165,854.8863,455.25043,859.80536,2.610595464778274
180,1,630.42926,600.42114,641.8386,624.52576,658.1552,648.38666,9.03565895566128
180,2,442.27094,545.67755,437.3929,575.4854,430.40598,608.74915,2.5684932361852604
180,3,737.0116,661.3366,720.9049,686.3026,699.01044,709.6534,10.328606663261768
180,4,679.6515,718.01263,661.0633,727.1758,637.03906,726.7393,27.2820441831785
180,5,222.08284,603.9849,225.54196,609.1393,231.77931,607.3171,72.41960034225075
180,6,434.13214,524.85785,405.11765,523.6113,376.18085,535.0,23.943173051513742
180,9,432.73135,856.3003,448.85214,860.3525,453.27094,857.4656,47.26730613135561
181,1,630.1846,598.3673,641.23596,622.44464,657.2735,646.5897,8.937823019466729
181,2,442.29303,546.1638,437.48138,576.2169,430.96875,609.9988,1.8157457444627814
181,3,737.2742,659.3842,721.25757,684.7893,699.05884,708.98114,10.310591218550321
181,4,679.89685,717.726,661.3728,726.74524,636.7698,728.55396,21.756528595614945
181,5,222.28009,599.0721,227.12254,607.9023,233.98384,612.8107,25.68053241310452
181,6,435.7328,526.07184,406.38766,529.18835,375.71277,535.64404,5.822515492996426
181,9,428.73087,852.86914,451.92642,860.6737,460.8699,861.2523,14.894782421989236
182,1,628.6606,597.45184,639.95264,622.0406,654.69666,646.2736,6.651130264455104
182,2,442.25644,545.94135,438.7552,572.91266,432.2702,603.6371,4.5219903252170885
182,3,737.9342,658.1596,722.36755,684.56287,699.47003,708.8281,12.816411653268942
182,4,679.2784,717.68036,660.6019,726.65155,635.5895,730.5914,16.70582098999209
182,5,222.7898,600.2694,226.73354,607.5793,233.61078,609.36365,47.10757083079721
182,6,436.0241,528.6212,406.9115,531.90686,375.32797,538.867,5.988673772162542
182,7,440.16287,605.2504,443.21182,590.8016,450.88538,579.5816,22.45339265947115
182,9,434.11545,855.6034,453.55984,860.8045,456.0922,859.53326,41.631928207366535
183,1,626.2688,595.8312,638.95624,622.09576,653.9837,646.04663,6.321891723779341
183,2,441.3398,546.7066,437.44736,576.6817,430.83133,609.1745,4.110135818256023
183,3,737.4561,656.3881,722.7625,683.7064,700.0457,708.9806,13.675356058420682
183,4,678.1872,719.18756,658.91003,727.8667,634.4952,731.44226,15.90690063247035
183,5,221.8953,592.02374,227.39148,605.35803,235.85355,614.9822,18.922964402267457
183,6,435.0656,525.78723,406.2244,531.7387,375.3787,538.4934,0.6926686979354605
183,7,440.92285,615.1113,442.81006,612.1482,439.06094,611.4872,112.49375456602174
183,9,428.568,854.664,448.36694,860.1998,453.57642,858.3858,34.82008080428222
184,1,624.0729,594.7991,636.0469,621.7004,651.67773,645.1619,9.678633800648697
184,2,440.26715,548.1731,436.48682,578.6326,429.233,612.95654,4.858211308648363
184,3,739.00195,654.07306,724.8458,681.9042,701.46136,706.50134,16.592297903487353
184,4,677.8356,719.48206,658.67236,727.67554,634.1391,731.8953,13.390256279458562
184,5,221.92888,593.15967,227.29466,604.5802,235.4185,611.7223,23.51375898210192
184,6,436.2098,523.2491,407.85095,530.8067,375.85016,538.1626,1.9769469110571587
184,7,488.44315,653.6397,465.7202,642.3403,449.24646,630.1632,10.031268756648041
184,9,449.69595,856.51117,449.64426,860.6101,433.93866,857.7511,99.59442352832626
185,1,623.9545,594.2113,634.5953,620.9801,649.7466,644.529,11.079048475214513
185,2,440.4794,549.3285,436.8293,579.7624,429.69855,614.6966,4.697653415472292
185,3,739.4082,653.0344,725.6552,680.83325,702.11304,704.9331,18.00623864240575
185,4,677.727,719.8124,658.2547,727.5393,633.59106,732.04346,11.294525006609023
185,5,222.93134,595.90717,227.0176,604.16394,234.84929,608.07196,37.15008629808735
185,6,438.20023,520.88934,409.76718,529.2709,376.5852,536.8644,3.5347963173237296
185,7,488.4974,653.44336,465.84848,642.3915,449.36063,630.34753,10.13640024764059
185,9,436.38788,855.9695,451.4721,860.9975,453.24902,859.41016,60.209547040450445
186,1,624.2491,593.31384,634.03625,620.6245,649.8226,642.42444,16.19413054444241
186,2,441.21768,550.7474,437.3267,580.5628,430.6899,615.1837,3.4166707790895505
186,3,739.0856,652.9658,725.9013,680.53076,702.7495,704.23804,18.75911697401199
186,4,676.97363,721.04,657.177,727.73846,633.08405,731.9645,8.745319095788872
186,5,223.98851,597.3677,225.9991,603.1079,233.47679,604.5352,59.89018219691739
186,6,438.47516,518.4257,409.6204,527.02405,377.4597,534.3828,3.7051761311240363
186,7,488.47595,653.60364,465.37286,642.2584,448.91132,630.0385,10.43341351263983
186,9,453.19357,860.66034,450.159,860.66296,437.14398,854.0846,26.86363073366864
187,1,624.058,593.4908,632.2258,620.6094,649.1475,641.1305,22.747172963731956
187,2,443.17767,555.99365,441.82507,582.70483,432.05176,614.09564,14.394765786132721
187,3,739.8845,652.1476,726.4787,679.7559,704.0125,702.94257,18.19599007270158
187,4,675.60913,723.5191,654.9694,727.9086,632.3596,732.2575,1.1189011064863856
187,5,224.63268,600.8771,225.21251,603.3218,232.44847,601.91626,87.64943524616393
187,6,439.5779,517.4604,409.96216,525.8032,378.74695,532.9273,2.8765075117009085
187,7,487.24808,654.8475,465.19955,642.0528,447.55225,630.30316,3.5293638639131655
187,9,435.72504,856.99756,453.28308,861.49646,454.30838,858.75977,83.83331517562932
188,1,625.27295,593.58105,631.9474,619.74866,648.0649,642.8021,20.649716923443155
188,2,443.92514,556.3595,442.3906,582.4984,432.3518,614.2046,14.208963293458185
188,3,739.9935,652.3716,727.527,678.5755,705.91425,700.51294,19.129983116031386
188,4,674.01263,725.5334,653.47406,728.41284,631.9829,732.57983,2.9925131950665422
188,5,223.88318,594.9172,225.57573,602.19617,233.10303,605.4353,53.626775973882324
188,6,440.58356,517.1473,410.72214,525.1817,379.89938,532.1013,2.406233268198916
188,7,487.03055,654.9424,465.3328,642.11707,447.8259,630.16864,3.726570279663934
188,9,454.16483,858.44086,452.87372,862.01764,444.69824,858.51105,93.36725717047813
189,1,625.4416,592.52277,631.8198,618.65826,647.45233,642.50244,19.534631273010486
189,2,443.09158,557.6029,441.9812,583.5397,432.40674,615.4916,14.229567866441759
189,3,740.3275,652.1781,728.26666,678.0699,707.09595,699.92175,19.116003621130904
189,4,672.8592,726.8377,652.35236,729.19617,631.72675,732.31024,2.0250674108935964
189,5,223.68684,591.31537,226.85603,601.9268,234.30362,607.8488,34.881158678960624
189,6,442.07266,516.39404,412.46725,524.9613,381.73114,531.8993,3.4193629749299443
189,7,488.45343,653.59015,465.17245,641.75604,448.99963,629.349,10.548780026562874
189,9,432.35675,855.89417,450.60126,860.9509,456.3541,858.77264,36.23049930290159
190,1,625.25397,591.382,632.4135,617.74567,647.2943,641.80896,16.53943963973371
190,2,441.32388,558.3856,440.60834,585.85583,431.22955,618.61847,14.482463803538737
190,3,741.4005,651.6478,728.3168,679.12134,706.39667,702.12244,18.1562380240845
190,4,672.0761,727.26306,652.542,730.2631,631.8527,732.10504,3.643734966896879
190,5,224.60403,596.8559,226.22794,600.5523,234.49387,601.7244,58.21242847757868
190,6,442.5668,516.2041,413.20093,524.4959,383.38324,532.24634,1.197466352170634
190,7,487.33905,654.9394,465.17148,642.4205,447.76996,630.0154,6.028963989577774
190,9,447.9774,857.1373,451.1222,861.598,441.714,859.6991,136.5950984454634
191,1,625.2302,591.0112,632.8279,616.86957,647.8789,640.89197,15.695081965403281
191,2,439.27792,558.134,437.5472,586.03595,433.82938,619.89166,2.7174296066656236
191,3,742.61456,650.8488,728.64667,676.94904,707.4112,701.2747,12.965752362098812
191,4,672.6056,726.155,653.48267,730.7564,632.2449,731.94403,10.328701900411868
191,5,223.60027,589.3828,226.27046,599.48694,235.40163,608.81287,29.592402352150764
191,6,442.71866,516.4485,413.94495,523.6997,384.07285,532.4132,2.1171082224867854
191,7,486.88837,654.5872,465.0683,642.28064,447.43842,629.3923,6.74566951337603
191,9,417.80154,849.7484,440.36816,856.56085,460.06433,860.42224,5.706056408955236
192,1,624.5532,590.00775,634.3591,615.3939,650.0493,638.9903,12.501735381667267
192,2,440.09616,557.9321,437.74146,587.9788,436.23538,626.4034,2.236509161818768
192,3,743.4279,650.0451,728.6308,676.44293,707.5024,700.97626,11.462931395913117
192,4,672.63696,726.3252,653.2819,731.7028,631.0557,733.3775,11.218525937999711
192,5,223.57565,589.6243,225.70016,599.9543,235.1233,609.32446,33.53978039939867
192,6,442.79483,516.3035,413.3727,523.1089,384.42474,531.82214,3.7281462638608063
192,7,487.34674,654.4913,464.89154,641.7767,446.56226,628.82025,5.735896165366244
192,9,418.16345,848.15326,427.25763,852.63934,431.85547,852.62256,26.465913431688787
193,1,625.3019,588.1379,636.7046,614.1415,652.87744,637.68304,10.811009498119441
193,2,444.30737,612.31213,446.87674,597.6811,452.6914,592.02716,35.84277111349248
193,3,744.5307,650.1174,729.02075,676.3958,707.34906,700.8791,10.964277200730699
193,4,673.2057,726.36835,653.18835,732.4762,629.7681,736.6953,6.756186124668607
193,5,224.07468,596.6429,224.7738,602.3377,232.3918,603.82477,71.95563444170062
193,6,441.18323,516.526,412.74622,522.49634,383.75528,531.11804,4.705111722621376
193,7,487.58508,654.2192,465.1542,641.4441,447.41956,629.2627,4.821173500535981
193,9,420.87418,843.7738,421.44757,850.5923,410.80557,847.40314,111.4891274958121
194,1,623.6989,589.30334,636.78094,614.4117,652.7618,637.5564,7.103487851792763
194,2,443.79498,613.77594,446.98868,597.83435,453.00803,592.36536,36.414166853943925
194,3,746.0334,650.62335,729.3673,676.4693,707.24146,701.00433,9.229458957148797
194,4,672.60693,726.61285,652.14087,732.57056,628.6471,738.07715,3.039312823483348
194,5,223.61684,594.02814,223.72874,602.888,232.66597,609.95496,50.94176831856794
194,6,441.5948,517.1329,413.2819,523.1855,383.9339,530.76337,2.4111900331346448
194,7,487.56116,654.0737,464.94928,641.2413,446.88184,629.1579,4.198992873743154
194,9,431.82254,856.66925,418.3868,850.60236,399.492,838.8095,7.668078664369545
195,1,620.2074,590.24115,634.2623,615.5667,650.9863,638.2804,7.335106222863942
195,2,434.2,616.71936,438.41046,588.79926,440.19553,563.41486,4.553286235934167
195,3,746.969,650.02094,730.1869,675.9743,708.0131,700.64185,9.064794684336126
195,4,673.07874,726.662,651.98865,732.6512,628.0472,738.27844,2.626740903817564
195,5,216.79073,593.87787,221.58247,605.58435,227.99977,618.1473,4.797997411474086
195,6,443.03967,518.02655,414.16064,523.6994,384.88113,530.48706,1.9385600046238995
195,7,487.47992,653.60657,464.64215,641.31396,446.58685,628.7735,6.490569792504485
195,9,417.5776,849.5536,417.0311,848.9181,406.2781,838.65784,5.648751130431743
196,1,618.2208,591.00146,633.2209,615.9772,649.5519,639.3759,3.924508565066803
196,2,434.29886,615.03815,438.153,589.67957,439.8062,567.7301,4.334766293404063
196,3,748.0548,649.71484,730.8571,675.50214,708.1167,700.3353,8.781676544491459
196,4,673.40845,726.7055,651.90497,732.7821,627.6863,738.6258,2.2139929405267793
196,5,217.41342,601.2487,221.43076,605.74493,229.25325,613.4364,3.703431774460579
196,6,441.3015,517.8324,413.81985,523.742,385.64285,530.2019,0.7765730697688202
196,7,487.4428,653.7269,463.89526,640.65247,445.2395,628.0012,5.102116336849871
196,9,420.717,850.21686,414.66037,848.3231,401.47095,837.9973,20.693917826810008
197,1,616.6233,590.9385,632.8659,615.65173,648.96356,639.51056,0.6932334572177375
197,2,439.73697,575.67365,438.19186,593.33923,436.54074,619.69666,1.4141619770208351
197,3,748.7973,650.2919,730.92554,675.45667,708.1445,700.2214,7.229060112489004
197,4,673.742,726.4257,652.1352,732.5944,627.8962,738.7086,1.7768514217393334
197,5,219.24872,611.2466,222.39677,608.1117,228.54366,607.8526,42.46630346690772
197,6,441.38364,515.84985,413.62305,523.145,385.19626,530.1143,0.9483259870708016
197,7,487.52618,654.26965,464.04297,641.28595,445.81433,628.16095,6.81676043667624
197,9,446.4113,858.61945,429.2813,853.4718,406.54993,844.5613,4.679018550200356
198,1,616.0891,591.71185,632.1658,615.12195,647.898,639.7954,1.956747622568939
198,2,440.8791,565.9232,440.34476,594.85284,436.3365,626.8218,6.088370035062848
198,3,748.4372,651.33624,730.53125,675.74164,708.1778,700.2464,6.104319909930037
198,4,673.8064,726.22754,652.1285,732.58386,627.64825,738.8025,2.0887224357047884
198,5,220.15797,602.01996,223.35953,607.74646,227.1811,616.4557,5.516864302447939
198,6,442.46692,516.24963,414.05994,523.23395,385.19943,530.294,0.06852804325551864
198,7,487.16983,654.34674,463.57703,641.2196,445.46393,627.8052,7.431573897398973
198,9,440.18378,856.7654,441.3087,858.8954,435.8974,854.3117,158.10623387654275
199,1,614.7197,592.6453,631.5526,615.0809,647.424,639.93475,4.318288460025474
199,2,441.04288,568.71594,441.53287,595.13873,436.55786,629.4085,9.322426807647863
199,3,750.0088,651.31866,731.0256,674.9927,708.2213,700.17126,3.4425314232753217
199,4,673.4712,726.11676,651.87396,732.4064,627.26514,738.63495,2.0331693329100626
199,5,226.34518,614.3177,223.41547,602.5863,231.6414,595.2226,62.187542394809746
199,6,395.2062,526.8475,417.21063,523.636,432.64948,524.33673,10.902319150624072
199,7,487.27405,654.44824,463.70157,641.4182,445.76663,627.17596,9.52107344581501
199,9,450.09952,860.1617,453.99863,861.7223,442.57947,854.81165,170.63216649185023
200,1,613.45776,593.7242,631.4945,615.1817,647.14764,640.1321,7.946754293487316
200,2,440.6096,570.48285,440.59784,597.40265,435.86237,631.1187,7.969965024198559
200,3,749.54626,651.7144,730.8589,675.4332,708.15063,700.162,4.327395226208118
200,4,673.6964,725.77905,652.3406,732.092,628.1889,738.3504,1.9404772070288578
200,5,224.04996,618.62726,225.40697,603.03406,233.53972,596.7353,47.26875671971338
200,6,385.54587,530.05273,417.76035,523.8149,449.0298,524.4853,12.187090486015355
200,7,487.3606,654.45514,463.06512,641.06494,444.88528,626.5617,9.720713442764936
200,9,445.58487,857.4166,451.41406,861.6094,451.14618,858.3747,130.46043932721327
200,8,678.67163,729.7999,665.2459,744.1063,650.5512,761.7652,3.415811121521524
201,1,611.3942,594.5314,631.03845,614.1576,645.79425,639.4783,14.794488557086048
201,2,440.48294,600.64984,438.733,599.3138,434.16415,600.7896,55.262845629341136
201,3,750.3911,651.0269,731.4336,675.2227,708.35284,700.418,4.413085038379476
201,4,673.735,725.83905,652.2493,731.62823,628.7118,738.2894,0.7214502227301817
201,5,225.88162,612.33563,226.73476,604.65436,232.38246,606.5751,102.44485918505025
201,6,386.195,530.2533,418.5101,523.6782,449.85925,524.4963,12.995657998122061
201,7,487.46194,654.5436,463.46964,641.20557,445.33646,627.36554,8.281548159362437
201,9,421.93185,851.9977,440.8817,858.071,457.3887,860.1803,10.488336698459518
201,8,679.30536,728.9492,664.38007,743.1364,649.4171,760.7111,6.041566705404629
202,1,609.9466,594.926,629.5252,613.66614,643.7227,638.60547,16.601480182968846
202,2,441.83603,583.90564,439.42426,599.9891,435.84818,622.8176,0.37586515166080414
202,3,751.1979,651.28796,732.6011,675.8926,708.6892,700.5221,7.070048951766413
202,4,673.8058,725.7267,652.55475,731.3729,629.353,738.3967,1.9631382958125265
202,5,221.55244,600.10266,227.16296,593.95337,223.74516,582.1378,58.510037908120744
202,6,386.90906,530.79944,418.26553,524.24677,448.4477,523.53394,10.450522945694647
202,7,487.6068,654.3205,464.0548,641.4799,446.0624,628.43567,7.3423248932631955
202,9,425.76074,852.5077,440.5627,857.8026,451.4619,858.69543,15.000029393356543
202,8,678.9293,729.0051,664.0219,742.8846,648.40247,759.8802,4.461200280898686
203,1,608.95197,593.5213,628.47943,612.3404,642.6555,637.40546,16.567021131395663
203,2,439.49835,579.6819,439.86597,603.30084,438.62296,631.2833,3.4353009240192276
203,3,751.91364,652.12244,734.61993,677.79175,710.52106,702.11975,10.760294604271316
203,4,674.2033,725.81555,653.06775,731.8485,629.2867,739.3074,1.483189359260487
203,5,232.07289,602.1008,236.58832,581.583,234.08328,562.3894,19.847309043751657
203,6,387.795,531.5619,419.55792,524.96674,450.0686,524.1156,10.132149711919306
203,7,487.84433,654.31055,464.4311,641.4006,446.7698,629.1288,5.921026776005583
203,9,437.56778,856.26263,441.51996,858.7967,444.0507,856.68964,72.44752490081159
203,8,679.4846,728.7754,664.7942,742.9374,648.6126,759.8656,2.341091769161052
204,1,608.617,592.8697,627.4064,611.506,642.04675,635.7644,14.12264004414959
204,2,439.53278,575.91327,439.95248,602.8127,439.51697,633.9817,1.6945436883128142
204,3,748.5753,653.4475,733.5531,678.5554,710.7418,702.4807,12.742226345116995
204,4,673.9175,725.9412,653.2662,732.3929,629.5346,739.99225,0.4073441889832797
204,5,254.6106,576.0616,244.05807,567.20917,239.40349,556.8908,25.726973242417486
204,6,388.9932,531.5335,420.75836,524.8809,451.28946,525.03253,12.113019559157472
204,7,487.9772,654.1357,464.62872,641.10364,447.23752,628.9156,5.855212494911316
204,9,429.7856,853.3037,442.41684,858.47284,453.89917,859.4465,17.409317662260232
204,8,679.87885,728.58844,665.1396,742.9354,649.2177,759.85876,2.51909388643992
205,1,607.41205,592.0975,626.29047,610.65466,642.54034,633.51984,10.090891893602578
205,2,440.80673,572.0111,440.03113,600.7381,437.91223,635.1128,1.9807051785660377
205,3,743.38055,654.19574,730.67523,678.71515,708.66,701.0947,17.137809080669125
205,4,673.7684,725.77136,653.7672,732.50165,630.67365,740.3493,0.17017419378319848
205,5,249.8267,558.96655,238.70642,557.4703,227.49814,547.32465,34.48775886688993
205,6,390.01773,530.79645,420.1921,524.3598,450.23447,522.3561,8.225762189350265
205,7,487.71198,653.5539,464.8978,641.29114,445.97473,629.4604,3.7554626686906767
205,9,442.99994,856.8357,441.46945,858.9046,437.1307,855.76764,89.37496814473427
205,8,680.7709,727.91864,665.5651,742.37,649.7012,759.11194,2.9995045923185035
206,1,606.6769,591.41095,625.5938,609.99805,642.62134,632.60944,8.522261732154655
206,2,439.72305,588.7618,439.7442,606.1601,438.3745,626.94104,3.8405829432877043
206,3,738.3869,655.0358,729.9412,678.3255,708.372,700.6411,24.093108872048052
206,4,673.6571,725.40204,653.84,732.3048,631.29865,740.1538,0.0
206,5,217.39008,548.5936,225.2792,548.5333,224.42456,554.0184,99.29419764593453
206,6,451.609,520.78534,421.45276,523.18964,391.24432,531.63135,11.054514264615166
206,7,487.74057,653.59546,464.69812,641.09485,445.35547,629.62695,2.182923087574946
206,9,460.59192,861.361,442.14267,857.8703,421.49036,850.5177,8.882545959909347
206,8,681.4242,727.1849,666.45917,741.47205,650.54205,757.7385,1.9494326947010105
206,10,233.22104,592.3788,236.47702,573.798,229.90685,564.1573,44.213847040351915
207,1,605.5059,590.9227,624.2968,609.87384,642.47833,632.5272,6.006388950487235
207,2,439.37927,602.89026,439.85068,606.9806,439.49518,614.9825,9.118027869375588
207,3,732.0148,653.5235,730.4984,677.13745,708.7729,700.1025,39.73712427010135
207,4,673.60864,725.1993,653.3977,732.962,630.04926,740.3499,3.45246993025598
207,5,221.15211,526.0654,224.64824,531.3858,224.33093,543.33813,34.8304263965086
207,6,452.9357,519.8601,423.46707,523.0365,393.6521,531.39484,9.508222919457323
207,7,487.8528,653.5263,464.74982,641.06165,445.46442,629.29144,3.0484453433263785
207,9,461.3505,863.0699,443.02475,859.2022,425.72214,850.8233,13.921422850385465
207,8,681.60754,727.1477,666.8207,741.05945,651.08984,756.3249,0.8866903550930025
207,10,232.12323,592.5003,235.68813,574.27527,230.36743,566.0314,43.90615921989752
208,1,603.66736,591.46655,622.48444,610.2319,640.5954,632.5217,5.984318705803862
208,2,440.77158,583.8316,439.5524,609.4585,438.93915,638.58234,1.5173640762346268
208,3,734.0694,656.48846,730.0014,678.9814,708.2837,701.1521,34.157126618732676
208,4,672.9782,725.23883,653.80347,733.3039,630.28357,739.42883,8.215563661659518
208,5,248.83684,552.0187,234.99744,539.98645,231.59363,525.0286,36.175767570735935
208,6,453.40405,519.4196,424.35532,522.79675,395.15863,531.0298,9.11636832437503
208,7,487.58838,653.47656,465.0625,641.2892,446.2348,630.47076,1.4666041203333284
208,9,446.77264,857.136,451.88235,861.43866,449.77655,857.6816,159.36950466353974
208,8,682.69293,726.96155,667.7534,740.495,652.4555,755.13165,1.5616007183614955
208,10,232.49239,590.861,235.16792,575.7355,231.26337,566.4682,32.87823220239798
209,1,602.5278,591.46655,621.5298,610.23206,638.81036,633.3038,8.525809899265216
209,2,440.92868,584.15314,439.68747,610.5877,439.08344,638.3426,1.4414364433816589
209,3,736.2858,658.98804,729.0216,680.42236,707.7308,701.0837,27.137867808729407
209,4,671.2938,725.58624,653.3305,732.7584,631.11365,737.6057,9.457333698255333
209,5,239.87285,570.3914,236.79216,552.4927,231.14958,535.67737,8.783868450549235
209,6,454.53604,518.8616,424.75403,522.2953,395.60123,531.8963,11.65161220048466
209,7,487.62238,653.3598,465.17258,641.4162,446.2787,630.4286,2.1662727746495656
209,9,443.20798,856.6465,456.72055,862.06396,458.01132,858.327,92.79154414375101
209,8,683.62866,726.6911,668.82916,739.61334,653.8529,753.39056,1.4863525527347774
209,10,233.70233,597.2923,235.37668,575.71967,230.23793,558.4296,20.990472827221318
210,1,600.9706,590.45483,620.569,609.5349,638.3966,633.26385,8.85008551306076
210,2,439.52408,616.65894,440.2483,611.34064,441.17105,607.881,7.179853061014733
210,3,735.1231,660.31396,727.7983,681.5891,707.1577,701.9325,26.41735819654347
210,4,671.04755,725.3813,653.7781,731.5827,632.1633,735.72546,8.903091329866852
210,5,220.19775,559.3692,228.34802,568.0112,229.68228,577.36414,35.20369948286613
210,6,453.21964,518.7133,424.04282,521.1724,395.2393,530.4016,12.948754874096256
210,7,487.81708,653.3622,464.9943,641.17444,446.22354,630.00977,2.6407872465991344
210,9,461.02045,859.9115,455.4182,862.301,441.91583,855.21906,50.776662213097985
210,8,686.6674,723.397,672.09216,737.24817,655.7186,751.0324,3.4482708527002917
210,10,233.63605,594.981,236.56848,573.8791,230.24295,558.5152,30.289111449568587
211,1,601.5647,589.3128,620.5291,609.22784,638.58716,632.86633,6.22223629087715
211,2,437.51532,642.47076,440.43756,613.50476,441.15973,584.6825,4.325493901424271
211,3,734.6883,662.52277,726.6278,682.1496,706.91125,701.5628,23.116854281163334
211,4,671.7825,724.4288,654.0651,731.7961,632.965,734.1839,16.12225521152164
211,5,231.41365,605.84155,231.00095,592.7278,223.53313,580.5219,29.65663306990334
211,6,452.74338,518.50854,423.5041,521.0472,394.44318,528.8743,10.111959836607104
211,7,487.75226,653.52344,464.70663,641.25665,446.2717,630.14874,3.0453613555970143
211,9,440.75955,855.9465,455.4838,860.943,453.22736,857.1914,139.7694598454814
211,8,687.2432,722.62006,673.03485,736.66174,655.86786,748.85004,9.287809504526189
211,10,234.07033,592.382,235.5236,567.33496,221.18144,549.2412,41.72308133972116
212,1,601.3456,588.0884,620.5487,608.0116,639.08685,632.2209,6.502733664396968
212,2,437.3796,643.0512,439.69025,614.544,440.84897,587.03143,2.2224632426153486
212,3,734.2227,665.4223,726.46124,682.64276,707.2095,701.09607,21.951456699104448
212,4,671.61615,723.8918,654.6335,732.6179,633.7008,732.1293,28.53254458028629
212,5,233.79279,609.1897,228.28087,598.7247,229.13417,590.66614,33.820142477548686
212,6,454.36493,517.8559,424.2705,521.7827,395.35492,529.17126,6.899470138253467
212,7,446.35327,630.3116,464.69028,641.4021,487.7072,653.71875,3.0144779921105656
212,9,450.37802,856.3313,458.2107,862.3442,457.08768,858.6183,144.285501916242
212,8,686.37335,723.4823,672.2789,737.1368,655.63824,748.98987,8.629351443313947
212,10,230.23177,581.3655,230.56631,561.231,216.4383,550.4254,53.541909084523695
213,1,601.12476,587.84937,621.1249,607.0333,639.6984,630.39746,7.7099390477353245
213,2,437.37894,642.30664,439.9533,613.591,440.94006,586.6988,3.0214834013676017
213,3,725.30817,663.96716,725.4551,679.8989,706.2966,700.17126,43.91028093979458
213,4,672.36414,723.45325,655.0985,732.8848,634.80695,730.617,35.02318298471054
213,5,232.13731,607.1419,228.36565,597.91174,231.83607,591.6753,51.32095797463928
213,6,455.41345,517.2338,426.22598,523.1727,396.2114,529.9621,1.24458371946742
213,7,487.76642,653.78253,464.83084,641.29364,446.52625,630.5986,1.7279371746512413
213,9,470.41116,861.2427,482.46674,863.2507,493.53787,855.46387,44.576828109616834
213,8,686.2545,723.5398,671.1801,736.67267,655.82117,750.39905,0.7252374394618605
213,10,219.51013,552.948,226.12088,548.97925,221.52538,539.5186,84.92975824991383
214,1,605.0421,592.0604,623.22766,608.2787,639.3677,628.8823,10.199080082519608
214,2,438.03036,640.7899,439.15506,615.70905,441.09277,594.0465,2.5439903351303834
214,3,723.37067,666.4222,725.2744,680.84705,706.1997,700.3788,51.840018183235436
214,4,669.8488,724.05444,653.96674,733.0989,635.76746,730.1225,38.94854134797164
214,5,226.58923,594.8219,228.38432,603.39307,234.12004,614.57196,15.332969897343093
214,6,456.23456,517.24677,425.9787,523.0311,396.66983,530.91125,4.225587531824396
214,7,487.74896,653.79333,465.00208,641.91833,446.77347,631.1201,3.074789141417555
214,8,684.6647,725.2134,670.0971,737.2193,655.2816,749.9458,1.1683512966445988
214,10,216.2229,530.1179,224.35605,540.5725,225.62828,549.04926,29.345610073769056
215,1,604.0624,591.2377,621.80865,607.63806,638.20734,627.35,7.499492174124691
215,2,437.05103,643.55786,439.50818,615.3211,441.23477,587.87335,1.3740158372758158
215,3,723.8236,669.16046,724.5499,682.35706,705.94763,700.9405,48.179341551073676
215,4,635.9663,729.8779,653.1745,732.96326,669.2084,724.04956,39.23574630502274
215,5,228.0382,612.10596,229.89421,603.1048,225.07588,598.0183,55.10014949627784
215,6,457.39395,516.8927,426.8489,522.4288,396.76852,530.92664,5.502316450195977
215,7,487.85516,653.5574,464.98685,641.75116,446.85712,631.565,2.0233270657225457
215,9,462.05722,856.64874,463.2706,862.80615,454.98914,859.5446,122.6441569355591
215,8,684.8081,724.77496,670.13824,736.59894,655.14856,749.37445,1.571594090684343
215,10,220.16562,525.1667,228.11554,535.0646,239.8938,539.09503,32.33811783977159
216,1,600.1505,587.8655,619.2687,604.8756,637.23804,625.0895,6.703468102000472
216,2,436.35684,637.6768,439.30212,612.99054,440.6396,586.67395,3.8943042562682377
216,3,726.89606,669.15796,723.76105,681.7941,705.83276,700.7843,29.4188145530365
216,4,636.01184,729.4323,652.1433,732.34863,667.61005,724.06213,38.42824789842887
216,5,226.76752,599.9461,230.26163,601.24054,232.69058,615.6616,60.11162062760431
216,6,457.3951,516.7648,427.17654,522.1357,396.64426,530.4075,5.080373234148583
216,7,487.7652,653.2822,464.94037,641.8224,446.789,631.5435,2.8620441091960056
216,9,447.6087,858.01715,444.36298,859.8106,436.24927,854.4291,62.478141575042734
216,8,685.1195,723.77954,671.0242,735.33716,655.70526,748.3114,0.9119304840110994
216,10,222.88202,525.4669,232.19351,535.4276,242.76967,540.9401,19.399858819724287
217,1,598.281,585.4543,619.2486,602.96063,636.879,626.06006,12.788315831036746
217,2,436.67883,635.75195,439.77084,612.8989,440.78558,589.00977,5.272991529115135
217,3,729.18195,669.1787,721.93427,682.1111,705.58734,699.75604,13.54557002715824
217,4,636.5855,729.4846,650.68933,732.12177,665.82666,722.70685,42.47116419752363
217,5,228.6233,596.099,230.52156,598.0574,226.49203,601.2477,95.7370948839107
217,6,458.80225,516.5362,428.4594,522.1084,397.4944,530.7086,5.1161137650775155
217,7,487.66718,653.3583,465.12027,642.0536,447.06656,631.48846,3.7078175342848114
217,9,440.2742,857.65607,427.9,853.0645,411.00095,844.2886,7.085736063051458
217,8,689.93384,719.15845,673.9848,733.3022,656.45325,748.342,0.9416998978104902
217,10,233.70184,532.21063,237.25633,535.6822,244.63596,537.3951,31.256161919078977
218,1,598.8869,584.9444,619.7978,602.87665,637.6935,623.8194,8.870993360729576
218,2,437.22903,626.5471,439.78198,613.57275,440.31488,600.4512,8.80613697419928
218,3,728.5237,672.2321,720.7923,683.9046,704.82275,698.8359,13.405540122128269
218,4,640.7359,729.2361,648.5978,732.81885,660.7698,722.31024,65.30484210349316
218,5,226.39467,598.4737,229.16963,600.6682,224.37537,601.2029,135.29859539087775
218,6,460.79398,515.91656,430.60913,521.816,399.47345,530.6501,4.781555885420444
218,7,487.72873,653.3904,465.19272,642.12427,447.18896,631.71564,3.472430865386822
218,9,452.1016,861.9753,436.23694,856.76825,415.1307,846.946,6.785384462953461
218,8,691.3872,718.00287,674.697,732.58563,656.75195,747.6018,1.2225334478340664
218,10,240.92126,537.6909,239.06451,538.451,244.25137,538.156,160.99295877229878
219,1,598.9185,584.9493,618.55505,603.0953,637.02795,623.12994,4.5816763192443695
219,2,437.61667,618.62244,439.55484,614.46094,439.36856,611.3662,28.417838551148268
219,3,729.8069,671.143,722.9427,683.4071,705.2939,699.32513,18.716018191340435
219,4,646.54364,726.4895,647.80334,734.55347,655.8291,717.50555,145.91141035259952
219,5,232.57278,618.18555,228.6956,603.215,223.17369,591.32666,10.394039409198843
219,6,461.51416,515.7249,431.42252,521.85706,401.72705,529.9314,3.693107417221797
219,7,487.86755,653.3061,465.21182,642.0089,447.41678,631.9254,3.03492978236885
219,9,449.18408,858.94104,441.8643,858.6965,433.98767,853.2424,32.786711088700876
219,8,694.1337,714.0001,676.3868,730.6842,657.45447,748.2276,0.41259432397074103
219,10,241.30743,545.8442,233.53964,538.03076,238.40782,530.85913,79.001308037342
220,1,595.73785,584.9751,614.8448,603.234,635.13245,623.44476,1.1912403741707474
220,2,437.23492,632.6412,438.57434,617.9847,439.9829,608.56433,3.2825890906403665
220,3,730.8607,671.7943,722.45245,684.18634,704.4348,699.56104,15.367647211583366
220,4,654.7235,727.6257,646.91016,733.3565,646.57947,715.1184,125.22004440518643
220,5,233.06238,618.3554,228.46344,606.8439,218.72455,595.7562,19.51755764613026
220,6,462.33688,515.69495,432.2568,521.35297,403.49612,529.2943,4.782989602475083
220,7,488.0913,653.686,465.05847,641.91565,447.6185,631.8527,2.9171204380182254
220,9,457.09467,861.5425,443.44235,859.3094,430.18442,851.98315,19.635167753759546
220,8,694.73987,711.12335,678.7779,728.8495,660.5672,745.4098,5.71525441091387
220,10,233.13686,557.02563,228.27345,536.0589,238.00597,524.8157,53.93983269812402
221,1,593.58856,585.0663,612.02545,603.44226,633.07495,624.2442,0.24469422950165987
221,2,440.0497,605.9429,438.10785,619.4337,439.06467,639.6573,10.899592302163182
221,3,730.9777,671.065,722.44995,683.86005,705.32886,699.38153,14.122402103543248
221,4,639.9453,715.1697,649.1987,728.3928,664.585,729.1278,52.28119721117873
221,5,232.09645,614.01874,229.73035,601.7228,224.76118,590.32056,12.655632548875372
221,6,464.2443,515.1581,434.38046,521.1264,405.61838,529.0082,4.023019483742306
221,7,488.044,653.80084,464.9454,641.5501,448.01562,632.02246,1.4297133179592203
221,9,447.12253,858.1412,441.13968,858.8208,428.5091,853.09656,30.861056682211757
221,8,696.745,709.40546,682.70654,726.888,664.38696,736.49225,23.56930153381437
221,10,231.4179,547.83246,223.63385,533.566,233.37845,527.17725,85.36809233401605
222,1,591.1494,587.49603,610.5376,604.8312,631.467,626.2493,3.861075830531824
222,2,437.16406,641.4296,437.7471,622.38574,440.6251,607.5323,9.212110607140506
222,3,730.7985,670.4409,722.8647,683.2666,706.97455,697.5354,16.33671504587574
222,4,638.839,715.309,648.912,728.0545,665.05066,728.46234,50.23240908610681
222,5,225.62793,596.0088,229.27165,600.97437,228.30185,605.2846,48.95145571068368
222,6,464.72678,515.248,435.48083,520.7958,405.8624,529.1944,5.090159470830367
222,7,488.12347,654.0902,465.02118,641.4446,448.0577,632.45605,0.7770768550763487
222,9,445.78705,858.7125,438.32892,857.1949,427.665,850.9677,18.780779114598378
222,8,696.5239,709.69763,683.0706,726.3906,665.10254,735.4031,24.496300415636817
222,10,230.24959,542.1781,223.54073,531.6644,229.62314,527.5324,88.35249965339173
223,1,588.87036,586.7784,609.17065,604.3126,630.9085,626.18414,4.357074534039749
223,2,438.77124,619.4192,437.3992,623.10565,439.80142,631.69696,36.03598887192253
223,3,700.33417,652.08984,722.1739,669.1804,712.1592,694.5618,73.48784253530437
223,4,638.16376,714.71967,648.2336,727.4201,664.5955,727.92847,49.81048885878459
223,5,233.26062,612.03625,227.88165,596.9369,223.74138,588.4354,6.358537713314924
223,6,465.32526,515.0683,435.76294,520.1054,406.40112,528.20935,5.759936072010464
223,7,488.05353,654.3216,464.69205,641.60486,447.75543,632.2465,0.3626169041463061
223,9,449.69202,861.5039,434.034,856.44916,414.4127,846.4041,9.218763922734587
223,8,696.2267,709.3118,683.53174,726.32544,664.8443,735.1346,28.032102793944915
223,10,231.6498,548.159,223.59117,532.4647,227.48059,518.4833,42.72511729259351
224,1,588.8697,584.3274,609.375,602.1937,631.40454,623.9551,3.583482195967304
224,2,438.7601,625.1909,438.2103,623.5868,440.32062,625.1438,145.33895753112745
224,3,698.12775,650.0228,720.78577,668.73663,712.5593,695.9154,67.28583425375729
224,4,637.4205,713.77765,648.0213,727.1441,664.39215,728.1885,47.932128849243846
224,5,227.86195,606.1051,227.99046,596.01373,229.94012,589.3345,15.542794350679484
224,6,465.63528,515.32,436.56192,520.1302,406.75537,527.78186,5.003158315402912
224,7,487.912,654.65173,464.94135,641.82117,448.77682,632.0515,1.962041379641928
224,9,450.7014,862.149,432.21188,857.0197,415.1696,847.34204,14.085768383682131
224,8,695.7053,709.5922,680.8111,726.77515,662.76465,743.053,7.0307625249114505
224,10,229.53287,547.54535,229.24861,533.2415,227.65302,520.95605,6.2614989963385135
225,1,589.92523,583.4421,610.31036,600.9681,631.9355,621.58124,2.9405136751296537
225,2,442.442,599.0771,440.62775,621.94635,440.44153,648.96826,4.140991191065934
225,3,697.33777,648.7318,719.01886,668.847,712.8468,694.97156,60.43828124657469
225,4,637.17365,713.83154,647.38513,726.71185,663.54663,727.04456,50.41335285329566
225,5,228.99477,589.58014,226.78557,593.874,234.07803,599.3483,80.3309574878113
225,6,466.25836,516.0881,437.7312,521.4772,407.7542,528.4848,2.4598109705643387
225,7,487.98486,654.5224,465.66614,642.0198,450.32794,632.1878,3.403465530699789
225,9,447.68677,859.7327,428.44907,853.5489,407.23004,843.4343,7.666261285145476
225,8,696.5317,710.1332,681.21576,726.244,663.1192,741.8966,5.590790329500218
225,10,228.46149,546.0832,232.00247,532.5147,238.95372,515.00635,7.027944003110085
226,1,589.4364,582.4582,609.52,600.0816,631.6777,619.4086,0.17245851507387558
226,2,442.23196,613.0894,442.89185,632.95435,448.4618,648.668,17.615057396867968
226,3,696.69684,652.78235,713.99384,664.77966,717.1418,680.2504,43.75318145197238
226,4,635.7574,712.7677,646.90497,726.02026,663.73615,727.305,45.56571816316779
226,5,227.83551,587.40564,228.3572,590.3595,235.67778,596.91833,38.12566715996155
226,6,466.614,516.23846,438.2935,521.8266,408.1841,529.14124,2.4925359851215805
226,7,487.9823,654.1925,466.0406,642.67255,451.75278,631.849,9.444688608687843
226,9,446.61725,858.93506,428.84073,854.13367,408.86633,844.1917,11.346387423132079
226,8,696.00543,709.785,682.4799,725.7073,665.6855,733.81287,23.889520834746463
226,10,232.13763,534.921,234.73569,533.1626,227.36137,532.4708,140.5498058529979
227,1,588.54895,582.2904,607.9666,599.60876,630.5625,616.91486,4.280936136675899
227,2,439.48618,635.77313,442.88184,640.5541,451.90128,649.6995,9.218337570945662
227,3,711.85297,667.81586,711.2963,658.43445,699.58923,654.9895,70.20724378519293
227,4,637.84894,713.3756,647.0321,725.6313,660.8221,727.3648,45.99081530270335
227,5,243.16208,578.9859,242.47067,575.1303,250.99324,571.0738,74.71332156782961
227,6,467.16937,515.4557,438.55673,521.29376,407.90436,528.95245,2.4963024538174823
227,7,488.2859,653.92816,465.89514,642.7484,452.4378,631.47235,13.426985286161196
227,9,447.2921,861.08923,429.22565,854.7416,409.9191,844.7881,7.914428393937053
227,8,695.54236,710.0083,680.6801,722.8661,664.21436,734.1542,6.431571697954748
227,10,224.36978,518.07916,234.95659,534.3444,240.74297,552.80615,15.657189757982502
228,1,588.82806,582.58276,607.8747,599.49414,630.0791,616.01184,4.956300905218082
228,2,440.16898,633.9093,442.88235,641.08966,453.468,654.2072,18.201872940733562
228,3,707.9875,661.87604,710.4571,658.2395,703.13916,658.02844,122.52874372907372
228,4,643.8087,717.2842,647.17035,726.00867,654.85004,724.082,83.0116267157987
228,5,257.05194,560.2703,255.8673,562.08185,255.70532,566.3098,30.988791870515985
228,6,468.13,514.81604,439.0554,520.6411,407.9526,528.59717,3.019214908475006
228,7,488.61868,653.9688,466.0348,642.38354,452.49164,631.5202,11.576786387951879
228,9,446.12387,859.833,431.33148,856.86005,415.66013,847.93524,18.297556080140545
228,8,696.1011,709.94653,680.54645,724.0242,662.97284,736.36786,7.062303502933865
228,10,227.86435,520.6806,236.25433,534.754,248.35464,544.5346,20.25004629632572
229,1,587.9781,581.6353,606.588,599.76697,629.8356,616.45764,8.577598352227307
229,2,440.7206,629.6204,444.63596,639.20984,452.35254,644.3038,34.35995343022085
229,3,698.3188,648.93756,710.61194,657.33374,713.4698,671.3831,44.16913608999221
229,4,636.65485,711.8316,647.99603,725.0215,664.1576,728.8611,35.94540068040235
229,5,267.16107,547.96185,267.93326,550.0111,271.05325,560.81274,4.53595980766143
229,6,469.37518,514.1146,439.75385,520.0894,408.2023,528.704,3.8675114191250097
229,7,488.5258,653.8099,466.17795,642.43274,452.44846,631.1523,12.426972093584267
229,9,452.73917,860.84875,435.22632,857.4996,419.42908,849.5295,15.945445112502673
229,8,695.05286,709.56165,680.44995,723.765,663.91864,736.0709,7.541372047220851
229,10,228.08078,518.11743,236.6836,534.7522,241.96245,549.99927,8.24921650657554
230,1,587.23846,581.0335,605.1075,599.7069,628.98303,615.83264,12.225613303397367
230,2,440.6641,622.2582,444.8431,642.5409,455.0742,662.7649,15.192119926231221
230,3,697.7296,647.7362,710.0484,657.1231,712.83655,670.5805,40.98751387175989
230,4,637.025,711.3076,647.80756,724.70996,663.6883,729.081,35.79332571384142
230,5,273.63318,534.71674,274.03647,539.748,276.58044,551.50616,7.625397975010225
230,6,471.144,513.0045,441.15756,519.7459,409.18982,528.307,2.3220361192108756
230,7,488.86655,653.6015,466.10443,641.80176,451.33505,630.34247,10.405296084952464
230,9,456.3561,858.76355,450.21872,861.22723,437.7023,855.29834,47.21803571402948
230,8,694.2768,708.3846,680.64355,723.5653,664.0997,735.58295,12.079137783526173
230,10,231.75275,552.0867,238.4731,536.83234,228.64857,520.4375,54.70800105039184
231,1,586.2208,580.30273,604.1197,599.1475,628.2083,615.4692,12.354429294688945
231,2,443.49054,619.7594,444.3961,639.9412,453.4229,659.2009,22.542899181397633
231,3,694.1456,641.52814,712.4481,660.50616,719.14185,685.15204,28.767114903226787
231,4,651.0345,720.5736,646.74225,724.4313,646.67053,719.25806,131.15351445160746
231,5,262.68436,537.7677,261.01016,545.03894,259.06268,547.35986,27.03359759059355
231,6,472.33905,513.35864,442.49997,519.591,410.56128,528.3181,3.485206612283379
231,7,488.6718,653.5541,465.9491,641.5989,451.20844,630.05115,10.32449158875648
231,9,445.30667,858.61066,455.75284,860.9618,448.29913,857.0196,164.81031723072311
231,8,692.8414,707.74274,680.3182,722.7743,663.66,732.6837,19.454369737431062
231,10,234.10222,536.5234,239.03983,532.37897,228.0593,528.1402,118.88350079016767
232,1,585.97723,579.4603,603.87354,598.0255,627.7461,614.7342,11.062330478026345
232,2,443.6905,612.10223,443.04382,632.56287,448.9387,653.206,17.747524726459538
232,3,695.54803,643.30817,715.6942,663.68896,718.4085,691.43787,39.08162442785993
232,4,650.5199,721.2319,645.95844,725.2885,645.62726,720.0197,128.05095065725726
232,5,240.20715,561.8439,253.23091,554.27814,263.92776,541.4947,19.92520822662835
232,6,473.5452,512.9009,444.40176,519.27594,412.89484,527.68365,2.6024099972388917
232,7,488.66928,653.4336,465.96204,641.5806,450.91867,629.7902,10.523847376020482
232,9,455.55408,860.6648,455.4404,862.4749,443.15152,856.24023,113.3071177064294
232,8,691.64636,706.55597,680.49927,723.6478,662.7198,734.4806,25.53480435385303
232,10,233.03734,536.6302,232.66771,522.5377,222.0353,509.75015,38.23988078634905
233,1,584.8174,579.7338,603.08057,598.17017,626.94495,614.9661,10.132110886110764
233,2,441.46124,620.3963,442.6919,639.4897,450.1369,660.89105,15.493663542450554
233,3,694.96936,641.047,716.10974,662.96027,719.4447,692.2902,37.4846057097966
233,4,649.4593,722.4022,644.6283,724.9394,643.20514,719.06866,104.08129212277483
233,5,229.30002,567.50336,237.18532,546.865,233.68617,525.08777,30.038556222827324
233,6,474.26587,511.96655,445.11182,518.85815,415.30185,527.5956,3.036348516794158
233,7,488.70575,653.3258,466.34137,641.54736,451.39648,630.0504,9.796732247379351
233,9,453.19498,858.09436,458.62277,862.97266,452.98383,859.5385,169.39360309975697
233,8,663.3804,733.8226,680.098,723.13336,689.29236,704.53046,31.104778721868755
233,10,235.54825,523.3298,232.26799,513.8042,221.67746,504.69385,30.294879927367194
234,1,583.06946,579.56104,602.6043,597.9274,626.7484,615.5664,7.083410124716709
234,2,441.85126,636.91785,442.58212,642.919,448.0291,659.6538,11.085781986556642
234,3,691.1072,638.80804,712.1681,661.1962,719.42487,690.91473,29.52811388513261
234,4,649.4125,721.9419,643.55,725.1104,639.6177,718.3711,88.1269862818445
234,5,230.94052,531.06116,228.33188,524.4511,223.3223,512.5018,1.2083656064222525
234,6,475.2967,511.84924,446.56937,518.5662,417.74374,526.8799,2.92777080039334
234,7,488.5469,653.3859,466.41122,641.4397,451.69717,630.1462,9.152465877600264
234,9,450.11163,859.3794,456.7851,862.20264,451.1488,858.53076,169.84799077091367
234,8,664.2318,735.01996,680.7576,724.0983,687.241,706.2338,36.59308126609506
234,10,233.83267,518.78424,230.06471,512.6293,222.67894,504.831,11.969616893452134
235,1,581.1703,579.4337,601.95325,597.3414,626.7451,615.74554,4.161654174895271
235,2,436.6426,630.4845,441.87302,644.90674,451.23645,666.26294,3.740887300941178
235,3,689.016,637.9687,708.0508,659.7311,718.9925,686.81354,19.175606053719093
235,4,660.79803,728.8884,643.19714,725.6057,628.5396,710.4942,35.30893266141323
235,5,222.52747,504.3521,230.6921,509.85544,235.19193,517.9127,26.835767169330296
235,6,477.8678,512.0536,449.37357,517.3654,418.92242,527.4323,7.733703769212679
235,7,488.00348,653.85913,466.13693,641.7111,450.83893,630.1273,8.078879973551617
235,9,448.08682,859.5152,456.40213,861.8881,447.66434,858.5634,175.09539450280943
235,8,662.9547,734.943,679.34656,724.5792,683.9433,707.0075,43.0368324827777
235,10,229.42789,558.2689,235.12993,539.10376,232.67873,518.65765,23.405198355578698
236,1,580.88934,578.47595,601.94916,596.86316,626.1669,615.3703,3.7370643047865553
236,2,436.24802,625.4709,440.06158,643.0227,450.55573,665.9312,12.35363119507856
236,3,690.1901,637.5592,708.9584,660.3576,719.2879,687.11505,18.35338552610978
236,4,658.2285,729.15356,642.7819,725.6565,629.15533,710.96277,34.4013805108889
236,5,219.71611,503.80295,230.72942,511.62903,232.91547,523.50494,44.17238553093023
236,6,477.82956,511.5486,450.27292,516.6365,420.38992,525.9546,6.857667373401474
236,7,487.70642,653.90485,465.6031,642.2899,450.44775,630.60767,9.905102566407546
236,9,456.4745,862.2931,458.36987,862.0512,443.46243,854.4758,145.7895362161461
236,8,662.45416,733.41003,676.0703,725.41235,678.1792,708.00616,52.66328574469462
236,10,233.66756,567.42773,243.40454,550.3511,258.44864,534.5431,13.890202980243785
237,1,583.4768,580.987,602.47,597.56445,624.9802,614.68066,3.866397358678121
237,2,437.40952,619.34467,441.68442,640.15826,450.32538,665.81213,7.008490654451334
237,3,690.92084,635.0381,708.3316,657.3646,720.8309,682.5731,11.57411433219859
237,4,628.5513,710.19415,642.00024,724.64417,658.63116,727.15247,38.4781556294034
237,5,218.15215,508.60083,231.47754,509.75064,232.89703,508.70853,41.21572499566213
237,6,479.6519,511.80478,451.87448,517.00555,421.0741,525.353,4.559218964543944
237,7,488.10373,653.6408,466.5946,642.3002,452.26312,631.4779,9.257544137862022
237,9,450.8048,858.9475,456.015,860.53375,440.2987,855.3994,178.84123480320343
237,8,657.94275,737.89484,673.9637,728.7334,691.01605,715.06946,8.942218238423317
237,10,238.41246,559.43933,248.07137,550.67035,260.709,543.9746,14.31947157045183
238,1,577.89484,577.4315,598.76825,594.82086,622.1578,612.9417,2.0306650479265653
238,2,439.92792,624.58325,443.2913,640.3384,451.22006,663.0681,7.179689114110493
238,3,689.1122,632.1247,706.51825,653.93915,719.8753,678.00867,9.559337255848186
238,4,627.2091,709.2906,642.8902,724.36707,661.75995,726.79895,36.53021283474338
238,5,229.77861,508.5738,237.25706,507.72562,239.7114,502.37698,58.88040412022079
238,6,479.2707,511.62085,451.6524,518.18915,421.2804,526.58496,2.074808472621735
238,7,488.39368,653.4213,466.96643,641.9689,453.59137,631.28644,10.490081291745524
238,9,452.63412,858.06476,461.9176,862.19995,447.69626,857.5344,174.15296143487805
238,8,658.4785,739.983,672.20026,732.49054,679.7491,720.21783,29.769010473223844
238,10,247.92267,553.23975,249.04486,549.08185,254.13933,546.0323,43.99123470329668
239,1,577.6184,577.8212,598.06604,594.5077,620.8057,611.807,1.954445872181014
239,2,439.57382,615.83374,442.6156,637.5353,452.26788,664.41223,11.77582090110725
239,3,688.0404,630.6716,706.78735,654.27124,720.6339,679.448,9.653066637061485
239,4,629.80597,710.0835,642.35596,723.4341,654.2028,723.5955,45.989756427868485
239,5,239.04546,506.52243,237.70386,508.4266,230.42567,509.45602,46.78268549302819
239,6,479.61008,510.77628,452.0127,518.2559,421.42163,527.1417,1.0326824918345827
239,7,488.5344,653.32214,467.38495,641.9149,454.00732,631.58,9.347144739025206
239,9,433.32053,854.8065,440.7697,859.11383,438.74548,857.1683,166.17295847103907
239,8,657.18976,740.736,671.7464,732.8076,682.48175,719.1571,23.241629120801274
239,10,251.71358,544.15625,256.32913,546.42017,264.26926,547.8652,15.813566848249373
240,1,576.9408,577.1617,597.25226,594.0133,620.4811,610.7544,3.900735307958767
240,2,442.96664,608.60645,444.7165,631.7701,457.7719,648.5388,33.58270784150922
240,3,687.5077,629.0129,705.7439,653.4867,720.226,678.1312,6.250781130027481
240,4,650.03784,722.0161,643.08246,723.24255,636.17694,716.5936,53.915643633928326
240,5,237.61926,513.5881,237.75507,510.92532,233.0371,505.32877,43.050946999519276
240,6,481.19278,510.3734,452.98248,517.43054,421.62238,526.6218,2.290380343213454
240,7,488.76974,652.78644,467.6988,642.1247,453.51395,631.4175,10.207716954183985
240,9,425.05078,856.61896,414.4231,851.0939,398.87347,834.96375,18.580914257585643
240,8,656.19073,740.8636,671.54974,733.74225,679.78864,720.27826,33.66148080738922
240,10,263.07306,548.6982,263.1687,544.7778,266.39075,547.5326,129.13265476426693
241,1,577.28143,576.98926,597.77716,594.29395,622.15656,611.2114,5.416888742656814
241,2,443.14944,609.13525,445.46576,632.53687,458.59094,647.62946,35.358888869242364
241,3,687.10443,629.04694,706.0062,652.61725,720.5468,678.20764,9.121776907414157
241,4,631.7584,710.9262,642.0223,722.7573,650.4155,719.0222,73.04705896730097
241,5,241.46124,500.58817,238.38498,509.16946,231.44305,512.27014,46.2096447738589
241,6,482.6911,510.10266,453.9586,516.7668,422.60782,526.4512,4.108038786397718
241,7,488.6621,652.86176,467.41135,642.1242,453.32312,631.1334,11.152737402756213
241,9,414.5744,852.4157,400.0635,843.3611,388.09558,829.30414,17.62562844364721
241,8,657.8292,739.5613,671.9872,732.5028,671.87604,719.56683,63.99365031635208
241,10,256.36136,549.26227,261.16364,541.81104,264.1994,529.2307,19.234813035272445
242,1,577.74054,576.7309,598.12555,594.2153,622.48395,610.54565,6.781220933124618
242,2,443.2478,610.2202,445.93362,633.5669,459.79968,649.3705,34.70118873632358
242,3,686.8931,628.23645,705.78723,651.7855,721.206,678.04565,8.321545447551664
242,4,634.5565,713.38293,640.96405,722.5576,643.722,716.17883,121.68808183994882
242,5,231.35066,510.13226,239.00134,507.72882,246.56467,498.9794,31.71866542886768
242,6,483.6233,509.00464,454.8922,516.33075,423.58365,526.01965,2.8904245790208467
242,7,488.79733,653.04755,467.50507,642.0507,453.24652,631.5071,9.166432403425736
242,9,397.04807,839.8583,389.81064,837.83325,386.2195,833.8366,32.42761216492615
242,8,660.5247,736.87946,672.1973,731.1362,667.069,720.064,88.65396339984534
242,10,230.8692,555.54913,236.34761,535.114,235.38841,513.58014,17.557898952770515
243,1,578.46387,576.24634,598.4713,594.00433,622.6173,610.0345,8.011703391056452
243,2,443.32153,610.93274,445.90292,634.1154,460.09555,649.61206,36.131350315791
243,3,687.0464,627.605,706.5906,650.363,721.78705,677.8932,11.757064255417102
243,4,623.23083,708.86554,639.43085,721.2521,653.42847,723.48346,28.344138442002915
243,5,244.7513,500.82294,241.43489,505.62753,237.49739,510.2572,5.7652760384844015
243,6,485.36472,507.99643,456.672,516.0251,425.42493,525.62683,1.4488840734827781
243,7,488.60645,653.5968,467.5382,642.22003,453.9562,632.02106,8.53471993412595
243,9,410.33224,844.1902,389.00162,837.8203,375.4924,824.3409,28.309793354322622
243,8,665.9308,729.6339,671.75635,731.09,662.22064,729.28186,176.7032468257495
243,10,233.9398,521.3874,233.28146,515.0026,235.23634,511.80685,37.34150551812639
244,1,578.98785,574.6123,598.58655,593.22186,622.9561,609.29865,10.103923321032218
244,2,443.17737,611.1224,445.75342,634.0694,459.98026,649.6609,35.974397809426506
244,3,686.50714,628.58154,705.672,650.9661,721.0694,677.19775,10.156910006663148
244,4,621.4581,708.5364,638.50757,720.8506,653.3938,724.7579,21.132211252477614
244,5,238.3503,510.02338,243.63898,501.53235,249.46703,493.18112,2.992971074999128
244,6,486.82343,507.45023,458.36786,515.686,427.71747,525.50256,1.6172524964853183
244,7,488.62695,653.8089,467.61694,642.39087,454.01904,632.1406,8.487185015273806
244,9,408.9918,845.3291,391.31406,839.8845,375.86728,830.04175,15.387158294904786
244,8,669.51166,723.98236,672.2017,729.81635,659.6886,735.4788,90.40668995367133
244,10,230.0924,506.95407,238.00002,500.8073,243.115,489.83353,27.150593047171423
245,1,579.8919,573.14496,599.51215,591.703,623.2201,608.08594,8.760646922365067
245,2,442.8901,611.6207,445.19763,634.33734,459.74146,649.5934,37.830748354271805
245,3,685.60925,627.14624,704.50256,651.2101,720.3605,677.23755,6.783649967958639
245,4,619.63794,707.606,637.7318,721.0773,653.234,723.3138,28.458980572352466
245,5,238.73033,505.27274,245.25227,496.54825,250.38795,483.6856,15.014365542056922
245,6,487.80585,506.77863,459.75653,515.6733,430.33948,525.45355,0.7964759865544895
245,7,488.46487,653.71545,467.48108,642.29016,453.88498,632.0742,8.35331702845654
245,9,378.77933,830.5337,392.6556,839.12805,407.7141,844.8628,10.923911500212025
245,8,674.5625,719.5241,671.96344,730.56055,656.88983,739.91345,44.92954584178296
245,10,232.43777,503.77005,241.56856,497.73642,246.78699,486.4586,31.712513487952698
246,1,580.0393,572.819,601.089,589.73755,623.7501,606.6499,2.0559514750190235
246,2,442.78406,611.92706,445.47797,634.67017,459.89807,649.55927,37.32806973618565
246,3,685.27905,625.4796,703.96246,649.9404,720.3358,676.6889,5.901163314291424
246,4,618.0211,706.1083,636.52466,720.3785,653.7961,723.78766,26.473958355945197
246,5,249.78601,473.06073,245.87013,491.10217,238.17,501.00186,25.630286965115793
246,6,487.77917,506.89453,460.55527,515.33997,432.14694,525.05804,1.6501936255491583
246,7,488.8047,653.2922,467.23276,642.2508,452.85596,631.43555,9.847900623589686
246,9,379.08383,815.80743,391.51263,834.31146,413.16223,847.0154,25.707219069408286
246,8,676.6564,716.5867,672.12683,730.2784,656.0928,741.4075,36.930409232291986
246,10,235.14458,504.50397,243.08466,497.66486,248.19077,486.86224,23.96147767853111
247,1,580.5,575.1212,602.05414,590.3928,623.90576,606.68835,1.3949349905759802
247,2,443.05206,611.3822,445.09763,634.3279,458.9816,649.1238,38.08444952161374
247,3,690.9397,635.26263,702.5341,648.25494,713.8128,667.03613,10.759819006335126
247,4,617.9525,705.9969,636.0829,720.55255,653.52057,723.2207,30.05925525275667
247,5,232.89682,503.47095,242.33025,497.63602,248.4339,485.35562,31.83315511973714
247,6,489.5897,506.64325,462.0215,514.5105,432.94894,525.37866,4.569775635886105
247,7,488.4154,653.5867,467.39908,641.99554,453.90305,631.7648,8.286217674173603
247,9,371.89978,817.63715,385.80896,833.2962,408.36118,844.5208,21.926585218594443
247,8,678.45667,718.6988,671.74054,730.70917,655.6904,742.2831,24.99055595865814
247,10,237.45856,504.38144,244.04315,498.52844,248.66563,488.38568,23.865602387160607
248,1,580.19556,579.17786,603.7737,591.5106,622.8948,607.67737,12.60203992572457
248,2,443.7653,610.2151,444.9785,632.9861,458.06088,647.51764,38.9461889436252
248,3,688.08777,631.64777,700.2251,645.9253,713.56866,665.89795,6.621342664315117
248,4,618.1582,706.275,636.2371,720.73694,653.59863,723.9588,28.144369975926654
248,5,239.19824,510.80154,239.64485,507.97833,244.67648,507.6348,77.10492911690298
248,6,490.63547,506.0361,463.5703,513.242,433.3791,524.28217,5.177481143776203
248,7,488.23022,653.3751,467.5244,641.98975,454.0612,631.23914,9.803152785720053
248,9,375.0081,829.714,389.10254,838.7074,404.06586,844.11395,12.675351316432959
248,8,679.23694,719.1482,671.4618,730.916,654.8127,742.5169,21.678449317649957
248,10,237.9428,501.10162,243.31256,497.4209,247.33615,491.73383,20.29186014493457
249,1,579.5446,584.1791,603.6534,591.9049,622.6063,608.3802,23.23112048097334
249,2,443.35342,609.5087,443.53403,631.91003,456.3311,645.8633,42.06321372266574
249,3,681.1706,621.4143,699.0199,644.6085,717.8358,671.2348,2.3325485674833892
249,4,618.61426,705.9451,636.0131,720.54474,654.3695,724.8643,26.75864548119012
249,5,237.09055,507.4779,234.59654,524.3501,231.25554,539.55505,3.9843296753297457
249,6,491.8684,504.99088,465.05713,513.2281,433.6779,523.3951,0.8740208637741924
249,7,489.12793,653.9496,468.32205,642.4436,455.13614,630.99146,12.031506072114881
249,9,371.31406,803.8606,388.07062,829.06476,412.17432,849.88855,15.558157277618953
249,8,678.82446,719.9435,670.361,731.27,654.66693,741.6048,19.86665303935912
249,10,234.1689,501.88553,242.96149,498.28717,248.15686,488.2862,40.291943550338544
250,1,578.7797,589.5549,603.21606,592.1563,622.637,609.0018,34.86119614106095
250,2,443.87286,609.1238,443.81488,631.96735,456.55145,646.039,42.29438565437037
250,3,681.1999,620.6633,698.9434,644.32715,717.9995,670.8499,1.166339716939535
250,4,618.3593,707.2613,635.97516,720.8783,653.2866,724.9068,24.603942432969234
250,5,233.41783,535.5645,236.54163,531.4219,236.16255,521.8587,39.2884133598838
250,6,491.8199,505.15637,465.0482,513.61206,433.98663,523.28784,0.22641938826360836
250,7,489.08862,654.0238,468.08853,642.2205,455.2605,630.58875,12.861518668930753
250,9,378.84427,831.17755,393.6013,840.14825,409.6625,846.08905,10.99653241078544
250,8,677.8229,720.06903,670.3348,731.19336,655.3617,741.3655,21.863761550958003
250,10,238.73676,502.56097,246.01956,497.84595,248.20714,486.54233,46.12723793074735
251,1,580.41034,592.82764,603.09534,593.09296,622.86456,609.45917,38.95000814470266
251,2,444.14435,609.2112,443.4036,632.3349,456.5262,646.0685,45.53158373852111
251,3,679.97797,620.078,698.3465,643.1715,717.27856,670.15405,3.443554991541445
251,4,616.1842,707.4429,635.303,720.2994,651.63763,724.2419,20.34975257152416
251,5,236.72684,533.3303,237.46518,527.4615,237.51985,521.0388,6.682869529386719
251,6,490.20428,504.26495,464.2104,513.7735,433.84286,523.56067,2.2287948548228385
251,7,489.1416,654.0325,468.07376,642.6291,455.7914,630.9253,15.192953945740467
251,9,393.99814,836.3025,405.26727,844.5787,419.47903,851.47546,10.407281307172969
251,8,676.4593,713.0316,671.9396,728.4536,656.54974,740.69147,35.174353207094605
251,10,239.66385,505.7278,245.94432,497.4412,251.44345,485.14368,13.065709956260124
252,1,582.1187,595.95575,602.5541,594.4068,622.6788,610.14294,42.35759565670694
252,2,444.73016,609.11456,443.4472,632.16394,456.3102,646.2696,45.547699012513306
252,3,678.69617,619.2619,697.9411,641.22144,715.89307,667.4426,6.833801126284486
252,4,616.25085,708.30597,634.3936,720.4031,649.0361,722.501,25.54072978991815
252,5,237.86942,500.54892,236.87842,523.7391,230.81944,544.93726,13.504303008202452
252,6,490.21994,501.75952,464.1793,512.9773,433.81635,523.26685,4.584582585477033
252,7,489.23724,653.4877,468.99707,643.0474,456.66928,632.1095,14.29578557989123
252,9,421.17273,853.1327,420.80893,852.74615,411.32007,836.3093,13.266887104569218
252,8,677.1271,711.60114,672.6213,728.8858,656.9692,740.7536,38.21891488024635
252,10,239.41841,505.8731,246.23822,497.94998,251.22128,484.78104,19.993749134457428
253,1,581.8561,599.1582,601.166,595.1169,621.71875,610.5727,48.76409400949284
253,2,444.7813,609.1456,443.3607,631.84,456.31482,645.23883,47.61522621419716
253,3,678.9164,618.87445,698.6771,640.58075,716.03455,666.983,8.991932778116094
253,4,615.61163,708.27356,632.888,719.5627,648.12396,722.4004,22.611827194342524
253,5,233.84903,529.69824,240.28014,521.08093,239.76892,509.86008,39.34256739188948
253,6,491.67218,500.77676,465.0889,512.6146,433.9442,523.19385,5.2423568599667965
253,7,488.9635,653.769,468.52277,643.4628,455.64944,631.3212,16.56740439244435
253,9,413.77325,847.8442,431.41968,856.8859,445.32562,860.66406,11.929999073421708
253,8,681.6798,712.14795,673.8794,729.7912,656.3733,744.597,25.92600096104342
253,10,243.39755,494.1116,248.02567,498.20648,250.53488,485.50433,120.32739148140809
254,2,456.30353,644.127,443.18594,631.1934,444.56424,608.83026,48.931468927061644
254,3,678.74426,618.6165,698.92365,639.7133,716.3064,666.4917,10.737754031721447
254,4,613.1572,707.7964,631.8953,718.83997,647.91223,722.1413,18.867166808486157
254,5,230.73903,546.2413,240.96207,525.4136,239.68846,501.9784,29.25431885295542
254,6,494.29074,499.25827,467.6854,512.2734,434.90225,523.18933,7.651039919851556
254,7,488.95465,653.88074,468.72592,643.44727,455.684,631.25433,15.789512479400104
254,9,445.6142,858.59705,444.8625,859.31476,428.34705,852.488,66.13276049126337
254,8,683.99695,713.5584,673.4576,729.87317,656.04016,744.5326,17.051697693649345
254,10,241.69899,499.65845,248.10696,497.73788,251.75969,481.57788,60.578956867368426
255,2,456.02002,642.7143,442.92365,630.2879,444.63394,608.6168,51.01616136653678
255,3,678.1979,619.06396,699.1254,639.6776,715.45526,666.6122,14.205456770142291
255,4,613.5344,707.90265,630.70337,717.7902,646.7633,727.836,2.08909720317283
255,5,228.75728,553.0791,236.71437,529.7465,240.74075,503.04733,10.254995190456478
255,6,495.98422,498.2085,468.8632,511.54135,435.734,523.283,6.663590932173496
255,7,489.24426,653.635,470.14267,643.7271,456.6849,632.9798,11.195190695765133
255,9,451.47754,858.9613,452.14227,860.2804,437.9733,855.5763,135.11121849280337
255,8,686.6182,716.20404,673.3168,730.8593,655.72156,744.97156,9.041006751907133
255,10,241.4502,495.2779,248.25793,496.72226,251.28644,485.11465,87.35567932574759
256,2,444.58774,608.71344,443.08554,630.5231,456.0536,643.33374,49.2899664756918
256,3,675.29865,619.36346,696.4435,639.9669,714.2175,666.3274,11.752404016033967
256,4,608.802,704.7895,628.90234,715.94727,649.1203,723.9404,7.463480537041104
256,5,229.40681,543.1977,234.62228,528.85046,242.08684,513.5119,5.97294134398417
256,6,496.1989,498.3922,469.1368,511.46594,436.4783,523.3753,5.750195787933481
256,7,489.17322,653.584,469.6077,643.50165,456.22583,632.34674,12.551475517599677
256,9,449.75333,859.5408,446.2384,858.9882,425.81064,851.91486,10.165175976754622
256,8,689.8241,720.0639,673.6362,730.16956,656.11084,745.29004,8.811422280958157
256,10,245.95886,486.43607,247.44289,499.77643,245.9241,494.81134,169.33924728023652
257,2,444.42148,608.6288,443.05923,630.6815,456.0978,643.6258,48.74273260945884
257,3,673.27716,618.2361,694.5801,639.0496,713.56696,666.5932,11.085710941562029
257,4,615.45844,706.2865,626.90326,715.9373,640.6701,720.58093,21.49971587288247
257,5,236.47429,513.8262,233.69844,527.8589,234.58475,543.2765,14.479513855073813
257,6,496.3666,498.81985,469.57205,511.4536,437.9133,523.5409,4.347354079474023
257,7,489.22244,653.77057,469.47156,643.7233,456.5538,632.5365,13.930334268380522
257,9,440.004,858.6841,438.2068,857.8688,430.53473,852.14886,12.304898827172517
257,8,685.05286,724.04376,673.67163,729.87665,661.9808,741.73114,18.263020341319095
257,10,243.6989,483.36655,242.87468,498.34866,243.12843,509.38702,4.465764056339755
258,2,444.26315,609.00305,442.9856,630.91187,455.9626,643.0948,50.14498632549271
258,3,672.3448,617.0642,693.67126,638.13745,713.3608,665.87933,9.97736557138424
258,4,613.11273,705.0351,626.0115,715.68414,641.7603,721.45593,19.415316292159265
258,5,241.0534,493.3629,236.7343,520.0679,231.20238,544.60333,3.518696408403376
258,6,497.01123,498.49533,471.06494,511.44443,440.1997,523.29584,5.5171129548362146
258,7,489.21344,653.8507,469.45837,643.779,456.56906,632.6679,13.74876019577559
258,9,440.5792,856.38495,432.91223,849.8085,422.77063,834.736,15.443149121171858
258,8,662.001,739.2194,673.8915,730.44934,683.8727,726.9464,17.072706696301225
258,10,242.7691,481.766,241.15146,500.69357,240.05666,514.55585,0.36956526752057334
259,1,579.4779,610.90137,596.77545,596.12854,614.10693,613.638,85.7913940344922
259,2,441.9948,611.78046,442.33755,632.9698,455.23114,640.227,59.70016186649838
259,3,670.68884,614.61487,692.8459,635.13916,713.2258,663.4383,11.430769502944518
259,4,608.5523,703.7306,626.20264,715.81915,646.0439,723.48865,13.273239973681338
259,5,234.90018,513.4399,237.63965,507.16187,234.07587,499.21127,47.71838942970319
259,6,497.51416,497.65347,472.24496,510.3934,442.8661,523.475,2.7537793042935372
259,7,488.57104,654.0346,468.63873,643.4058,454.7809,631.79974,11.878045723261762
259,9,408.98438,844.9783,423.5526,852.16846,435.78555,858.17706,0.11014342980975618
259,8,687.0491,725.5384,673.80743,731.1946,660.3822,743.3471,19.02157982085725
259,10,240.7649,483.0664,242.14215,499.16086,238.84943,512.21106,19.051943221703276
260,1,578.3716,610.95935,596.0614,597.26605,613.2442,613.90454,81.82063674643807
260,2,439.5942,614.1974,441.43964,634.3676,455.3919,640.5348,60.92604935748003
260,3,669.29736,612.8162,691.1952,633.71216,712.12787,660.9572,8.80573542990228
260,4,608.42444,703.63995,626.15173,715.83167,646.26514,724.0201,12.365900359587194
260,5,248.51651,473.99945,245.58534,490.64365,241.86377,494.4089,34.67787055842429
260,6,497.1187,497.45096,472.33908,510.34586,443.54254,523.56915,2.827154939752054
260,7,488.4689,654.36444,468.59256,643.4984,454.8883,632.49,10.10980052266109
260,9,425.99002,856.1206,412.69794,850.6759,397.7668,837.30066,19.578878289449786
260,10,243.24069,479.2757,244.201,497.6385,248.88751,508.6628,20.037012485556
261,1,574.1267,609.33154,596.3434,597.3249,616.1483,615.408,70.78632195903269
261,2,438.22513,616.94226,440.44614,635.18494,451.37686,643.0842,47.20406095461692
261,3,668.2659,611.6286,689.8034,631.9974,710.3328,658.3504,8.67830898843001
261,4,608.1866,703.30194,625.6985,715.3445,645.74664,723.7384,11.796970504690258
261,5,251.19122,470.29343,242.99559,480.58197,230.76144,482.1428,44.18945790824732
261,6,497.6179,497.5151,472.8564,509.77567,444.21704,523.65436,0.48738632225834483
261,7,487.82202,654.2274,467.63092,643.3831,453.83234,632.1907,10.807076071571897
261,9,416.37335,851.9574,402.6572,844.3909,391.28326,833.35126,15.262437578312129
261,8,692.2413,726.2568,674.4416,732.80225,655.36487,746.53107,15.551203756407412
261,10,246.0083,479.33176,248.47348,498.5018,253.86064,508.40417,21.21964184220178
262,1,573.5053,608.55347,596.86084,597.325,618.3095,617.3542,68.71642173298606
262,2,437.65942,619.0059,440.0218,636.49164,450.89673,645.2377,43.498236265927126
262,3,667.6572,610.96484,688.9524,630.8447,709.2924,656.39685,8.448082656336624
262,4,606.86334,703.37866,624.6865,714.6792,645.0415,723.5348,8.864347177570853
262,5,251.87111,470.23727,244.10603,480.085,231.28784,480.40796,50.30036240723013
262,6,498.0308,497.41907,473.28616,509.48163,444.22873,522.72864,1.480680373033209
262,7,487.79166,654.2084,467.1093,643.43066,452.7083,632.2081,10.404577531258157
262,9,406.16202,846.01404,386.22577,830.1502,374.85028,809.46466,22.6822836897011
262,10,246.90013,510.79794,248.19083,504.1219,247.10529,490.103,15.369915086545793
263,1,570.6128,610.8463,594.36505,598.7015,615.9043,616.5123,66.6686742696317
263,2,437.18088,621.47894,441.42273,639.26764,451.81253,653.022,23.654657458976402
263,3,668.3932,610.0635,689.92676,629.9751,709.801,656.70355,10.608010988696128
263,4,604.77686,703.25275,623.3496,714.07007,644.2491,723.3209,6.341864429512985
263,5,235.19702,474.71777,239.2363,480.64484,238.82292,478.09686,154.9408855868422
263,6,498.6,496.92545,473.96255,508.79538,444.5315,521.4569,2.446246453255284
263,7,487.66565,654.3738,466.8,643.81116,452.81473,632.4098,12.338889148214216
263,9,405.7632,846.7422,386.3702,830.2974,373.01184,810.6732,15.459479874537557
263,10,231.81587,518.4383,240.7302,509.28812,238.19632,494.52795,53.992971828656145
264,1,568.6004,612.613,592.83026,599.6,616.57074,612.61285,56.96715999151288
264,2,440.4869,616.95953,443.43167,635.16077,456.08148,638.08984,67.77265614050579
264,3,668.1303,609.36646,689.95935,628.39056,710.13635,654.5143,11.24652466998861
264,4,602.4593,702.445,621.65936,713.12,643.0281,722.9112,4.456236275956872
264,5,232.39334,518.8866,240.07733,497.7739,239.0283,477.7009,22.990617745517824
264,6,497.55872,495.6392,473.44354,507.9952,444.2193,520.78015,3.5012925633261127
264,7,487.77017,653.92413,467.90448,643.83905,453.53253,632.7616,10.708662391070247
264,9,396.64395,841.08813,392.63852,840.50385,386.8661,834.7212,36.751251616000715
264,10,232.42496,531.9165,242.8246,509.8839,242.18762,483.73193,26.663111571784622
265,1,568.7601,612.6024,591.8548,599.5751,615.4869,611.8159,56.8096700248352
265,2,441.2084,615.88354,443.39465,633.52045,456.02585,637.0712,67.23241915990897
265,3,664.5835,611.8761,685.9564,631.64087,706.41656,655.6202,6.7664835755258705
265,4,600.055,701.4803,619.53015,712.0199,641.08606,722.1517,3.2469088657529546
265,5,233.14124,531.44855,241.65102,509.35382,242.49042,486.0207,19.003853255630656
265,6,498.3025,494.06567,474.09512,507.66937,444.36963,520.5762,5.864043630766437
265,7,487.7549,653.9812,468.9574,643.9072,455.0802,633.1039,9.712862566384505
265,9,411.1477,848.7443,399.04004,844.1277,389.9891,833.9841,27.38636085766766
265,10,232.41496,525.0119,242.6845,507.13303,239.65411,487.33484,38.57518402526793
266,1,566.6463,613.9883,591.8585,599.45905,618.6725,606.6325,44.931315652360176
266,2,438.96994,616.9783,442.6203,633.74475,453.34677,637.2294,59.720379871239444
266,3,662.3274,612.19806,684.5452,632.5244,705.1093,657.31506,7.869608974472967
266,4,599.526,701.3031,618.5016,711.3371,639.3421,721.781,1.2521080183612718
266,5,234.9527,544.1498,246.7155,527.60095,260.90466,513.54517,9.86557606032586
266,6,499.54163,493.00964,475.12848,507.5569,444.81702,520.9995,6.873294585238838
266,7,488.02078,654.2733,468.97403,644.19916,455.55807,633.34766,11.092546962592527
266,9,413.1233,849.8216,399.29788,843.9474,386.7923,832.42316,19.641508527648647
266,10,230.6055,524.8655,239.67773,501.88123,240.03378,474.16885,20.803791641412804
267,1,566.71313,614.8457,592.65405,601.95197,618.70703,608.1361,39.782378010163754
267,2,441.37912,616.2227,443.11374,635.14075,455.98056,638.50836,70.09417689206643
267,3,662.0129,609.9462,683.63245,630.7485,705.2823,656.41614,5.957266234454545
267,4,598.9135,700.7043,616.7436,710.5165,636.88306,721.2424,0.7858408228266339
267,5,234.3583,569.6292,235.3765,550.7031,239.94315,537.3499,15.80070383030487
267,6,500.39658,493.23077,475.46887,507.62994,444.5957,521.2975,6.13337944824478
267,7,487.67142,654.03973,468.4705,643.84753,454.60696,632.8188,10.542920961042626
267,9,404.3838,845.82556,398.9786,843.82996,397.44553,838.0893,54.78347117874293
267,8,696.4907,740.4318,677.63513,732.0141,657.4825,746.6543,60.05457561946661
267,10,232.36845,514.4326,241.00102,493.44156,244.29987,468.91623,14.694185229288266
268,1,565.50653,615.58704,591.1862,602.3748,619.30255,607.582,37.71817458712797
268,2,441.2536,616.3209,442.53668,635.25836,456.04712,638.23615,73.6943140532312
268,3,660.2697,606.15454,682.8909,626.88824,705.6754,654.27594,7.735048686968368
268,4,598.34814,700.97943,616.0083,710.2826,636.00183,721.13086,0.7041557384545843
268,5,233.03625,577.3929,229.13528,562.16125,233.40157,555.36786,46.494234258507404
268,6,503.48126,492.03558,477.6459,507.06802,445.25192,521.32385,6.440072094827966
268,7,487.78748,654.2043,468.48355,643.88,454.40527,632.7051,10.30242158981132
268,9,383.40665,820.0377,398.36978,838.31647,417.88226,849.9807,19.825651265327824
268,8,697.55164,740.05115,677.8601,732.1448,657.5284,746.47314,57.049505026527335
268,10,249.30711,466.03613,242.63937,480.52026,237.05814,485.99902,20.811992043326676
269,1,565.31885,614.50775,590.7035,601.91705,618.96954,607.8841,38.30153555187348
269,2,438.25052,619.62274,442.14627,636.19714,453.50952,641.4222,52.079069301800615
269,3,656.92596,604.4694,681.5628,624.513,705.14844,652.24915,10.493100823583386
269,4,597.8247,700.761,615.8704,710.2441,636.2009,721.35425,0.9333511442441957
269,5,231.85371,578.5672,228.83594,568.4775,235.88678,564.8961,79.72406767091682
269,6,503.89807,491.68704,478.3567,506.9456,446.2334,521.42053,6.597695586423974
269,7,487.9047,654.3453,468.46494,643.9661,454.43726,632.74713,10.553591756404465
269,9,377.31522,827.534,385.5096,836.34,397.9569,840.9933,26.562868460300642
269,8,698.4814,740.1527,678.2647,732.7032,658.02844,746.4094,54.33824246636132
269,10,238.58054,493.06818,240.73604,479.87592,245.07997,465.18707,7.194920278326717
270,1,563.5201,614.77655,589.4542,602.7514,618.0553,606.4403,32.22552697842131
270,2,441.52155,616.8392,442.9031,636.20636,455.90372,638.94165,74.03814177193281
270,3,657.1919,604.80444,681.6924,623.8986,704.2656,649.46155,10.623360524957704
270,4,597.8346,700.58563,616.0953,710.2577,636.67267,721.3434,0.40396766989791644
270,5,230.44008,594.9126,227.25078,581.5817,236.0765,575.72217,69.87375776513008
270,6,503.90994,491.5904,478.93527,507.0081,447.62286,521.2755,7.192111205783749
270,7,487.8764,654.4028,468.38547,643.7833,453.85477,632.51135,9.218678653940623
270,9,375.3188,828.63586,387.7392,837.455,402.68555,843.83386,12.264852945933374
270,8,699.95514,740.4746,679.5749,733.67316,658.98926,746.0582,49.48794103033748
270,10,237.91985,495.5336,242.2063,480.1009,246.1781,463.80728,1.8231674846940746
271,1,562.10736,615.66327,588.66583,603.44305,617.7777,605.97186,29.67288312658357
271,2,441.51086,618.5606,443.9342,637.6817,456.47195,639.1624,76.04158838154883
271,3,656.45447,604.51794,680.315,623.0993,703.39606,647.989,9.249622519240072
271,4,597.5528,700.1649,616.15173,710.031,636.7478,720.9912,0.07661668268387072
271,5,230.59496,589.7778,229.10732,580.1766,233.8131,577.1995,66.48859398339143
271,6,503.72174,491.58923,479.8031,506.54297,449.1197,520.2378,7.960797298831284
271,7,487.89532,654.6335,468.10596,643.5474,452.92642,631.8845,8.278512758107265
271,9,393.61667,838.0131,389.15527,836.98047,389.97287,836.38824,131.04997527343767
271,8,700.7937,740.60345,679.62476,733.97766,658.7991,746.11774,47.619428857104424
271,10,237.10358,494.3243,242.97067,478.60178,246.32486,461.28735,9.500115348205634
272,1,560.0889,617.4987,586.5859,604.7655,616.4706,605.09143,26.291654973836117
272,2,441.11118,621.71106,445.50574,638.6088,457.68738,637.2616,81.733137152438
272,3,655.7269,603.315,678.5471,621.4261,702.2133,644.75903,6.1567324942768735
272,4,596.78217,700.26434,615.5113,709.6555,636.41986,720.4898,0.7615615008191641
272,5,230.91766,595.8414,229.5877,580.7014,233.46729,576.3574,46.787933767189124
272,6,505.378,490.2058,481.7127,504.9435,451.5814,518.8356,7.1607281252117
272,7,487.6738,654.5235,468.16666,643.4621,452.5552,632.45465,5.632072611312852
272,9,382.4884,833.69366,386.89093,837.02905,396.03226,840.7869,14.800973570493246
272,8,702.3889,740.5194,682.3057,734.32117,663.4871,744.4756,45.502772819432934
272,10,246.23265,486.72205,245.93718,486.6781,244.08257,469.16492,75.49544569520239
273,1,559.0245,617.4269,585.59863,605.37744,615.0033,604.3757,22.43959169428426
273,2,437.61404,625.65454,443.44403,640.9576,449.91147,643.95874,44.25144094811525
273,3,655.35236,602.6422,678.52844,620.9184,702.4553,644.6791,6.541728538881603
273,4,595.1725,700.7391,614.51794,709.3619,635.7664,720.08234,2.7483717194937247
273,5,231.10516,595.3154,228.81209,582.0678,232.72397,574.46246,37.039661592002766
273,6,506.28293,489.62793,483.06967,504.36108,453.99902,518.38715,6.646351935003572
273,7,487.71356,654.9381,467.89746,643.0721,451.88254,632.4136,2.7317265395384034
273,9,387.23193,836.6341,385.3032,835.2443,389.73038,836.27716,157.35696326871476
273,8,702.28864,740.3222,681.77386,734.86786,661.97644,745.3094,42.69700311665655
273,10,248.84396,493.97415,247.54773,495.09857,245.6151,479.95557,123.6669749539498
274,1,558.75757,617.5629,585.2838,606.15576,612.9528,603.78076,18.363285169893185
274,2,437.16586,627.6839,442.89725,638.5781,447.87494,636.55975,84.32316131451276
274,3,655.5994,602.7449,679.258,621.9534,702.48126,645.49194,6.312860180885704
274,4,593.5335,700.75446,613.5511,709.31714,634.8593,719.9099,3.2736306982003813
274,5,228.92845,591.73737,227.46184,581.8706,221.0592,574.58453,32.85273235717899
274,6,505.955,490.2526,482.76315,504.7437,454.0716,519.1115,5.398443760536235
274,7,487.9803,655.4747,468.65347,643.736,453.3632,633.249,3.171076451733604
274,9,383.6889,828.60876,386.2719,835.8435,386.23727,834.30994,161.6458661279474
274,8,704.57227,740.6006,687.2605,735.6969,673.5045,742.74725,42.95167107912676
274,10,244.99959,474.9208,242.50124,500.3122,235.9476,523.7722,9.98843702121757
275,1,557.9818,616.43494,583.9348,605.5717,611.78534,601.931,15.2652395557365
275,2,443.0435,637.6874,453.59216,647.4932,459.79382,645.5144,60.60674718427239
275,3,653.7775,603.0242,676.7229,622.3564,700.92883,646.1127,4.347669434289995
275,4,592.2351,700.0521,612.9461,709.13947,633.9772,719.6323,2.8253541476457893
275,5,230.67932,596.1288,229.673,582.5693,233.39684,576.5967,36.1873894380203
275,6,506.6958,490.24026,483.73688,504.27527,454.63214,518.58563,5.255161590564958
275,7,488.1689,655.77716,468.48746,643.54694,453.24057,632.8314,3.2423231429287402
275,9,395.57285,841.0664,386.8444,837.7961,379.45703,831.58234,19.5286147375454
275,8,701.66144,740.0623,679.24,732.89886,658.4613,745.2163,48.37734654368326
275,10,234.47398,517.2997,240.78955,504.88437,238.02222,486.8865,35.70334004590791
276,1,557.54877,615.39886,583.02795,604.7081,611.3715,601.4106,16.126227093606545
276,2,448.792,643.7697,462.88718,663.0996,479.44327,682.9362,3.7499839540432047
276,3,652.7296,605.0165,675.1438,623.5692,699.47504,647.0156,4.323637041325748
276,4,591.7141,699.89764,612.4198,708.9636,633.1014,719.2469,2.791199054419945
276,5,229.75887,594.96423,230.55989,580.803,236.06163,574.5318,38.023184054382085
276,6,506.9745,490.01065,484.3368,504.6616,455.09412,518.2604,7.970679272272811
276,7,488.32693,654.24,468.8761,643.3398,452.12137,633.11523,2.127252825005951
276,9,393.06616,840.1721,384.39545,835.1907,379.41763,830.97,10.416748501204475
276,10,233.25531,519.78894,240.44939,507.23495,240.5306,487.59747,29.57798710079137
277,1,556.84033,616.2546,582.7456,605.72437,609.6122,600.85785,11.85419617871682
277,2,447.42346,642.3698,462.46942,662.1013,479.66528,683.1038,1.9821867444390509
277,3,651.8609,603.93774,674.9577,622.9186,699.3325,647.10114,5.360048042619738
277,5,229.0283,567.80786,231.59521,546.09094,235.87808,530.70984,8.818843161641729
277,6,507.58524,487.98883,484.49884,503.63232,454.8785,517.3694,9.241247600954145
277,7,488.10178,654.246,468.42178,643.2197,450.95236,632.942,1.208203653679031
277,9,374.45294,826.8884,385.84662,836.5031,401.05313,843.1547,16.53426838121425
277,10,234.73361,528.3034,242.33746,514.3076,252.73993,501.17554,9.869163176142866
278,1,556.2923,617.3125,582.27576,607.6427,608.2905,601.7005,7.546314492103857
278,2,449.00153,644.7905,462.91315,662.6207,478.121,682.2289,0.16432452156180907
278,3,650.23413,600.2549,674.54767,620.5812,699.86096,646.3587,5.624760258182415
278,5,232.91054,520.0085,240.80118,501.39862,246.1415,470.01486,13.320028282898598
278,6,507.68942,486.16577,484.10953,502.1192,454.2289,516.02454,9.125567484232555
278,7,487.8455,654.16486,469.24835,644.0081,453.4395,634.1598,3.2803219425350036
278,9,387.514,836.737,386.0816,836.208,383.12415,834.07947,15.473925093636137
278,8,704.34955,740.46155,680.8492,731.59875,657.31,743.52075,47.52422937640314
278,10,231.68077,541.29913,235.92886,520.8511,241.007,501.14752,2.7158444245210682
279,1,555.73706,618.21893,581.64984,608.0126,607.79877,602.74646,10.111706967574504
279,2,447.42456,643.61615,461.50714,661.715,477.26938,681.6416,0.45884920191833
279,3,648.918,598.8252,674.5071,618.3708,699.9406,645.00104,8.943184899068056
279,5,249.41667,459.53464,247.3146,477.5161,247.52365,482.65985,8.994991298197784
279,6,507.83588,484.99625,484.18677,501.43506,454.10492,515.65424,9.504376813961068
279,7,487.9144,654.4113,469.08826,643.72864,452.4871,633.8642,1.1465418996513168
279,9,397.02167,842.5393,386.07703,836.80646,376.9638,830.3199,7.796615295309996
279,8,703.8744,740.48,681.4168,732.60785,659.6979,743.8433,46.67034839292876
279,10,233.49312,532.2931,237.12009,515.8793,245.17093,493.70566,7.494623760908821
280,1,554.6233,619.0974,581.07056,608.7003,608.3797,603.7527,11.192129657831211
280,2,446.84863,642.95294,462.08926,661.7103,477.9708,682.0621,1.1274380798633696
280,3,647.9828,599.20856,674.0068,618.4157,699.05414,644.52765,9.762714147668255
280,5,248.9798,460.0097,248.54543,472.59845,248.93744,476.41635,7.838619741457645
280,6,508.22424,484.7553,484.7024,501.44638,454.2455,515.5617,10.49394463849009
280,7,487.6631,654.5277,468.31665,643.1182,450.54724,632.8052,0.40007389883787753
280,9,376.0676,829.1876,387.12817,838.0107,397.5637,842.24896,16.47541404084733
280,8,705.1248,740.5651,680.6877,736.63696,658.1531,744.2274,27.7472842510307
280,10,239.21173,520.98895,239.21797,510.3801,242.48912,496.22992,12.982910391978143
281,1,553.9359,619.49927,580.60004,608.7548,608.42487,604.0139,12.277803673839642
281,2,445.84756,640.4416,462.03748,660.734,479.11057,682.0315,0.13270400689029618
281,3,646.28503,598.09094,672.45966,617.3177,698.1809,642.6395,8.252310195291724
281,5,248.79575,459.3013,247.69215,472.8774,248.73517,478.01093,16.132189277289854
281,6,510.53482,483.923,485.9884,500.96332,454.4707,515.37317,10.198906499787816
281,7,487.7352,654.2984,467.844,642.4163,449.26083,631.9854,1.5462365105102014
281,9,387.63345,836.6985,386.6219,836.3133,390.20963,836.95514,169.29659527477756
281,8,702.9629,740.1143,682.18823,739.04144,665.4175,744.08466,19.693126904420122
281,10,245.76367,481.4298,244.20268,494.8607,239.1557,507.52026,15.106250288002034
282,1,553.3475,620.57294,579.8013,609.00336,607.51337,604.3638,14.117810480338107
282,2,446.04523,640.782,461.89905,660.57654,478.7144,681.7767,0.2712420465110601
282,3,646.72,597.34436,671.84924,616.63245,697.5666,640.73615,5.636733647270627
282,5,241.69331,499.11267,244.48157,494.56284,243.91748,491.52383,42.016356326497764
282,6,511.2539,483.79523,486.68655,500.93524,455.1405,515.2404,10.509664830739174
282,7,487.7973,654.549,467.85266,642.80945,449.45267,632.20795,0.5319225360819767
282,9,390.69333,834.9151,384.78735,835.12726,379.619,828.00653,56.08444229901364
282,8,701.38226,739.35925,682.12256,739.2182,665.7335,744.308,17.672318055956634
282,10,251.64365,470.54428,252.42552,485.64285,250.12952,487.9486,47.8429938137837
283,1,553.0358,620.6581,579.72424,608.5133,607.49384,604.3045,15.85004435025516
283,2,444.3283,638.70856,460.69992,659.1432,477.72385,680.7295,0.4401303828046228
283,3,646.59375,597.3991,671.59454,616.4986,696.9229,640.1016,5.6023463505869335
283,5,237.95088,519.1582,238.20135,515.1351,240.88051,510.71347,27.650148249006204
283,6,512.62775,481.9927,488.87637,499.56226,457.33444,515.1888,10.136594293923094
283,7,487.75845,654.6488,468.13467,642.87726,449.59335,632.2419,1.119075981329229
283,9,387.35217,834.7494,384.38818,835.42145,382.16516,829.83057,81.09175069569471
283,8,706.222,738.4665,682.1534,736.9108,659.7493,743.5607,20.22994782220399
283,10,247.02692,473.1391,244.44725,491.78348,239.77667,512.3113,4.940384988451145
284,1,552.96857,620.57806,579.5524,607.9911,606.6114,604.2783,17.52391646303698
284,2,443.52994,637.4797,460.14542,658.14343,477.21167,680.3298,1.2341629201842255
284,3,644.5236,596.2743,669.5241,614.6421,694.6848,638.3396,6.979968284832651
284,5,234.78593,535.64954,230.85387,541.93506,232.23294,556.46704,37.45017460970947
284,6,512.6245,481.70706,489.43338,498.95825,458.71033,514.7427,9.451949105975304
284,7,487.72855,654.7619,467.832,642.7058,448.75702,631.8877,1.6539841745570025
284,9,376.62064,826.983,384.34717,835.04785,394.35327,838.0052,29.762227792543225
284,8,712.9698,737.9003,686.5741,735.87024,662.92303,743.1136,21.42562624352206
284,10,248.99144,464.29965,244.80527,490.2805,238.85625,516.93274,3.429539815271081
285,1,552.91077,620.3265,579.6079,607.74115,606.9974,604.2699,18.01674211553592
285,2,443.9391,637.6041,460.9223,659.28534,478.81357,683.23425,1.3101513169076837
285,3,643.4872,595.8878,668.04816,613.75916,693.0149,636.58624,6.395863678847975
285,5,226.59207,571.0167,224.95348,570.50104,225.77206,569.8332,123.3212235168359
285,6,513.2461,481.37085,490.4289,498.12268,460.8729,514.16437,7.794047078704681
285,7,487.6051,654.4422,467.91605,642.64923,449.32483,631.91364,0.9151434704912961
285,9,380.52313,830.0628,384.73648,835.28894,389.85632,834.8504,56.019684609473444
285,8,714.7143,738.18036,691.08356,736.81305,669.43677,742.3184,17.580876637707494
285,10,247.56616,473.16458,244.51445,490.17337,240.74422,509.94867,0.6221254408910888
286,1,554.6134,619.15,580.4882,606.9624,607.2117,603.69617,18.25318812406476
286,2,444.72876,638.93964,460.8131,660.39386,479.4441,684.53986,0.7945081298965595
286,3,642.5,595.1853,667.0548,613.17926,692.3518,636.5896,6.547541353716303
286,5,231.58264,594.46246,230.02338,599.6004,236.45128,610.9436,46.4211518426648
286,6,513.86017,480.9371,491.4096,497.29013,463.19,513.59705,6.047890665309814
286,7,487.84766,654.558,469.47073,643.356,452.67377,633.2734,0.39067068775520747
286,9,396.05048,840.24854,384.75836,835.7522,378.03882,831.81,8.687493374896345
286,8,714.9473,738.1172,690.7364,735.9556,668.6698,742.1299,20.733533817131175
286,10,237.54993,515.9289,243.28665,491.74356,248.81664,463.3632,2.3177333524140855
287,1,554.21674,619.1773,580.05975,606.69836,605.5271,603.70764,19.076952770446695
287,2,445.88745,639.55334,461.5314,658.3386,477.3235,679.55994,3.131566292074662
287,3,640.9995,594.1306,665.9116,612.9201,691.2447,635.7181,4.960331169655506
287,5,234.4167,608.10236,229.44756,592.9905,232.17471,588.52844,49.6350126866579
287,6,515.2474,480.15533,492.6704,496.79483,464.4008,513.2594,6.17364970872789
287,7,487.91998,654.4034,469.20068,642.8572,452.141,632.6224,0.7052664088964832
287,9,396.35358,841.50024,383.4705,835.9963,373.9164,828.4144,15.301166744883401
287,8,715.89984,738.41565,695.0163,737.00916,677.2545,742.08563,19.803436515203185
287,10,230.835,516.214,242.67532,495.11124,244.30205,469.58334,25.649733449017738
288,1,554.8479,618.89575,581.22626,606.9583,607.4139,603.9377,17.769235514704995
288,2,447.4296,640.5735,462.86508,661.02594,481.0615,684.5395,0.6929511351090664
288,3,639.2328,593.774,663.796,613.1115,690.01495,636.36975,3.363655517394806
288,5,229.5053,594.1172,229.44455,579.93726,234.44014,574.7887,44.381514708224124
288,6,515.7497,480.2378,493.48407,497.13034,465.01266,513.58923,7.155383771192928
288,7,488.35077,654.4576,469.41736,642.8822,452.25055,633.09015,1.7397884808820558
288,9,387.0954,835.48413,384.9583,834.9099,383.18954,830.06366,54.90937595626378
288,10,236.89598,522.2514,241.88101,500.67792,247.64658,481.64688,3.8433861682610235
289,1,556.2316,618.43677,581.7935,607.1918,604.86786,605.3188,19.1046647691342
289,2,447.32565,640.64,464.84857,660.59717,483.0535,685.1048,4.678055551143005
289,3,639.1547,593.20605,664.1592,612.6167,690.2351,636.0726,4.150297523465584
289,5,229.47058,581.3821,227.51158,567.6565,229.93903,561.6588,30.15743204721829
289,6,515.54205,480.6391,493.7385,496.92844,465.69766,513.1098,6.775462974985757
289,7,488.9898,654.16907,468.67627,642.762,450.69492,633.0333,0.901137803330313
289,9,376.6916,830.8684,385.31674,836.5033,396.77985,842.27136,6.446067443815039
289,10,235.02187,526.033,240.70544,507.8148,248.7972,492.66663,10.783500499218018
290,1,558.5013,617.5112,582.14636,606.31323,608.76917,603.2226,18.719806721060852
290,2,448.19778,641.9067,466.12814,662.70447,484.66592,688.17053,4.713181730259898
290,3,638.749,591.9863,664.035,611.6904,690.29517,635.6602,4.461771007599558
290,5,230.12524,566.7995,233.80908,546.5103,237.69337,534.7011,7.916213942313615
290,6,516.18164,480.34763,494.23593,496.84897,465.58832,512.97003,7.572067168708815
290,7,489.7614,654.26355,470.69476,643.9924,453.23132,633.1623,3.494183512910125
290,9,387.67035,836.40173,387.26495,836.9586,390.21973,837.58307,114.12041236375266
290,8,715.7218,738.5185,697.9407,737.72955,682.2611,741.6351,16.527306896550215
290,10,231.32083,540.65576,237.44473,514.8355,242.76088,497.16446,3.4007607646515994
291,1,562.7334,616.5323,582.8546,605.96344,608.72864,602.1959,19.426480654115444
291,2,449.27142,642.6369,467.70908,664.61096,486.16977,690.60944,4.62147762074343
291,3,637.6545,590.35455,663.0023,610.3811,689.79364,635.43744,4.772205725172842
291,5,231.31053,549.1741,234.9502,527.1618,238.53406,514.3791,6.273042553990787
291,6,516.5377,479.4891,493.6543,496.32507,464.59027,512.9066,6.637435042622376
291,7,489.94504,654.3085,471.16656,644.3583,454.56412,633.5474,5.152671830397325
291,9,389.8981,836.09485,388.2207,838.051,382.11066,828.1279,107.7650315763725
291,10,231.86041,541.19666,238.66745,516.06726,243.14758,499.9685,0.3951527337522308
292,1,564.4422,616.05975,582.98694,605.48334,608.9553,600.3468,18.50828344740743
292,2,449.22693,642.5596,467.2957,664.89606,485.97116,690.1704,2.5093626041877726
292,3,635.1432,589.10706,661.60754,609.2326,688.9584,635.1236,6.17720534677338
292,5,231.98886,518.78174,236.8445,506.44315,238.51083,500.3419,6.205482613250946
292,6,516.754,479.2848,493.2928,496.16452,464.3344,512.8579,5.772241194818853
292,7,489.60922,654.33405,471.1095,644.62616,455.1466,633.3664,7.509402508324284
292,9,397.00357,841.28015,385.3964,836.34595,376.6598,831.1611,7.657347366340595
292,10,231.92076,539.58716,236.69255,513.31476,242.6201,500.94174,15.303444234960848
293,1,562.0845,613.23566,582.65936,604.41095,607.37604,599.6514,12.31516646589701
293,2,449.11902,642.2076,466.78738,664.5772,486.3371,689.38586,0.06561060592844098
293,3,634.4801,588.97455,660.8961,608.8024,687.89526,634.5433,6.741365201370406
293,5,231.18755,471.66565,244.35854,484.5177,250.75252,498.60547,21.290436383203765
293,6,518.21515,479.4314,493.6286,495.83435,464.1809,512.7315,3.862039316271132
293,7,489.56302,653.9627,470.93115,644.731,454.99323,633.32684,9.227691502558686
293,9,370.6508,825.6636,382.06314,833.6769,396.39648,837.77844,19.10627158728576
293,10,232.22253,534.406,235.32242,510.48956,243.03621,498.56665,25.516608099608888
294,1,560.5407,611.9372,581.7758,604.0907,606.1514,597.6844,5.554355706655007
294,2,454.40442,644.36115,468.6099,665.7502,486.84253,690.2108,3.110238845809281
294,3,634.2215,589.183,660.8689,608.5885,687.4231,633.95184,7.622720935294914
294,5,231.03375,471.746,243.4844,483.75238,251.13567,498.91864,19.270100051386404
294,6,519.15326,479.75876,493.88165,495.4696,464.4142,512.5497,1.770783380478238
294,7,489.70245,653.4872,470.9296,644.69727,455.23892,632.4667,12.845614521153266
294,9,373.81284,824.99084,384.28995,835.12494,399.56497,840.67053,24.09314233524696
294,10,232.14958,521.3548,235.88094,504.50287,238.61302,489.62973,2.076317178067992
295,1,564.40454,606.9296,580.4725,603.44965,597.96356,597.221,7.38065271439026
295,2,453.67004,643.56396,468.1781,665.89087,487.59457,691.1286,4.556769424027513
295,3,634.2602,589.6666,660.9783,609.0258,687.3094,633.31714,6.7664835755258705
295,5,231.7323,470.9527,243.52425,483.57632,249.63521,499.2627,21.764588960491416
295,6,515.6096,482.33194,492.28333,497.10944,465.0711,512.65936,2.6096955691924215
295,7,489.78192,653.27026,470.59485,644.5803,455.2913,632.08875,14.8570966125372
295,9,391.96057,838.08,386.96088,836.6109,386.2791,835.10016,49.336494295753965
295,8,709.8023,743.7639,691.88257,739.5248,679.0728,744.43896,34.29758507114355
295,10,232.71646,526.1482,236.66791,506.503,239.41376,489.75183,2.0636477215651845
296,1,568.2509,604.51337,580.1418,602.8234,592.13806,597.9487,14.025640586803576
296,2,449.4102,640.401,466.48764,663.119,485.31702,685.424,3.2376704649241077
296,3,632.8775,589.2798,660.07306,608.5516,686.815,632.3658,6.362822498397269
296,5,231.30598,471.04074,244.10277,483.68756,249.39809,499.55685,26.884709110439236
296,6,512.02167,484.26114,490.48303,498.4241,465.141,512.45,4.36435069465495
296,7,489.80353,653.2023,470.73193,644.29004,455.7606,631.59564,15.248160450979727
296,9,393.0615,838.35425,384.27917,835.7703,381.83972,833.6571,24.506462152964588
296,8,675.12964,742.19293,692.6493,738.73486,712.6757,745.2851,29.277504667414878
296,10,231.62685,522.7713,238.09877,507.9591,244.51334,497.04446,6.84080054147161
297,1,561.3167,608.6342,580.2618,603.1273,599.3794,597.26575,0.8381346217680783
297,2,449.35742,639.67206,465.2455,660.8481,481.72968,682.183,0.8106000987022028
297,3,633.3609,589.2068,660.3963,608.23236,687.0951,632.18097,6.756766677972577
297,5,230.50641,471.47986,243.90529,484.0044,249.31699,499.823,28.04543424108423
297,6,512.19556,484.0572,490.62857,498.1614,465.3786,512.1245,4.241178136138963
297,7,489.52753,652.98895,470.87836,643.8647,456.47644,631.1582,15.350627726959251
297,9,381.0347,830.0742,384.3492,835.28705,391.0669,835.19116,58.36802076042941
297,10,232.3891,528.4487,237.15611,509.27316,245.31754,495.46408,16.623244465338495
298,1,559.35736,613.511,581.7336,604.35315,604.45935,598.2334,7.18613488731882
298,2,449.63138,638.86505,463.99527,658.33514,479.58844,675.4985,5.837879624934261
298,3,632.73584,588.31213,659.06226,607.3794,686.359,631.7808,5.880099715072247
298,5,230.58357,471.61368,242.84103,483.85394,248.71307,499.25323,24.16744000505724
298,6,517.44006,481.46777,493.5199,496.22266,466.7211,511.6133,1.798853325135336
298,7,488.30908,652.7742,469.5199,643.0348,456.44284,629.6251,18.319472971450182
298,9,382.24582,833.0129,384.64874,835.32605,393.16092,838.9912,20.614050390472595
298,10,232.65009,527.819,236.1681,508.88748,245.34357,496.15985,25.261016665638905
299,1,573.08563,609.6566,582.99994,604.3702,592.0622,607.54193,47.35695573359887
299,2,450.80167,641.5135,466.02423,661.97516,481.8545,681.79315,1.9694088687515046
299,3,631.4313,589.1802,657.3868,607.31964,684.3665,630.79456,6.07789639559019
299,5,230.05438,471.58698,243.35982,483.74506,247.7986,499.5845,31.925146104931784
299,6,523.2731,478.79382,497.2268,493.54822,468.795,511.24557,2.370090118454827
299,7,487.3734,652.61444,468.70535,642.953,455.3981,628.7524,19.49683749633188
299,9,375.39066,828.3336,384.4998,834.7032,398.34546,841.78455,7.875717511454972
299,10,231.77313,525.7387,237.24072,508.64636,245.65756,495.58264,15.05458568774794
300,1,601.2605,601.0344,583.8294,604.79865,569.0383,617.3418,28.11283781498877
300,2,451.97943,643.2818,466.91705,663.5976,482.7065,682.46954,3.5919957907442455
300,3,632.409,592.6868,658.88477,609.66406,684.7713,632.4303,8.660977170729902
300,5,229.97238,471.04413,242.60349,483.93927,247.97119,500.29285,26.236080335753037
300,6,525.52576,477.88904,499.08487,492.0945,471.493,510.41962,5.34302129801795
300,7,486.84094,652.81976,467.60062,642.7066,454.59692,628.1748,20.448973668530698
300,9,370.85938,824.5579,383.5115,834.3435,399.99646,839.6887,19.754368518382552
300,10,231.85626,525.4746,236.09624,509.24667,246.81935,496.2871,24.962628478100406
301,1,606.62146,598.9963,584.0517,603.869,566.1007,617.5785,25.186593106714405
301,2,453.5058,644.9825,467.7308,664.7364,483.01425,682.99866,4.167485394357735
301,3,633.92816,595.5828,660.7124,611.0889,685.129,633.4732,12.4458113156331
301,5,229.37526,471.33456,241.39928,483.67935,247.71684,499.87445,22.93553159275317
301,6,525.56744,476.48822,501.44516,491.73178,474.04208,509.43967,0.5804717856764834
301,7,486.1843,653.1936,467.08017,642.57697,454.23477,628.2218,19.11491904327515
301,9,374.36353,825.01935,385.3082,835.52185,399.35382,840.893,22.891674405287755
301,10,232.53288,530.25494,235.83687,511.04965,237.57794,497.20914,2.5916320846165033
302,1,608.5192,599.7483,585.1552,604.8714,566.9351,617.9885,23.383394747948437
302,2,455.00845,645.23773,468.2202,664.03986,484.62598,684.0471,4.256757752331471
302,3,636.3482,602.7791,662.6714,610.7906,683.0845,631.54114,28.542052186385728
302,5,230.35876,473.3569,240.66533,482.8332,246.49518,497.6365,25.90772478135296
302,6,525.47864,476.6045,501.74796,492.3362,474.4296,509.7527,1.0225903105233933
302,7,486.08,654.43866,467.46262,642.564,454.42343,628.0582,15.517041616739201
302,9,386.41058,834.7362,387.9573,836.9339,394.80377,838.9503,38.451616013085896
302,8,666.6447,742.7594,688.5516,739.63116,705.76465,727.4498,27.159512399107967
302,10,231.87262,527.12396,236.45793,508.44537,239.85895,494.78287,0.1866263135942662
303,1,608.8945,600.179,585.5051,605.33655,568.0195,619.0027,25.57470499412601
303,2,455.91098,646.8074,470.5331,664.84955,485.32092,682.6693,0.6641131373530147
303,3,636.1804,607.9485,663.81036,610.7801,684.1611,633.5366,42.34294493395119
303,5,230.08047,470.19168,239.37541,482.85263,248.68318,499.16495,6.574977963986789
303,6,526.2183,476.5731,502.5611,491.83856,475.1002,509.6988,0.20653381460469245
303,7,486.54993,654.18646,467.6148,641.9379,454.5338,627.22205,15.468432851003282
303,9,375.56503,827.8613,384.6873,834.9682,398.86264,841.3581,13.656434689614558
303,8,666.79456,742.3571,688.3399,739.5185,704.77277,726.541,30.793554781773548
303,10,231.85223,520.92114,236.40884,503.79086,241.43536,491.09872,6.709696780017366
