Frame,ID,Head_X,Head_Y,Middle_X,Middle_Y,Tail_X,Tail_Y,Angle
0,1,255.10474,593.32324,263.5081,614.9295,272.97263,640.4809,0.9274623057099062
0,2,690.0011,340.88904,658.2829,333.11996,628.1372,323.66058,3.6582151552687647
0,3,517.46545,415.84653,541.5668,441.49008,566.04626,470.65567,3.2164980626820383
0,4,513.7579,722.32697,519.60913,724.55975,528.176,729.2188,7.652937825234754
0,5,540.1052,743.16455,550.3606,751.429,565.0223,756.5284,19.686406733542842
0,6,657.048,731.1033,658.9344,734.9747,656.3261,730.1902,177.38139412939188
0,7,255.69293,619.0972,246.95735,637.98334,225.6168,651.81177,32.23479276027042
0,8,756.6849,690.859,758.9747,693.57623,752.6588,694.90216,118.26443534704418
0,9,387.97586,273.73846,400.97937,263.06555,401.77084,247.73508,47.66640164752117
0,10,294.9462,737.6335,290.68588,729.8964,290.73697,726.4947,29.699211055992293
1,1,257.2694,589.85675,263.27194,614.03766,272.69183,640.6669,5.539906003016115
1,2,691.5342,341.59012,659.551,333.47992,627.72595,323.7967,2.6939173250219
1,3,516.8752,415.14618,541.1331,440.75723,565.0153,469.6898,3.90805782642773
1,4,537.86066,735.85846,519.43744,725.90594,503.91394,714.94415,6.848881160806965
1,5,573.6386,760.55994,551.1692,752.3395,533.23975,738.37225,17.823874695670465
1,6,659.14264,734.5226,659.18176,735.3652,654.9374,727.09375,155.49436941279652
1,7,234.306,640.12714,247.51086,632.90234,244.52444,616.7797,71.8096104254741
1,8,769.7508,675.9174,760.0495,691.42993,743.14325,703.7427,21.913082516140857
1,9,387.5373,274.31238,401.53946,262.61417,403.30725,245.37393,44.26810752132156
1,10,295.32568,737.40393,291.8731,731.5414,291.93472,727.6163,31.394035265820367
2,1,258.404,585.3788,261.5247,612.2221,271.72485,639.5304,13.85039995443624
2,2,697.0949,345.76385,663.49976,334.22086,628.62317,324.47238,3.345914339487859
2,3,516.3346,413.4038,539.86615,439.20026,564.3038,468.59863,2.635816413533837
2,4,532.2868,729.55853,519.5684,727.079,517.7118,723.4947,51.584364992129885
2,5,574.723,760.33746,552.36224,752.1877,534.06805,738.6554,16.465332074557377
2,6,657.24036,732.1211,658.4949,735.49884,657.3477,730.24524,171.94219151131418
2,7,244.97235,620.96936,248.01373,631.5556,237.3383,637.5787,76.59746575535861
2,8,767.10425,679.86865,759.85504,691.5651,744.94904,700.82654,26.35676088458558
2,9,386.41486,273.46625,401.88046,264.481,404.81644,248.84381,49.210305959576104
2,10,296.9115,738.9598,292.0548,731.91284,291.01096,725.63824,25.128945463716178
3,1,257.9641,585.05,262.03882,611.5469,269.79767,639.3162,6.8680418494244195
3,2,699.08386,346.62564,665.4236,335.07565,630.8638,324.67444,2.1890113869315
3,3,517.5995,414.41443,540.88995,440.00723,565.0389,468.8437,2.3592471130325654
3,4,532.5428,729.5424,520.10376,726.57446,517.97644,723.77203,39.37804868228741
3,5,575.4085,758.9058,551.7098,752.52045,534.9729,738.3911,25.091532115253663
3,6,666.3718,746.22644,659.0526,736.57465,650.0806,721.164,6.966297093534664
3,7,252.87662,606.19006,249.30667,629.46875,234.52737,650.66455,26.16831061012884
3,8,769.0647,677.6714,760.6794,690.5298,745.473,700.0471,24.84896702695291
3,9,386.29318,272.96396,401.698,263.25488,407.4222,248.36337,36.751833786761786
3,10,298.42322,740.50574,292.52618,732.44495,290.13885,724.7472,18.9576957888404
4,1,255.81548,583.0229,261.6321,608.911,266.83136,637.2563,2.269175042887778
4,2,698.6076,345.82843,666.1909,335.11795,633.0477,325.5312,2.1508589032346337
4,3,520.03613,412.56445,540.89484,439.79004,565.58704,468.6118,3.129940496288485
4,4,511.45795,718.4109,520.66724,726.4245,538.01526,733.78217,18.045846994184437
4,5,576.66144,758.7382,555.0658,753.032,537.5556,739.7996,22.277104534164838
4,6,668.5906,749.00385,660.76044,738.87354,651.1485,724.03253,4.772369920580588
4,7,239.77425,650.12134,250.61412,629.33075,249.64362,605.9228,29.91095967816599
4,8,771.56274,672.00116,762.50635,687.23584,745.1931,699.90027,23.08519737873012
4,9,386.1727,273.06415,402.98804,261.36655,410.43372,246.00127,29.321755057915784
4,10,296.88907,741.8092,289.01855,730.4794,287.53055,723.4311,22.865603135633403
5,1,256.6869,580.08374,260.5018,606.339,265.36282,636.2499,0.9634743153061801
5,2,699.5059,346.1828,667.00415,335.613,634.115,326.5457,2.601732982766286
5,3,526.94775,412.4816,543.5975,440.45703,565.87115,467.7599,8.448361599755861
5,4,504.17764,715.48413,521.50946,726.6259,544.12646,736.7346,8.65267290122303
5,5,577.60144,758.16626,556.87085,753.32916,539.1616,740.97253,21.771532414585277
5,6,666.43384,749.34125,661.97876,740.9845,655.2974,728.91077,0.8967843660563569
5,7,245.68555,650.2267,249.94533,627.31683,249.41602,605.59753,11.929173011806299
5,8,772.00946,670.7735,763.1286,685.4905,747.2752,699.14105,18.16128969378463
5,9,385.61502,272.1235,402.973,261.52444,412.50055,246.95088,25.416176181063598
5,10,291.01962,739.3946,285.9872,728.16864,281.61115,722.5171,13.60516433709859
6,1,256.4751,580.12305,259.7633,605.9194,264.68665,635.1193,2.306304948569593
6,2,702.017,346.87775,669.6435,336.10233,636.2063,326.40723,2.240531074995648
6,3,543.0279,415.10217,547.9174,437.4283,570.3613,463.7287,28.12337387781037
6,4,523.63556,725.55225,521.92804,727.2484,529.5275,728.08264,128.92657620982092
6,5,577.9105,757.9445,558.1596,753.87805,540.0944,742.13855,21.38354479104466
6,6,672.60004,757.2109,663.3706,741.5409,652.25037,723.5083,1.163315826342734
6,7,244.81715,653.9881,247.82336,629.9444,249.33194,606.1923,3.4926702771598794
6,8,772.06464,669.0927,762.81476,683.3998,747.7164,698.57684,11.967426614068179
6,9,385.82983,271.62415,404.21634,260.3295,415.10284,243.57547,25.42282747621081
6,10,298.62628,735.5235,282.6157,717.22363,269.15634,703.3272,2.9019149812375553
7,1,255.72375,581.0869,259.84137,605.9745,264.72076,635.016,0.1412742076966625
7,2,701.0319,345.49515,669.27356,335.9675,637.6886,325.88626,1.0022963624323091
7,3,543.6565,411.86423,547.94836,436.32437,570.70294,461.7703,31.852101688597994
7,4,543.3438,737.80707,522.7339,727.52673,508.40137,716.3781,11.367493242364375
7,5,578.90607,757.5465,559.253,753.65826,540.2261,742.8528,18.401371884572313
7,6,666.62415,745.37134,665.3392,742.3969,660.2043,730.2242,0.49257783375040076
7,7,250.31644,654.83014,248.30414,632.60535,248.66568,604.7246,5.916555836374742
7,8,772.39215,667.50024,762.63184,682.2123,747.32715,697.2742,11.89684625437333
7,9,385.5725,271.5603,404.42386,259.8415,416.09378,242.5465,24.12334178777631
7,10,298.78235,737.3653,283.67307,717.056,268.17694,700.0527,5.696981219019724
8,1,256.4881,589.46326,259.83737,606.6571,263.41235,631.5158,2.83917701930096
8,2,700.5144,344.86877,669.15497,335.47,638.229,325.8989,0.5124368935974571
8,3,541.7979,407.0814,546.9542,435.2648,570.067,462.51544,29.935222300198074
8,4,535.1756,732.68427,523.87646,727.7769,521.7682,723.0256,42.59619477824229
8,5,578.9822,757.4261,559.3912,752.6728,540.6303,743.2698,12.982271928649652
8,6,666.2454,751.50616,665.65784,744.58624,665.2079,739.0283,0.22641938826360836
8,7,251.5825,652.4007,248.73723,630.13324,248.54295,605.7807,6.824524517996312
8,8,772.9914,666.62573,762.9992,680.86926,747.2721,696.3411,10.418127242456945
8,9,386.04828,270.5165,404.56165,259.16138,414.99045,242.428,26.544679070059725
8,10,279.85922,712.9703,283.49506,718.2313,290.2464,727.91797,0.2272819425665676
9,1,262.02313,624.79034,260.91757,606.9208,258.12085,596.3435,11.27027921614081
9,2,701.4301,344.70923,669.3932,335.6665,638.5403,325.86993,1.8538244883154364
9,3,540.9188,406.40802,545.64056,434.8574,566.49493,461.48685,28.642142136447873
9,4,545.1061,739.44196,525.21893,728.6282,511.06097,716.6299,11.744487491616509
9,5,579.55884,757.6338,560.4724,752.72845,541.0693,743.3868,11.295135288124014
9,6,655.8104,728.4675,666.8533,746.2941,677.6995,768.6919,5.937655631775647
9,7,253.66159,650.8152,249.43082,629.2543,247.36867,604.7447,6.29239074043855
9,8,773.6325,666.1769,763.2624,680.6372,747.70374,696.23615,9.27997702923137
9,10,286.2753,718.8314,283.716,718.9554,285.51022,723.00916,111.10140305028476
10,1,255.61572,579.3321,260.4584,604.73883,264.30585,633.65295,3.2119908712570115
10,2,703.4557,344.19675,669.99567,336.8689,637.9096,325.28784,7.493497819972452
10,3,539.39075,406.41495,545.10657,434.47665,564.7696,461.1815,24.851616221976474
10,4,545.9402,739.5243,525.842,729.36005,509.76468,717.5195,9.543757489041019
10,5,580.6189,757.6878,560.64374,752.39307,540.9246,742.9186,10.817216336421541
10,6,655.2651,730.4308,666.4774,747.9242,678.2001,770.14343,4.842014229631979
10,7,254.60112,656.625,250.39337,632.02234,247.19904,605.6685,2.794213035885551
10,8,773.881,665.9058,763.628,680.83417,748.0518,696.2536,10.807895652083799
10,10,296.6031,731.5929,284.0953,719.26074,275.72742,710.6882,1.0975356352394015
11,1,255.74533,578.31647,259.96054,603.5423,264.2451,632.8746,1.1763632227383785
11,2,703.2102,344.06702,669.97205,336.61032,638.5043,325.19196,7.299282690275322
11,3,537.7562,406.15906,544.75995,434.1436,563.44745,461.32993,20.453215563735245
11,4,545.9103,739.6266,525.98944,729.2254,509.33963,717.9425,6.553678183043509
11,5,582.2529,757.3923,561.46704,752.638,541.0117,742.8823,12.614290203867322
11,6,652.63745,728.6384,665.69714,748.7457,677.7541,772.98254,6.555084357356507
11,7,252.561,656.0091,250.26193,631.6036,247.46237,605.4767,0.7340871515764298
11,8,776.86847,665.47485,765.31165,680.5078,749.18146,696.01166,8.582474088917314
11,9,400.8544,256.18362,405.33975,259.52332,404.23004,253.3408,136.84631076684656
11,10,301.58167,738.6876,284.08527,719.06757,268.75778,701.52716,0.5767518267470795
12,1,255.5333,575.81165,261.0003,600.33765,264.6787,630.02875,5.503847734273745
12,2,702.93713,343.79453,670.2654,336.02805,639.20306,325.05493,6.084633812693417
12,3,535.5274,413.65875,545.2051,437.90854,561.8886,463.10626,11.752621981503898
12,4,546.56055,739.8479,526.3275,729.08405,509.58237,718.0235,5.432963360218959
12,5,583.9195,757.3606,562.25714,753.0384,541.1079,743.0117,14.081417717197752
12,6,652.8226,729.08167,665.30164,748.6231,676.94305,772.9667,7.004347091824373
12,7,251.59674,659.93134,249.74037,633.0681,247.95142,605.9105,0.18451747215888148
12,8,775.16583,668.71344,764.345,681.74567,750.68884,693.4817,9.620997721084063
12,9,388.10678,268.93082,404.97638,259.5721,414.37375,245.47517,27.29151225487583
12,10,297.97504,734.10614,284.4972,718.51447,269.68723,701.99603,1.0377860623560622
13,1,254.53758,573.5468,260.60333,598.7801,264.78928,628.64,5.536650523767643
13,2,704.5281,343.7675,671.2601,336.63843,639.1732,324.96332,7.899309588977026
13,3,538.14526,408.31134,543.7998,435.68793,560.7095,461.90533,21.15101596811135
13,4,546.63275,739.55237,526.9218,728.9103,509.976,717.9844,4.44717262206919
13,5,585.12756,758.0217,563.2623,753.23926,541.69574,743.4074,12.169736288153814
13,6,662.4655,753.8533,663.72894,748.82745,663.16406,745.1144,22.76129145291535
13,7,251.98346,660.33496,249.64389,633.2813,247.43925,605.4819,0.4078242668255403
13,8,763.6818,681.45013,763.21893,682.54333,760.4497,682.2876,72.32717546133587
13,9,393.08252,264.85147,404.77872,259.8905,409.45816,250.9229,39.459378537775144
13,10,297.92444,734.38385,285.50217,718.77075,270.92462,703.67365,5.4900865445160045
14,1,256.67358,571.6408,259.68445,598.05853,264.4484,627.9208,2.5621602887808024
14,2,704.5808,341.52075,670.63226,336.04913,640.89905,324.2922,12.418701238527921
14,3,541.4851,419.70688,540.2357,433.49182,553.732,449.01065,46.19135721874685
14,4,548.1234,739.3005,527.75616,729.3596,510.79333,717.672,8.551272222625531
14,5,586.51514,759.78345,564.33813,753.3742,541.70557,743.3445,7.781218583491252
14,6,652.39856,729.03125,661.96014,746.3187,673.32135,766.94495,0.09891171693842998
14,7,253.04517,664.97687,251.14151,635.8438,247.05037,607.5233,4.481394805252069
14,8,777.9784,665.1855,765.9095,679.3441,750.40576,693.4919,7.17375719605942
14,9,385.1733,269.099,403.9087,259.91864,415.57388,241.98419,30.853719164965423
14,10,299.32336,734.57654,286.61703,719.3132,272.7785,704.4544,3.1874560405582573
15,1,255.60242,571.35986,259.32968,599.9691,264.91043,629.88885,3.1427987580822165
15,2,706.92676,337.4976,673.17035,335.30994,641.8698,324.0149,16.134389211482734
15,3,539.3636,414.29837,542.4662,432.4383,556.8282,457.44205,20.167011452056624
15,4,548.8873,739.25885,528.0799,729.4436,511.1374,717.5165,9.890559411154008
15,5,586.7488,760.15967,565.1183,753.7215,542.1746,743.0167,8.436917412009322
15,6,652.1502,729.09515,662.2615,747.66296,674.492,769.1369,1.0930692335727599
15,7,251.62405,665.3214,250.8045,636.69165,246.6483,608.7255,6.813537196837254
15,8,777.8646,664.73206,766.9959,677.59875,751.9067,691.36633,7.434029027985226
15,10,300.26666,736.1271,287.966,720.54254,273.64746,706.3374,6.944243199624224
16,1,255.2436,571.47003,259.252,599.3233,264.93655,628.40533,2.870512674563758
16,2,709.02014,338.09885,674.8638,335.54208,643.0266,324.09296,15.498482494554366
16,3,538.113,401.6264,544.37775,430.5553,560.836,460.46915,16.599938191900936
16,4,550.22656,739.1912,528.86017,729.67377,511.58633,717.80066,10.492388216517718
16,5,588.979,760.62524,566.04346,753.508,543.0384,743.1087,7.085099274509926
16,6,654.5806,732.4684,662.8978,747.3695,672.18005,761.84125,3.507884926984235
16,7,249.82895,664.2905,251.8419,634.6907,248.02644,606.0442,11.477082605596541
16,8,769.72064,675.08417,767.58295,677.2819,760.65216,681.84503,12.43344529703752
17,1,253.83755,569.54297,258.9163,596.7236,264.48154,625.5647,0.3374619443881515
17,2,708.08905,337.7324,674.791,335.17645,643.7559,323.78067,15.773376806788004
17,3,541.6175,397.52386,544.79474,429.2955,562.1753,460.70526,23.247158637007455
17,4,551.65497,739.297,529.52704,729.9897,511.84152,718.0712,11.16411972434448
17,5,585.7283,759.9296,565.5272,752.23376,542.49255,743.26794,0.41354173305531616
17,6,654.948,733.75726,662.7943,747.49255,671.8207,761.7955,2.5182390416385574
17,7,254.1347,649.37305,255.4072,631.86395,260.5649,622.4758,24.627120922295624
17,8,778.37897,663.36206,768.6466,675.55914,754.3989,689.61957,6.791769383479175
17,9,409.3726,241.20001,403.45468,258.71072,385.9131,272.16794,33.83285368984952
18,1,253.08713,570.8563,259.19214,597.7789,265.1085,625.3987,0.6861405574741505
18,2,709.0934,336.06155,675.4923,335.35867,643.87335,323.74173,18.975201312507373
18,3,544.41125,396.31943,545.55084,428.2378,563.44763,460.12314,27.260109213006896
18,4,551.92114,739.65173,530.15436,730.15344,512.6375,718.29596,10.519938772987377
18,5,586.8251,760.367,566.94867,752.4208,543.2709,743.3515,0.8327475499547962
18,6,657.0794,739.5533,663.0686,748.5942,669.73035,758.3501,0.8042992707191573
18,7,253.85464,648.11224,255.58337,632.1627,260.33838,624.49243,25.609815415519282
18,8,779.315,661.3343,769.31305,674.7203,754.4114,689.9859,7.541892456220969
19,1,252.93973,571.41125,258.9524,599.35803,264.9261,625.8052,0.5858404716978911
19,2,706.5455,340.4322,674.2896,336.4957,643.98096,324.59164,14.485003565827206
19,3,542.44165,396.3126,545.54095,428.42105,563.7209,459.7311,24.62780112773879
19,4,551.16,740.03625,530.2602,730.20306,513.313,718.48596,9.462943747554368
19,5,586.249,760.2665,565.79175,752.493,543.056,743.4055,0.9807852457508479
19,6,652.25195,729.7305,661.9677,747.31,674.13696,767.52295,2.121540920765674
19,7,252.6164,643.15063,256.06683,633.5949,261.8389,631.19556,47.57419752012148
19,8,780.23206,659.9229,769.6793,673.6441,754.8301,689.53064,5.503812127839954
20,1,251.85583,574.1415,258.0862,602.6483,264.20282,629.2833,0.6052260684124438
20,2,703.7029,346.76932,673.8678,336.5496,645.29285,325.78046,1.7419243903245898
20,3,542.44916,394.29916,545.351,427.57535,563.8264,459.65692,24.953272342949475
20,4,552.09094,740.60657,531.26215,730.8063,514.23254,719.2536,8.954754813491421
20,5,587.8846,760.8692,565.97,753.459,543.18787,743.273,5.4071486213249
20,6,652.1733,729.7375,661.51575,746.8819,673.62085,766.1958,3.4905394279599697
20,7,250.63612,648.25244,255.32826,635.7525,262.50134,631.6928,39.916999047007245
20,8,781.1737,658.9545,770.28296,672.6183,755.05347,688.78955,4.725343870319695
20,9,385.49805,271.92947,401.4049,262.57587,414.72845,250.9195,10.72519087267749
21,1,248.52362,588.1739,255.5814,609.58356,261.791,630.5276,1.73076627263595
21,2,652.7969,328.66168,679.534,337.11432,696.5961,356.23303,30.70952593695035
21,3,542.3243,391.6356,544.6227,425.87653,562.0362,458.53595,24.22569023877439
21,4,553.4879,741.5032,533.21844,731.23517,515.9133,720.11975,5.8477760257988205
21,5,586.0986,760.7149,564.8494,753.17804,543.7269,743.27997,5.578859169562049
21,6,655.6912,738.8147,661.4056,750.39795,666.84534,760.9915,0.9219604223865909
21,7,250.25632,654.2925,254.34888,637.95984,259.32166,629.8,17.291696891123816
21,8,782.56976,658.16736,771.2381,671.41394,755.80383,687.9623,2.460049673219515
21,9,386.00128,271.99936,400.9951,263.32837,416.20404,255.01978,1.3935314246775194
21,10,303.08115,735.0413,290.90616,722.682,277.0517,709.8703,2.669904929419793
22,1,236.8156,648.0978,247.12108,632.4372,252.62433,615.5292,15.31785204479525
22,2,648.88934,331.43964,679.9757,338.75998,699.6628,359.5501,33.31016657730903
22,3,542.7293,390.5632,544.48035,424.6185,560.89905,457.2076,23.795971240358003
22,4,555.0191,742.36084,535.0597,731.5101,518.013,720.32544,4.73925256689572
22,5,585.0034,759.67804,563.793,753.7364,543.6646,743.2346,11.903669534487102
22,6,674.5044,757.8771,664.0348,754.37,661.7997,746.2676,56.05844222210218
22,7,246.01213,667.1557,253.46164,640.9808,250.1378,615.9708,23.45687416330191
22,8,783.3852,658.3475,771.4807,671.82135,756.27234,687.8101,2.1056139142095374
22,10,314.04596,734.1604,293.53015,726.0843,278.23694,713.0242,19.009484291958522
23,1,241.60764,665.2254,240.03677,649.01074,227.22731,635.5751,38.09969471395538
23,2,647.6887,332.0614,678.9318,339.8528,700.8134,361.7094,30.96444043364788
23,3,542.7362,391.2714,544.0287,424.55124,559.96405,457.09616,23.864251819611084
23,4,552.395,739.6258,536.57684,731.86414,526.07825,725.3453,5.701004954791434
23,5,583.02295,758.5637,562.7383,753.04486,543.095,743.1369,11.54599532779629
23,6,672.7539,749.29065,665.5865,754.46045,665.8905,756.86456,61.40457885338134
23,7,246.59488,668.964,254.50938,642.0796,251.57755,615.99194,22.816150343826838
23,8,770.0066,673.6209,770.56366,673.37836,765.6377,678.8018,155.77677341596896
23,10,303.87436,740.1998,291.03983,725.845,277.38715,710.87915,0.5743720366573491
24,1,240.49747,666.404,238.34816,651.0631,227.18263,639.2712,35.46163161890709
24,2,651.47437,334.1445,679.2723,340.15674,699.17035,360.8627,33.935689282569165
24,3,542.0874,390.0171,543.48346,423.06332,558.31323,454.8595,22.585352324994947
24,4,550.3977,738.54236,537.00946,731.74603,529.20026,727.1336,3.6538771159756203
24,5,580.5098,758.81244,562.3359,752.9691,543.19366,743.39746,8.742645780602597
24,6,674.326,747.83105,664.89307,753.4009,663.4539,756.3181,33.18126360087876
24,7,246.50482,668.76843,253.23315,641.60486,250.6215,616.8191,19.926951810403843
24,8,772.9186,670.9958,771.03534,672.80524,763.2192,681.52814,4.2827657450597565
24,10,303.3112,739.4244,291.00775,726.1466,277.87308,711.33307,1.2566321202529358
25,1,241.0159,669.31537,237.70937,655.09705,227.51118,644.4006,30.5421933658448
25,2,659.15283,335.8896,681.20715,340.95853,695.04425,361.56696,43.17744632086135
25,3,542.1,387.017,542.0488,420.21848,555.8707,452.0203,23.579283698979367
25,4,549.3154,736.7282,536.44366,731.33264,525.1905,724.1381,9.849697529897595
25,5,543.9596,743.39,559.5294,751.98956,574.6655,760.08185,0.7825970909766683
25,6,677.3878,764.4034,662.86725,753.61194,656.2151,739.97314,27.380628740391742
25,7,246.7231,669.9245,251.96121,641.9351,250.73158,616.9545,13.418113983427116
25,8,761.0278,682.18176,771.003,672.4963,774.4713,668.5368,4.62736543878536
25,10,304.70496,740.7394,291.60294,726.7615,277.83542,711.35425,1.364296814984601
26,1,241.50836,666.82324,237.51836,654.08075,228.311,642.4226,20.914233025674424
26,2,653.16077,333.24036,683.2944,340.9662,703.2002,363.90826,34.673194471320414
26,3,542.1512,387.32202,541.3843,419.32904,553.8137,450.59058,23.055112734316197
26,4,556.0866,740.55164,536.93494,732.17316,519.7999,722.5011,5.814632858436659
26,5,543.7188,744.236,558.29474,751.8764,571.60925,759.82043,3.159696579389045
26,6,674.9838,757.9422,664.0239,753.6316,658.9809,745.06067,38.05787153919059
26,7,246.65668,670.176,252.62178,642.9806,251.14313,617.60394,15.706200123655583
26,8,757.80115,684.36426,771.26227,672.0362,782.3184,659.4898,6.128519066966125
26,10,306.31213,742.3182,292.38977,726.74963,277.78265,712.37634,3.6572515906107745
27,1,245.84726,669.2,238.89705,658.2708,229.02803,645.7887,5.878232647482234
27,2,649.7016,331.57642,682.36694,341.90384,705.2337,366.00043,28.955271267514867
27,3,545.30347,413.35233,540.86597,417.67612,550.6921,435.54324,74.55237513499357
27,4,544.87415,734.1407,537.7429,732.1152,531.6476,727.18665,23.101714219676584
27,5,541.3671,743.53656,556.49835,751.6587,570.34595,761.9236,8.322678007489525
27,6,670.36206,762.71265,663.4166,752.6572,657.8929,736.5432,15.712178797216973
27,7,250.59717,672.7215,254.57399,644.47546,261.21802,623.22565,9.348427290531719
27,8,762.97577,682.74036,772.8124,670.414,781.0154,657.5998,5.96509248854469
27,10,305.9479,742.56195,292.5488,727.1356,277.922,713.365,5.749786745215254
28,1,243.6335,667.9082,234.58214,656.2508,223.29834,642.5326,1.6111908632937684
28,2,649.77893,333.03033,681.9643,342.9244,704.9428,368.18652,30.622325864456606
28,3,551.9472,444.2284,539.2201,415.315,542.7029,384.9748,30.306542485991102
28,4,519.2448,724.0298,538.9076,731.97845,560.1667,740.35266,0.5109072176648584
28,5,541.2886,743.082,559.30914,750.7347,562.141,766.2222,56.62886836426423
28,6,667.31854,761.13306,664.499,750.7416,658.775,735.9575,5.984515242976826
28,7,249.78078,672.2515,254.0801,646.00946,262.22437,626.5373,13.3929399285038
28,8,788.53046,649.5296,776.3609,664.7424,763.29156,679.97485,1.9709982198497407
28,10,306.86603,744.2296,293.3742,728.1993,278.7956,714.6507,7.0118205357274395
29,1,243.21411,671.2397,235.71603,659.8001,224.76816,645.169,3.563098564102176
29,2,656.73224,336.64056,680.49976,343.2443,697.6127,366.33893,37.93411167130213
29,3,543.61584,390.1873,540.7175,413.3958,550.54346,440.37253,27.131840109986406
29,4,556.7769,739.2935,540.58826,733.7766,524.2404,725.4542,8.161302569335527
29,5,557.425,766.1294,559.55707,751.0431,541.02704,745.07477,80.19089481770646
29,6,664.066,762.10956,659.4117,745.0639,650.0851,730.9553,18.194754218193484
29,7,247.16574,671.1452,252.97223,644.1439,251.80103,618.05133,14.706431830259648
29,8,789.2412,647.00964,777.99884,661.57214,765.5409,676.73395,1.7402383638175551
29,10,307.11612,744.5013,294.39972,728.45416,279.64734,715.59985,10.538384505463942
30,1,246.09424,674.5245,238.16182,662.5886,227.46863,648.80164,4.189607536713738
30,2,649.6518,333.82806,682.1908,343.82468,706.4708,368.67432,28.586285176782305
30,3,542.9597,395.5023,541.5297,415.7919,550.5194,446.3222,20.43861951653925
30,4,561.4287,742.9584,540.756,733.5364,519.43933,723.6427,0.3951527337522308
30,5,556.04346,766.98724,559.5288,751.1791,539.78955,744.061,82.60390623730493
30,6,664.3137,754.50555,657.127,742.3046,649.82007,730.1996,0.6167553302428692
30,7,246.68695,670.4057,252.15218,644.2926,251.38817,619.7005,13.600285388615802
30,8,789.77203,646.49945,778.80206,660.2326,766.69574,676.3615,1.7258973534559012
30,10,308.03766,745.4429,294.7681,730.5504,280.6388,716.0423,2.540371579386741
31,1,247.24168,681.8758,252.49503,665.89594,251.5375,657.79535,24.939466857118525
31,2,663.12787,338.8907,683.4418,345.321,696.3002,368.26132,43.163604688771414
31,3,543.04626,384.95663,543.372,414.49985,551.72864,446.4653,14.019044372779048
31,4,561.6087,743.37354,541.4321,733.8646,520.38226,723.7809,0.36153607280292044
31,5,550.3629,767.4711,559.6907,752.9011,542.46606,747.6235,105.59233106758701
31,6,664.6133,756.5296,658.4279,742.07214,649.2947,728.4829,10.742024030211798
31,7,247.41766,670.82526,253.87675,645.33685,252.5502,619.6218,17.173214353341624
31,8,790.0083,645.4778,778.9872,659.7823,766.85785,676.0729,0.9427382939052543
31,10,309.68497,747.44995,296.06973,732.14154,281.04263,717.2585,3.626228525630536
32,1,247.32149,680.72253,253.15306,656.716,253.43971,633.259,12.953463362461127
32,2,663.26306,339.56555,685.30176,347.19672,701.91077,368.0028,32.301427438186664
32,3,542.4616,383.91,543.34546,414.0443,553.23694,445.69763,15.673694841006846
32,4,545.9171,736.0868,542.34314,734.21216,536.3344,732.02234,7.654296848347542
32,5,545.1744,754.08386,558.4492,752.06696,551.09753,760.5613,139.5147304580153
32,6,664.83154,755.64276,659.52106,741.781,650.8747,728.3035,11.719832060129974
32,7,234.33145,646.8816,242.93115,634.5554,248.47856,621.2123,12.327553297788016
32,8,789.87665,644.5404,779.35675,659.1203,766.727,675.90967,1.1405527093492276
32,10,312.5596,749.0683,296.60223,734.05865,281.14413,717.6541,3.454284168561085
33,1,235.04153,655.0573,238.9105,636.63556,238.0189,611.8535,13.921465434145551
33,2,656.57404,337.02948,684.17706,346.61255,705.1788,370.80673,29.89475868216996
33,3,546.40326,402.73416,543.1264,413.32797,550.8535,431.9479,39.72580812415987
33,4,559.3515,742.6952,543.52997,734.9613,524.15405,727.7642,5.673055454940893
33,5,548.17676,765.8482,556.3411,752.4298,539.21686,749.8445,112.7328892028301
33,6,663.7527,753.0215,661.4139,741.21265,654.1408,727.6607,17.018871069532043
33,7,227.75032,634.93274,221.6391,622.50793,218.68132,607.3934,15.118262214595847
33,8,789.9423,643.2258,779.8821,657.7648,766.7189,675.397,2.0614652873925916
34,1,228.6683,636.3308,221.06825,622.4214,213.36502,607.50244,1.3429005700887044
34,2,681.78046,352.4144,685.35785,347.93564,684.93756,358.69254,143.62151692616516
34,3,544.993,377.8202,543.58185,410.5886,553.18427,445.12466,18.00394056320101
34,4,553.9341,740.6976,544.27893,736.3986,531.378,733.6397,11.929899949004195
34,5,545.23883,759.36957,555.7363,752.8901,541.0133,756.29224,161.32674983205786
34,6,653.461,759.60565,657.7306,746.49097,649.87537,733.6517,49.491848916495115
34,7,227.24194,641.25574,221.3815,626.22833,214.32462,609.68665,1.7987445288431614
34,8,791.1581,642.05164,780.9188,656.3621,767.9484,674.12756,0.5485832095471305
35,1,230.85313,634.80115,222.04895,621.103,215.43758,603.9899,11.606783988459728
35,2,714.2774,374.73523,686.94934,349.72955,656.0079,335.34735,17.529167007829546
35,3,545.1824,375.25168,543.48035,409.16574,553.0,444.49432,17.95383158223464
35,4,560.01965,744.5885,545.6641,737.3829,526.7532,731.51514,9.415716392780975
35,5,541.44904,750.36316,553.94086,754.25793,541.40436,762.4548,129.50506913510833
35,6,646.8717,744.88055,649.4338,753.537,638.45526,748.81915,129.74215497335638
35,7,228.92209,640.6557,222.53427,627.0091,217.14282,609.46655,7.999712580224319
35,8,791.61566,642.05914,781.029,656.2858,768.7786,673.4774,1.181508721637586
36,1,227.77905,637.12085,219.94604,622.98254,212.7967,606.4283,5.629427329094684
36,2,712.8911,374.10443,687.3244,350.202,658.7411,336.7238,17.827321912270907
36,3,544.1215,376.43982,543.1273,408.96436,552.1444,443.2518,16.485177109109173
36,4,531.12134,734.05505,545.9738,737.2537,555.05273,744.58026,26.749215577571587
36,5,540.6398,746.0534,552.85675,755.4462,541.83417,769.58685,90.38204383266921
36,6,646.3177,743.432,649.77966,754.2089,638.0202,752.0807,118.06747881637115
36,7,226.4866,640.38745,220.1363,626.01605,213.13818,608.8899,1.6133756741425536
36,8,785.1265,647.00525,781.0639,655.68335,775.7503,661.82886,15.761273916745946
37,1,231.37337,629.1345,221.9931,619.14954,217.2952,603.3624,26.63951743761398
37,2,714.51263,375.5883,689.0524,350.75613,659.11414,334.48325,15.758356809191659
37,3,545.81384,377.4287,542.6649,408.7936,551.52057,443.28836,20.131379913008246
37,4,525.866,732.75385,546.14435,737.2308,561.0463,747.02594,20.8674583499325
37,5,541.5359,745.1106,553.0944,756.1277,541.37415,770.7496,85.08805221401671
37,6,659.11816,752.1099,657.75995,761.4873,645.1896,773.45496,38.165675427684576
37,7,228.11568,636.17566,221.8181,626.642,218.39368,610.12134,21.736849370439067
37,8,782.62683,647.9477,781.4624,655.494,776.19275,660.7937,36.0654276907688
37,10,315.41904,750.2618,299.9487,735.4597,284.31012,719.8244,1.2588103510289146
38,1,225.30952,605.3365,223.54807,610.58685,227.8089,609.402,124.08669424239199
38,2,717.3462,378.8239,691.8175,352.44794,661.1478,334.34708,15.386643461110166
38,3,545.2784,374.3633,542.85657,407.2031,551.51953,441.9727,18.208333231225627
38,4,524.5961,732.44977,546.62024,737.14,563.21704,748.53296,22.44571949319015
38,5,544.28613,747.28326,552.62634,757.1901,538.95245,770.91296,84.99038218647135
38,6,660.8019,749.8439,659.31915,760.8279,641.4976,773.18524,47.57489612513424
38,7,252.56487,637.79266,252.89786,652.3497,249.19318,676.6946,9.963025540337592
38,8,778.8877,651.8261,781.87823,654.76135,785.01306,655.1404,37.5712349855602
38,10,314.81564,747.74744,299.22586,735.95825,284.55508,719.7541,10.746219090177613
39,1,225.35551,613.2403,221.0248,614.43036,222.79962,605.50446,116.61138250854867
39,2,717.02826,377.0033,692.57715,351.72278,663.3685,334.1837,14.971620906388564
39,3,543.89056,370.93414,543.2249,402.93768,551.4964,436.52707,15.025527131874712
39,4,531.0966,735.49066,546.9846,737.4455,556.5091,747.09937,38.372239675802106
39,5,542.0587,756.75726,552.0509,758.0267,540.2185,766.70557,136.50040928756263
39,6,658.7941,751.1419,659.25146,760.8522,643.48865,772.3336,56.62739619628527
39,8,782.5141,643.6417,783.6333,651.1228,783.75134,655.40985,6.9313226002222486
40,1,224.30641,609.2007,221.04442,619.44727,223.59738,617.72406,141.67750377526835
40,2,717.45514,376.03143,693.27594,350.79886,664.54926,333.72705,15.498929803230594
40,3,543.646,372.83673,543.08325,402.39993,550.4286,435.0065,13.785698293775736
40,4,525.1475,732.46686,547.536,737.7314,563.01385,751.2946,27.99568951969423
40,5,556.83264,752.5521,552.02295,760.19,535.8219,769.4178,28.13579655710081
40,6,654.8351,754.0766,659.22546,759.3926,647.68713,767.2961,95.14246051352143
40,7,253.60304,628.32,253.33173,654.8443,248.38315,683.9779,9.054037020118658
40,8,777.6915,644.12036,784.70984,643.3074,792.1654,639.2708,21.824221119911588
40,10,318.19788,754.1273,301.94464,738.40875,286.70938,721.92285,3.2157675954727813
41,1,218.66911,604.2868,217.72223,609.69415,223.13614,610.0647,96.01700460205595
41,2,712.34357,370.45374,693.1976,351.76315,673.52783,340.93365,15.474680288275287
41,3,545.5757,408.07047,542.8514,403.0412,548.40643,416.96832,173.30136089306282
41,4,525.35016,733.125,548.043,738.19495,563.95337,752.16315,28.686973720832967
41,5,550.43176,752.3994,550.8657,760.98474,534.055,770.6846,62.90860559293086
41,6,646.73663,756.7732,657.0988,754.96185,646.5386,753.0085,159.6049346264837
41,8,788.9617,620.7231,790.1871,634.015,790.7648,642.1935,1.2270070961392434
41,10,316.73663,752.9441,302.63876,738.0137,287.5166,722.4266,0.7753121744260799
42,1,215.55011,593.90094,220.12953,605.40076,225.14635,610.43695,23.176279783428942
42,2,705.9695,368.48386,693.16736,353.13034,676.97205,347.4643,30.895093648520632
42,3,545.15173,411.2988,537.77673,410.663,539.137,408.68265,119.55766112072158
42,4,525.5992,732.8457,548.8466,738.32776,562.758,752.74634,32.75696990271894
42,5,557.8663,753.8384,549.8324,762.6183,532.4942,771.28253,20.9883467080052
42,6,649.0868,739.0028,655.3464,755.114,641.2851,771.7266,61.47763396403841
42,8,795.1471,616.4196,791.3247,632.8726,786.5592,638.5481,26.93999926035063
42,10,317.29355,754.2478,304.01328,738.4959,288.56418,723.9909,6.6713560603911795
43,1,216.98431,605.97046,217.89153,604.9564,219.92178,602.92755,3.2021016530557493
43,2,717.82336,376.5935,693.35925,353.459,667.84033,335.3361,8.018463345838276
43,4,525.6216,734.01105,549.3888,738.65796,562.115,752.539,36.422496403731714
43,5,551.08295,752.7462,547.18005,762.51654,531.50775,772.9146,34.662069289118065
43,6,650.91724,742.8353,652.78595,759.91046,637.4094,776.1428,49.69467492942696
43,8,798.93994,617.44104,792.4065,634.5319,784.66974,637.51447,47.99749870966369
43,10,317.69275,755.2452,304.99466,739.7331,289.94125,725.44037,7.181328415607462
44,1,216.13196,595.1329,220.39673,604.2818,227.42755,610.5881,23.117010853511267
44,2,718.8552,377.3081,693.9776,354.0105,667.81836,335.4968,7.833284330197371
44,3,533.33606,395.69492,538.85626,413.20935,545.8778,431.50452,3.502522587927436
44,4,527.3355,735.11145,546.41675,739.8941,549.39966,754.04614,64.02651818894702
44,5,548.5912,753.03375,544.6879,762.72595,530.7267,774.146,28.78173696077349
44,6,649.0539,737.881,653.2439,757.6157,636.7659,775.2958,54.97129834136435
44,8,798.6613,628.2178,791.72986,639.2522,783.73126,645.58386,19.499303341634636
44,9,391.23517,273.36472,410.85007,269.56073,429.4898,279.81427,39.79009489231816
45,1,234.78754,561.4032,250.36313,582.1122,259.91385,609.45605,17.694084448997078
45,2,720.945,378.5709,695.3442,355.1609,668.5517,335.56265,6.255672249976316
45,3,529.7031,391.15775,539.4148,408.45392,545.61456,426.39606,10.251676041037111
45,4,527.759,734.639,546.9552,740.38165,548.77844,751.7236,64.21279441585618
45,5,546.89935,751.54865,543.6548,763.43134,527.7668,775.437,37.651366142207344
45,6,649.2603,737.65674,652.96173,757.83545,636.47705,775.2274,53.86018138298688
45,7,248.91615,640.13416,253.64252,665.95996,256.4542,692.40546,4.301975268032111
45,8,802.71466,624.6085,796.1427,640.55524,787.1008,645.98096,36.635916818080965
45,9,391.41565,273.5067,412.4323,269.72195,430.5446,280.6101,41.2207108479369
45,10,323.0824,754.71515,318.23654,754.1435,317.41513,755.11456,56.500647156391
46,1,235.68927,560.6627,250.56564,582.157,259.8805,608.9352,15.507145262977053
46,2,724.14575,380.53934,697.52936,356.89142,669.7043,336.35187,5.186744681033376
46,3,539.36395,417.73218,541.6481,405.29562,538.6464,401.05148,45.67673844881504
46,4,528.7647,734.6812,551.25415,740.4151,560.0881,751.6602,37.54423628856789
46,5,546.4179,751.3011,543.03094,764.0621,527.895,776.23975,36.316961332151955
46,6,641.05786,763.28516,653.4664,757.28076,646.9944,743.70734,89.67038045617043
46,7,251.29396,647.36365,254.6481,670.6384,256.95135,691.47144,1.891447352176125
46,8,803.49524,623.9979,794.6747,639.70166,784.698,649.20496,17.069809993226862
46,9,391.92212,272.34998,413.2019,269.7522,431.05676,279.98465,36.77668851555755
46,10,321.15045,760.21765,323.0426,759.2067,327.667,764.69916,78.01846304466494
47,1,236.69344,559.9178,249.7745,583.47955,259.52756,609.2173,8.284535053823745
47,2,726.4578,381.64764,699.652,358.62177,672.1415,337.55225,3.214671583766838
47,3,534.7855,378.4118,541.23706,401.5595,547.7232,431.3118,3.2754243346693857
47,4,536.83203,737.1221,556.2467,742.7256,571.15125,752.6642,17.596664706660388
47,5,552.44055,752.9046,542.8807,764.1268,527.7966,776.4364,10.3564740904069
47,6,639.91425,766.96924,653.798,756.84625,648.61066,739.59937,70.64286325229136
47,8,799.81665,621.1515,793.5999,630.7411,790.89386,636.3138,7.053687524245637
47,10,322.18417,760.86725,323.17017,759.52704,327.06308,763.9409,102.24672154953835
48,1,240.44768,559.3319,248.46649,583.25616,258.96988,609.2383,3.4813281890429963
48,2,726.7756,382.41946,700.46844,359.64056,673.87,338.49924,2.4099721011986426
48,3,532.54376,377.24237,540.83466,401.1555,547.8971,429.08054,4.92899076773996
48,4,544.1061,738.30615,559.0624,745.6623,573.0958,754.6519,6.453151230071073
48,5,542.6182,749.7394,541.3212,763.41565,524.8762,774.3454,50.973554506396276
48,6,643.43665,758.53076,652.7625,759.09204,644.9529,751.10754,137.80987057022043
48,8,801.1748,622.4753,796.6137,629.0679,794.9605,633.1213,12.489186982383155
48,9,392.45743,269.51804,414.31674,270.1551,434.501,276.23975,15.106394434005928
49,1,247.78241,559.1729,249.06973,583.3533,260.45218,608.2158,21.551558799217737
49,2,727.93164,383.262,701.26495,360.45496,675.62415,339.63257,1.4601853425803202
49,3,534.15625,404.92502,541.80597,403.14572,541.3304,406.34988,111.53660223076871
49,4,543.5011,738.0579,558.73425,746.21936,573.2296,754.86633,2.636558923495049
49,5,540.9956,749.95984,540.5892,763.6114,522.97455,773.6409,58.63807074726717
49,6,649.6622,759.3662,653.267,763.57135,642.99524,765.70337,118.87900777117444
49,7,253.37431,635.9918,255.97699,661.9863,263.66724,692.5084,8.424105841936719
49,8,805.89557,622.7462,798.30963,632.10223,787.70013,640.4449,12.785260627584718
49,9,391.7246,268.47064,414.50836,269.21255,434.9624,275.28674,14.674610320537536
49,10,326.44656,764.04083,322.9494,761.50183,325.0364,759.5678,101.19851983539166
50,1,230.85106,573.21155,240.73506,591.84906,256.11902,611.5936,9.98564075583368
50,2,729.41986,384.62582,702.76874,361.03317,676.423,340.04926,2.9798611045108356
50,3,547.6554,428.25076,539.55347,404.00922,526.9608,385.01352,15.060750946053917
50,4,540.3284,737.4913,557.5565,745.6344,573.2776,754.99207,5.463931171153735
50,5,538.6041,744.35754,541.86536,760.3303,524.3217,772.0715,67.74714271309657
50,6,640.19684,774.6032,645.4223,769.3404,636.8712,772.4711,154.90471534538088
50,7,253.5601,641.0289,256.06433,665.38153,263.4251,693.56036,8.768334470466122
50,8,807.02997,621.49066,796.668,633.5184,784.886,639.3582,22.889312634868173
50,9,391.1294,267.99982,413.4217,268.50455,434.34045,275.5307,17.269025216299553
51,1,230.3551,573.10345,241.23329,591.15796,257.41284,610.97876,8.154684320009505
51,2,729.6668,384.3313,703.43146,360.59293,677.2036,339.85574,3.8075035470452483
51,3,547.1715,425.48303,539.4313,402.22327,526.92834,386.08615,19.36221393025419
51,4,539.8414,737.2562,557.19025,745.3111,572.9564,755.0092,6.691755458819878
51,5,535.3026,740.9166,552.3902,751.1433,559.7551,762.3827,25.864083770105832
51,6,636.1768,772.9895,639.0605,774.09796,636.5978,769.695,140.24600267564213
51,7,254.73639,641.58563,256.84808,666.1369,263.30945,694.41223,7.955962770013839
51,8,799.4228,623.37354,791.11816,633.06665,780.6832,643.8556,3.455927500358701
51,9,391.51138,268.59943,413.01874,270.19583,434.505,275.64703,9.990878196819128
52,2,730.284,384.28204,704.2866,360.60596,677.7127,340.33252,4.984169345918431
52,3,546.89795,426.22845,539.1424,402.10263,526.39056,385.84906,20.295493516074394
52,4,539.907,736.17896,557.68774,745.2116,573.5235,755.63824,6.431236327612056
52,5,537.91675,737.3777,554.65796,742.7302,565.29047,750.99347,20.122973803421605
52,6,634.5163,780.33435,643.81366,772.5116,643.8921,762.7405,49.46302851661506
52,7,255.042,642.7992,256.9366,667.2225,263.41098,694.66003,8.841313143589128
52,8,795.61285,621.1749,788.68585,627.36707,778.26465,628.6355,34.85424693133145
52,9,392.91553,269.79706,413.75592,271.2886,433.66382,277.08237,12.132809940918694
52,10,331.84976,771.55493,325.43936,765.386,322.98953,755.2204,32.550155709245615
53,2,730.55383,385.13882,704.29407,361.75082,677.82324,341.04898,3.6620134135117453
53,3,544.77905,423.17813,538.63855,400.72858,525.7983,389.18674,32.750676636947865
53,4,543.9438,737.08545,559.8794,747.4987,574.4477,758.2683,3.3105610540406114
53,5,547.0799,745.3314,547.23285,760.8712,543.47833,774.0615,16.45251919796052
53,6,632.2084,780.6395,650.72876,766.22424,653.87836,744.2407,43.951372962685795
53,8,797.6178,618.55664,792.3618,632.50024,786.44446,639.5609,19.311749199318893
53,9,394.13272,270.30853,415.5217,272.4448,435.70407,280.21625,15.356161078695374
53,10,329.57178,774.5652,324.71014,768.60944,324.69653,761.0748,39.12100102657565
54,1,258.21625,552.0058,250.82384,578.3642,263.23743,607.2109,38.95020371409026
54,2,731.0259,385.33795,704.69806,362.11853,678.1216,341.2663,3.2919989298308066
54,3,542.0215,418.85406,538.4013,398.048,526.36615,390.4296,47.795225810348036
54,4,546.03735,738.28906,560.3931,748.17926,573.9323,759.3843,5.046826474509039
54,5,524.05865,771.71106,538.51514,763.1562,538.42523,755.85535,60.08987109837282
54,6,629.5004,782.82275,648.90173,766.8538,652.6538,746.5073,40.094228861620415
54,7,256.13245,652.3267,255.49188,667.32733,264.61627,691.33075,23.258438805208307
54,8,797.7776,620.35876,793.4406,631.48566,789.2784,639.20856,7.02780444311057
54,9,395.45908,270.7981,418.5496,272.65073,438.4357,283.3114,23.607952793264907
54,10,325.95312,763.0413,311.81406,747.76794,294.824,733.1907,6.579331021601136
55,1,261.95157,544.3114,255.12276,570.4217,261.29562,600.11005,26.40238609314443
55,2,731.4966,385.51212,705.0294,362.45703,678.60345,341.73798,2.9606825129097403
55,3,540.50415,415.20102,537.67554,397.31674,526.42206,392.7391,58.877160865272806
55,4,546.9272,739.0155,560.48914,749.0375,573.30206,760.5807,5.55230888552026
55,5,519.39594,774.0446,537.80286,763.3653,543.50824,750.2277,36.4042302231112
55,6,628.3838,782.4712,645.5474,767.68054,649.8359,747.92444,36.99991180058984
55,7,268.7658,689.77997,255.92926,670.80237,257.97827,650.68677,39.890822947307505
55,8,798.20245,619.6564,793.97284,629.88367,790.1019,637.8692,3.393210582776253
55,9,395.80902,270.5792,417.86716,272.65652,438.12973,283.24725,22.214933883401
55,10,327.06842,763.00256,312.59915,748.17706,295.7154,733.82526,5.3309784214165346
56,1,262.5673,543.61304,254.31284,571.3038,260.68607,603.88324,27.66751042918999
56,2,732.51404,386.16183,705.64575,363.30472,680.06384,342.57965,1.3758660699954228
56,3,544.22974,418.14154,538.93286,398.77005,525.86774,391.48477,45.56247063019088
56,4,546.6314,739.15753,560.8703,749.2757,574.20905,761.0685,6.0822813971113865
56,5,521.82446,773.76196,537.39606,763.85675,540.50714,756.04095,35.8341736225304
56,6,632.44855,777.7584,643.9964,767.0536,644.33655,754.2852,45.643547593372226
56,7,270.47995,696.0862,256.56778,671.56,256.61642,643.1903,29.661774621093723
56,8,781.9507,616.30176,790.25085,625.2934,798.08466,633.4123,1.2660955792673974
56,9,397.34903,270.2392,418.68124,272.9741,438.66885,283.0304,19.40244959427883
56,10,328.00876,763.74445,313.30008,749.27167,297.78793,734.469,0.8775956759004799
57,1,258.4355,549.23035,253.06575,567.29803,251.98708,584.36084,12.93469558516845
57,2,730.8945,383.56598,707.8367,365.33084,690.0481,353.12872,3.8902291223471024
57,3,541.92786,408.66797,539.2655,398.2185,531.5581,391.25323,33.60155860787032
57,4,545.75024,739.7959,561.3707,750.356,574.8652,761.853,6.369998469663608
57,5,520.343,773.4995,536.0937,765.17163,541.78754,756.27344,29.51848077027295
57,6,632.02826,778.2533,643.26807,767.2636,644.051,754.35077,42.17482112448645
57,7,267.4865,686.3513,256.94058,670.25995,261.22543,655.02924,48.95281873940402
57,8,780.4051,615.6301,791.6196,624.0191,799.8495,630.7658,2.5460668702934366
57,9,398.3021,269.63058,420.13675,273.33087,441.14682,282.96857,15.023327081826574
58,1,261.61157,541.9512,253.92421,571.51117,260.89688,605.165,26.28280245138453
58,2,739.45703,390.9571,709.98804,367.8046,683.9552,344.90442,3.1819235027007884
58,3,544.3738,415.86734,538.3822,396.82626,526.2788,384.86057,27.86075256369819
58,4,545.25586,740.1396,560.9738,750.9403,573.96954,762.4853,7.121608824338439
58,5,525.06976,771.0475,537.042,764.18243,537.85004,759.822,49.670806506343965
58,6,627.11633,783.86096,642.04504,768.37164,648.4588,749.57153,25.106804731931643
58,8,780.9038,616.21405,791.8235,623.67883,799.8109,629.4607,1.5429423993070392
58,9,399.3959,267.9251,421.6792,273.3899,443.05426,282.81924,10.024737832140922
59,1,216.64395,575.79706,223.77574,591.0544,238.30179,605.4539,20.197607973466702
59,2,707.06006,365.5443,711.7401,368.88153,721.96405,377.43533,4.425760290141123
59,3,542.0021,412.7241,538.0562,394.81363,526.14325,390.4389,57.41117077835847
59,4,546.07935,740.65173,561.79926,751.6013,574.50934,763.6206,8.54104574685553
59,5,525.87494,769.4213,537.3002,760.89264,538.9526,752.2493,42.43639575884455
59,6,627.47876,783.50336,643.6517,768.1735,651.36255,746.4137,27.020550815865025
59,7,263.47528,667.57916,256.6254,669.7623,267.81427,676.0945,132.8151402900731
59,8,782.56635,615.65247,790.5075,623.8794,800.09644,630.9821,9.484459926005572
59,9,400.4558,267.4592,422.79398,272.71634,443.86484,282.065,10.682606415584436
60,1,214.71645,575.74274,224.92603,590.69336,239.73683,604.5156,12.6486474160212
60,2,695.5368,357.42334,712.66016,369.22113,732.7365,384.84882,3.331195065848361
60,3,543.4531,412.9646,538.7126,394.33377,527.1927,385.8913,39.48804877176993
60,4,544.5418,740.6549,560.92633,750.9028,573.85706,762.15686,9.00994135532791
60,5,531.65656,765.08527,537.5739,762.1086,534.1028,759.4929,116.29588752889951
60,6,626.13635,783.43134,641.7656,768.8867,649.9947,750.1028,23.40092515538736
60,7,258.34192,644.11426,257.42398,669.472,273.54395,692.88837,36.61691783279936
60,8,786.7454,620.5455,789.9235,623.7897,798.92285,628.7869,16.546659974438207
60,9,401.3181,266.65582,423.67227,272.7538,445.0098,282.01746,8.209491121735507
61,1,216.05142,579.8847,222.5085,593.5843,236.9682,607.4731,20.917648140388806
61,2,728.6386,385.72195,714.1362,371.92743,700.94995,363.0572,9.63886082709737
61,3,532.65784,383.62106,540.47394,392.1263,543.24036,410.02557,33.79637741612539
61,4,569.9102,758.68,558.79553,748.63837,543.20123,739.94556,12.959601679986767
61,5,535.92017,755.5964,537.21497,763.629,527.1624,768.96704,71.18807542900367
61,6,625.63257,784.38293,641.29596,769.3585,651.099,749.8491,19.514306820142696
61,7,259.8644,647.6764,257.5478,669.4212,273.55243,691.1241,42.48782686334143
61,8,788.0184,618.42505,790.07434,621.3045,799.3494,625.8519,28.354696272646578
61,9,401.25122,267.25818,423.20297,272.77283,444.4163,281.94604,9.283089634775113
62,2,742.44336,393.71732,714.453,371.8533,689.5029,350.31537,2.8077708053125154
62,3,526.18317,377.7458,538.4897,393.17538,546.81213,414.55777,17.30857844625248
62,4,571.2442,759.32104,558.54083,748.5122,541.5646,739.47217,12.357461610427485
62,5,571.86896,767.0927,562.14343,759.9605,547.4983,752.488,9.221939628489228
62,6,634.28845,776.4252,640.43915,770.69116,641.06946,761.3548,43.14575455191978
62,7,260.60455,648.31323,257.81183,670.07587,274.61493,690.14746,47.247268732782324
62,8,802.12103,623.28455,795.29926,628.7966,793.33856,632.3474,22.155169601642957
62,9,401.9204,267.49814,423.24442,273.50842,444.70215,282.21756,6.35014476807381
63,2,740.64856,386.73056,714.67236,370.83795,694.673,355.25946,6.457859334348212
63,3,534.6495,388.0036,539.5408,392.09195,540.25037,404.87003,46.93122941080763
63,4,571.047,761.7612,560.05286,752.11414,543.8186,745.85187,20.172349989844378
63,5,588.5975,763.7808,571.4793,760.79193,554.89575,758.20996,1.054619627998005
63,6,634.2779,776.64435,639.1774,772.159,639.2569,762.8663,47.03704079608063
63,7,259.5589,644.31433,258.3579,669.87396,276.54297,691.7059,42.483083978587246
63,9,403.1273,267.93115,424.77386,273.89572,445.54132,282.7808,7.757851533369078
64,2,744.3033,391.36362,714.953,370.31534,689.37915,350.51617,2.1010544825017767
64,3,527.573,373.91266,541.1211,390.17798,547.9812,414.7981,24.22253571965423
64,4,571.9592,762.0653,559.36456,750.1035,543.27423,742.40625,17.958251560057157
64,5,576.5737,776.0536,568.85443,761.9025,553.5655,754.3014,34.952874607681174
64,6,621.58575,787.7073,637.7571,773.76514,647.0401,754.2828,23.756650386621352
64,8,803.23737,616.94934,791.8268,632.6865,782.1269,650.3678,7.195792777799783
64,9,404.21298,268.2615,425.85312,273.73724,446.67972,282.8923,9.5296996841776
64,10,337.98553,773.1458,338.2873,772.9971,339.80896,774.3864,68.63697086119069
65,1,224.57646,574.7804,224.11368,588.3823,229.70087,602.75684,23.189110322220316
65,2,713.25055,368.16235,715.48676,371.07507,724.1684,376.76596,19.23998517515442
65,3,536.7995,391.02997,541.6346,389.59537,540.17444,397.32217,117.22703419009711
65,4,571.9577,760.48083,558.3235,749.4701,541.78485,738.4462,5.238206370021937
65,5,594.33655,762.63556,572.6209,760.41455,554.03876,758.7018,0.5733491029266135
65,6,622.76764,787.0652,637.2448,775.2458,644.916,757.65826,27.20571950097098
65,7,260.13608,647.0382,258.98212,671.9389,278.02484,693.78314,43.73363713055246
65,8,803.64374,617.5216,792.5746,632.8544,782.31946,649.8544,4.726380149776532
65,9,405.11914,268.67914,426.5984,274.15588,447.71426,282.97986,8.374845839632222
65,10,341.11847,775.78406,339.0874,774.8744,338.0184,771.85767,46.36129882112203
66,2,718.4484,370.1673,715.9616,370.73648,719.8691,374.7783,121.14000270587417
66,3,533.7784,385.60455,540.0498,389.11877,541.7928,403.56033,53.85385061514119
66,4,572.9292,762.1748,559.5871,749.87805,542.7546,738.076,7.629103103756876
66,5,577.1472,775.9896,569.6792,762.5858,553.7771,754.6872,34.461622668182976
66,6,649.3934,758.80835,636.6148,774.9668,618.40344,788.58344,14.876583033999172
66,7,259.2935,651.06537,260.1937,674.5862,279.60126,694.6576,41.844842592429494
66,8,804.014,616.4545,793.55316,631.9439,782.81396,649.75104,2.939781289935113
66,9,406.59583,268.4498,429.80038,275.13364,451.0174,284.38974,7.501140440527219
66,10,340.27515,774.80817,336.8237,772.13354,337.95856,773.8077,161.9055658538993
67,2,698.6253,356.01172,716.62744,370.7606,738.8833,387.82855,1.84281271652658
67,3,548.66376,404.80844,544.76056,381.8581,553.26776,366.57602,38.75577451495237
67,4,573.2993,762.16693,559.8421,749.8037,543.176,737.8145,6.843523796582166
67,5,577.2988,775.17914,569.4834,761.7987,552.7395,753.5275,33.422531393741615
67,6,646.9995,760.50977,633.7108,776.1963,617.1126,788.0067,14.297030257452649
67,7,259.09344,653.71735,261.21582,676.23334,281.69882,695.4125,41.49804096582403
67,8,806.42816,615.4758,793.6421,630.7187,783.09534,649.3099,10.424527526953447
67,9,408.29117,268.34946,430.9268,275.33823,452.36627,283.94568,4.716048669001209
68,1,224.75308,575.1192,224.34601,589.924,238.05354,604.13806,45.53574217297741
68,2,747.61383,394.509,718.31836,373.12006,693.8813,352.31027,4.282994391255829
68,3,549.2465,397.64957,545.677,376.3029,553.54816,359.4197,34.48850673894284
68,4,572.48047,762.462,561.0106,751.7167,546.80853,739.5732,2.599926749555758
68,5,571.65125,767.95123,566.7018,762.30896,554.18536,756.4095,23.506088227096267
68,6,641.60236,766.8031,632.5063,776.14044,620.1574,783.59406,14.63527555587654
68,7,258.48917,656.23627,262.13177,677.18524,282.11517,695.82745,37.124699145444424
68,8,796.0701,636.3387,791.95624,632.7482,788.3745,636.8645,90.0854855054293
68,9,409.5398,268.25314,430.44473,275.1222,451.31763,283.51288,3.7098237446400133
69,1,227.38004,570.1231,224.54137,585.59393,236.09409,603.552,43.151122699262935
69,2,750.97565,396.38263,721.18567,375.37903,695.94305,352.6255,6.845300497395392
69,3,554.6243,367.78806,549.9821,363.516,551.48895,364.62982,173.84896999673015
69,4,572.90204,763.31024,561.4047,752.78644,546.72156,740.6634,2.9242249858486775
69,5,575.5598,771.16766,567.0095,761.1465,552.32416,752.4424,18.87298493402985
69,6,625.66895,777.81836,632.5134,777.1574,635.6894,771.7012,54.281426796234356
69,7,258.18277,656.6356,262.94556,678.1473,283.93774,697.5572,34.7585677389694
69,8,804.7127,613.5033,794.12823,628.762,785.0715,644.51935,4.858977414780971
69,9,410.18793,267.84268,430.97693,275.34906,452.01666,284.0856,2.6967496146708814
69,10,343.4759,777.0085,341.7783,774.71466,342.24243,776.5334,157.81217082315382
70,2,699.206,355.49957,722.49945,374.9727,751.4238,395.13815,5.0119223071878105
70,3,549.68994,369.8237,543.23785,356.98566,541.7702,345.52264,19.38688966556127
70,4,547.22296,742.6507,562.85925,755.8152,575.9586,768.51733,4.023214189881876
70,5,550.71643,746.4961,565.04047,759.2927,574.63043,774.7948,16.481469972296924
70,6,644.4129,763.3216,631.0323,776.31714,615.43524,790.7495,1.384514916212673
70,7,259.97104,657.22046,264.13086,678.2977,285.32355,696.9719,37.450281318774344
70,8,807.34656,610.3818,797.182,624.0879,789.4899,633.49115,2.7231142511882553
70,9,411.11603,267.7639,433.30234,275.69257,454.24124,285.83557,6.180727227703954
71,2,752.3249,396.56998,723.91583,377.10223,700.61456,355.74747,8.082621381822507
71,3,537.2055,368.80194,538.989,356.0626,532.6042,342.18762,32.68001981547629
71,4,563.40826,756.3981,565.8264,761.2989,566.60394,767.9755,19.620110697702717
71,5,552.15186,745.1274,562.4151,754.9016,569.60767,764.97736,10.8768845300149
71,6,618.02734,788.9791,631.1755,776.03156,644.27435,759.5151,7.023169484602148
71,7,261.789,657.785,266.88055,678.8559,288.99136,697.18225,36.76216885310361
71,8,805.1628,608.3102,798.09973,620.50195,788.18097,628.4916,21.06338963529391
71,9,411.53778,267.59283,433.1313,275.49002,453.72595,285.63922,6.145992140198988
72,1,223.34795,577.41846,218.55754,587.7412,218.84608,601.1086,26.13083659568163
72,2,755.08295,398.20807,726.072,378.93298,701.21545,356.81787,8.059440683833696
72,3,546.3771,363.15625,542.28174,357.51367,539.26904,351.2589,10.253402898820323
72,4,576.9945,771.1377,567.96045,763.3954,558.64685,758.1942,11.415888763292779
72,5,573.7051,764.7178,560.5242,752.374,543.9399,740.0307,6.462017847286293
72,6,616.332,788.87695,632.0745,775.3547,646.35516,758.22894,9.514898249020513
72,7,266.75388,667.0795,268.354,679.3133,286.6845,688.5839,55.72029239168907
72,8,802.2434,608.3753,799.5243,623.06445,794.41016,627.7667,36.915196633083205
72,9,412.07245,267.83386,433.2288,275.7005,454.51196,285.836,5.067978628044459
73,1,213.02061,591.3546,215.08864,606.53534,216.19191,613.44165,1.318785897388108
73,2,755.8361,398.27692,727.2242,379.59363,702.49695,357.6843,8.398073755563033
73,3,543.0671,376.13492,541.26276,359.21185,534.7726,345.33743,18.98343382583506
73,4,580.1231,777.5602,572.1628,766.31146,557.9505,760.9957,34.20727472604886
73,5,574.1261,763.2411,559.32684,752.33215,543.82776,740.3807,1.2411198400090937
73,6,616.2791,789.1308,632.00964,775.6345,646.27185,758.5344,9.541965333173758
73,7,262.17505,658.267,269.05396,678.9608,292.0086,696.7567,33.82736360042725
73,8,806.82336,608.54095,798.91125,623.08136,791.54895,630.21155,17.36490703056498
73,9,412.63147,267.8264,433.89056,276.12943,454.93863,286.28085,4.414150092090904
74,1,222.45529,575.366,217.22662,587.39514,218.99147,602.1008,30.336448573499645
74,2,756.22205,397.9994,727.25256,379.35883,702.6686,357.83182,8.447617730317974
74,3,526.30743,343.8034,541.54816,364.21786,532.2988,389.09802,57.13661586332034
74,4,579.8431,777.63556,572.8612,767.4215,558.9886,762.33154,35.49675299189446
74,5,573.71216,763.3487,559.2771,752.51746,544.24255,740.66595,1.3657304198581266
74,6,616.10925,789.795,631.32715,776.0631,646.1347,759.7489,5.710039446310851
74,7,262.27026,660.0964,270.07797,680.36786,294.22086,696.9596,34.43739557826059
74,8,791.6907,617.93634,797.23413,624.01697,798.40027,628.85596,28.804901249288893
74,9,413.36566,268.19263,434.52954,276.3774,455.46722,286.44504,4.536823379883606
75,1,202.46397,555.80756,209.07812,568.5236,209.25494,588.42914,26.971859562850348
75,2,709.58075,363.90353,727.89264,378.44498,752.37164,396.20148,2.496851256096745
75,3,532.04004,386.2741,538.7916,365.3558,525.51996,346.1441,52.52516489043544
75,4,579.8901,777.16235,572.932,768.26117,559.8175,764.23236,34.90811198364778
75,5,574.44293,766.2431,559.8038,754.3567,544.9806,741.14716,2.6304641590669893
75,6,616.331,789.48346,631.3404,776.28156,645.63806,760.33673,6.7834764941807615
75,7,261.65884,660.9572,271.6037,681.9363,297.01053,698.7129,31.19976894118593
75,8,803.30334,604.49036,797.8149,623.1855,790.5049,635.1507,15.061316080899617
75,9,413.79767,268.24176,434.86572,276.39722,455.83615,286.0609,3.5800382818692964
76,2,704.2249,359.7234,728.31805,378.8791,758.41974,398.87198,4.895889975179756
76,3,544.12103,400.19638,538.32385,369.43024,527.95197,342.9616,10.72706251266282
76,4,579.95026,777.3506,572.9423,767.2982,558.50415,762.17865,35.594233280676896
76,5,575.06415,767.44324,560.8987,754.8072,545.7636,741.60394,0.6345817666220586
76,6,615.7252,789.88165,631.04987,776.5276,644.9107,759.81476,9.260006328121179
76,7,261.04575,662.445,271.91064,683.30066,297.06116,699.21356,30.160606497744148
76,8,799.5905,616.39,795.1394,624.75665,790.2657,631.73914,6.901431453442526
76,9,414.54892,268.5362,435.74194,276.22815,457.37018,285.96048,4.278602253413113
77,2,705.49805,358.3374,729.28656,378.39767,758.47015,398.3818,5.737809388383606
77,3,543.10046,396.28683,538.871,368.4143,526.5736,342.3098,16.595813578142106
77,4,580.1408,778.02057,574.85486,768.191,560.32916,763.98816,45.59335076463541
77,5,574.1656,767.2485,560.55365,755.2067,546.3038,742.1763,0.9431533322601701
77,6,613.41766,788.56116,630.5686,777.1594,645.00134,760.281,15.850782068411382
77,7,297.47888,699.57196,273.2792,684.3638,260.315,665.85077,22.85023532223391
77,8,806.2299,602.86096,796.51196,620.46295,786.76685,637.994,0.1666890263349369
77,9,415.52783,269.27216,437.56625,276.97525,459.40594,286.72757,4.796649852280361
78,1,206.83806,550.795,213.89818,564.68164,215.15686,590.0232,24.10578829544297
78,2,712.92523,364.65887,729.9208,378.73956,753.2336,395.00583,4.736523717550715
78,3,543.8131,399.92374,537.7137,369.99747,526.29584,342.6201,11.118804759245767
78,4,583.0554,779.583,577.48706,770.83185,561.45123,766.0344,40.875859497934485
78,5,575.30646,768.1745,561.843,756.4445,547.1188,743.4344,0.3990945203347715
78,6,610.63,789.22437,630.00354,777.2646,643.0221,757.59485,24.813038626682232
78,7,281.20932,686.59,274.06934,685.7683,278.4659,685.3964,168.60004776986779
78,9,417.19455,269.54507,439.04764,277.49786,460.91507,287.7356,5.0901979622363465
78,10,355.7016,783.42535,349.68127,777.85046,342.06918,774.427,18.584697199045976
79,1,208.61475,552.6966,211.93512,562.1428,211.1193,588.2754,21.15483934565148
79,2,709.69916,363.06946,731.5582,379.91995,759.089,397.38995,5.229858070131821
79,3,539.90027,366.93198,531.4918,371.9869,519.65576,372.84476,26.867726727311613
79,4,589.5948,781.2449,580.9799,772.50037,567.2536,767.45013,25.22812154788821
79,5,576.40356,768.58563,562.227,756.96063,548.5073,743.3948,5.3247260008491235
79,6,609.6345,788.1655,630.0559,777.62274,642.79114,757.3883,30.508763294927547
79,7,297.5386,700.6728,274.0523,686.3624,260.31766,670.2779,18.151612528085966
79,8,805.95917,601.5645,796.6728,618.59216,787.6339,636.19214,1.422578060218246
79,9,418.31696,269.89203,439.47443,277.8037,460.9322,287.759,4.385883613137747
80,2,765.42334,399.99817,734.64954,382.6785,708.68427,361.8366,9.382320167276648
80,3,519.7843,342.7912,535.3364,369.5324,540.47345,400.1648,20.66151847925004
80,4,589.70825,779.6375,582.9832,773.45447,571.8778,768.9949,20.71674231490626
80,5,577.9441,769.5496,563.161,757.7765,549.22437,744.0402,6.051552305813626
80,6,610.51135,787.46967,630.68066,777.5003,642.4875,757.13104,33.5993061423829
80,8,805.52167,601.25635,796.8727,618.456,787.7173,635.7898,1.1458590049350752
80,9,418.98166,270.49683,439.8501,278.12595,461.0677,288.95486,6.957083531731701
80,10,352.00528,781.653,351.63605,780.8825,351.57166,782.5264,152.15285023478324
81,1,263.48755,524.5029,253.99834,549.9939,254.27388,579.24524,20.95787197892188
81,2,719.9642,371.49878,736.60535,383.22446,759.7521,395.11475,7.980007916517815
81,3,528.5002,356.5017,535.18494,359.9082,520.19617,361.47302,147.03693036537226
81,4,580.6551,777.1599,579.9317,771.54144,574.5621,768.6922,54.71201763463003
81,5,569.4891,768.88464,564.0337,758.34717,554.97,750.86096,23.073715207738434
81,6,610.1905,784.0663,631.40814,777.89575,642.03906,757.0794,46.73104555929773
81,7,260.46518,669.47766,276.41138,686.27313,300.44678,702.2612,12.854413318226685
81,8,805.53406,600.27576,797.0757,617.4564,788.2117,635.3241,0.17582936122100767
81,9,419.9727,270.54376,442.2711,278.639,463.6609,289.324,6.590855756280529
81,10,354.32898,783.77454,353.08914,783.23157,351.32407,782.8592,11.737388336765477
82,1,264.33212,523.21545,254.63638,548.54865,255.09776,577.05884,21.870436691096522
82,2,729.7076,376.12057,737.7674,384.20026,751.75464,392.49222,14.410102274705723
82,3,543.3514,379.8399,531.9829,357.31097,511.77658,342.15524,26.352045074221895
82,4,572.44226,775.01184,577.3152,771.54395,577.50574,771.6991,74.59139507166061
82,5,577.4719,769.6449,563.3156,758.6675,549.825,746.0491,5.2950929988081805
82,6,611.22424,780.1726,632.36115,777.9999,641.84717,757.16046,59.65615193288369
82,7,260.73337,669.78595,277.53064,686.5058,301.88538,702.5957,11.416992974563986
82,8,806.54236,598.34717,797.8433,615.6548,788.4723,634.7643,0.5619739576765858
82,9,420.25284,270.7909,442.38983,278.83313,463.94916,290.06537,7.553332435336863
82,10,358.81265,789.7564,354.598,785.8938,354.51904,784.1137,44.956212917526095
83,1,264.69348,521.40344,254.73799,546.6514,255.77759,575.2093,23.60455005609575
83,2,772.0068,401.96533,740.0399,385.6536,714.01654,365.41708,10.835743109674954
83,3,541.0845,379.12637,530.73,356.0043,509.67645,341.38345,31.0978170034864
83,4,571.8047,775.5662,568.8425,770.4247,564.679,764.78217,6.475749325707769
83,5,578.5881,774.868,563.8836,763.92334,549.3225,749.8956,7.270573027239888
83,6,612.8599,777.94885,633.3674,777.896,640.57996,756.79333,70.98263590945609
83,7,303.59418,703.3251,278.7301,687.31366,261.17593,670.988,10.143499948487818
83,8,807.4421,597.12897,798.78925,613.9363,789.45465,632.4508,0.4845678561238727
83,9,421.0107,271.08105,442.3562,278.63458,463.4265,290.4084,9.708509502215637
83,10,355.18695,786.039,355.71664,785.1394,357.7377,789.66754,125.45712779554628
84,1,264.235,521.18414,254.0433,546.32275,254.73877,574.2262,23.49633371235325
84,2,773.1313,404.5654,742.5897,387.31885,715.9068,367.17148,7.602148621107963
84,3,538.5325,377.43304,528.77716,355.68347,507.23273,341.30933,32.13172354448827
84,4,579.2806,774.5847,564.1668,764.0845,549.74365,751.04114,7.334544474571644
84,5,573.8663,776.5423,568.37146,769.9843,562.5808,763.3192,1.0254566645615457
84,6,614.9738,776.1752,634.1433,776.70276,640.00354,756.428,75.45508536697636
84,7,304.2857,703.3372,279.46805,688.209,262.03305,672.37683,10.87614248368668
84,8,808.0534,594.77844,801.82837,606.17365,797.5519,617.47485,7.920006904542505
84,9,420.91925,270.87872,442.77026,278.82187,464.33582,289.694,6.777720443282736
85,1,263.00772,522.58875,253.44685,547.2999,253.86882,574.16003,22.051712926654655
85,2,773.84656,402.60648,742.4051,386.74994,717.0389,368.8071,8.511008491458252
85,3,539.5659,382.55063,528.6311,356.78,508.42728,340.1212,27.50099358164165
85,4,579.9446,775.1064,564.6105,765.119,549.74896,750.67584,11.10524913626638
85,5,571.95844,775.8732,579.5411,774.7529,587.96765,775.21906,11.570539293343524
85,6,617.2422,774.26227,635.0075,775.9843,640.0559,756.47894,81.02562923547133
85,7,306.41425,704.7808,281.51987,689.40625,263.33838,674.07043,8.447989673164976
85,8,807.3727,588.1668,802.5568,598.23035,795.25104,601.25757,41.919651167561
85,9,421.5509,271.1829,443.50037,278.99988,464.6663,289.67316,7.157659032749937
86,1,262.93338,522.89044,252.49095,546.9897,253.09608,574.72064,24.677613133509894
86,2,773.5546,402.96576,742.10846,387.02084,716.73004,369.32358,8.001969883395143
86,3,538.4535,376.26764,526.58734,353.33087,505.62875,338.8908,28.07949561375642
86,4,579.57935,773.38696,563.8515,763.8534,548.77234,750.6054,10.078780533835953
86,5,577.23035,782.0963,579.0977,776.1908,579.08295,771.76904,17.73875026514326
86,6,619.8965,770.53125,635.5685,775.98376,638.4732,756.46967,100.71706648509412
86,7,307.5851,704.2792,283.0375,689.8151,264.25793,675.5637,6.686390115254907
86,8,810.73315,584.25977,806.9361,599.20404,801.0574,606.9836,22.820949619820095
86,9,422.7207,271.5711,444.24442,279.39072,465.26147,289.85376,6.499566600901995
87,1,263.20163,518.9448,253.00584,543.75146,252.83511,573.2906,22.012028806909818
87,2,733.7468,381.51236,742.8143,388.55402,757.77344,396.27524,10.531753700429997
87,3,537.9414,381.98917,529.7985,356.23285,507.869,338.0409,32.77771681479456
87,4,578.1957,773.22546,563.4975,763.26105,548.01733,750.70593,4.908837742120826
87,5,579.73047,790.32715,575.031,778.2858,560.52795,769.199,36.61128920857423
87,6,633.61914,762.4125,635.843,774.75,626.4274,762.60864,152.42453533580297
87,7,265.98877,677.1082,284.4151,690.8902,308.57935,705.113,6.3141334449800395
87,8,810.935,582.12604,808.3054,594.0993,803.5152,602.12146,18.455754638469237
87,9,423.84506,271.8131,445.4678,279.81946,467.03653,288.2967,1.1383201282086812
88,1,262.70685,520.7168,252.8221,545.9177,253.74698,574.00464,23.303007208119325
88,2,717.75397,370.05154,743.3028,386.77615,773.20404,403.30402,4.277732442541228
88,3,524.0013,354.56268,531.221,360.22137,526.6911,377.41553,66.67084627334167
88,4,578.43353,773.1004,564.1348,762.91534,549.02985,750.41437,4.148787252537611
88,5,579.1776,789.51013,574.8005,779.15454,559.2228,770.36945,37.66605600245065
88,6,633.774,763.2899,636.4539,774.91705,627.1865,762.224,156.8456404803717
88,7,266.61395,677.7811,285.128,691.84766,309.14716,706.40063,6.0154225776355545
88,8,811.39215,585.0017,806.5846,596.96716,802.075,604.15625,10.209701641455268
88,9,424.89407,272.49673,447.43378,280.13602,469.78677,287.81976,0.24628834802245791
88,10,361.205,788.8334,340.51736,772.3542,323.1548,756.61096,3.6597135300497685
89,1,203.55275,550.5435,207.6922,564.52423,210.77321,584.7153,7.817105731865142
89,2,718.23505,368.51303,744.1145,386.6247,774.98944,405.94086,2.9548583100751977
89,3,536.99347,385.1569,533.09576,363.15515,515.7291,349.91705,42.636772145261666
89,4,580.3793,773.8726,565.91925,763.3828,549.80707,750.73047,2.182833427123514
89,5,588.36066,791.45593,584.9075,781.6136,581.6739,774.1146,3.9924311398137915
89,6,627.2176,772.64825,637.274,774.83386,633.1007,758.6582,116.72838752723085
89,7,267.24374,678.496,286.93658,692.77716,311.09387,708.175,3.4362126897023324
89,8,809.91705,590.8191,802.7631,602.86206,796.84827,614.63336,4.033131759425022
89,9,426.45624,273.48276,449.39896,280.10016,473.0767,288.28116,2.97170390404225
89,10,361.32376,787.87213,340.10974,771.61816,322.51782,757.2712,1.7397884808820558
90,1,203.3227,555.0634,208.08047,564.343,211.048,583.377,18.28340970849929
90,2,719.2678,370.01447,746.27966,388.0149,777.30914,407.87366,1.0598022126453912
90,3,537.2643,378.26938,536.32306,373.5582,536.505,373.77615,151.44362039852408
90,4,581.5458,773.9969,567.6762,762.8936,551.0243,750.5977,2.2364216486370614
90,5,592.7339,786.8541,595.9556,781.9923,593.87,776.01965,52.77995748233268
90,6,639.9406,761.41644,638.03,772.3748,631.6138,760.1874,142.3447149664658
90,7,268.1784,678.7429,288.1229,693.08264,312.27536,709.6146,1.324707995051895
90,8,809.24854,589.84595,800.7751,607.95715,792.5253,626.5506,1.146200503144137
90,9,427.49362,273.43835,449.76724,280.70874,471.74936,288.21683,0.7808448851888667
90,10,361.7339,788.0519,340.02814,772.0384,322.82553,758.3081,2.1769076764006408
91,1,203.06915,563.74023,207.47293,566.8423,207.00168,579.3837,56.990787490024815
91,2,777.0526,405.362,746.904,388.88892,720.4542,373.0067,2.3313735291839386
91,3,509.7922,332.1307,531.0828,354.12488,545.6394,385.876,19.43929101360497
91,4,582.2937,774.3355,568.498,763.05084,552.205,750.36255,1.372448307872538
91,5,591.59283,777.3836,597.71014,779.03357,596.8141,771.39886,111.78861334743583
91,6,643.7839,762.27325,638.7159,770.61487,632.8161,757.5438,124.4263590574686
91,7,269.12564,678.94696,289.02304,693.0838,313.18774,709.6732,0.9230210236238445
91,8,795.6766,624.8618,798.0313,615.2662,799.1246,610.2346,1.5289272644008647
91,9,427.89536,273.7123,449.7583,280.6614,471.0748,287.84793,0.9981880681648653
91,10,360.44492,785.9562,339.72055,773.2309,321.66495,757.9593,8.673939627511269
92,2,722.38293,373.43573,748.5153,389.61057,778.0283,407.7716,0.1480375253231069
92,3,508.6128,331.63052,531.15094,354.11197,545.9638,386.6363,20.585756282756126
92,4,582.5419,775.44666,569.29504,763.53015,552.9055,750.9741,4.5180035144812685
92,5,595.50085,770.2978,595.2006,778.8168,592.4033,782.2085,37.49546895028564
92,6,637.5547,762.3921,641.3932,768.6561,647.0399,760.51355,113.7601108223505
92,8,796.89526,621.20276,797.9479,614.4409,797.1858,615.2396,145.19227762525475
92,9,428.63803,273.60208,451.09454,280.4378,473.5371,288.04468,1.793950962045728
92,10,358.36642,786.6189,359.6757,789.0532,362.4858,790.45624,35.1953991139638
93,2,722.87744,373.32578,749.86584,391.07718,780.2346,410.01672,1.384514916212673
93,3,542.8216,369.31888,529.1406,348.80475,507.80576,332.53943,18.97925499506564
93,4,582.7859,774.97675,570.50146,763.8387,553.95135,752.89246,8.717422779117332
93,5,599.2986,762.19305,592.9761,777.9173,589.9777,786.46875,2.582477203310715
93,6,636.8431,769.3834,641.584,766.8552,648.3083,759.2367,20.497763250282993
93,7,272.23187,680.7996,292.86255,694.95,318.02026,709.9171,3.6961812606575863
93,8,795.3058,623.7813,798.11584,614.63763,799.09796,611.4456,0.027976455118293345
93,9,429.08087,273.6174,450.9194,280.4422,474.08078,287.9079,0.511672627248496
93,10,362.11115,787.0929,341.14105,773.3882,324.19998,758.5977,7.956628924357673
94,1,204.77968,568.6874,207.86647,570.86975,203.78241,572.9183,118.10167607318074
94,2,726.4591,377.2855,751.9456,392.38248,779.59717,409.9033,1.7189666305325302
94,3,541.5441,368.3269,527.62256,349.03766,510.64362,332.22992,9.47129038677632
94,4,582.6882,774.54395,570.3674,763.20355,554.13135,752.93854,10.324682137280474
94,5,597.5549,761.5875,591.27045,776.16125,590.8708,785.81525,20.95587638398956
94,6,637.54956,768.8191,641.2677,766.6171,648.33496,759.7065,13.723101757209886
94,7,274.06897,682.04614,294.7477,696.1677,320.346,710.6305,4.863289553815558
94,8,791.71643,631.6194,798.01465,615.3334,801.84424,603.14795,3.6959163747083523
94,9,429.43582,273.68658,451.65985,280.44965,474.8322,287.82227,0.7241573985035723
94,10,361.0481,786.67554,341.4139,773.28015,323.26566,757.7468,6.256925769868935
95,1,204.4459,568.56854,207.39372,570.9664,204.4661,575.2254,85.37856383891614
95,2,726.85175,377.1466,754.64667,393.3565,783.84204,411.6718,1.8509719568847585
95,3,542.0575,369.7578,527.07245,350.09436,509.89252,331.27972,5.08954356884871
95,4,582.6905,775.0305,570.5478,762.88715,553.0555,753.7894,17.522736865410515
95,5,587.7655,772.1704,593.6685,778.6527,596.5923,786.7251,22.412055159339154
95,6,636.76404,764.77673,639.1087,767.7623,647.4746,759.1104,97.819388980006
95,7,275.57407,683.11804,296.1018,696.80396,321.3006,710.9148,4.443559626004548
95,8,791.8381,631.44556,797.9588,616.02264,801.3985,603.5423,6.237405150462806
95,9,429.95056,274.30115,452.4063,280.57916,474.91153,287.9464,2.5066310795269917
95,10,357.32547,785.5655,341.831,772.4644,324.34717,759.5733,3.8136699935790013
96,1,206.81438,557.7445,207.69202,551.3306,201.807,552.6234,110.18126811424389
96,2,769.77997,398.98553,755.10736,394.54584,745.8637,389.52338,11.682128686391305
96,3,507.18335,333.50775,528.4829,354.5874,543.5894,384.7919,18.725817898540512
96,4,584.2598,775.91064,571.12415,763.4253,552.4075,754.28186,17.50963135201583
96,5,587.8906,771.7507,594.36884,779.99036,595.22943,788.27606,32.24538114514578
96,6,626.9592,758.3826,632.7642,768.4469,646.5456,760.05096,91.37473852845598
96,7,321.19916,710.525,296.94193,696.9396,277.16513,683.7897,4.369284403788057
96,8,798.10126,609.61426,800.7125,606.9708,804.93,602.0842,3.8529019004633698
96,9,430.39847,274.11533,452.7439,280.6861,475.73953,287.8113,0.8296872123452815
96,10,357.52713,784.8993,342.1405,772.4064,324.89075,760.0982,3.56551559990819
97,1,204.04675,547.1664,206.19507,547.8085,204.73643,560.5146,79.9083726313197
97,2,775.9144,401.92136,755.7747,395.2277,740.63434,386.0326,12.886410659247273
97,3,507.13757,330.84198,528.43,354.1095,543.82947,385.42514,16.276386373919646
97,4,584.48566,775.94806,571.07043,764.23175,552.5097,754.0974,12.497648648520194
97,5,585.699,756.6403,593.2404,773.25757,588.53516,779.2462,62.566682004364345
97,6,619.9421,766.5231,628.33844,770.6836,640.77203,759.7502,67.68570138934217
97,7,277.90012,685.25464,297.7562,697.57336,321.8711,710.7555,3.1528737974081293
97,8,811.38715,584.5469,805.56177,593.1526,798.5738,598.71796,17.37062738189539
97,9,431.6079,274.4237,454.26556,280.77426,476.8262,287.71524,1.4434714252920546
97,10,358.79758,785.74817,343.66678,772.89044,325.31854,761.2604,7.988293688858138
98,1,205.79138,547.2279,206.92477,547.7025,205.31232,558.41724,75.83665984872762
98,2,783.7654,407.88007,755.11426,395.2115,730.5185,380.01764,7.851930008310348
98,3,507.18155,326.33615,527.27484,351.8672,543.5883,384.18793,11.421494995432749
98,4,582.8155,774.1345,569.5955,764.7109,551.9438,755.68353,8.396717427731781
98,5,566.67224,755.23773,584.86646,770.82135,594.5599,778.58203,1.8995007906428956
98,6,606.96893,751.11096,622.5841,762.87067,639.9651,762.39606,38.54734723250784
98,7,278.41077,685.8007,297.5899,698.51624,321.75888,711.30316,5.662127915665792
98,8,812.69257,564.4531,807.9018,580.9597,804.81384,584.0385,28.900540366122684
98,9,432.6189,274.58698,455.54886,280.75043,477.38748,287.51617,2.1680789702028136
98,10,359.40503,786.4022,344.64038,773.40063,326.19547,761.52716,8.59630804229928
99,2,745.113,388.35004,754.6352,394.358,769.1247,398.8555,15.005332821901881
99,3,505.56442,324.7089,525.92444,350.3317,543.69415,383.75943,10.476341886351817
99,4,592.19885,779.2912,572.5413,767.4505,551.6132,755.37494,1.0777450410612086
99,5,561.5285,751.56665,582.0161,768.7365,593.9882,778.5554,0.608128875169976
99,6,605.9695,749.7293,621.7368,761.2,638.0559,763.0402,29.602089630583126
99,8,805.81354,553.59705,807.0677,562.0161,805.416,561.157,125.95434671657326
99,9,433.39536,275.01328,456.35165,280.83817,478.48898,287.48917,2.484907165180574
99,10,360.37634,786.2392,345.27158,773.2191,327.3645,761.33954,7.20042616785019
100,1,204.81096,559.8898,207.65305,569.1552,208.40005,581.9549,13.71281943493593
100,2,785.2414,407.67786,754.8679,394.7016,730.1815,378.14954,10.70825804581649
100,3,505.2561,323.91235,524.73193,349.1896,542.9484,382.93076,9.249707505246798
100,4,591.69684,776.3951,572.66437,766.7942,552.6063,755.0623,3.5546260128663176
100,5,593.0075,779.2484,580.4576,768.9999,558.44604,752.6187,2.5789124175534224
100,6,631.38983,766.55035,619.58276,759.83685,603.63696,749.2182,4.037984431091829
100,7,278.12704,686.17285,298.67157,698.5941,323.8582,711.6736,3.7144128358303
100,8,806.3559,554.26953,806.96967,563.24603,805.51654,567.5725,22.477067216182135
100,9,435.0179,275.655,458.34384,281.4962,481.4277,288.41098,2.6169608723124287
100,10,362.25882,787.34576,347.40564,774.5459,329.58356,762.9131,7.620145976975861
101,2,730.3917,378.94684,755.38214,393.1133,785.3034,407.6931,3.569192946480546
101,3,503.82855,325.56204,525.26294,349.1347,542.9457,382.73386,14.522761852100453
101,4,591.96515,777.66174,573.29596,766.71606,552.62006,755.3737,1.6348238730205034
101,5,592.2195,780.2348,586.26746,765.76416,572.49677,749.5594,17.99939881298942
101,6,629.5318,769.0757,618.35455,759.77783,602.2494,748.7511,5.357195709956575
101,7,278.8623,685.9453,300.3516,698.95734,325.5687,712.708,2.592160717169818
101,8,807.08453,556.24225,806.8151,563.788,805.408,567.1281,20.79982973113467
101,9,436.57474,275.54196,459.25546,281.73773,481.29596,288.10718,0.840000288222701
101,10,364.54675,789.1948,348.93472,775.70593,330.76184,764.0664,8.188106096796087
102,2,730.45026,378.6798,756.255,394.03946,787.8582,407.5501,7.615122318720151
102,3,502.89114,325.99567,524.938,349.261,542.91473,383.0832,15.46870174632476
102,4,591.29346,778.48376,573.45886,767.15234,553.0753,755.411,2.487583845940313
102,5,595.8103,779.81036,590.7616,765.08606,581.402,749.4947,12.050741319944729
102,6,604.0276,752.89954,618.05505,760.45276,624.46643,753.0609,77.3636688096798
102,7,327.94485,713.74634,302.12393,699.1811,279.67993,686.56915,0.09487278508118449
102,8,809.1447,564.2508,807.2409,565.96185,806.25183,570.25476,35.07780208398473
102,9,437.88544,276.29352,459.9524,282.53488,481.0933,289.3164,1.9923304186470057
103,1,214.98253,568.47815,214.73195,567.2938,218.09119,579.9285,177.05748983640154
103,2,729.8892,377.80817,756.00446,394.39417,789.4265,407.0552,11.672139698822573
103,3,506.1379,327.23492,526.13336,350.33887,540.1385,377.48508,13.584925818854211
103,4,591.9169,781.3938,573.85925,767.3365,552.7269,756.3014,10.326530277476333
103,5,596.5112,776.6891,596.47266,762.5538,588.66754,748.2751,28.505864896845225
103,6,606.6324,754.9972,618.2844,762.52997,623.9496,749.10706,99.99949115696026
103,7,328.4883,713.90173,302.99063,699.92914,280.7292,687.7695,0.08156468806857739
103,8,805.3959,562.59045,805.171,563.6319,804.9308,561.27234,162.00309906933322
103,9,438.50055,276.76947,460.70737,282.62,482.61002,290.16953,4.258827670435286
104,1,256.1686,565.65216,254.67413,540.49316,261.75568,533.2849,47.89141168745291
104,2,731.3329,378.07288,757.6926,395.23004,792.2386,408.34048,12.277386118383895
104,4,590.3136,779.69543,574.17554,767.2244,554.3315,755.8914,7.964963505881578
104,5,599.8553,781.44415,595.8934,763.763,582.7837,744.1506,21.130297692845
104,6,621.54694,767.6222,617.1455,759.6645,599.645,742.53595,16.66827378550183
104,7,329.55142,714.38043,303.9455,700.88043,281.4816,689.0903,0.10653118153060223
104,8,804.7249,561.9404,803.85504,562.83124,803.9705,559.758,137.83313487387036
104,9,438.91125,276.50714,461.34525,282.71515,483.38055,289.56705,1.8052607047863614
104,10,368.4572,791.5402,368.20886,788.7028,369.81558,793.9516,167.98219807019998
105,1,271.7663,517.32275,256.6025,532.307,256.345,560.0319,44.80905525839638
105,2,733.0323,378.42935,760.1174,396.44022,794.4587,412.023,9.216098903258464
105,3,540.7138,375.44504,526.25824,352.25732,507.43958,334.69144,15.031980552901533
105,4,590.083,781.4972,574.70013,767.68964,554.7334,756.40436,12.435602294518143
105,5,593.5765,775.0665,592.8203,764.1372,583.7928,749.15625,27.115368072700523
105,6,604.49774,753.6264,618.95087,758.5492,626.54193,758.53656,18.904410943688287
105,7,330.25488,715.8063,305.1888,701.6662,282.754,689.9069,1.7663571705644483
105,8,811.94507,574.7114,803.4764,592.6535,796.0805,612.2172,4.558746348475469
105,9,439.79578,276.38962,461.80844,282.7212,483.66364,289.7171,1.7030683456790117
106,1,271.07278,516.35846,253.81136,531.3776,254.65147,562.66235,50.51172616104644
106,2,735.07666,380.3761,761.97644,397.6402,795.6418,412.1822,9.329802657956101
106,3,532.664,372.6973,527.8017,355.6525,518.9569,359.69464,98.63915488214003
106,4,590.00525,778.9861,574.23773,767.30273,554.93427,756.6125,7.559928587757083
106,5,591.90643,774.08435,592.77026,763.4191,589.24225,750.26965,19.649340327124083
106,6,601.6618,758.2391,617.9334,759.2498,628.91156,754.3118,27.772763501646818
106,7,331.15448,717.1759,307.08188,702.8097,284.47958,692.00806,5.285054930919376
106,8,812.1602,574.60144,803.61444,592.40454,796.354,612.05304,5.361692930935126
106,9,440.06018,276.34152,462.11932,282.61554,483.7032,289.97794,2.9581027457491333
107,1,267.4276,513.7997,251.99907,529.4755,248.20834,553.6232,35.62294437733062
107,2,736.4649,381.70218,763.6206,398.11365,796.82135,413.53027,6.238945155901375
107,3,528.46967,374.76523,534.0304,365.56546,538.61914,387.26813,136.910845900915
107,4,588.98505,778.5782,574.7027,767.4249,554.2965,757.1374,11.232297230451476
107,5,586.895,764.7279,592.0058,765.6433,591.3021,762.31213,112.08247193990357
107,6,598.9506,744.8206,614.6986,761.59534,638.22797,764.0797,40.7809016517009
107,7,332.08902,717.5257,308.3954,703.7538,285.64572,693.6738,6.270041389150879
107,8,812.3188,573.3912,803.95807,591.51764,796.2944,611.16736,3.4546809063413226
107,9,440.48904,276.38904,462.55972,282.7758,484.26672,289.58133,1.267948930658987
107,10,367.32053,786.67346,370.49243,790.53394,377.31668,795.4891,14.608543487292119
108,1,273.29504,516.94806,254.96152,533.57336,254.46204,562.6559,46.81352669106486
108,2,745.153,385.74503,766.56354,399.21182,793.21954,413.6339,3.7536894829001084
108,3,534.02563,381.8004,533.4785,363.1162,534.1067,376.89807,179.06748784177427
108,4,591.25543,780.95264,575.41736,769.3615,555.01904,756.4385,3.842927598436234
108,5,581.6904,758.1102,593.9523,762.80743,599.90027,765.7069,5.027261595147442
108,6,597.2075,742.74274,613.7609,759.27435,637.84454,763.21844,35.66168864806135
108,7,332.39297,718.0937,309.58603,704.4062,287.2356,695.095,8.353293520946403
108,8,811.31287,573.6526,803.81506,592.429,796.2304,611.8538,0.4387946208856731
108,9,441.1483,276.69443,462.9435,282.85495,484.89597,289.60275,1.3034126747640826
108,10,369.9836,787.8773,372.8903,791.3695,377.86826,795.8495,8.242120468614408
109,1,271.86362,517.29126,254.77333,534.38605,254.45761,562.84534,44.3568518357106
109,2,798.642,416.2016,767.7711,400.85544,739.6042,383.56335,5.114160256467058
109,3,527.0761,361.73523,533.467,363.5519,539.4011,389.20288,61.10580605689302
109,4,592.8352,782.9439,575.334,768.69025,554.6004,756.2518,8.200349995244556
109,5,588.9023,766.172,593.3851,763.0923,595.11237,760.37854,23.03391267907356
109,6,596.6984,741.96606,613.9896,757.39166,637.75195,762.40137,29.831302843785647
109,7,333.9114,718.7502,310.8034,704.764,288.3632,695.64417,9.067503792515433
109,8,811.7222,572.41046,804.10187,591.05536,795.35956,610.7892,1.6634227677396358
109,9,441.82397,276.9708,463.80048,283.06396,486.66147,288.28116,2.6410096025280136
109,10,380.97308,787.3251,358.68045,776.3481,345.755,767.4505,8.326805836859334
110,1,273.17352,516.6558,255.33743,533.7227,254.6291,562.2565,44.84045739232882
110,2,798.2336,415.56027,767.47424,401.0847,740.42413,384.3831,6.490448945517675
110,3,495.62405,340.7201,524.1896,352.752,539.3727,383.48425,40.86752487285153
110,4,591.16766,781.2089,575.17847,768.36914,555.1683,756.9855,9.130195901039603
110,5,606.9221,779.4829,596.3635,760.51935,585.1863,747.4645,11.460955038277962
110,6,622.2804,764.51184,611.44904,755.0061,595.309,740.0842,1.4834532162780092
110,7,335.37814,719.13214,312.41446,705.1991,289.54483,695.27,7.778418221115236
110,8,811.6688,571.2417,804.34265,589.38336,794.78,608.64276,4.414859985438388
110,9,443.08105,277.69067,465.29034,283.28897,488.86096,288.26065,2.237034169051363
111,1,272.55466,517.03076,255.3032,534.273,254.89014,562.2436,44.169199806343805
111,2,746.1476,388.95325,767.1054,401.4614,793.0042,413.03162,6.757231084869683
111,3,492.89645,339.47345,523.3647,351.82288,539.0427,382.73965,41.0464561177466
111,4,554.48474,756.60565,575.1653,768.61,590.8264,781.07996,8.39440181378655
111,5,608.3091,779.2426,597.5847,759.6887,584.3784,745.9439,15.112696232438406
111,6,621.8762,763.59784,611.187,754.90454,595.1651,739.8054,4.180857020145141
111,7,335.89862,719.7287,312.71744,705.2387,289.5457,695.51294,9.239482381907605
111,8,812.14325,569.7389,804.8429,587.2072,795.7996,606.12085,2.873034753829033
111,9,443.84213,278.2303,466.03928,283.48123,489.78412,288.31982,1.7915493705066106
112,1,270.06604,518.676,254.80864,534.6695,254.82686,561.2603,43.68998422260719
112,2,741.2999,384.59473,766.9107,400.83994,798.6505,416.54214,6.065110315679237
112,3,493.62488,338.5696,523.0427,351.68787,539.84717,381.19037,36.30097414464763
112,4,592.3819,784.0742,576.52716,769.2116,555.369,757.3073,13.786457848649313
112,5,610.9438,778.3138,595.5257,758.35144,575.7361,743.62,15.65488655162196
112,6,619.6135,763.6412,608.8607,753.9489,591.65533,739.3414,1.699041742345901
112,7,337.0019,720.5281,313.42142,706.1562,290.27518,695.97424,7.617106413180929
112,8,812.49457,568.65594,805.0879,586.586,796.71246,605.0339,1.9734790194689322
112,9,444.67636,278.59848,466.18533,283.00797,489.55798,288.00244,0.47724394835903455
113,1,271.78955,516.4125,255.2873,534.245,255.06232,561.71655,42.31203819717689
113,2,741.5659,384.1297,767.9451,400.5366,799.35876,417.06177,4.133369975802291
113,3,493.71097,336.87958,522.8031,350.5415,539.9272,379.2084,33.99297870625234
113,4,591.8362,783.7805,576.165,769.1758,555.17206,757.8317,14.596907679469753
113,5,608.8817,778.4217,595.1065,759.36505,578.28577,745.2813,14.199596757877444
113,6,616.53204,762.9117,608.28064,752.7335,590.82086,739.99176,14.847264062297153
113,7,339.51962,720.6111,315.31638,707.2401,291.98834,696.66266,4.527661151343833
113,8,813.14886,568.1311,805.5223,585.729,797.73755,602.83405,1.0398581144649455
113,9,446.7557,278.20895,468.33945,283.57147,491.18054,287.44492,4.327983562540674
114,1,272.07413,515.6518,255.38803,533.3044,255.05635,560.3443,42.68501077324174
114,2,741.65375,384.5301,768.41327,400.82275,799.6592,417.47412,3.281575033579663
114,3,492.81708,336.42188,522.322,349.6309,539.8201,378.07993,34.28813545426242
114,4,588.4197,781.99005,575.69183,769.7093,558.12317,758.0122,10.320451141140648
114,5,605.8197,777.1892,595.7173,758.9925,579.5831,746.1115,22.35920186253057
114,6,618.7153,762.4376,607.70984,752.9937,591.25665,738.16583,1.3924075534943585
114,7,341.44934,721.34406,316.04437,707.5659,292.1209,697.6948,6.051195959916259
114,8,813.4347,567.45026,806.0285,585.141,799.10767,601.1871,0.6148487993810771
114,9,447.4781,278.77158,469.15976,283.55518,492.05734,287.57425,2.4864033123515132
115,1,273.0998,514.7548,255.70387,532.73114,255.52238,560.3366,43.68327975420673
115,2,742.6207,385.49448,770.8192,403.17307,801.3839,422.3869,0.06852804325551864
115,3,491.953,335.42212,522.9028,348.37808,540.60144,376.89093,35.45623334677196
115,4,587.56244,780.2468,574.25903,769.3739,557.5782,759.92017,9.717193465838868
115,5,604.8267,773.77655,595.17944,761.66583,583.3936,753.01074,15.167287362626578
115,6,618.2806,762.0977,605.8997,749.429,590.2883,736.1636,5.302932448339704
115,7,341.73724,721.5604,316.71014,708.25854,293.23642,697.9999,4.383962929413747
115,8,813.9702,567.49963,805.5862,586.3919,796.9804,605.30646,0.5337586698693221
115,9,448.3913,279.19543,470.62524,284.00507,493.24545,286.90366,4.903886452187954
115,10,378.91513,795.04663,356.29456,781.2264,338.2689,768.9522,2.828885390451818
116,1,273.7068,513.89014,255.66095,532.2638,255.60559,560.22095,44.370825540129225
116,2,743.8754,386.56,772.9082,404.67218,802.6247,425.51263,3.0841340922544216
116,3,491.7275,334.47208,522.5127,348.03525,541.12616,376.40128,32.950489173026185
116,4,565.9193,765.76013,573.69714,770.0691,576.5094,777.33154,39.84530411536257
116,5,588.0256,764.14233,593.3639,761.1373,593.7986,761.84534,87.82720439274286
116,6,619.3493,760.8957,605.34955,748.4385,589.20685,736.1629,4.412374860031487
116,7,343.09204,722.225,317.6831,708.42584,293.7873,698.1803,5.297867711210134
116,8,798.25006,601.577,802.5502,592.7128,807.6849,581.0486,2.1189563065010186
116,9,448.82257,279.57254,471.31418,283.5316,493.6321,286.32016,2.8609495666780016
117,1,272.3546,515.92957,255.64502,532.17664,256.1541,560.8947,46.81964341750553
117,2,745.0043,387.464,773.5946,404.6336,803.17596,426.8851,5.964500944637872
117,3,490.8498,334.66605,520.16394,347.59793,540.3861,374.76428,29.532042543362465
117,4,590.63715,783.63257,573.9324,770.16254,553.3246,760.046,12.734513323168345
117,5,597.7755,772.5726,589.8942,762.2964,573.7005,751.6152,19.105269949683514
117,6,617.73083,760.701,604.1835,750.0174,587.9619,736.40173,1.7489879585865602
117,7,344.42453,722.6531,319.04196,708.95825,295.02686,698.56903,4.954600892278407
117,8,795.03577,597.67957,799.9882,594.5685,806.21106,583.99426,27.386895402844193
117,9,449.37585,279.33704,472.36298,283.12277,494.45874,287.28952,1.3270694357268302
118,1,269.39554,521.19684,255.27342,534.21515,256.619,559.5384,50.37052806084111
118,2,745.7672,388.72556,774.6924,406.22195,804.5939,428.74725,5.822246176803609
118,3,490.0807,334.81027,519.1908,349.16888,541.7497,374.69534,22.276591029820263
118,4,584.99554,777.5219,574.8135,768.6829,562.5087,763.2669,17.204011872344754
118,5,611.2034,768.12085,599.22577,755.4592,581.8467,736.8305,0.3966354943421774
118,6,621.10077,762.2338,605.53973,754.75793,589.36316,738.58105,19.33981798293787
118,7,344.36176,722.4795,319.63565,709.15936,296.16772,699.4408,5.816149576541595
118,8,803.81744,592.45135,805.29834,586.68005,807.6603,582.59424,15.640046993693687
118,9,450.40955,279.18405,472.87265,283.192,494.44205,287.6929,1.6704667245455138
118,10,361.48065,784.8808,361.18683,785.1469,362.40347,788.83716,66.08009224781766
119,1,206.83064,550.37476,207.60686,548.59344,204.16774,554.637,173.9032318045547
119,2,746.5183,389.43753,775.9258,407.2922,805.1015,431.45016,8.361352748043258
119,3,488.08545,335.85815,516.9971,349.64136,540.4073,375.01367,21.814472404939192
119,5,554.57104,758.71027,575.756,767.88214,594.4756,782.24005,14.078287229565714
119,6,593.2898,747.6345,606.67255,758.0158,628.308,760.2241,31.973535878848317
119,7,345.66315,723.0494,321.38007,709.4526,298.40793,699.57367,5.976156733876415
119,8,803.2508,590.89404,805.52814,583.717,810.80725,578.61664,28.382073739013112
119,9,451.0889,279.2678,473.63376,283.7952,495.6295,287.61017,1.5155574307682123
120,1,206.17145,559.2018,207.30367,551.6859,202.47757,548.466,64.85610966989778
120,2,746.8499,390.2359,775.77606,407.40472,804.5678,430.40384,7.927315042100076
120,3,486.3457,336.1678,515.4948,349.74576,539.50073,375.59164,22.13711437686911
120,4,554.76544,758.56903,576.5954,768.49066,596.3017,780.9191,7.797395665155965
120,5,506.19843,800.4023,517.1644,787.9365,532.35315,775.7628,9.950147478980297
120,6,601.7806,763.8301,607.74774,766.66266,612.0639,768.6413,0.7654059109030557
120,7,346.32312,722.7559,322.22134,709.9151,300.17722,700.0795,4.002278076015595
120,8,813.8361,573.3906,807.6959,578.4263,804.8593,585.0022,27.310885904709494
120,9,452.43588,279.8386,474.98373,283.98895,496.49048,288.9021,2.4384729100981275
121,1,208.54929,566.07294,209.81737,554.9713,208.23402,554.35425,75.22435251914085
121,2,746.9651,390.90607,775.21234,407.6944,803.79407,429.32275,6.3910180577448585
121,3,485.91843,336.30676,515.3604,349.72415,539.146,375.92432,23.265693789871357
121,4,618.62836,762.6697,603.43396,752.44086,586.2997,740.24634,1.4912159997837242
121,6,607.0286,762.102,610.8299,764.8871,612.1395,770.0816,39.62030706328559
121,7,347.75323,723.1592,323.37506,709.4447,301.06573,700.35034,7.182639588836354
121,8,798.0077,596.18604,807.88855,577.62366,819.6062,558.7116,3.755306244751626
121,9,452.9094,280.19064,475.8206,284.16656,497.40427,287.74118,0.4401303828046228
122,1,208.52118,567.8415,209.08298,554.58344,206.36836,545.55206,19.155924928666742
122,2,747.95807,391.60034,776.015,408.34604,804.5449,430.04663,6.426874927309614
122,3,484.57782,336.2673,515.1152,348.47833,538.0222,375.69922,28.123482552826612
122,4,620.40826,760.5437,622.7177,761.24225,625.0278,762.97406,20.029086915289383
122,6,616.868,757.3072,615.04486,759.1511,617.09125,756.6901,175.06961828681688
122,7,349.63086,723.87885,325.3251,710.36523,302.2516,700.6039,6.1423865869767145
122,8,797.9358,596.0419,808.157,577.26697,820.18945,557.58185,2.871058176570683
122,9,453.69302,280.57434,477.08456,283.72546,500.01,288.5798,4.283223025269095
123,1,206.11551,558.55817,207.10979,546.9752,203.58705,544.033,55.037495302922146
123,2,749.7306,392.39172,777.7819,410.04523,805.7756,432.66266,6.753050278390406
123,3,480.9452,335.7902,513.9485,347.3034,537.9148,375.1816,30.083695522241474
123,4,623.23285,759.621,621.2786,760.9774,619.7414,762.63885,12.458830123104187
123,6,621.3545,756.07715,614.34125,758.0005,608.05035,756.37427,29.829867979471498
123,7,350.18646,723.8003,325.61914,710.69543,302.6922,700.7016,4.5242854832683745
124,1,204.05919,545.44305,207.8667,539.3818,205.20294,538.219,98.55359754747475
124,2,751.0924,392.7919,778.26855,410.7822,805.4223,431.834,4.281668073672369
124,3,481.3197,334.53702,513.6855,346.5696,537.6915,374.65817,29.087402119956938
124,4,620.8662,757.61237,616.552,761.8175,614.8571,763.054,8.153697142156465
124,5,504.22308,790.2569,500.51648,792.38586,494.00085,791.77203,35.25372628917949
124,6,624.73804,760.2274,607.6751,755.9079,591.88135,748.5779,10.69032302046482
124,7,351.50223,724.0123,326.80496,711.32513,304.2199,700.4418,1.4612570964609288
124,8,798.5178,594.531,808.1019,576.1462,820.4328,558.61523,7.588402943151107
124,9,456.9882,282.2159,477.86948,286.67355,496.78625,299.19748,21.45634449079281
124,10,381.69592,797.1581,364.61826,785.2241,345.73166,775.61957,7.990971829869737
125,1,204.6826,541.9684,205.02863,529.8052,206.62294,525.8882,20.518029429627067
125,2,752.05414,394.06836,778.50494,411.9005,805.5676,432.1817,2.8620441091960056
125,3,481.2708,332.73825,512.59125,346.08997,537.71765,374.17105,25.090187193346697
125,4,619.64655,758.5554,612.8585,762.24567,610.5216,760.26025,68.88110945282017
125,5,507.40704,794.6236,506.32727,786.6908,501.06793,779.9765,30.320582256660547
125,6,583.57996,744.2041,602.0251,752.3986,615.069,759.462,4.482006667289854
125,7,353.0372,724.2305,327.66287,711.7423,304.71222,700.82916,0.7735434682758681
125,8,811.5292,574.9039,808.4416,575.9444,807.3962,580.5905,58.695221138454045
125,9,458.52158,282.16635,479.65805,286.75375,497.97247,299.28128,22.127705261629742
125,10,391.57822,795.8026,374.10614,788.8826,361.22675,786.6451,11.750844608336102
126,1,206.8796,534.7258,205.3077,529.1308,205.23921,529.2308,129.89709753565995
126,2,752.4476,394.7544,777.91187,413.0888,805.75616,433.0587,0.1083523598284494
126,3,480.09888,332.19055,511.49588,345.57803,536.2009,373.06314,24.95605686468488
126,4,620.11884,758.2996,613.17224,762.2183,610.70435,761.6616,42.14000716559426
126,5,510.72064,792.20013,507.41476,785.857,503.07986,782.2493,22.704157113847536
126,6,580.7827,743.2385,600.1586,751.4264,613.8283,759.63293,8.070467668127392
126,7,354.45447,725.5125,329.1191,712.5978,306.1601,701.78546,1.7926414017453303
126,8,798.3078,596.017,807.916,576.0491,819.10974,557.77673,5.795860328154572
126,9,460.33386,282.03238,482.27386,286.21045,500.54086,298.95187,24.114349213502425
126,10,385.05093,803.0599,386.31415,799.4753,388.86942,800.9667,100.85767738340716
127,1,203.76585,547.228,207.801,540.60236,206.5423,534.5866,43.15981546330787
127,2,754.49054,395.52856,777.11414,412.88733,803.71954,431.66306,2.2874730560849783
127,3,476.98236,331.8339,509.56302,344.1971,535.5211,370.5444,24.646315619518244
127,4,619.9378,757.8733,612.68195,761.9248,609.82996,761.93335,29.00637960241407
127,5,511.28644,784.1771,507.5648,783.4335,507.88376,775.42896,80.98205189103288
127,6,580.11115,742.2175,599.3204,750.5977,613.95593,759.106,6.601677278323132
127,7,355.74612,726.3019,329.9009,712.7444,306.69293,702.28516,3.4200500048674787
127,9,461.37372,282.10443,483.52783,286.6367,501.38608,299.96393,25.171261376345228
128,1,210.24564,532.8539,209.10892,547.0042,202.82417,557.25226,26.92643543933748
128,2,753.9101,393.4591,776.7267,412.37268,805.2285,432.9337,3.850359886929364
128,3,476.71414,330.90875,508.44177,342.97272,534.01245,367.58075,23.08237525147434
128,4,609.21124,756.0997,610.1835,760.52924,616.0311,761.99115,63.58441615768822
128,5,509.58258,779.73645,509.8516,783.2536,515.909,772.99866,145.056640342208
128,6,581.0637,742.295,599.5059,750.827,614.8684,759.3882,4.302931221451895
128,7,357.26828,727.34265,331.96365,713.5073,308.5863,702.8062,4.071358587740882
128,8,803.396,583.0251,809.1484,573.4072,814.6251,558.1458,11.142280268793375
128,9,461.47064,282.1235,483.47687,287.7217,500.5874,301.42627,24.419886572469824
129,1,207.85085,533.5695,209.0135,549.48285,203.49142,558.6907,35.13049553956055
129,2,753.75903,393.5907,776.71265,412.19852,805.37897,432.77115,3.365110338387926
129,3,477.99207,329.6476,508.4701,341.41382,533.331,365.24445,22.67850183802337
129,4,570.6287,756.2614,582.3467,758.62555,585.6267,746.4736,86.30132901959547
129,5,504.69714,774.1959,511.13687,782.8311,522.22986,773.9133,92.08234615115154
129,6,601.53705,753.0569,600.4044,751.2339,599.46277,751.2232,57.49741892033802
129,7,357.99063,727.23474,333.74677,714.4031,310.77588,703.71313,2.93538314476979
129,8,818.88837,547.3196,813.64276,564.243,809.59174,572.43176,9.100382559032274
129,9,461.83606,281.18304,483.98474,287.344,501.82562,301.2695,22.428817233552586
129,10,396.48456,799.69617,397.32623,803.2616,396.448,804.1643,57.495037867215615
130,1,211.25426,531.5664,207.66829,550.27545,201.26993,556.0712,36.97872305829441
130,2,753.74774,393.59995,775.93994,412.27826,804.82214,431.67126,6.206619879265849
130,3,478.12177,329.3765,509.3616,339.20877,533.70795,363.6613,27.654026182827252
130,4,535.72656,771.0799,551.91016,770.6199,565.1486,757.39087,43.35131895187767
130,5,504.10803,773.54364,511.89896,783.7702,526.027,773.981,87.41644030691123
130,6,614.3247,760.0591,598.25574,751.5721,583.21765,746.0167,7.5661040462122555
130,7,359.18564,727.67053,335.22058,715.4002,312.97787,704.6633,1.3455209866866922
130,8,819.1685,551.7778,808.79846,571.7485,798.4388,592.4416,0.8469599392392324
130,9,462.62036,281.1935,484.849,287.84747,503.2218,301.52872,20.0084364007466
130,10,389.6852,801.21893,390.98987,802.613,395.06247,806.03516,6.856952302836856
131,1,199.64264,552.90674,206.56714,550.92706,208.87637,534.33215,66.12304497109848
131,2,753.47974,392.84906,773.8874,411.2815,802.9294,427.01096,13.648259761828575
131,3,477.71005,329.95142,509.94333,338.40698,534.1453,362.85938,30.595987234139237
131,4,516.8549,785.7627,516.2949,781.69434,531.5204,768.7624,57.49400524804667
131,5,509.84973,774.7249,511.9641,783.85266,522.37384,774.47974,118.95774176718615
131,6,572.72784,745.46655,589.67865,751.3321,605.9878,759.75586,8.22929411275457
131,7,360.12265,728.075,336.6518,715.66547,314.70114,705.3317,2.6566756626170456
131,8,817.18665,552.1656,810.17865,569.85333,802.7353,584.29913,5.646460745872416
131,9,463.7304,282.14972,485.77426,288.71667,504.13593,300.54498,16.200019438961693
131,10,390.35425,803.02155,392.92633,804.32166,394.25748,806.97394,36.533305114422454
132,1,200.1565,557.353,206.2508,547.54645,208.46783,528.6939,25.15176704015117
132,2,753.35724,392.72046,772.8533,410.74197,801.3429,423.63416,18.401534161366612
132,3,477.8274,330.32666,509.27866,338.7479,533.7849,362.61227,29.250097638220236
132,4,524.69696,775.6626,510.84268,779.4648,517.9043,766.85986,134.60520213742575
132,5,527.46967,776.33716,511.4445,779.7,516.12463,761.9549,116.6263434890824
132,6,568.2599,745.31305,585.06256,752.7386,601.4894,761.0081,2.8796362138484963
132,7,362.001,728.8157,338.2401,716.0158,315.5784,705.64307,3.716468177757805
132,8,809.692,567.9031,809.77014,568.3388,809.9569,561.75055,168.21123410911605
132,9,464.892,282.55307,487.2137,288.75195,505.80603,300.36844,16.47685899242309
132,10,384.7753,799.35925,388.42435,801.9999,396.2798,807.1233,2.7783355722675367
133,1,200.15816,558.6691,206.18506,545.56006,208.08766,525.6223,19.239570624083143
133,2,753.41833,393.1141,773.1808,410.78824,801.26825,422.93784,18.41566857887217
133,3,474.90308,329.08832,506.29163,339.89746,531.7366,363.5951,23.961696312351446
133,4,522.35803,774.10364,510.89667,779.0522,520.4071,766.6421,150.81733539260506
133,5,525.9556,774.45184,511.30414,778.8883,517.8792,762.5865,128.812159068438
133,6,565.3737,745.5289,583.6192,753.001,600.24976,762.21704,6.723070444830768
133,7,362.24945,729.9422,338.94183,716.4591,315.907,706.05023,5.731691673345949
133,8,813.32056,550.9948,811.20654,566.93756,806.7443,576.70306,17.004022972103485
133,9,465.7224,282.47003,488.34286,288.34543,507.8192,300.54385,17.499560317530694
133,10,395.73117,803.9915,376.85785,791.8781,361.3774,784.5428,7.339732331745629
134,1,201.60223,555.8491,206.21255,545.71405,209.19,529.4394,14.092614508443667
134,2,753.5601,394.18045,773.994,411.14667,801.9577,425.3828,12.722392429938864
134,3,473.30606,328.83044,504.57492,341.1086,531.22424,363.75558,18.920173548469272
134,4,521.61096,772.8148,510.95526,778.3129,522.2291,767.2148,162.74275888963226
134,5,530.4042,772.43945,539.5936,770.6122,562.48505,755.3395,22.464182754655265
134,6,599.8966,763.69794,582.2433,754.99146,564.73413,746.6408,0.7538138675746167
134,7,363.08472,730.62994,339.44165,717.0744,316.52353,706.3642,4.779629933288289
134,8,812.52405,554.9214,811.6382,564.19525,805.4984,573.7397,27.296003127713078
134,9,466.87347,282.56317,490.53165,287.70447,511.5687,298.02646,13.874574341736396
134,10,397.07742,805.10785,377.36423,791.29517,357.53394,781.6645,9.11447133464541
135,1,199.83884,560.2754,206.26208,546.11304,207.0391,528.20953,21.91131633402311
135,2,753.70197,393.9879,774.69336,411.11093,802.55927,426.34433,10.540662308808571
135,3,473.91248,326.74838,503.97324,340.95477,530.83215,363.944,15.266160466457272
135,4,523.5165,769.65607,511.90918,776.6266,520.3283,765.50836,158.12037898920866
135,5,585.667,769.6409,573.4286,767.70746,563.6843,763.387,14.934031841251796
135,6,598.6802,764.0907,580.92206,756.37976,564.2612,747.30975,5.092045208453521
135,7,365.49915,731.56934,341.06384,717.65424,317.7486,707.077,5.258218174382682
135,8,815.32574,547.8684,811.33673,561.9634,804.1556,579.26935,6.7340881841221965
135,9,468.18262,282.84106,491.09897,288.27115,511.58234,299.5324,15.470404644142606
135,10,396.15005,802.83734,378.1907,792.23047,363.06842,785.0283,5.099581204178535
136,1,199.56401,558.57965,205.84941,547.2869,207.58575,528.35944,23.85835068350063
136,2,754.321,393.22717,774.7758,410.42554,802.81714,425.93976,11.102873005289966
136,3,472.83148,323.5854,502.98697,339.1233,531.2353,363.28406,13.280125075131307
136,4,528.3388,774.0397,512.0017,775.5306,516.84766,758.98944,111.54295760015856
136,5,586.619,758.0309,596.05023,761.81573,612.05865,763.62213,15.4280981224853
136,6,564.0099,747.22925,580.7409,755.83124,599.24,763.3205,5.16895922947197
136,7,366.40155,732.5478,342.46115,718.3385,319.3256,707.15656,4.89468937961703
136,8,816.8244,546.0953,810.7158,562.5842,804.4616,581.4868,2.020229418477355
136,9,470.5599,283.68127,490.06625,287.8539,509.91284,301.08377,21.613391449026476
136,10,386.7192,796.91895,378.2571,792.21857,372.64404,790.44434,11.509339315082872
137,1,200.7781,547.5846,206.10956,548.94946,209.91174,535.34314,88.74688065801234
137,2,754.9324,393.20572,774.96594,410.51138,802.7895,425.7833,12.059849085295019
137,3,473.6778,322.96692,502.6239,338.7406,530.9037,362.05783,10.918828378969753
137,4,526.6664,772.63135,512.0414,774.9354,518.6582,759.7228,122.45988264992546
137,5,588.78674,759.6802,596.93634,762.0165,612.3046,762.74506,13.28214681477171
137,6,575.4629,744.36865,583.5317,756.0268,596.2353,759.86237,38.51175540925483
137,7,368.20694,734.0992,343.5007,719.0418,320.19888,707.1536,4.330652701732193
137,8,815.401,545.38556,809.46375,562.67676,805.3443,581.9681,6.897053262319724
137,9,481.0757,285.8681,492.16193,288.29315,501.56192,299.20477,36.91741973611669
137,10,385.6799,795.8698,378.44748,792.0443,370.79517,789.70966,10.909557380498113
138,1,200.99648,548.50476,206.3106,540.3979,209.45651,524.6159,21.97180195088418
138,2,754.83624,392.84552,774.81287,410.0465,802.706,425.64642,11.51313842530418
138,3,471.4528,322.29733,501.87277,338.44528,530.2983,361.7554,11.392330150805675
138,4,526.02826,772.50165,512.33234,774.7598,519.6618,759.3623,124.8178653364858
138,5,588.9938,760.6528,597.73865,761.84863,612.52484,761.58325,8.815100068572248
138,6,597.1592,760.3187,583.03906,755.24164,571.6446,742.25073,28.968868722036472
138,7,369.453,733.87146,344.58795,719.7093,322.11398,707.63324,1.4133314589639008
138,8,805.7424,582.10815,809.3804,563.20917,814.78143,543.9592,4.77680106810463
138,9,476.13733,286.71545,493.8733,288.42758,507.74976,298.4998,30.46001792757014
138,10,396.65042,802.90955,378.74832,791.8748,360.94632,784.2516,8.467679434657596
139,1,203.02931,541.82623,208.65114,530.5037,212.36288,513.8096,13.870073282950202
139,2,755.1707,393.54312,775.04,410.61194,802.5742,425.96414,11.521793040122354
139,3,472.82025,322.29694,501.03802,338.39508,529.73944,360.82782,8.306193600823086
139,4,525.3675,766.1753,513.45996,773.5761,521.633,765.85406,168.48713534308607
139,5,589.1656,760.62866,597.9315,761.8324,610.6918,761.1118,11.051040619161293
139,6,595.4663,761.8403,582.52936,755.2399,568.8482,741.7782,17.506475532418143
139,7,369.33636,734.13635,345.7658,719.81555,324.03583,707.8745,2.49206477652777
139,8,806.15485,581.9493,810.2712,561.16504,819.5907,543.111,16.100374338321036
139,9,472.1466,279.84012,493.7517,288.2182,514.49884,301.29153,11.020729618903053
139,10,393.8615,802.38995,379.8173,793.24994,369.66968,787.93463,5.410699091286015
140,1,207.93317,524.68274,213.44748,517.0107,212.28368,499.314,39.469372390272554
140,2,755.3256,393.90308,775.4169,410.63593,802.55597,425.9457,10.360633567943921
140,3,471.81302,321.47318,500.3626,337.8313,529.35266,359.7453,7.274592691358238
140,4,525.4198,764.1708,515.029,771.45764,521.4996,763.38586,163.7579373404191
140,5,590.55804,761.15625,595.7835,764.0082,604.27545,760.65125,50.19389968739676
140,6,599.7757,760.9272,579.7709,753.336,559.21,745.3544,0.43566191667554527
140,7,371.02277,734.16846,347.677,720.397,325.69684,709.16144,3.461305371048948
140,8,811.4711,558.87195,811.5187,558.08655,818.17426,557.6314,82.62361091682966
140,9,472.44824,279.08923,494.47726,288.38058,516.45654,301.6239,8.201570992696258
140,10,398.30096,805.0868,379.46152,793.245,360.37515,782.7208,3.279665370642907
141,1,224.77222,509.00748,220.50917,507.64188,212.66531,490.03122,48.22956516180966
141,3,469.4738,320.2782,498.5185,336.84335,528.6703,358.59094,6.104287794692686
141,4,524.602,751.82117,517.4944,768.76807,527.5456,772.9033,90.39021591270755
141,5,587.39,760.41235,595.87726,763.47687,607.3946,761.1339,31.35197365398676
141,6,591.5932,761.7102,575.5742,752.33575,556.8573,743.8354,5.911186260989147
141,7,371.94156,734.37476,349.09912,721.2857,327.73267,710.16437,2.3162973215991185
141,8,807.69104,577.2702,811.6459,554.87256,820.02057,536.73425,14.769686158685493
141,9,472.3794,279.63086,494.61877,289.12283,517.1975,302.71408,7.93256286048579
141,10,399.95166,805.44434,380.49628,794.52026,362.1142,783.1544,2.4150832903059314
142,1,222.26341,499.57666,224.36089,506.4909,227.58023,498.0292,142.29468318847483
142,2,793.8163,425.39136,774.2857,408.3675,755.00964,394.3992,5.148335068255667
142,3,468.46295,319.1051,496.7229,335.73337,527.5631,357.17612,4.337657036712836
142,4,518.01483,770.971,515.20215,764.79535,520.1377,752.628,46.56609961696162
142,5,586.78467,760.8248,587.72986,765.72955,589.8248,763.14764,130.03623350972464
142,6,554.22986,746.0677,575.0584,752.5225,594.83215,759.48676,2.183550607699585
142,7,372.3406,734.88385,349.89566,721.33765,328.61142,710.59326,4.327349966260309
142,8,820.2942,538.7814,811.8159,552.0658,806.6309,567.92346,14.440220719366964
142,9,472.15903,280.6314,494.81845,289.7741,517.76526,302.5777,7.186844663194732
142,10,399.97333,805.2541,381.2727,794.76434,363.12372,783.79346,1.8631963643467295
143,1,218.1677,505.48044,237.18805,523.38855,253.92976,547.91425,12.406976228604565
143,2,797.9289,424.94836,776.25037,408.17328,756.1657,395.29684,5.068829067488065
143,3,467.483,318.62228,494.87268,334.53366,525.885,354.39844,2.4880559026351587
143,4,517.36084,768.0069,516.28925,761.622,521.0521,753.34955,39.45856174225182
143,5,596.83154,764.1693,580.31055,766.5161,565.4884,760.69946,29.511271388696493
143,6,554.59686,746.3877,575.8448,752.4189,597.17035,758.4193,0.13270400689029618
143,7,372.82306,735.59625,350.3937,721.68475,328.85043,710.6313,4.647176602437179
143,8,818.9817,539.9935,812.1024,552.57635,809.85223,568.21716,20.479527778383545
143,9,472.6284,281.5223,495.59912,290.56387,519.02344,302.6256,5.759799957453955
143,10,391.05243,800.1905,382.54843,795.97797,376.7304,790.7059,15.829900468030154
144,1,219.11801,509.73392,239.19707,526.1306,253.60364,549.76215,19.396804979717352
144,2,779.1643,408.3059,783.1713,413.3034,793.7144,422.54016,10.055707663686379
144,3,467.31796,318.99704,494.1334,333.62555,524.66174,352.12073,2.595405670847885
144,4,516.8219,768.8683,516.89825,760.3393,521.26263,751.69366,26.2720646658311
144,5,587.74194,761.2856,580.42566,766.363,575.8395,762.33734,76.03592271048686
144,6,594.484,757.8995,574.166,751.8201,553.8141,746.18884,1.1912403741707474
144,7,373.5856,736.2591,350.95398,722.243,329.05963,711.00085,4.591285629322842
144,8,820.64197,537.83746,813.1452,552.269,813.028,566.16736,26.96751463044234
144,9,473.187,282.1821,496.53598,291.1176,520.8077,302.9396,5.027651298811466
144,10,401.8547,805.414,383.06104,796.10675,364.93735,785.32825,4.394583175979094
145,1,218.0243,520.43005,240.73001,526.8494,253.50879,549.59827,44.88893635740126
145,2,774.0356,405.50192,777.96185,409.2734,787.0838,416.5918,5.108525386569192
145,3,467.6618,319.43063,494.90274,331.86942,523.4658,352.40292,11.169286515502195
145,4,517.1117,767.5978,519.907,757.0173,524.25604,749.358,14.7895527362241
145,5,581.90454,758.4753,578.6881,766.44257,581.36896,763.0328,163.8090045196354
145,6,591.8888,758.81573,573.3396,750.5352,553.4285,746.3872,12.28846266353137
145,7,375.0643,736.7484,351.7738,722.833,329.74246,711.35205,3.3322527929817842
145,8,815.0929,553.4617,813.4441,550.94867,818.82367,552.38275,138.19598898953342
145,9,473.21973,287.96,496.66916,292.69424,520.4746,301.37012,8.61009712390906
145,10,398.7137,803.8012,383.46387,796.2635,367.67654,787.6366,2.3516855391323994
146,1,218.87215,526.9662,241.10616,525.4967,253.59618,549.1463,65.9414750824882
146,2,769.24176,403.6605,777.0274,408.75507,789.5828,416.62137,1.1307309956105884
146,3,467.66003,318.7817,494.90457,330.33575,523.3742,351.8211,14.059841407131335
146,4,517.3985,765.1456,520.0541,755.8939,524.2819,750.0014,19.64378422336202
146,5,584.7286,758.97095,580.48456,766.7801,582.5696,761.2404,172.10270345354857
146,6,552.41656,746.08124,572.7968,749.34296,591.88806,756.80914,12.2667337256251
146,7,375.96634,738.339,352.67804,722.8617,330.143,711.6573,7.171240808119466
146,8,821.6843,530.3575,813.848,550.7641,808.5509,574.3833,8.366517874096093
146,9,477.46222,288.14334,496.23837,294.00473,518.11084,303.55017,6.240233440991755
146,10,403.89194,807.6198,384.6057,796.771,364.60455,787.4386,4.345055804875505
147,1,236.4124,534.3563,233.91434,524.03284,228.03078,527.4011,106.18788387931146
147,2,757.1119,391.27414,777.16797,408.13672,800.80316,425.04913,4.4701479168498865
147,3,467.3595,318.2619,494.3588,330.22592,523.104,351.67297,12.827706872937565
147,4,519.0214,759.24646,519.2945,756.1315,523.0495,753.46216,49.58225967899365
147,5,579.2569,759.8433,581.7399,765.93805,587.7114,762.7345,96.04608889726009
147,6,551.39325,746.1279,573.0181,748.301,594.16797,755.3638,12.727741282251035
147,7,377.03497,739.8128,353.89178,724.033,331.3725,712.28467,6.736272110911204
147,8,815.66077,548.9807,813.4712,551.37274,814.01715,555.15656,50.6802734493561
147,9,478.00278,285.2687,497.1605,294.30396,520.4513,306.12204,1.6541024892852478
147,10,404.67953,809.56067,387.25693,800.32227,369.23056,790.8512,0.21579998972694253
148,1,216.49246,535.75256,227.0186,528.3241,232.80894,535.64594,86.87316488043254
148,2,766.2059,406.07065,775.3709,407.10477,783.93616,416.51965,41.26784466621534
148,3,465.60455,317.90433,492.49542,331.20206,522.57135,351.52484,7.73482032109142
148,4,520.93286,753.9938,518.76917,755.2714,522.3821,757.77954,114.6696922913325
148,5,583.99274,760.05835,582.2204,765.4179,584.9754,762.2132,157.61364828638568
148,6,548.7413,745.75415,571.76776,747.4424,595.0368,754.6443,13.004341816581473
148,7,378.697,741.3988,355.63983,725.35095,332.58856,713.8485,8.319067438926686
148,8,820.9119,532.757,814.39716,548.11896,810.3452,567.1362,10.953121184796553
148,9,503.26868,302.0661,499.56802,296.28635,493.48996,292.1973,23.43853327470312
148,10,406.93857,809.9908,386.93967,798.853,369.46286,789.40784,0.7260464158861619
149,1,203.03595,539.226,215.10577,535.0722,216.39722,538.8633,90.17923075270988
149,2,793.68744,422.4801,776.2852,406.11206,757.0973,390.75858,4.580436322470876
149,3,464.7098,317.78302,492.0385,332.20334,521.7444,351.9738,5.826452824865516
149,4,522.7283,740.5772,521.1343,756.3441,525.09424,764.6658,31.220858682529776
149,5,591.0718,760.6654,583.0319,765.8392,580.1654,761.5002,89.31147949648282
149,6,544.8666,745.7311,568.96606,747.7307,594.0961,755.7736,13.004129343605943
149,7,378.84756,743.042,356.66202,726.40796,333.68127,714.85754,10.176741039666458
149,8,821.68054,531.3452,814.03503,545.18353,812.656,555.241,21.112736376365373
149,9,514.19745,291.6567,499.9636,296.3654,488.11185,299.25073,4.621943835876864
149,10,406.08746,809.6208,386.6712,798.45874,368.9621,789.0061,1.8015710978364476
150,1,214.26167,540.38257,212.04826,541.7181,209.40755,555.64435,48.15735060262422
150,2,783.61505,413.42108,774.9674,406.43405,764.2809,401.54886,14.37030691298771
150,3,464.07373,317.65887,491.31204,332.2842,521.33966,352.01636,5.077171291121421
150,4,524.35297,746.9518,522.8505,754.73755,525.417,758.01373,48.996389087929984
150,5,597.9496,761.0826,584.19293,765.66254,572.55096,760.32764,43.03346466221792
150,6,547.0631,744.6052,566.51245,747.9957,591.4475,754.779,5.329618223158981
150,7,379.01947,742.6955,357.6713,726.70245,334.91797,716.19934,12.060388470977317
150,8,817.6028,529.13556,812.64056,544.2254,806.3725,557.82733,6.538100414861964
150,9,519.3895,291.52997,500.67465,296.6725,485.989,299.6381,3.947990098362952
150,10,404.1142,807.52,386.25018,796.7956,368.60483,787.9258,4.290578540405531
151,1,209.59555,543.77185,210.96198,548.7087,207.53519,557.61664,36.51228579501487
151,2,758.6992,393.967,775.8091,407.58426,790.24677,425.11908,12.017637911462591
151,3,463.29285,316.77576,490.4346,331.79706,521.24243,351.59903,3.769358438501035
151,4,526.15424,754.39734,524.505,753.88385,527.6547,753.4965,155.6953892793429
151,5,571.1847,757.8503,583.04944,764.4739,595.1958,763.26904,34.837618887900796
151,6,572.57074,755.0547,562.2291,747.7912,553.56665,739.9596,7.0336635908553475
151,7,379.37274,743.7124,358.51068,727.6927,336.72195,717.539,12.534382042326898
151,8,816.4772,538.0681,811.817,543.007,812.5024,548.8519,50.02451317446613
151,9,511.28757,291.65607,499.5734,296.08224,490.9615,301.326,10.638022203522674
151,10,403.7942,807.615,386.21335,796.93726,368.66907,787.6131,3.2833643349500123
152,1,206.8962,545.50323,207.03087,556.8018,199.078,570.3825,31.03618462534922
152,2,756.7103,395.59555,779.10974,414.10434,793.4194,448.86456,28.057503803780204
152,3,462.25687,316.45947,490.2445,331.46683,521.745,351.0529,3.671251893905521
152,4,521.80817,768.02374,523.8859,754.18256,531.34216,739.629,18.590343437979737
152,5,561.4725,756.21484,582.13855,764.2704,605.77826,765.8294,17.52246463965037
152,6,581.2561,754.90704,558.8467,748.7303,534.92444,740.6551,3.2426854092037307
152,7,380.39246,744.24225,360.1831,727.9042,338.21692,718.7697,16.373910888950796
152,8,808.0127,565.2452,811.3083,546.4474,819.7838,528.9091,15.848656349138613
152,9,498.3708,291.24323,499.93414,295.93555,502.92862,302.20087,7.1184953951645635
152,10,403.5737,807.62775,386.6208,797.0054,369.49872,787.98285,4.28336019983012
153,1,204.46701,545.97815,205.79669,559.3444,199.44208,573.1884,30.336996253415556
153,2,751.1816,399.32388,774.79004,418.72577,789.35065,452.69122,27.3817054530846
153,3,461.4995,315.5735,489.3281,331.17267,521.5115,350.87857,2.2065547672681367
153,4,521.0296,766.4356,524.1905,753.0725,531.0783,739.0758,12.893850678716724
153,5,576.6006,757.82294,582.09534,763.92285,588.5968,761.92303,65.08537098055042
153,6,594.31714,754.63214,564.29816,748.33276,541.5802,744.0875,1.266713664312352
153,7,380.87537,744.65424,361.62,727.7608,339.74393,719.213,19.91921479366924
153,8,810.54095,564.08234,812.29126,546.1538,820.85,529.87994,22.164730582425936
153,9,505.13052,288.92044,502.90747,298.30978,503.9975,305.00504,22.567232223514445
153,10,406.1734,810.08746,388.5149,798.3175,369.8482,788.046,4.862564414144522
154,1,203.93037,548.02374,206.66338,560.97076,201.02872,579.2583,29.044479340525374
154,2,753.7769,400.77155,775.9152,418.4093,788.5843,448.6734,28.740393112586688
154,3,457.23862,316.16003,488.32217,330.65402,521.168,350.81244,6.539389977751935
154,4,520.05664,765.2931,524.3008,751.0217,534.6474,737.6652,21.201272934150403
154,5,596.44446,759.785,584.753,764.0951,574.7415,760.027,42.35080309903179
154,6,575.0106,754.1705,566.6779,747.57025,558.98676,746.3838,29.612769262049333
154,7,381.547,744.56415,362.6452,727.0804,339.79755,718.9913,23.27189212573948
154,8,810.8306,561.8423,813.3197,544.3247,824.16986,528.9157,27.06403496155559
154,9,506.88968,288.60983,504.42883,298.64386,505.94388,304.69452,27.837278244626507
154,10,405.43686,809.35754,388.938,798.09106,369.9757,788.59717,7.731876338636502
155,1,212.54774,548.6799,212.28616,557.5662,210.58656,580.7226,2.51170154820681
155,2,755.8181,399.1159,775.8063,417.1079,793.0991,442.0612,13.28627854849358
155,3,455.79974,316.38583,487.84335,330.61276,520.64386,350.59512,7.4096266915941325
155,4,521.9541,765.95325,523.6547,751.03784,535.45,736.9847,33.50320841593798
155,5,593.64886,760.0106,585.84753,764.1171,584.8949,759.3663,106.42314056633316
155,6,538.9275,744.9999,565.28613,747.87823,592.52094,755.1791,8.774470742496552
155,7,381.86356,744.1602,362.89212,726.93256,339.93616,719.08954,23.37911778657016
155,8,811.26385,559.75354,814.1384,543.248,823.97546,527.55426,22.20059462659138
155,9,502.5862,288.1192,506.21417,298.14807,513.4255,303.4057,34.01721492796401
155,10,407.26334,809.9441,389.89117,798.866,371.65988,788.51855,2.947429058178542
156,1,208.76149,541.3268,210.17888,553.28674,204.82819,570.6032,23.92952854977054
156,2,797.4984,433.8367,776.42706,413.8765,756.8711,396.7743,2.278127635643003
156,3,456.8548,316.99704,488.26996,330.66913,519.81946,350.71063,8.906334520951791
156,4,522.8943,767.0023,523.82007,751.23114,535.8079,736.39166,35.573052199809524
156,5,603.1631,759.81714,588.2065,763.7009,580.62964,759.7526,42.08060359045764
156,6,538.4397,744.8772,564.749,747.7469,592.5897,755.0281,8.431375868329074
156,7,382.1935,745.6345,362.71365,728.72437,340.1509,720.2553,20.38681246567198
156,8,811.4533,562.6996,813.10114,542.67554,824.1324,523.6536,25.406044950356197
156,9,499.18958,286.26025,508.18274,296.08734,522.3196,299.70578,33.180028057714814
156,10,407.52734,809.04004,390.01462,798.9373,372.3636,788.54565,0.5062904613314384
157,1,208.27492,541.69543,208.75693,552.43677,201.20271,569.2318,26.78703798719469
157,2,798.91315,429.55643,775.57086,410.76303,755.8673,393.61325,2.197845098566869
157,3,457.06778,317.3642,487.71075,330.93756,518.41846,350.49612,8.603114006053213
157,4,522.79834,766.232,524.11,750.90283,536.39,736.8876,36.33390504696454
157,5,607.8754,758.8591,586.70715,762.7696,570.8289,760.89844,17.187504585445204
157,6,538.89294,744.81104,564.84,747.4638,591.705,754.8435,9.52255985698973
157,7,382.75928,748.6539,363.71304,731.45135,340.64996,721.3677,18.472263520643516
157,8,809.64417,558.6354,813.34467,541.6488,811.59186,523.74365,17.880866193381213
157,9,520.57556,280.61707,508.58728,286.2758,495.31674,283.22086,38.23217216039579
157,10,408.71277,809.705,391.27087,799.4454,373.02173,789.04395,0.7830970011330416
158,1,200.8824,569.80493,209.02834,553.0567,207.29968,542.2695,35.04140553059117
158,2,799.4073,424.1417,773.40955,408.8844,755.2826,392.2332,12.162849374963
158,3,456.98975,319.00424,487.11026,331.7081,517.16986,350.52316,9.175024949103557
158,4,523.5107,766.01227,524.7278,750.57074,537.0541,736.789,37.3024931678683
158,5,607.0435,758.81335,585.6345,762.3881,568.72046,760.4003,16.18233424464958
158,6,539.2472,744.8516,564.9456,747.4929,591.44415,754.2831,8.504267926743989
158,7,383.14478,750.7604,364.909,732.7452,341.13885,721.7658,19.85927549859877
158,8,809.4254,558.92676,812.54193,542.626,812.6039,523.2502,10.640426884176879
158,9,532.50446,279.55145,509.52118,286.4421,486.48807,282.85114,25.55071615895204
158,10,409.37875,810.9065,392.78912,799.88855,374.46906,789.5391,4.126826322932404
159,1,205.0893,573.69904,210.05647,553.7568,207.99005,540.343,22.744205171706135
159,2,760.66986,396.41785,773.8855,409.31924,797.32104,412.30112,37.059449119987036
159,3,462.46942,321.21146,488.18835,333.49893,516.25726,351.6905,7.410818257449579
159,4,519.6415,763.57794,525.0499,750.1787,537.8823,736.10645,20.380556943959512
159,5,600.0888,758.4324,584.2066,761.7592,572.1866,758.877,25.314693536564043
159,6,538.9757,744.7172,565.053,747.4151,592.5495,754.16254,7.880874934966314
159,7,385.88086,751.3545,365.71567,732.8168,342.93024,722.5587,18.354708668496237
159,8,817.72675,520.29736,813.5974,539.6618,811.4666,560.69977,6.254230392739906
159,9,516.90454,280.1226,510.40005,286.62424,503.87732,281.50836,83.09509605092197
159,10,411.38995,810.47546,395.29126,799.565,376.33237,790.40753,8.345061853746563
160,1,211.85004,547.84766,212.02173,555.2964,208.70413,576.2326,10.324777410238026
160,2,753.8514,391.0956,772.7119,409.11008,795.21387,409.27356,43.269355636870095
160,3,464.31244,322.6961,489.15173,335.50452,515.9436,352.9934,5.8573211304138635
160,4,523.2034,766.4935,524.8733,750.0956,537.7775,735.4599,35.58793702836885
160,5,602.68427,758.39056,585.0723,761.6172,570.39856,759.3347,19.223220093929676
160,6,538.8889,744.48236,564.6189,747.08606,591.4435,753.8051,8.283942501079556
160,7,386.43616,751.76184,366.24332,733.30206,344.43503,722.4635,16.005724399603547
160,8,810.6374,557.26636,812.7157,539.3688,814.89844,520.11053,0.15701751249847418
160,9,511.33887,280.3157,511.46,286.21313,511.1876,281.66382,177.75005441256968
160,10,417.32095,811.5241,397.3756,800.68787,377.16833,790.8662,2.593142177625721
161,1,204.8571,545.68744,207.95818,559.032,201.64816,579.0228,30.600536083899968
161,2,753.9622,391.52185,772.79193,409.50497,794.5501,407.22162,49.673427115277875
161,3,458.3706,318.9296,488.05548,332.76065,516.80066,352.2954,9.217165002716387
161,4,526.3584,763.5058,526.34827,749.53436,537.32245,734.4288,36.039883904229846
161,5,604.9483,758.72327,585.47205,761.5235,568.63586,758.3419,18.882853844192592
161,6,539.11536,744.5964,564.79614,747.1923,591.40686,753.94165,8.459790418323234
161,7,387.92102,753.29913,367.94443,734.22034,346.38187,723.16724,16.543170128688416
161,8,816.40515,517.3666,813.8683,537.2828,810.248,558.27954,2.523829137954998
161,9,534.1103,279.14877,512.597,286.14438,490.91602,283.52267,24.908096551921062
161,10,419.634,812.23334,397.6291,801.6504,379.60144,792.55096,1.0978921625229319
162,1,204.56026,544.5554,208.07812,558.19476,201.037,578.3053,33.75878480617661
162,2,754.2836,391.88983,772.99744,410.70508,794.5593,406.5761,55.99541556549707
162,3,460.66147,313.85117,487.15564,330.37222,517.42224,349.99136,1.0052205795818399
162,4,526.1504,763.44476,526.4558,749.105,537.3807,734.32214,35.245128448123
162,5,604.825,758.96625,585.3076,760.9566,568.1072,758.403,14.26730879752198
162,6,539.2892,744.1743,565.00494,747.1682,591.933,754.23596,8.065990522450404
162,7,388.51294,754.7031,369.5604,735.41064,348.029,723.53534,16.631014124543963
162,8,807.8622,550.4936,811.5435,533.81683,815.5049,513.4504,1.4415721981952159
162,9,534.1897,278.6465,513.3249,286.61542,492.70407,283.9501,28.268221546379788
162,10,418.3811,812.1503,397.7164,801.2074,378.0417,792.60785,4.2937726675964285
163,1,203.4033,546.1469,207.63115,559.16815,201.15202,577.16003,37.792651736458616
163,2,762.3757,395.2139,774.766,413.44714,788.0417,424.93814,14.923731672017421
163,3,462.04144,310.04785,487.00226,328.59854,517.37134,347.77902,4.343793490978759
163,4,528.9007,764.5623,526.1635,749.2056,537.12085,734.2733,46.37752963984603
163,5,603.9397,759.0681,585.0771,760.8188,568.68353,758.0473,14.898196539065326
163,6,539.87366,743.6231,564.9301,747.21265,591.7922,753.89056,5.808123346308118
163,7,389.12793,755.0719,370.6201,736.34283,349.6804,724.92035,16.728165259305257
163,9,534.5189,278.4475,514.5433,287.58118,494.0765,285.1329,31.393189546943102
163,10,420.1819,813.5606,398.75378,801.61194,379.65512,792.9573,4.766907397958129
164,1,206.2714,539.7495,210.5505,552.7541,206.13394,569.93555,32.62963296633182
164,2,757.794,393.29938,772.887,412.6482,791.48126,422.00797,25.32475509925538
164,3,465.5244,309.44162,489.08154,328.0297,518.0168,346.50214,5.7212868721533034
164,4,519.4695,759.0364,525.65125,749.009,537.7004,736.87244,13.139677007565288
164,5,604.64655,759.1425,584.0553,759.98376,566.4271,757.4476,10.526576936387004
164,6,540.11066,743.3956,564.80383,747.27734,591.4186,753.73425,4.7031545386490965
164,7,390.26956,755.5376,371.98883,736.7659,351.0153,725.302,17.098511677696727
164,8,815.97546,512.8616,811.7761,531.6638,811.1571,553.7879,10.98727242500368
164,9,534.8975,278.2912,515.2594,286.92786,494.38364,285.90897,26.533680380120238
164,10,414.93494,809.9569,400.16687,802.573,394.4252,799.8399,1.109769647473459
165,1,206.96556,540.97327,210.18533,552.666,205.43752,569.1731,31.442148558907295
165,2,756.39526,390.62384,772.427,412.67685,792.64923,423.41003,26.026551578137283
165,3,466.82623,309.83322,489.07355,327.70502,517.1889,346.00708,5.713059214622681
165,4,529.02576,764.06964,526.8549,747.91815,538.85034,733.46533,47.34664350720031
165,5,602.3654,759.444,581.47174,758.2069,564.19696,756.2093,3.207782520218147
165,6,541.0665,743.45465,565.28613,746.9717,592.04364,753.7834,6.020080860970228
165,7,356.1999,731.68524,373.43286,735.3304,387.25208,748.7252,32.16335208594643
165,8,816.03906,512.09436,812.3091,531.8262,811.27277,554.8237,8.124413056359817
165,9,535.9555,277.17487,516.5598,285.79074,494.6751,285.89774,23.67144545115377
165,10,424.9199,813.1598,401.39212,802.7358,382.2622,793.20264,2.592840229335178
166,1,203.86282,542.389,207.89563,553.71173,202.82787,566.84106,40.71027155198788
166,2,760.8841,394.31946,774.1732,412.0817,790.3354,414.68234,44.05628771905483
166,3,468.0852,308.2229,488.6901,326.12964,516.9819,344.042,8.653285781459504
166,4,528.78455,763.1435,528.68585,746.63257,541.2274,732.5075,41.94418680594059
166,5,600.8322,759.0333,576.2093,755.9814,555.18945,751.9888,3.689394200311367
166,6,542.7982,743.7939,565.9653,747.0952,592.12317,753.5062,5.6610201570653595
166,7,354.68915,729.0261,373.864,735.4858,389.40186,751.1829,26.67449439613742
166,8,816.36707,511.52332,813.3546,530.29034,811.27216,553.73364,4.042976603735294
166,9,536.54474,276.58783,516.79047,284.6842,495.1292,284.4852,22.812838726575468
166,10,425.89215,812.7057,401.88596,802.5938,381.6725,792.7766,3.0631158324174566
167,1,203.06049,544.58295,207.49144,554.1773,206.59628,561.5171,31.74230180724614
167,2,776.06946,402.2663,774.9573,410.42242,777.0806,407.23825,154.06788361213077
167,3,466.12207,307.37347,487.3894,325.9025,514.7745,342.22018,10.274696349649469
167,4,530.1847,758.4764,531.53827,745.49567,541.9208,732.3783,32.40885159940392
167,5,604.3116,758.8707,583.9734,758.75073,565.5556,754.9425,11.344321586122172
167,6,543.7237,741.9193,568.70374,748.0609,594.61615,752.6838,3.6974524494280767
167,7,356.0329,730.3034,374.35327,737.54346,389.7396,752.8177,23.227024877557284
167,8,815.4828,505.6898,813.6148,528.98694,809.2468,553.27325,5.611643937158459
167,9,537.87537,275.53268,517.8278,283.82516,495.90558,283.9288,22.201109799393112
167,10,426.2371,813.1044,402.31458,803.142,383.20468,792.6373,6.188652079964439
168,1,205.41267,546.9655,224.37605,541.095,242.00192,543.9862,26.516566296653373
168,2,798.4608,419.92215,775.62024,409.77866,758.4485,392.86942,20.612682645428592
168,3,464.68277,305.03992,485.79132,325.40118,515.19525,343.34674,12.571449146818729
168,4,533.51025,754.9187,532.7325,745.075,539.90155,734.90564,39.70022735594734
168,5,608.337,757.60004,589.91095,761.4809,578.2035,759.6267,20.893261918238537
168,6,544.5722,740.545,569.14105,747.7296,594.48413,752.38104,5.900199953079519
168,7,392.76767,759.16187,373.9449,739.7494,352.61334,727.5552,16.129079374919286
168,8,817.15234,509.3695,813.01013,527.708,812.0546,551.345,10.41321583361082
168,9,538.74524,275.24057,518.3579,283.50183,496.23303,283.5336,21.976283169306207
168,10,422.962,811.7983,401.09976,801.72076,382.93823,792.49506,2.182116010950895
169,2,799.2757,420.5511,776.0048,410.41876,758.57544,392.1535,22.812777069811933
169,3,465.01483,303.5212,484.2924,323.55588,514.3594,342.1898,14.314886615554562
169,4,531.5315,754.7469,533.4441,743.3418,542.4547,730.8492,26.282254861233408
169,5,603.61633,757.736,589.006,761.9998,580.5055,757.12897,46.08209242672442
169,6,545.51416,738.4648,569.70575,747.5747,593.9795,752.0515,10.18545459090557
169,8,816.985,507.41946,813.4778,527.2527,811.9565,551.1527,6.386107368386987
169,9,539.7658,274.6763,519.5394,283.25452,497.26373,283.76855,21.66036807546957
169,10,425.6263,812.818,402.35632,802.47626,384.6711,792.83624,4.632780710745205
170,1,206.3751,542.7395,229.1673,537.47076,246.26326,544.18884,34.469069513065094
170,2,800.81726,421.27887,775.54083,409.19138,757.0766,389.48065,21.312471988371367
170,3,465.4847,302.70706,484.3834,322.77832,513.66846,342.6113,12.616072793332053
170,4,529.39667,754.59906,534.10846,742.7193,546.0791,729.69086,20.9426091797707
170,5,604.3402,757.4693,589.6508,761.9018,579.3246,757.5474,39.65528606340638
170,6,546.4094,738.1322,569.77985,747.15845,592.87506,751.5148,10.435940217793702
170,7,394.01392,761.91016,376.42517,742.1907,356.26593,727.3211,11.856008143843333
170,8,816.32465,505.57727,813.8423,527.81104,811.40063,551.76166,0.5503637641180492
170,9,541.8851,274.0619,521.43915,282.6933,498.65033,284.07202,19.425248460774306
170,10,427.13562,812.1888,403.82028,803.5304,384.93634,792.53455,9.83861143111186
171,2,800.71454,420.392,775.4402,409.17944,757.40265,389.60638,23.414215229139057
171,3,465.2351,302.18903,485.24304,322.39832,513.2754,342.882,9.130690896259404
171,4,530.7399,754.2345,534.15485,741.5981,546.8783,729.76965,31.965131421853755
171,5,580.4032,758.5023,588.7531,761.8535,602.5126,758.40985,35.91894481356383
171,6,547.1828,737.50085,569.5601,746.7523,593.88043,750.9903,12.576782723737976
171,7,395.8565,763.5681,378.6581,743.31134,359.1268,728.01,11.592024200016175
171,8,816.2372,503.87234,813.0943,526.6664,811.3559,550.8393,3.7370643047865553
171,9,542.46625,273.34674,522.56573,282.24857,500.08304,284.4576,18.488144324829108
171,10,430.17575,813.13525,405.4008,804.67773,386.52106,792.95337,12.991830449774175
172,2,800.6322,418.49222,775.0098,409.18616,757.65845,389.30573,28.924923963806755
172,3,465.56158,300.8276,486.1349,321.2772,513.5731,341.1385,8.928101973123491
172,4,530.11255,752.5911,535.1215,740.61536,548.01544,728.8092,24.824063040141805
172,5,599.0466,758.7089,585.7581,762.17267,577.77386,759.6799,31.948645724283377
172,6,579.37646,745.4947,568.6834,746.104,561.2083,739.82166,43.306247800332905
172,7,396.98978,764.03674,378.94232,744.60876,360.55865,728.65454,6.1567324942768735
172,8,816.2885,503.6729,812.33795,526.5628,811.5578,550.2744,7.907753842540529
172,9,543.1536,273.01627,523.9307,281.7273,501.67505,285.07697,15.81882947089193
172,10,430.9246,813.0824,406.53882,804.94836,386.70966,793.1263,12.356823289043234
173,1,205.32687,539.2293,224.43367,534.0384,246.42766,537.1541,23.262217889858675
173,2,757.74585,389.32678,775.2199,408.60938,800.53503,418.5752,26.32873915883807
173,3,466.10913,299.5502,486.1265,320.29596,514.5419,339.17688,12.421210055162451
173,4,530.8054,753.1663,535.0222,740.9944,547.39594,729.4556,27.891867644635006
173,5,576.9751,756.95245,585.07587,760.5477,597.88983,762.9765,13.199978262895197
173,6,588.9332,748.83215,567.2032,745.3725,552.5413,734.4057,27.74960943789193
173,7,397.70782,764.0583,380.53452,745.6034,363.1412,729.3895,4.070155892452601
173,8,816.16943,505.01544,812.0022,527.2436,811.7176,551.18036,9.937074788200475
173,9,543.75775,273.93353,524.1614,281.79288,502.52167,285.7477,11.496838013508421
173,10,432.50565,814.3574,408.56204,805.3053,388.4597,794.12213,8.378034093970346
174,1,205.67314,538.13306,224.75934,534.93695,246.11743,538.318,18.501762883764957
174,2,800.6164,418.8011,775.6786,408.38657,758.1678,389.33884,24.740920985839136
174,3,468.22882,297.13498,485.19125,319.6397,514.5464,338.68427,20.019602186516227
174,4,529.08435,754.48224,535.0119,740.6322,548.1126,729.0583,25.370791026134405
174,5,573.78156,755.1188,586.7736,760.57404,600.4444,765.97473,1.220450823471389
174,6,552.3275,731.2311,567.88837,743.8036,590.9534,749.53296,24.986788707513437
174,7,399.04233,764.14966,381.29303,745.3914,364.84644,729.497,2.5611669638927297
174,8,816.23004,506.41074,812.4885,528.2824,812.2305,550.87463,9.053147210481649
174,9,545.8256,273.80988,526.047,281.94485,503.97083,284.93982,14.63158515384332
174,10,432.22137,813.8824,409.3993,805.3037,389.53424,795.6136,5.402036210254326
175,1,207.24226,538.86224,225.6779,534.73627,247.74411,538.2219,21.591639275993558
175,2,797.15704,416.8468,775.80817,409.53268,761.90283,391.89453,32.83748824992086
175,3,470.0289,293.99704,484.37997,318.52106,514.3461,338.20135,26.369550403750015
175,4,531.596,755.78503,534.0238,741.4061,544.5647,730.3173,33.96524931203033
175,5,576.9617,755.11694,587.1992,760.25885,601.5995,765.9844,4.985898596737959
175,6,550.7338,730.5237,567.1802,743.4009,591.5668,749.38184,24.280180032841226
175,7,398.55423,763.228,382.86008,745.0285,368.67493,734.62573,12.972812975481702
175,8,818.2667,508.88895,812.21466,529.9059,812.0955,552.7922,15.76610107675544
175,9,546.10486,274.26273,526.5026,282.4429,504.49567,285.05496,15.88228517711107
175,10,393.071,799.4686,411.31107,806.3094,433.9704,813.5207,2.904477213236404
176,1,207.44312,538.36194,225.9256,534.52295,247.95183,538.0163,20.746041789530334
176,2,785.0716,406.045,775.7708,409.2911,776.6408,405.9407,123.79609710498369
176,3,469.9807,291.76093,483.59402,317.9093,514.26086,338.24948,28.942860616213384
176,4,529.9237,753.9109,534.8486,740.6685,546.18994,729.4444,24.897423355001436
176,5,581.1421,754.3725,591.3292,760.41547,602.5021,769.4359,8.239523422034246
176,6,562.72455,736.3698,567.3664,744.1499,580.4071,742.8032,65.07425840724501
176,7,402.17102,765.61017,383.95004,747.33185,366.81015,731.56244,2.4745670204820427
176,8,819.5574,509.70215,811.8441,528.5735,813.08905,551.436,25.348097917009348
176,9,546.40857,274.81467,526.5487,282.2016,504.22943,285.1289,12.930804517645186
176,10,400.8503,803.17633,412.61743,806.81305,428.85846,812.48425,2.0744311248881675
177,1,207.06297,537.52014,225.81473,534.5069,247.38426,538.63696,19.968504002094217
177,2,767.6189,394.79935,776.27313,409.61047,793.17,416.86993,36.451981788228366
177,3,469.83716,291.03702,483.8891,317.36917,513.9653,337.5963,27.991724186617198
177,4,531.25165,754.5243,534.4831,740.5872,546.58923,729.347,34.07017764340242
177,5,579.8058,754.495,591.19305,760.7525,601.67395,770.3884,13.805233039275558
177,6,557.11847,731.3866,567.45685,742.7672,587.01056,746.2486,37.65208174315429
177,7,403.32172,766.6404,384.76324,748.3799,366.69794,732.1507,2.600980537926017
177,8,816.7157,541.5561,813.15515,530.1379,822.75385,520.59344,62.48147253668999
177,9,547.02783,274.22287,527.0717,281.6665,504.60782,284.3094,13.745497969144788
177,10,409.5421,805.579,413.47168,806.832,424.42404,811.1074,3.638518773901217
178,1,206.90456,536.3421,225.91713,534.41943,247.17152,539.18677,18.416609059718823
178,2,762.4988,393.16736,779.58124,408.91516,801.47156,424.89758,6.538370344328396
178,3,467.10495,288.70538,483.20374,315.80817,512.4132,336.8178,23.563595649194983
178,4,532.96277,756.1525,534.37866,741.7075,545.78107,730.6674,40.32666391632707
178,5,579.779,754.5543,590.7104,761.4432,600.9377,770.6497,9.774609679761019
178,6,585.8342,743.209,567.85046,743.2773,563.7105,731.79224,70.39515290275286
178,7,405.3229,766.6264,385.72073,748.6556,367.4446,732.5868,1.1914046324681435
178,8,817.6748,543.31036,813.2299,530.39514,822.00214,519.95355,59.02572239807443
178,9,547.6295,273.95538,527.7429,281.14047,505.19366,283.59348,13.656492548095796
178,10,423.50168,809.74115,414.4095,806.8047,415.50504,806.5756,150.29169839342848
179,1,208.09236,536.14,225.62888,534.36066,246.86815,539.1271,18.442222041392366
179,2,760.7562,390.50986,775.1215,406.98337,792.7615,419.29102,14.006759980906763
179,3,466.3332,286.7868,481.91772,314.84518,510.24103,336.3706,23.716325661148954
179,4,530.8534,753.2559,535.12427,740.1999,548.04083,728.9785,30.903339946156294
179,5,577.9096,755.2879,590.3327,762.66315,599.58435,771.5591,13.180656829765683
179,6,587.4236,744.3671,567.9948,742.9256,560.99927,731.19305,54.951114683048466
179,7,407.0971,766.6798,387.49918,749.0161,369.01306,733.3458,1.7412501755679932
179,8,816.3719,544.89056,812.63605,530.04266,824.22797,523.152,73.39399324670214
179,9,548.4467,273.6321,528.5636,281.04016,505.94052,283.38174,14.525090471718825
179,10,434.6441,813.82007,414.56476,806.6739,402.7328,801.4697,4.15128834068279
180,1,209.46571,536.0434,225.45943,534.4985,246.02345,538.9307,17.680539716360126
180,2,760.16364,389.37732,773.93835,407.18155,789.19885,420.66693,10.805363860777183
180,3,464.9128,286.688,481.46335,315.20084,509.60086,336.80936,22.343710827080656
180,4,527.58356,738.25665,534.22015,738.9151,546.4532,737.5995,11.804384907743438
180,5,574.29504,757.06885,589.8165,762.4151,593.1504,774.66235,55.76644541265515
180,6,592.72906,748.5041,568.06195,742.8616,553.783,727.8473,33.55347500378834
180,7,409.29672,768.7276,388.9433,750.7806,369.57352,734.109,0.6861405574741505
180,8,815.1954,550.1602,811.2606,529.72205,824.555,520.1279,65.080486994239
180,9,549.79004,273.68146,529.31616,280.80994,506.681,283.18726,13.201144740815792
180,10,437.24854,814.3034,415.09442,806.67896,395.56628,798.4244,3.9227118405048995
181,1,206.62407,535.7967,224.79153,534.66925,246.28586,539.1284,15.27132175099228
181,2,788.2417,421.67993,773.0287,406.64178,759.9089,388.80258,8.998638327297485
181,3,464.3261,284.52368,479.1694,313.4354,505.8913,336.1958,22.40125021504127
181,4,522.8342,742.4745,534.6468,737.6834,550.7298,729.15906,5.847608429237793
181,5,569.4138,756.4846,587.86884,762.449,592.8398,773.23755,47.35164893460911
181,6,592.204,749.75745,567.59283,742.4882,553.5281,725.93726,33.18741574968847
181,7,409.26965,769.75726,389.99127,751.611,370.46,735.4827,3.718469727397037
181,8,819.7384,533.42303,811.08624,529.55334,821.8666,532.3242,170.3180557055428
181,9,524.41473,281.85742,533.4497,279.79935,537.25507,279.14023,3.005763420228808
181,10,439.2419,815.0923,416.86258,807.0472,396.26535,798.906,1.7938418685234128
182,1,205.75961,535.7331,224.39886,535.00415,244.6844,539.3486,14.327643588089789
182,2,775.77545,409.03323,771.4044,411.2197,767.9288,393.99728,105.16538363339862
182,3,465.76273,283.71545,478.2241,312.27728,502.8439,335.8277,22.70040526199615
182,4,525.0709,740.11017,534.54816,739.0438,548.93567,734.2258,12.09458278015068
182,5,591.87976,778.72424,589.66583,763.61365,568.3814,757.16205,64.80184804838748
182,6,590.56525,749.2038,567.4421,742.7191,555.0843,726.07904,37.73482887655888
182,7,410.1125,770.5632,391.00586,752.61835,371.7853,736.5245,3.2636281246962175
182,8,815.38715,550.4466,811.0673,529.1414,822.3054,512.7084,45.82900581739058
182,9,515.07684,283.27924,535.1991,279.2305,551.7586,277.55035,5.582967760547761
182,10,440.30862,815.4749,417.17517,807.2644,396.7124,799.80396,0.4905875999576624
183,1,244.55612,537.92365,223.18098,534.32074,206.0161,536.3006,16.14723885897688
183,2,759.9466,393.99908,772.622,411.90268,787.1506,413.56216,48.18600426155201
183,3,462.09763,298.34225,476.8574,318.8331,501.44025,335.97882,19.33992110470745
183,4,532.2444,756.0212,534.9097,741.42444,546.8961,728.9264,33.45473362632515
183,5,593.609,780.4456,589.46967,764.33704,569.31573,756.8394,55.18268791805715
183,6,559.4478,729.82623,567.5276,742.758,586.534,745.72894,49.11864873892359
183,7,411.7322,771.31165,392.5661,754.17474,373.47424,737.93616,1.417755267793439
183,8,814.6568,549.6868,810.8523,528.3392,822.25195,512.0588,45.104969591924544
183,9,513.03754,282.8704,535.9636,279.11053,558.86084,276.7284,3.37411624385611
183,10,440.68396,815.57056,418.07794,808.051,397.59283,800.1639,2.658737868825755
184,1,206.21056,536.4487,223.56653,534.7191,244.13527,537.93427,14.575183095362519
184,2,763.185,390.13388,778.74316,409.15073,802.6617,427.23483,13.620661036196346
184,3,460.78104,292.86868,476.16452,315.08652,498.73026,334.53116,14.550409355377804
184,4,530.0112,755.7857,535.092,741.01086,548.98846,728.56396,29.172612360451463
184,5,594.66345,780.3037,589.55505,764.3687,571.8234,756.8663,49.29158835752479
184,6,568.69714,737.36017,568.72986,742.193,575.9021,744.68274,70.4684026271032
184,7,412.52417,772.2521,393.93814,755.5013,375.09866,739.6552,1.9593463465010175
184,8,818.1533,549.7726,810.5537,527.80896,823.34485,513.4087,60.699379689195794
184,9,514.2552,281.908,537.07776,279.41306,558.91003,277.11115,0.22028696137813833
184,10,441.61752,816.6976,419.2716,808.7353,398.57758,799.9124,3.4789652953688317
185,1,209.44153,536.2893,223.05217,534.55707,244.04858,537.81433,16.071347996372705
185,2,763.44653,389.23175,777.8043,408.35184,801.8463,426.08725,16.680497234277574
185,3,463.28516,285.2479,474.08856,311.27676,496.81165,334.3536,22.01632004288708
185,4,533.1937,754.7328,534.8183,741.4188,544.92865,730.6198,36.156768796895705
185,5,595.2996,783.17084,589.48975,764.77594,572.4696,758.1046,51.068195281666085
185,6,560.1617,732.206,564.9594,741.74066,578.7794,741.76263,63.19791626446633
185,7,412.94315,772.8317,395.8843,756.5976,375.93796,741.8464,7.096386909042791
185,8,821.2427,514.43243,809.71185,527.02106,816.2925,544.91925,62.67575719909026
185,9,515.82935,282.01126,538.2019,279.62598,559.3688,277.32053,0.13122123336572936
185,10,442.52905,818.1775,420.32675,809.27325,399.14526,800.11914,1.5196837509178576
186,1,224.39188,537.5031,222.70993,534.74615,235.49069,536.97565,131.28141695543295
186,2,764.85693,386.64615,775.9896,408.01752,800.5581,424.42642,28.74591823588812
186,3,458.40863,283.78903,466.78644,305.67838,473.30237,317.97784,6.969872181811424
186,4,532.14526,756.99506,534.83,742.1364,546.1793,729.2074,31.035138048952817
186,5,595.602,785.851,588.0064,766.3695,570.686,758.5813,44.48857724542005
186,6,551.6444,722.16895,562.20197,738.7312,579.8502,750.76605,23.193463720393904
186,7,412.92908,772.0777,396.3621,755.99866,376.57678,742.5055,9.850535975105833
186,8,821.41205,513.60785,810.4153,526.3589,815.0139,541.7252,57.435871924811615
186,9,533.5297,280.3259,538.37463,278.53555,539.8642,277.69016,9.296142840649317
186,10,442.14716,817.98914,420.91006,809.23535,400.33557,800.3918,0.8584339879481057
187,1,243.69998,538.5766,222.30576,534.13696,208.51218,535.6209,17.863784986936373
187,2,764.58716,387.00793,775.836,407.81143,800.27875,423.70847,28.559980071014117
187,3,464.37585,280.23578,472.63974,308.71133,495.98624,333.89996,26.643157937931022
187,4,533.3194,755.10974,534.9495,741.55725,544.4215,730.43524,33.56042547542329
187,5,597.37164,785.46405,587.4267,766.7107,568.7809,758.8858,39.297084795326505
187,6,560.2322,731.6956,559.9987,738.1535,567.2227,740.74084,72.36495129664422
187,7,413.83246,772.56775,396.60822,755.62775,376.53778,742.7391,11.815831476820279
187,8,821.42615,512.2184,811.1135,525.66174,813.4821,541.12274,46.20227364622714
187,9,534.1788,280.15985,539.1757,278.22104,540.702,277.68246,1.770341257317514
187,10,441.23947,819.531,422.4216,810.47174,404.95593,803.64417,4.355815696480145
188,1,240.86917,536.8042,222.41426,534.3124,211.5657,537.7027,25.04441965764664
188,2,764.4111,387.34634,776.5248,407.9346,800.67865,423.85886,26.132108244923778
188,3,464.54938,277.91022,473.5991,307.08685,496.9901,333.0877,24.743042503972035
188,4,537.54645,749.4246,534.78534,743.31323,540.53174,741.79614,99.52426288097304
188,5,595.9152,782.57495,587.95166,766.97644,571.4642,761.9285,45.93134181658119
188,6,574.91235,752.7864,560.1783,736.91296,549.6637,716.56946,15.535897875197959
188,7,415.70844,774.5732,398.27368,758.3602,378.12683,742.48584,4.6846251388341775
188,8,821.758,513.0677,811.0867,525.3865,813.0824,539.9198,48.72021904507
188,9,557.77716,277.35886,539.26184,279.1541,518.3334,280.39224,2.1525871060021795
188,10,411.96832,809.15076,422.6456,810.6429,430.549,815.59326,24.10593044339467
189,1,207.71547,536.7464,222.71304,533.9604,242.41948,537.7269,21.344124242777312
189,2,764.0808,389.41702,777.61096,409.27808,802.96594,427.22107,20.44978497168568
189,3,465.9076,275.3673,475.77835,304.7964,497.88123,331.26538,21.321622035443017
189,4,547.348,733.56244,535.1094,744.87897,529.0287,755.9923,18.556451876000708
189,5,566.3874,758.62933,586.0287,765.3616,596.9958,782.341,38.22174659148612
189,6,574.66534,752.1658,560.31934,736.41364,549.4168,716.0341,14.179535078622777
189,7,416.96768,775.92584,398.83905,759.1614,378.6108,742.87164,3.9167168152759784
189,8,821.01135,513.29767,812.48627,522.9913,807.5241,530.2185,6.8570095112130796
189,9,558.4534,277.2291,539.76166,279.5005,519.5943,281.082,2.444485547808969
189,10,404.44232,803.95184,424.59543,810.89777,444.5231,821.7698,9.598781257164582
190,1,207.79044,537.73883,221.85234,534.67914,240.199,537.0169,19.53710274606213
190,2,766.8357,390.8479,779.78455,409.15894,803.148,428.1731,15.593438527567224
190,3,467.2016,274.91058,477.01035,304.61237,499.0482,330.80753,21.798374739984997
190,4,532.48724,764.3232,534.22943,746.9134,547.801,734.9088,42.79151700401004
190,5,566.8761,758.0759,586.8301,766.2823,598.92896,782.7795,31.38842298125872
190,6,573.93445,752.155,559.51117,736.14624,548.1139,715.5638,13.04263746800817
190,7,417.80368,777.41266,399.25516,759.76843,379.32498,743.384,4.1453871346886
190,8,821.5306,511.92838,812.3964,522.0638,804.1484,530.7397,1.526108796112188
190,9,525.198,281.05878,541.7719,278.7678,557.01624,277.3591,2.59042337681711
190,10,404.9759,804.1712,426.10455,811.1257,446.69464,822.462,10.617023158303176
191,2,767.7345,385.97208,777.0076,407.85617,801.52576,424.42648,32.983394024605595
191,3,466.4163,275.0532,476.53546,304.27542,498.524,330.75937,20.601349332622878
191,4,534.57574,768.6599,532.89746,749.7157,547.7496,737.2255,54.999853103730864
191,5,566.98,757.60736,586.1145,765.67163,598.7107,781.82263,29.19621438158035
191,6,574.0077,751.47943,558.678,734.61304,547.05505,714.2354,12.567965433058628
191,7,418.92325,778.2951,400.58282,760.6342,381.0949,744.20593,3.787806948299009
191,8,821.38605,509.70483,812.49646,521.0185,804.8895,528.3979,7.711771645161262
191,9,564.2749,277.86313,542.5846,278.5371,520.35095,281.6832,6.274230120074392
191,10,405.25055,803.5812,426.55048,810.9167,448.37152,822.72577,9.418054116196345
192,1,205.42017,536.7263,219.09401,534.16705,237.39471,537.9474,22.27242852734523
192,2,767.0819,387.39352,777.60754,407.99576,801.4044,426.26926,25.417146925869996
192,3,464.1502,274.08813,475.90308,304.04166,497.98303,330.53864,18.38093560279115
192,4,534.3612,768.9885,533.1293,749.0688,549.1162,738.4105,59.84811745927168
192,5,599.3756,782.7036,586.826,765.85626,568.7574,757.3825,28.192023149388042
192,6,566.4108,742.11316,557.9424,732.1722,549.2036,717.8683,9.004487982759525
192,7,420.29703,777.9581,401.66028,760.2908,382.47018,744.1844,3.463454184033006
192,8,812.7448,525.0844,810.8872,520.16724,811.65137,514.4826,28.351640050792682
192,10,450.6125,825.20337,428.15207,811.64075,405.44376,803.89606,12.293484001404801
193,1,206.15488,538.62067,218.81316,534.342,237.38261,537.3244,27.80030820544057
193,2,766.9822,386.96423,777.7866,407.91052,801.8171,426.477,25.02409017790584
193,3,461.6095,268.97113,474.18146,302.0146,496.38696,330.26926,17.333825045037944
193,4,534.36523,768.79425,533.76196,749.3596,550.8673,740.38745,64.09985365810283
193,5,600.7377,785.23944,588.2025,766.63715,570.1363,757.0206,27.999894391525714
193,6,569.6346,751.4064,558.10315,734.7593,553.6484,726.20026,7.214390159905705
193,7,421.66525,777.94794,402.47437,760.3176,382.99594,744.5209,3.5314713161312707
193,8,816.10596,520.6189,811.6691,518.5841,809.1643,514.9921,30.473663767751983
193,10,451.8916,828.55804,430.35535,812.9638,406.8452,804.2617,15.596411107802659
194,1,206.01878,536.51184,219.89499,534.388,237.59471,537.93353,20.029266395437347
194,2,767.47363,387.72714,778.8428,408.6543,802.6665,426.66995,24.38919692106134
194,3,461.09372,267.7582,473.34073,301.37943,495.3008,329.71088,17.764848400949607
194,4,534.23175,769.06305,533.8068,749.6047,552.2795,742.5978,70.47868428434224
194,5,570.66284,754.91003,589.0097,767.19104,601.80334,787.9243,24.525473910606806
194,6,553.7851,727.7172,557.5174,730.91614,559.95935,729.58545,69.18669892577374
194,7,421.43274,777.1889,402.52386,759.88275,383.51752,744.83997,4.105749895824651
194,8,817.1252,518.37286,811.87726,519.2689,811.2655,519.5012,11.103546884481847
194,9,563.6835,282.00482,548.2966,277.87274,529.4686,280.61716,23.325045625094237
194,10,407.48645,804.1525,426.08398,810.1393,443.9116,821.86505,15.49019861772263
195,1,206.6561,536.7367,220.14339,534.67816,237.45131,537.7907,18.87268931778929
195,2,767.5186,386.2751,778.61505,408.8528,801.6274,427.0656,25.467554230834644
195,3,461.0568,267.40768,472.52304,300.82675,494.34732,329.02457,18.801484742653987
195,4,534.36426,769.1903,534.0422,750.3563,552.65216,744.72144,74.1340222748619
195,5,571.27856,754.6251,589.23596,767.80457,602.48254,787.8656,20.28666009081975
195,6,561.7539,732.2324,551.5471,726.0169,542.7074,716.5223,15.706061351726785
195,7,421.43573,775.3297,402.94794,759.5507,385.09875,745.1225,1.5300787781324403
195,8,817.512,518.9071,811.6247,519.1055,809.776,518.9873,5.589423044302512
195,9,551.5078,281.23578,549.534,277.92227,544.24866,280.44373,84.72246295441698
195,10,406.59464,804.98047,427.68167,810.53687,445.42953,823.66425,21.72703568658431
196,1,206.7822,537.73224,219.76578,534.8394,237.60912,537.5079,21.06619260476765
196,2,801.788,426.90018,778.6179,408.62546,767.6948,386.1749,25.79166953021379
196,3,461.03854,267.0815,472.04764,300.24457,493.2851,328.34702,18.714368459971606
196,4,534.26953,769.1428,534.3039,751.0711,553.14,746.3144,75.71837856756231
196,5,571.2654,754.91956,588.6359,768.9893,602.2212,789.3013,17.217423557959638
196,6,572.07996,749.15753,555.8259,730.3101,543.6348,708.6528,11.39900190516972
196,7,423.83463,775.08984,404.52115,759.93726,386.96454,745.31604,1.6715207585506484
196,8,817.4448,518.06006,811.4818,519.3305,810.04736,520.0125,13.40142975834246
196,9,529.2176,278.98862,549.673,278.00308,568.7504,279.74118,7.964051562855418
196,10,407.03754,805.0417,429.6721,811.67725,453.07837,825.6556,14.506778479030334
197,1,234.79749,536.1465,219.25009,535.6122,211.52061,539.611,29.323010291819493
197,2,768.4305,391.9931,781.8258,410.43146,804.7683,427.9816,16.587274254865115
197,3,460.44376,267.8308,471.34628,299.6752,492.54697,327.2802,18.624699479838842
197,4,533.6478,769.4122,534.1228,750.93634,552.9186,747.6743,78.68170192993338
197,5,570.9152,755.4038,588.06854,769.1039,601.5237,789.97406,18.576090733406904
197,6,572.19794,749.58075,555.38025,729.59656,543.08356,708.23376,10.156987470523465
197,7,424.89285,776.1108,405.96796,760.9823,388.2134,746.5736,0.4228991070506066
197,8,818.4744,517.77856,812.7172,519.8791,810.5134,520.40625,6.591897055797359
197,9,529.8821,278.6002,550.26514,278.0571,570.9828,278.9897,4.103602903407095
197,10,410.76907,805.08105,430.43262,812.2355,449.8774,824.49176,12.23022478700776
198,1,237.56412,536.52594,218.85924,535.72437,207.47224,538.9029,18.050212119329476
198,2,768.4248,387.86014,782.89453,411.66104,805.5532,434.45474,13.532353498456857
198,3,463.7621,270.57867,470.44537,299.3448,486.73514,324.27698,20.079490158242375
198,4,535.3764,771.27094,537.407,750.8991,557.5493,747.40015,74.45317846476965
198,5,570.66,756.4077,588.3773,769.23175,601.4318,790.2837,22.29908460099552
198,6,572.1179,749.62006,555.7489,731.64594,543.8115,712.0099,11.027337610345588
198,7,388.53305,748.3537,406.44162,761.5181,423.97418,774.05164,0.759760786016332
198,8,817.4529,518.4266,812.3316,518.6683,808.9412,517.9165,15.20431301074387
198,9,530.062,278.14285,550.3033,278.61136,571.56396,278.2382,2.331457480119851
198,10,411.5142,805.00977,430.39114,811.20905,447.93524,822.2459,13.993278725273619
199,1,236.55365,536.28784,218.48032,535.868,205.82944,541.4251,25.045145713084146
199,2,768.9749,389.63364,783.91583,413.683,804.9286,443.12915,3.6606764475559417
199,3,484.25986,323.09756,467.43442,303.09683,458.80112,277.62793,21.346591819127102
199,4,535.453,771.3249,537.5402,751.25555,557.0803,747.5016,73.18762227343375
199,5,571.1034,757.0317,588.88684,769.3209,602.6097,791.3669,23.452781464843888
199,6,572.45935,751.90015,556.15607,732.2781,544.44226,712.3671,9.253254980522435
199,7,398.9767,759.2157,406.82968,761.8631,415.1324,770.1804,26.42035167223207
199,8,819.70355,515.04376,811.5542,519.3985,807.83435,522.4601,11.337253268253633
199,10,412.8411,805.4866,431.83627,812.5159,450.13727,823.9509,11.690845292705967
200,1,234.2675,536.59186,218.04666,535.77344,204.82135,542.6759,30.449055494086185
200,2,769.62775,393.8511,787.46765,415.74643,801.08685,448.90845,16.845206532995906
200,3,459.33768,268.2105,468.8552,296.51926,487.38846,322.52475,16.893363274578284
200,4,534.9056,769.4939,538.1895,750.7614,557.6185,749.21783,75.51424484104825
200,5,573.9346,760.3854,589.20374,769.90204,601.0453,789.79395,27.301230448914207
200,6,572.4594,752.09247,554.9301,730.47186,542.68005,707.6959,10.760404354691165
200,7,427.4201,779.63184,408.28433,762.998,389.11072,750.08325,7.036005890659936
200,8,818.48444,518.9959,811.1588,518.7187,807.48505,519.4208,12.986421388835673
200,10,451.57797,821.72577,433.96924,813.2995,418.18472,809.2064,11.035244200065279
201,1,234.3826,536.6013,217.90057,535.87195,204.59302,542.04236,27.409901420190124
201,2,801.1561,451.73828,787.5942,416.5454,769.41486,394.4558,18.379018576623324
201,3,457.15195,267.4567,467.14297,291.50204,480.67078,313.76807,8.717670635832198
201,4,535.1703,769.2619,538.8463,750.82526,558.19604,750.86304,78.83571924881277
201,5,587.79535,776.3863,588.7091,769.8576,585.21655,771.4575,122.57956802732255
201,6,572.08124,751.842,553.90265,730.0173,542.0291,706.26935,13.227915997961004
201,7,429.1146,779.87286,408.8725,764.6246,389.42682,749.7779,0.37009435376366145
201,8,817.485,521.0766,810.9856,517.6494,806.4522,515.8567,6.226803407797909
201,9,532.55383,277.88593,552.86206,279.06854,573.6687,279.10703,3.2268286023410586
201,10,416.41394,805.29517,434.25916,813.84753,452.14862,823.9871,3.937858453888388
202,1,234.40155,536.73267,217.70863,535.82135,204.68854,542.10144,28.87462455630873
202,2,765.89343,391.62793,782.7248,415.37262,803.51733,447.5573,2.4668033224074004
202,3,455.5611,263.4057,462.84372,288.0406,463.54053,311.04224,14.733675013765891
202,4,534.1655,768.8334,539.1263,750.5857,558.96326,752.96655,81.63529389861841
202,5,599.3777,788.9087,589.3487,769.47473,571.955,757.27936,27.668017901262992
202,6,570.2157,751.0058,552.94586,727.6018,539.7759,702.96106,8.300092281875441
202,7,430.24908,779.4505,409.18024,764.4157,389.62616,749.95325,0.9751828637849022
202,8,815.3666,523.2193,811.27673,518.99,810.50726,516.77594,24.87519540747658
202,10,450.9517,823.414,435.39078,814.66473,426.48663,813.2769,20.48832060038066
203,1,234.20555,536.72406,217.69289,535.9184,204.66174,541.6823,26.65399293345847
203,2,765.87274,392.20233,783.32904,417.7425,803.4469,449.82306,2.2601004110162966
203,3,457.3429,262.4696,468.05383,292.76016,487.3101,321.57672,14.27833509191155
203,4,534.3948,767.39166,540.61273,750.8474,559.06934,753.1723,76.5813379064106
203,5,600.5783,790.90967,589.3727,771.37,572.864,757.4808,20.09168183054614
203,6,568.0299,750.0738,551.74176,727.3811,539.4312,702.44464,9.395173963991617
203,7,434.00925,777.34314,410.5798,764.60944,391.10364,749.9364,8.47009108869945
203,8,817.60516,519.4323,811.81354,519.04224,807.8782,518.12787,9.227265559706911
203,10,415.7346,806.20337,435.49747,813.3249,454.69806,825.0029,11.491936585580715
204,1,233.83304,536.7702,217.21767,536.0278,204.64731,541.9442,27.7632488783493
204,2,765.3028,397.53162,785.7742,420.74414,803.03394,453.6772,13.750958537072425
204,3,457.7455,262.54626,469.7668,291.9516,488.62787,320.47632,11.237976320985396
204,4,532.99005,740.2435,540.0144,745.3484,552.30176,749.059,19.203627460138996
204,5,601.5823,791.99835,590.46326,773.76917,575.97687,759.62683,14.307122057701516
204,6,565.4385,748.26855,549.68774,726.17633,538.86005,702.24567,11.142191907138752
204,7,436.92694,777.6997,412.1849,765.64557,392.35345,750.09357,12.128844656958407
204,8,817.1706,519.0765,812.5306,519.5197,807.5185,518.73065,14.403376508261388
204,10,416.62573,806.0673,436.16364,812.35815,453.96042,824.0389,15.430896407927333
205,1,234.23024,536.634,217.58163,535.9846,204.76944,541.5594,25.748144092649657
205,2,790.41925,450.35858,799.32544,447.87778,804.9027,465.62106,88.11552546690774
205,3,457.1754,262.44095,469.75256,291.77695,488.66318,320.26968,10.366101052895319
205,4,533.113,768.3843,535.40515,751.2841,549.6653,750.6769,79.92699673517477
205,5,589.1766,773.27234,591.4311,775.64844,592.46246,784.5973,36.92153586933544
205,6,563.26917,748.34814,548.13116,725.2051,537.3342,702.8997,7.359540991021995
205,7,436.98236,778.5567,412.66797,765.79596,393.1237,750.8578,9.700061067029747
205,8,814.376,524.3008,811.70465,519.3815,808.43445,515.12274,9.016807947531388
205,10,420.25262,807.9242,436.71237,813.3388,458.039,823.95123,8.246407391221306
206,1,234.47876,536.61676,217.70015,536.2353,204.63495,541.42676,22.972861669978176
206,2,786.4971,454.07767,792.4737,462.139,795.11707,474.81537,24.774013581448862
206,3,456.5604,260.88614,469.1829,291.36374,488.62415,319.84485,11.820317017721951
206,4,533.1918,768.12115,536.0858,751.598,550.55304,751.95166,81.46562332672356
206,5,578.50385,762.16846,592.1762,775.08295,602.6711,795.94055,19.922732887913977
206,6,562.1118,747.81335,547.97894,724.45197,536.7467,702.1496,4.441266937900642
206,7,437.37378,778.9348,413.05505,766.05756,393.7749,750.9476,10.183890172844603
206,8,815.7852,523.1989,812.3442,519.0072,808.5366,516.455,16.783178065065368
206,10,418.1006,805.52765,439.01447,813.7829,462.10742,823.50525,1.291042948882604
207,1,204.60954,541.20245,217.58441,536.2263,234.30496,536.76135,22.815630731854316
207,2,788.15894,475.11087,792.87665,472.22537,789.4583,468.66675,102.39683915150187
207,3,454.27094,257.76044,468.44604,289.8423,488.40317,319.52148,10.080126951652831
207,4,533.37213,768.02747,536.4502,752.3103,550.8225,754.4046,87.21003315273379
207,5,592.78064,780.2757,592.10864,773.63477,586.5695,772.6275,73.91554977745126
207,6,562.74426,747.469,548.6322,723.87933,537.33875,701.53955,4.071118077059534
207,7,439.14447,779.6889,414.41827,766.9248,395.43057,751.65326,11.50567593830274
207,8,818.01105,522.03925,812.424,518.84985,805.16724,518.425,26.369435070025137
207,9,537.053,273.5447,558.8149,276.82767,582.3528,273.34033,17.006393441376918
207,10,418.372,806.0406,439.10367,813.691,464.2238,824.20807,2.4627533540032824
208,1,205.57608,540.439,217.82144,535.9956,235.37885,536.95966,23.08694797895645
208,2,783.82245,446.67343,791.93524,460.58087,796.8112,477.55048,14.225552129836792
208,3,452.90198,255.0145,467.55356,288.4421,487.77582,319.0294,9.801808830202182
208,4,533.99036,768.11255,536.02704,752.7081,549.8423,753.2709,84.80094217282982
208,5,577.9674,761.857,593.1098,774.9646,603.138,796.0535,23.687763207085894
208,6,563.4603,747.77386,549.43756,723.94885,537.9406,701.31494,3.551484950051108
208,7,439.4914,780.18866,416.27835,767.6986,397.35025,753.5155,8.5617847888124
208,8,811.32135,530.8337,812.9447,519.8749,815.3967,513.2519,11.889985964201635
208,10,419.24106,806.5486,440.48965,814.56775,466.0888,824.466,0.4635163295137526
209,1,205.43349,540.06696,218.19023,536.77075,236.27165,536.06976,12.267553463813707
209,2,781.0664,444.223,792.0139,457.57956,798.103,475.63876,20.70643901804698
209,3,451.77338,255.30884,466.81805,287.98758,486.8248,317.91986,9.03831150698649
209,4,533.7521,767.2625,536.68915,752.9001,550.8583,754.4576,84.71540344265024
209,5,578.0182,762.89307,593.2078,777.0958,603.1345,797.75714,21.261166109296916
209,6,537.8151,701.2694,549.3665,723.32324,564.11993,747.4029,3.8508684236754633
209,7,439.47827,780.4982,416.75266,768.4339,398.22482,754.68164,8.622133226734631
209,8,810.2225,531.31506,811.7638,519.9625,815.9292,513.55054,25.27716929798569
209,10,420.15152,806.70013,441.52768,814.65265,466.1985,824.3473,1.0460496474156669
210,1,237.4746,537.2257,220.54245,537.675,213.45909,533.10297,34.360540367623926
210,2,783.21875,447.90433,793.8375,457.96234,798.64044,472.3672,28.11388143829318
210,3,450.84598,255.8519,466.13803,287.88846,486.2736,317.15936,9.007629525192934
210,4,533.5891,766.0719,539.8302,753.7283,555.5386,759.0471,81.8843575666139
210,5,577.3017,763.07495,591.88965,777.6304,603.39465,797.8312,15.401078177676494
210,6,539.06085,704.9887,550.134,724.92725,564.2126,747.2854,3.151880163652032
210,7,438.8939,781.36163,417.56345,768.978,398.65408,755.8047,4.725509690269385
210,8,814.7357,518.80414,811.14825,518.59314,813.34973,522.59326,122.19230243798295
210,10,422.39792,807.502,443.7105,815.6769,467.27887,825.3522,1.3338352940682834
211,1,237.02484,538.3517,218.92493,538.0877,212.56853,534.4834,28.71924947816616
211,2,786.4276,452.2535,794.20355,459.25494,798.0514,466.5884,20.31440849027155
211,3,452.445,255.72557,465.52237,287.29736,484.84805,315.76462,11.67173456205791
211,4,533.98444,764.83813,542.77057,754.6613,558.3491,762.64124,76.31762049010207
211,5,577.4801,763.13617,592.1625,777.889,604.2312,799.31714,15.473912293417118
211,6,535.09814,699.2371,548.6264,721.49445,563.7475,746.2526,0.12194656246489412
211,7,440.93896,782.7704,418.6922,769.5292,398.6182,756.53046,2.1636511141554546
211,8,817.3749,518.53705,809.8162,518.79236,813.0711,524.56726,117.47216824978625
211,10,424.47226,808.91254,445.7744,816.1912,469.3349,825.74493,3.207782520218147
212,1,213.90666,535.95844,218.96417,539.48755,233.24284,537.1314,44.277206956351236
212,2,788.18256,453.21997,794.8767,459.7314,798.8311,466.2304,14.473653184862602
212,3,449.73444,255.70132,464.86652,286.32886,483.7603,314.8939,7.189437482404934
212,4,533.831,763.33765,544.43756,755.222,559.2469,763.95337,67.94461532894334
212,5,598.5897,787.7365,593.0784,777.0358,583.4457,774.53046,48.170689073925935
212,6,534.7289,698.9466,548.5172,720.8326,563.4668,746.28265,1.7808120380586896
212,7,441.8888,782.9915,420.55252,769.68774,399.14642,756.93066,1.1514807761096841
212,8,815.94904,541.1337,810.6161,523.623,823.3424,510.60715,61.293888501758225
212,10,425.02484,809.69116,446.19257,817.123,470.27475,825.87445,0.6252627860499127
213,1,224.62376,538.71533,218.71402,539.7949,224.40717,538.19025,174.6115841625515
213,2,782.7087,443.35883,793.7721,456.23483,802.32446,474.45786,15.528615729958563
213,3,451.58356,258.88385,465.22983,287.52875,483.37228,314.59436,8.36163456387608
213,4,533.8358,761.439,546.0616,755.8141,560.89685,766.71216,61.00784111472828
213,5,603.3663,794.1297,592.4749,776.24036,577.1228,764.0884,20.302768232252443
213,6,535.0862,697.743,548.229,720.5512,562.80066,745.38885,0.44718706672618347
213,7,443.63446,784.177,421.875,769.68243,399.83218,756.96497,3.6861022316469336
213,8,818.769,525.40405,811.92957,523.8162,820.54443,529.0837,161.62701535898788
213,10,462.33548,825.5922,446.08136,816.5467,430.99866,810.56134,7.4512977557461495
214,1,215.85051,537.1776,219.51816,540.0144,230.9631,536.9982,52.48455762997605
214,2,782.00446,452.80225,788.1869,454.71854,791.1336,447.23315,85.73348733409755
214,3,449.44354,260.08167,463.70248,286.4097,483.35446,314.0832,6.940541930142137
214,4,534.1935,760.3083,547.3028,755.83734,561.67395,767.6853,58.33507667522403
214,5,604.0054,796.59076,594.3926,777.83185,579.7988,764.8845,21.288743330065323
214,6,532.94965,697.2674,547.3313,719.3107,561.9274,743.05927,1.5462365105102014
214,7,444.274,784.3106,422.1714,770.2915,400.49866,757.1435,1.142267110526067
214,8,817.94165,537.31274,813.8149,523.14,821.95264,512.4313,53.46616004717382
214,9,586.4451,278.3687,563.09125,278.22473,540.92786,276.59503,3.8522919699635425
214,10,429.6373,812.76086,447.846,818.0036,471.4093,826.7082,4.212543616591442
215,2,780.9383,450.57178,792.8769,455.97055,802.18884,462.47058,10.583234890782455
215,3,452.50626,260.77142,464.18576,286.83337,483.1839,314.43622,10.39909221472761
215,4,534.1142,755.3107,551.32263,758.73584,570.9084,773.17773,25.14699371558499
215,5,590.7087,777.9188,595.2943,779.3811,596.1802,788.1151,66.52186810328413
215,6,532.82513,697.2522,546.5485,718.44965,560.352,740.96246,1.4049992828294493
215,7,445.25235,784.6787,422.4862,770.6575,400.90067,757.4201,0.1083523598284494
215,8,820.405,541.044,814.3329,522.62726,820.10876,506.09857,37.50952657690312
215,9,589.0339,279.76147,566.06683,278.49243,543.0364,276.38144,2.0744311248881675
215,10,429.87424,813.437,450.25064,818.7922,474.42596,827.6889,5.47904563069141
216,1,214.16228,535.8871,218.12933,538.43176,236.73674,538.53827,32.35029079829607
216,2,770.9459,403.39304,790.52356,430.12903,811.9007,459.03055,0.27482532682606475
216,3,455.8233,258.51746,464.9988,286.29858,483.05914,313.983,14.841745453546997
216,4,534.54645,757.18665,552.80255,760.42584,571.31635,773.71094,25.601059802868733
216,5,583.77136,769.97064,595.4347,780.1663,602.4499,795.91504,24.830813737654992
216,6,530.23364,695.33405,544.368,717.0326,558.3225,739.07166,0.7391343789766731
216,7,446.16083,785.02496,423.2754,771.21533,401.73386,757.9146,0.5855063709741706
216,8,820.6436,506.07913,813.62164,522.96576,819.5526,541.9028,39.96929778413573
216,9,591.1528,279.73505,567.3426,277.72662,544.04236,276.57068,1.9812979378076665
216,10,434.95007,813.6769,452.43115,818.9692,471.06976,826.15533,4.24085487753301
217,1,204.50102,534.9325,219.3184,537.748,237.05502,539.0329,6.615209041606802
217,2,771.7695,404.50882,791.81934,431.69513,811.5957,460.82083,2.2321293018306463
217,3,462.93134,258.33984,465.8505,285.89093,485.0933,314.22195,28.136672835798183
217,5,588.54266,776.1058,596.2815,781.25793,600.1099,793.2318,38.615399906890175
217,6,528.51117,693.82166,543.8542,715.1446,557.0028,736.95764,4.656062081486072
217,7,447.66205,785.75525,424.53564,771.9291,402.93848,758.34753,1.291042948882604
217,8,820.3385,506.01126,813.45544,523.13824,819.5201,541.5588,40.11760747942926
217,9,591.3622,279.72437,568.2522,277.78043,546.074,277.61304,4.375779446609273
217,10,437.04114,814.75397,453.0794,819.43365,470.23376,826.0706,4.884953707041457
218,1,211.82303,534.9056,219.76495,537.3056,234.7029,538.1401,13.61728167765706
218,2,781.6072,414.22998,791.86237,434.08636,806.1108,458.02423,3.4473054781434924
218,3,472.88907,262.74484,469.87762,283.463,489.2141,310.8056,43.53785353263758
218,5,580.4924,767.91626,596.1097,781.2681,605.82556,799.6747,21.644253955719414
218,6,528.0228,693.19934,542.68036,714.2448,556.87384,736.17944,1.9499345922121951
218,7,449.57526,785.8844,425.89383,772.3166,404.16183,758.93915,1.8052607047863614
218,8,818.9983,541.3313,812.41064,522.1676,819.42773,507.38898,44.36974137177576
218,9,591.91736,280.16357,569.1104,277.9745,547.38116,277.21167,3.4721489328049984
218,10,432.23523,811.9371,452.91763,819.6072,474.8711,829.4816,3.8703963590059884
219,1,238.7852,536.0472,218.86919,537.4453,205.08333,537.75867,2.713609188237336
219,2,807.8306,451.4186,792.2552,431.97568,776.5602,412.1755,0.2940859630902249
219,3,470.0246,259.65765,469.61105,283.88483,489.20685,311.33823,36.49654461204567
219,4,535.15564,758.80206,554.1416,762.2075,573.6345,774.7891,22.671166708517706
219,5,594.8995,783.71173,595.83264,781.2177,592.92365,779.69366,82.86350693919668
219,6,526.9564,692.9548,541.7324,713.14984,556.1792,735.71533,3.5635381469392713
219,7,448.8355,786.6142,426.4049,772.5403,403.93808,759.3226,1.6368575982462956
219,8,820.3231,545.0362,812.00146,522.1401,819.7147,503.99158,42.99969466522393
219,9,593.19073,280.2779,570.37067,278.42526,548.6345,277.21738,1.4607213177946359
219,10,476.70267,832.89844,456.50598,820.82623,437.87674,815.7303,15.569370766874059
220,1,235.51404,533.6418,218.18594,538.71893,199.04858,540.7775,10.190937833890331
220,2,779.8847,419.70746,794.3674,437.827,807.03516,459.18863,7.96619569653255
220,3,468.6815,258.76343,468.1998,284.78296,487.04028,311.2759,36.479137542837286
220,4,536.5301,760.4498,554.97076,762.9086,572.8277,773.7486,23.664860927007812
220,5,608.5742,803.5677,595.818,783.0809,580.04034,769.30695,16.9702761477754
220,6,524.3847,693.3869,540.6009,713.3239,554.353,736.43115,8.365109517394998
220,7,448.3549,785.8788,426.52228,772.6659,404.54602,760.4062,2.026419979780916
220,8,820.038,545.1168,810.20135,524.51434,821.2288,505.2617,55.32524152789616
220,10,472.15884,832.79694,457.43674,821.6375,445.59225,819.16693,25.380178483216078
221,1,237.75172,535.36127,219.4268,536.9874,199.48912,537.99097,2.1896371630789506
221,2,776.18945,411.63254,795.0696,439.3564,814.43427,470.1507,2.0917186961935594
221,3,470.77484,265.92273,468.02063,284.69424,485.35767,306.6674,46.62084951991492
221,4,545.43317,765.33246,555.8011,763.4271,567.7498,770.3953,40.6628472874965
221,5,609.16327,805.2951,595.666,784.4882,579.6516,770.0918,15.07436099545788
221,6,523.40826,693.63116,539.5059,713.39325,551.857,736.94604,11.49282790768373
221,7,446.57996,786.1745,426.15094,773.034,404.60077,762.2091,6.079315417365461
221,8,810.0239,522.3563,810.56,530.8048,819.4798,543.82874,30.775739078945282
221,10,478.40442,833.6467,457.48758,821.3142,435.94482,814.4773,12.91588572377366
222,1,239.80095,535.91925,219.90057,537.07855,199.91623,536.8039,4.121460391177428
222,2,777.88617,413.7312,795.31335,440.87036,815.4183,470.78574,1.196976004815761
222,3,487.9746,310.13495,469.56213,283.7744,474.11,260.6952,46.08131015900997
222,4,564.9931,769.27,556.12683,763.5157,548.80194,766.5194,55.2812286461503
222,5,608.926,805.863,595.6463,785.0541,580.12854,770.51984,14.329465105020729
222,6,523.58124,692.9827,539.5766,713.26196,551.22003,736.8895,12.031194785134053
222,7,447.40784,787.6259,426.29355,773.60944,403.6247,762.8649,8.217881526587648
222,8,806.2553,530.5375,810.36786,539.05927,817.7199,550.048,8.023089181185316
222,9,594.07117,278.71207,571.1207,278.3613,550.6275,276.2476,5.013173058494758
222,10,476.77713,830.6809,454.62885,818.92,433.38934,812.5106,11.176635868584764
223,1,214.1012,543.731,222.66713,541.46906,238.79126,538.0509,2.8232748844867968
223,2,779.04895,413.39874,796.1803,442.81738,816.167,473.60724,2.7753748923938666
223,3,484.44034,304.9919,470.5086,282.98303,483.04343,272.73438,83.0640675457172
223,4,572.6475,773.30133,555.9621,763.65027,538.53076,761.06946,21.623838065875432
223,5,609.9348,806.4886,596.4066,785.3107,580.6789,770.86505,14.86296912588849
223,6,523.90955,693.73224,539.8074,713.0029,550.8956,736.8465,14.581370095946324
223,7,445.65582,787.03284,425.68817,772.8973,403.03342,763.259,12.248573137923886
223,8,808.24725,539.1873,807.94556,545.6316,814.5538,552.3785,47.08551846656629
223,9,593.68805,279.76596,570.5347,277.9834,550.09503,275.9384,1.3108979170342536
223,10,476.79916,829.2397,455.85507,819.1414,439.4629,815.96655,14.779756582330446
224,2,779.2419,412.74927,795.5171,443.1652,816.0889,474.3791,5.2365602228442825
224,3,485.92816,308.64432,470.0973,280.88245,484.37268,259.4306,63.335692324126825
224,4,576.32,775.3944,558.25446,764.67773,536.212,762.3752,24.713391068489774
224,5,580.6219,770.9818,596.9086,784.9573,608.84784,803.22156,16.195183597493575
224,6,521.6122,694.0707,539.09753,712.01044,551.5448,736.81445,17.616445408507797
224,7,438.72012,790.95984,438.7642,788.0244,435.28198,789.65344,115.93096210913173
224,8,806.68524,533.81616,809.5995,542.1097,816.19415,553.50903,10.68901582093157
224,9,595.0553,279.92075,571.56665,278.01834,550.15155,275.48782,2.1085861830526063
224,10,442.54718,816.6591,455.83328,819.78644,477.27545,827.61096,6.802359218558462
225,1,207.73125,540.97656,223.9196,541.416,241.76807,542.1634,0.8430231908366892
225,2,777.6367,414.88235,794.8558,444.15527,815.682,474.79382,3.7404685328257377
225,3,478.52472,249.83398,470.75043,279.5122,488.6978,310.51892,44.74219655741434
225,4,576.6599,775.71277,558.56244,765.3651,537.5174,762.6516,22.41273590244894
225,5,581.4409,771.50354,597.617,785.25305,608.9,803.2167,17.50269463447545
225,6,519.82886,692.4049,538.6877,710.97626,552.34515,735.92896,16.74665273998856
225,7,440.27402,804.6449,449.17938,813.0375,464.60757,818.1501,24.96778266241058
225,8,806.45496,532.1522,807.96265,541.4588,817.72577,551.23584,35.75707798275662
225,9,594.55005,281.02246,572.17303,278.46628,551.19684,275.4917,1.5544412554275815
225,10,453.5343,815.9384,455.93167,820.65826,463.8473,819.7217,69.82038374495461
226,1,207.84467,543.6357,224.26416,542.0133,242.30797,540.18634,0.13988230894202303
226,2,777.7218,411.91342,793.022,441.65384,814.60785,474.95538,5.727210335481223
226,3,478.94992,250.21066,471.55988,279.83118,488.8817,309.9052,43.94956217135085
226,4,578.52124,776.38586,559.8944,765.8733,539.52374,763.20154,21.9673472516833
226,5,582.98535,772.9824,598.71,786.4622,610.33276,803.82587,15.598278215425461
226,6,520.3047,692.8395,539.0103,711.54785,552.28174,735.5592,16.065746389740912
226,8,806.8054,517.36615,807.34564,533.845,820.20764,551.6799,33.92037446656903
226,9,596.81116,280.8965,573.7285,277.87692,551.9569,275.9914,2.5030365452309447
226,10,433.5014,810.8228,456.0715,820.5111,478.6177,823.5768,15.488382746393775
227,1,228.55971,547.0176,223.04758,544.31384,218.06203,540.97205,7.705559422548692
227,2,777.71924,411.6979,792.24396,441.43964,814.2995,473.95663,8.11907081088285
227,3,478.84293,252.13812,470.9401,279.3986,488.83694,309.64288,46.78154674533866
227,4,580.06525,776.75903,560.79315,766.5343,540.3799,763.7072,20.06311072449487
227,5,591.8124,785.1558,600.23944,787.08014,603.398,793.6163,51.34504500980761
227,6,520.1783,692.59467,539.1847,711.3226,551.1845,735.16156,18.703583212452866
227,7,433.09952,810.234,455.64563,821.0179,478.28766,822.7979,21.0668196610714
227,8,806.0335,515.058,805.9939,528.9697,819.7993,547.39014,37.013353001330096
227,9,599.1928,281.1228,575.13745,277.6976,552.32324,276.2516,4.477153183355584
228,1,232.95071,547.1362,221.96387,544.66693,206.42175,542.46826,4.614818336957299
228,2,779.1963,412.307,792.47943,442.04312,815.5516,473.69296,12.020999846655021
228,3,479.2572,244.24313,468.7005,276.87564,488.18835,307.91858,50.04594107567853
228,4,580.86694,776.9915,561.31696,767.13855,540.942,764.1242,18.332061554061347
228,5,585.11017,776.0852,600.62103,787.0294,611.5506,802.7987,20.068326467115206
228,6,519.9845,691.8191,537.321,710.1399,550.9304,733.7328,13.440494508009655
228,7,436.8169,814.33014,457.8324,824.1828,476.51926,821.55536,33.122036483522216
228,8,806.35614,529.16284,807.35004,530.99414,818.8491,544.01166,12.965995894433492
228,9,601.2298,281.14972,576.48706,277.40494,554.90967,277.07327,7.725680184403676
228,10,432.4736,809.5918,454.46286,820.84515,476.5901,821.90704,24.354305727142062
229,1,235.61563,549.7763,219.70082,545.46124,203.00395,533.0993,21.345137576998955
229,2,779.0927,412.92307,792.5175,441.22397,812.9431,470.57547,9.456169719527713
229,3,480.35254,242.708,464.7688,272.61273,471.48782,295.50266,43.88347193472167
229,4,581.5529,778.14984,562.08,767.4024,541.6064,764.4645,20.72898016615824
229,5,585.25757,778.89014,601.4026,787.7349,611.2181,802.2933,27.29606270353078
229,6,517.20514,689.1841,535.2091,706.10754,550.003,730.67834,15.720083890567148
229,7,447.05902,818.11194,461.10858,824.06226,475.1629,819.8825,39.516245400829824
229,8,806.05334,526.5065,806.9919,533.7985,816.7168,544.9318,33.803099658688495
229,9,598.2952,281.70078,576.19763,277.56808,558.3629,277.95416,11.8331973660818
229,10,432.93433,808.5519,454.06772,819.60516,475.1958,821.0234,23.770473032189233
230,1,236.99341,549.4878,218.77579,544.5661,201.76402,529.7483,25.93877700496922
230,2,781.57556,425.67572,792.34357,439.88315,794.8059,436.762,104.57039477354252
230,3,476.34543,244.37909,465.35217,274.44846,478.768,300.2507,47.55432796932685
230,4,581.64667,778.74005,562.45966,767.6758,541.39325,764.1835,20.55738602281056
230,5,583.9244,777.2456,601.06213,788.8254,611.6603,803.80756,20.678623646419716
230,6,515.5509,688.452,533.83435,703.755,547.56274,727.5155,20.052595657668963
230,7,462.68304,820.33246,466.609,823.29346,473.39117,819.8904,63.669989575598024
230,8,818.97534,548.7606,808.5054,531.76996,803.39703,527.1343,16.134917643799078
230,9,591.24286,281.7959,576.1117,278.23987,568.45593,277.99625,11.402647272085758
230,10,434.18488,808.4593,454.41696,818.20355,473.67883,821.2424,16.75128632456421
231,1,237.23541,549.87994,216.22,545.06805,200.0846,527.6425,34.30477834060232
231,2,790.9203,444.5624,793.20746,443.92197,799.5518,447.33798,43.94254479410432
231,3,477.70267,245.23961,463.33725,271.22546,470.05005,289.24542,49.36593178259664
231,4,581.2535,778.48303,562.5803,767.1815,541.4456,764.3195,23.471583439216044
231,5,615.0586,807.68713,601.6425,788.9661,583.9222,776.38354,18.996195823803273
231,6,513.74005,687.256,532.58923,702.15717,546.01276,725.6232,21.900661462822026
231,7,463.99603,819.8313,467.58054,823.263,473.09195,817.88385,88.05657771433
231,8,820.10406,549.6845,808.61273,531.66736,797.0052,525.39575,29.087725262477363
231,10,435.16183,807.30396,453.33606,817.4367,468.8241,822.5425,10.895889210419238
232,1,236.72636,548.9323,216.6268,544.2825,204.47487,527.82733,40.52887688197017
232,2,787.0743,424.28326,794.3391,446.62616,808.92194,469.26343,14.777440443491674
232,3,478.86017,244.22952,464.06644,264.4495,460.0039,289.25983,26.89139206751058
232,4,580.9468,778.507,562.5487,767.0344,541.62506,764.2204,24.286906377818234
232,5,616.90234,809.8791,601.80756,790.8135,583.8079,776.77673,13.681999183774797
232,6,511.13803,687.8312,530.256,701.58,546.4254,724.0345,18.520242811782985
232,7,465.61188,820.2324,467.92407,821.86206,473.43726,817.2333,75.1925473082928
232,8,800.9265,533.7629,808.9673,530.67487,814.1115,545.6055,91.99807307435134
232,10,434.58472,805.564,452.57574,815.86163,468.11566,822.96106,5.23240514767287
233,1,204.83745,532.94635,217.8642,542.5902,231.90173,541.4668,41.088578957273164
233,2,788.2459,426.84372,795.9826,448.97983,808.3464,468.96957,12.472215075582625
233,3,478.3861,243.70073,462.8648,263.15585,459.77405,288.54813,31.64292926352242
233,4,581.02234,778.5589,562.67346,767.22345,541.9311,764.57275,24.4242395359208
233,5,617.5204,811.3091,601.92,791.63776,583.54266,777.2973,13.617586288772094
233,6,511.18524,688.0442,528.6474,702.5703,544.69415,724.48627,14.032783056528793
233,7,470.64435,821.0045,468.84283,821.72534,471.5996,816.78937,140.99109216489163
233,8,793.1785,530.89496,808.8592,530.28644,818.4295,548.7044,64.76515492840277
233,10,434.2885,804.6315,453.05365,815.2778,467.67017,821.72266,5.7739726890756895
234,1,204.37541,535.1199,219.99693,541.5735,235.72934,540.42804,26.610902889927733
234,2,782.532,419.4797,796.466,450.04535,814.08136,476.37485,9.276969311652284
234,3,477.54016,242.92358,461.70728,262.63824,455.9621,288.12628,26.06544744772598
234,4,581.3956,778.77594,563.0891,767.5496,542.2942,764.6367,23.54439278168004
234,5,618.44617,810.6353,601.96606,791.31226,584.0984,777.1575,11.15379670715913
234,6,510.85507,689.49854,528.3023,703.9036,544.07446,724.7228,13.308817380246298
234,7,478.07455,818.2413,469.53067,820.694,467.05453,820.205,27.18747258995432
234,8,794.60455,533.6455,808.3953,531.74695,816.8414,547.95123,70.30900827209719
234,10,435.3633,806.0619,451.6905,815.4771,463.30756,823.3996,4.322595039523258
235,1,206.6552,540.2138,220.02094,541.66394,231.5462,538.0162,23.754827706881713
235,2,786.461,424.94095,799.70245,452.02893,817.4081,486.22092,1.3257416428209259
235,3,475.56204,239.13928,461.54077,268.77386,473.057,298.41052,46.555818207027095
235,4,581.1798,779.20966,563.1655,767.8659,542.59076,764.5343,23.001099111174526
235,5,617.2522,807.8711,602.56,790.61725,584.9603,777.5224,12.93384117482199
235,6,507.7776,689.46796,527.1416,702.9248,543.60535,724.72925,18.14785210319225
235,7,477.3363,818.36597,469.37344,820.64575,467.87823,818.8969,65.44703612585054
235,8,794.30273,535.3658,809.16943,530.42505,818.4335,547.5711,80.00107669028941
235,9,556.6438,271.6106,575.60114,280.70157,592.9504,277.5454,35.93045221895585
235,10,435.107,807.2714,452.8487,815.8163,467.59747,821.91394,3.254677751830776
236,1,232.13646,540.14935,222.60808,541.25665,213.64598,539.53986,17.472942129433626
236,2,786.751,424.94495,799.59576,452.20053,817.1273,485.7542,2.3535158374132634
236,3,473.78378,255.8137,462.046,277.65488,475.03503,302.1465,56.19335724306867
236,4,543.0893,765.3097,563.78705,768.23376,581.5492,779.30225,23.887851072336964
236,5,610.35504,793.3611,603.48865,792.6604,598.9956,790.07166,24.12255631678834
236,6,504.63773,688.56616,527.023,702.00854,543.3056,725.0156,23.72729345350791
236,7,471.50006,820.1225,468.6402,821.29425,470.9075,815.9876,135.41503208980973
236,8,794.9014,535.79944,808.7679,530.35144,818.04254,547.7844,83.43561694538813
236,9,556.8247,271.0072,575.1982,280.77386,591.6216,276.87286,41.355147450459654
236,10,435.81583,807.4916,454.2243,815.88684,471.68698,819.3893,13.17436500270644
237,1,206.93277,540.3852,220.25497,543.0299,234.52782,537.57495,32.14476213098931
237,2,786.9498,425.44666,798.27496,454.03214,817.6444,486.38022,9.299693890405145
237,3,476.25543,236.42136,463.77875,265.2276,472.83612,297.51056,39.090713458259565
237,4,544.15753,765.5662,564.70544,768.46814,582.1244,779.36053,23.979962424736105
237,5,621.76843,808.7167,604.15643,791.7971,585.7031,777.1483,5.407547259263329
237,6,503.75494,687.93884,526.17633,701.8144,542.93604,724.5899,21.900514969771844
237,7,468.19803,821.2407,467.90826,821.60394,471.13272,815.7657,170.33012512198317
237,8,795.1144,536.1664,807.9493,530.14966,818.787,547.8887,83.69318964831471
237,9,557.0887,266.52142,575.49554,278.33768,596.351,270.88412,52.364785109214736
237,10,435.9787,807.32324,454.06503,815.82916,471.2532,819.36957,13.548427567454786
238,1,201.73058,537.6857,218.70685,545.5499,237.17728,540.8908,39.01312875796403
238,2,787.32745,427.0242,798.2186,457.26898,818.3045,488.66388,12.806385489326193
238,3,476.59015,232.34294,467.3114,262.3068,474.09427,290.8154,30.58908228174704
238,4,545.3733,764.4918,565.0123,769.2758,582.68494,779.88403,17.284445551738045
238,5,610.56226,801.97565,604.0341,790.9763,594.91943,781.81647,14.169117122823874
238,6,503.36322,686.7456,525.3839,701.7574,542.7007,723.56036,17.259290079555385
238,7,474.68402,819.3936,468.28302,820.27026,467.72232,818.61664,79.06801638800711
238,8,814.59607,549.4987,810.0029,532.2228,803.62256,534.38043,93.79527579826826
238,9,562.169,271.281,577.1669,279.29077,594.788,265.0652,67.01889768747263
238,10,435.37973,806.02386,452.83725,815.1426,464.8851,820.97504,1.747756693593878
239,1,218.98497,539.624,216.2722,546.9389,213.8439,535.2894,147.87785778778655
239,2,818.28314,488.30286,797.06903,456.63452,787.4176,425.7395,16.46900660429864
239,3,463.5212,260.05273,467.4069,256.5789,481.70303,237.24388,11.723967258083894
239,4,546.25165,764.21985,565.3231,770.4251,583.2581,781.27625,13.151734971410002
239,5,586.8002,777.30597,603.71204,790.0172,618.3684,805.38403,9.426419290069745
239,6,501.25092,684.52124,523.91534,699.91486,542.7992,722.9667,16.49173483027118
239,7,468.72977,821.252,468.93695,820.8066,472.20575,815.3843,6.138970534600308
239,8,814.0173,551.5068,810.9483,533.3966,807.24115,536.839,123.26108394442096
239,9,558.40393,272.06818,578.34204,278.8116,595.5767,267.28604,52.45884492108256
239,10,436.15012,806.01636,452.52252,814.99554,464.7652,819.8238,7.2186583703360965
240,1,230.37787,538.7106,217.98645,547.4437,202.51242,535.5736,72.66698928331977
240,2,813.57544,487.51703,794.13086,455.8655,784.90247,424.32782,15.253522392894862
240,3,473.86353,252.4149,468.0723,252.54257,479.55386,236.9962,127.7101384443529
240,4,546.55804,764.8884,565.9652,771.2619,583.6197,782.40607,14.08103872583014
240,5,587.5236,777.7886,603.48315,789.69226,617.0277,804.2699,10.38578315942933
240,6,503.3824,685.38354,524.1728,700.50916,542.08185,722.5706,14.894051675003531
240,7,459.2534,820.77136,466.5921,821.6589,475.79535,815.77484,39.48815617853317
240,8,810.0449,551.098,808.83356,532.317,808.3757,541.8439,173.55791869219658
240,9,560.06396,270.77277,579.13336,278.08734,595.96136,265.10312,58.638854630927156
240,10,435.77338,805.62866,453.6029,814.86646,467.60904,819.20404,10.182151651623835
241,1,236.42644,548.42236,221.36769,546.2613,205.13853,540.0761,12.695910165969128
241,2,813.2484,488.7568,795.7847,456.35776,786.5338,426.9721,10.850919360378722
241,3,476.5562,231.66791,469.6856,255.12514,475.11234,264.12698,47.40877886121175
241,4,550.4941,767.20905,567.347,771.39734,576.48334,784.104,40.32665863915318
241,5,589.43396,779.98505,604.97784,790.09174,618.20013,803.88544,13.179638353183234
241,6,502.1049,684.33655,523.22504,698.9575,541.23364,720.6223,15.571431867934088
241,7,456.54556,817.75824,465.55496,822.4694,475.74774,816.4109,58.33291797264749
241,8,801.2143,547.02277,807.9431,532.3393,815.7336,539.99805,109.89152599313601
241,9,559.6966,270.66003,579.6519,277.7243,596.78546,264.64578,56.84970227214543
241,10,438.2998,808.66724,457.25946,818.7553,476.95526,817.8609,30.61667353633094
242,1,254.42944,536.82245,228.41687,541.02,205.04352,536.2212,20.768907820845797
242,2,811.3035,483.62592,796.2694,457.1053,791.9958,444.92688,10.211300674867815
242,3,475.11246,226.33612,468.95435,258.04785,472.16306,280.4794,19.130118588735783
242,4,586.17303,784.97974,569.1073,772.02686,548.025,765.7945,20.729703797481193
242,5,609.0846,795.7043,606.2246,791.08746,600.43005,789.5911,43.74372379879841
242,6,500.40616,682.5031,521.2963,697.5602,540.48,718.12476,11.206688594439576
242,7,455.8113,818.93097,465.42862,823.31213,476.90292,818.4056,47.64378385320688
242,8,798.86694,545.40625,808.5554,532.38806,816.99677,541.4579,100.39788394123235
242,9,559.91864,270.81317,580.1727,277.43576,597.6628,263.46194,56.729860999836525
242,10,437.3626,808.56,456.255,818.62787,476.3995,819.5765,25.357349681913682
243,1,257.69733,535.536,232.34909,537.1517,212.34216,521.0967,42.3930749518262
243,2,785.7772,426.41476,795.9282,459.52533,814.97906,491.5764,13.682432321182265
243,3,471.72528,255.07393,466.71335,255.80518,466.44025,245.0958,96.84015897755171
243,4,586.768,785.5001,569.7409,772.46826,548.3382,766.34674,21.46761041799748
243,5,621.10065,803.03064,607.14734,792.3468,592.38513,783.1778,5.5958008593581985
243,6,496.7914,681.14,518.9756,695.2544,538.67285,715.7271,13.639906246573148
243,7,452.2242,819.2092,463.5273,824.1321,477.96085,819.8023,40.232829644854256
243,8,801.8591,551.37634,809.41797,533.31696,819.03845,545.8004,119.66792303369702
243,9,560.84625,271.27182,580.04486,277.32495,595.8516,263.47516,58.724202890982944
243,10,435.568,806.7439,454.44244,817.93475,475.0511,822.439,18.335307815093145
244,1,259.7578,536.6412,237.2851,538.574,218.67058,533.9456,18.878716895576336
244,2,785.7072,428.09653,796.6682,461.1615,815.5655,494.63422,11.1069334026598
244,3,475.3557,226.42828,465.73434,255.6359,0.0,0.0,100.5292877874754
244,4,583.3081,783.9825,569.5497,772.1575,548.9315,768.1396,29.65112484493355
244,5,629.14655,809.2459,608.83606,793.9945,590.28094,781.6574,3.2837816984687906
244,6,494.70145,680.6434,517.42145,694.5176,536.4264,715.22266,16.04077513426489
244,7,458.53296,824.5387,459.55466,826.81976,465.07565,829.1971,42.57570003429347
244,8,802.00323,551.8568,810.3432,535.5048,819.8224,546.3232,111.7518984829708
244,9,560.5196,271.0581,579.3719,277.637,594.4551,263.56927,62.242372119537904
244,10,435.34598,807.27185,453.0996,817.41406,471.8796,824.66156,8.635881383455388
245,1,259.62918,533.60315,238.15253,537.18,219.85573,536.9474,10.183928803314164
245,2,816.27026,496.1037,797.8854,463.18137,786.4011,430.89288,9.601115764432425
245,3,476.16602,227.9075,465.41718,255.1502,463.14407,274.7445,14.91489742266445
245,4,587.9461,786.30597,570.5651,773.385,548.94696,767.56616,21.562024648089597
245,5,630.0359,809.5186,609.3299,795.0264,590.7737,782.3234,0.5947902593105525
245,6,496.00754,680.8394,516.66425,694.18085,535.318,714.0355,13.929270300530584
245,7,448.6238,818.27795,456.46164,824.43085,465.09338,833.03424,6.772944146054122
245,8,806.3802,552.2863,811.04816,537.51544,824.9103,546.0437,104.06282402960993
245,9,560.8509,271.24637,579.8356,277.49982,594.9107,262.71292,62.678572890231415
245,10,436.31918,808.1412,453.18503,817.7949,467.8891,827.1676,2.727926128772922
246,1,258.97778,532.2382,238.21228,536.6047,222.276,536.71533,11.476996788518237
246,2,817.4337,500.75458,799.481,465.80817,787.0153,433.9863,5.798565142026764
246,3,476.9947,230.24858,467.11957,256.18817,468.63284,280.20218,24.44747881158167
246,4,585.82916,783.55817,571.0657,773.93964,552.0999,770.44946,22.65737624927061
246,5,630.40436,808.3174,609.32745,794.49615,590.2538,782.6324,1.3731610430229209
246,6,495.91125,680.46265,515.5783,695.44366,534.3784,715.17725,9.090034146915901
246,7,468.04633,827.29333,469.92657,823.8696,479.97403,823.22705,57.56572993083836
246,8,805.34485,552.8657,810.1029,537.5505,823.76807,546.5163,106.01051115708862
246,9,561.7473,271.8903,581.15076,277.08414,595.7524,261.33014,62.15947604123088
246,10,436.56845,809.6703,454.56927,818.59644,470.46725,826.4117,0.1988101655906956
247,1,259.13214,533.3109,239.08356,537.3078,235.2675,529.18585,76.10843016325794
247,2,816.8719,501.14026,801.05853,467.4319,788.4032,436.39493,2.9491553724739568
247,3,475.36438,226.95071,467.1466,255.49417,462.60706,287.78412,8.058734251616032
247,4,577.5613,777.8309,571.5527,774.32263,562.46375,776.491,43.697874270604395
247,5,631.82117,809.0777,610.3431,794.7204,590.8747,782.1569,0.9259842449944816
247,6,495.18634,679.51935,515.0677,695.28827,533.9773,715.2565,8.139936524887874
247,7,476.7954,823.3318,477.04218,818.56934,482.23932,816.5614,65.90967375209006
247,8,802.91895,553.0182,809.4429,540.12006,820.1823,546.7801,94.97453851203186
247,9,562.6326,272.24335,581.70135,276.80347,596.2552,261.22452,60.397650778912706
247,10,437.46613,812.3041,454.01294,820.75806,468.28128,827.69543,1.134014350769127
248,1,258.62442,534.39996,237.20891,536.33673,223.8133,527.65204,38.123930229834244
248,2,817.50867,501.97617,800.3479,468.23215,788.5719,437.4649,6.011836835646411
248,3,478.65186,226.21078,467.58502,254.82222,461.59763,282.98706,9.144840812240462
248,4,588.0887,785.10583,571.91956,773.9693,551.19885,768.67804,20.232278487909408
248,5,633.06415,809.5776,610.34894,794.74774,591.27466,781.7651,1.101983936687652
248,6,495.55603,681.1203,515.2122,695.43744,533.7698,715.0349,10.492406969948341
248,7,490.4801,836.4596,480.40005,829.03357,477.75162,823.1943,29.223856342644638
248,8,803.2314,553.59247,809.4464,540.59106,820.89703,546.6251,92.23850802668666
248,9,562.0586,272.14084,581.7778,276.85754,596.908,261.10144,59.61288628104577
248,10,438.08646,815.8556,454.91046,819.7577,463.00052,827.2797,29.858196672433237
249,1,250.81892,536.85596,230.84474,536.2714,223.05975,524.9154,53.891607755129726
249,2,818.05536,502.02548,800.6101,467.4894,789.0823,437.94333,5.485872887806681
249,3,477.21503,228.51897,467.3394,253.76358,461.39523,277.887,7.523056931417168
249,4,586.5715,783.7362,572.3472,774.00525,553.6156,770.5721,23.9904639233249
249,5,632.79376,805.3542,609.34235,794.3408,591.58057,781.63983,10.41164747832055
249,6,492.9724,680.2154,514.30927,694.70074,533.50226,715.0322,12.477764259316984
249,7,491.84433,840.74945,482.7937,832.9232,478.40634,827.0272,12.49561268068908
249,8,804.819,560.0958,811.08246,543.53815,821.39105,544.97974,77.24003223593371
249,9,562.49536,272.6291,582.32086,276.93533,597.4168,260.9418,58.90843590569985
249,10,441.74493,816.4356,460.1527,822.36255,478.52808,825.29,8.795623910097687
250,1,239.76144,536.59314,225.9779,534.2057,227.41058,518.87103,85.51078498157304
250,2,815.3016,501.70407,798.99725,469.90454,791.20654,441.14328,11.988917095155806
250,3,479.07953,227.4804,466.8775,257.15674,468.38055,287.58716,25.178719627398436
250,4,577.5565,778.0984,572.81104,774.80206,564.8609,776.9189,49.69454954035376
250,5,634.1854,804.512,609.99347,794.1055,591.9765,781.5504,11.595082985106643
250,6,491.73987,680.58887,513.8851,693.7465,533.26654,714.4574,16.18233424464958
250,7,492.64774,840.34125,482.20035,830.6323,477.45062,824.5048,9.317196987647232
250,8,808.17554,559.73254,812.377,545.8356,821.795,544.99243,68.06259759787335
250,9,563.3048,273.3396,582.8475,276.8245,597.86975,261.11212,56.3971034240403
250,10,444.27252,817.64264,461.48264,821.3981,476.29547,826.6893,7.347320356614777
251,1,243.28381,538.1367,228.42458,534.0655,228.153,517.7178,73.72602408027035
251,2,816.3924,503.57602,797.6412,470.78403,791.1562,437.95764,18.586786607438423
251,3,478.51105,228.11842,467.0113,257.7057,466.74142,286.34473,20.699850837086924
251,4,555.0393,767.45325,574.375,775.5293,588.9291,786.8862,15.2967531659644
251,5,634.77545,803.7656,610.22736,793.6139,591.80054,781.04553,11.829399684003569
251,6,491.4972,680.96204,513.85474,694.1548,532.69696,714.3428,16.43076451297269
251,7,476.16998,831.1099,469.9118,824.9856,463.0857,824.18286,37.67363938194632
251,8,806.01276,556.3835,807.03357,542.1152,822.5506,547.7593,105.8959573303713
251,9,564.24243,274.75604,584.0265,276.17758,598.2067,260.39914,52.163461055814494
252,1,247.81273,536.5035,230.53763,532.8495,227.99062,514.6722,70.08057409374354
252,2,816.49603,504.25894,798.8782,471.2895,789.9873,439.8157,12.344497320996805
252,3,481.5526,225.92386,468.56705,254.27037,466.72897,284.99106,21.18853983115046
252,4,555.8735,767.13293,574.7795,775.0881,589.60065,786.16095,13.94329409544085
252,5,635.70795,803.7568,611.463,794.0849,592.54407,781.6104,11.651206359828615
252,6,490.61832,681.64386,512.9608,694.16895,532.51794,714.29517,16.546827852758906
252,8,806.9937,557.9887,807.22705,544.073,822.2271,546.7226,99.05670215886971
252,9,565.79016,276.36414,585.88336,275.618,599.3557,260.45627,46.249904991258596
252,10,462.65103,826.15576,469.32492,824.1936,477.95364,827.1764,35.45291867750437
253,1,247.71545,536.3368,231.96674,531.87354,227.60631,511.9177,61.85140471901363
253,2,815.9133,507.06897,799.7643,473.93433,790.4959,440.76636,10.3711673204489
253,3,463.1944,274.34683,470.82077,250.48387,481.12,233.57579,13.623503121513847
253,4,556.18274,767.7206,574.88635,775.15576,590.25366,786.1647,13.938120088775552
253,5,642.6924,805.7867,615.88824,795.08856,594.96606,783.1925,7.863945019783213
253,6,489.87253,681.7955,513.0309,694.1451,532.5325,714.28455,17.852303327084556
253,8,818.9133,549.9475,808.3304,546.07465,808.96704,559.0554,112.90815418224022
253,9,566.14435,278.009,587.8012,275.16098,601.212,259.20416,42.46313692137076
253,10,483.01642,833.8882,470.55423,824.3052,458.1918,819.0177,14.402429163594759
254,1,249.79634,536.868,231.30571,530.4339,226.33763,512.55853,55.28177708204461
254,2,818.21826,507.82693,800.49335,474.15363,790.82404,440.50616,11.728235425523511
254,3,467.8532,283.70792,468.02994,252.40215,482.29202,227.93297,29.912726577816056
254,4,555.7436,768.6632,574.9979,775.797,590.66077,786.5885,14.236526774407615
254,5,642.3572,807.029,616.3959,796.33734,594.68036,783.07245,9.035311022796526
254,6,490.9087,682.18536,513.45685,694.1239,532.8067,713.80286,17.583318639337804
254,8,813.7912,555.88513,808.5739,546.88416,814.60254,554.449,171.5457362413324
254,9,565.9467,277.3862,587.758,273.62622,601.6311,258.84793,37.02862176033566
254,10,485.8499,835.95483,470.38263,824.03406,455.87604,819.1242,18.923038117558235
255,1,251.69933,536.9158,233.0852,530.7174,227.89656,510.2256,57.373646052714065
255,2,818.6145,508.15353,800.07446,475.09927,789.6929,441.03894,12.336715506335628
255,3,467.78815,280.19574,468.17224,254.0917,480.27896,233.84766,30.03805137329298
255,4,555.4932,767.678,575.4285,776.4904,591.4466,787.62787,10.963199814168364
255,5,642.7109,806.401,617.4645,796.7245,595.9321,784.3146,8.985484659355244
255,6,490.25647,682.02515,513.3184,693.8643,532.72534,713.7349,18.502031927769554
255,8,807.3973,563.9821,808.1232,547.63776,822.39526,547.05066,85.10121652871754
255,9,566.19446,276.47763,587.56506,272.99078,601.5479,258.51746,36.72069365231736
255,10,490.77838,836.97174,472.0132,824.6451,452.8481,818.1731,14.640897276006678
256,1,256.90863,532.9129,235.42899,528.95764,232.97552,513.9398,70.28799452032965
256,2,814.0827,509.3025,800.1899,475.37775,790.7627,442.68607,6.184310513745878
256,3,483.33386,226.1768,470.10916,254.02582,466.3204,283.1559,17.991240771086595
256,4,555.8916,767.8303,576.1376,777.1913,593.35144,788.4088,8.2765438992852
256,5,636.30084,803.6921,618.5781,797.35925,604.02594,787.2189,15.20665674024924
256,6,490.11435,681.7806,513.33276,693.4043,532.6931,713.4572,19.413004590574122
256,7,448.298,818.3294,470.02917,823.6906,488.21005,833.8075,15.235611765793323
256,8,821.8244,546.60126,803.95044,546.7322,805.9983,565.0002,95.97651522832602
256,9,566.6171,276.01044,587.4324,273.1014,601.7511,258.16565,38.25248103166653
256,10,460.0445,811.6596,475.568,823.3028,497.17398,832.7562,13.240073952786377
257,1,259.62808,533.20233,240.38123,531.0464,241.9064,519.86475,91.37584971478873
257,2,812.2568,506.64072,802.2791,476.2886,793.37024,462.7778,15.2031540363694
257,3,482.27908,244.14064,471.02667,250.77466,467.92645,258.48477,37.57297681105376
257,4,558.5205,770.57495,576.2324,777.67285,594.7556,786.9013,4.644984211262348
257,5,625.76636,798.6431,617.5171,798.3034,614.6566,791.58795,64.57000670090278
257,6,488.24173,680.21063,511.92264,692.11,532.41235,712.49,18.16724913728146
257,7,451.54504,819.96423,470.83325,823.38794,489.394,832.40015,15.833668396041391
257,8,821.8447,546.2952,802.3516,548.4231,807.71484,566.59406,100.21439729797974
257,9,566.51025,276.17386,587.3136,272.57013,601.2531,258.11823,36.20620667437361
257,10,486.06442,835.93066,487.52185,827.0349,477.09778,823.9462,82.79962989557396
258,1,255.51698,536.4928,238.74715,533.2598,240.06787,523.1483,86.52972222574411
258,2,792.4779,448.41748,803.7834,480.34644,815.2125,513.13855,0.2832403060742669
258,3,467.85986,265.94492,467.94614,253.84386,472.4702,238.60747,16.12901790851629
258,4,558.5099,769.35614,577.4817,777.6485,595.26953,788.08307,6.786800639907827
258,5,640.9466,806.4787,616.63617,797.55743,596.35254,785.9583,9.611143653921488
258,6,487.1905,679.5009,510.58856,690.98395,531.2835,711.1959,18.183212014737805
258,8,799.1369,550.7133,804.60443,555.79407,809.90125,569.1076,25.40474743474755
258,9,566.7137,276.3204,588.1195,271.5897,602.6337,256.492,33.66666823667177
258,10,489.88776,834.9193,474.33633,825.34906,459.17932,821.0165,15.65549402273742
259,1,241.85619,537.17224,236.81422,536.0419,232.36525,525.4829,54.515720432942835
259,2,793.40015,449.6543,804.10284,481.3771,815.78687,513.18463,1.526493439054139
259,3,462.4659,277.0949,464.67563,258.57648,472.2388,241.7707,17.424731688145485
259,4,558.01404,769.06793,577.9912,778.17126,595.2785,789.62885,9.037311455358575
259,5,627.2729,798.3836,617.78644,796.7181,608.03613,791.1202,19.903360939390126
259,6,485.65814,678.6663,507.9973,689.41626,529.18274,708.5061,16.323986254534606
259,7,497.62933,837.07776,475.23477,825.58734,450.18484,819.1248,12.695848010065582
259,8,820.8582,544.87,802.0798,549.7919,808.54083,568.41766,94.44404297122148
259,9,567.2795,276.3682,588.9818,271.08194,603.67896,255.46692,33.04490815938311
260,1,246.77249,538.0283,236.7676,535.04034,227.24858,524.1185,32.297586340096416
260,2,793.3014,451.88672,805.77686,482.17444,814.8569,514.41455,6.6574371447017455
260,3,458.34357,275.25925,461.852,262.20776,472.6503,252.16612,32.0331939777475
260,4,570.0662,779.7562,578.2146,777.8646,584.7303,779.49445,27.11311265404944
260,5,641.429,801.29004,618.1358,793.5832,598.33484,784.1084,7.263715613376909
260,6,485.35187,678.5072,507.4591,688.63354,527.31476,707.0443,18.22722043096205
260,7,499.57062,837.2336,476.66473,826.091,451.49573,819.26465,10.765890465991683
260,8,821.31934,544.0493,802.6713,551.7097,810.90027,570.22565,91.62923482331868
260,9,567.38763,276.49158,588.8351,270.89618,603.5378,255.7449,31.23893952617299
261,1,253.29659,533.7203,238.39908,533.7378,229.96457,519.3991,59.60185603786381
261,2,793.8374,454.65244,805.17523,483.64542,813.94495,516.03937,6.2101567135303535
261,3,462.0238,275.86563,458.0422,267.39032,456.77213,260.45203,14.790194885340942
261,4,584.798,785.7331,579.11395,778.16425,571.9066,773.6106,20.80932941436193
261,5,599.94867,783.758,618.8029,793.55,643.40247,799.314,14.257841137527102
261,6,484.33987,677.92035,506.5518,687.81006,524.9919,706.5636,21.482144195114497
261,7,506.808,841.92474,482.94446,830.92163,461.04776,826.1848,12.547216087018006
261,8,816.95044,547.7167,803.3982,553.5462,807.7804,569.49536,82.0884404718827
261,9,568.498,276.90887,589.2283,270.59576,603.7057,255.6095,29.052047398653627
261,10,500.87482,838.4457,479.78558,829.0885,456.81403,822.18353,7.196447083350396
262,1,257.45743,534.42633,239.49266,534.05963,226.10669,520.4312,44.34483390922505
262,2,794.68164,454.8097,803.74243,484.75705,813.1354,518.3029,1.1910760932241684
262,3,463.70575,280.5052,458.4851,267.36258,455.62964,260.33536,0.44980478288100817
262,4,564.1399,773.8769,580.23444,779.20056,595.41205,787.4649,10.265770303182387
262,5,600.2678,784.2082,618.80273,793.8471,643.5018,799.1299,15.403431251074396
262,6,483.51712,678.5605,505.87988,688.547,525.36884,705.9978,17.777861194386812
262,7,506.2466,839.9908,485.48804,831.964,466.47305,827.1925,7.0536319032907295
262,8,811.9041,547.4973,803.6299,553.086,796.31445,565.2246,24.888052390586548
262,9,568.8949,277.0661,589.84686,270.16794,603.8427,255.08452,28.91841314967719
262,10,501.06268,839.8296,482.24857,831.3147,461.45856,824.21594,5.49804085039709
263,1,257.28818,536.08264,240.07945,532.3077,234.69691,520.9014,52.36504816842613
263,2,796.13354,456.27777,804.43994,487.17587,813.03815,519.64667,0.21489135308816265
263,3,461.8701,275.99872,459.8025,267.14917,460.92203,257.38574,19.691941151945528
263,4,568.3392,778.03345,580.9547,779.6484,592.2553,784.87177,17.51259368846352
263,5,600.4379,785.0565,620.3191,794.78516,645.8111,799.8721,14.789191515366314
263,6,482.79825,678.5158,504.94016,689.23444,524.551,706.486,15.506851470606419
263,7,504.82043,839.98505,486.98822,832.07666,471.22943,827.77875,8.661430728273558
263,8,817.54663,544.4077,803.1613,551.90967,807.86975,569.29126,77.61481832358037
263,9,569.3333,276.8505,589.8588,270.1839,603.72174,255.28816,29.063241448848576
263,10,495.71948,838.0112,482.3065,830.4815,466.9207,825.56744,11.595881536854005
264,1,257.48245,534.1024,240.21338,529.4125,238.36913,514.1167,67.93094244394617
264,2,795.8945,457.15076,804.37024,488.19696,813.67163,520.875,0.6180230834903567
264,3,465.07397,269.3218,459.91074,267.8445,458.05212,265.87494,30.693499462889882
264,4,564.924,774.27277,581.7067,780.1179,597.74445,789.63586,11.48554106325268
264,5,600.64166,785.4933,620.31067,794.98486,645.696,799.7504,15.127988056156683
264,6,479.90814,677.6529,503.4159,689.2516,523.7495,706.59644,14.202937672641301
264,8,818.1977,542.4951,803.6329,551.3554,808.17175,570.5614,71.98292062910573
264,9,569.6033,277.03793,590.4733,269.5085,604.1477,254.09557,28.58230941578838
264,10,492.18985,835.6804,482.31738,828.7848,471.40695,825.03204,15.952032267347908
265,1,258.6261,532.776,240.56499,529.14935,238.90948,515.2924,71.83317777230911
265,2,799.58264,483.75626,802.1158,488.82834,812.008,508.0295,0.7181881426115212
265,3,462.3087,276.6921,459.05005,269.31915,456.67548,261.88278,6.134785684789765
265,4,565.6464,773.5269,582.70624,780.4968,599.0321,790.74915,9.905201832207354
265,5,601.03925,785.6716,621.4204,795.44507,647.6935,800.8926,13.905558612564919
265,6,479.1455,678.1908,502.99988,689.06024,523.3728,706.672,16.345575777414997
265,7,508.4276,842.04456,488.20642,831.55914,467.45743,826.4618,13.60597732829318
265,8,819.0064,543.2822,804.3526,556.9982,809.9415,578.1363,61.70346859836708
265,9,569.14514,277.27243,590.45105,268.8798,603.9806,253.919,26.375846914458872
265,10,497.9221,835.72076,482.29077,826.82526,462.94617,822.3901,16.73028894835155
266,1,256.66208,533.94403,240.59644,528.9853,239.97809,515.8598,70.14966747032936
266,2,794.81335,457.2897,801.5186,490.31775,815.3813,524.35974,10.681206154651129
266,3,465.3847,279.5698,458.6882,272.00888,453.2552,266.8552,4.980945053287909
266,4,571.13306,778.5326,583.1753,781.3921,593.4984,788.2987,20.426430578103826
266,5,601.45966,786.07587,620.67065,795.0716,645.4606,800.15,13.514434071696352
266,6,479.16754,677.8435,502.18457,688.646,523.09827,706.2167,14.893480339315532
266,7,508.0921,839.3888,494.10178,832.209,481.53882,830.1022,17.646876062180045
266,8,818.3956,543.81354,803.78766,556.94147,810.1778,579.57153,63.822804401587554
266,9,567.8534,276.62598,589.46484,269.2356,602.97705,254.77232,28.068146042307557
266,10,500.4771,835.8848,482.85324,825.6398,460.16617,822.04407,21.164186809184528
267,1,257.0094,533.95764,241.24974,528.38043,241.52808,514.2674,71.64139207961941
267,2,794.4404,458.62744,802.8727,491.27893,816.7721,525.498,7.6261957580430515
267,3,463.78824,276.35028,458.07315,267.9864,454.3122,266.88718,39.362990310589815
267,4,565.84357,774.1896,582.8492,781.576,599.5772,791.0668,6.09104196531834
267,5,645.3018,799.95605,620.5863,795.1066,601.7501,785.9105,14.921344541123581
267,6,478.38492,676.8764,500.87756,687.7932,522.6052,705.42615,13.171202994449459
267,7,505.27954,836.00757,484.1654,826.2125,459.62778,821.6286,14.305463610392273
267,8,818.043,543.6865,804.27875,557.61206,810.60004,580.9281,59.835344046196305
267,9,567.32086,276.24542,588.23865,269.93372,602.18884,256.17426,27.815029922623463
268,1,256.70868,534.33246,240.88058,527.444,238.40869,511.89313,57.449093057808085
268,2,794.85925,460.99088,803.7497,493.862,814.3341,530.2389,1.088764252521324
268,3,462.74414,277.31775,461.20233,266.26294,462.48566,250.98676,12.741854738527909
268,4,566.41864,774.2516,583.64453,782.13495,600.17377,792.39154,7.229141529514091
268,5,649.42523,799.97845,622.06366,795.6022,601.47675,786.3004,15.22774745809145
268,6,476.54922,676.2527,499.62418,687.04083,521.6394,704.6832,13.650401623103836
268,8,817.5704,543.3601,804.96436,558.83813,810.0529,581.08075,52.04706556163957
268,9,567.06494,275.48572,586.88904,270.7746,601.629,258.60483,26.175944973075865
268,10,507.1172,835.89734,485.67154,827.1887,460.01685,822.4336,11.600349027993358
269,1,255.57484,534.3515,239.72928,527.28644,235.3932,511.76544,50.36066143818984
269,2,804.52185,510.7345,805.4459,496.66565,806.57837,496.40067,73.07224176074546
269,3,460.70377,277.548,462.8202,263.67468,465.96597,244.32779,0.5616256598688398
269,4,567.1307,774.69165,584.57336,782.784,600.8703,793.43005,8.26638383780452
269,5,648.0851,799.5194,621.8549,795.1218,601.65857,786.4482,13.72454125515495
269,6,474.5825,675.5849,497.97855,686.0838,520.11237,702.9367,13.118011441964654
269,7,462.92432,823.89154,484.96188,827.89655,506.8758,835.9928,9.976872786637864
269,8,817.44934,543.01166,805.8911,560.2525,810.56665,582.87585,45.514669399321086
269,9,600.5781,261.75754,585.2217,272.46515,568.2911,277.08264,19.631671357774298
269,10,498.2916,837.44995,490.76505,832.7086,489.32083,831.7403,1.632428012190046
270,1,254.10577,535.27637,239.65222,526.9194,235.39583,512.47015,43.54992937687995
270,2,796.4861,464.7623,805.1741,497.81613,815.16064,533.53204,0.8954742081116948
270,3,466.27298,267.91888,463.58392,261.8695,460.99054,261.7165,62.65733908561861
270,4,567.8588,775.08374,585.28796,783.4371,601.3487,794.349,8.585677301705736
270,5,646.70874,799.73126,621.36615,794.8314,601.8959,786.5845,12.013110134507365
270,6,475.38403,675.3923,497.45508,685.18884,518.09784,701.3999,14.208295449601446
270,7,497.77353,833.9682,486.90634,827.6095,467.9034,826.2023,26.09792428713311
270,8,816.8509,544.81934,806.2773,560.4554,808.4985,582.71576,39.766086273068524
270,10,516.2584,839.837,496.95633,832.0353,480.90936,829.628,13.476415033917226
271,1,252.39357,534.8787,239.74892,526.81,230.82443,512.9945,24.59598471209463
271,2,797.3826,466.07538,804.9309,497.94104,814.504,533.2354,1.8491736618671786
271,3,457.8109,277.39456,463.6652,258.23483,466.25308,237.90372,9.736598322982685
271,4,568.7479,775.5259,585.99896,783.8497,601.51025,794.9672,9.872888424263582
271,5,646.9461,799.4687,621.5404,794.4888,602.1449,786.23474,11.962616494171824
271,6,475.26028,675.02277,496.7664,684.30206,516.9222,700.5379,15.513147657561348
271,7,498.48846,830.99536,485.43222,825.63586,466.37207,822.94556,14.28369285447228
271,8,815.6307,545.0239,806.1433,562.54517,811.69073,584.6714,42.50948295006945
271,9,568.4519,277.21057,583.18567,272.2254,590.7806,278.53217,58.39926513711772
271,10,514.65,841.2612,501.81833,833.19977,493.09982,832.6468,28.509764561466216
272,1,251.56711,536.04675,237.20966,523.4233,235.6955,506.5603,43.54621668687397
272,2,797.51904,470.14127,805.3767,499.43948,814.3073,534.40546,0.6855699555065642
272,3,459.79346,273.52618,464.3321,254.58548,465.1173,244.18124,9.159355236572319
272,4,569.7499,777.09406,586.27795,783.34814,600.99066,793.29517,13.335776106664497
272,5,649.3001,798.57544,622.16656,794.3614,602.5566,786.04504,14.153217722605909
272,6,475.06683,674.81793,495.73047,684.5853,515.19653,699.65784,12.451086972435931
272,7,508.40408,834.6955,489.16437,826.9142,465.55856,825.4413,18.449982333809864
272,8,815.44336,544.96063,807.2623,563.6632,812.1782,586.8233,35.609497533272005
272,9,582.4041,280.1336,580.1951,273.75385,569.8398,276.95428,88.07601768467741
272,10,523.11865,837.3351,503.70834,827.4758,482.52527,821.6574,11.5689897714298
273,1,251.2308,536.1803,237.31787,518.0883,240.52441,496.8285,46.13775401408299
273,2,813.428,534.0121,805.18964,500.27878,797.7412,473.40002,1.7645835788819082
273,3,467.4784,242.75201,466.1995,251.75107,458.49738,267.9948,17.279962266218167
273,4,570.04724,776.7796,586.38965,783.2734,601.2238,793.0656,11.75858933386037
273,5,602.4133,785.4465,621.78064,793.95386,648.3499,798.54614,13.9079741888708
273,6,470.0724,674.1228,492.23575,683.60034,513.5767,699.4906,13.518350003020023
273,7,508.2152,835.2178,490.28857,827.44653,468.26596,825.60535,18.657788265510952
273,8,812.7036,576.912,807.76917,564.9748,814.9395,556.37585,62.28213186697071
273,9,582.39185,281.2046,579.4919,274.82016,568.9176,276.86475,76.51465847726865
274,1,245.27203,520.3644,234.81339,515.1458,235.93512,500.84836,67.96817911444025
274,2,808.9847,509.21713,804.2489,503.549,803.7318,505.24915,123.20391212840053
274,3,475.70584,229.18071,470.56873,247.21729,461.55057,263.86496,12.546854520028027
274,4,572.3187,777.82635,587.86646,784.27905,601.62573,793.1354,10.228181372102535
274,5,603.11194,785.6038,621.4259,793.7262,647.38416,798.48193,13.535812025384017
274,6,467.3597,673.6701,489.914,684.47394,511.67004,700.8371,11.352478613317711
274,7,481.12164,828.4011,489.81674,826.4068,495.5132,830.6448,49.5659927425165
274,8,813.76385,570.54407,807.92065,565.2295,814.29785,563.8995,125.93185923778003
274,9,581.56647,281.81165,578.2404,275.7936,568.3877,277.1455,68.88423956234169
274,10,515.1465,840.0296,499.58688,832.5207,491.16003,829.8682,8.28943977456599
275,1,247.28635,522.19006,236.87706,514.24414,236.77054,497.2501,52.284586225900334
275,2,798.3072,472.95987,804.6765,506.81073,817.21405,540.09296,9.985522586707999
275,3,478.9464,230.90147,470.22037,245.96997,462.79312,258.11182,1.3795590924159025
275,4,571.9152,776.11914,588.1987,785.064,602.9989,795.7224,6.978759768446958
275,5,603.1756,785.82477,620.79926,793.7605,645.3464,800.0367,9.899422922365503
275,6,465.50037,673.20526,488.18298,684.51355,510.76456,701.3799,10.258006446893685
275,7,517.48615,834.85004,492.95346,825.8649,466.5594,822.3971,12.630262125378884
275,8,816.2301,549.94556,807.73047,565.81226,812.7046,585.66675,42.24225571560079
275,9,605.4514,282.06448,588.9326,271.1573,571.6757,278.58453,56.7230884950832
276,1,252.13458,535.21576,240.0713,516.9215,244.14047,495.26898,44.04443565922259
276,2,798.6553,473.8217,805.673,505.68182,817.1128,538.7406,6.665944952239318
276,3,471.01685,229.13316,468.64624,250.11885,465.29938,271.92468,2.2807894020529256
276,4,573.2637,776.7743,589.5418,786.39886,603.9707,796.76575,5.102461939427068
276,5,603.8061,786.6647,621.9171,794.3211,644.61847,801.9638,4.309798749639203
276,6,464.41718,672.8605,487.16,683.91144,510.11023,700.9215,10.629231298291028
276,7,499.40198,833.54877,493.37506,827.42896,479.98947,824.94666,34.93227391627795
276,8,817.1844,548.4663,807.4962,566.05096,812.15625,588.8218,40.41818430337776
276,9,604.6124,283.39273,588.7933,271.80518,569.9753,278.7864,56.577037130673766
277,1,251.98875,535.6593,240.88554,516.447,244.30692,494.02246,38.699451154849505
277,2,810.02814,518.2368,804.34863,505.31885,801.8952,502.7858,20.352099552672602
277,3,461.8387,256.84106,466.10333,253.649,468.25357,250.28262,20.617222060910272
277,4,573.5768,776.8524,589.95624,786.4404,604.33154,796.784,5.393105115464679
277,5,644.4801,803.7561,622.3797,794.46625,604.18445,787.27295,1.2282822890686065
277,6,464.8006,673.6859,487.583,683.2938,509.92996,700.112,14.098532096733365
277,7,491.52515,831.0424,493.6986,827.8911,492.73132,826.63763,72.25076805909892
277,8,809.85657,558.81885,806.2967,566.1038,810.88824,583.3662,40.93790504096184
278,1,251.89449,535.41455,240.85881,512.4706,245.88158,486.09155,36.46729710895597
278,2,799.9823,477.81952,805.0622,506.44995,811.463,537.5578,1.565855692577375
278,3,464.1141,240.92026,466.8464,252.43376,462.11917,266.45334,31.98354382991545
278,4,574.2259,776.8823,590.188,786.72705,604.6474,797.547,5.142928035678836
278,5,603.62604,786.60535,620.81525,793.2241,641.5358,803.2895,4.849453006188416
278,6,462.52524,671.85846,485.99484,682.035,509.05713,699.3918,13.52359385386793
278,7,520.06525,835.276,496.36426,827.30664,469.69122,823.337,10.120009472481177
278,8,811.5344,553.22943,806.6964,566.8434,807.04596,585.8734,20.616096995759232
278,9,604.34717,284.94672,588.35535,274.3174,569.9689,279.15024,48.33773029362888
279,1,249.23471,499.87506,242.75476,507.54053,246.42787,519.23505,57.6461706504073
279,2,812.281,541.4405,803.77014,507.89487,801.5158,483.86633,8.8763510179408
279,3,463.8214,247.73422,468.96808,249.55652,464.75226,253.14996,120.05899520923738
279,4,575.0026,777.92834,591.05804,786.9381,604.2539,797.9515,10.548966568142317
279,5,604.3604,786.85657,621.2961,793.89026,641.021,803.87683,4.298741663621499
279,6,462.34366,670.3351,484.9312,680.378,507.73123,697.5297,12.982043898553336
279,7,470.61093,823.9526,497.6916,827.32324,521.207,835.30225,11.647620828379956
279,8,811.5628,552.49725,805.60547,569.29614,804.49854,589.74976,16.4280718870422
279,9,604.56866,287.1263,588.99133,275.21036,570.0257,279.78253,50.96841094171175
280,1,249.74686,511.38364,242.1076,505.31726,246.27403,504.80203,134.4971840899832
280,2,815.3504,546.0351,804.4427,509.1076,799.7139,476.3144,8.25071589958381
280,3,462.63873,264.8371,468.08926,249.32616,463.39703,235.0617,37.56983475438916
280,4,576.397,778.24866,591.12054,787.33356,602.9243,798.18195,10.909016031238421
280,5,638.32776,803.1788,620.32904,792.57825,603.93524,786.03235,8.730009567905304
280,6,461.2699,670.4608,483.4903,679.484,506.4004,695.5658,12.966071997366102
280,7,468.04663,823.1471,495.01855,826.18884,520.55914,832.26587,6.949551517559121
280,8,810.98004,546.4151,805.676,568.94763,802.5792,594.5782,6.3565947411453765
280,9,605.39355,290.2731,589.8958,277.53394,570.3846,280.4913,48.03911703851041
281,1,249.63162,485.50128,243.31926,499.71732,247.32146,513.99805,39.59832894583988
281,2,812.0838,546.027,805.37286,511.39917,800.0266,477.45264,2.018000048745348
281,3,461.53818,272.17944,466.90414,249.72447,464.11078,227.84343,20.71479211359904
281,4,575.17236,778.0273,591.49567,787.5549,604.38055,798.84845,10.963199814168364
281,5,637.42725,807.204,621.8834,794.047,604.71375,787.14825,18.355869053638774
281,6,460.77652,670.1365,482.63507,678.76416,504.90622,694.11224,13.03313071066024
281,8,811.6198,558.62115,806.3121,576.22845,807.08136,597.73785,18.82379845470619
281,9,606.33875,291.22217,590.8071,278.42963,570.9993,280.54196,45.56351808690767
281,10,521.15686,831.8166,495.8735,826.1904,468.8515,823.38245,6.612748075502136
282,1,249.61116,500.48334,242.09221,504.53308,246.21211,513.75525,85.76506478337575
282,2,810.3571,548.34814,805.3627,512.1925,799.4737,478.5459,2.062699120749015
282,3,463.86237,257.4899,466.32626,250.53322,458.68994,247.6461,88.79254865360139
282,4,575.2239,777.74457,592.1632,788.49963,607.0278,800.0349,5.400185851912991
282,5,635.45074,809.9168,624.78357,794.9173,607.683,789.22644,36.17398553604018
282,6,460.66168,668.90375,482.33594,678.2688,504.11975,693.6604,11.875241368682913
282,7,468.97772,823.7097,497.45642,826.20874,522.9112,832.58203,9.041680438644912
282,8,811.31396,561.95386,805.91534,578.40546,807.7893,599.5469,23.232782772321944
282,9,607.7097,290.46368,591.00354,278.39917,570.9446,280.68393,42.33338172617116
283,1,246.22876,514.81635,235.33606,511.94116,236.49825,498.28006,80.07632373359915
283,2,810.2891,549.3838,804.7604,516.3914,799.88605,482.84558,1.2455267422434753
283,3,464.62344,259.2779,466.36194,250.70934,460.12137,247.5695,74.76075167889567
283,4,575.4627,778.0496,592.62695,789.1362,607.86145,800.8269,4.64300173818003
283,5,634.0828,810.8576,624.7321,794.82587,607.85956,789.0003,40.69842631159187
283,6,459.83868,668.8375,481.5355,677.8634,503.1714,693.2478,12.827737636743409
283,7,469.8302,824.1127,497.66333,827.3817,522.6725,833.96063,8.039539599329578
283,8,810.4058,575.28925,806.6078,579.2536,808.4528,590.6559,52.96404880029539
283,9,608.2907,291.96597,591.25836,278.4859,570.69824,280.5224,44.01622708965321
284,2,809.92065,550.244,806.4365,517.0947,800.93396,496.87433,9.223239436905466
284,3,464.96268,262.26398,467.08322,251.81139,460.42447,244.39526,53.38798401165987
284,4,575.8527,778.13605,592.6239,789.7193,608.338,801.228,1.5868361685250543
284,5,632.4324,811.6144,623.12665,795.6919,607.15875,790.00745,40.10096264077015
284,6,457.96536,669.11664,479.58438,678.958,501.99292,694.4078,10.108749880564183
284,7,519.94336,833.7277,496.16046,827.5227,469.07922,824.06384,7.344141816380539
284,8,812.1529,565.7544,807.3752,580.0396,808.18665,601.3822,20.669956656063967
284,9,570.1302,280.2132,591.6833,278.5358,609.5248,292.68292,42.86224684624497
285,1,244.30426,494.51434,236.47217,503.66345,236.99034,511.42398,44.385157056480246
285,2,810.63477,546.7412,806.48175,517.68445,800.3914,496.66516,8.024875170303986
285,3,464.33902,259.9752,466.57214,252.1753,461.83908,246.52986,55.952581822327865
285,4,577.3066,779.5641,593.09174,789.53973,606.9915,800.448,5.8327067205623555
285,5,632.4336,812.7542,621.3433,799.8532,606.78424,793.3923,25.385795062873175
285,6,456.969,668.90326,478.57578,679.1865,501.29065,695.02594,9.437589195095535
285,8,810.46295,589.73425,807.02814,581.02563,810.9828,582.2496,128.7220006651226
285,9,570.4979,280.1568,591.71594,278.66675,609.4072,292.39575,41.82965169566518
286,2,800.0948,488.72647,806.8696,518.93195,811.1613,548.5116,4.386374816007716
286,3,463.71826,256.72867,466.70688,251.85187,462.7995,247.75743,75.16178670554628
286,4,577.64813,779.47186,593.32404,789.2569,607.0786,799.89795,5.754148373475328
286,5,628.9175,815.27094,621.344,803.3196,608.7951,796.64496,29.62982176102547
286,6,454.9223,668.0637,477.76025,678.59955,500.89685,694.7005,10.069116225395813
286,8,809.9273,599.26855,806.8598,581.2028,812.9598,569.51294,37.193037548949306
286,9,570.82294,279.65082,592.69104,279.1124,610.6908,293.51608,40.07775099811937
287,2,803.9077,506.61517,805.45233,519.4799,806.2399,534.18335,3.7803036594962056
287,3,464.93973,253.31363,468.15778,250.04854,461.82544,254.1683,167.63193104804867
287,4,580.97644,781.9643,593.6715,789.3072,603.8853,798.1073,10.702558848352883
287,5,626.7427,820.2138,621.2807,805.53186,610.42444,800.2479,43.640789129909635
287,6,455.0749,666.9474,477.34622,678.3114,501.01154,694.5759,7.466582275306201
287,7,469.85797,824.59155,496.00146,828.0972,508.85904,840.06433,35.30821771173927
287,8,808.3043,601.1627,806.873,581.66864,813.3605,568.97046,31.261795529160185
287,9,571.3451,279.2271,592.3624,279.75156,610.2728,293.49518,36.07158208957774
287,10,518.27716,835.1243,504.90146,826.86914,492.05377,825.8015,26.931676241709425
288,2,810.1642,551.5107,802.3579,519.69995,799.754,486.15833,9.3486795752186
288,3,464.55774,243.97847,468.69788,249.14592,463.5454,265.04523,56.65742349578878
288,4,577.24634,778.77625,593.08295,788.87024,606.6055,800.35254,7.822502292696417
288,5,628.6319,819.8485,625.06525,804.87335,611.84436,801.6914,63.07105461921317
288,6,453.13367,666.06256,476.11832,677.43146,500.60922,693.89374,7.589799309676886
288,7,503.123,834.4624,499.7679,831.19196,489.81625,832.15674,49.805562165392814
288,8,806.0233,605.96704,806.2664,582.96094,813.0041,564.4536,19.398840924414927
288,9,573.3022,277.89755,593.8448,280.10486,611.2662,294.7873,33.99067581043126
288,10,510.2838,830.0206,512.90674,824.05,517.515,830.0211,118.62443525165318
289,1,247.04356,527.63574,240.4768,500.31085,249.77765,473.69318,32.77375510663114
289,2,804.4392,512.6958,803.79144,519.96857,808.5386,538.9519,19.129670483189038
289,3,464.24554,240.8378,469.12048,248.55835,463.6864,266.89273,48.77845214109935
289,4,576.76196,778.6046,593.53406,789.43713,608.5584,800.8373,4.333365397689234
289,5,622.2799,805.6018,627.0937,803.0509,619.1025,810.2688,165.83058990042014
289,6,456.35083,664.33374,477.26306,676.3965,500.99487,691.6242,2.708988676935078
289,7,508.96286,835.17773,511.26547,834.98334,506.22937,842.14124,129.95490094215137
289,8,806.36273,606.6786,805.75385,583.5047,812.7837,564.52203,21.826168528798185
289,9,575.71246,275.75983,595.7211,280.77048,612.48517,296.43875,29.00582321771803
289,10,512.62067,833.5498,513.5344,827.47766,515.98566,829.314,118.28121219635
290,1,238.77795,491.68542,240.97964,495.8404,245.9509,497.86334,39.93832011222456
290,2,800.547,488.59937,804.7771,522.0902,812.93494,555.21826,6.635218733414756
290,3,464.55182,251.82817,471.0219,249.57059,466.07098,246.87816,132.22642800429134
290,4,576.7119,778.50165,593.9724,789.8074,608.56287,801.8987,6.423975863426752
290,5,630.745,819.1091,626.7343,800.23206,617.86664,793.47,40.67759859598462
290,6,455.8825,663.12946,476.88162,675.2754,500.26257,690.31305,2.702260425607818
290,7,514.61865,837.5551,514.473,834.17413,510.4821,842.9314,153.03348697961167
290,8,807.42676,602.9253,805.1814,583.6875,810.84406,566.57007,24.96208630035319
290,9,575.48096,274.5282,595.49524,280.09393,612.6577,294.76663,24.987467822095184
290,10,512.617,833.35645,513.3635,827.4783,516.17676,827.7261,87.79614044914243
291,1,241.37602,485.7787,243.49571,488.31723,240.38922,487.45844,145.31551543100505
291,2,800.99115,488.11115,804.93304,521.95386,814.90485,557.62384,8.975048658274972
291,3,470.6548,257.9949,471.89783,250.65425,468.06042,254.90613,147.54423010140798
291,4,576.7216,778.51465,593.41125,789.7321,607.29224,802.3167,8.289747704336385
291,5,630.57574,819.01965,626.35474,800.25653,616.91425,794.3692,45.372925428547624
291,6,457.85983,664.7325,477.26666,675.82654,499.61948,689.7811,2.2213181123552275
291,7,514.4257,838.19135,515.03107,834.4157,511.1356,843.04706,164.81819172709683
291,8,806.46893,608.91315,805.7023,584.2912,812.18567,564.92566,20.29352428655994
291,9,577.06335,273.45193,596.7157,279.85052,614.0981,294.85614,22.768228459335166
291,10,515.0027,831.75323,512.81616,826.571,512.807,828.38354,156.83448257026294
292,1,241.5943,483.90625,241.61502,484.83157,242.87611,474.77365,171.5704876475849
292,2,800.97284,488.89615,804.7483,523.31116,812.33685,556.11304,6.76541104834178
292,3,471.77042,254.13472,473.79895,253.00565,470.34842,258.85016,149.65724350706193
292,4,577.1243,778.7922,594.5243,790.7236,609.285,804.5319,8.651832958330589
292,5,609.215,795.9151,625.81775,802.5647,629.2861,819.4577,56.57104249443913
292,6,454.49402,661.6864,475.33383,674.354,498.53708,689.2028,1.3236735402584598
292,7,514.1003,837.5498,514.38666,834.67664,511.75623,843.41315,168.93576525774455
292,8,805.7225,608.9581,805.8595,584.34033,811.43176,565.3486,16.03301176503395
292,9,577.6486,273.31238,597.4977,281.11124,614.87067,296.0286,19.200855127194007
292,10,512.94366,831.09564,512.4706,825.89233,514.74725,827.4581,129.71353189004006
293,1,242.15234,475.09726,242.0038,485.06134,241.89383,481.80804,177.20992325752937
293,2,801.13043,489.6785,805.38165,524.0496,813.1357,557.86285,5.864879225729895
293,3,474.14474,244.86823,478.36917,253.06511,476.27582,267.0534,35.77638875300149
293,4,578.2757,779.4548,594.421,790.5769,607.47156,804.71814,12.734962601026789
293,5,608.5491,796.17865,625.3303,802.68225,629.4915,819.0291,54.534406867284744
293,6,453.4257,660.65344,473.83444,673.1975,496.77728,688.2672,1.721924119234018
293,7,513.94684,837.6824,514.3263,835.0646,512.0474,843.4332,173.0148065755361
293,8,806.00525,610.1209,805.98334,584.29034,810.7344,565.33215,14.117516454628559
293,9,577.6845,273.95547,597.25696,282.17105,614.3938,296.881,17.871876881948833
293,10,511.12326,830.61865,511.823,825.4453,516.4268,826.9354,100.2321542537866
294,1,240.96255,492.27643,244.95705,484.40756,242.06189,467.0589,36.3880803702198
294,2,800.811,491.5415,805.4517,526.7744,814.01465,560.71533,6.656023034900791
294,3,481.12717,236.11569,487.75256,253.86621,488.70844,264.2971,15.232258545820715
294,4,579.8759,781.2707,595.0782,791.2644,605.89996,804.1711,16.701151385291684
294,5,613.3887,792.99365,623.9467,802.0411,630.72437,816.21643,23.852177924832294
294,6,452.43054,659.08984,471.48676,672.0918,494.32755,687.7923,0.1988101655906956
294,7,514.67865,838.33887,514.7044,836.05725,512.3272,843.3245,162.53333739330515
294,8,808.7367,578.85394,805.1004,585.6059,806.6232,598.5373,35.02119543591872
294,9,577.49945,275.15347,597.24054,283.24866,614.2867,298.75534,19.995476997665143
294,10,518.39075,831.60645,512.3689,826.7944,510.891,826.8628,41.27906344954211
295,1,245.9237,475.11032,246.36885,486.6179,239.90326,477.7706,146.05595529710394
295,2,800.99304,494.45087,807.1208,528.8616,814.54266,563.20966,2.0957381786089404
295,3,479.21924,234.4461,485.49557,252.1401,487.49692,263.5553,9.586197997632192
295,4,580.49255,780.8606,595.42584,791.516,606.3623,804.48175,14.343656893417599
295,5,617.2648,796.1953,623.39325,801.8543,627.8728,809.244,16.057081129119133
295,6,451.6177,657.52167,470.4963,670.65735,492.7993,687.70605,2.564680079112479
295,7,518.28186,838.1087,514.49194,836.77985,510.51984,843.11884,77.25029687922856
295,8,809.01013,565.73755,804.6326,587.6583,804.1562,612.40967,10.190435968250505
295,9,578.28845,275.59882,598.4136,283.73862,614.58374,300.42084,23.87161997922263
295,10,517.8672,835.5081,513.18256,829.74725,514.8164,826.2412,64.10337288663172
296,1,237.46109,490.02246,241.20547,484.5893,240.58507,465.853,36.470037765793954
296,2,800.5849,496.69543,807.62115,530.9565,812.5967,565.1868,3.3353652660760504
296,3,474.7036,228.48454,483.08652,245.63269,488.06482,253.27235,7.038040830820334
296,4,586.35077,786.8527,596.28064,792.60864,601.89386,799.5998,21.139873307515035
296,5,621.78796,800.4904,623.1808,800.5824,623.7979,799.765,56.72532699265281
296,6,447.15085,655.3252,467.70496,669.2591,491.26202,686.51245,2.0852526450296685
296,7,517.77405,838.3371,514.7191,836.9247,510.99908,843.11414,83.80592401061736
296,8,808.78754,570.1501,804.4188,590.6328,803.5324,613.44055,9.814378719609039
296,9,579.0284,276.00317,598.7934,284.44507,615.3707,300.82568,21.530063536504528
296,10,517.37134,835.3677,513.3596,829.63776,515.44635,826.3474,67.38002733414234
297,1,235.54608,502.63004,238.88112,488.75867,241.67613,465.13956,6.77001881832343
297,2,799.94214,500.13895,808.1506,531.1362,812.7577,564.77936,7.03444444367977
297,3,472.15915,232.50662,476.73065,244.49066,475.05228,255.04396,29.916684637191715
297,4,584.87933,785.34937,596.186,792.6053,603.5464,801.0958,16.38821187656157
297,5,622.39056,803.9958,623.4753,801.89404,622.0316,798.50366,50.36326458946621
297,6,446.70444,654.69666,466.92807,669.3459,490.00867,686.70624,1.030406125312662
297,7,517.5,838.80664,514.8358,836.35846,511.87885,843.08264,108.84305208424618
297,8,809.17944,577.57776,804.608,590.82434,804.5513,609.3844,18.864801050775736
297,9,579.5501,276.32544,599.4588,284.98114,615.90765,300.96942,20.688572860013167
297,10,511.46286,835.9194,513.99274,830.4989,521.70667,829.5565,58.01519246765852
298,1,238.09421,520.5924,239.09637,491.97778,243.82895,465.26767,8.041712560407516
298,2,799.5194,502.15314,806.8358,533.3871,811.92804,566.977,4.563169840801562
298,3,460.2033,227.9463,469.60574,243.38075,465.6428,266.15677,41.2196017718643
298,4,581.3676,780.7784,595.76855,792.93005,607.49695,805.94525,7.819038879088319
298,5,619.37683,809.5762,629.178,808.53577,626.51984,809.8085,160.47447083232757
298,6,447.29987,654.64575,467.57928,669.1717,490.33347,687.1433,2.6886078465375167
298,7,518.5288,838.6839,515.63,834.72095,510.82526,843.37787,114.78435771639853
298,8,807.3937,587.77423,805.35846,591.9529,804.9825,607.84546,24.613234324137395
298,9,580.6634,276.47244,600.64624,285.9593,616.9988,303.62848,21.820261491225843
298,10,516.54614,838.37836,515.32477,831.9244,517.5748,831.3548,86.51070029570448
299,1,242.84526,488.62177,240.15906,495.52078,245.32022,501.34805,62.80499785799298
299,2,800.8955,501.32947,806.91583,533.62524,811.4993,569.0514,3.187394620619008
299,3,458.48846,228.93372,469.78238,241.70177,464.5804,263.9525,54.6529453813556
299,4,580.77405,779.82526,595.65826,792.8422,608.9021,805.01776,1.4224404930241255
299,5,629.84296,818.11475,633.1018,812.6542,630.22955,812.6434,120.61310677828918
299,6,447.30536,654.2727,467.5558,669.1628,490.48682,687.271,1.9707003141171864
299,7,507.73843,823.7423,515.35864,827.74664,521.7618,835.33636,22.125610808609455
299,8,807.7926,580.851,805.5507,592.075,805.4343,614.80054,11.00217060114036
299,9,580.96173,276.865,600.8827,286.03055,618.72034,304.52505,21.328787271227093
299,10,517.7274,842.93646,511.8666,833.93274,505.09332,834.9488,65.46988262868487
300,1,239.41534,487.14624,239.69807,492.94897,242.43288,499.3756,20.26232696448104
300,2,801.1489,502.7263,805.9607,535.7634,812.05096,570.5612,1.6406789499907908
300,3,460.03433,229.32184,469.93655,242.87611,463.149,263.155,54.65636600246866
300,4,580.40985,779.45386,595.6319,792.189,610.02765,803.5613,1.6090030865500768
300,5,632.1357,810.0015,633.7433,813.4196,628.6825,820.3902,61.169110345235666
300,6,448.14413,652.7364,467.71262,668.532,490.4392,686.66766,0.32203360287353744
300,8,808.58453,571.2717,805.44385,591.7508,804.1653,616.46375,5.757349347013126
300,9,581.59766,276.80588,600.50836,285.9731,617.3435,303.74414,20.686678124458698
300,10,516.1373,837.94336,496.73273,826.7825,470.41058,824.9721,25.97164293437427
301,1,238.3516,518.5913,239.00916,492.78134,243.29749,467.52118,8.175675886532774
301,2,801.5235,504.7705,805.6196,538.2393,815.2674,570.5142,9.665156843290363
301,3,460.8718,229.15616,469.16324,243.7973,462.0349,263.60583,49.315213796836716
301,4,580.75024,779.42303,595.76654,792.49756,610.1228,803.38525,3.8692831279410997
301,5,632.0401,810.2918,633.31384,812.9952,628.47876,820.3843,58.42721617962426
301,6,449.20532,651.44916,468.1581,667.9665,490.07785,685.8575,1.8505489858067126
301,8,808.2625,573.15326,805.8327,593.72766,804.0744,617.6449,2.530644719470959
301,9,582.91736,276.77835,601.1322,286.36078,617.2573,303.18536,18.468221185975416
301,10,520.11505,837.4801,495.8349,828.79926,469.0653,824.0167,9.54408704462823
302,1,237.51248,520.307,239.22568,492.3025,243.1693,463.63672,4.332416146943251
302,2,802.2388,503.20203,805.5343,538.4465,815.50085,571.5944,11.392468464632977
302,3,462.13608,233.69032,469.05087,245.42592,462.0609,263.09894,52.08683539354034
302,4,581.8907,780.68994,596.3692,793.21405,609.7528,803.99457,2.008668147528389
302,5,630.7256,809.59265,633.07623,812.79565,628.4709,820.3591,67.61166091585696
302,6,449.11075,650.86206,467.89157,667.9095,489.74152,685.6146,3.2120518213609603
302,7,505.3974,822.8282,500.0073,827.96606,493.2153,823.4959,76.97851712886124
302,8,809.5384,572.93964,804.49744,592.7996,803.771,617.4957,12.55741434161279
302,9,584.6602,276.35632,602.7045,286.74258,618.72485,304.4598,17.954751112918476
302,10,473.6723,821.44073,491.40347,827.0783,508.4801,825.8082,21.891467218091677
303,1,238.50714,518.9248,239.54317,492.1851,242.46315,464.13586,3.724362783000598
303,2,801.8735,504.94086,805.3915,537.73364,814.94714,569.75256,10.493869635437377
303,3,467.96814,243.44888,468.2839,246.68173,462.10245,252.50507,52.287340495650646
303,4,580.95435,779.203,596.2674,793.0316,611.4848,803.69904,7.053465037807677
303,5,632.14465,809.2421,633.5517,813.12195,628.05255,821.2987,53.85567758255523
303,6,450.44717,652.26324,468.32565,668.0724,489.25378,685.27313,2.068289579406128
303,7,487.55505,827.64014,498.9444,826.2282,509.28217,814.8979,40.555866213550765
303,8,809.28357,570.8726,803.76465,592.26935,804.11725,616.9677,15.281159784962082
303,9,585.86255,276.27585,604.1795,287.0415,619.4786,305.11023,19.300324708791013
303,10,509.01913,809.9896,500.66934,825.40717,493.5422,825.6463,59.639308666677
304,1,234.23373,499.68503,238.43092,486.92795,241.0151,464.75012,11.565447238111007
304,2,801.33673,504.90894,805.9911,538.93,814.9026,572.91174,6.90438659101037
304,3,469.83337,245.8627,468.8634,247.0548,471.17065,246.89403,133.1200885310809
304,4,581.2465,779.097,596.18005,793.18677,611.7919,803.76135,9.223239436905466
304,5,630.2358,808.00244,633.19586,812.5627,628.9235,822.60455,56.03532071460269
304,6,448.364,650.3745,466.51273,666.8602,488.16486,684.58746,2.9429092989033885
304,7,494.82327,824.34064,497.77728,823.22424,508.75748,808.34015,32.88047801546713
304,8,808.83105,574.64246,804.7437,595.51306,803.5348,618.1125,8.018659202125955
304,9,586.2493,276.5949,604.859,289.165,620.5874,307.00137,14.55615825526711
304,10,524.27246,819.9802,510.0009,828.21484,500.24417,826.9061,37.624477985690895
305,1,238.91353,486.4438,241.2206,485.16708,245.65308,484.57477,21.348196067009138
305,2,802.33203,503.46823,805.12103,538.0781,812.24646,573.74744,6.689732963496821
305,3,468.7754,251.73782,467.97498,245.97095,466.48865,239.16649,4.4199146817952135
305,4,581.9019,778.8429,596.1801,793.74207,612.9803,803.7549,15.424490427492033
305,5,628.11163,807.5861,632.9536,812.48645,628.7855,822.29517,67.67930012048808
305,6,448.60083,650.72284,466.16364,666.4328,487.35382,684.14777,1.9172422300336802
305,7,485.04022,826.32263,499.39304,824.58026,508.62524,809.56964,51.485011288712776
305,8,807.69055,578.7033,803.9827,594.8846,802.9112,619.05035,10.367220775966544
305,9,587.1488,277.7819,604.8294,290.8644,619.62787,306.59283,10.245821770580653
305,10,524.6963,818.44025,513.3527,829.975,496.1859,832.64966,36.62292927495613
306,1,243.11688,477.9622,242.29369,482.32864,239.95424,477.4944,143.4997118782996
306,2,801.2648,503.39905,804.6781,537.5113,810.96857,572.37964,4.5124073925389565
306,3,470.13354,247.077,467.58527,245.85901,465.01456,243.86577,12.242647922522764
306,4,582.1781,778.0337,595.5535,794.00824,612.27936,804.2845,18.494411140472003
306,5,633.94775,805.33307,633.1005,811.80585,627.0361,820.09937,28.718204715871988
306,6,445.79758,648.7751,463.9765,664.60126,484.85913,683.1167,0.5196413664183592
306,7,482.48438,826.68207,498.207,825.0974,508.75903,812.6835,43.87966846234658
306,9,586.164,278.3269,605.017,291.54715,620.0846,308.93842,14.05559537232476
306,10,522.96454,817.33105,506.33334,828.4038,485.6863,826.91534,37.778343841664785
307,1,236.50371,476.87875,239.49498,472.9311,238.4996,463.44467,43.14231865599413
307,2,801.36884,504.303,804.6835,537.0585,809.0355,570.5337,1.6290678890299168
307,3,470.53973,244.00911,467.8722,246.03828,463.97955,249.99864,8.234159973438931
307,4,585.4289,777.54175,596.4858,794.48364,610.8909,803.6581,24.377624135339722
307,5,636.57605,805.99554,634.17914,812.30817,626.7904,819.7772,23.89841594953345
307,6,443.63644,648.02484,462.34305,663.5046,482.2522,681.79004,2.957970389402503
307,7,482.83426,827.64624,497.58383,825.1958,502.39606,810.8852,61.981008479173454
307,9,586.5973,278.5272,605.334,292.05768,620.35944,309.92645,14.105750502762225
307,10,504.5885,815.1045,499.52347,829.81995,484.7348,837.30927,44.14792919589817
308,1,235.81519,484.00055,239.26581,472.6457,237.49043,453.38208,22.16911138997738
308,2,800.6007,504.31842,804.90826,536.0108,808.37823,569.21484,1.7738751581168963
308,3,464.98618,263.3512,468.4076,242.8281,469.16452,225.65825,6.9405136686226
308,4,584.5118,777.061,596.31476,794.08026,612.37305,804.2265,22.972187908148346
308,5,637.0799,808.61304,634.21106,813.9636,628.77216,822.5735,4.081831098069263
308,6,442.8006,646.8258,460.73532,661.859,479.9541,679.94916,3.2969907067104387
308,7,482.8256,826.13074,499.5372,825.0194,498.33725,810.0068,90.7653145578032
308,8,805.1293,556.56067,800.17773,549.98395,795.798,542.5641,6.42336536816169
308,9,587.4478,279.40625,605.4602,292.64966,620.31647,309.58545,12.41760545955972
308,10,512.2233,816.6871,501.35452,827.8785,484.9917,827.79877,46.116933211360106
309,1,245.86221,508.76184,240.95699,485.40253,239.31665,458.87946,8.320294734792656
309,2,807.3271,523.1168,807.407,548.3954,804.45856,574.9088,6.526603115157637
309,3,465.0089,261.1272,467.74594,242.98277,468.0666,226.74379,7.446977719499088
309,4,584.97253,776.70984,595.74115,794.378,612.6223,805.1904,25.99830050188399
309,5,637.88666,808.5094,633.8803,814.1739,628.8414,822.36896,3.684508289130552
309,6,440.41095,645.7157,459.44714,660.9578,479.00812,679.7803,5.21376039931975
309,7,490.70938,826.8395,502.8439,821.3663,504.6766,806.9605,58.47229223333458
309,8,807.45654,563.1552,806.0967,533.925,800.17395,504.50174,8.7176030392398
309,9,587.62396,279.9092,606.1212,294.3064,621.9812,313.30417,12.248621429711683
309,10,523.1289,820.4437,504.71445,827.98694,486.08505,826.6306,26.439847616642492
310,1,245.39868,490.8209,240.18095,489.66013,240.3536,494.58942,104.54813411036041
310,3,465.2948,259.2002,467.73755,242.58347,467.6906,227.9446,8.54658563807645
310,4,586.3963,776.63464,596.78424,794.19696,611.22595,804.5173,23.84580092439526
310,5,637.73486,808.1487,634.216,814.03424,628.7171,823.04645,0.5162412542683001
310,6,439.87714,646.0156,459.4715,661.1708,479.00653,680.1046,6.384694849059448
310,7,482.40256,827.0256,496.3514,821.98834,493.9811,806.24445,78.70603977251997
310,8,800.10266,574.4394,802.4386,551.1287,793.8353,531.378,29.260034778654365
310,10,521.46844,822.81476,505.3453,829.21497,484.935,827.7731,25.691956960422623
311,1,231.15598,500.9464,233.25546,490.533,240.40808,479.11423,20.663899307745847
311,2,802.91943,513.2876,805.5995,538.1543,805.01135,558.2945,7.824057823077811
311,3,467.23215,248.77684,469.38638,241.56487,469.51672,234.50652,15.573111086912215
311,4,586.4014,775.9671,595.8098,794.3222,611.5152,805.3468,27.79397368344777
311,5,636.5114,808.8555,634.4615,813.4979,629.113,821.349,10.439842222906211
311,6,438.6365,645.3444,458.83154,660.7558,478.89597,680.03564,6.509364441370237
311,7,482.4315,826.7585,495.3989,820.5787,494.1086,803.9608,68.9589636979954
311,8,800.84106,574.3917,803.5267,550.4984,794.0717,526.12616,27.616351486724923
311,10,504.10962,813.02747,497.07608,827.149,482.292,831.1236,48.47556701401032
312,1,235.93903,495.329,237.19969,485.31842,239.40527,468.7015,0.3841043013843332
312,2,806.3089,520.0237,808.01764,533.49066,802.0907,539.4899,51.88379428921105
312,3,465.9071,252.85394,469.34122,242.75456,470.28143,231.40877,14.042455634092581
312,4,587.9873,776.51013,598.39075,795.09814,616.6353,805.33307,31.47313430807335
312,5,635.4368,809.45825,633.3326,813.2121,629.41675,822.7201,6.889028877434284
312,6,440.39938,648.6821,459.10498,660.6427,476.168,677.58813,12.206601064474649
312,7,488.3781,823.198,496.71085,817.9116,492.649,803.0857,72.92988275534822
312,8,806.28174,579.5147,802.08453,598.067,792.13226,618.5498,13.166601015138928
312,10,482.0629,829.3152,495.58908,826.9001,504.25623,818.3302,34.55323431782043
313,1,235.51964,493.66998,239.25467,478.58807,240.53845,454.41736,10.869117713623757
313,2,803.64545,515.5847,806.9094,535.9322,803.7715,547.8914,23.815498787981504
313,3,465.39645,254.8805,468.16882,242.712,468.56174,230.17441,11.039739358330147
313,4,589.44946,777.26166,598.11664,795.0256,614.01404,804.9416,32.03795177854207
313,5,635.5652,809.19214,632.68726,813.3466,629.48395,823.346,16.948593347164433
313,6,439.63568,647.01044,458.5763,660.73175,477.53354,679.2003,8.33083735406634
313,7,493.31097,802.7038,493.60867,814.806,486.36462,819.1022,60.73870939746491
313,8,807.1027,581.7303,802.05786,602.7634,791.8823,624.5319,11.565651644125765
313,10,485.21576,830.0943,495.7178,828.8617,505.50592,823.96985,19.860612496032005
314,1,238.32077,516.1842,240.32362,487.01593,241.9256,457.44525,0.8273254038276388
314,2,802.5699,519.42523,807.59186,536.2477,804.61957,546.8924,32.22300361015281
314,3,465.1798,256.1548,467.87534,242.38498,469.34543,229.51846,4.557757993211516
314,4,591.2556,777.1235,597.1335,792.8516,603.39343,804.2953,8.188106096796087
314,5,633.2284,808.2474,632.8265,812.25867,628.8102,816.73645,36.16843065577423
314,6,434.6174,646.34186,457.6353,659.88947,478.1827,679.1452,12.66164794915054
314,7,485.22583,821.95404,494.9457,816.35486,492.2171,800.2456,69.66929520409109
314,8,806.74927,582.6793,802.16785,603.75635,791.3915,624.8826,14.762437191713309
314,10,482.67307,830.16925,496.2353,826.9844,502.46127,815.33765,48.65686222078946
315,1,244.18849,500.05624,239.88658,489.47104,241.20132,484.4676,36.83985024413269
315,2,800.96185,524.35754,808.0284,538.62854,805.2231,552.3461,37.90094028081115
315,3,465.29782,254.84659,467.95685,242.07019,469.1221,230.33026,6.088273437395387
315,4,592.1913,778.9715,601.17645,793.1412,612.93427,805.01215,12.346334211075463
315,5,627.4684,816.7054,631.7328,812.1256,633.84064,808.9295,9.552692693318127
315,6,433.79892,645.45917,457.11868,659.4953,477.6294,678.5433,11.83870853053092
315,7,486.36188,823.56696,495.8295,816.4698,502.69363,800.5757,29.785926663232807
315,8,807.3333,582.95886,802.0478,603.91504,791.3638,623.8698,14.009327741194173
315,10,483.30185,829.1664,495.22025,825.8398,502.91953,816.70746,34.271224694082505
316,2,795.3336,529.1803,800.6212,539.69305,794.3395,550.86365,56.052061379529256
316,3,466.61356,250.34334,469.16223,240.84625,468.94556,232.97055,16.598085227794865
316,4,593.2639,782.9472,608.4788,795.6458,628.0991,805.93665,12.171955486899728
316,5,625.479,818.78595,630.5216,810.3437,629.02527,804.89185,46.19780226888085
316,6,433.50278,645.27496,456.44604,659.4574,477.09506,678.1237,10.390631652102355
316,7,482.67902,825.6795,495.6053,814.8076,501.90988,799.4662,27.59353370334225
316,8,807.50037,583.818,801.4776,604.2364,790.7996,623.906,12.061712316903026
316,10,482.00403,827.67804,495.26126,821.95764,503.97455,811.5459,26.735175020289464
317,1,241.31921,506.30273,240.1563,488.38474,243.69264,474.4117,17.915858395196405
317,2,796.9141,557.3885,800.09625,541.9283,797.7201,530.1487,23.035152037543863
317,3,462.27692,242.72272,470.09482,239.87044,476.0769,232.49747,30.901770642297702
317,4,594.21326,785.75653,612.1045,795.9132,628.0945,805.79156,2.1237538020179776
317,5,627.30524,818.6203,630.6288,810.8444,628.62964,805.926,45.2626412647461
317,6,432.84753,644.6539,455.43295,659.29236,477.36932,677.66235,6.99473471631915
317,7,485.82547,820.90656,494.4216,812.2793,502.6794,801.596,7.193747691398395
317,8,807.70135,584.57886,801.00195,605.3706,790.4872,624.7146,10.667359598353588
317,10,484.30875,825.5085,490.6384,814.6108,489.58707,804.5825,36.13390444184451
318,1,240.9215,498.43292,239.21542,485.15616,242.90868,471.21072,22.155848777827895
318,3,461.9023,243.13516,471.02164,238.30304,478.2486,229.12326,23.869619900221302
318,4,592.9165,786.0305,611.74963,796.78424,627.97424,807.5839,3.922861598933724
318,5,627.8845,818.75073,630.297,811.2776,628.7689,806.57074,35.87707913409628
318,6,431.6568,643.4965,454.3214,658.1633,476.36597,676.75195,7.23068827973353
318,7,487.9423,819.63116,492.8998,815.97723,500.227,809.89404,3.308076333417646
318,8,807.70575,586.0556,800.1926,606.85095,790.13025,626.2418,7.56161566024419
318,10,489.34198,816.91144,492.42484,802.71533,488.1906,795.50867,42.68827985060738
319,1,239.18913,509.86072,240.72636,480.28714,246.3063,452.07614,8.212767022023945
319,2,800.67633,552.43134,798.7363,547.379,796.393,541.82806,1.8809679698103594
319,3,467.8309,244.65292,473.27835,238.58676,476.09238,232.29843,17.815516143057703
319,4,593.2946,786.3906,611.5296,797.30566,629.34393,808.36053,0.9187712733867033
319,5,629.5396,818.5599,628.91864,811.97974,625.29895,806.503,28.07044677562009
319,6,431.32776,644.5919,452.98917,657.26764,474.01984,675.1536,10.045120779940332
319,7,477.67935,820.1044,491.30215,816.2996,503.50638,808.9512,15.44847064322653
319,8,807.93176,587.30457,799.4928,607.7066,789.6258,627.3042,4.252707006323934
319,10,487.06085,814.00903,491.1461,804.9709,491.4902,796.2816,22.055069169418395
320,1,240.76334,509.5382,240.30049,478.918,247.98053,450.94745,16.219654436558084
320,2,796.88196,548.7641,797.9195,544.4098,798.3667,543.1146,5.646773125565924
320,3,475.05536,246.44429,476.6517,237.46135,478.73935,227.65709,1.9438025922934574
320,4,614.0745,798.6303,616.0966,798.4459,612.8587,797.93695,165.85650641991577
320,5,629.82996,824.0883,628.2587,813.11224,627.14825,807.6251,3.2943174801497848
320,6,431.52194,644.1953,452.57544,656.2129,472.0763,674.23505,13.025041575197115
320,7,475.7016,817.91327,484.11526,814.6415,483.58047,808.02466,73.37138896919869
320,8,808.0277,588.2962,799.1656,609.35333,787.7995,629.0818,7.123068638872246
320,10,475.6175,813.5335,488.99963,804.8674,489.1288,794.958,56.32644305181888
321,1,240.03,507.88452,240.78185,478.02438,247.2732,450.36542,11.76550839417914
321,2,795.8659,560.2489,797.55927,546.6186,799.80634,535.1272,3.9823140317924595
321,3,477.6361,244.216,477.01392,237.1395,476.66205,228.31647,2.7408831757153793
321,4,610.41345,813.897,615.20154,809.56104,613.1314,801.6149,62.43920034411534
321,5,629.85986,815.07544,628.07404,813.00275,623.36163,811.9597,36.7714060962192
321,6,429.97464,642.3395,451.088,654.7049,470.89374,673.5461,13.214208359385315
321,7,480.59164,817.9232,482.7477,813.2757,478.9364,804.92163,49.41094064066647
321,8,807.7514,590.28784,798.23157,610.6651,788.2953,631.71643,0.22641938826360836
321,10,482.58377,816.6759,492.37466,803.3892,491.83356,787.6642,38.35712480525748
322,1,243.17366,491.92618,242.15138,476.86267,246.31862,465.2518,23.625888406997724
322,2,792.4626,576.557,797.3183,549.8939,800.6185,522.7003,3.4016817772353742
322,3,478.29163,228.10638,476.95715,238.35364,475.6814,247.63354,0.4083037802089377
322,4,621.63617,813.4865,622.42505,811.41095,614.85455,812.7328,120.71502297431734
322,5,629.44464,806.0535,625.802,812.03577,619.4111,819.17017,10.516084868706713
322,6,430.29324,642.4676,450.3019,653.3573,469.1482,671.2227,14.912323120836273
322,7,479.8054,817.45447,481.66644,814.44586,478.12103,806.93384,57.00562628145234
322,8,807.77435,598.8486,796.94775,611.23175,789.99585,629.60095,20.433797598531353
322,10,481.4964,816.1666,491.54443,803.053,491.0531,787.93396,39.321645159298434
323,1,239.67702,504.65323,240.80685,476.2897,246.53847,448.2574,9.274553965465211
323,2,790.4164,558.2433,795.899,563.44226,801.9878,570.6258,6.236179161122277
323,3,482.45654,227.74542,479.06128,241.37029,476.9086,253.12584,3.615846485161882
323,4,627.7508,811.02704,624.15985,813.0042,616.3241,811.2285,41.60558630140187
323,5,610.5104,806.583,612.7648,806.79865,612.06104,804.7567,114.47993760693635
323,6,436.74908,646.2132,448.66562,653.2325,462.713,668.7589,17.36337366606611
323,7,476.04962,820.9639,481.63568,817.7868,485.53796,812.83234,22.145550343734243
323,8,792.27905,630.4919,792.3609,614.76245,803.532,605.86255,51.15783877220035
323,10,480.78397,814.935,490.1045,802.1112,493.45435,789.0668,21.607698012236252
324,1,239.66702,506.8348,239.57585,476.58945,246.32341,448.10535,13.499768659599749
324,2,795.63306,562.3469,799.1131,572.13226,804.3816,587.15186,0.2486603648760226
324,3,484.3419,228.12401,479.72397,240.61874,478.2272,250.65912,11.804852328826753
324,4,617.41,820.34265,623.7471,812.5858,626.84845,801.69763,23.348744746114775
324,5,614.1512,794.11755,600.62445,801.4483,592.7179,799.41846,42.85382690084304
324,6,457.85736,661.9506,447.878,653.9157,441.55194,655.92896,56.49285741653578
324,7,476.3148,820.733,479.74176,819.2996,477.94003,818.7458,140.2157059946003
324,8,786.8677,634.365,790.2896,617.4534,804.031,605.4426,37.40564304495305
324,10,481.68732,813.74286,489.70563,800.3354,492.7471,785.57806,19.235891106663377
325,1,239.48174,506.72385,240.18353,476.48563,246.65205,447.6318,11.306254150161356
325,2,781.7801,572.33435,793.13837,573.21564,797.9437,577.6004,37.94296024974043
325,3,485.25232,227.63405,479.89343,240.51181,477.88467,251.28874,12.03543743524625
325,4,618.35614,819.07776,623.83453,812.3387,626.0338,801.7976,27.323603665890488
325,5,619.82465,798.67725,602.93695,802.1139,588.91986,794.8495,38.89822925143739
325,6,452.4491,658.6142,447.49594,654.0725,445.63086,659.0414,111.94480092088966
325,7,474.64508,819.8726,481.2213,818.6028,478.7755,818.58105,168.56201255393674
325,8,783.28174,634.96344,792.8273,618.15076,799.54803,602.9111,5.788347872085166
325,10,481.89102,812.851,490.44598,799.61176,492.4376,783.3652,25.88098822066472
326,1,239.99132,506.6947,239.82132,476.3792,246.14703,447.78937,12.797400049525987
326,2,775.9743,567.21814,792.1056,575.97833,796.4319,593.0233,47.253714515791415
326,3,488.57013,222.52495,479.14624,235.38512,472.35968,244.4547,0.5726661320125288
326,4,619.3109,819.72595,623.98047,811.05194,623.7101,801.0513,29.84401478989117
326,5,607.6246,794.9595,608.07587,803.1309,603.9191,808.6124,40.33492199196586
326,6,460.0798,664.7619,446.8672,654.1087,436.8329,651.6493,25.10716691834558
326,7,479.1062,814.08594,490.647,802.02026,491.52484,783.96387,40.942960394179224
326,8,782.6761,635.5035,794.5892,618.0474,795.0476,599.5468,32.8925728687987
326,10,480.51242,812.8787,490.81787,800.1506,491.13647,780.5329,38.065205732769435
327,1,239.69434,506.55545,239.78444,476.04205,246.15533,447.66333,12.483690192168812
327,2,776.1088,566.1805,792.08636,576.8536,795.80676,596.6754,45.62656050973052
327,3,478.82968,241.72983,479.19894,229.90584,479.24664,223.51889,1.36056237420784
327,4,615.2144,819.798,623.21606,810.81476,628.93976,801.4187,10.344423171307772
327,5,603.509,796.3108,611.0876,805.5574,612.7719,813.3546,27.14897649899917
327,6,464.82834,668.66797,446.14447,653.5139,429.6649,645.3667,12.73771989613406
327,8,782.18835,636.9351,794.9049,619.5374,795.4225,600.48566,34.6081161716405
327,10,477.01202,816.0576,490.70905,803.87036,492.0358,785.7824,44.14300623632993
328,1,239.83173,505.93155,239.89526,474.83664,246.72595,446.5924,13.478510427907413
328,2,775.29877,567.64453,791.96326,575.3356,795.13965,596.64343,56.74688389160123
328,3,469.87173,237.54092,468.9387,242.36313,469.94147,244.9861,31.87294614914543
328,4,618.21606,818.2741,621.1502,808.92706,617.8951,801.10834,40.03082160241769
328,5,599.34595,794.71985,611.1079,803.53503,615.4207,814.6792,31.993213803524576
328,6,435.20206,645.29614,445.20172,652.29004,458.98444,666.1874,10.267801365901791
328,7,488.1438,790.70325,489.30515,795.0914,488.69632,796.101,45.91426642010437
328,8,784.1441,633.8891,793.4153,623.0935,791.7449,613.1017,50.14656113223075
328,10,478.3481,816.5447,491.05646,804.55554,493.5342,787.5046,38.399991265498045
329,1,240.14468,505.7912,239.51218,473.24326,246.94028,444.417,15.563211323623458
329,2,774.9281,568.5744,791.1492,574.8713,796.04144,595.1156,55.19851857563222
329,3,472.10278,254.99199,473.03888,244.76472,476.06345,231.9058,8.006384517417299
329,4,622.858,808.2061,618.4816,802.817,608.6322,803.3363,53.938861053789935
329,5,596.00275,793.0893,609.66986,801.70514,618.0189,812.84143,20.91288405210933
329,6,422.00333,636.73175,444.22083,651.29596,467.3375,669.8314,5.477435879765868
329,7,489.0049,792.0331,487.77744,793.191,491.40814,794.23846,120.57757450979521
329,8,799.4897,608.62244,790.6705,628.3046,775.04285,643.8388,21.03556867394755
329,10,479.49048,816.8954,491.14536,805.81854,497.6974,791.63696,21.659220749981944
330,1,240.23685,503.3014,240.88339,471.88895,246.23833,442.9226,9.29474741746993
330,2,775.30316,565.4154,791.6246,576.3598,797.73944,600.7695,42.09224113924543
330,3,476.39136,253.52,478.68634,244.87833,486.40533,234.64243,22.14748900680853
330,4,604.7246,790.9367,615.55585,799.1998,624.08234,807.3911,6.511412594038455
330,5,616.369,807.02325,610.3789,801.6343,596.37115,794.7723,15.87706801590812
330,6,425.30032,639.3734,444.26996,651.47406,464.83575,668.53656,7.147373510217845
330,7,495.04956,778.25055,488.7684,791.14655,487.81192,802.185,21.016665381252988
330,8,801.5201,612.8516,789.702,631.5829,775.1456,647.17145,10.790014850690826
330,10,479.0806,816.01117,490.58902,806.41846,498.5201,792.69507,20.162810982469075
331,1,242.33151,484.94257,240.48499,468.8053,243.47528,458.2267,22.311978524894275
331,2,775.243,566.7046,791.5694,578.3126,798.6981,602.70526,38.2963448398868
331,3,478.55978,257.38474,481.18558,246.26233,486.73383,234.8591,12.66202187084965
331,4,604.1277,790.1864,615.14575,798.29456,623.954,805.63477,3.456437341212013
331,5,614.64984,806.40424,608.7197,802.03107,598.49713,791.44727,9.587592388992709
331,6,422.95856,636.39404,443.56482,650.3631,466.22452,668.0864,3.897370375867895
331,7,493.75418,772.85504,492.38907,794.0084,485.04736,810.70416,20.044377081693163
331,8,797.3917,618.14795,788.2833,633.3142,775.18225,646.5491,13.721201393122243
331,10,481.79208,815.65216,490.83023,810.06055,498.23697,799.7711,22.508400303545766
332,1,239.92209,499.91333,240.6297,468.00098,247.0294,438.95236,11.154132132846282
332,2,774.75037,565.4417,790.7712,576.5448,796.04956,601.10156,43.1454998636902
332,3,481.22235,256.8232,481.27487,248.73354,484.054,241.33015,20.203373870262645
332,4,609.2702,799.16675,615.20624,800.3435,619.17615,801.7279,8.011923913738404
332,5,598.14014,789.9213,607.15436,802.2334,615.77814,811.1533,7.823380452466633
332,6,421.73444,635.5364,441.30048,649.39575,464.7164,666.50665,0.8453411453425485
332,7,495.87955,773.58185,492.24442,793.80115,486.91327,812.81104,5.473606354435614
332,8,791.00903,628.38257,787.6428,634.249,781.137,638.2605,28.4945352086524
332,10,484.43634,818.9051,488.8627,809.7833,490.1751,799.8217,18.379798407169396
333,1,239.59674,496.03168,240.33456,466.02502,247.39008,438.94928,13.197016748725806
333,2,782.2864,564.6514,792.4087,576.30774,794.9395,598.5661,34.48417612141116
333,3,484.4435,260.5335,483.1129,250.2342,484.55753,241.50214,16.755207900301208
333,4,611.70685,796.0758,613.87305,803.4437,618.1226,801.5553,97.57588047908312
333,5,596.4195,789.0613,608.84576,803.62744,621.8241,813.54504,12.14693807529125
333,6,420.80957,635.12537,440.75693,648.5018,463.3229,665.29626,2.8127859408354317
333,7,492.22598,783.2929,490.57538,793.14014,488.84064,799.3561,6.0777673772437275
333,8,798.3998,617.095,787.9319,634.85767,772.5885,647.54694,19.896959810128134
333,9,627.91113,318.78403,618.8415,309.69693,614.094,300.64743,17.26276588112695
333,10,481.69244,815.1646,492.41415,806.1998,502.2647,791.15234,16.889860759508093
334,1,238.99316,493.6021,240.77167,464.39035,246.70155,438.47836,9.405962715537575
334,2,776.9032,560.0354,791.0149,576.3935,797.3877,597.88837,24.26942254695383
334,3,480.54587,241.82085,476.89294,244.58229,476.73767,248.77525,50.79157409140137
334,4,626.477,807.0393,615.1237,803.6457,607.43005,798.40405,17.624353925775374
334,5,602.08405,794.3453,610.9185,804.5969,624.7864,816.34644,8.973647524232659
334,6,419.1879,634.4637,439.27728,647.6755,461.98495,663.87555,2.1738487159552746
334,7,485.26752,801.8973,489.72202,793.6763,489.4056,787.39935,31.33647969755357
334,8,797.9544,617.3103,787.4779,635.66675,771.5845,648.8107,20.694468679633037
334,10,490.97037,787.5965,484.67035,795.90393,480.1684,800.8108,5.360559839580826
335,1,239.65236,494.01382,242.07915,464.2077,246.7784,436.3753,4.928831777614221
335,2,777.8031,583.0898,791.9357,575.0555,796.1607,579.5706,76.51938196240002
335,3,482.11865,222.28247,471.22125,238.19974,457.3723,255.61575,4.094621091011938
335,4,616.34656,802.60095,615.9361,802.5484,619.69006,797.5111,119.39889925276371
335,5,604.49664,795.8889,613.14374,804.6855,626.18726,814.6281,8.173946649179078
335,6,417.613,635.035,438.26663,647.20984,460.98547,663.4392,5.021958630702416
335,7,491.20627,769.5548,488.98804,790.47534,482.4743,813.64404,9.650459375280146
335,8,798.2915,616.8228,787.12134,636.34155,770.6818,649.4993,21.545496431721197
336,1,239.50078,493.72342,241.13635,463.9032,247.1986,435.74615,9.010966223856093
336,2,779.19324,555.4494,794.86237,574.9549,806.7917,593.789,6.4258375172592235
336,3,482.59393,220.81493,471.0742,237.35884,456.3665,256.35657,2.8965134063591367
336,4,623.31903,802.7558,619.5726,805.60626,620.57166,797.2465,134.0805705099052
336,5,611.49365,801.0451,616.55963,805.8366,625.0533,810.3018,15.673618994343446
336,6,416.58112,633.63837,438.21176,646.61646,460.03967,663.8595,7.3439815176173715
336,7,491.73035,768.1858,488.5928,789.8238,482.84683,812.44714,6.000446122430194
336,8,788.1414,631.7109,786.9768,636.8132,782.33075,640.95087,35.454667302133444
336,9,639.1544,327.89874,620.91986,312.28253,610.654,300.60788,8.096866715299537
337,1,239.65428,493.07138,240.4802,463.3407,246.9897,435.42114,11.532935389702065
337,2,800.6079,556.51117,803.23267,574.5009,808.26074,598.7892,3.3949411126800713
337,3,481.09927,221.37178,470.3587,237.37755,456.60638,256.04498,2.515672765461155
337,4,622.97845,799.5099,615.48065,808.9898,619.9212,798.02625,163.7083406478752
337,5,628.94666,795.21454,614.93933,800.54517,606.3562,789.39075,73.25717206649
337,6,416.56296,633.5793,437.93277,647.2818,459.57648,663.93567,4.9083987161750064
337,7,492.54944,766.7616,489.04358,789.7027,484.00058,813.077,3.4861615041575873
337,8,779.08044,644.75525,787.42316,636.65125,793.52106,626.73004,14.25527563101438
337,9,638.9316,326.02155,619.9742,310.2982,605.7419,292.94775,10.966000801754264
338,1,240.21217,492.90045,240.42581,462.57434,246.95143,434.4155,12.643952147879235
338,2,805.3836,560.6808,805.1516,571.0802,805.7991,592.29047,3.0264681060445637
338,3,482.14465,221.30643,470.70404,237.21901,456.34958,255.65103,2.195885121109403
338,4,600.2145,790.99005,609.9565,804.6229,616.95245,798.71814,94.61578375416343
338,5,624.83905,793.76215,613.34875,793.7397,601.83813,784.2586,39.36563408493658
338,6,416.05542,634.08167,437.3602,647.04706,459.9569,663.87384,5.350094871281184
338,7,492.6125,764.4429,490.03165,787.94305,484.51093,812.282,6.512737527543836
338,8,782.6012,640.86505,786.1678,638.3487,786.7172,635.8496,42.396108981038125
338,9,640.52637,329.43616,621.06036,312.0121,608.4727,295.95084,10.081395153477235
339,1,240.12852,492.35788,240.60721,462.19928,246.58127,434.2555,11.158174111981221
339,2,806.9162,553.3628,804.961,570.85657,803.84814,598.8019,4.096772782478823
339,3,479.77115,222.4658,469.8863,237.5854,456.40265,254.47095,5.432710868167944
339,4,597.0568,789.0211,609.60913,803.6245,624.64685,807.80994,33.7659806250918
339,5,617.8401,799.711,614.452,791.8661,608.9229,783.1317,8.976449575405727
339,6,415.907,633.4532,437.51163,646.6122,459.76825,663.1856,5.328441556277432
339,7,493.31406,762.57446,490.79715,787.1515,485.60208,811.5436,6.176062685491519
339,8,771.6912,652.1599,785.8149,638.2337,796.8171,621.201,12.543065310064982
340,1,240.02763,492.18515,240.45776,461.96918,247.2374,434.4261,13.012686271155781
340,2,807.0572,566.9971,805.6848,563.81024,805.4106,573.9592,155.15358490178977
340,3,477.69568,226.86198,470.44263,241.58887,459.0289,256.7743,10.708919693830014
340,4,597.5492,789.93353,610.317,803.2309,624.9479,804.94574,39.47888070386947
340,5,616.8065,799.9238,615.9576,790.3794,610.82983,776.5777,15.298694776081486
340,6,415.50314,632.98236,437.57214,646.45593,459.48047,663.0432,5.725225115115936
340,7,493.91525,760.7293,490.42783,784.8508,487.18176,810.19385,0.9278841763579664
340,8,773.84033,652.5081,785.84344,639.34625,794.8633,623.86584,12.135929267149939
341,1,242.6401,493.24597,241.39618,462.36795,247.8627,433.87173,15.092287966516542
341,2,803.7461,537.64056,794.2901,552.6272,793.044,565.3442,26.654015771722957
341,3,479.41495,229.96107,471.54263,237.89973,465.03674,249.94403,16.383272687923778
341,4,596.2252,789.84357,612.337,802.99036,630.5865,799.97424,48.59807873219828
341,5,618.5047,796.86926,616.6702,789.26654,607.82117,775.8558,19.853041738761682
341,6,413.97226,632.9335,436.4394,645.9698,459.2615,662.1941,5.285129082235289
341,7,493.5769,760.9678,491.14795,784.3635,488.20468,809.1134,0.8547790487565526
341,8,774.1381,655.3142,785.93756,638.7727,798.1297,619.8243,2.742239759802231
341,9,610.1912,298.00916,622.6274,315.8393,641.99677,331.43237,16.269658918825332
342,1,245.84999,479.97717,243.04189,463.928,243.83339,444.65393,12.276085182892883
342,2,791.5764,551.6787,790.3638,556.5658,796.5525,561.01526,68.22076484027427
342,3,478.1811,228.31604,471.40662,235.99895,467.2843,250.14038,25.152819629059735
342,4,593.9951,789.87634,611.7079,802.44147,630.61835,800.10803,42.38560309445523
342,5,618.0511,796.8382,617.98083,788.043,609.0732,775.08997,34.05815422959653
342,6,413.93805,633.8468,436.0044,646.06683,459.08163,661.7221,5.175323582378935
342,7,496.36624,760.8224,494.0524,783.39386,489.48477,805.77014,5.684099978922966
342,8,781.2532,643.74695,784.6483,639.59863,789.45184,638.20703,34.54526134926488
342,9,610.7084,299.43683,622.9945,316.02948,641.9037,331.31934,14.522843564236613
342,10,493.37958,761.1614,491.91986,783.74896,487.6968,805.33405,7.372300407366707
343,1,246.26283,469.30057,242.51234,460.6343,243.13742,454.46567,29.187573999600133
343,2,773.4344,573.2595,786.9049,560.4573,798.2168,551.6242,5.557918205065986
343,3,476.7367,229.90285,470.9197,236.89664,467.1941,248.42184,21.83766589604976
343,4,593.99243,789.55273,611.94836,802.3874,631.4735,799.83105,43.01570628552552
343,5,617.63947,796.7178,619.41595,788.01984,611.96545,774.3608,40.15426949322162
343,6,413.65277,634.2801,435.9933,645.8831,458.6361,661.57385,7.274646631555737
343,7,497.80206,766.6213,495.8616,784.2094,499.24908,793.5621,26.205959082504506
343,8,782.2996,643.47577,784.4382,640.20654,789.0607,640.65265,62.321805780229404
343,9,614.5681,304.99512,623.4461,315.9154,638.49146,327.53815,13.202969028933996
343,10,496.6049,759.709,495.21884,782.45,490.96088,802.5854,8.452451719965598
344,1,237.95027,438.16006,236.66342,462.19485,238.02676,477.49344,8.15728412298767
344,2,773.43225,582.1201,783.0472,569.68445,789.3213,562.1361,2.0228433708945888
344,3,473.25775,243.4581,471.61487,236.81657,462.81586,230.60358,40.879940187310154
344,4,593.30347,789.51715,612.1428,802.09283,633.10095,798.48145,43.500865746635235
344,5,618.2468,795.1863,619.7661,787.7935,613.3579,773.77167,36.17430954798654
344,6,411.58432,634.9987,435.32294,645.3697,457.6456,660.9699,11.348175200901332
344,7,494.89056,759.695,492.33218,783.3435,487.93005,805.47833,5.07354256036381
344,8,774.7809,658.5847,783.6284,642.4591,794.72687,628.0057,8.76781918809091
344,9,622.88873,312.32407,624.3784,315.62433,632.9058,321.9169,29.28186192735201
344,10,495.86346,758.89307,493.50198,783.1796,490.01553,806.5137,2.944305846748912
345,1,225.18208,459.18747,230.16742,465.99487,238.16557,469.34662,31.046330795089634
345,2,774.7583,585.9285,784.7718,572.3637,789.52704,560.1732,15.124899487134073
345,3,473.70132,243.47476,471.45502,237.1713,461.964,230.69492,36.077532605665596
345,4,593.7848,789.96277,612.6184,801.2523,633.4484,797.5839,40.92799609920852
345,5,616.84406,794.66425,619.0536,786.7573,617.3579,773.14954,22.71569214991624
345,6,410.83,634.91376,434.51685,645.2681,456.88144,660.04614,9.844006212458229
345,7,496.398,756.9355,491.51126,780.59576,488.2814,804.86774,4.089931274849125
345,8,777.56696,653.2825,783.98413,642.5774,791.08496,637.14343,21.63407609283836
345,9,627.6904,315.2586,624.9823,315.5445,629.6166,319.1492,136.09673650948952
345,10,496.21152,756.1222,492.0736,780.2212,490.40262,805.0099,5.886529908652563
346,1,225.20374,461.76163,231.19083,464.06955,238.94232,465.02225,14.074004516249861
346,2,775.2831,588.6493,787.26184,570.06305,798.4483,550.9917,2.407453090498457
346,3,475.23148,247.86194,470.6209,238.2897,461.2977,227.49335,15.094006078034381
346,4,632.8187,797.4693,612.1266,801.4657,593.55206,789.82025,43.01728315564137
346,5,612.9061,794.2355,616.92834,785.78345,627.0731,776.05225,20.742821458936866
346,6,410.14746,635.0343,433.5736,644.69257,455.34924,659.8073,12.359360424648221
346,7,496.08322,756.3916,491.23022,780.25665,488.43143,804.46405,4.899410029061374
346,8,791.30505,629.2825,782.2637,643.102,776.7678,663.9475,18.424876809830916
346,9,634.57245,320.16937,625.9551,316.1977,624.1365,314.9056,10.648432449034537
346,10,496.2114,755.8627,491.64978,780.6489,490.09174,804.81506,6.73906650922195
347,1,225.57587,470.68475,231.20958,464.25983,237.92778,455.86337,2.581870778617035
347,2,779.7578,592.18933,789.5294,569.5496,803.7678,551.1147,14.335383470057627
347,3,473.97565,239.71484,470.7333,238.36003,462.45148,235.17761,1.6576480054329064
347,4,615.2816,791.9563,610.6715,800.2478,605.48627,793.0511,115.15298633476846
347,5,613.5531,794.395,618.9527,786.32214,629.66846,775.42334,10.737973986792849
347,6,408.20486,634.98193,432.48416,643.64734,453.4409,658.9652,16.52239613535565
347,7,497.09338,754.81616,491.39725,779.5978,489.25403,804.28827,7.983746177168642
347,8,792.12354,628.3379,782.10956,643.97406,775.7743,666.4586,16.901247230419518
347,9,638.3283,323.38766,626.4307,316.77216,621.05206,312.1361,11.683427310773153
348,1,228.9964,472.05115,231.6946,462.74924,237.65848,450.43207,9.660110902924307
348,2,779.4879,590.9027,789.13654,571.68945,800.9441,558.3336,14.8139085570523
348,3,473.5379,232.28482,471.3488,238.48491,471.47205,245.67377,20.429326815115502
348,4,599.1046,788.954,612.04626,801.10736,625.10876,793.4138,73.69805725977848
348,5,609.8079,789.78906,618.8578,785.1378,630.81964,774.84607,13.506818195933096
348,6,406.82883,636.7296,430.27908,642.70306,451.5455,656.94305,19.515308702496096
348,7,497.66324,753.34656,491.51663,777.87976,489.75146,803.52045,10.12731476637481
348,8,792.52716,627.9027,782.66016,645.27814,774.8906,666.2043,9.221897008744838
348,9,627.1345,309.2341,625.9244,316.30072,631.8272,320.62927,63.46489133380533
349,1,229.36494,459.19968,231.72691,458.84607,236.41841,461.38474,36.93317716548473
349,2,781.6249,591.3066,789.6152,574.8452,792.1194,566.0258,10.04024436089429
349,3,475.15967,237.91548,468.89856,235.94064,472.4353,242.86528,134.561553850886
349,4,629.0506,796.61475,611.36487,800.1284,594.69586,786.50446,50.4967101635487
349,5,612.41583,789.33734,620.65704,782.618,632.04224,772.7468,1.7344936184359316
349,6,405.7042,637.07666,429.17197,642.7465,450.5731,656.80133,19.711694750456527
349,7,497.58435,753.03424,491.7274,776.9154,490.8116,802.31464,11.715089940695558
349,8,792.0619,628.5153,783.2369,646.2934,775.5163,666.9345,5.8920216797370175
349,9,648.4115,333.43597,628.40106,318.12112,616.42255,304.95792,10.26941060506833
350,1,230.05688,455.63208,234.00636,454.42596,234.78003,461.03952,100.30969774119436
350,2,780.1348,590.3094,789.1545,574.25995,793.3743,567.9003,4.2302198084422455
350,3,478.9264,230.19177,469.99368,231.4439,458.3523,229.83594,15.843490944093938
350,4,620.35565,795.5578,610.0354,799.6412,598.899,788.804,65.80677026025967
350,5,611.1742,788.27625,621.4976,783.08636,632.6364,772.4701,16.934130992415174
350,6,405.35962,638.0622,428.6153,644.52124,450.30975,657.47943,15.32793223019938
350,7,497.01385,751.76825,491.89194,775.2275,487.6992,797.35596,1.587329389253167
350,8,791.99646,629.7266,783.2501,647.1464,776.2156,666.8754,7.036730731000804
350,9,648.0532,332.92117,629.4389,319.05518,617.10944,306.49872,8.839779868933176
350,10,497.8388,751.8686,492.80676,774.82965,491.72504,799.767,9.877428556059316
351,1,230.519,449.95425,234.79968,453.42062,234.11041,467.4599,53.81121351616692
351,2,780.6007,587.4088,788.5844,575.3992,796.72876,572.03217,33.924064529276066
351,3,465.1021,230.94603,473.9651,230.76222,480.27594,227.80295,23.934663983826272
351,4,606.2316,790.107,609.87103,799.9158,612.21545,794.46765,136.3602995388166
351,5,611.77625,790.1638,622.05646,784.77124,634.1583,771.706,19.512507397103413
351,6,404.29642,639.8824,427.21506,645.706,449.2166,658.66003,16.231570952930966
351,7,497.84814,753.9439,492.06216,776.6901,488.71335,799.02686,5.745148899206174
351,8,778.95197,659.1943,783.4658,648.6506,788.5907,639.1913,5.271802259440062
351,9,649.2169,333.87634,630.3339,319.77768,616.0231,305.9579,7.2536608346984535
351,10,499.80582,749.9888,493.48016,773.7226,492.4118,798.65717,12.470396438411768
352,1,230.36087,442.212,233.66501,453.271,233.61671,474.38303,16.765842612198565
352,2,790.71783,583.2187,788.34796,574.999,795.55304,566.49774,56.365414745376164
352,3,470.90802,225.13612,474.32727,229.59346,476.01627,226.60242,113.05522372350931
352,4,609.15497,791.8709,609.76495,800.523,610.2039,792.8132,172.70857031426561
352,5,611.8676,790.1984,623.1306,784.8226,634.9171,771.5271,22.927608091168157
352,6,402.21042,639.8358,426.2951,645.9496,448.90753,659.0366,15.816900040708255
352,7,501.64154,746.84064,496.2413,772.35205,494.769,793.81433,8.027614550573391
352,8,775.8061,667.681,783.1365,649.1937,791.58093,632.05804,4.60525802507135
352,9,646.0216,332.7732,631.04364,320.97128,622.0899,310.46603,11.322320828288408
352,10,500.83298,748.59534,494.3783,771.4553,492.53067,796.1472,11.488079117140874
353,1,228.71472,447.40393,233.9885,453.06924,235.75514,472.41733,37.73295948759585
353,2,783.894,566.1032,784.64667,576.77,779.9053,585.9784,31.280230010428404
353,3,472.87415,223.87961,474.404,228.91449,473.75482,226.64532,179.06371832458245
353,4,623.9092,798.3552,609.2086,800.17865,593.9016,787.979,45.62548551446094
353,5,613.5185,790.6046,623.64087,783.3915,634.23584,770.227,15.698969776491957
353,6,400.9299,639.8198,425.33945,645.31647,448.90424,658.66125,16.832521404484876
353,7,502.2464,747.8158,495.85715,769.67236,494.3704,793.6749,12.75055373065078
353,8,787.5601,640.2604,782.90985,649.33026,779.6318,661.10724,11.590579496966795
353,9,635.2182,325.003,631.8729,322.24377,636.9562,322.17365,139.69343571440456
353,10,501.22644,749.6124,493.5371,770.7694,487.95804,788.26166,2.2835337792250012
354,1,237.12201,474.077,237.468,456.7346,233.48224,441.4413,15.750545925830723
354,2,807.7234,618.4242,801.27563,583.4127,809.6298,551.2757,25.00654873284568
354,3,472.82208,223.13763,473.88077,227.87988,473.39832,227.22296,156.29056136269548
354,4,624.1923,797.9886,608.75995,800.317,593.15155,788.51733,45.66870388842544
354,5,614.00586,788.1464,624.54333,783.3289,634.6653,771.50275,24.871135724110584
354,6,398.60226,639.0072,424.46564,644.68677,448.76514,658.3155,16.901024037867817
354,7,502.45267,747.5929,495.62524,769.17676,494.75464,793.2999,15.48634923552018
354,8,772.8222,670.7438,782.4799,650.1153,794.06824,628.7958,3.4386049257516005
354,9,642.9225,330.96875,632.658,322.4791,628.96814,315.7819,21.55320428434532
354,10,500.16547,750.87256,493.5219,772.1901,490.85022,789.90076,8.730932040470947
355,1,235.23979,443.2699,239.06615,460.3767,239.35493,479.25885,11.731847047935428
355,2,807.34875,619.6729,801.8895,583.78217,809.30383,549.93256,21.003549182539352
355,3,472.6841,222.58484,473.42642,227.09154,474.27338,227.85677,38.54865699950043
355,4,622.07837,796.96924,607.87604,800.3986,593.04724,790.81573,46.44708852764787
355,5,614.8077,783.2561,626.0083,781.17236,632.879,770.07465,47.69915184279836
355,6,399.3091,636.6284,424.2763,643.79205,449.3345,657.81226,13.217912888764886
355,7,502.35693,746.8542,495.50674,768.8071,494.5836,793.77344,15.212397387470693
355,8,790.3079,636.0186,782.97925,649.3741,777.00256,665.98425,8.965542960967367
355,9,648.63837,334.29865,633.3451,322.12268,622.91016,310.88208,8.603114006053213
356,1,239.66719,482.07693,238.5232,450.0327,227.79811,424.81683,20.99688807517717
356,2,801.854,627.8436,796.1882,608.4269,801.21454,594.7026,36.38197796284722
356,3,474.3449,227.14326,473.61258,227.13327,472.63748,223.45584,74.36744751010103
356,4,623.9035,796.70734,608.4916,800.51086,592.17236,790.6385,45.035092300108374
356,5,609.55615,786.6422,626.36835,780.259,637.2281,768.38104,26.773265986954005
356,6,397.43756,635.7685,423.0474,643.3154,448.90897,657.3351,12.042608913357103
356,7,501.8401,746.6471,494.977,768.72363,494.305,793.354,15.70646504856429
356,8,790.59656,635.1667,782.6132,649.9761,775.7398,667.38086,6.778067679675913
356,9,651.5315,335.74954,633.6421,321.78427,620.1951,308.51172,6.648800518520426
357,2,808.4119,559.35297,801.24316,586.18665,807.0777,617.8419,25.400798785769293
357,3,474.60547,228.16852,474.76575,229.05798,474.44333,231.31908,18.330193888158487
357,4,626.28906,795.9275,609.148,800.03186,592.1339,790.2222,43.43174750722991
357,5,609.30035,787.61304,625.7647,779.16614,638.2582,768.1329,14.288744238759389
357,6,397.33746,635.5798,422.92557,642.77563,448.6842,656.0042,11.476172912353322
357,7,501.14313,745.3237,495.29114,767.95355,492.83078,791.99274,8.65510147004342
357,8,784.9024,648.33575,781.29236,650.8506,778.5494,658.8577,36.22838444370136
357,9,651.2743,335.83276,633.9144,322.30698,621.2896,309.67764,7.086594253185307
357,10,503.46036,748.9193,496.4546,773.08136,494.31412,795.46814,10.707835305097994
358,1,237.17567,476.07364,238.36029,446.7265,231.30316,422.4797,18.539370903203263
358,2,807.0907,554.7414,802.5193,585.38544,799.8971,621.893,4.376450798501525
358,3,472.59073,226.80803,475.34183,229.44293,476.61316,232.3862,22.87414439723551
358,4,626.58044,794.8044,609.6877,799.8685,592.2594,789.9711,46.27973389866118
358,5,611.3269,786.50665,626.6709,778.585,638.268,767.913,15.31526633878704
358,6,397.5858,635.26935,422.34915,642.3056,447.409,654.9959,10.99570881706359
358,7,502.12607,744.4857,496.13928,767.2764,492.95523,791.3261,7.176382056342538
358,8,772.99915,668.43353,781.02576,650.43866,789.76025,632.6311,2.088441315989566
358,9,648.972,333.77475,634.10016,322.7761,626.14966,313.69473,12.313389053932186
359,1,234.78,469.12418,237.61208,446.96848,229.5853,429.3126,31.732056983796653
359,2,806.8456,555.32245,802.53,587.0196,799.5656,626.0627,3.411165231471828
359,3,472.46918,225.9148,475.3635,228.91576,474.98645,232.69302,49.66400588747521
359,4,617.0766,792.36676,610.02136,799.083,601.1667,789.97687,89.39206280329527
359,5,612.9876,785.98474,627.54987,778.32465,638.9682,767.17145,16.58155506455264
359,6,396.38678,634.43774,420.93564,641.1754,445.5601,653.98566,12.137115053781876
359,7,503.625,743.22186,496.57233,766.22217,494.09836,790.6788,11.271065523813206
359,8,774.3366,667.40137,781.3393,649.77234,789.60516,634.1373,6.200267485400578
359,9,643.2019,327.40225,633.6392,323.01465,630.5143,317.20895,37.06159113947827
360,1,233.83269,458.03143,238.43996,449.5583,231.17276,453.28714,145.69780914474015
360,2,806.4667,558.8361,801.887,589.4598,799.7434,626.2698,5.1725211988107676
360,3,473.82892,225.51732,473.97064,228.79338,470.71606,232.26604,45.62036348820453
360,4,601.38745,788.8289,610.3797,797.5945,617.72815,792.3902,79.57534925826603
360,5,615.4631,783.4488,628.6204,776.72534,638.54724,766.40546,19.04499516452513
360,6,394.98956,634.25604,419.2226,639.8976,442.73505,652.594,15.263202983105009
360,7,505.44858,741.80585,497.02225,764.07666,495.74863,788.5928,17.750650244275306
360,8,772.7928,670.5505,781.60297,649.7336,791.39124,631.1433,4.828806587834613
360,9,652.6447,335.15503,635.7157,323.92477,625.4083,312.82162,13.569330856356798
361,1,228.48077,427.96548,238.25656,449.2735,235.39287,474.46527,31.130226979741767
361,3,475.24927,225.76938,473.25455,228.56644,467.5947,233.59,12.913884065156514
361,4,617.25867,788.1638,612.4274,796.22614,606.0212,789.9676,103.40021367885818
361,5,607.7044,787.5921,618.7232,786.1271,630.4738,774.97876,35.91987623462155
361,6,393.6235,635.2542,416.94427,639.8309,440.10104,651.3192,15.283440185241277
361,7,505.82404,740.5637,496.79883,763.0665,495.46396,787.66425,18.747963406604036
361,8,773.627,667.3455,781.3634,649.6407,789.4803,633.6241,3.271477037779054
361,9,653.3428,335.24323,637.0274,325.17795,626.52795,314.3782,14.136475835160923
362,1,228.57948,427.20728,238.49118,449.20175,236.68217,474.9325,28.28003799355469
362,3,478.64444,226.83844,473.57767,230.05406,463.72073,233.33876,13.971201277104969
362,4,607.3149,789.6032,612.8324,796.02356,618.82495,787.1604,105.26151862502729
362,5,615.7741,791.5164,610.16315,796.7954,601.99225,787.48663,91.97847378604648
362,6,391.7352,635.2426,414.528,639.88226,438.45242,650.565,12.555953458723073
362,7,505.69104,738.29004,497.64444,761.9013,494.25854,786.8959,11.104220723291393
362,8,777.77704,658.75006,781.2423,649.8361,784.761,642.5532,4.543682952112098
362,9,657.833,338.3953,636.89667,324.634,620.29626,310.0353,8.012364941012937
363,1,239.82385,429.47073,239.26399,449.856,237.73674,474.30484,2.0013473361001295
363,3,477.0444,226.89844,474.5142,231.50525,466.07205,234.48515,41.78096134708874
363,4,611.1752,789.5179,617.87683,789.7933,628.17413,780.03467,45.814558313804554
363,5,616.64954,791.1391,608.66144,795.4415,599.0062,787.2509,68.61539966094263
363,6,390.79453,635.3494,413.951,640.4562,437.3322,650.394,10.590614276076737
363,7,506.17346,737.5814,498.40094,761.0061,495.06454,784.9558,10.425565554838478
363,8,773.5433,665.95026,781.1273,649.8442,788.89233,634.86176,2.1815777940713783
363,9,659.02454,338.2881,638.3031,325.47995,621.2323,311.15625,8.278607631125434
364,1,242.51453,426.7481,240.79826,450.03333,240.0199,471.03622,2.0929347022979474
364,3,473.72388,227.56772,476.75378,232.62395,472.44913,234.15372,101.36786301716076
364,4,613.135,788.9044,625.7951,782.7279,639.83234,771.9548,11.498619839897984
364,5,616.9862,791.44543,608.11115,794.5809,597.2674,787.97003,50.825987596459754
364,6,390.1956,636.78076,413.7981,642.44574,436.85193,652.1693,9.372301371084182
364,7,506.00592,736.29065,499.13425,759.7205,495.09097,783.0749,6.52365800576946
364,8,784.2242,645.1524,780.6848,650.1934,778.4389,656.2169,14.62485086531095
364,9,658.5832,336.6612,639.2731,326.11383,624.53076,313.73996,11.364478017768944
365,1,236.28635,412.319,237.15846,441.47812,240.28624,469.23657,4.715716359431465
365,4,614.4446,789.4984,626.4931,781.09454,641.20703,771.14136,0.81972189199122
365,5,591.60486,786.63135,606.4141,794.4056,620.81494,792.50183,35.228223306999176
365,6,389.08432,638.23206,412.83658,642.91693,436.37692,653.5752,13.201653173867756
365,7,506.72214,735.8895,499.22614,758.91144,496.51767,781.11475,11.080523441989508
365,8,789.25476,633.5294,781.25476,648.52704,777.42456,666.9429,16.327145061157427
365,9,657.03284,334.67654,640.05945,326.5546,628.22345,316.59387,14.511058751631298
366,1,235.85399,411.80563,236.70216,437.86874,232.4533,462.15887,11.785806838747336
366,2,804.6161,571.5515,795.3158,592.162,790.8379,618.4321,14.613403729666821
366,4,614.82605,788.1003,626.031,781.08264,638.5565,770.30115,8.661838909911927
366,5,589.8964,785.8812,605.50446,794.37396,620.2952,795.30396,24.953936121622448
366,6,388.206,638.5246,412.36218,642.2744,436.43015,653.44507,16.073679382419282
366,7,506.7466,734.2663,499.08044,757.9586,495.4459,780.6323,8.823141318113993
366,8,789.43115,636.7145,782.35504,648.3438,782.7497,660.8198,33.13113522667675
366,9,657.93365,334.36978,640.81647,327.09412,628.9179,317.74756,15.122412479670713
367,1,234.94012,441.7475,236.12811,437.92297,234.64018,432.64774,33.007638241735656
367,2,804.26025,564.3401,795.6814,591.5887,788.1946,618.5529,1.958347245244375
367,4,610.44025,788.17816,625.10486,782.4972,638.9447,770.8658,18.86865582189164
367,5,614.7922,781.28375,620.1442,784.8401,628.315,781.3161,56.933404159378995
367,6,386.57834,639.7799,411.6148,642.2147,436.32413,653.2996,18.60700466239742
367,7,506.06488,734.18256,498.7047,757.47144,494.18015,780.4315,6.390527157913787
367,8,786.04504,653.79553,781.1041,647.7582,790.14496,642.64655,99.81303797805367
367,9,660.0763,334.90936,641.3789,327.08704,627.10187,316.52887,13.78099673910926
368,1,234.21913,463.94223,236.14532,437.0273,236.19695,406.0044,3.998116903349723
368,2,804.34125,565.8943,795.6566,591.368,789.29266,614.9723,3.7369071118072767
368,4,607.0986,788.3142,624.9352,782.89435,639.04364,771.4828,22.065471348672908
368,5,619.5597,778.0744,632.4123,773.4971,642.6058,767.36847,11.412558237884442
368,6,383.86023,640.6418,410.74747,641.971,436.08118,653.36127,21.378879815126954
368,7,505.11276,733.4227,498.53336,756.7599,493.75748,780.1561,4.207333367367607
368,8,786.27496,654.5997,781.724,646.9997,791.87726,638.60114,81.31689884004193
368,9,660.3073,334.38113,641.94977,326.9356,628.08264,316.60364,14.611968836563493
369,1,232.75311,467.87665,236.53598,438.8185,238.66228,409.4285,3.279128077782312
369,2,804.76996,573.6605,795.74225,594.0255,792.2194,612.7522,13.253621253048184
369,4,609.73584,782.0922,619.68146,782.579,631.6273,778.8667,20.065012033142793
369,5,607.94183,783.10376,627.8779,777.5047,644.32153,767.7848,14.900162298465876
369,6,384.2533,640.89703,411.50763,641.92993,436.4762,653.2628,22.242250828775642
369,7,506.34998,731.59155,499.40878,754.1842,493.48553,779.0084,3.6584292463304333
369,8,788.5816,647.66144,781.8849,646.1562,792.599,645.9806,166.3929629511693
369,9,662.28485,335.04718,642.1255,326.84756,626.3014,315.53036,13.438363906068396
370,1,237.23366,470.01364,237.2192,438.95255,241.28032,410.0575,8.027052075046647
370,2,803.4234,579.3471,795.0226,594.7073,793.40753,610.12695,22.695900494173745
370,4,607.4226,784.9223,617.8944,782.8603,629.90283,778.0852,10.545347079218757
370,5,608.0333,784.27954,626.9144,778.5249,644.3119,768.53534,12.913975750841608
370,6,383.188,640.32227,410.55292,641.9428,436.57138,652.9656,19.570948039194043
370,7,506.83075,731.2758,499.60248,753.6329,493.87772,778.53827,4.971417296268139
370,8,788.3581,646.0473,782.24316,646.40106,793.3713,651.8493,150.60300342878975
370,9,665.1805,336.26566,643.59155,326.73944,625.54065,314.5815,10.151989853779249
371,1,238.59996,469.3465,237.36383,438.01062,241.47404,408.46802,10.179639935657903
371,2,803.2357,570.22015,795.28516,594.0001,791.7008,618.88934,10.29183735778679
371,4,607.5666,784.2605,625.5577,779.035,642.2923,768.9973,14.759957541090234
371,5,613.9955,779.6281,631.5145,775.00354,647.0162,768.31335,8.556736684466264
371,6,382.4073,640.08295,410.50146,641.58435,436.45743,652.8467,20.39701541552622
371,7,508.23645,730.34576,499.65195,753.4444,494.00906,777.822,7.35420695341921
371,8,780.8557,648.44336,782.42377,649.80524,794.0358,645.31915,62.097811135859594
371,9,666.02594,334.0407,643.9209,326.02106,626.9645,314.30182,14.709202753586423
372,1,241.00896,432.70734,237.3123,437.29092,240.42426,441.8628,73.12822517828266
372,2,804.1921,569.3075,796.507,594.56525,788.45306,620.11456,0.5726661320125288
372,4,606.7254,783.51965,626.0704,778.9242,643.1886,768.0605,19.037280380477863
372,5,600.20557,788.09485,615.54724,783.53186,632.97107,776.6089,5.105571312663852
372,6,382.9034,639.2861,410.64023,641.6348,436.61304,652.672,18.182861808851214
372,7,508.5612,729.3718,499.8448,752.10944,494.8848,776.63965,9.54311894300494
372,8,775.3468,641.00134,784.49884,651.89246,790.0974,650.7473,61.51885941713537
372,9,668.6093,333.11392,645.392,326.97995,628.3463,314.99597,20.309794477876725
373,1,239.509,465.9276,237.93105,435.00336,243.96452,406.7786,14.987304248460616
373,2,803.6176,570.1469,798.03503,597.9614,785.5897,625.7512,12.775720068727857
373,4,606.16205,783.5916,625.5517,779.50244,642.11975,768.05316,22.737384926641678
373,5,586.94073,786.18176,602.5618,792.81274,602.60046,806.28284,66.83497737478265
373,6,382.39117,636.7103,409.97107,640.7825,436.1131,651.8684,14.581153051684106
373,7,509.57852,727.22833,500.49417,750.52405,495.64926,773.9466,9.616991879686898
373,8,779.4804,640.31854,783.68726,650.0351,791.73474,648.0704,80.30933431822274
373,9,670.3484,332.77072,646.77405,327.88364,629.1688,316.49475,21.18716973758834
374,1,242.05508,457.87308,239.65692,431.91724,247.8237,408.68353,24.645668651485924
374,2,804.73755,572.71564,799.483,601.7601,788.3976,628.2917,12.421289439952382
374,4,604.7865,783.67,624.4848,780.17285,640.167,767.88196,28.020423001237873
374,5,586.4502,786.10144,602.4101,793.18005,600.78864,806.7941,72.87355237992767
374,6,379.52914,633.3546,408.40753,640.28876,436.11435,651.43726,8.416572932625982
374,7,510.74954,724.32184,501.604,748.3897,496.07727,772.3165,7.7998872944474495
374,8,780.0013,640.2726,783.30176,650.09424,791.40405,649.59973,74.91815371844736
374,9,665.28894,331.24692,647.9952,328.8622,639.88635,319.48102,41.30961638181236
375,1,239.23444,461.78604,239.91672,430.78973,247.37799,403.11096,13.825455295182548
375,2,788.8908,632.90173,799.1196,605.2377,803.83746,575.6611,11.228912967904856
375,4,617.35736,775.35065,622.8433,780.75726,625.3191,772.1821,118.47843060785915
375,5,586.4149,785.49084,602.29144,793.16925,600.9104,806.6104,70.05647120153256
375,6,380.6707,633.1323,408.91464,640.9877,436.0619,650.9885,4.680860258457522
375,7,512.0078,723.0456,503.12164,746.9101,497.24393,770.5612,6.466962098351787
375,8,782.0953,640.09955,783.2373,649.3249,788.93835,647.6656,99.17085159525753
375,9,657.47437,328.13556,648.3903,328.4245,650.1528,324.36655,115.29810117148558
376,1,238.15413,460.6081,239.93878,430.97983,246.79126,403.86755,10.737112470661792
376,2,788.44836,633.03986,799.1899,605.258,803.25555,577.0138,12.94707830696626
376,4,603.0242,783.70593,622.0502,782.2898,633.03424,767.8829,48.42074612524628
376,5,587.4694,785.5802,601.5519,794.23083,599.865,804.0256,68.21009204669595
376,6,381.89392,633.1866,408.9355,641.1049,436.2738,650.09155,1.8755498195280302
376,7,513.2758,723.4461,503.46512,746.2655,498.46088,768.5997,10.635024849290486
376,8,780.5797,638.69977,782.22766,645.4205,794.30237,641.3325,94.92640933704644
376,9,641.6618,322.35788,649.32495,328.85974,667.08093,331.8831,30.650024075006502
377,1,238.16994,460.22174,239.55652,430.6468,247.02881,403.3317,12.615181529575365
377,2,789.42786,634.74316,798.5251,607.50116,803.3273,577.724,9.305060188760976
377,4,604.2357,783.6762,622.67725,783.6158,629.7026,768.68115,64.6197229103933
377,5,590.3843,784.9972,603.5241,793.87225,600.4781,800.5275,80.5565266095017
377,6,383.29657,631.6555,409.57263,641.1381,436.55847,649.48804,2.650700967384201
377,7,513.4533,723.4594,503.56268,745.86957,498.48264,768.34955,11.080168046040113
377,8,785.57007,644.4597,783.2417,649.50836,785.4864,641.2824,170.50466553959586
377,9,649.3362,326.2048,650.3482,330.45688,660.52795,328.60986,86.89616367266136
378,1,238.49118,460.25433,239.10144,430.11084,246.61658,402.70612,14.175282334596941
378,2,788.94763,635.8266,797.4814,607.5266,803.9135,577.33826,4.752461186612577
378,4,613.13293,781.3506,623.59937,784.00385,626.7781,772.7222,88.48919903553977
378,5,597.9632,788.8182,607.8438,792.0296,602.92566,786.20233,148.16933774914827
378,6,400.11346,637.6801,410.65005,650.9651,426.5353,662.7575,14.992981706035154
378,7,512.5036,723.4764,502.74384,746.5968,497.4323,768.40314,9.196610383196983
378,8,783.4323,643.71124,783.46,649.1775,784.66766,643.13354,168.41010042475244
378,9,664.58167,332.11276,651.18463,329.77625,645.62823,322.89575,41.18392205144423
379,1,237.84454,460.17783,240.2951,429.84976,246.3312,402.2653,7.723469705022937
379,2,785.7217,631.14966,796.4042,605.87683,803.4753,578.32544,8.51880431495932
379,3,487.5318,254.57518,484.70673,255.26453,492.8573,258.9496,141.95841310650835
379,4,605.3445,786.6203,621.6785,784.49036,623.5783,769.98486,75.10906223111948
379,5,598.8787,788.366,608.0309,791.6119,601.9269,786.1023,157.45727897872308
379,6,388.87842,635.47925,404.58954,658.6564,424.66068,683.1502,5.200175837944847
379,7,511.8211,723.02655,502.79288,746.71783,497.46313,768.54663,7.13976647217233
379,8,785.8216,643.8044,784.1267,649.78625,786.4659,644.02496,173.7214902489674
379,9,647.4374,324.48056,651.78656,329.18365,665.8892,331.16733,39.23226365854244
380,1,237.00072,459.87006,240.34254,429.58377,246.56194,401.78983,6.316524006229816
380,2,782.505,625.6515,795.06964,605.32764,798.1883,579.277,24.89856711669896
380,4,608.1232,791.45703,621.5276,784.68414,621.03973,773.7083,65.7386761977433
380,5,600.1331,788.866,608.60675,792.28253,599.57434,786.40515,168.9069027855071
380,6,389.47556,635.7309,404.26547,658.4055,423.9464,681.9953,6.723099615999686
380,7,512.87103,722.488,503.27527,746.0537,497.6154,767.8702,7.612003417281313
380,8,783.8392,646.50446,784.8929,649.07837,790.49695,642.0318,119.24187407953539
381,1,237.4449,459.94675,240.61514,428.94858,246.73921,400.5025,6.3101264573719735
381,2,789.206,633.06384,795.744,605.4755,801.6684,577.124,1.5296950365133615
381,4,609.6127,790.23193,621.6774,784.76,619.5535,775.5904,78.64461349587037
381,5,601.04553,786.5397,607.6254,793.4114,596.9333,791.3531,144.6536829724404
381,6,391.33228,637.6992,402.95074,660.156,421.7236,682.3383,12.885507159546936
381,7,514.38635,721.20056,505.32764,744.4348,498.25363,767.73206,4.409666257903461
381,8,785.2125,644.9639,786.63446,647.1984,793.00494,641.03357,101.58932526800113
382,1,237.70004,458.92953,241.4196,427.20694,247.04263,398.6168,4.439193683834141
382,2,788.4362,634.96265,794.456,607.46277,802.02295,579.12866,2.605191431810596
382,4,607.44666,789.725,621.6508,784.0607,616.1769,772.7957,94.17540780750292
382,5,602.28217,788.2231,607.18854,793.21704,596.7808,790.10583,151.1362542562303
382,6,400.10287,640.3171,400.57785,658.68835,405.6394,680.6155,11.517227076470583
382,7,515.4215,720.2265,506.1212,743.6621,497.82092,767.23755,2.249684604918167
382,8,784.4087,647.3536,787.61945,645.3832,795.60614,638.6198,8.722018257487209
383,1,238.24638,456.68155,241.81593,425.05093,247.60175,396.46616,5.003941437138975
383,2,787.3251,641.82996,793.71625,613.27026,804.5989,582.3178,6.757231084869683
383,4,610.5394,790.7366,621.0495,783.8635,613.71796,772.8537,90.4773801975921
383,5,603.9575,789.1204,606.0177,792.7383,596.7598,789.2098,140.5228596577464
383,6,380.58414,625.0564,402.7548,638.75977,430.21652,645.76904,17.40126882011157
383,7,515.9015,719.3904,505.97635,743.4522,497.65384,766.3687,2.4561479600036358
383,8,788.0572,651.021,792.7418,641.4748,797.2675,630.47034,3.783255000742942
384,1,240.04895,454.7932,241.826,423.33228,248.98293,394.45615,10.687284919285533
384,2,787.3667,641.6272,794.1495,613.6913,805.3112,581.47156,5.460235764157729
384,3,482.9696,250.2349,485.31296,248.62132,486.22623,249.80379,86.86979663265605
384,4,611.3008,789.8745,621.29346,783.58575,612.1832,774.1931,101.94184984749215
384,5,604.37756,788.6131,607.75006,791.4283,597.67114,787.6567,160.66285305513395
384,6,380.63037,625.5032,402.04282,639.3111,428.88498,646.3118,18.19839592851441
384,7,516.3299,719.10504,506.1052,742.75397,498.0375,765.8629,4.136495895990904
384,8,788.8107,650.4771,793.264,641.183,796.777,629.35986,9.05299528309536
384,9,669.122,335.40317,661.685,331.87924,661.2377,330.78876,42.34282324983959
385,1,240.79192,450.50055,241.9094,422.77744,249.75569,396.66663,14.4172638962579
385,2,789.5932,644.1722,794.1924,613.4025,805.7887,581.8243,11.663307949620915
385,3,483.59445,250.11292,485.43268,248.78821,485.531,250.72649,122.87409803353341
385,4,613.75305,786.589,620.362,783.7857,611.4426,780.97345,139.51510918239546
385,5,605.24426,789.4531,610.95825,788.20514,602.68085,786.129,153.5992958814757
385,6,380.0128,625.02216,400.1784,640.3093,427.8174,646.62524,24.293174420297774
385,7,516.4992,718.6704,506.6774,741.41766,497.68787,765.29376,2.7219638887977893
385,8,790.75323,648.9756,795.1885,637.3738,806.67975,619.71814,12.137050082126986
385,9,645.813,324.8147,661.4786,332.02716,682.4653,337.45038,10.232488558115806
386,1,235.35144,438.13818,240.47449,422.29922,245.30864,400.02484,5.678752961250724
386,2,786.27057,639.9343,795.05725,613.4237,805.7426,580.39777,0.4083037802089377
386,4,612.1924,786.3643,619.99835,783.6424,608.7568,779.62335,141.10366885087646
386,5,604.3011,787.7662,612.11774,787.88983,599.6647,785.03876,168.01095138027875
386,6,379.2761,623.6822,399.48526,638.52856,427.2665,646.5365,20.2227270508228
386,7,516.8764,717.7998,506.97507,740.5325,497.9076,764.97546,3.1827847506881164
386,8,773.86646,634.60614,788.5933,623.74176,797.47754,594.7213,36.56161854616302
386,9,670.7223,334.5929,664.06226,332.60413,670.5607,333.56693,171.8012303871821
387,1,237.48495,417.42136,237.52345,423.88766,241.83789,421.96484,113.6800454372089
387,2,787.0661,641.999,792.98724,616.96686,802.56976,588.65875,5.393214120072933
387,3,482.96143,248.99393,485.55722,248.02965,488.34775,248.21503,24.179557511942257
387,4,612.2965,781.0218,619.49426,783.97205,607.2072,784.91785,153.31028734858384
387,5,603.8596,787.5198,613.28204,787.19116,600.9039,784.43396,165.44511908604625
387,6,378.90527,623.23,400.49805,636.44403,427.41272,645.01965,13.792174690239904
387,7,515.64514,717.6873,506.36505,740.69495,497.4557,764.97797,1.818653509477002
387,8,789.5967,620.8222,788.4475,620.7148,791.73267,603.47284,95.44706451562992
387,9,684.8474,340.5237,664.45715,332.07602,644.40784,324.69135,2.2843050415594677
388,1,234.14122,426.51093,236.56656,422.3697,240.82132,419.8892,29.402450709736065
388,2,791.4658,614.7659,791.03735,618.1579,798.6039,607.8487,150.9222234095072
388,4,613.24493,781.8762,619.46594,784.09937,606.1708,783.936,161.03920335937846
388,5,603.9809,788.47723,614.06055,787.0158,601.44073,783.3683,155.62933525473014
388,6,379.6453,623.2866,401.32492,635.7752,427.5692,643.3709,13.80249923442375
388,7,509.12076,727.2117,503.86935,742.1341,500.32153,760.5592,8.4885732633879
388,8,787.9136,641.3338,793.4013,616.19086,803.3276,585.4871,5.603220838663665
388,9,684.9277,340.65543,663.9779,332.16025,641.9571,324.86374,3.7402067789776683
389,1,241.28288,401.30164,239.42258,418.88525,236.87523,435.38474,2.73716698380837
389,2,784.42084,634.8165,793.50446,613.0539,803.07404,582.6853,5.165053407695909
389,4,613.4602,779.4162,618.9156,783.79004,605.76355,787.62335,125.02982353730879
389,5,604.18976,786.663,614.7888,785.1541,603.9282,785.01935,171.1867274901032
389,6,381.736,622.00543,401.6268,636.9263,427.7315,643.17194,23.419603159265403
389,7,504.19196,723.04315,502.53806,741.5065,495.69485,764.44116,11.495193008844005
389,8,802.79224,595.9895,801.04565,595.1875,803.5054,583.28735,77.01455352517804
389,9,684.88257,340.94022,663.6767,332.43512,641.8795,324.39526,1.6077863690103975
389,10,501.81454,718.63293,503.38605,738.9035,494.75815,763.6139,23.680264647719913
390,1,244.8484,393.4542,241.85962,421.50928,237.75279,450.21893,2.0598506983417697
390,2,782.17926,615.2358,793.21375,612.72766,800.81244,589.65265,58.967428007095094
390,4,610.6393,774.7645,616.5721,783.43744,605.98834,791.27905,87.83933750701628
390,5,604.3718,789.80054,616.3154,783.50385,602.4013,775.7491,123.06946476633362
390,6,381.38412,620.64026,400.90103,636.5876,427.1112,642.7971,25.923977810398657
390,7,504.40927,735.04376,502.55875,746.248,495.4536,764.42523,11.971098813370823
390,8,802.92645,589.55865,800.6021,604.1006,803.6771,600.4721,148.80104195155087
390,9,684.7117,340.68326,663.6877,332.29758,642.25336,323.90515,0.3636945235202828
390,10,497.29984,717.93964,503.0988,737.1591,493.50085,760.5259,39.12022702756575
391,1,244.70816,394.7293,242.07635,422.9621,237.41971,450.1922,4.378732626498793
391,2,783.25366,636.7351,792.46704,619.4652,801.8539,589.44934,10.713660322778193
391,4,597.3215,781.31213,614.1608,782.8852,608.9779,790.67267,118.30874956360962
391,5,606.4409,775.4079,615.6007,783.2808,608.839,790.1736,93.77078230370167
391,6,380.8527,619.4899,399.66782,635.84357,426.5476,642.62213,26.842574852858185
391,7,504.0446,733.6989,503.0595,745.4897,495.43518,764.1537,17.444484761152793
391,8,799.59357,614.3422,795.6143,613.1433,803.4779,595.3747,97.10490913740873
391,9,684.90326,341.01978,663.6756,332.2806,642.97095,323.88666,0.30901041820232844
391,10,497.2004,719.01654,503.2783,738.0972,493.7502,762.56934,38.94170654913497
392,1,243.19235,393.9641,243.00177,422.51736,237.0593,449.28738,12.133313635606214
392,2,777.0346,637.84814,781.605,644.3706,787.6325,623.3433,128.9854817849854
392,3,485.79752,250.4819,484.77554,249.715,490.68753,251.72186,161.86492581128078
392,4,597.0032,780.7788,613.11597,782.5498,609.99396,791.1839,103.60718712592886
392,5,605.451,775.30865,614.27277,783.2523,609.9739,790.7513,77.82232314437073
392,6,379.80014,617.69666,398.53827,635.4838,426.19263,642.6269,29.025769508581966
392,8,782.5207,638.01666,792.26385,619.5384,801.48425,590.63837,10.106609349363897
392,9,685.91864,341.89236,665.1231,332.67032,644.4992,324.8368,3.1173432579416063
392,10,496.77002,717.2119,502.6571,738.0123,493.18423,762.695,36.799060267851225
393,1,243.20422,427.72574,244.34013,424.62943,242.25084,435.66223,170.5771470037964
393,2,780.2918,646.3864,782.7614,650.3604,779.3532,636.7695,162.21927566218625
393,3,487.23645,253.80698,485.30463,252.23108,491.11978,255.07158,166.8278228477096
393,4,595.7833,780.53394,613.07056,782.1761,609.97656,791.74084,102.49891595455489
393,5,604.2989,774.82574,613.9825,783.2105,609.56616,790.775,79.38885672834911
393,6,380.09888,617.06805,398.39856,635.1759,425.46582,642.6076,29.345066526745402
393,7,503.82596,725.26636,502.29523,743.5493,493.49805,764.14166,18.346594837992992
393,8,774.87335,633.84033,789.6914,620.11755,801.91223,595.09235,21.16955887185917
393,9,686.1044,342.3536,665.6751,332.87378,645.16223,325.49094,5.0983131663700805
393,10,496.81613,716.3494,502.03204,737.6914,492.3792,761.80334,35.55160760332478
394,1,242.26735,393.42694,243.9324,422.0165,236.35622,448.97968,19.0275724336483
394,2,788.02985,658.19324,781.724,647.6322,772.1043,633.89026,4.152043090615969
394,3,487.24576,252.32895,484.64783,251.31424,492.04575,254.76837,176.306627495652
394,4,594.127,781.0119,611.67346,781.64746,609.57544,791.7464,99.66164629745793
394,5,606.0509,781.08923,612.0559,783.79535,613.65375,790.9509,53.153981233098
394,6,379.48294,616.6841,397.59503,634.7506,424.14996,642.5221,28.61536350375361
394,8,787.91925,647.99286,789.178,619.5524,801.65283,591.7718,21.648225697864326
394,9,686.7682,341.91446,666.28796,333.79645,645.5806,326.4243,2.0260336236285474
394,10,496.50925,715.2361,504.4136,736.11664,493.08163,760.25354,45.88367810920051
395,1,245.20428,402.2229,243.38576,418.29736,235.98267,433.22723,19.920347464569325
395,2,788.30054,659.2627,781.3842,646.6616,772.0572,634.2724,8.212767022023945
395,3,488.3279,254.84322,485.49435,253.75452,491.69037,255.86615,177.80170969560274
395,4,592.0591,781.5775,611.1945,781.5886,606.34515,792.0051,114.9308990557416
395,5,598.2106,783.29144,610.625,787.6984,607.75946,795.21844,91.31529224406226
395,6,378.7299,615.89417,396.6228,634.0431,422.81976,642.57294,27.3715011027342
395,8,789.3835,649.8257,789.2506,620.61066,801.53455,592.3372,23.744058491272508
395,9,688.9694,345.2845,668.8141,334.539,647.7435,327.68454,10.043378071957878
396,1,237.9297,392.87915,241.71423,419.60715,231.66658,446.43024,28.59460622620062
396,2,787.86487,659.28345,780.89764,645.9888,771.3153,634.84424,13.032464376659869
396,3,490.42212,259.60544,487.58612,259.0061,493.91168,261.89633,167.37656492277182
396,4,591.5328,781.01105,610.7916,782.0471,605.16156,791.6704,117.2502071503703
396,5,590.6907,779.9108,611.15155,782.44495,603.5917,790.00806,127.92750264718225
396,6,377.1882,613.87286,394.66693,633.31323,421.30472,642.2706,29.455406743462458
396,8,789.6579,649.8498,790.4193,621.3431,801.2172,592.5609,19.034076342672098
396,9,689.9561,347.22272,670.3932,335.0547,649.83496,328.01556,12.98021951604608
396,10,494.66592,713.8183,503.55472,733.6175,497.58368,757.72375,38.08953182741368
397,1,235.0954,396.88864,242.4331,420.73074,230.88087,447.42407,40.50820845989628
397,2,786.41473,658.7978,777.7849,645.0984,772.97217,633.08014,10.384741198911819
397,3,486.78842,254.79854,485.54535,252.73767,491.75372,256.0799,149.3929167914077
397,4,590.09265,780.7332,610.94476,782.30707,603.2858,790.09436,130.20756550938478
397,5,590.5577,781.64886,610.6074,781.8993,604.9262,792.1564,118.26568193526907
397,6,376.40128,613.3134,393.19806,632.3529,418.39957,643.1405,25.40750159662167
397,8,789.0179,649.7822,790.421,621.37006,801.59454,592.96967,18.648829862972146
397,9,690.4706,348.05225,671.7122,335.53903,651.15643,328.5668,14.970021281531338
397,10,495.27017,713.22766,503.66095,732.75244,498.3876,757.04443,35.50345139590587
398,1,241.83566,401.2418,241.44708,423.02396,231.09383,446.07922,23.161046192411636
398,2,783.41626,658.5886,777.9302,645.803,771.84375,634.19604,4.44827356270469
398,3,486.5916,251.37724,485.1428,250.6349,491.39322,255.54399,168.98334428191234
398,4,590.1453,780.6082,610.58264,782.33295,602.7317,790.205,130.0992085712725
398,5,590.62396,781.6089,610.2721,782.0536,604.2451,792.3169,119.12639626197999
398,6,374.71237,612.58563,391.14987,631.6712,415.83615,644.8352,21.19439720920051
398,8,788.3837,650.53253,790.55707,621.7127,801.4844,594.00635,17.211549979174727
398,9,691.53595,349.05582,673.0631,336.06964,652.7705,329.5528,17.30262004724429
398,10,495.76654,711.36426,504.99954,731.27094,499.36658,756.8378,37.30759841091189
399,1,241.63599,398.2903,242.00296,422.59424,231.55417,446.8274,24.189669133802326
399,2,781.6245,660.77716,777.0895,646.2173,771.79156,634.62067,7.252795259876394
399,3,489.30545,258.72397,485.02512,258.09402,495.04037,258.75067,175.37898864132453
399,4,589.5733,780.2645,608.9049,782.8006,600.95514,789.7177,131.4995500631723
399,5,591.95825,780.9598,608.8043,781.91016,601.28125,791.96014,123.58830491818925
399,6,373.97012,611.94666,389.97833,630.37665,413.6357,645.25183,16.86186230503134
399,8,787.2445,650.4506,790.3614,621.90576,801.4138,594.2319,15.539263626199666
399,9,692.78253,349.161,673.4722,336.50415,652.3277,329.27643,14.37096738377189
399,10,496.02225,708.8596,503.83212,729.6227,500.5018,756.6129,27.64759457310097
400,1,239.97226,396.42853,241.91273,421.98254,230.94225,447.77985,27.380465373673218
400,2,780.8721,664.2621,777.6876,648.42456,772.4344,635.2004,10.296347480081387
400,3,489.19333,259.50168,485.9088,259.364,494.95352,261.7784,167.45397869511433
400,4,592.2128,781.03186,607.24756,783.03845,596.1453,790.7043,137.77384519919337
400,5,600.35376,781.8358,606.7832,782.6911,596.04297,791.10254,134.35562133150808
400,6,374.02585,611.53424,390.0732,629.1893,413.31573,644.83044,13.792274964965657
400,8,787.82184,651.1446,790.29425,622.79193,801.19696,594.3265,15.973912430588912
400,9,692.4025,348.06708,672.9099,336.57877,652.83734,328.76642,9.247497617444482
400,10,495.51926,709.6154,502.1902,730.4271,499.62585,755.47064,23.619010628183254
401,1,239.77592,397.25272,241.87445,420.04736,230.48874,446.88446,28.249164377020143
401,2,781.0957,664.1502,776.9155,648.94476,771.5712,635.7012,6.604350207382038
401,3,490.62082,259.8767,486.04883,260.95776,493.72363,262.10794,158.1735099809122
401,4,593.2191,781.6957,606.89453,782.2426,596.8847,790.7881,137.22206804497833
401,5,612.8717,783.5309,607.9217,785.88354,593.2008,793.53064,2.029604612936928
401,6,374.07852,611.66174,390.40753,628.44293,413.67377,643.89624,12.19051959114527
401,8,789.3967,651.65027,790.3605,623.1319,800.9715,594.23535,18.228104792795097
401,9,693.0717,348.30316,673.1023,337.13,652.95105,328.2691,5.491585542838521
402,1,237.59459,409.40536,241.56877,418.684,231.99728,432.4325,58.031231999595335
402,2,779.2649,665.5498,777.7195,648.9417,768.473,637.88,34.57603630487393
402,4,605.3001,782.97345,606.46234,783.05853,595.1892,790.8596,141.12953214332813
402,5,614.33954,783.4293,607.4913,786.054,592.7114,792.84186,3.697505406155853
402,6,373.4907,610.11957,389.6353,627.4692,413.19128,643.4439,12.916771856919778
402,8,789.5368,652.0336,789.6935,623.58453,800.6998,594.5968,20.475710901090245
402,9,693.3319,349.19455,673.41003,337.8443,653.4414,328.82965,5.375453725211225
402,10,493.71124,709.3759,499.7978,729.14667,496.53452,753.60364,24.711348856617892
403,1,232.11502,446.91077,241.97403,421.66586,246.11916,395.72507,12.2537392964217
403,2,779.0122,665.2936,777.36163,648.71954,768.80664,637.33484,31.235666570039253
403,3,490.64014,261.80713,486.11728,261.3826,493.2043,262.30966,177.90968526638926
403,4,603.0014,785.65,605.80963,783.9297,596.5744,789.70526,179.47028922540133
403,5,608.1523,785.8013,607.3772,786.2883,598.8257,790.8869,3.875907203596943
403,6,373.73135,609.3125,389.5727,627.50366,413.0636,643.04517,15.461299057384892
403,8,789.44763,651.6137,789.6515,622.5076,800.45264,593.2822,19.882042930594203
403,9,693.79193,350.58163,674.4542,338.29004,654.17444,329.80453,9.735729966529862
403,10,492.95193,707.8869,499.4858,727.92737,496.44165,752.8305,25.026988415755056
404,1,233.62039,447.80402,242.24104,424.72345,251.27467,401.37036,0.6670530393830888
404,2,776.1211,662.81604,777.41864,645.7447,770.4702,634.7099,36.544479045285534
404,3,492.7683,260.86047,484.8852,262.0207,492.9626,262.7859,166.21582093910104
404,4,606.374,785.20087,605.34937,783.87103,595.2033,790.84924,86.90442256896426
404,5,612.47144,785.2087,606.7439,785.84174,595.21405,792.1235,22.27538379991627
404,6,372.49063,607.9618,388.8143,627.2755,412.58636,642.9824,16.342080594922955
404,8,787.0259,646.32153,788.6001,620.7082,796.1658,598.0803,14.970431118689094
404,9,694.82166,351.35373,675.5987,338.60193,654.7,330.7398,12.942413279134174
404,10,489.74832,704.2296,499.433,726.5768,497.41318,752.3578,27.910426533029604
405,2,776.2631,664.1147,776.9647,646.21967,771.0483,634.7207,29.471924288641635
405,3,491.12613,261.14194,483.30038,260.93753,494.2673,261.13464,179.53395766334575
405,4,604.3704,784.628,605.8399,783.28424,595.5303,791.035,174.49469259961032
405,5,613.1508,784.82135,607.63043,786.15045,594.37115,792.9511,13.61615020640961
405,6,370.9695,607.9878,388.10645,626.7797,412.05176,642.67706,14.057099905889975
405,8,787.6703,647.8881,788.4876,622.04663,797.21,596.49225,17.034615924970925
405,9,696.5576,351.7222,677.12054,339.3837,655.8815,331.97626,13.180087690617066
405,10,488.0413,702.6928,499.34277,724.78516,497.87708,751.2854,30.258051553492916
406,1,249.08008,426.5962,243.57729,433.05167,241.99156,445.48135,33.17476094187682
406,2,776.8949,666.13916,776.56476,648.52277,773.10345,633.48785,11.89099702494457
406,3,491.4922,260.6413,483.60397,261.73764,494.52066,261.69247,172.32447710975106
406,4,602.20264,784.7721,605.79156,782.9142,596.60767,791.2674,165.08154703944723
406,5,612.9579,784.9416,607.85474,786.2517,594.19275,793.34906,13.053271515244418
406,6,370.4095,607.681,387.72464,626.3263,410.9754,642.4499,12.378348727107838
406,8,787.8918,653.0268,789.7045,624.93353,799.14825,597.599,15.3674152514155
406,9,696.4515,351.47974,679.2014,340.08643,660.40454,334.89517,18.005045444369664
406,10,488.3897,700.5889,499.74158,723.2503,498.6496,750.20825,28.92747990443031
407,1,239.4263,435.18118,235.94225,440.06653,234.69023,451.10312,29.023017341059006
407,2,774.96436,667.2849,777.6321,650.0451,774.9084,638.06,21.59967470370945
407,3,491.88013,261.33163,483.3987,262.18954,493.91632,261.65384,177.1399400572949
407,4,586.9547,782.7425,605.8437,781.7894,594.8712,792.2766,139.1839386871241
407,5,611.92,785.19415,607.72076,786.4821,592.79565,794.9655,12.562235639308636
407,6,370.04126,607.1626,387.28964,625.89294,409.4798,641.6413,11.995360127758248
407,8,787.2783,652.34094,788.8189,626.8066,797.4755,601.60913,15.507515689097026
407,9,700.2812,351.86005,680.5613,340.88815,659.5917,334.36032,11.799626190411361
407,10,488.08652,700.7739,499.84048,722.05743,498.86536,748.35986,31.033177288664042
408,1,241.11882,434.9465,237.04478,440.1436,234.25822,455.84943,28.032357126727074
408,2,773.4544,668.0394,779.6627,653.7866,779.21106,648.0186,28.014606874819176
408,3,491.88516,260.83435,483.35236,262.20667,492.94168,261.79526,173.32009506192722
408,4,589.4223,782.74725,605.7443,783.1038,591.7227,794.02466,140.83501040532886
408,5,599.1916,786.8411,603.01276,786.30066,593.95905,794.13293,147.18776241071782
408,6,371.61624,607.5692,385.8352,624.5868,404.92468,642.6216,6.746977715011744
408,8,785.46936,648.9008,787.517,629.23474,795.7321,607.1735,14.479855314390576
408,9,701.2055,351.28854,680.7227,340.72583,659.3354,333.1776,7.840122022851547
408,10,488.1421,700.0591,499.6398,720.6959,498.95798,746.9979,30.609081976214345
409,1,236.51315,452.9276,237.7044,444.6382,239.31778,441.05078,16.03693099320844
409,2,772.56805,672.81854,778.92926,658.50745,777.16003,659.1133,132.86760288840864
409,3,492.98532,260.73862,483.46396,261.61987,492.00394,261.44604,175.87811197814395
409,4,588.7951,782.95605,603.8488,783.1113,591.6587,795.01117,135.099417207766
409,5,598.9807,788.0878,601.0114,786.9821,592.6936,795.32556,163.48004176207596
409,6,367.8178,606.2949,384.10016,622.82214,403.95877,639.22864,5.865246849932658
409,8,779.95844,648.5495,785.343,629.0822,796.6961,608.173,13.03936839636253
409,9,700.65076,350.37845,681.014,340.18814,660.272,332.59317,7.315714526347184
409,10,487.98584,698.6618,499.11844,719.60034,499.69666,746.23193,26.754882992549458
410,1,236.79886,453.7876,237.0745,440.9756,239.00635,435.52814,18.293824640424702
410,2,778.96545,660.6779,779.8531,655.04724,774.8176,666.01324,164.2944811318275
410,3,488.5048,226.30167,478.3812,230.22017,468.43762,229.25499,26.703828550092464
410,4,594.3096,783.2871,603.65155,784.0828,588.30524,795.2308,139.13590958819492
410,5,599.5452,787.68396,600.722,787.349,591.82825,795.5634,153.16273500312698
410,6,371.26773,609.5794,383.36957,622.45,400.12833,636.32654,7.137897807513336
410,8,773.872,646.063,784.7099,627.83997,796.6306,608.1216,0.41401462461224514
410,9,689.1388,346.91467,682.03827,340.956,678.8894,337.88638,4.266776021905749
410,10,488.46686,697.5205,499.3622,718.99615,500.0987,745.8414,25.32881859250981
411,1,235.6761,452.7783,236.60944,436.83902,239.06935,433.8092,35.722073528761996
411,2,774.218,670.44275,780.5231,654.2485,786.4801,646.5353,16.40662422737541
411,3,478.33963,232.52586,480.16687,233.32207,486.44547,226.9282,69.06586715731413
411,4,596.1071,783.9456,602.5607,783.6663,588.4791,794.27106,145.4949773541236
411,5,599.85095,787.56616,600.6332,788.1126,594.31683,794.4003,100.19275073412192
411,6,366.5697,605.63525,382.82538,622.44037,402.65314,640.1121,4.242794060407453
411,8,775.76276,647.23865,784.92914,628.5776,797.3516,608.0973,5.078791803085258
411,9,704.85815,351.27618,682.9881,341.2767,660.9019,332.25345,2.348604095302705
411,10,488.41522,696.142,498.85318,717.7473,500.65344,744.8658,21.988116347186935
412,1,236.29016,449.86923,235.8337,434.2518,230.05003,425.186,30.862281668010652
412,2,775.14087,670.2845,780.9375,652.19,792.2772,643.33026,34.23639783422745
412,3,479.45874,233.09758,480.44724,234.12982,486.2074,226.79713,98.08894308869658
412,4,592.0507,794.6401,602.2875,783.73865,589.9757,783.74896,133.24698043593344
412,5,591.72687,795.5694,599.47833,787.1799,598.17365,786.85675,118.82620790004866
412,6,365.4287,605.12164,382.5517,622.0478,402.40707,640.3876,1.94118306762599
412,8,774.60785,648.464,785.16595,628.5377,797.4833,606.96857,1.8118614678531444
412,9,704.92596,350.7948,683.22314,341.39398,661.4431,332.24844,0.6434618428426722
412,10,486.86255,694.0074,496.72513,716.32153,500.96558,743.05804,14.832676716276431
413,1,237.62796,450.89243,235.92802,434.1026,240.83005,427.94043,44.2837126329427
413,2,781.30164,668.1872,784.714,649.9185,797.4464,638.11224,36.58126112013727
413,3,482.67035,231.96544,479.83383,233.24806,481.3261,226.31548,126.47953663276097
413,4,591.931,795.4229,602.8914,784.2447,590.9991,782.0877,124.15594480822963
413,5,592.6302,796.2414,599.6901,786.9602,597.9713,785.2316,82.09691018272925
413,6,367.5681,606.9637,382.40222,621.71814,401.28473,638.6118,3.0276321793040264
413,8,778.07574,645.0603,785.4041,627.77985,796.27155,607.5178,5.225547695152092
413,9,705.17145,350.8629,683.49677,341.72467,661.8732,332.5378,0.15701751249847418
413,10,486.55573,695.0443,495.58957,716.7324,500.31885,742.5596,12.236800444838305
414,1,239.81808,451.1739,236.0137,434.51868,235.26547,428.2861,6.021122782370568
414,2,779.8979,666.7816,784.9918,650.0254,798.6383,638.3847,32.62585797215737
414,3,478.93234,228.36888,478.1518,230.29446,481.55814,226.64452,159.04275818934624
414,4,592.6359,795.9519,601.4,783.8789,591.51624,782.8653,120.12148815200699
414,5,602.5932,785.40314,599.1787,787.29614,591.67804,797.3672,24.31799920890921
414,6,380.58298,618.63385,382.2392,621.45306,390.74948,627.81366,22.79232474367244
414,8,776.996,650.4422,784.0573,631.3928,795.66315,609.48627,7.575072886173173
414,9,705.93567,351.15393,684.15625,342.2131,662.694,332.90158,1.1348768129926887
414,10,485.54532,694.4248,494.873,716.0858,499.20566,742.4408,13.961975729188044
415,1,233.63803,447.67694,233.99516,434.8066,235.3684,421.7171,4.399705639545293
415,2,779.74384,668.9094,785.40674,651.1808,797.82477,641.5284,34.427864859546645
415,3,484.1829,225.52696,484.38672,228.39767,487.4107,229.24797,70.23356828382119
415,4,592.99567,795.46045,599.6145,783.31683,591.978,783.3128,118.56221364832966
415,5,603.5933,784.97296,599.12024,787.0567,591.59106,797.2286,28.51334895976788
415,6,365.6639,605.1223,381.48657,620.2224,400.79852,637.7378,1.454411137413509
415,8,774.7469,657.3528,781.5411,634.7286,794.7979,614.772,16.880101712958883
415,9,706.7577,350.8967,684.77924,342.25073,663.64166,333.11624,1.897335918726587
415,10,485.08884,693.8007,494.88245,715.1906,497.98517,741.6775,17.91994335811084
416,1,234.49586,450.69553,233.35968,436.91104,229.88818,423.43085,9.729406826577508
416,2,776.4523,672.62177,782.61694,652.8662,796.1694,640.5448,30.39354846308592
416,3,486.235,225.86882,485.8223,228.11491,486.86566,226.1724,162.17009031009562
416,4,592.42596,784.65295,602.05554,784.1556,593.7846,794.83636,130.7100560507229
416,5,597.43634,789.696,599.7248,787.7533,596.08936,792.4286,168.19634964796836
416,6,375.6669,612.92255,381.45602,620.0059,392.77567,629.65045,10.30990430017754
416,7,488.54337,699.84717,496.48288,714.243,501.013,736.78107,17.51249154701115
416,8,774.921,658.3514,780.64966,636.5133,793.83813,617.10016,19.491689973652
416,9,707.86554,348.89197,685.0268,341.66425,664.7899,333.38922,4.679227871654566
416,10,489.84476,714.65607,495.6842,713.54663,491.21872,710.503,134.96454087051663
417,1,236.15453,451.06113,233.66241,437.7488,228.37498,425.3599,12.508943130993815
417,2,772.6797,676.4622,782.10406,658.0381,793.1761,648.5181,22.21954009680929
417,3,489.26987,225.02023,487.31665,227.44048,486.41776,227.17982,67.26576669724615
417,4,592.24274,782.6877,602.71356,784.49884,593.07416,795.31506,121.89393374246846
417,5,595.57837,792.85657,599.6349,787.9108,597.38495,788.02716,132.31859516028297
417,6,361.5249,599.5791,380.14316,618.5626,401.5075,637.7629,3.61037313214896
417,7,486.38715,693.33795,495.7721,714.32056,497.9486,740.9972,19.4333179619076
417,8,775.0521,664.82416,783.91644,644.8318,793.60767,631.3588,11.815998255592934
417,9,709.5468,347.13046,686.59705,342.29877,667.0074,333.51657,12.25800257804241
417,10,487.1618,692.865,496.2761,714.11304,502.45334,742.5634,10.966665034876995
418,1,239.21698,451.69318,235.07271,438.05054,228.21121,431.99454,31.670785895356385
418,2,773.65314,678.9745,781.46606,655.70435,796.3221,644.1794,33.63706207626057
418,3,487.1867,225.58871,487.21475,227.46259,488.924,226.54749,117.30616596196101
418,4,610.8519,785.35895,603.9421,789.2373,594.5154,798.126,14.012783613416081
418,5,594.9606,795.9445,600.12103,789.06714,601.2828,786.0716,15.685358327755061
418,6,361.39572,598.4054,379.73883,618.0377,400.94855,636.99225,5.1581446480732716
418,7,489.42993,689.3596,496.18646,709.4369,504.79355,736.3653,0.874244717746227
418,8,774.4728,669.47485,782.2209,645.58014,793.7114,628.29913,15.655025765782506
418,9,710.41,345.4795,687.41895,342.76312,667.813,333.69336,18.087164566144825
418,10,487.54303,692.87115,496.3486,714.58575,498.25635,740.697,17.894519802302554
419,1,237.73953,451.89215,234.89664,438.38327,228.81754,432.21384,32.693185840841885
419,2,772.63525,679.4341,779.1984,656.3001,794.42114,645.3083,38.32940753864024
419,3,486.6937,224.37103,486.16306,227.57791,488.21344,228.961,65.39391237734723
419,4,607.6127,785.6876,604.74335,789.70844,596.25287,798.3095,9.11692872371393
419,5,595.8624,795.8306,600.4312,789.81335,597.8632,785.98553,71.06534315358522
419,6,361.3995,598.6999,379.30804,617.5238,399.7763,636.0735,4.242655576685159
419,7,490.49948,686.5934,497.28934,706.36237,505.29553,727.4966,1.7925322285492042
419,8,773.2749,657.67773,780.6964,639.3408,793.5955,620.6477,12.572814126966506
419,9,710.6163,345.3842,687.96234,342.51688,668.56775,333.1468,18.57294943362259
419,10,489.3493,695.06934,496.88287,714.36096,505.17514,738.5388,2.4008586916239882
420,1,232.97755,445.1602,233.55199,437.47366,231.20116,436.37714,69.2675586891897
420,2,771.4001,677.00476,780.50476,657.9313,793.84607,644.6836,19.684399377448983
420,3,487.58414,224.81277,485.01904,227.59593,485.14746,228.95734,48.05381179518851
420,4,591.6629,784.7025,599.8186,786.533,596.89667,791.61365,107.25366696202762
420,5,595.71344,791.0834,599.89526,789.6366,598.1704,792.5097,140.06223314726037
420,6,360.94016,598.3512,378.5741,616.7621,398.5913,635.1709,3.6317319290739207
420,7,492.9473,691.0116,497.02063,706.63055,505.45267,722.8888,12.795858184331347
420,8,769.30096,653.7615,779.84204,637.578,793.8061,621.30347,7.552423067707872
420,9,705.6698,342.96677,688.361,342.51105,677.65515,335.8692,30.30698914281381
420,10,491.6985,697.90216,497.1211,714.70874,504.86987,735.43207,2.6192037958329917
421,1,241.53123,449.83624,236.22375,437.08218,227.83018,441.07684,92.85649381282877
421,2,771.77484,680.0942,779.1673,653.5523,793.16473,637.77026,26.006892534906736
421,3,482.716,226.74292,483.48453,227.82884,488.60925,227.06981,63.13729783942512
421,4,591.4797,797.3081,597.9336,785.906,585.8815,781.0319,97.49186963020018
421,5,595.7566,795.5142,599.8327,789.35834,595.8441,788.6473,113.40235570756238
421,6,359.23108,595.89136,377.0349,614.68036,396.58923,633.71735,2.310120695059058
421,7,492.37595,686.8941,494.52444,706.6719,505.0887,724.9442,23.83478308988948
421,8,773.59515,654.96136,781.5659,636.14056,793.49713,616.2861,8.049984007974102
421,9,705.37854,344.0528,689.8373,343.20984,677.0051,336.29984,25.197408366856607
421,10,490.90546,696.50964,496.42374,715.4372,507.0229,738.99817,7.967230590358986
422,1,243.68214,448.719,240.4561,436.15994,227.45708,437.63168,82.05337456724357
422,2,773.3852,673.8677,780.02075,656.6098,792.91864,645.60266,28.490848412677455
422,3,480.869,226.77023,482.55383,230.18143,483.70233,229.00641,109.36839987619616
422,4,601.52704,793.89844,601.12213,785.77374,593.25806,790.86,120.04048738196536
422,5,595.95355,791.7198,602.0537,785.7502,586.41705,783.6235,127.87457141010053
422,6,358.40353,594.8558,375.5699,613.1527,395.29312,631.47107,3.9409901195711297
422,7,488.78644,688.7073,490.64474,708.5737,492.69812,723.1543,2.672396442831291
422,8,770.6191,654.6066,779.52985,635.98706,793.20404,618.95416,13.183502163482117
422,9,702.7058,342.10675,688.36633,342.28967,680.9747,337.25415,34.995259020642315
422,10,492.21252,694.99084,495.9517,716.33856,498.76514,740.2471,3.223247044901897
423,1,234.57684,439.9914,236.01344,437.97733,232.51736,440.31,159.211810147939
423,2,775.0347,672.10284,780.6613,657.47253,790.93945,648.0276,26.38302584796746
423,3,485.15097,226.4851,484.65814,227.80096,486.47394,227.2035,128.7453921871115
423,4,597.18665,786.05865,601.7205,785.5856,586.1481,785.0644,172.12625166563834
423,5,600.2637,795.3102,604.6145,782.10785,589.2837,775.02606,83.44593102259049
423,6,358.18307,594.4703,375.11713,612.65576,394.67426,632.1748,2.0966718380726737
423,7,493.58002,691.4202,495.42633,713.57916,504.32678,739.2645,14.349183694355167
423,8,770.2779,652.3613,780.49066,634.8369,794.2716,618.02026,9.10152686478125
423,9,710.41376,345.3379,689.834,341.74265,672.8121,334.269,13.794896179201839
423,10,493.85895,691.2167,495.10834,714.1614,500.2356,739.0858,8.507500365889914
424,1,235.68571,451.92566,235.31525,440.94116,233.56645,443.9193,147.64653737088585
424,2,774.992,673.7539,779.1706,655.0274,794.414,641.8741,36.630771500052035
424,3,485.27527,226.8034,483.247,228.03702,484.82056,227.33719,172.66847900112958
424,4,601.2229,802.2647,602.76917,788.9897,598.8818,781.9518,35.55792705751051
424,5,603.3773,797.2986,605.7922,781.3868,591.6036,771.00507,62.436933273853434
424,6,357.7633,594.08185,374.96085,612.1565,394.2435,632.8031,0.532657749099804
424,7,494.3473,702.09937,498.11703,721.1143,503.21472,744.63477,1.0150999159193983
424,8,772.1287,647.1707,781.8863,634.17413,793.08154,619.3299,0.12354070345060089
424,9,711.1867,347.7792,688.7881,341.39893,668.5544,333.32947,5.8430479655328265
424,10,495.18112,689.50366,495.86734,709.4392,504.39484,730.545,20.029037059419025
425,1,234.75478,448.71088,233.13855,439.92523,232.50768,442.45743,155.58635091605066
425,2,772.8069,676.46014,780.75696,654.6236,793.60034,640.0023,21.29104773195434
425,3,478.2756,228.8678,482.0804,228.77393,490.89697,226.77084,11.38676164295368
425,4,603.5275,806.0989,602.7331,789.3974,598.4487,779.5379,20.76364874205836
425,5,605.8876,796.3602,606.18134,780.581,593.345,769.13,49.33122208392283
425,6,357.7357,593.9153,374.7169,612.10565,393.82855,632.89703,0.44101864315050876
425,7,495.7942,706.51154,499.6295,722.1158,500.262,741.3549,11.925785569631445
425,8,774.5261,651.76404,780.1741,637.6154,792.54095,622.8134,18.11706065325219
425,9,709.4766,351.0442,688.2007,342.6547,668.0591,333.92102,1.92193205482074
425,10,498.25635,692.72174,495.94202,708.1053,500.52258,715.3807,40.74993395946321
426,1,236.82237,445.6887,236.68015,438.76935,231.63344,443.22195,130.24375131939553
426,2,773.4768,679.7383,778.1171,659.56604,793.4919,645.7949,35.194640679773876
426,3,479.59412,227.70589,481.914,229.93477,484.46942,227.57315,86.59677718212228
426,4,604.6496,806.728,603.1336,789.8705,599.2077,778.4834,13.883814118621324
426,5,595.3721,768.3605,605.8411,780.63226,607.1316,795.7013,35.57277041590624
426,6,358.31815,593.4317,374.31415,611.45233,393.68832,632.6462,0.8379011213981776
426,7,497.52924,725.23083,499.9945,720.52295,498.1968,716.6397,52.47988168539637
426,8,770.8886,660.57043,779.5817,642.9048,796.6228,625.94226,18.930945108906315
426,9,707.539,351.83936,686.87396,343.08694,667.81226,334.3859,1.5807817287044832
426,10,496.63757,709.3969,497.53284,710.6986,498.46448,711.4472,16.69837040741298
427,1,236.9976,444.2247,237.60776,437.51895,232.5554,442.70804,140.9639232985565
427,2,769.17,685.38275,774.2169,663.1079,787.18677,645.71936,23.952411130911404
427,3,481.505,228.2564,481.38733,228.73607,486.23434,226.46574,128.8820243996898
427,4,608.431,805.8055,606.3156,787.7347,598.171,774.3569,24.656820479809166
427,5,598.07404,767.86554,606.5377,781.38855,607.02734,796.72363,30.212591800266452
427,6,358.50766,592.738,373.69333,610.6674,393.4168,632.0527,2.421558150791408
427,7,486.83966,699.2515,496.254,718.4968,497.87604,740.67114,21.883066476357058
427,8,770.2562,658.18823,779.9209,642.42206,792.4306,627.76166,8.965784012241643
427,9,706.83167,354.0254,687.5279,343.35654,668.41437,334.70422,4.57333195339334
427,10,486.4972,696.03564,496.29956,717.4934,504.65405,742.3708,5.988477370972431
428,1,232.20732,440.34256,237.47339,436.6387,234.91785,444.3567,143.44089259770993
428,2,762.4322,669.09406,769.12976,663.3064,777.2543,661.07367,25.46538595626535
428,3,480.33826,228.56155,481.3132,229.60408,486.82532,227.36978,68.9834152457374
428,4,585.0908,794.5769,594.9738,792.8361,596.0173,784.07874,73.2155793670082
428,5,600.5956,767.4969,607.3315,782.1274,607.1729,796.8593,25.33810885149649
428,6,357.31506,591.8333,373.29626,610.2706,393.15677,631.09106,2.7299345516641815
428,8,771.8456,654.52295,781.4551,640.6237,793.89105,624.52655,3.029442071681458
428,9,705.82745,355.31766,687.82996,343.1156,668.6729,335.06464,11.341595501902558
428,10,481.9235,700.03204,496.00232,715.5575,496.83798,740.9554,40.317918853425134
429,1,282.40454,457.78268,261.99353,438.50748,238.35378,445.18652,59.13747829812099
429,2,748.42487,651.4744,758.0912,658.7103,754.9302,667.95984,72.05044723029827
429,3,480.36853,227.88919,481.41205,228.92339,486.62683,227.34004,61.63255847519031
429,4,581.9689,799.22845,593.01843,792.2304,591.2339,786.773,75.76011212759366
429,5,601.45807,767.2328,607.52423,782.4306,609.0876,795.991,15.18277324344888
429,6,357.0722,590.85333,373.04163,609.5077,392.82538,630.4914,2.7481580440655846
429,8,771.2432,654.47565,781.01587,641.82874,792.84814,626.0278,0.8675039735078334
429,9,703.2274,356.94467,687.90936,343.7654,669.33765,335.9214,17.810403168797233
429,10,481.3306,702.1728,496.5842,715.1892,496.66217,740.8139,49.35039995022041
430,1,287.03326,460.90155,266.25372,440.23816,242.90253,443.61148,53.05952070676986
430,2,748.4096,649.85095,757.9433,656.78784,755.2178,669.56836,65.99802249108937
430,3,479.89865,228.65147,482.07523,229.45374,488.90985,227.31728,37.5922275201942
430,4,578.8176,797.2791,592.63525,791.2081,596.07605,792.0956,38.181567131081245
430,5,603.99963,772.95435,609.66693,788.5181,613.8666,799.9506,0.16192549306284887
430,6,355.24667,588.2789,371.79416,607.6708,392.41507,629.6339,2.7198776177879034
430,8,770.9037,654.6268,781.127,642.68506,792.3809,626.3305,6.0341966501692905
430,9,699.75494,358.4938,688.0446,344.47638,669.6206,336.6001,26.977453557017252
430,10,480.50485,707.0227,497.73352,714.01855,496.1964,740.1042,71.27224459594629
431,1,282.2193,454.78693,267.25244,440.58612,253.4331,451.53427,81.88301479113446
431,2,750.87994,647.92676,758.08075,658.05475,754.53546,673.2442,48.549986650990945
431,3,476.02676,228.94092,480.68713,229.17555,490.66913,227.33144,13.349272401132218
431,4,587.58246,796.1469,593.0418,790.36224,599.27563,789.40204,37.90071790650645
431,5,612.82355,809.9945,608.9261,798.7263,608.41907,788.90497,16.124358091265965
431,6,355.46625,587.5163,371.5614,607.7235,392.0072,628.855,5.517681261204854
431,8,770.6945,653.12195,781.27765,642.34485,792.86017,624.54987,11.420149747382386
431,9,701.37354,360.72128,688.3414,344.40405,669.26263,336.79062,29.631880170518016
431,10,478.43384,712.02936,497.25854,713.50934,495.79956,740.3203,88.61952426863955
432,1,238.48573,440.59827,266.92123,440.14557,288.99634,460.8747,44.11101108703925
432,2,764.395,638.8621,761.88226,651.5505,753.6149,662.03174,27.063697192624318
432,3,474.64645,232.14195,480.21356,231.16673,490.61804,227.15108,11.168316819949316
432,4,582.6502,800.69495,593.22284,790.0485,596.4458,793.4748,91.95059257434042
432,5,613.56903,810.3371,608.70984,798.22687,608.71674,786.4521,21.8965318329014
432,6,355.48428,587.5451,371.5867,607.51794,391.53156,627.85583,5.564684210242754
432,8,772.1703,645.3835,781.7641,635.98065,793.20435,622.3172,5.63697702864087
432,9,700.2255,362.77136,688.1632,345.66202,669.42255,338.69785,34.43020245517419
432,10,489.3377,730.3159,496.1163,715.1296,486.32996,728.531,167.91549422126823
433,1,238.63152,440.92288,267.19818,441.9148,289.29318,461.91043,40.15593769482328
433,2,761.5821,639.34015,764.0406,646.0718,765.5973,649.0469,7.557566057256313
433,3,473.3791,233.0684,480.29065,232.1226,490.90613,228.07242,13.09151697429662
433,4,588.1456,795.1609,593.195,790.3576,591.2345,799.0781,146.23953133706559
433,5,612.00073,810.4032,608.8043,796.47046,611.72864,782.6313,24.85253443951106
433,6,355.20685,587.52997,371.01376,606.99475,390.54437,626.42114,6.073992382749558
433,7,497.1742,732.32404,496.9835,718.3459,490.93896,732.63477,156.28887976989256
433,8,769.8398,648.90625,780.5036,636.2992,792.5494,622.01465,0.08846932694105811
433,9,701.2015,363.4909,688.0666,346.88568,669.75916,339.93933,30.87753040450983
433,10,491.34836,735.1295,495.09363,716.9418,483.93692,726.54565,142.35827323707608
434,1,239.12686,442.92905,267.38324,442.9146,289.3926,462.45416,41.627404313034866
434,2,761.976,640.1539,764.74255,643.90735,767.4987,643.7183,57.53091705855079
434,3,471.76157,233.69026,479.71313,232.18271,491.14548,227.57472,11.217279558578674
434,4,592.6614,804.36285,593.39636,790.8171,600.64294,789.21466,74.42520106215689
434,5,612.02435,811.9854,607.9095,796.368,611.60724,779.4078,27.06022920616816
434,6,354.03342,585.8733,369.68573,605.1683,389.0576,625.08466,5.156587005126191
434,7,497.33636,739.5365,498.55566,721.0649,484.20605,718.96326,85.44435776812578
434,8,767.98096,651.29626,777.25684,639.7626,789.3773,623.7064,1.7592520789735357
434,9,701.805,364.65668,688.60803,347.2797,669.50885,339.8706,31.582500953781285
434,10,495.2624,738.7207,495.07474,721.0485,479.97064,725.6879,106.4665960327076
435,1,265.47296,455.13736,267.71948,443.69308,265.63654,452.58258,177.91841096030126
435,2,759.397,643.22327,765.1671,644.9712,767.3524,640.5599,80.49975790937776
435,3,469.4266,232.46153,477.93085,230.40866,489.8435,226.08983,6.356471357864165
435,4,591.8946,800.228,594.3332,790.6338,598.57764,792.51434,99.63526288041315
435,5,611.337,809.58093,609.1294,791.84515,614.60095,778.5366,29.44425836382304
435,6,352.66925,584.45953,368.4694,604.2247,387.17725,624.14905,4.557672039167879
435,7,498.4105,734.03015,499.5448,721.916,486.49384,723.9487,104.20210484370727
435,8,768.9601,650.9346,777.6938,640.9549,787.854,624.7522,9.100166636287206
435,9,702.1674,367.86176,690.04614,348.49002,671.27374,340.3324,34.477425921830644
435,10,502.28244,732.193,498.12543,722.30774,491.79767,736.1899,132.68749515199093
436,1,280.5078,455.0028,268.08105,445.22702,253.4836,452.82373,65.68421740146479
436,2,755.9692,643.31824,764.97845,651.69507,765.77765,654.9504,33.28972659480849
436,3,469.73938,232.79878,478.24838,231.04303,490.26654,226.38602,9.522477284621973
436,4,587.40686,790.2635,594.9205,790.409,591.3323,803.6717,104.0293886204238
436,5,612.7533,807.18945,610.70105,787.8908,617.74927,772.0814,30.098605740415213
436,6,352.70236,583.77686,367.91388,603.5249,385.92694,624.2831,3.343807184213947
436,7,505.02658,727.364,499.78354,722.6182,496.98657,735.62244,120.01176389400464
436,8,768.93445,649.80444,779.2597,640.24835,788.32886,623.23535,19.15470722223452
436,9,701.6044,367.1055,689.0006,348.2448,669.712,339.65338,32.238089960018534
436,10,505.00543,731.76996,500.2284,724.0949,493.27072,736.4375,118.69088846126829
437,1,292.80975,463.51703,268.94644,446.04877,244.31528,444.61856,32.881471917277935
437,2,761.7713,641.45544,764.8216,653.8432,751.8358,668.01263,56.337148794531416
437,3,470.79288,233.34753,478.39435,231.57602,490.35995,226.53148,9.741060061750483
437,4,597.35834,802.1842,596.74316,790.83624,594.9734,790.2648,69.00141931012219
437,5,615.7906,795.52795,612.22736,782.226,622.7492,778.99915,87.94607185982387
437,6,352.9611,583.67584,367.76837,603.1435,385.8001,624.5427,2.86163370477152
437,7,505.68753,731.19446,500.0346,723.31555,493.05765,737.3858,117.96623208044643
437,8,767.332,651.3316,778.17145,638.9564,789.8705,623.3158,4.419072633116707
437,9,702.1123,366.94592,689.04614,347.9645,669.4926,339.53806,32.144511803780595
437,10,498.3979,731.52637,502.04242,723.53937,492.03372,729.9538,147.182815500846
438,1,296.92432,465.84238,271.00357,447.60248,245.03357,444.09848,27.449059727103876
438,2,758.6786,641.24115,761.56866,648.5561,760.48224,655.51514,30.431812931453948
438,3,468.90213,232.65326,477.40973,230.89111,489.8146,226.02907,9.700547505544804
438,4,597.58264,803.3354,598.5317,792.5758,594.4458,790.2321,65.20175568938107
438,5,616.3617,796.67096,616.32043,781.76685,622.30554,781.68463,89.37162093836675
438,6,353.3874,583.51025,367.82275,602.70917,385.73962,623.88947,3.2896192338522416
438,7,505.8803,730.24506,500.12894,725.74255,492.6774,738.7903,98.3252391866069
438,8,768.95166,655.973,777.9036,638.89777,790.4956,623.0925,10.87777130027086
438,9,703.9133,368.35178,689.6588,348.61502,670.08594,339.67545,29.614241324889875
438,10,498.23392,731.7672,501.26187,725.99506,493.06976,733.1734,158.90708778842298
439,1,294.0475,467.4216,271.5226,447.76883,242.68124,441.65216,29.130582868674328
439,2,754.961,629.63055,758.9554,643.53046,752.54535,651.4937,54.86532329475146
439,3,489.6787,225.86093,477.2347,231.10474,469.20853,233.20013,8.218574370452899
439,4,600.7488,797.97253,597.433,788.5885,587.29944,791.29694,85.50333297009789
439,5,619.622,794.2213,618.18854,782.7823,629.59485,786.5493,115.41897268015845
439,6,352.6486,582.3987,367.85663,601.8216,385.53476,623.21094,1.5125846868910076
439,7,506.28485,730.37244,500.33582,726.9274,493.4697,740.0533,92.46054641409172
439,8,768.6889,655.5722,777.21716,640.3099,788.3326,623.5483,4.3547364037843295
439,9,704.1043,367.71866,690.0867,348.1351,670.3282,339.74698,31.402628969775655
439,10,498.68808,732.15155,501.5381,726.60254,496.63348,732.3529,166.72378547022456
440,1,245.32803,442.42535,272.92224,449.62503,294.98413,468.80307,26.376700180330058
440,2,764.5059,641.2965,759.38477,652.07007,743.88916,660.03705,37.36645155836465
440,3,469.77332,231.49115,476.00574,230.15085,486.8987,225.74327,9.892726331544123
440,4,598.4476,785.37213,599.8547,786.89886,601.66364,790.91296,18.40625040332873
440,5,631.8392,785.8738,619.0328,782.3957,617.21875,793.5828,95.98393949323847
440,6,351.6916,581.71,367.64117,601.9399,384.80807,623.0155,0.9108569701584005
440,7,507.05682,730.53485,500.45547,727.08203,492.73087,740.17413,87.07023179312614
440,8,785.4499,633.2993,781.96094,641.7985,775.4608,640.104,82.29294537270766
440,9,703.91724,367.35034,690.56714,348.43472,670.93317,339.75922,30.947849020681737
440,10,506.17517,734.5855,501.15128,727.14734,493.0459,742.2225,117.6987101501909
441,1,252.87585,444.11783,275.2199,449.44046,292.7889,468.84015,34.43611528663033
441,2,769.5825,649.6493,763.88824,664.58734,750.1653,682.2095,17.04264619235452
441,3,469.48465,231.90987,476.4452,230.0573,487.44366,225.6975,6.719481429731416
441,4,599.5871,785.5648,600.62036,786.3325,601.2949,789.04156,39.40571939468554
441,5,634.94684,786.1591,620.635,783.27435,615.9529,794.01514,77.84275269851459
441,6,351.64307,581.0936,367.13242,601.6646,384.14062,622.8017,1.8436621101440949
441,7,507.32925,730.4321,500.44092,727.2349,492.87823,740.824,85.80110879361854
441,8,792.1017,622.93555,783.07355,642.79565,765.8065,655.41534,29.392710530086624
441,9,704.2008,366.99182,690.8207,348.70428,671.58527,339.5326,28.31641776073596
441,10,505.8823,734.0364,500.92383,727.046,492.1196,742.9197,115.63612077522833
442,1,273.1456,456.5287,275.856,449.29654,274.18066,458.23758,170.06825013954406
442,2,774.06555,664.0698,768.6672,673.6613,752.8062,688.7694,17.02051619320603
442,3,471.52487,231.91873,476.24854,230.478,485.384,225.79959,10.155786714987654
442,4,601.5878,786.6304,600.36786,786.8839,600.0912,788.5543,68.85504460670145
442,5,636.47107,786.46936,621.32904,784.1793,614.8293,794.1493,65.49841661643056
442,6,349.7973,580.57587,366.31528,601.0698,383.81436,622.33716,0.5797972046908387
442,7,506.34586,732.02954,500.29996,727.5078,494.94666,740.487,104.37898346331569
442,8,794.03613,622.3334,784.9461,642.98376,766.88525,653.1761,36.80410555672853
442,9,703.4024,365.6553,690.7592,348.54242,672.3562,339.43503,27.2124564926559
442,10,499.8833,728.56104,500.1574,727.19336,495.95224,737.1978,168.5346115151714
443,1,256.64642,444.15402,275.93567,448.0547,290.24765,468.3689,43.40196423869
443,2,784.84436,654.6531,768.6191,673.16766,748.58594,690.95984,7.160810315050891
443,3,470.30066,231.19022,475.75717,229.73846,485.06247,225.56012,9.282581524943891
443,4,600.1343,798.80194,599.8278,788.8523,585.9653,792.191,101.77713893236341
443,5,635.15344,790.6666,622.07544,786.19275,617.40234,794.9778,80.87517591320156
443,6,349.332,580.7688,366.1983,601.3436,383.84634,621.9204,1.275181958901221
443,7,505.40024,738.1511,498.08032,728.45905,491.3044,742.15454,116.61405444611314
443,8,795.6885,623.3161,787.4249,642.106,771.6895,650.0289,39.53530027169053
443,9,704.23346,367.41284,690.71967,349.03424,672.2302,338.97684,25.128792665096235
443,10,503.44623,734.6434,498.01422,726.6652,497.3983,738.4323,142.75424001554148
444,1,276.28693,458.7397,275.95203,449.19418,270.434,457.5858,144.66305240883125
444,2,781.32416,651.38086,767.8453,673.68604,748.33655,691.8361,15.921883662951496
444,3,468.23642,231.62053,475.59125,229.60146,487.1824,225.58212,3.773667686825831
444,4,601.36035,791.03467,599.5658,790.45135,591.31,795.96716,51.75395246233266
444,5,642.32184,786.5482,623.06055,787.92236,610.4533,799.33936,38.082993373741004
444,6,349.42462,581.1199,366.14658,601.45703,383.37592,621.6175,1.0891236507923034
444,7,504.49146,739.1539,498.8974,729.50195,494.3775,741.8649,129.82190585045413
444,8,797.0745,623.0397,791.3031,641.2355,781.9846,649.3505,31.35063461745223
444,9,703.24854,365.7375,690.2793,348.5791,672.2482,339.2064,25.450219101286145
444,10,483.23233,735.0877,475.7965,733.7706,462.82352,744.8944,50.656056150663915
445,1,256.07544,445.8315,275.32065,449.09192,286.97888,467.2812,47.7271498874802
445,2,771.0283,663.2676,768.08606,675.56744,757.5122,679.8395,54.54740010236015
445,3,469.87802,231.92781,476.2478,229.94905,487.2707,225.63293,4.126066968342945
445,4,605.6738,793.2689,600.14166,790.5728,589.3878,793.35004,40.46279348417775
445,5,642.389,789.00494,622.4083,790.8877,610.0798,800.8773,33.63427530070357
445,6,348.36115,580.5124,365.3508,601.14655,382.5865,621.25,1.1407242653978396
445,7,496.8948,740.47076,494.4364,730.49554,495.31683,739.4127,171.79412104677593
445,8,796.8217,619.6972,792.5217,638.4029,780.2525,648.734,36.95543352231906
445,9,704.32764,365.02835,690.94977,347.81058,673.10736,338.7139,25.139446277019857
445,10,482.95905,735.82697,480.8024,729.92175,469.8407,743.4072,120.83124035903613
446,1,246.56555,444.06558,271.71988,446.6197,290.52927,465.2123,38.87013590290341
446,2,769.8261,668.3384,767.5649,678.7803,755.95715,681.8503,62.966695938150835
446,3,475.97943,231.71094,476.35864,230.32637,481.5393,225.91695,34.28104825715286
446,4,606.61786,787.1181,601.1977,790.8505,598.4563,791.5254,20.722138244448363
446,5,643.8486,785.7288,622.0604,791.50775,607.5494,804.43134,26.83367915936801
446,6,347.60477,580.4793,365.01428,600.7479,382.03485,620.77344,0.29739412811819066
446,8,795.78546,617.9599,792.3698,637.3562,779.3321,645.98364,46.51894879265429
446,9,681.3018,346.9486,689.887,347.0111,700.1538,357.4097,44.94833398463236
446,10,465.70444,744.1179,481.6292,728.7511,489.26367,737.2463,92.03302983897092
447,1,246.72226,443.89786,271.4394,445.95798,280.59195,467.3229,62.04564553132478
447,2,770.2164,659.9152,768.8482,673.2563,755.1815,678.91693,61.64563713752448
447,3,482.30334,231.41678,476.3647,230.91693,475.32532,226.42554,72.15920327361246
447,4,593.29205,795.6646,601.0336,790.9038,607.15546,788.6598,11.459167433958301
447,5,642.56836,786.3682,622.0173,792.17377,607.7412,804.6344,25.340941587844934
447,6,346.65994,580.3392,364.47433,599.9512,381.39526,620.01215,2.103288907944179
447,8,794.2204,617.481,792.1083,637.6527,779.76544,650.0302,38.94214122456919
447,9,673.21545,337.80322,689.9791,345.97946,703.9456,358.19873,15.182499406542458
447,10,495.94098,735.74945,480.25192,730.77795,462.0522,744.99426,55.57655148326463
448,1,246.62973,443.96506,271.63782,445.8671,274.10193,470.19864,79.86787230168935
448,2,783.7213,638.1954,770.55444,667.13135,747.69446,693.1662,16.817690672538774
448,3,483.6856,230.81825,475.84143,230.4676,472.66302,226.80351,46.50059509857111
448,4,595.9446,796.21265,601.3996,792.5116,604.19763,789.76654,10.296825132803713
448,5,641.7185,786.5397,621.1973,792.7037,607.5952,805.9097,27.434757576360454
448,6,346.36752,580.1986,363.89917,599.5453,380.75146,619.35364,1.7922046690717526
448,8,794.605,617.4925,791.44904,637.1229,780.9676,649.8835,30.266291842048847
448,9,673.8894,338.25922,691.1476,347.0042,704.40625,355.9442,7.118798531856766
449,1,246.5632,444.14114,271.73346,445.44177,269.75378,467.7761,92.10733274107805
449,2,782.1192,642.2368,767.68243,668.881,744.289,694.4785,13.97357744487303
449,3,475.89807,231.72604,475.82794,230.37846,480.42093,225.99173,49.294822992787175
449,4,607.1362,794.46985,602.9103,794.4209,596.4556,800.05194,41.76510547740761
449,5,642.07996,786.8343,619.80634,792.5473,607.429,802.9927,25.775621555339626
449,6,345.41165,579.702,363.12497,598.71765,379.5939,618.4784,3.160873569851896
449,8,794.43835,615.86725,792.0062,636.16046,781.055,649.36945,32.82700703588482
449,9,673.7218,337.64746,690.5972,347.02066,705.1775,354.6423,1.4517176369118714
450,1,247.13766,446.1822,270.48807,447.80838,260.93097,467.11188,112.35604873767208
450,2,775.38196,648.5281,766.6046,669.2895,751.35974,687.37213,17.215819767631245
450,3,475.26846,233.4412,477.97836,232.27411,486.4053,226.00252,13.357464271092182
450,4,612.3699,794.45654,608.12256,797.0045,607.9982,802.82196,57.816038541695626
450,5,632.33075,793.1182,616.7112,795.2452,613.7745,797.3163,27.43891554248964
450,6,344.26123,578.59937,362.02963,596.3901,377.77747,616.86536,7.399636522275504
450,8,793.72906,614.6932,791.92566,635.2389,779.29877,650.50433,34.57973105751333
450,9,674.409,336.4951,689.9771,347.0962,706.02045,351.72037,18.174312574956996
451,1,245.97038,445.3058,270.47083,448.64154,257.97974,468.4619,114.46653657962658
451,2,776.509,646.74493,766.73425,669.58014,749.9945,688.8834,17.758131399587317
451,3,471.91263,232.3213,476.3989,230.7421,485.7942,225.80502,8.328621438229058
451,4,590.35986,795.37573,597.162,786.0582,609.06256,779.46466,24.88033407692147
451,5,614.4849,808.5774,613.81134,797.85297,618.0864,797.7491,92.20195807235093
451,6,343.36694,577.9263,361.0183,594.8075,376.73346,615.26105,8.74127511126409
451,8,793.3752,614.0204,791.65765,633.5036,779.4323,647.4466,36.20673278796607
451,9,707.6338,348.01068,689.01886,348.4063,675.64667,335.1397,45.990435439466125
452,1,250.3652,440.47577,267.75876,446.5878,257.828,459.2649,108.71252067459844
452,2,780.4942,641.0954,770.2096,665.80756,754.90204,685.1566,15.752533593969615
452,3,473.66373,232.41226,477.0416,231.1299,484.9904,225.00374,16.83294596407797
452,4,590.19446,795.17316,597.74567,785.73975,609.1542,777.9934,17.147217264202027
452,5,610.0981,811.37317,612.8174,797.81854,620.19354,796.1798,66.13029200035423
452,6,342.90436,577.82336,360.97144,594.3313,376.3074,615.41736,11.553449175288911
452,8,793.7278,613.4951,792.94415,632.476,779.56757,645.7284,42.90311259289508
452,9,693.76776,341.14606,690.3049,348.78714,691.88007,336.3748,162.85272481914402
452,10,498.1112,737.38654,476.6764,733.63403,457.11243,749.1707,48.38467852322842
453,1,250.42749,440.26022,268.26776,446.62103,257.01572,460.80048,108.81033353152975
453,2,783.40497,642.963,770.78174,665.8849,752.88416,687.9815,10.164518040191211
453,3,472.45374,232.13437,477.22305,231.0763,487.33218,225.76602,15.204208836800463
453,4,609.1931,776.9554,598.1231,785.383,590.38007,795.3426,14.854818904964532
453,5,608.8901,811.32587,611.63464,797.36273,619.11835,795.1383,62.325968661079386
453,6,341.9087,577.95355,360.32446,594.5088,376.17636,615.54517,11.045640968017553
453,8,794.0858,613.2471,793.1997,631.5976,777.932,644.32556,47.41907152779325
453,9,695.82825,339.12057,690.7186,347.42487,690.91986,334.91013,149.3172872070731
454,1,246.2673,445.7366,265.30072,449.30453,255.92064,470.56177,103.19297711108425
454,2,782.15466,644.7386,769.6632,666.82355,750.00745,688.8701,12.225919713817705
454,3,474.48508,233.05122,477.91473,231.7287,487.20367,226.24557,9.465373745711355
454,4,608.2552,776.8921,598.74115,784.90186,591.78436,794.45544,13.84476377523358
454,5,604.62415,812.5271,611.50073,797.3372,623.2404,793.6199,48.073056803386116
454,6,340.5552,578.14545,359.77502,594.294,375.68945,615.36816,12.904161751001018
454,8,793.83105,612.3625,792.54443,630.54553,777.16284,643.83984,45.11567088121279
454,9,689.8067,338.5629,690.8101,347.56924,696.8541,335.57758,146.89386663810353
455,1,245.93956,445.63425,265.18546,451.02563,253.37274,473.59042,101.98290025319838
455,2,781.1835,644.35626,768.2032,668.32404,747.8993,689.89105,14.833290360599996
455,3,475.1419,231.88354,477.59872,231.5513,485.53708,225.54974,29.388410001216474
455,4,602.518,781.1374,600.0926,783.95544,597.76215,788.63776,14.257494473875509
455,5,605.1322,805.71814,610.34766,796.17554,614.77014,794.76953,43.70483397052719
455,6,338.47842,578.0625,359.11392,593.77893,375.18854,614.73413,15.214726888020701
455,8,794.004,611.4921,791.81165,629.5437,777.7682,643.4517,38.352909130404996
455,9,705.64606,337.05655,691.3823,347.14987,682.3169,337.20395,82.93574891587781
455,10,456.16586,748.0855,475.97766,735.0522,499.31448,735.01404,33.24553678996182
456,1,246.7286,445.42288,262.35822,451.86682,253.0052,473.64948,90.83177459471462
456,2,779.06805,646.99786,767.4185,667.962,749.4878,687.5241,13.448015086316667
456,3,489.7802,224.56238,476.26135,229.00804,465.26886,231.18025,7.025263969153672
456,4,597.1945,788.7525,600.25433,783.36615,605.15906,780.2521,27.98847877756184
456,5,603.249,812.80707,612.82294,798.6269,626.07587,791.0437,26.196538140579303
456,6,336.0467,576.91595,358.20776,593.1793,374.25003,614.53796,16.816285991245728
456,8,793.796,610.9758,790.72546,630.4064,775.65894,644.55164,37.82632705517965
456,9,677.57495,334.16736,692.1006,347.73892,710.9769,339.0607,67.74537154348506
456,10,498.563,734.01843,474.6984,733.83655,457.01566,749.10944,41.25440678794166
457,1,251.2157,444.89844,262.9893,456.4296,250.46996,479.36118,74.2280278509529
457,2,778.10205,647.18604,766.8135,670.5098,747.10645,690.0319,19.443415699710243
457,3,482.59647,227.4799,476.2008,229.03767,472.89682,228.00627,31.02555178550993
457,4,592.8351,795.1187,598.8061,784.467,610.6257,774.2675,19.934595798065107
457,5,603.41077,812.742,612.27545,798.82104,626.70154,791.48584,30.559655025235887
457,6,336.18417,577.46155,357.74518,592.8095,373.5313,614.00525,17.87729546814943
457,8,793.63983,610.9746,789.7072,630.00665,774.1538,645.75073,32.9761477938313
457,9,677.4503,334.3067,693.16833,347.572,711.49207,337.6259,68.65591180417515
457,10,497.62317,734.0474,474.47046,734.5847,456.79553,751.14374,41.80362676361653
458,1,258.59503,446.4031,263.22495,459.32874,248.30801,480.9428,54.31879967969771
458,2,746.99414,690.14233,766.3543,670.74414,777.863,647.4948,18.6079037021288
458,3,488.99692,225.64897,475.5588,228.29366,465.97562,230.24089,0.35110227107990044
458,4,593.84094,794.3863,598.4337,784.4621,611.185,774.9891,28.557058293203323
458,5,603.9114,812.28845,612.48224,798.9271,626.1668,792.10016,30.807420574605572
458,6,334.88193,577.80786,356.314,592.7402,373.08807,612.85297,15.305889580394275
458,8,791.5436,608.5258,790.0541,629.66895,774.82806,645.6717,39.54547117345799
458,9,677.9312,334.3534,693.80035,347.75055,711.6627,336.71286,71.88511787186157
458,10,496.1477,734.2798,473.035,737.06915,455.24435,753.08075,35.105740042693995
459,1,267.5692,448.12952,264.31787,462.29865,250.08684,482.5055,22.232071634343665
459,2,748.31696,690.80334,767.47516,670.6798,779.8403,646.96356,16.055747607945207
459,3,489.27664,225.37253,474.56384,227.75676,462.63828,231.67093,8.965849752382695
459,4,592.3848,795.31036,598.6946,784.3656,612.62354,774.4855,24.68720609278632
459,5,610.10333,807.6994,612.4084,799.17487,620.1372,797.8564,65.18789011440654
459,6,333.28247,577.41693,355.46906,591.9087,372.1835,612.0613,17.176232911254257
459,8,791.1955,606.7038,791.26904,627.96893,776.93317,645.68976,39.170488629565874
459,9,699.4046,335.14218,693.4662,347.64664,691.964,336.27438,147.07196410585038
459,10,469.61526,748.5218,473.4518,738.43964,477.88025,745.04114,125.3121434527272
460,1,268.7881,448.9144,262.80786,465.25647,247.95032,483.5657,18.95895721121866
460,2,740.03375,700.57574,764.25867,676.28986,780.44116,647.3022,15.75537628938802
460,3,489.07187,225.63591,473.76544,227.24078,461.59662,231.70941,14.178642803129165
460,4,594.0236,795.4263,600.88544,783.7331,615.6501,773.7884,25.63246590795096
460,5,607.0221,810.5951,611.8684,800.027,620.9789,796.14124,42.265907758232515
460,6,332.73602,576.8609,354.9372,591.03235,371.42834,611.1984,18.17394030493548
460,8,791.0064,605.5344,791.40283,627.23425,778.21027,646.15155,35.93778456170419
460,9,678.1552,335.33374,694.98346,347.4299,713.45776,336.24222,66.90690763496306
460,10,464.82568,750.6816,472.93417,738.511,481.8053,742.5273,80.68508877399637
461,1,269.0261,451.32956,261.154,468.37006,247.96999,486.13965,11.77801283508465
461,2,737.6393,703.0581,762.69556,677.3933,779.74146,647.41833,14.68702105219251
461,3,487.8135,225.68344,473.24738,226.97409,462.1995,231.08145,15.330502934030234
461,4,601.2093,796.27435,601.5723,784.3186,616.1036,772.7134,49.64851153577621
461,5,605.73395,810.9355,611.6294,799.83746,620.71094,795.88086,38.48047724711144
461,6,332.14444,575.95624,353.74,589.9054,370.25555,609.92645,17.620913409815145
461,8,789.7425,604.2669,790.38306,626.81757,777.68884,646.27606,34.746459828620935
461,9,678.5258,336.03568,695.6863,347.3929,714.2464,336.13815,64.7300311968145
461,10,458.35983,753.38446,472.4018,739.206,486.6919,738.85803,43.882274756056596
462,1,261.28156,458.38803,262.26532,470.6725,246.81358,489.69882,43.659456424122716
462,2,736.8872,703.95905,761.2607,677.79333,778.98224,649.0508,11.312610404002335
462,3,476.96088,228.19731,473.06586,227.96552,471.54535,228.41356,19.8242213753716
462,4,603.3829,793.96246,600.96606,784.1373,614.42474,775.17664,70.16399044100902
462,5,607.2789,810.38354,612.06476,799.7869,619.50806,796.61316,42.600977924170174
462,6,332.46585,574.72614,352.47754,588.8743,369.6323,608.3088,13.305018993447916
462,8,789.6231,604.7755,790.5588,627.02057,777.6727,646.3887,36.045293390117436
462,9,678.9369,336.35388,695.8228,347.53442,714.4426,336.26392,64.69579257972639
462,10,453.01468,755.1791,471.11246,740.1862,492.76215,734.78577,25.63316060703816
463,1,246.67679,486.83334,259.8403,462.695,252.50455,440.16898,46.643436422321436
463,2,739.89886,701.47925,761.1375,678.5119,776.4387,652.0808,12.693641281544453
463,3,461.00452,231.96712,475.54007,228.80711,489.98065,225.6716,0.0
463,4,611.13965,784.81744,601.2269,784.9088,606.61475,788.5121,145.69803336113588
463,5,611.71704,807.3474,612.8582,800.2097,615.0991,799.7459,69.22288078485059
463,6,332.68732,574.4328,352.62585,587.5916,369.20724,607.00287,16.072001804516923
463,8,789.6822,603.8321,790.2415,626.6501,777.51953,646.5105,34.04659677212155
463,9,679.02826,337.24188,696.36896,347.40973,715.0938,336.28174,61.10813278412527
463,10,451.2914,756.2477,469.96106,741.5291,492.75925,734.06586,20.124671175799058
464,1,245.99269,487.35986,258.414,463.39862,251.9901,440.8544,43.306591351235454
464,2,741.30115,697.44275,761.09485,678.73535,775.14264,654.5888,16.426514073393744
464,3,464.8318,230.60774,478.409,229.27007,491.62558,226.61697,5.7238213556712365
464,4,621.5825,776.48975,603.0457,783.48224,596.20337,796.50995,41.62329133301619
464,5,605.958,810.08997,612.85425,801.0087,620.4316,796.60095,22.600375243564955
464,6,331.20383,574.2816,351.57822,586.471,368.38928,605.94714,18.309637421505677
464,8,789.7112,602.5405,790.47266,626.3947,777.2333,646.76874,34.8448519224828
464,9,679.6785,338.9173,698.5717,347.64105,716.90686,335.1126,59.12957281387352
464,10,450.45828,756.8495,469.29193,741.67065,492.18747,733.05414,18.243459877806842
465,1,245.14804,489.5583,258.11044,466.20703,251.59254,447.49658,48.2409703887281
465,2,742.9527,697.5561,761.98737,676.44025,777.38617,651.4956,10.344955681626349
465,3,466.63544,228.85901,480.40524,227.06346,492.9412,219.4511,23.838611148017243
465,4,625.3177,776.81757,606.1992,781.17596,598.0219,792.9413,42.357210430793685
465,5,613.872,804.646,615.7474,801.4626,613.8363,803.561,168.17743250662406
465,6,330.26895,574.37445,350.59412,586.9364,367.79785,606.11273,16.38552455645701
465,7,452.25403,756.2721,469.55725,741.394,491.98157,733.1719,20.554487602481093
465,8,789.83746,602.28436,790.2906,626.3921,776.4335,646.8129,35.23671227519115
465,9,680.4017,338.23987,699.5883,347.85428,718.4494,336.9308,56.692908106246506
465,10,455.07935,752.9607,452.88184,754.348,448.05475,758.0779,5.428055704090788
466,1,246.66454,481.83807,257.30246,466.9962,249.14449,459.67087,83.70933850437297
466,2,742.99994,698.16895,761.1703,677.5742,775.89453,652.7861,10.710922770668617
466,3,465.7499,228.58252,480.5205,226.87495,493.47714,219.59285,22.743145157111385
466,4,626.0282,776.44037,607.43744,780.9711,600.06714,792.77014,44.312294396931414
466,5,620.21466,796.52356,619.2489,803.12244,614.05066,810.05786,28.52605915730373
466,6,329.35712,573.9489,349.49,586.8874,367.33966,606.2332,14.576458696051258
466,7,451.42975,756.87964,467.97482,741.89764,489.8715,732.6297,19.220740944722618
466,8,788.4889,602.151,788.65753,627.2521,775.05774,646.27655,35.94430111314913
466,9,716.55804,336.88864,700.2515,345.7081,683.70435,339.3306,49.484279987841404
466,10,452.74698,754.5024,455.4914,752.8639,458.15863,753.6661,47.577255594451834
467,1,243.92357,490.55383,257.08942,467.49594,251.42865,449.33392,47.03726946592603
467,2,746.0751,694.71936,759.9265,679.3899,770.891,657.3285,15.673125982308965
467,3,465.40082,228.9255,480.09647,226.82874,493.6396,219.44177,20.48968653048204
467,4,627.00397,776.17175,607.5343,781.4727,599.39813,793.18744,39.9884274815625
467,5,626.70483,789.9039,618.56854,802.8268,608.477,813.85986,10.253422084512804
467,6,327.7417,573.6651,349.417,586.5086,366.78857,606.2152,17.954983758041394
467,7,450.84338,756.87616,467.2962,741.2638,488.4021,732.1026,20.034909262501078
467,8,787.64264,601.50946,787.9927,626.33307,774.71313,645.7797,35.13588392979714
467,9,715.97906,337.30774,700.82263,345.62787,685.0162,338.65732,52.56178031138088
467,10,452.7007,753.50946,457.09537,750.6524,461.61658,751.4196,42.659611866112236
468,1,244.17488,490.0526,256.93356,468.2543,251.4233,452.80804,49.97395341362477
468,2,741.28406,701.7264,758.82733,680.91907,773.97034,656.01587,8.832532130837068
468,3,465.09183,229.07031,479.51736,226.78252,492.97784,219.13838,20.580326162585536
468,4,627.55914,779.88666,606.7164,782.5034,602.1389,794.79,62.41082295632635
468,5,626.004,793.9491,618.23444,802.71045,615.7774,817.01807,31.82241187507562
468,6,326.4109,573.629,348.9781,586.23865,366.41608,606.2504,19.73690109023373
468,8,788.27234,602.5314,788.42993,626.9868,774.78766,645.3736,36.94319593749138
468,9,719.9694,334.0858,701.348,344.0225,681.0424,340.36365,38.2996180333616
469,1,244.1468,489.74005,257.02496,466.28952,252.70389,442.94702,39.261612366769576
469,2,741.9898,702.00543,757.4839,682.68555,772.09955,659.25494,6.77346535956527
469,3,465.19315,228.9171,479.3771,226.90674,493.23898,219.2969,20.698633446405847
469,4,628.22797,782.52747,609.3571,783.50555,603.28546,794.6649,58.482976971839626
469,5,624.5004,795.2979,617.8965,803.7251,615.5017,817.36816,28.128191433142334
469,6,326.14978,572.2365,348.42343,585.5375,366.47372,605.5466,17.102216586766687
469,7,446.71802,760.29724,465.34528,742.6003,487.60114,732.07385,18.220002051761853
469,8,788.34985,601.5879,788.71344,626.4277,774.9335,645.1479,37.19541589466566
469,9,720.6107,332.43558,702.12744,342.9648,681.72076,339.79166,38.50704393549093
470,1,244.01642,489.81107,256.79865,467.93378,252.74829,445.37595,40.47566376476271
470,2,763.4758,672.45306,756.6059,683.68896,749.79626,688.0034,26.199678804343904
470,3,486.53452,226.85747,473.81766,228.55618,463.19516,230.55782,3.0627323484096305
470,4,627.0404,784.0651,612.12646,783.8951,605.20996,796.3736,61.65482034508538
470,5,618.4255,795.4742,616.71826,805.1467,613.65845,816.8221,4.675751924884009
470,6,324.6923,569.6952,346.81964,584.6851,366.65738,604.716,11.1623204921155
470,7,445.8617,763.1942,465.17404,744.3656,486.54105,734.19836,18.82648666327072
470,8,788.8003,600.11194,789.5325,624.3879,775.66626,644.61505,36.15912458052467
471,1,246.24826,482.18182,255.73315,472.48697,247.07256,470.69666,122.69317199158287
471,2,769.61957,667.9017,754.06165,688.43414,733.64233,713.6596,1.8372820896908013
471,3,460.09314,227.84596,460.57574,229.20543,456.41757,235.62932,52.45956418786508
471,4,628.97003,783.77344,610.755,784.5409,605.7191,796.0497,63.954685925631594
471,5,619.32056,795.9904,616.0807,806.61456,612.32654,820.5066,1.836962507203003
471,6,324.16968,567.6996,345.89896,584.0367,366.7113,603.9814,6.8429505693514425
471,7,447.21664,761.34326,465.21152,745.79755,486.86243,735.425,15.225393894465224
471,8,788.91034,599.15985,789.9802,622.5325,776.9966,643.70526,34.13848543572544
472,1,240.48732,497.55734,256.28992,473.65897,254.79628,448.7038,36.899552064994275
472,2,771.96497,661.68164,753.80457,688.6003,729.9389,715.8089,7.250008493034179
472,3,460.14984,228.48312,460.81564,228.75568,457.23245,235.7253,94.94619293333064
472,4,629.4823,783.76056,611.70905,784.9311,606.88214,796.4103,63.42563430839551
472,5,624.2283,797.0702,615.8771,807.28375,612.5987,824.1365,28.263065300472245
472,6,325.71384,568.6382,346.55377,584.47144,366.715,603.82153,6.5980225318557375
472,7,445.59494,762.9809,464.5063,746.44745,485.821,736.1284,15.329081993973965
472,8,788.94147,598.985,790.7296,620.61163,778.90045,641.62384,34.104654153879046
473,1,244.1165,488.83008,257.3586,473.5168,252.0261,462.28088,66.24033320914697
473,2,771.0268,662.56854,752.7748,689.3308,728.24786,718.6822,5.588932142644716
473,3,463.1082,229.67961,462.2395,228.78806,455.48746,232.15776,72.2666200820403
473,4,630.0916,783.9178,612.3764,785.08167,606.82947,795.63586,58.516181203991046
473,5,623.20825,796.44977,615.9572,806.8981,614.86273,821.9738,30.608008827043186
473,6,325.6911,568.0516,346.19226,583.89795,366.7744,603.04266,5.225547695152092
473,7,444.1609,763.85077,463.38806,746.7546,484.4524,735.2513,13.003385661322492
473,8,788.75385,599.10046,791.1516,619.21277,779.8382,639.2069,36.301424083598604
474,1,240.2734,498.61707,256.9239,473.49487,257.74597,446.78928,31.772428321737625
474,2,770.3708,663.16394,751.94336,689.13715,728.25836,719.2311,2.8491567006561596
474,3,465.53256,229.85265,462.42197,229.30595,455.38092,232.80443,36.38935255348002
474,4,630.32983,785.7135,614.1838,783.8319,606.7478,796.4272,66.09035266800906
474,5,624.6003,796.1999,617.82886,806.78235,618.96497,821.56885,37.00770241942954
474,6,325.11987,567.1296,345.47528,583.19244,366.25192,602.3481,4.397790980622252
474,7,442.7593,764.54755,461.59506,747.584,478.89954,738.7112,14.860026494592972
474,8,788.76953,598.4863,791.0427,618.3785,780.3412,638.72205,34.265432484823116
475,1,239.684,498.52332,255.5406,474.36047,257.8348,447.0401,28.47433479386997
475,2,770.1559,663.6381,751.89594,690.1378,727.83716,719.88184,4.398770677473168
475,3,460.87396,232.674,459.68567,230.09389,456.63715,231.25853,86.17972430877053
475,4,633.8091,787.1163,613.6723,784.7227,606.5656,797.98083,68.58620452993685
475,5,622.13086,801.38104,619.9087,807.2727,623.62946,816.269,43.13452215225818
475,6,324.26895,566.06055,344.31628,582.0265,364.74445,601.5339,5.144984898946462
475,7,440.88376,766.66595,459.65854,748.69214,475.28323,739.2616,12.637616277158402
475,8,789.78156,597.82434,790.0333,617.88464,781.287,639.21344,23.016205659547083
476,1,238.60355,499.63165,254.15741,474.97098,257.5628,447.15857,25.259624159457527
476,2,769.60767,665.44104,750.79297,692.8375,725.6777,723.9959,4.39101620553465
476,3,459.33362,231.33884,459.29456,230.73526,457.45105,233.97191,146.63242942541467
476,4,633.8798,787.0676,615.0946,785.53436,607.8302,797.1379,62.617476508582314
476,5,626.09344,820.3619,622.111,807.08966,614.4664,799.06757,26.917663466900468
476,6,324.02606,564.8941,343.00085,580.8959,363.35406,599.47125,2.243586398979436
476,7,438.05197,766.93835,458.19766,750.3903,477.35846,736.7194,3.8930972532038504
476,8,789.1915,597.56287,789.7107,617.79504,779.9867,638.7509,26.362283464218127
476,9,728.9703,327.5431,711.1033,339.39886,687.7314,343.8285,22.834681719105998
477,1,238.23921,500.69562,253.52968,476.29825,257.54016,448.1287,23.973735093005423
477,2,769.6515,666.8617,751.63116,690.88324,729.3669,718.0376,2.4726679591594602
477,3,459.97662,230.26498,459.6385,230.89755,457.9414,232.8168,13.358070332592307
477,4,619.9923,790.3934,614.8932,785.5895,620.2919,794.0447,165.8508052665075
477,5,625.39734,820.45496,623.1615,807.7846,614.24854,799.8538,38.329682867948435
477,6,323.1044,563.90765,341.37817,579.4758,361.74725,597.65625,1.3214541250690561
477,7,438.8003,766.4359,457.84906,750.1974,476.6484,737.83154,7.110498972150784
477,8,788.2148,596.80194,789.4923,617.1283,779.43195,638.0581,29.268627714935377
477,9,729.5733,327.6085,712.3615,339.29248,689.13574,345.25485,19.77237638194612
478,1,237.61569,502.09268,252.69818,477.9205,257.66806,449.71106,21.970825276795885
478,2,766.3172,669.2719,751.7125,691.0546,733.6096,713.85095,4.612950319972013
478,3,463.80847,228.65811,461.13843,229.19418,454.69507,232.94875,18.876985872172394
478,4,608.72394,793.94635,617.44354,785.807,633.02484,792.42816,66.05143795355671
478,5,625.0481,820.9822,623.1233,807.3532,612.48737,798.6645,42.71520049445145
478,6,322.09375,563.3137,340.3006,578.2755,360.08588,596.146,2.6767875780798236
478,8,788.0229,596.1356,789.5812,616.44507,779.261,637.2298,30.79322791066186
478,9,729.5582,328.94144,712.30774,338.98914,692.00354,343.99615,16.3662771099549
479,1,236.69891,502.51526,253.21814,478.59103,257.3693,449.6825,26.4527608403814
479,2,764.95276,671.6065,750.0699,693.4114,732.08875,716.3258,3.8061661687837227
479,3,465.05566,228.42558,460.2401,229.3797,453.0501,233.2042,16.802327418700465
479,4,608.25574,796.42413,618.2797,786.28815,633.8978,791.8027,64.76569669531472
479,5,625.18896,821.1111,622.1606,807.1985,610.6492,798.30774,40.03947006753299
479,6,321.87256,563.3524,339.8733,577.95264,359.49518,595.9584,3.4954160360500204
479,8,788.2383,594.78955,789.3069,615.7339,779.1905,636.6338,28.749610578849563
479,9,710.0556,336.2391,712.77124,338.4904,719.1909,330.97144,89.16827727749997
480,1,236.53662,503.3507,252.89905,479.67905,257.12744,451.13217,26.227728136479637
480,2,765.90674,677.1755,748.28735,696.54364,728.1472,719.1566,0.603607366199768
480,3,462.18674,230.64998,457.32306,230.83846,454.3104,237.10266,62.096344611986254
480,4,631.38904,790.0539,615.3944,783.2893,605.59393,792.75244,66.92164580447037
480,5,625.47906,821.0661,622.28357,806.6811,612.04205,796.9545,33.95291194631695
480,6,321.68228,562.7856,339.74927,577.9217,359.2375,596.19653,3.204118596322623
480,7,456.23553,749.9241,455.46994,750.8713,455.32547,755.54266,37.17606899400154
480,8,788.24207,594.5778,789.3456,615.59814,779.5424,636.3679,28.27204310188882
480,9,709.2857,336.56232,712.6513,338.3417,719.7726,330.61096,75.2152171000279
481,1,236.51288,501.90305,252.48105,480.28305,257.67044,453.30862,25.55932954602081
481,2,764.7117,674.6895,747.63403,699.64886,724.48737,726.41534,6.471357197165517
481,3,462.24417,230.2698,454.0169,231.32863,445.32266,234.64531,13.547377927503634
481,4,603.36554,789.3624,620.0056,786.08124,635.2256,794.5329,40.19825898879518
481,5,625.64014,820.78796,624.0593,808.06555,612.89453,798.52545,42.40383255172694
481,6,321.45605,562.4683,339.88477,577.9693,359.22824,596.38904,3.5304732059077035
481,7,440.8998,759.4173,455.22202,752.2621,468.04883,747.29175,5.365090773357696
481,8,788.6461,591.9904,789.3093,614.3734,779.9449,636.1811,24.93636469946718
481,9,719.68835,332.62704,713.1457,338.5469,711.186,333.43765,111.1541481986667
482,1,235.9014,505.34027,250.20868,482.4116,257.22232,455.48227,17.365616453317376
482,2,760.0537,679.1359,746.37915,701.3977,727.68365,725.34625,6.416676660745839
482,3,465.14255,226.63858,460.15598,228.88362,456.81543,227.32999,49.180479136124696
482,4,602.75323,789.67523,620.237,787.0171,635.0601,796.07623,40.07592626011471
482,5,626.12274,821.08704,624.7925,807.95496,614.07947,798.0559,41.47717277150792
482,6,320.50464,561.47076,339.25598,577.49866,359.3809,596.0865,2.2038921959773647
482,7,433.02258,767.13873,454.21878,753.2591,473.5621,741.01855,0.8913126706393536
482,8,788.6591,590.2656,789.1091,613.36804,780.3604,635.96796,22.27769009558513
482,9,700.3974,340.78128,714.8382,338.05737,731.59985,325.70703,25.701612919102697
483,1,234.26324,509.3149,249.7756,484.7731,257.35193,458.62122,16.139586778721625
483,2,761.6034,678.24426,744.6149,701.8539,723.7683,728.63336,2.1620222784108405
483,3,472.36563,227.27606,463.54578,230.12743,455.9137,233.14662,3.6681038092437097
483,4,602.9272,789.2975,620.1601,787.0784,635.4315,795.5798,36.44144461827317
483,5,626.93463,820.59375,624.09155,807.9448,613.23254,798.0119,34.88255006972125
483,6,320.11633,560.61743,338.58044,576.96686,359.10144,595.7033,0.8731248740082747
483,7,432.37427,766.71155,453.54446,753.7497,472.47253,741.44666,1.5454769540381443
483,8,790.0388,589.6084,789.3498,612.6286,780.9036,635.36884,18.661556175030448
483,9,722.57874,330.8706,714.50903,338.406,709.7771,333.15594,91.01036145889327
484,1,234.56741,508.518,251.34357,484.747,258.5633,456.681,20.786111334080243
484,2,761.9796,676.435,744.9019,702.12836,722.4616,730.1383,5.089235589980153
484,3,464.23935,232.51183,463.70947,230.31212,467.74368,228.29501,76.97862579094483
484,4,604.24194,788.5387,621.36035,787.51135,636.3467,796.45197,34.25408818189158
484,5,627.0466,820.46124,624.514,808.2148,613.40344,798.2997,36.569930635089435
484,6,317.91263,559.92413,337.37573,576.10046,358.86566,595.33887,2.1047772076866575
484,7,447.45566,752.95905,453.2669,754.0005,458.87753,753.03613,19.912938877671813
484,8,790.66895,589.90247,789.5156,612.3662,781.15063,634.651,17.63543811673502
484,9,722.60455,329.83078,716.84814,336.04337,715.0745,330.95715,117.95841985175923
485,1,235.31248,507.81488,251.2193,484.38248,258.1485,456.24182,20.337149072091236
485,2,760.7848,677.0377,744.2559,702.9783,723.25604,731.2758,4.074916488884155
485,3,463.19363,232.25407,465.0796,230.0098,470.29968,227.75803,26.62460027956391
485,4,603.1486,789.3975,621.3935,787.0633,637.492,796.05646,36.47992448979514
485,5,627.462,820.4719,624.8638,808.2906,613.72784,798.7729,37.439597892304135
485,6,317.1375,559.99585,337.13684,575.9289,358.80322,595.1762,3.0727511033010106
485,8,790.17175,589.27637,789.4565,611.8879,781.8627,633.8663,17.248847083163874
485,9,736.0069,323.01193,719.0248,334.29285,702.9756,337.73608,21.486545390718522
486,1,235.64978,506.5907,251.28326,483.70944,258.51068,456.67743,19.373840100386847
486,2,761.0187,677.34924,744.26514,703.3505,722.57025,733.2512,3.1681117262150473
486,3,460.8635,233.56375,465.58347,230.04811,475.79932,226.21272,16.102467686765298
486,4,603.31464,789.4249,621.5058,787.556,637.5793,796.29456,34.3969798276638
486,5,627.7871,820.0136,625.69904,808.181,614.0469,798.52966,40.35754668721164
486,6,317.73047,560.3728,337.38577,576.32635,358.91565,594.9715,1.8278844590047238
486,8,789.928,587.88715,789.9029,610.5505,782.2812,632.6241,18.985648876798773
486,9,736.35065,323.43866,718.4078,335.4163,695.393,342.223,17.249031356723414
487,1,235.534,507.6822,250.91232,484.13593,258.4731,456.85928,17.656212667533865
487,2,760.7562,679.259,742.60834,705.96967,719.5013,736.92035,2.550982280127624
487,3,459.2621,236.93233,464.93143,231.09818,477.11465,225.72952,22.039684677630753
487,4,603.20074,789.7693,621.7188,787.4142,637.6467,796.5869,37.18510502312684
487,5,628.5084,819.77856,626.57166,807.9227,615.2663,798.4027,40.622049866868224
487,6,317.42938,559.8846,336.8533,575.9013,358.5311,594.5073,1.13090404139999
487,7,448.80453,753.8877,449.83353,755.8318,451.1347,756.254,44.12949527811668
487,8,790.34955,586.1654,790.1134,607.6679,783.64636,629.81836,15.646493504473398
487,9,735.5675,325.6893,717.63336,336.24133,698.70715,338.65845,23.193576447541844
488,1,234.11649,508.32614,250.47455,485.03683,258.47894,457.90567,18.646202416875134
488,2,761.0569,681.98535,743.9932,702.75085,724.88763,727.1735,1.3754393140818195
488,3,458.82468,237.82431,464.80173,230.90219,477.173,224.99197,23.654802157655535
488,4,602.553,790.501,622.01495,787.3198,638.21173,796.7044,39.37162106497496
488,5,629.85706,819.3796,626.58923,807.7787,615.1882,799.1526,37.156826558352925
488,6,316.37283,558.6864,335.59445,574.82654,357.32953,593.3404,0.404935262540025
488,7,431.292,768.13965,429.51523,773.51013,428.08975,776.28546,8.879913633409553
488,8,790.6326,585.6338,790.14636,605.6805,784.01434,626.4702,15.044089874207222
488,9,737.7926,323.27615,720.279,334.9854,696.5912,342.73398,15.652367832429054
488,10,457.511,748.8383,448.0212,757.5839,441.1833,763.0346,4.103841513493602
489,1,232.93517,508.5374,249.74164,485.74026,258.2593,458.80035,18.852767169858925
489,2,759.79706,682.60693,743.3013,703.6105,724.36395,728.2707,0.6240097407569889
489,3,456.7703,238.73521,463.73685,231.92273,476.9259,225.61974,18.816441031452555
489,4,602.6212,790.367,622.23895,787.387,637.9254,796.8695,39.79034036048092
489,5,631.5012,818.1189,627.8241,807.67035,617.58484,800.62537,36.08225877573307
489,6,314.64282,558.5142,334.4939,574.0879,355.73178,592.28815,2.4806500337546855
489,7,431.09418,769.7326,430.87897,774.269,429.77023,774.3811,81.50942289879968
489,8,792.0405,585.7891,790.90564,604.7226,786.4917,624.9848,8.859159721109023
489,9,738.1669,322.77765,721.3735,334.991,697.92395,343.84915,15.333034472331164
490,1,230.74086,511.5558,247.37444,487.6959,257.5814,459.92865,14.698815886704029
490,2,755.97375,687.74023,741.49677,707.621,726.59283,731.59485,4.193625719853497
490,3,454.2873,241.21451,460.998,233.24632,471.26883,226.8785,18.09785350161666
490,4,602.6037,790.8573,622.8015,787.92505,639.5801,797.3607,37.61214690980227
490,5,632.55475,817.3849,628.4908,807.9506,618.60706,802.10345,36.08688004681577
490,6,314.0443,558.3536,333.3279,573.1148,353.29797,590.9308,4.303932469155906
490,7,432.90918,769.7971,431.47214,775.02856,428.2908,774.1176,90.61873164850947
490,8,791.83435,585.4322,790.55066,603.4871,787.219,624.39374,4.98766653014381
490,9,737.7597,323.10126,720.51605,335.14157,698.43524,342.53918,16.402403986184588
491,1,227.18521,511.45422,246.39536,489.24615,257.36096,461.44757,19.332484669179134
491,2,753.9462,689.4306,740.2806,708.4854,726.2577,731.72644,4.54169948464509
491,3,455.4281,240.00436,460.5247,232.24034,469.97272,225.83047,22.563343100249494
491,4,602.6293,790.2322,622.8097,788.08075,639.41693,797.02594,34.3936306252642
491,5,633.04724,815.74884,629.1479,807.49005,619.86847,804.2644,45.55773053422361
491,6,313.50046,558.1519,332.15646,572.10236,351.28223,589.4863,5.480511882255337
491,8,791.72943,584.7388,789.77856,603.18134,786.9416,624.0632,1.698580951501547
491,9,737.72144,322.29626,720.4897,334.69424,698.58765,342.00845,17.267656174705138
492,1,225.2602,511.61526,246.59738,490.00534,258.028,464.19907,20.74567542870304
492,2,726.48376,731.16565,740.21173,708.93,753.9193,690.6159,5.12327027410706
492,3,452.04193,239.96019,461.01697,228.9179,476.7614,217.7737,15.604690768946734
492,4,603.1511,790.55237,622.625,787.80096,638.6315,796.3944,36.27206990774386
492,5,633.3851,815.3971,629.4973,806.8709,619.6956,803.3826,45.898127731947724
492,6,312.7763,557.6577,330.76257,570.9501,350.3393,587.96674,4.532719949568807
492,8,791.7381,583.60614,789.9974,602.02405,787.0714,623.5896,2.3275085146434145
492,9,737.6034,323.09302,720.63477,334.39468,702.29956,337.67523,23.520862598503555
493,1,225.6163,512.7239,246.21559,489.84195,258.1815,463.29224,17.733907384411022
493,2,722.496,735.2226,739.995,710.1143,755.543,688.90845,1.3743006505673951
493,3,460.0314,237.09473,467.51447,229.86081,479.9528,217.74792,0.21028928664640814
493,4,603.91345,791.226,622.78503,787.7681,637.14545,796.38574,41.3510329876854
493,5,633.27985,816.63306,628.39453,805.3784,618.1553,799.9848,38.75732927899334
493,6,311.752,557.2111,330.1032,571.00507,349.83447,588.0316,3.860822241750885
493,7,430.01343,770.14655,431.71112,773.64056,432.19983,774.0683,22.89204313673722
493,8,792.0184,582.5398,789.76624,601.7465,787.461,623.34784,0.5964328905051877
493,9,716.83234,334.24402,720.9774,334.42993,727.6428,323.0139,62.289013929690555
493,10,427.872,774.9904,445.2816,760.1845,464.84653,748.12445,8.729199512240736
494,1,226.91293,510.80078,245.73242,490.122,256.0745,463.70233,20.926905492679825
494,2,721.03186,737.91895,739.4006,710.7804,756.04034,687.934,1.9749660040612513
494,3,482.8909,240.82945,482.93738,234.73154,484.11676,225.75304,7.04659232986904
494,4,610.8722,792.1233,623.43994,788.18695,630.9847,795.757,62.48707525618047
494,5,632.3341,817.87134,626.8397,805.0328,615.6953,798.06744,34.82536157790442
494,6,311.58997,557.34595,329.55157,571.22253,349.59674,588.21826,2.605191431810596
494,7,426.39798,773.1659,428.80905,772.5799,428.91803,773.8499,98.7561309480479
494,8,791.7359,581.4952,789.53955,600.2873,787.2977,621.9828,0.7664278303390715
494,9,706.72675,337.6636,721.048,334.1302,735.20776,320.49548,30.058157539827985
494,10,427.31406,775.48004,445.06906,761.0395,464.50415,748.5449,6.385892439865216
495,1,228.78932,511.46692,244.348,492.00842,253.8754,467.8045,17.159155666787548
495,2,717.89764,741.31555,738.09784,712.1633,755.99524,687.44165,1.183990452419826
495,3,490.17517,241.42194,486.34592,237.13734,482.32355,228.68361,16.342456847404442
495,4,629.66235,796.42395,625.26556,789.5636,617.3182,793.07117,81.15844774579713
495,5,632.0134,818.20966,624.69727,804.9238,612.3508,797.3457,29.618346162754705
495,6,309.17996,557.07367,328.88098,570.75867,349.26794,587.99506,5.428019602000097
495,7,426.58026,777.9066,441.37247,765.60394,452.66937,756.84863,1.9737765059719299
495,9,706.58594,337.86545,721.2684,334.154,735.1362,320.328,30.727202490029747
496,1,225.7644,514.79803,244.04657,493.20856,255.14738,465.99948,18.063642808261783
496,2,715.19366,743.305,737.1307,713.7861,755.3566,687.07495,2.310713689614012
496,3,486.38776,240.64084,484.6331,236.25565,482.1773,227.56166,6.034683934931758
496,4,638.606,798.9822,627.2052,791.652,612.46313,791.88525,33.64570471718835
496,5,632.68756,818.86865,625.2299,806.1565,612.5197,797.9536,26.764508221678987
496,6,308.19348,557.1531,328.27106,570.7092,349.2751,587.9768,5.397136824078499
496,9,711.67633,334.3374,721.69965,333.2236,730.641,323.25296,41.77453859442742
496,10,421.8156,779.7103,442.7944,763.27625,463.10623,749.36755,3.672318429629334
497,1,227.02872,513.5354,245.59276,492.05655,255.42136,466.0244,20.15230613752801
497,2,715.8098,742.7366,737.19324,713.32666,754.7561,688.4667,0.7798418572247895
497,3,492.27258,242.48038,486.6181,237.59053,480.2561,228.33727,14.637478548810787
497,4,641.9632,801.3984,628.5284,793.67957,610.28723,790.6845,20.554662685945985
497,5,634.1716,818.4508,625.776,807.13416,612.1701,798.8176,21.993989632222657
497,6,306.64062,556.76697,327.3907,570.17004,348.77997,587.72565,6.518395586544085
497,7,423.2849,777.75824,443.07373,762.7736,462.586,749.7362,3.3844289812748114
497,8,791.9456,574.52985,790.3086,595.3837,786.8926,619.244,3.6590179322476386
497,9,704.44653,338.66367,721.9177,332.79852,737.5836,320.81836,18.849110108712487
497,10,425.56717,774.7648,428.79343,773.5192,427.2535,774.0651,178.40959144577457
498,1,226.83804,513.8938,245.67188,492.163,256.157,466.0246,19.05742460512966
498,2,716.43695,744.0139,736.7252,714.44495,754.9145,689.5345,1.6810937474891186
498,3,495.69388,246.7988,486.99585,241.06705,480.4757,228.95053,28.33067701251013
498,4,642.5932,802.4877,629.3068,794.744,615.18567,791.45135,17.109496381150855
498,5,635.0368,818.1021,627.1842,807.37384,612.9999,799.2714,24.06157547750994
498,6,306.11603,557.02594,327.25363,570.2602,348.81467,587.82275,7.113864074245988
498,7,420.2762,779.5064,440.3065,764.0358,460.11868,750.54486,3.4283978547101706
498,8,791.619,575.7906,790.48334,596.5308,787.3174,618.17944,5.185875744723376
498,9,737.76465,320.97235,722.0201,332.5395,704.48254,339.13968,15.680140500070051
499,1,226.25076,515.4624,244.33182,492.91385,256.16168,466.638,14.48701048905
499,2,718.7063,746.02765,736.2785,716.33826,754.8646,690.9422,5.57861326079464
499,3,498.93488,254.54149,486.48587,249.10995,482.24777,234.44308,50.311196242320236
499,4,629.94385,798.2948,629.7808,794.531,628.3346,797.28217,149.7898514726716
499,5,635.7766,818.3139,627.4431,807.6783,613.38354,799.5109,21.766891400275515
499,6,304.08356,556.4359,326.18738,569.6059,348.39474,587.37085,7.870831058745456
499,7,421.08035,777.3057,440.34778,764.18567,459.6746,751.201,0.35718004326838104
499,8,791.80945,573.9401,790.58685,595.1597,787.2375,618.47546,4.877287780800774
499,9,738.0739,320.74838,722.27216,332.62384,704.52704,339.3084,16.284523953381523
500,1,224.2673,516.52563,243.22763,494.1231,255.48648,467.27444,15.701834543068586
500,2,717.0967,749.059,735.5579,718.02405,753.98425,693.2534,5.898305993067925
500,3,495.35162,263.48965,485.33838,261.62646,486.80762,251.3501,87.59595707469023
500,4,614.6449,792.03674,630.63916,794.41284,644.25696,802.8018,23.18429640339767
500,5,635.87897,818.2288,627.16125,807.6235,613.0611,798.855,18.703114615661725
500,6,304.10126,557.0916,325.97214,569.73444,348.07028,587.08716,8.110264198723799
500,8,791.7434,574.93304,790.1796,594.3349,787.08386,614.10394,4.291947742589253
500,9,736.5272,321.22495,722.148,332.49982,705.70105,338.2828,18.727913393829574
501,1,224.4476,515.565,242.37033,494.2243,255.02258,468.02777,14.24548094546731
501,2,717.45917,749.09515,734.56146,720.02045,752.1104,697.31824,7.239392787499776
501,3,498.35956,261.03458,485.06277,263.8679,483.1432,258.2047,83.30426994604765
501,4,621.8595,795.92444,631.2447,794.4617,634.753,799.2128,62.41629442438558
501,5,635.57935,818.47186,626.71893,807.09186,612.75275,798.878,21.634993120800136
501,6,305.06378,557.621,325.78107,569.78705,347.32556,586.70746,7.721792370085043
501,7,420.23795,775.9435,437.53363,764.65326,455.91528,752.4527,0.4374547803357945
501,8,792.464,571.4209,790.3673,593.0494,786.90936,614.9649,3.429539815271081
501,9,737.21906,321.0351,722.2858,332.5201,705.17456,338.9686,16.914351839968102
501,10,414.2778,776.26025,421.3414,776.21985,426.94473,776.12244,0.6679324868169297
502,1,222.05238,517.5446,241.32379,496.03217,254.55528,469.48096,15.365958978964612
502,2,749.59467,708.02545,734.9089,722.00543,722.4183,739.9563,11.579406794446465
502,3,497.13596,259.93616,484.9228,263.62228,484.08194,258.70764,97.0858598535368
502,4,621.0581,795.5932,631.9346,794.3627,637.3378,799.4092,49.49952477939027
502,5,635.34406,818.494,627.06354,807.1283,612.8047,798.85693,23.80730210099639
502,6,303.8121,556.8457,324.55276,568.8459,346.00964,585.82776,8.306642746834825
502,8,792.1457,569.3957,790.91364,590.96606,787.16437,616.1067,5.213083888989817
502,9,739.38416,320.16302,722.1856,332.78116,702.6993,340.1903,15.448611671287582
502,10,413.68338,777.37463,420.74222,776.33765,425.79907,775.9757,4.263469834363932
503,1,228.95087,511.96347,240.28677,497.18164,246.03493,478.62048,20.276847420400298
503,2,742.5851,716.0848,734.4397,721.786,726.79614,732.08215,18.421397226061902
503,3,497.3969,260.84937,483.7676,264.72833,481.80566,256.39792,92.63405917010445
503,4,621.34595,794.9207,632.7773,794.4175,638.5535,799.69336,44.92846748770546
503,5,635.9031,818.37036,627.2407,807.11804,613.35376,798.47626,20.516129375581915
503,6,301.7289,555.8387,322.86508,567.4803,343.8348,584.06903,9.501273992347768
503,7,425.4177,774.3874,437.80435,762.6822,454.4262,754.70557,17.743995275640017
503,8,788.00525,571.0249,790.9128,589.678,784.30743,611.3,25.84712202584555
503,9,733.9674,322.42914,722.2516,332.67667,708.47076,337.09985,23.380443121167104
503,10,411.23425,779.816,419.968,777.2703,424.54178,776.00116,0.7415131808040025
504,1,218.98358,521.3673,239.14151,499.08493,253.17126,471.93582,14.805892305047179
504,2,742.57263,716.2721,734.12506,722.01965,725.93567,731.6603,15.422589958146181
504,3,482.6832,271.9433,482.5917,265.75653,486.0751,254.74619,18.403308297535556
504,4,632.0174,800.5988,629.94604,795.5864,624.16614,794.20795,54.1331543898223
504,5,635.7783,818.4546,626.7502,806.34235,612.9869,798.5328,23.728736228493737
504,6,300.3442,555.38855,321.24734,566.5461,341.8744,582.3252,9.322869521770254
504,8,787.3832,570.6762,790.91016,589.1446,784.3673,610.8284,27.60238723884369
505,1,221.2528,519.90204,238.79237,499.8851,250.51868,476.12347,14.95978501651926
505,2,722.62573,738.1025,727.8295,729.5467,730.13336,741.1418,137.45344844235154
505,3,476.01764,273.38663,483.21872,266.62164,494.6231,255.31161,1.5505336373530734
505,4,637.7726,803.0989,629.1749,795.4714,610.96906,790.9565,27.65031014620694
505,5,634.5657,818.3065,626.7111,805.88727,613.1643,797.8669,27.061069967888034
505,6,298.49646,555.38385,319.49472,565.39575,340.09814,580.051,9.9326804419144
505,7,415.4693,777.80505,435.2047,766.7366,454.3547,754.3776,3.551484950051108
506,1,221.91493,516.3965,238.25273,501.14203,248.27196,484.63266,15.711207728969104
506,3,471.95535,273.4928,483.77045,267.05127,496.77194,255.1532,13.863618316750863
506,4,636.71155,802.7339,628.26074,795.48346,610.2333,791.0788,26.898065939128802
506,5,634.78577,818.2194,626.2814,805.76355,612.22644,798.38434,27.975559202424055
506,6,297.47583,555.8276,318.711,565.4451,339.51904,580.01404,10.631952619837964
506,7,411.96838,780.1654,433.6157,766.7972,453.23254,754.2959,0.8113239687416206
506,9,729.75745,321.69467,718.18604,335.36078,702.0947,341.37708,29.24463159805996
507,1,220.43967,521.82294,237.84052,501.93018,251.9355,476.35663,12.315678826050474
507,3,472.20773,270.44305,484.3341,267.39423,496.60614,257.02765,26.075984598234935
507,4,637.4194,803.3149,628.8022,795.6083,610.4871,791.4323,28.962938184184836
507,5,634.55396,818.5928,626.6503,805.9352,612.6063,798.4362,29.918095180177776
507,6,296.56738,555.6121,317.9831,565.9459,339.41727,580.489,8.398026989258234
507,7,411.6386,778.549,433.01434,766.89856,452.7705,754.05634,4.433586647111744
507,9,724.464,320.81143,718.6885,334.96866,702.64886,339.64142,51.56451740173294
508,1,220.00818,522.3603,237.99307,502.027,251.45505,476.35843,13.818021912713144
508,2,710.99133,754.8604,728.8664,724.40485,749.779,702.72235,13.554869442757939
508,3,474.57407,267.30856,484.5133,267.27353,496.96008,256.37976,40.991371941722356
508,4,635.3476,803.3643,628.3627,795.90295,611.1892,791.5736,32.73977291970064
508,5,634.84784,818.4128,626.20825,805.7615,612.42596,797.8788,25.90367567561072
508,6,295.76086,555.76996,317.98367,565.9695,339.2235,580.6773,10.047685345208084
508,7,410.794,778.8325,431.71674,767.24976,451.38028,755.35876,2.1934773017936173
508,8,788.1661,566.5133,790.1328,585.55743,784.43933,607.86444,20.214258512511993
508,9,719.1673,321.47083,719.847,335.169,703.7275,338.5357,81.04348377540833
509,1,219.92117,522.1654,238.03275,501.52795,251.62457,476.80298,12.471946250004923
509,2,709.8974,755.53094,728.14044,726.0436,750.54297,702.7426,12.129836097651989
509,3,472.32022,274.44934,484.37558,267.35727,497.2355,255.5327,12.130274906573606
509,4,635.7004,802.49115,628.8004,795.6598,611.513,791.60364,31.509261766891527
509,5,635.0931,818.17957,626.23535,805.7133,612.69495,798.03973,25.06382277189012
509,6,294.4227,555.28235,317.1721,565.5931,339.07336,580.35504,9.599375176386156
509,7,411.78046,778.63116,430.8115,767.56024,450.3587,756.28156,0.201741189079591
509,8,792.1516,564.14435,789.0567,585.16284,787.0903,607.79816,3.4112226266695065
509,9,715.59814,322.8785,719.2514,335.3793,702.78705,337.68286,98.32593293184233
509,10,410.16504,776.3429,414.46027,776.30176,416.23923,776.59894,10.032543070880944
510,1,218.35799,524.002,237.43549,502.69162,251.97177,477.3123,12.033160674985107
510,2,709.3681,756.69434,727.6017,727.41125,750.6891,704.11755,12.836056584193296
510,3,488.93033,264.93457,485.10727,265.7638,486.8917,261.25732,123.8399650390866
510,4,637.3668,802.6057,630.8748,796.2248,613.5626,792.0601,30.97937183335044
510,5,635.4068,818.1543,627.37506,805.57166,614.2556,796.98584,24.247029287903032
510,6,294.06195,553.46277,316.78265,564.9366,338.80112,579.9597,7.512093571690195
510,7,410.03326,778.9345,429.15558,768.3221,448.95786,757.1038,0.5028000761732737
510,8,791.9455,562.9069,789.09644,583.5626,787.1374,606.1574,2.8977971913027516
510,9,712.48737,324.08566,718.13385,335.58215,701.9248,337.3364,109.98103818336581
511,1,218.55022,525.57886,236.58385,503.63623,252.08109,476.68118,9.519339008804142
511,2,708.75073,757.38055,727.43726,727.7031,750.246,704.5087,12.32289767111468
511,3,491.72684,262.83698,485.40378,264.28955,485.5928,262.37704,108.58248803986595
511,4,640.2138,802.3116,632.46985,795.87854,614.4991,791.9925,27.51509395873029
511,5,637.05634,817.7757,627.92914,805.7804,614.71747,797.07294,19.34477754119376
511,6,292.67075,552.1935,315.1164,564.40607,338.22104,579.2641,4.193625719853497
511,7,405.8381,779.2872,426.46667,769.6917,445.82468,757.6959,6.840055041473285
511,8,794.10406,561.3193,790.0302,581.60144,787.6729,603.4569,5.201155409814598
511,9,710.97626,323.06607,718.51013,334.70184,703.4728,337.07645,113.94837520686349
512,1,225.54579,514.3367,236.35158,504.48492,242.90628,494.47614,14.423667991045642
512,2,707.3811,756.9921,726.79974,727.0712,750.62415,704.6428,13.74522488490085
512,3,496.19656,260.08688,485.38702,264.22397,479.90735,264.62842,16.72185196659034
512,4,638.6333,803.44604,632.3621,796.55896,615.1794,791.9396,32.63237529398647
512,5,637.48175,817.8415,628.3412,805.78174,615.59546,797.122,18.64701418630465
512,6,291.3996,550.24384,313.38425,563.53876,337.58698,578.4915,0.5457222389731865
512,7,405.82724,779.8785,425.25458,770.1904,444.90906,759.1553,2.807701087630229
512,8,794.8025,560.8191,790.849,579.851,788.0282,600.4107,3.9229614347151243
512,9,708.8385,324.9021,719.97485,332.67776,709.3316,335.40588,130.69959560352163
513,1,216.92223,528.0053,235.42152,505.9138,251.32109,481.42755,6.945881302781253
513,2,706.94946,756.24603,727.52844,727.71277,750.18115,706.21466,10.69783175471837
513,3,476.18784,274.94684,484.6647,264.5023,496.33414,254.59146,10.595797252508323
513,4,639.2033,803.17847,632.6384,796.7854,615.1193,792.3217,29.94610866369049
513,5,637.82697,817.59314,628.36633,805.6663,615.06903,797.01733,18.536470676497217
513,6,291.10315,550.4172,312.65787,563.2002,336.36978,577.80676,0.9632711958747406
513,7,404.2865,781.58984,424.40976,770.96875,442.71317,760.2907,2.433893377457015
513,8,795.56396,559.9963,791.14484,578.5392,788.1862,598.77454,5.086270342332637
514,1,222.4582,521.4591,234.39084,507.86667,246.61304,490.997,5.355951911468698
514,2,706.7507,755.1389,728.0872,727.7465,750.3125,707.0839,9.17093323579554
514,3,488.66016,272.47327,475.5405,265.68756,470.5415,256.90195,33.0114684615276
514,4,641.7599,802.10364,633.7734,796.09674,615.17993,792.2125,25.14840008609134
514,5,637.92145,817.1361,628.40845,806.2098,615.3326,797.16785,14.29178806431017
514,6,289.62375,550.5593,311.13382,562.3558,334.4921,577.1194,3.553964966891857
514,7,404.5095,781.5088,424.03235,770.9425,442.83865,759.46075,2.981699967290151
514,8,795.4131,559.60364,790.4605,578.2731,788.246,599.04297,8.771067205219014
515,1,216.99976,530.20953,233.12347,509.89868,248.51526,487.42242,4.040796314838725
515,2,706.9205,753.956,728.952,726.2736,750.5053,703.74927,5.222659635108758
515,3,488.08365,270.951,468.15912,262.31204,460.45654,249.93814,34.65757149930908
515,4,639.7341,803.11365,633.52075,796.2245,616.50604,792.27716,34.89150039071292
515,5,638.6636,817.1025,628.21277,806.34753,615.6084,797.5393,10.874929763729009
515,6,288.3405,549.7731,309.28128,561.78784,332.68143,576.33624,2.024970764274158
515,7,403.44995,782.66724,423.95532,771.1175,442.7701,760.09973,0.9624582895215131
515,8,795.7342,558.90466,790.89264,577.684,788.17474,598.4958,7.016351124044145
516,1,218.01845,529.75006,233.55592,509.66663,247.78268,487.22403,5.355951911468698
516,2,707.9313,752.3465,729.47546,725.3665,750.1694,703.7488,5.140984688998762
516,3,477.84985,272.5673,466.19022,257.0844,460.2054,238.70438,18.946171054231343
516,4,640.8322,802.82196,633.33527,796.142,616.0509,791.9845,28.17683888618642
516,5,637.9002,817.3022,628.7261,806.3163,615.9294,797.40955,15.296675496555968
516,6,287.08298,548.69464,307.30438,560.4617,330.3036,574.56024,1.3126880251352644
516,7,401.9855,782.68085,422.52237,771.3813,442.16318,760.7861,0.47518949762451806
516,8,795.9658,558.7935,790.7168,577.2609,788.6135,597.9309,10.056705118914092
516,9,712.61383,336.49936,717.2315,331.4728,704.5005,321.1639,93.57364772377758
517,1,218.46432,529.62396,233.90222,510.52844,247.36464,487.76315,8.35576145097929
517,2,708.94775,751.9425,729.3731,725.4181,749.19885,704.5011,5.867418706221383
517,3,482.98984,270.52127,467.6506,257.19788,461.78983,242.52847,27.245088932189173
517,4,639.0927,804.029,632.6975,797.20105,615.65216,791.4797,28.319751027633075
517,5,638.6599,815.6407,629.0068,808.26306,615.5729,799.3678,3.8790383246222406
517,6,286.29187,548.57104,305.8959,559.66284,328.0881,572.7315,0.9924867551838248
517,7,400.8922,782.07587,422.23438,771.6768,442.64474,761.4949,0.534491357294588
517,8,796.8329,557.6648,791.4589,576.33154,788.85114,597.5112,9.041245807738006
517,9,713.0585,335.30234,714.12,328.5021,701.5219,318.50305,60.43342051020114
518,1,218.18019,529.0378,235.10773,510.19904,247.65346,487.49362,13.018691023786367
518,2,707.3004,751.88434,727.3186,727.0792,746.8584,706.57336,4.7138466825833945
518,3,476.3199,270.74298,472.26627,258.66742,469.7974,249.2771,3.825614833063237
518,4,637.9388,803.9851,632.12427,797.0644,615.45886,791.37274,31.108017789987844
518,5,638.76624,815.5079,628.8674,808.3666,615.7258,799.4356,1.6077863690103975
518,6,285.54742,548.02966,305.05966,559.892,327.2274,572.5244,1.6205163531304898
518,7,399.46997,782.43555,421.43503,771.9248,441.69092,760.96387,2.846751012583262
518,8,797.8087,556.3641,791.9836,575.30743,789.08124,596.95526,9.456606228187267
518,9,713.1547,335.35522,713.23254,327.60645,700.9882,317.56366,51.216814071818966
519,1,217.88515,531.1806,232.9018,511.15384,247.34824,487.73526,5.194030477807228
519,2,704.2541,753.52655,726.2038,727.87445,744.47375,705.9278,0.7760689574490739
519,3,496.94098,268.12225,482.024,262.49225,470.1215,254.62819,12.775411195739308
519,4,637.46716,805.55695,632.1005,797.60345,615.37305,791.2728,35.26090849543045
519,5,636.9378,822.62854,628.37024,808.3374,614.3178,797.0929,20.39104713615578
519,6,284.7887,547.52844,304.17874,559.8521,326.93225,572.89764,2.611195222993164
519,7,398.5863,783.79474,421.22223,772.1599,441.7597,761.3663,0.5211454070278755
519,8,798.4158,554.64105,792.2357,574.3687,788.89594,596.17426,8.686249748915515
519,9,713.0505,336.30875,713.30804,328.40344,701.16693,317.32562,49.48812520020074
520,1,224.45027,517.0931,231.3945,511.7119,238.69186,506.50058,2.24026899629275
520,2,702.7953,754.2754,725.2417,728.9444,741.99225,706.5428,4.758022600488065
520,3,527.1806,262.91916,503.56964,262.4967,485.41812,262.27478,0.3244549486979649
520,4,638.6416,807.59955,632.25305,799.1661,617.78125,791.4984,24.93902139977041
520,5,636.1783,822.98456,628.3102,807.7433,614.50616,797.0553,24.946139726740185
520,6,284.35367,547.1285,304.1569,559.6723,326.70197,572.8359,2.071409869417562
520,8,799.60254,553.5374,792.7763,573.47034,788.96423,595.6816,9.165574853578262
520,9,702.765,337.0364,710.67285,331.079,696.70435,319.55887,103.49415221343367
521,1,215.1012,534.8713,230.7406,513.703,246.45474,489.81674,3.1175316502539343
521,2,704.89233,753.73346,725.1283,729.45667,740.3701,708.3578,3.9686200251288724
521,3,533.7442,261.78702,509.7865,263.62637,487.06775,262.8022,6.4679626236072005
521,4,634.5725,810.5164,630.6266,800.1803,615.1389,790.3865,36.79738407436322
521,5,636.1028,822.51166,627.6863,807.77386,613.92163,797.13354,22.565390086419466
521,6,282.80258,546.1498,303.31516,558.84216,326.84967,572.23346,2.1072863310509904
521,8,799.68884,553.5977,793.0648,573.9239,789.3656,595.8225,8.461925813863017
521,9,703.7273,336.53253,710.5491,330.1826,696.529,318.85312,98.11026620194095
522,1,228.60025,514.3657,230.0247,515.20544,227.6145,521.8774,79.3424554618375
522,2,738.0286,714.434,724.8438,728.7633,709.25116,748.0784,3.7049647376325363
522,3,528.9495,261.96097,512.3677,264.78204,488.4064,264.6013,10.087519321591394
522,4,630.4474,809.81036,629.4255,799.54724,616.9238,789.7542,46.240742061144026
522,5,634.37274,823.00494,628.3782,807.183,614.6256,797.06866,32.916870144927245
522,6,282.06046,545.6649,302.63794,558.5737,326.62753,571.8168,3.2010621262239343
522,7,401.93707,780.72156,420.17957,772.484,438.99615,761.903,5.048068599826736
522,8,800.0612,551.05493,793.1089,572.0072,789.55133,594.3994,9.329360269928019
522,9,702.6892,337.23975,711.07227,330.71436,696.32477,319.06268,103.79123998407417
522,10,397.93954,778.75433,406.87442,773.923,415.66797,766.04126,13.468646097864093
523,1,213.71448,538.16394,230.63031,515.12524,247.34763,491.81076,0.6458900350341407
523,2,735.7414,718.79987,723.44446,729.5049,711.1144,748.19476,15.545381352490855
523,3,488.73676,263.78918,511.5876,262.44775,525.0246,262.64948,4.219790048142581
523,4,628.4886,812.2283,628.89514,801.4389,617.0818,790.21375,48.62044793074186
523,5,634.1832,823.16705,628.65466,807.06256,614.5093,796.908,35.37959147261604
523,6,279.52344,544.7741,301.30777,557.6195,326.0796,571.54877,1.1771946629382
523,8,799.78564,550.3824,793.15564,571.4994,789.2511,593.4635,7.350390756349184
523,9,704.96356,335.9876,710.2656,328.85678,695.84033,317.64636,88.78023671696081
524,1,213.82983,542.60376,229.05641,517.2244,246.70134,494.93332,7.40194313604743
524,2,697.7612,761.6723,720.4544,734.7413,740.42535,712.6322,1.972487073886
524,3,522.24005,265.13562,508.9099,263.06845,493.8745,263.1099,8.9728373946246
524,4,626.8749,813.20667,628.12964,801.65643,617.81024,789.92523,47.53661404679788
524,5,635.0794,818.19836,628.96277,805.479,616.60596,796.4722,28.229481708537083
524,6,278.70975,544.5152,300.14987,557.18274,325.40884,571.1059,1.7120078586398928
524,7,398.96408,776.78064,408.43506,771.5273,419.80896,765.1772,0.15825877775862904
524,9,714.0872,333.54373,707.89856,324.3133,696.3524,313.30322,12.521109748163862
524,10,400.33142,775.3096,403.5036,775.17444,406.69696,775.9729,16.4775814220115
525,1,214.71138,543.9874,228.16573,518.6924,245.1629,497.36185,10.541110343987171
525,2,697.42444,762.5422,719.5875,735.44,739.8166,711.47266,0.8904340793767552
525,3,526.314,263.29825,505.50598,263.92337,483.01535,266.14795,3.92809955256488
525,4,622.3616,806.7413,627.3482,798.2517,627.7545,791.32153,27.073918606833534
525,5,632.6522,813.7206,626.0119,805.3935,621.4474,803.4453,28.316590552313414
525,6,278.54337,544.7144,299.2393,556.79297,324.15143,570.226,1.9345175807526078
525,7,393.95978,776.1891,411.5727,771.0423,431.14178,761.8339,8.910414423877599
525,8,799.7346,553.2593,794.6722,567.5162,791.6744,581.1701,7.16609589065186
525,9,707.69366,335.44128,706.7609,324.43408,694.73553,312.88583,41.315917169780086
525,10,393.23547,774.585,407.79694,774.6257,423.10962,770.4961,15.252626700131128
526,1,214.87056,542.9672,227.76591,519.66864,244.05025,498.8807,9.109813426521567
526,2,695.56635,763.23816,718.01263,736.03973,738.55115,710.5285,0.6960503805076554
526,3,515.15076,267.62552,497.33453,265.22607,484.0803,259.2424,16.62665829854573
526,4,620.8588,809.4718,625.52795,799.7548,623.93915,790.8198,35.74771441090305
526,5,629.62823,819.08374,626.45764,807.1726,621.06116,800.5524,24.27964849392676
526,6,276.65887,543.4974,297.09393,555.9748,322.2998,569.6558,2.915845153425956
526,7,402.51355,774.60614,419.8374,770.7301,438.84723,761.0937,14.269608939406258
526,8,793.9232,573.6183,795.1462,567.55206,796.8387,569.1357,121.69824034307557
526,9,706.00433,336.46567,705.2748,323.89,695.1587,311.46936,35.841149742363335
526,10,394.63364,774.47095,410.26117,771.38965,429.8324,763.2766,11.361912722494951
527,1,213.44044,544.7566,226.95349,521.9768,242.96869,499.39874,4.672524944346796
527,2,693.27295,766.1787,716.5991,737.01013,739.1387,710.3822,1.5975293663043735
527,3,521.1277,269.3524,498.03357,266.1821,485.58752,261.94916,10.966790696132687
527,4,633.36115,816.52563,624.3664,806.18524,617.9132,799.45807,2.7903573627437974
527,5,637.42065,816.9405,627.3983,806.84503,618.879,799.4669,4.314022989463006
527,6,275.79892,543.5043,296.1324,555.3392,320.71274,569.3755,0.47229825359560745
527,7,398.04214,773.5149,417.9829,769.6934,438.99878,761.10925,11.369381687945452
527,8,798.05524,554.558,794.7783,566.0807,791.49023,578.1243,0.6052260684124438
527,9,704.6998,337.71356,704.6724,323.56335,694.7514,311.67593,39.73678770965741
527,10,397.0778,773.8832,417.31985,770.11664,438.30826,762.22473,10.066146756570797
528,1,213.20769,544.8869,227.08612,522.62463,241.62878,498.65805,0.6909716506245905
528,2,695.1703,763.64465,718.32074,734.95984,737.4808,711.23773,0.0
528,3,533.2831,263.62338,509.75125,263.69168,485.7874,267.5297,8.932831847042834
528,4,629.632,824.6266,618.5577,809.06836,609.42474,796.339,0.216704816531638
528,5,640.9274,815.528,628.2353,807.8506,618.4198,799.47205,9.314602085936729
528,6,274.39114,542.66766,294.84726,554.1808,317.79565,568.732,3.006479746339343
528,7,396.98953,773.2201,417.69745,769.1215,439.1281,760.43994,10.85746626203002
528,8,799.25397,545.48267,796.21387,564.94354,789.4434,585.8658,9.052843353180634
528,9,704.73047,337.26346,702.5762,323.2041,692.73816,311.45657,31.233019003724095
529,1,213.34071,545.25305,227.19128,522.9225,241.69106,499.8823,0.3727285197772224
529,2,695.3469,764.62177,717.93146,736.70435,737.99036,712.0629,0.17582936122100767
529,3,548.39624,263.05392,522.9249,265.08713,496.3083,268.16214,2.026130219570603
529,4,602.1783,813.84534,605.1786,808.07465,605.3068,805.9592,24.001901434706973
529,5,643.18933,814.36676,629.8884,808.4832,617.9056,799.98663,11.47720274844262
529,6,273.87668,542.2158,294.09982,553.6717,316.05603,567.79016,3.2118080140125795
529,7,398.36298,772.4426,417.94708,769.0072,438.68976,760.22174,13.005297902754682
529,8,799.17755,545.42035,796.0565,564.7596,789.9318,585.3733,7.380041240263939
529,9,703.1105,339.18994,702.5682,323.67755,692.3117,311.7339,38.65172585417933
530,1,212.50516,547.2481,226.56352,524.3972,241.50499,500.23428,0.12972151222939818
530,2,701.7153,754.5585,721.54834,732.04767,737.8284,711.6325,2.811045587526877
530,3,547.6293,262.29025,525.3729,265.36328,498.1236,267.76013,2.8345538596051028
530,4,594.26337,816.92346,606.0818,806.9491,610.6439,804.24207,9.47962974394252
530,5,631.8086,809.8889,626.28436,803.91675,617.1834,799.935,23.60147099059781
530,6,273.40894,542.417,293.4713,553.6358,315.54138,567.4589,2.8462696311730378
530,8,797.81305,552.0713,795.53876,565.02484,791.86914,578.4647,5.313637545326582
530,9,700.61755,338.27777,705.1122,325.90067,694.9187,316.10083,66.08595944747739
531,1,211.70628,548.21216,226.66037,525.598,242.20638,499.67184,2.5274715632835387
531,2,701.2873,754.9494,719.9613,733.0208,737.88635,713.0043,1.427658729531155
531,3,528.6509,266.02234,528.4691,266.96878,539.26324,265.30533,109.63197534823163
531,4,595.9814,816.056,607.4709,805.6898,615.8436,806.30786,46.27951653364736
531,5,620.316,802.8753,624.5895,797.4894,623.0822,793.39026,58.619155572083415
531,6,272.74243,543.1268,293.13367,553.87585,315.16974,567.836,4.559304889485805
531,8,797.4707,549.1314,795.04,563.2944,791.3036,578.9447,3.6889695950063537
531,9,693.1498,311.9109,705.513,325.331,703.18005,343.57565,49.93957760089767
532,1,208.60823,550.82446,225.70392,525.89417,241.44627,500.8731,2.2633022878985005
532,2,700.32074,755.929,718.91693,735.2717,737.545,716.2345,2.383348725151506
532,3,543.05664,264.8147,532.443,266.61633,541.1923,264.33887,175.0435805109332
532,4,597.1306,815.7609,607.65784,805.9713,616.99756,807.24866,50.70849357407535
532,5,617.79254,801.9357,625.5799,796.4886,625.28735,793.13776,60.017264725979544
532,6,271.5714,543.3972,292.62698,553.85895,315.1574,567.65314,5.055863739118851
532,7,401.23904,782.8912,420.58823,770.5922,439.4552,760.7895,4.986252233439738
532,8,795.80133,542.53107,795.3207,561.9744,790.25415,584.4548,11.284790976006594
532,9,692.5873,311.41455,704.995,325.5246,703.0987,343.66663,47.29407611144668
533,1,210.4049,549.7321,226.19974,526.572,242.139,503.13724,0.07132624918176021
533,2,726.76666,725.44824,717.17786,736.8832,709.15344,745.07,4.4442648310269774
533,3,543.6934,265.67807,532.2101,269.22403,547.9458,262.82266,175.02358033096206
533,4,637.20306,811.64075,632.1495,801.3625,623.7797,795.3543,28.145238769666282
533,5,623.4605,802.2218,627.2665,796.65955,624.021,792.4836,72.2355583352316
533,6,270.21243,544.1433,291.37726,553.48627,314.2401,566.83246,6.455763890809457
533,8,797.10986,546.2299,794.3194,564.5592,791.3454,584.0952,0.0
533,9,691.79535,310.45325,704.5927,325.176,703.2526,343.36063,45.212648564591035
534,1,208.29651,552.0879,225.57803,527.7556,241.62251,503.94568,1.4091715279994979
534,2,714.8569,745.24066,714.5867,740.0616,717.09827,735.6015,32.371607576187735
534,3,551.83466,261.89746,577.8459,275.0867,586.0191,269.60107,60.75608678137452
534,4,638.0293,800.8314,651.66626,795.9244,669.3303,790.40857,2.4488854387355383
534,5,638.26105,810.61456,630.9318,800.94354,624.15497,798.1896,30.727416370936613
534,6,269.0234,541.7689,290.18143,552.54767,313.81848,567.2652,4.912149130510023
534,7,419.331,771.6763,422.86664,769.9367,433.3946,771.68604,35.63162120567501
534,8,797.24115,545.36053,794.46594,563.8448,791.0983,583.929,0.9797871696204101
534,9,690.1399,310.00214,704.7957,324.8127,703.3973,343.57034,48.96277569081642
534,10,413.39905,778.7208,425.90732,767.916,441.22363,760.6571,15.463053986595238
535,1,211.7289,552.3984,225.67538,528.28845,241.03636,505.38574,3.802511704879763
535,2,697.45013,763.91986,712.9244,742.38684,729.19354,724.01184,5.819451288387729
535,4,634.745,795.04834,653.8195,788.52765,673.48755,781.9893,0.48416387877911865
535,5,645.3635,805.9212,626.03986,800.5779,614.621,803.79987,31.2141113591552
535,6,267.84198,540.29193,289.3422,551.3752,313.4949,565.9451,3.8291961435749102
535,7,424.90625,764.10565,419.2045,769.2707,423.50037,778.1563,73.6295989853142
535,8,795.87195,545.51953,794.279,563.03754,790.86163,583.1927,4.427353210104692
535,9,689.71674,309.91153,704.1599,324.66104,703.42804,343.62677,46.60868819418972
535,10,418.38824,777.5594,425.11664,767.809,439.463,761.6286,32.08537938840734
536,1,213.12134,553.25354,225.5775,529.71484,240.05876,506.45685,4.021169305981629
536,2,693.1953,765.6918,712.5305,741.8847,731.1895,722.29266,4.520517347394915
536,3,553.2739,260.7296,587.43243,273.268,594.9705,269.2209,48.387295906557995
536,4,636.2135,795.5122,653.7925,788.78546,672.59875,781.4815,0.2859902821318441
536,5,644.62274,804.17145,625.0028,800.69714,612.43524,806.9304,36.42240437347466
536,6,271.85046,542.2675,288.90027,550.83356,309.71466,563.4916,4.629820016971523
536,7,429.09058,762.36755,419.6051,768.1359,422.35614,775.99493,77.98763529362063
536,8,795.4119,544.225,794.5362,562.53735,790.60645,582.566,8.362902618437326
536,9,688.47784,309.00787,703.837,323.6439,703.4386,343.17035,47.5497784642377
536,10,428.3677,770.64166,423.5493,768.9236,432.39014,771.049,173.8935287524668
537,1,213.66205,554.15985,225.32332,530.515,239.25885,506.849,4.239607792449318
537,2,732.9761,723.8236,711.3835,741.3127,689.4494,761.57654,3.727253287849107
537,4,634.95154,797.0573,653.13416,790.3777,673.0765,784.6017,4.018636105676826
537,5,612.828,807.52875,625.28723,800.9744,643.72974,804.13525,37.47245994108073
537,6,286.8952,549.0981,288.72165,550.4916,295.92844,557.6163,7.329861573735637
537,7,441.27377,763.4396,423.34973,769.55,412.3325,781.11896,27.57477856327519
537,8,794.8221,550.3351,794.2674,562.48535,791.71606,571.93164,12.500425876753038
537,9,686.4812,308.5765,703.2194,322.40466,704.08215,342.1731,47.93952581812258
537,10,440.6805,766.85266,424.21616,774.42615,416.38504,787.66437,34.691319487818944
538,1,213.57863,556.46954,224.70018,532.11304,238.42108,507.04935,4.155909036445399
538,2,706.844,753.7943,709.3031,741.78516,715.9134,737.67535,46.55718696762547
538,4,636.5269,796.969,653.2232,790.1844,672.5496,783.98553,4.331195376584846
538,5,644.0116,803.15924,623.72516,800.6299,607.77496,808.449,33.22206979481498
538,6,281.79965,545.541,288.62494,550.0351,300.72287,559.19965,3.78237501680299
538,7,439.9542,764.40234,423.9107,769.66003,420.38998,780.1407,53.286731536906586
538,8,791.54443,581.5317,793.8678,564.3142,797.30035,547.2277,3.6740242436896806
538,9,685.9482,307.98648,703.50433,320.81427,705.57,340.36334,47.81361373568421
538,10,435.50104,774.6663,421.12137,779.8739,418.04114,781.4526,7.228218749815905
539,1,214.62915,557.9062,224.15456,533.4067,234.80984,508.1169,1.6010778992422785
539,2,696.0421,762.4769,709.71606,743.14484,728.2664,726.0537,12.07198768485885
539,4,639.6777,795.804,653.4888,791.0803,665.4279,786.11456,3.701739493183134
539,5,644.54065,801.9189,626.87744,800.2614,613.3679,809.0353,38.36281479440543
539,6,269.37494,538.3748,288.19272,549.6851,310.16476,563.4749,1.104821451624885
539,7,441.47888,764.155,424.46173,770.0817,421.3595,781.028,54.974905765081736
539,8,791.156,580.7128,793.89624,563.08026,796.25854,546.8555,0.5496522344246392
539,9,685.7739,308.01822,702.64496,319.5841,706.9976,338.95908,42.90602213343274
539,10,419.73898,782.0422,420.23514,785.4616,426.14066,791.37946,36.68433479405531
540,1,212.09561,559.811,222.89235,535.02155,232.21411,509.1753,3.7024799612845145
540,2,684.91766,770.58856,708.07227,744.989,731.35095,722.642,4.0407478506346015
540,4,646.627,802.45856,653.4153,793.74335,671.5525,787.3934,32.789466959672744
540,5,646.9604,801.1595,625.9963,800.57587,608.7249,809.9881,30.183342215386848
540,6,267.90018,537.0366,287.457,549.2244,309.92468,562.9589,0.49416424971684314
540,7,439.468,765.4238,425.448,769.6781,422.66327,778.83136,56.19840419420902
540,8,791.6041,579.5396,794.9886,562.27386,797.28284,546.4837,2.8234135496308435
540,9,688.7026,310.13675,702.30286,321.8178,709.76044,339.99457,27.033845543168663
540,10,424.34097,786.0169,419.9109,783.58685,429.34644,790.3609,173.07063029549815
541,1,213.43356,559.5263,223.8019,535.4501,233.9127,508.78497,2.533427630571522
541,2,683.7985,770.89417,707.19995,745.3478,730.82263,722.81555,3.862597014123858
541,3,561.4993,263.7821,555.4048,269.1593,572.63916,262.19824,160.57221535643376
541,4,645.847,802.74084,653.65125,793.82043,672.17017,787.517,30.020704435782193
541,5,644.2637,801.99725,626.5639,800.4393,611.7985,810.0412,38.06632459043456
541,6,279.3175,545.0934,285.90076,548.53064,295.58762,553.7681,0.8289793762780964
541,7,438.4396,763.9783,425.49207,769.08936,424.89383,776.2053,63.65267950155206
541,8,792.1373,576.0034,796.10034,559.9896,797.9612,547.45,5.459051271291431
541,9,684.74255,308.19455,700.7404,320.75372,703.8951,339.36395,42.24531884703794
541,10,425.52264,789.4822,421.22403,784.79596,428.42166,789.88513,167.79249446774378
542,1,212.76933,561.94586,224.2793,536.5017,233.1706,508.7176,6.594811823603818
542,2,682.4047,770.80615,706.66284,745.89404,730.03204,723.6271,2.1457571598546332
542,4,646.5713,802.55365,654.0679,793.80206,672.47565,787.37335,30.16556129846579
542,5,643.47394,802.20233,622.6993,800.1856,603.8529,809.84607,32.683896757499404
542,6,267.03534,534.76776,284.98218,547.756,306.98352,561.68286,3.5595249437402674
542,7,441.63553,764.4506,425.87726,769.73456,421.35327,781.026,49.62927530541075
542,8,792.28595,572.8754,795.50586,558.6426,797.85297,546.48224,1.8229527868649644
542,9,684.00037,308.6429,700.6186,320.87604,703.1512,338.98514,45.680924768212826
542,10,421.71722,780.9587,422.69824,786.553,432.05612,796.93713,32.077914274927636
543,1,211.7557,563.09814,224.23804,537.28766,232.53375,509.24283,9.330792689165806
543,2,680.56366,772.16003,705.93317,747.71716,729.29614,724.5428,0.8332173735306675
543,4,671.9424,787.5747,654.1921,793.5234,647.8717,802.3711,35.93227960644575
543,5,635.30994,800.62366,617.1188,800.9732,600.1236,810.6456,28.54456799973649
543,6,266.19528,533.5744,283.09003,547.21454,304.96622,560.8008,7.073571863160811
543,7,442.29834,765.17426,427.20844,770.11847,422.00928,781.126,46.575899664345776
543,8,793.1384,573.2135,794.1253,558.6487,796.03815,546.8123,5.303708368623987
543,9,682.9561,308.7251,700.2073,320.5408,702.90643,339.0816,47.308997025322924
543,10,421.33112,779.2287,426.59152,789.6831,432.41782,802.6422,2.502097991905688
544,1,212.01863,563.5746,223.38943,536.6466,232.10155,509.26605,5.242394236874566
544,2,680.3502,771.76697,706.1416,747.5625,729.63654,724.6937,1.0443646874485717
544,4,672.24316,788.7582,655.09564,795.44635,648.10504,801.78986,20.914032119985258
544,5,635.11707,800.48914,616.7812,801.25964,600.82404,811.38306,29.985286281235837
544,6,265.73077,534.5204,282.70026,546.3351,302.20697,559.3272,1.1820054845849188
544,7,441.76953,765.5308,426.8227,770.3379,425.99606,783.2035,68.49537049411136
544,8,793.9192,572.387,793.1878,557.75073,795.41705,545.97406,13.579617939928088
544,9,681.4854,308.53198,699.82983,319.95834,703.0021,338.66263,48.456323619544044
544,10,422.10083,779.0205,426.29062,789.3926,432.57263,802.5545,3.518251230064359
545,1,210.54108,563.2114,223.13931,538.26996,232.00166,511.04443,8.767976016342269
545,2,680.35944,771.4855,706.2335,747.60254,729.67993,724.4458,1.9354278619843317
545,4,671.5093,787.9655,653.968,795.698,646.0243,802.7098,17.645535433145003
545,5,633.9027,800.21844,616.4336,801.21515,600.5453,811.35077,29.269528792100072
545,6,282.41003,548.069,281.84387,546.3452,283.77548,546.75464,120.14989597733964
545,7,431.77136,775.297,426.80212,771.3025,437.97678,769.37305,131.4097982965004
545,8,795.9166,572.9415,794.07697,558.966,793.99744,545.49634,7.1607007283900925
545,9,679.54425,307.51047,698.8508,319.5331,703.3567,338.42914,44.676517062372994
545,10,424.8547,782.9738,424.7645,788.3697,431.07596,800.95044,27.59962309367895
546,1,209.30022,563.1013,222.97987,539.9253,232.07825,513.47626,11.568223448679824
546,2,681.3514,770.29456,707.05994,747.2569,729.86273,724.4591,3.129940496288485
546,3,543.2444,263.41104,537.9975,266.08264,549.91986,263.43564,165.53356313742458
546,4,642.1112,803.64594,651.50226,794.6531,670.98004,786.9122,22.085199049050875
546,5,630.048,799.91504,615.1315,801.7594,601.1072,811.97046,29.009696579843197
546,6,270.17245,538.2182,281.6203,544.9491,295.84857,554.72296,4.0325004838950225
546,7,431.79056,775.2719,427.0632,772.84357,437.25122,773.6442,157.30490496612882
546,8,794.97595,572.6918,794.1666,558.8487,793.71844,546.9865,1.1823365439458466
546,9,679.29034,306.2238,698.1815,318.73883,703.4899,337.85724,40.95845158950511
546,10,423.75797,779.6727,425.15054,789.3274,431.03943,802.27856,16.243588842608712
547,1,212.09885,564.33606,222.3886,540.929,232.1246,515.9325,2.449684570373488
547,2,683.17615,768.54315,706.98065,745.4559,730.0586,724.2606,1.5585902151006525
547,3,547.3739,264.40958,536.7291,266.9876,545.9501,263.19205,171.2409676404673
547,4,642.1293,801.2259,648.58527,796.1226,665.75775,792.64606,26.880509765606547
547,5,627.1395,800.0675,614.10144,802.5278,601.9775,812.2393,28.009495037550785
547,6,281.24377,545.2409,280.76627,544.2019,283.70743,546.7775,155.89192071005556
547,7,426.76398,785.5325,427.1422,774.12683,438.3704,765.1778,49.54525633865753
547,8,793.93976,572.1092,794.8779,557.3451,796.73645,547.90094,7.497136882818805
547,9,679.3307,306.38208,698.1745,318.45587,703.7022,337.81134,41.412337846723744
547,10,424.4718,782.7295,424.75284,790.1076,429.34018,800.5272,21.58062072969998
548,1,213.22667,566.685,221.79872,542.534,231.74623,518.3811,2.8431042416371115
548,2,683.95886,768.246,707.42474,744.7738,730.14514,723.8694,2.391465057095887
548,4,643.5458,795.2706,645.21063,790.547,651.11957,790.0157,65.44685027329881
548,5,605.83704,811.5776,613.8092,803.1656,622.22406,801.4135,34.776055093356064
548,6,262.43472,529.1235,281.57462,543.1871,303.63904,558.65265,1.280083192060246
548,7,430.16537,796.6197,427.70486,776.17914,437.5306,763.84863,45.414000816740455
548,8,795.4438,571.6527,794.5554,557.3105,795.9834,552.8443,21.275118984456316
548,9,679.26624,306.1216,697.3731,317.6048,704.6781,337.13348,37.10851896363657
548,10,433.67447,807.19385,424.85532,792.7883,420.8471,777.76166,16.53991949121923
549,1,212.34154,572.47266,221.26799,546.44934,230.6427,520.71075,1.080465101600297
549,2,686.87885,766.36395,708.53394,743.8402,730.5202,724.6413,4.998182636292119
549,3,543.19904,265.4497,537.3943,267.35126,547.46216,262.1028,170.60472143493448
549,4,631.7894,791.68726,645.2907,791.35785,647.3739,792.891,37.74916196005369
549,5,601.44476,812.4603,614.9391,801.7981,630.88544,799.1136,28.757292102651153
549,6,261.61865,528.1765,280.77045,543.2811,303.22794,558.4369,4.248006999047571
549,7,435.35776,805.46716,427.18735,782.12,434.75677,764.9163,43.03661730890406
549,8,794.0547,570.4176,797.345,555.6809,799.6804,551.3007,15.479786508581617
549,9,679.69714,305.98392,696.4059,316.6982,706.2914,335.00235,28.958318506991958
549,10,428.55685,789.1839,423.6605,792.13135,426.88324,795.3033,104.40870481414017
550,1,212.56429,573.6752,222.33708,548.0214,229.45349,520.9446,6.128742984658859
550,2,684.37213,768.19385,708.189,745.2625,730.1844,724.1736,0.12033130429241841
550,4,626.5735,790.9837,645.4025,791.05725,663.3364,794.34424,10.162272998234284
550,5,601.7945,812.553,615.24677,801.09033,628.6171,799.7094,34.53750362163679
550,6,262.4285,528.22894,280.10422,543.056,302.17395,557.7299,6.371845056151365
550,7,434.7884,809.4215,425.40857,790.7726,430.02063,774.98,42.98083305019017
550,8,793.5039,571.25415,798.67975,556.85864,800.0057,545.7122,12.99208869225959
550,9,676.74695,302.97562,692.76263,314.19495,706.51526,331.8635,17.091912920350776
550,10,431.95248,801.5272,424.10425,790.4448,422.53003,780.75397,26.078291985332942
551,1,212.05672,574.97156,224.30217,547.86066,229.06287,521.408,14.105428204552963
551,2,684.02966,768.95215,707.611,745.7287,729.3642,724.4601,0.20747905542313175
551,3,541.6067,265.92035,540.91235,268.11758,549.853,261.51593,143.97834635641487
551,4,636.0211,793.2776,642.8472,791.71313,649.27496,795.5366,43.65445502590715
551,5,606.7424,809.3529,616.56384,800.2801,620.0422,792.8289,22.245101654222783
551,6,258.815,525.35486,278.4255,541.38885,300.78494,557.0975,4.18029486534884
551,7,431.33502,792.5884,426.71207,792.7745,427.55396,796.90405,99.21767995538549
551,8,794.95105,571.2202,796.95795,557.611,797.4445,549.9707,4.744788141091297
551,9,676.33496,302.48914,691.9233,313.4362,706.20667,329.914,14.00158073108294
551,10,430.0523,793.6421,425.14777,791.69275,424.10577,789.47504,43.15785334827367
552,1,210.76698,577.9179,224.70248,550.687,229.71295,522.3804,17.063468154867717
552,2,680.8879,770.77856,705.1899,746.6659,727.97504,726.0699,2.664841467320272
552,3,549.61505,260.7729,576.3529,273.69968,575.7857,268.76456,122.35840173961027
552,4,637.30316,793.6947,643.05804,791.8287,641.2951,796.4759,128.7397745458699
552,5,620.1467,798.33716,615.1535,800.7148,603.1063,807.32043,3.274288478865698
552,6,258.547,525.39044,277.30826,540.34143,299.11102,556.2266,2.4751206390721627
552,7,426.1514,787.24304,426.9512,795.10925,431.17883,806.65906,14.298731145217287
552,8,797.05316,570.7362,796.45764,557.4889,795.12354,545.1817,3.61270438388036
552,9,675.4448,301.67935,691.0855,312.6506,705.93524,329.2258,13.094848620644417
552,10,427.52878,790.7568,424.7855,792.1577,425.86703,793.4401,103.09073749542145
553,1,211.68681,578.1338,224.70892,551.1937,230.19214,521.66425,15.278671696638447
553,2,680.4343,770.86926,704.8717,747.6625,726.5519,726.32855,1.0185638651117777
553,4,638.12854,793.21027,643.3532,791.5848,637.76056,796.9561,153.43822364658678
553,5,620.9445,797.78204,611.9147,800.7712,600.94025,810.2042,22.364623563721214
553,6,256.7473,524.24963,274.85068,539.6312,296.68918,555.94666,3.5898147400400524
553,7,430.8917,804.03644,427.32657,794.4834,433.89566,791.64355,87.08619249533177
553,8,798.37994,568.94476,796.2492,557.6358,794.77423,541.2963,5.511960014963791
553,9,674.4657,301.24585,690.1221,312.5707,704.9125,329.47516,12.936297455059607
553,10,428.36765,789.6746,425.5812,791.7693,428.9131,796.14343,90.36378712397973
554,1,213.97865,575.85706,223.68082,549.8373,229.77887,522.03723,8.077178764323808
554,2,685.0449,767.2219,705.88873,746.5839,725.6819,727.69464,1.054062839900563
554,3,554.73315,258.9034,589.53577,278.4178,589.66327,275.4039,116.85758399016417
554,4,643.7504,795.1238,641.9614,793.5921,630.0699,799.41016,66.63957008360543
554,5,619.58734,796.91364,610.4458,801.87604,599.3536,810.73517,10.118726621790383
554,6,256.68912,525.32587,274.41467,539.45715,294.9103,554.95233,1.4724634251330382
554,7,424.36832,784.5854,427.14886,796.1587,432.6341,810.04517,8.044690278690988
554,8,796.4307,568.019,796.6366,558.7048,799.38635,545.1406,10.193620470091092
554,9,674.14294,301.33878,689.68256,312.76978,703.5636,329.6756,14.27287839578404
554,10,424.8294,785.2099,425.65015,794.8892,429.469,803.087,20.13135014523978
555,1,214.9265,577.2056,223.70906,549.8115,227.44067,522.7728,9.918137665852681
555,2,681.499,770.0967,703.5187,747.483,724.01013,729.37427,4.294867251093061
555,3,552.17334,260.23807,568.0193,272.96555,581.38965,269.05728,55.06552294267832
555,4,648.5598,792.9732,640.9683,793.5754,626.7745,799.7906,19.112342933419164
555,5,620.58466,795.9888,610.53046,802.73535,599.311,810.81415,1.8939289793274325
555,6,256.03485,525.2369,273.22415,538.02094,292.87482,554.4209,3.208514803444661
555,7,436.48096,813.4684,427.25583,797.11444,429.48248,783.939,39.01938890591431
555,8,805.2414,564.7264,801.3005,555.42865,801.6084,539.74524,24.09483216996278
555,9,673.85657,301.80853,689.8156,312.69553,702.9397,329.34503,17.451671642616308
555,10,432.7905,791.03613,425.29868,794.4227,426.28394,800.6325,74.6907204808894
556,1,214.39462,575.2146,222.96078,548.92816,226.85565,523.9705,9.179650048254157
556,2,682.1168,771.7462,703.02997,750.64124,723.0576,732.0821,2.4411202941196164
556,3,547.7612,262.20642,549.8901,273.81042,561.9167,267.38696,107.71109945757085
556,4,647.8895,792.72986,641.29144,794.4853,627.52216,799.2866,4.32513164973848
556,5,618.88574,796.5936,610.5667,802.7504,599.33795,810.4134,2.1934773017936173
556,6,255.28503,525.00476,272.19678,537.3425,291.81918,553.5197,3.390786358875554
556,7,437.91565,809.82684,430.6587,798.5797,427.7573,788.84174,16.239950192029024
556,8,806.7487,565.5531,800.63995,555.89197,798.9802,540.8739,25.99881469602955
556,9,672.64746,301.19806,689.0463,312.073,703.0474,328.17514,15.44203329812028
556,10,436.13382,802.96094,428.23444,794.2175,428.53577,787.5749,44.69411186882914
557,1,217.58339,561.6839,221.33437,546.2621,221.57607,533.4575,12.588978838414256
557,2,681.5246,773.1842,702.3375,751.9212,723.31006,732.37854,2.63410784688697
557,3,544.0606,267.03207,536.9597,271.56036,546.788,263.05655,171.65839785163973
557,4,647.06067,793.85803,641.1998,796.6815,626.67255,802.90027,2.5482953393509344
557,5,619.82764,795.6534,610.47614,802.3946,603.49414,809.30493,8.917775613849638
557,6,253.98523,524.12305,271.81683,536.5514,292.78772,553.53326,4.124120485126203
557,7,437.28793,810.6004,428.71954,799.9868,424.75565,792.9954,9.362229962960182
557,8,806.386,567.10474,801.9184,556.1674,802.2516,539.1508,23.34036773314317
557,9,671.4629,300.0418,687.8962,311.3384,703.29553,326.83252,10.670255752872418
557,10,435.14148,810.84064,428.96973,797.13116,431.4494,786.9482,37.92222748837359
558,1,214.8177,575.4934,220.53865,551.88904,224.42735,530.33044,3.399033194204043
558,2,676.69196,779.50836,699.7035,755.37274,722.57666,735.06573,4.766825207097629
558,4,646.51587,795.7006,640.8925,799.35706,628.3021,809.14545,4.830469652197351
558,5,617.97925,793.8225,610.6962,802.4529,599.5561,810.09674,15.383412495272413
558,6,253.28554,524.21246,271.35876,536.8012,292.4966,553.5059,3.4596079981290124
558,7,437.59344,813.7436,430.2496,800.71967,433.41107,788.4064,43.81727767493914
558,8,807.02167,566.02423,802.651,557.4635,803.22345,540.1675,28.94214786160291
558,9,670.16516,299.31946,686.9961,310.69827,702.6051,326.2195,10.777183157031356
558,10,434.63303,805.1421,429.90768,799.9671,429.30136,797.71954,27.30228026952624
559,1,221.55405,555.9842,220.68997,552.5376,222.98569,550.12305,57.628987615292274
559,2,677.2196,780.1274,698.6139,755.3778,722.66846,735.9329,10.207986739921996
559,3,541.50507,267.22513,537.9801,272.39084,548.52185,261.9961,168.90644130469454
559,4,648.3489,791.64026,638.8844,803.3437,623.6084,811.4238,23.161471646217805
559,5,618.7176,795.3072,612.09607,803.31726,602.92004,809.12756,18.078989789555937
559,6,251.88245,522.6253,270.1948,535.7185,292.01468,553.28046,3.264587781135218
559,7,438.3028,811.14453,429.67584,801.7412,430.44522,791.8213,46.96933112060765
559,8,798.34265,569.67975,796.0769,558.7282,794.7932,539.58405,7.85275490669122
559,9,667.9841,297.83743,685.3839,309.46445,701.82043,325.05188,9.729366410041617
559,10,439.26788,821.2463,431.88284,804.59735,435.4039,787.40295,35.49384157849116
560,1,221.37035,535.58777,222.71349,548.70416,222.88902,554.16046,4.004185875073321
560,2,676.70624,782.00854,698.39594,755.96533,722.40894,735.1167,9.246052407711135
560,3,553.28876,263.87567,552.17737,272.8863,557.021,263.28958,160.25059322959072
560,4,646.49866,794.57965,636.8529,806.40845,622.2272,816.2694,16.815967266184963
560,5,618.62164,797.54144,609.74274,804.30945,598.53864,809.8451,11.02396266564635
560,6,249.90854,520.675,269.03223,534.93933,290.67212,552.3448,2.091250813347367
560,7,437.5739,807.9911,428.4713,801.1183,430.115,794.8937,67.73777924486227
560,8,798.6594,569.99713,796.5149,559.09106,795.3344,540.41986,7.506788907772563
560,9,666.0797,296.6163,683.774,308.38492,700.4134,324.27362,10.049720874723366
560,10,434.6493,821.6611,429.67776,814.25336,435.10968,810.4616,88.94971528600553
561,1,217.99995,546.7988,222.74529,544.70575,224.0952,538.88153,53.14922278385324
561,2,676.4475,783.81024,698.1025,756.87695,722.36383,735.44586,9.744410082445848
561,3,575.25037,261.4074,572.63776,274.36652,570.12164,265.31894,153.06057362482457
561,4,644.5777,795.1045,634.53534,806.28656,621.1531,817.0144,9.356434038156713
561,5,618.0015,797.7996,610.2103,804.9178,598.90155,809.81116,19.01691647806015
561,6,247.28867,520.05493,267.5254,533.63983,289.38354,551.26434,5.006211799176923
561,7,438.66666,810.0586,428.60257,802.3082,430.63797,793.4378,65.32341892155364
561,9,665.38293,296.6301,682.9536,307.9216,699.8761,322.83572,8.664219589130195
561,10,435.26422,822.90295,430.34332,817.65094,434.47665,813.86975,90.68334220871424
562,1,215.3901,551.6573,221.29597,546.0733,226.30766,535.21063,21.837619991496958
562,2,696.9735,773.67694,691.31146,776.3661,688.0802,779.6362,19.937580497668485
562,3,559.21643,259.08478,570.3837,276.05368,576.00446,274.72162,69.98354797629763
562,4,642.059,793.9448,633.8255,805.55853,620.2249,815.69037,17.98084458692654
562,5,618.3003,797.4597,609.33154,804.3201,599.6482,810.0193,6.934208487002732
562,6,245.61333,519.5314,266.1847,532.49457,287.94293,550.1469,6.834891668132668
562,7,440.4558,814.5217,431.9574,802.70966,429.13318,792.0975,20.831120719519742
562,9,666.3659,297.50134,683.8026,307.81528,699.59454,322.63162,12.569801562763903
562,10,435.74664,818.5641,435.41986,814.6306,436.94778,815.29486,118.24546496515973
563,1,217.9114,555.5477,221.57133,547.7723,224.05519,540.57965,6.154980892349492
563,2,669.7037,792.2058,676.76556,786.1154,673.13684,780.36194,81.46415565723346
563,3,568.1326,263.53815,572.1781,276.9955,567.67737,269.22168,166.66241769107398
563,4,641.4369,794.3267,631.14136,807.61395,617.598,818.7386,12.829860164187453
563,5,618.4334,796.715,609.0519,804.8028,598.98627,810.7199,10.31511230166433
563,6,245.34111,519.0951,265.5129,532.2706,286.39713,548.8048,5.217629859390517
563,7,439.22522,811.24176,429.71625,803.00195,425.49402,794.991,21.29824157912716
563,8,801.8449,510.71188,798.4094,534.09717,793.8876,550.85284,6.745233390043003
563,9,666.1254,297.8835,683.9998,307.89252,699.4793,322.71597,14.512571546100556
563,10,439.30084,822.04675,432.22803,808.6739,427.22696,793.6675,9.442752929530313
564,1,213.88228,560.0314,221.16902,550.4939,225.14346,533.7049,24.06185188782252
564,2,650.2421,797.31006,662.994,787.391,671.6492,778.63116,7.466792516272106
564,3,564.45776,260.73376,571.64233,275.9379,573.8971,272.44342,121.87581077269975
564,4,646.1264,793.18915,630.47986,810.20685,613.1037,821.30756,14.831355962782785
564,5,617.7776,796.7991,609.4429,803.6693,597.7483,810.7081,8.455285764273754
564,6,245.2562,518.2312,264.72858,531.4417,285.0794,548.0317,5.032948280566789
564,7,439.2269,812.122,429.06107,799.7071,423.7413,787.78766,15.260309815573612
564,8,803.5536,511.62317,799.2455,531.76575,791.8656,544.6143,17.799368594542194
564,9,665.33936,296.97278,683.13745,307.76297,698.5626,323.11035,13.628591321243825
564,10,440.40192,817.11066,430.85913,802.2567,424.41245,788.94434,6.879199141849696
565,1,218.16072,555.26556,221.45053,555.59436,223.20445,550.7836,75.67629625706579
565,2,646.58185,795.9033,660.0154,790.4522,667.86224,782.0452,24.88715974548471
565,3,564.44305,260.35767,572.6519,274.54828,574.8406,268.65002,129.59352055682214
565,4,640.84064,795.623,629.85394,807.3858,616.78876,818.9493,5.4431974760250466
565,5,620.07635,792.77997,611.0471,803.82025,600.34814,811.9417,13.520482840542185
565,6,244.62955,517.51544,263.68265,530.13043,284.30548,546.3337,4.648061698687306
565,7,439.26495,816.6373,431.37354,803.1311,425.3211,789.33887,6.603667227970089
565,8,804.73486,509.90482,798.9655,530.74854,791.92645,545.13684,10.597245808441388
565,9,663.94446,295.54382,681.6156,307.08524,697.7546,322.61526,10.749002690734656
565,10,436.17157,809.31274,432.99377,791.4464,432.97455,774.70044,10.01967493978097
566,1,214.9805,597.7556,225.11263,568.81287,223.82721,537.8452,21.670756140150598
566,2,649.68805,792.9664,661.7875,788.0799,670.8325,780.8892,16.4923483588666
566,3,561.6866,260.12204,566.5297,275.41733,577.25275,269.4963,101.33652429228425
566,4,639.62256,795.2518,629.2279,806.6731,616.6031,818.1946,5.3106496666737435
566,5,619.6864,791.9795,611.474,802.4584,602.119,810.74524,10.378582047542508
566,6,247.88245,519.685,262.49036,528.43915,277.98883,543.22076,12.710648204887914
566,7,442.01306,822.5968,431.25012,807.28925,430.56662,788.82684,32.991347568259485
566,8,804.86786,509.32748,799.3491,531.8136,792.28326,550.5368,6.886295048842276
566,9,663.9269,295.2528,681.3855,307.08234,697.56915,322.03635,8.61791793027222
566,10,441.5679,819.93665,432.04602,798.2944,434.68585,777.2253,30.889506319801292
567,1,215.80247,594.2603,224.41333,566.23285,222.10378,538.6598,21.866466683298725
567,2,647.6104,794.0349,661.76025,790.8825,671.8448,782.58936,26.87296301392322
567,3,564.6686,261.2653,568.91064,276.8803,575.1797,270.11752,121.97126392814516
567,4,639.4628,794.9339,628.88257,806.84656,616.09796,818.3212,6.480834430301377
567,5,622.3122,792.86597,615.0336,803.7644,604.8448,813.0281,13.985833877888139
567,6,264.46048,529.4212,262.1549,527.881,258.91953,533.0816,91.85829881306042
567,8,804.5355,509.49362,799.40485,530.16315,792.9814,548.6304,5.2388048411078625
567,9,662.41644,294.769,680.1391,306.21457,697.5255,320.5561,6.66320832571613
567,10,439.3095,812.76556,432.0387,798.8094,438.63168,791.7266,70.46728111688941
568,1,215.24704,596.22473,223.36557,567.92847,221.48122,540.3855,19.92257253191075
568,2,654.6415,786.9777,661.8351,792.4359,667.34766,788.2495,74.40367834677305
568,3,572.65515,260.6245,573.22174,275.42633,569.29926,267.19788,156.70508308292239
568,4,637.1937,794.9465,627.69385,807.6301,614.63916,818.6898,12.896635772916666
568,5,626.21515,791.68396,622.4383,803.0567,612.50085,810.7946,33.7222440837192
568,6,247.83876,519.49524,261.63605,528.35236,276.43314,542.97876,11.969336954944472
568,8,806.57166,504.03705,803.1132,527.15027,802.6028,543.14526,6.682223888358201
568,9,660.1998,294.07828,678.73566,305.13535,697.1262,318.88373,5.963909342269546
568,10,441.7974,817.92255,432.61093,798.6444,437.34238,780.0129,39.727790513973694
569,1,215.02423,597.9863,223.15686,569.7338,220.83989,541.6681,20.778103333856357
569,2,671.04944,782.4302,664.2158,791.1101,650.3275,792.6497,45.461228253567825
569,4,614.2369,818.2942,625.2476,807.65735,630.64764,791.89197,27.08195364576203
569,5,627.26025,782.876,630.3376,800.48016,616.30206,811.09265,62.82198264870606
569,6,243.55563,516.54596,260.78925,528.15216,280.50214,544.419,5.5702107404438
569,7,444.68002,820.0663,433.33813,799.5182,436.31152,776.29004,36.19193549373642
569,8,807.2533,503.4063,802.5257,526.08606,801.9639,543.5652,9.933907885447399
569,9,659.79956,292.29315,677.0732,304.34396,696.1551,318.6795,2.0150884700701317
570,1,215.05804,600.1955,223.08214,572.24005,220.28938,543.31775,21.53055673345105
570,2,651.44916,801.76855,661.7102,790.94385,658.8386,784.11743,66.28316207317893
570,3,565.72534,259.0498,572.9753,275.67398,580.27545,270.35867,102.49622688353986
570,4,618.78595,815.1414,622.6503,810.88416,620.9855,804.1919,56.200561798296825
570,5,626.25665,805.6505,634.71545,806.8179,631.1504,806.779,172.76735840081264
570,6,243.66037,515.1352,260.9568,527.9173,281.35086,544.3635,2.4190511977977867
570,8,805.00525,518.334,802.0738,526.2989,804.2011,526.55585,103.31861050137321
570,9,659.5255,291.58813,676.1365,303.29767,694.3064,318.04193,3.876968027359538
570,10,444.66687,819.1262,433.66275,798.4331,436.3638,776.14606,34.913202117779406
571,1,214.648,600.7587,222.97978,572.5381,219.6115,544.1477,23.214621342050002
571,2,653.87616,798.96674,661.9238,789.62463,656.38763,786.48517,101.18624301107212
571,3,577.7568,270.4623,573.6485,277.50085,557.6642,259.939,107.42104504815272
571,4,609.6268,821.1951,621.9234,809.6763,630.8031,794.29486,16.872655286736695
571,5,619.8215,815.41565,631.7139,808.68317,638.8948,793.4996,35.17411014608948
571,6,244.2869,513.0099,261.93747,527.07904,282.95322,543.8011,0.05233915627441309
571,8,806.25415,509.1065,802.7549,525.67096,803.09973,535.4831,13.941295592684604
571,9,659.57996,291.3445,675.6159,302.5169,693.0734,317.47586,5.72724455740421
571,10,443.47684,819.0106,433.2597,798.20795,436.0286,776.36896,33.383524771725014
572,1,215.00876,601.9153,223.40764,572.55005,219.84955,543.0361,22.835482516961918
572,2,668.34503,784.2697,667.09674,783.2631,658.017,789.3018,72.508784094002
572,3,577.58777,271.193,569.322,277.07755,556.1558,259.37823,88.80293432158814
572,4,607.1284,821.21173,622.0831,812.60406,631.74963,797.0119,28.278812581168978
572,5,615.6419,818.16595,628.89435,808.85895,639.00037,791.0448,25.353776960185307
572,6,247.1856,512.2985,260.78827,526.8396,281.2226,543.0015,8.568503362291754
572,8,806.56995,507.54684,802.4871,525.4711,801.78503,539.1416,9.89197094476827
572,9,658.70325,290.97424,675.14465,301.57288,692.39105,316.35095,7.7855306962848765
572,10,441.0075,817.6807,432.34464,796.91907,435.6864,776.3835,31.891257471344627
573,1,214.61508,601.1063,224.83478,572.6358,219.87265,542.22595,29.01351314026119
573,2,660.0807,791.62573,666.43585,783.4206,670.36786,779.5114,7.407746277869712
573,3,578.35706,267.7516,567.04553,274.7727,558.1408,259.73993,91.18753037737517
573,4,632.0394,798.72614,622.1906,811.7582,606.64984,822.43726,18.424757952527063
573,5,619.16156,811.88995,624.13837,805.9069,624.40515,794.7622,38.38307064433962
573,6,246.73367,511.1801,260.47656,526.8762,281.47058,543.30475,10.751510983615905
573,7,432.12918,812.7257,433.41284,793.40106,434.79593,776.0658,0.7607902877645091
573,8,807.0775,502.99484,802.897,524.1277,801.35223,542.6002,6.409705689997409
573,9,657.4055,290.02112,674.3238,300.91226,692.212,316.16055,7.673630537487935
573,10,437.22064,817.245,430.92044,798.9918,433.53888,780.6357,27.160724384011473
574,1,223.65071,595.61707,225.99794,569.1022,232.25838,543.9147,8.899250935441888
574,2,660.4269,794.4976,672.5388,780.41437,680.3529,774.7468,13.350366907612136
574,4,628.57007,800.8107,619.11456,813.5202,605.83856,821.0541,23.77768221068863
574,5,615.50995,809.9654,622.9234,805.37823,625.0426,793.5568,48.08902410018
574,6,246.5106,506.90665,259.88712,525.6406,281.43912,542.4995,16.438212278826732
574,7,430.15555,815.0069,431.8385,795.6995,433.38757,776.90955,0.26834097331534673
574,9,656.45105,289.23618,673.207,300.94162,691.8602,316.09802,4.157463831226402
574,10,428.0926,812.58417,430.31537,800.915,429.8395,790.5742,13.419423708661181
575,1,231.96786,593.13965,225.71019,568.3308,221.11003,542.75964,3.9585410983412226
575,2,668.84186,789.86084,680.041,777.0824,684.03613,766.1966,21.078407495233133
575,3,577.1437,270.23767,569.65857,278.30362,555.1639,260.12952,98.56505127699754
575,4,624.82544,804.8329,615.3821,814.1559,598.33905,825.69165,10.539952881266137
575,5,619.8675,792.78235,622.6164,803.3975,616.9365,807.56195,68.26984138091075
575,6,244.42944,503.39136,259.00232,524.2933,281.70346,542.2078,16.837002342572152
575,7,432.5561,818.24493,430.50336,800.0074,434.9501,780.2791,19.12410479547167
575,9,656.06555,288.43372,672.6031,300.95898,691.4141,316.19156,1.8597269064452817
575,10,426.3336,817.63696,429.66245,804.7525,428.8736,791.1927,17.81573938468921
576,1,233.0528,589.11115,222.4321,565.6318,221.10834,540.75183,21.293624618095656
576,2,671.82806,785.0803,681.7101,776.78424,684.26855,766.9226,35.442113223074855
576,3,577.4644,269.67227,568.6581,276.0894,555.6502,258.85553,89.035563442888
576,4,611.49536,813.92365,613.9496,814.94946,605.17084,820.3061,125.92525046000291
576,5,607.40393,816.7163,623.79553,805.25684,626.3781,786.12,47.3565332491273
576,6,243.04758,503.29312,258.18466,523.8153,280.9383,541.2701,16.09511517057947
576,7,425.82083,815.0193,429.29248,803.74115,428.30392,791.35443,21.672457739806593
576,9,656.4268,287.4206,672.26416,300.72714,691.228,315.8274,1.5079199338902345
576,10,424.012,824.6259,430.66367,809.33575,427.1674,797.97253,40.612743670517794
577,1,238.86913,588.9422,222.47295,567.5791,220.948,541.28925,34.186512131351584
577,2,673.6959,785.5063,670.67017,782.86804,671.1776,781.31415,66.9990782066106
577,3,575.10394,269.59912,574.8317,274.35965,560.0391,260.00122,130.87398005261528
577,4,603.00714,820.5831,612.8953,815.8294,610.898,814.42554,119.22161405395362
577,5,608.0398,815.2375,624.9613,804.3422,627.0554,786.38477,50.57217778330138
577,6,240.91975,503.31586,257.2671,523.2369,279.5663,539.8255,13.981495145583612
577,7,429.26376,818.2032,426.84192,804.8358,420.81467,790.97955,13.239045053903103
577,9,657.33527,286.70685,672.18396,300.16544,690.32104,315.31964,2.30867993164896
577,10,427.24353,821.3386,426.88992,807.76587,421.53067,793.81744,19.525365680701483
578,1,242.05797,592.34094,224.18135,569.31134,221.25789,541.11096,31.90166331759012
578,2,661.5351,794.2809,656.4974,788.77045,655.9892,787.23236,24.15060946455566
578,3,561.1771,261.55606,578.9363,276.3237,578.2455,264.2632,133.02342788437215
578,4,602.3448,818.7908,601.5829,814.0689,589.4544,817.8488,98.14390807231484
578,5,608.0162,815.30896,625.39966,804.7056,626.5262,786.1818,55.13807451592617
578,6,240.4425,501.0713,256.2748,522.403,278.13766,538.22833,17.518664393987617
578,7,428.30426,816.7178,427.10535,803.3032,422.05942,789.7772,15.35105343850878
578,8,801.9906,524.15106,803.1777,522.2135,804.0693,523.6905,117.3879657422403
578,9,656.32,286.01025,671.5277,299.47067,689.5902,314.44135,1.8595164282947267
578,10,425.91187,820.15765,426.64734,806.882,422.7478,793.6656,19.609764613264332
579,1,242.1528,593.04816,224.78586,570.0804,223.34575,540.58673,34.299118372702694
579,2,661.9011,785.3989,646.04785,794.3733,623.82074,799.5672,16.361173875810195
579,4,602.7458,807.931,599.9827,812.8272,585.2285,821.27936,30.75583721710613
579,5,607.7324,814.8067,625.14343,804.4541,626.8652,786.3019,53.845945953254095
579,6,240.61021,500.37167,254.80452,521.2787,276.14832,537.4241,18.720955904158814
579,7,429.56653,816.2075,429.69427,801.93756,433.48474,782.92017,10.759325094181401
579,8,800.3504,508.01456,800.35803,516.6776,796.4088,521.2232,41.03462330526694
579,9,655.5576,285.82184,670.97437,299.2191,688.9596,313.46896,2.6007547620524396
579,10,422.4063,816.1888,427.97595,804.8371,425.989,790.3699,33.954734065247216
580,1,243.84207,596.178,226.16597,571.5539,223.41318,541.2611,30.47984501062429
580,2,654.791,787.0061,637.72144,802.721,613.3496,812.69684,20.373671784165143
580,4,599.3492,811.2407,598.40784,814.1447,586.77136,821.59515,39.40954422827684
580,5,607.3293,814.8262,625.4989,805.02325,626.8004,786.29565,57.676643305302115
580,6,239.31902,499.5531,253.77336,519.5228,273.95547,536.31287,14.344539116171088
580,7,422.38925,812.9718,430.95416,798.1678,430.4326,779.97833,31.69415525062677
580,8,800.7093,510.32953,800.0239,516.006,796.92163,516.0426,82.4392271748057
580,9,653.9041,284.68558,669.9962,298.32648,688.4617,312.34125,3.0896514760975293
580,10,419.9913,819.4627,428.882,807.42975,435.57367,791.37384,13.834141668124428
581,1,245.04565,596.27673,226.58388,573.4127,221.49278,542.93365,29.436580765587394
581,2,642.7068,794.67426,636.3285,801.78796,617.6691,806.09314,35.12775359316662
581,3,544.30615,265.7933,556.20325,272.22406,562.3764,263.2459,83.88116001812406
581,4,603.0738,813.07404,597.86804,816.9767,582.9755,824.713,9.407341787643942
581,5,607.8996,815.35535,625.55084,804.63184,626.61285,786.1076,55.43919006635071
581,6,238.96494,498.0145,253.53714,517.36127,273.25882,536.3023,9.169240322534696
581,7,422.61612,811.191,430.62814,794.39996,433.6822,776.61066,15.767169394033496
581,8,801.60876,524.84015,801.93066,515.4578,804.2378,505.72458,11.370091940577302
581,9,652.88293,283.45178,668.67926,297.3427,686.83765,311.7442,2.9096621922398582
581,10,420.19052,817.1512,429.9228,806.9148,438.651,790.73364,15.211147902893012
582,1,248.35886,596.50806,226.98065,573.6782,220.03224,544.14526,29.879728817103217
582,2,645.92303,788.3442,633.90375,802.68787,611.1325,812.29065,27.17321539118731
582,4,596.2101,814.4566,597.77167,816.09375,586.00555,821.5868,108.62114466305366
582,5,605.93665,818.0814,625.29553,806.3944,627.34375,786.3124,53.056897150627535
582,6,239.40858,497.68857,254.75053,515.934,274.03702,536.1896,3.5368451785542265
582,7,421.4308,812.7151,429.49997,796.6814,431.0234,777.9595,22.062453014336803
582,8,803.0373,527.52045,801.6099,517.1641,803.43115,506.11374,17.20625170555056
582,9,651.951,282.6648,667.73895,296.32593,685.15607,310.96588,0.820437714476089
582,10,416.07806,816.9051,429.08502,806.93024,438.82172,789.9503,22.684913805812865
583,1,249.44035,594.5692,230.11725,572.022,221.81032,545.3537,23.29540050954825
583,2,637.9268,802.49646,633.43604,800.6955,615.2858,800.955,22.671733755212532
583,3,551.3268,264.46945,557.7555,275.82678,559.95325,266.68436,136.97147986268268
583,4,603.5471,804.37585,596.6063,813.38116,582.10626,820.5227,26.15586355365105
583,5,610.3365,815.2299,628.65283,806.69604,632.58057,792.90265,49.123888162635396
583,6,239.6525,497.5009,254.9449,515.6949,274.62668,535.57294,4.668078966384054
583,7,415.04956,814.1757,427.3504,801.02185,434.84827,780.4894,23.019917516828297
583,8,803.5347,534.46643,802.9449,523.14453,802.83344,517.74243,1.8003757831265836
583,9,651.05664,282.59518,666.88745,295.89923,684.16705,309.87186,1.0837201635010087
583,10,412.4043,816.64764,426.69675,806.3879,432.94614,787.70447,35.8330069325147
584,1,250.33844,593.6543,231.13992,571.526,223.72708,544.7257,25.483711584954843
584,2,645.3633,800.2063,632.6416,799.25653,613.7772,803.96625,18.287654729697156
584,3,574.8267,270.4989,573.2205,277.23062,559.06635,260.23917,126.78514953160418
584,4,603.7082,799.26624,595.9238,810.83655,582.6604,820.88446,18.921511101473005
584,5,606.8732,817.02924,627.1269,807.85095,638.32684,793.51764,27.617736503302645
584,6,240.35391,496.68295,255.05545,515.7013,274.4172,534.87286,7.578051522342234
584,7,409.05865,815.8048,427.5074,809.1761,439.2859,794.68384,31.134071336330827
584,8,805.1845,542.23444,802.7115,524.9003,800.76996,511.49445,0.12194656246489412
584,9,650.4032,281.96866,666.288,294.98477,683.5438,309.11206,0.027976455118293345
584,10,409.20718,817.5932,425.49326,806.538,430.07294,787.0567,42.60195670008845
585,1,252.43207,596.08514,232.8472,573.98987,223.77219,544.3351,24.537968049798398
585,2,648.3304,793.7298,634.3879,799.80054,614.04126,806.91675,4.251693717915972
585,3,573.682,268.45844,573.2537,275.99832,561.55676,261.0219,138.75820581916398
585,4,604.2399,801.3279,596.3677,809.2038,582.13995,819.8311,8.255640572522415
585,5,606.98804,816.53125,628.25745,805.60284,640.27795,788.208,28.15954136701284
585,6,239.89822,494.00833,254.08403,513.7712,274.0171,534.1173,8.741567239003734
585,8,805.1289,540.26904,802.91486,524.46857,802.30725,514.1681,4.6008749124881385
585,9,650.0997,281.84326,665.93054,294.89056,683.1304,309.39575,0.6477052055560595
585,10,409.49078,814.41095,426.06967,802.76105,432.773,780.0645,38.45016615506015
586,1,255.1463,597.17395,233.26837,574.9775,224.19193,545.21967,27.62365157194015
586,2,651.5889,790.3315,638.964,800.1824,623.06396,808.4272,10.555362971119765
586,3,578.09534,271.5583,571.339,275.12762,557.15533,258.38287,77.58091789033767
586,4,602.51605,807.31384,599.2776,805.5222,585.4218,810.08527,47.18081854333095
586,5,608.51526,813.4625,626.29895,801.97565,630.2841,785.78516,43.31265043335741
586,6,240.1121,493.42432,253.84755,513.70416,273.36877,533.46936,10.534574631675799
586,9,649.55664,281.42056,665.2682,294.50058,682.5059,309.15887,0.5987250033453337
587,1,256.8625,596.1151,234.42082,576.1982,226.61337,551.1245,31.11544006087475
587,2,635.3086,786.6492,627.63513,803.6272,608.55066,813.7053,37.841098267176825
587,3,574.6393,270.42856,573.58905,277.0835,560.8396,260.57968,133.34533432727335
587,4,604.8133,808.22015,604.8024,803.9246,592.70044,801.34094,77.8038136993848
587,5,609.1571,811.5643,626.50037,800.4916,629.6339,785.037,45.98225354443228
587,6,238.82603,492.1596,253.00389,512.38995,272.37115,532.9422,8.276140581655655
587,7,408.7078,821.46954,413.21997,813.48584,415.91266,804.6154,12.58788197757856
587,9,649.02185,280.95923,665.0315,294.3233,682.0278,309.03452,1.0241200309246896
587,10,405.32745,816.57654,421.96213,801.02216,430.79776,782.3621,21.58435296861324
588,1,256.34085,596.6717,234.28867,576.22375,223.03734,551.00433,23.11827209420315
588,2,630.7443,784.64636,626.8735,800.6018,609.73944,810.98254,45.15351915806925
588,3,562.5563,261.02658,573.3335,276.52063,573.7854,268.86285,141.80137044757979
588,4,606.6329,802.8529,595.25336,813.6264,576.55536,822.54944,17.921663657194372
588,5,620.42426,805.4745,638.1996,798.3951,647.3794,787.8789,27.165571824023733
588,6,238.19055,491.43976,252.36238,511.7192,271.24472,532.0984,7.869808511316725
588,7,398.38904,818.1426,401.49835,818.8361,404.2174,816.5504,52.62541350217324
588,9,647.3997,280.10706,663.9072,293.45227,681.4365,307.954,0.6474030305461268
588,10,407.76672,812.26544,422.04788,800.068,430.7996,781.0054,24.839578945837594
589,1,258.00226,597.70135,235.35396,577.79175,222.89494,554.222,20.82103486161815
589,2,625.06024,792.9778,624.6303,800.2379,614.31506,800.4822,85.25450951231304
589,4,606.2343,800.4005,595.44464,813.23285,576.3316,823.296,22.17504770162006
589,5,618.24835,798.0728,619.7728,807.6092,611.50195,811.9979,71.1308547387625
589,6,237.99934,490.2801,251.72815,510.90933,270.02255,531.12445,8.500826347673927
589,9,646.61017,279.3114,662.6192,293.29333,681.0234,307.18292,4.091463233464629
590,1,260.1801,599.281,237.62122,580.15326,223.0231,557.73804,16.630763545434345
590,2,625.9553,788.88617,623.3955,798.83405,617.22095,803.3082,39.64188959323367
590,4,607.0893,801.04926,595.83075,812.674,576.0871,823.04944,18.19460109782911
590,5,618.94977,815.5219,617.943,811.09357,621.4637,804.6848,41.5908488370937
590,6,236.5191,488.5348,250.37007,509.95456,268.97183,529.85223,10.183639071258233
590,9,647.68964,281.97742,662.9972,293.73248,679.78265,306.32684,0.6401080393452405
591,1,260.13345,598.752,237.04942,579.9305,222.72285,558.0518,17.59042796851311
591,2,619.1828,798.8945,623.51416,797.4916,623.38635,793.3676,73.82838631192223
591,3,551.3099,264.87506,556.9143,274.72177,555.8152,267.71823,159.27198471317323
591,4,619.41766,810.09454,615.3909,810.24194,609.6312,807.117,30.57852417617358
591,5,619.8137,815.1208,615.08685,812.893,614.3078,809.7682,50.7662797711791
591,6,236.2805,488.37106,249.63623,509.627,268.03217,528.6864,11.842852725182686
591,8,804.5003,510.7279,802.1882,509.3451,801.27826,498.41003,54.36106751087552
591,9,643.337,279.02203,660.547,291.1986,678.0622,305.18628,3.3304897280128265
592,1,259.67517,597.95776,236.5127,580.48627,223.36139,559.064,21.42655176699028
592,2,621.1254,803.5304,623.60944,797.1179,625.53613,788.79346,8.143312543690687
592,3,554.13043,266.79807,560.9256,275.6003,557.34265,267.39938,165.93282238137098
592,4,621.79333,806.2475,622.92645,804.26447,626.452,803.47284,47.600873153961096
592,5,618.91846,810.0004,616.0266,812.5678,617.53796,812.9294,124.94688769911006
592,6,235.75003,487.81842,248.54535,508.63712,266.85492,528.2711,11.425702198163451
592,8,806.1762,481.88864,801.7923,496.42343,802.2476,504.1009,20.178132703341454
592,9,645.2917,280.61655,659.6696,290.63916,675.21893,304.92294,7.691206452626021
593,1,260.6319,600.9937,237.60959,582.05817,221.72205,559.77203,15.078483679310395
593,2,634.36505,783.3504,624.25903,798.32117,617.52344,812.2837,8.26837884638648
593,4,618.1493,819.4943,623.6616,802.4276,636.1798,785.3879,18.402962137590016
593,5,614.2454,818.76184,613.92896,813.6284,614.91565,803.8637,9.297707159176085
593,6,234.80762,486.5163,248.0286,507.2729,266.41187,528.2498,8.734688429964054
593,8,801.5905,478.4765,799.68274,499.91376,797.133,509.7891,9.391637768677578
593,9,645.0366,280.3168,659.2242,290.318,674.2425,304.24023,7.649988176175748
594,1,233.59227,575.7186,239.00206,581.17377,251.55908,586.8277,20.99899430862012
594,2,627.73834,801.00946,624.0885,798.09204,626.8643,794.9294,92.63662448478469
594,4,626.85046,799.4479,623.65045,798.94586,624.66815,797.8843,124.87509942668393
594,5,619.6736,811.9512,615.20325,812.27734,614.07666,810.3055,64.43243343227708
594,6,234.44943,487.04202,248.68831,506.45624,266.89062,527.63293,4.423281276703511
594,8,801.2457,479.30786,800.04706,502.70364,797.0117,515.56714,10.343985731832985
594,9,641.7897,278.8714,658.58704,289.2211,675.4507,303.8859,9.371252766583865
595,1,227.23093,567.5999,239.96909,581.31885,257.86963,596.14575,7.488284877940133
595,2,633.79535,786.12164,622.67914,799.07623,616.6452,812.98944,17.186984512138732
595,3,552.7322,266.3162,558.3908,275.357,554.905,268.57367,175.15507358780982
595,4,653.08075,788.18835,662.5997,777.86743,676.76074,770.59,20.116123362387086
595,5,619.7484,819.3608,622.18933,800.19147,637.0977,785.5197,38.20165581455445
595,6,234.50305,487.12457,249.43822,505.86475,267.37054,527.10596,1.618462099527402
595,8,801.32306,489.81845,801.75903,507.29398,805.9224,520.6247,15.915296807691638
595,9,641.07556,278.02365,658.03064,289.33206,675.2534,303.87988,6.485462053476009
596,1,230.03961,569.8369,240.31189,581.69434,256.6055,593.4483,13.29094380996141
596,2,637.03973,785.47565,622.681,800.29004,620.5041,819.0905,37.50012540584106
596,4,677.2402,775.9574,661.4939,779.3435,653.2143,786.546,28.884198773022366
596,5,616.6144,811.0462,623.14813,798.4515,633.4642,786.1197,12.494965521768027
596,6,235.00519,486.35226,249.51517,505.7548,267.2857,526.9501,3.1865346172925415
596,7,398.7058,804.4098,402.37198,810.40533,402.24774,806.65295,150.4512642298729
596,8,801.7252,475.0186,802.8924,503.1361,806.26746,527.56903,5.487801571669913
596,9,640.758,277.55734,657.668,289.63934,674.90674,304.24084,4.7199100547234005
596,10,405.9599,807.2074,419.6578,802.7826,433.22995,790.0043,25.37254444776038
597,1,227.02814,566.81476,243.14302,585.5238,264.886,605.41223,6.810917196585901
597,2,636.0048,784.29016,623.22534,800.7313,620.33954,817.0048,27.8015969166572
597,3,555.9746,260.84927,561.68787,272.82034,560.5221,269.82437,175.74862874258648
597,4,670.1718,779.3809,661.673,779.9266,661.1081,781.2788,63.65427819589169
597,5,618.46594,804.24805,625.11316,797.25616,629.79816,788.36304,15.771655556432915
597,6,235.48503,486.39584,249.10852,505.9294,266.71185,526.73615,5.339132354961643
597,7,398.96198,804.2333,401.8657,810.3285,401.19846,805.1675,161.89377116565058
597,8,802.49005,473.68185,802.3371,502.08755,805.6429,528.25305,7.509193453564266
597,9,639.8072,277.50165,656.9835,289.33725,674.25037,303.96048,5.69181843604319
597,10,402.96606,807.33307,417.4124,802.67487,432.4962,792.0879,17.192369421063916
598,1,224.49052,564.0266,242.8526,585.3203,265.69888,608.1463,4.2534898368828005
598,2,629.0868,802.0942,624.8256,801.3902,626.58154,801.4459,172.4367495342353
598,4,679.0343,772.5756,662.84937,779.8119,655.1518,786.0047,14.727846134878556
598,5,623.29175,801.9719,625.28845,798.17804,629.7385,791.8037,7.162180007571868
598,6,232.7966,485.808,248.49669,505.4667,266.27185,526.3847,1.7442820903555805
598,7,394.90015,805.2065,402.40442,809.4016,405.4282,803.2916,92.87622658476879
598,9,638.1829,277.5356,656.26935,288.9662,673.7584,303.58466,7.598249634829994
598,10,398.64215,807.2326,414.59628,802.65936,431.93103,792.6149,14.094760266043016
599,1,248.15033,592.4479,243.51428,586.7649,241.36844,583.6181,4.916175650220209
599,2,621.7545,818.76544,628.2051,804.2636,641.6513,794.8779,31.104355637501722
599,4,688.8587,764.6974,663.6854,779.21295,640.95795,792.82794,0.9549061032028531
599,5,621.8557,800.06964,624.1135,796.35046,628.6002,792.40045,17.379021551924257
599,6,232.8941,486.5444,248.42801,505.36423,266.1451,526.0675,1.0189480215297533
599,7,380.16605,806.4884,397.30505,805.6114,415.5929,792.56775,32.56872958329775
599,9,637.3536,277.60678,655.67615,288.8501,673.3061,302.83978,6.8979916789347016
599,10,397.90082,809.23883,414.27716,802.761,430.2315,791.2488,14.231332216309276
600,1,245.67654,589.8149,245.28064,588.0851,246.67639,586.9229,63.1090442029004
600,2,619.8897,814.9291,627.75195,802.6947,642.27075,796.5266,34.25629056924714
600,4,687.47424,763.05505,662.8532,779.46423,638.11237,795.4945,0.7415131808040025
600,5,622.6354,800.7539,623.98804,795.6976,628.84894,791.29016,32.824260264832624
600,6,234.02664,489.50406,248.97134,506.15732,265.98132,526.08093,1.4155450911684384
600,7,395.46436,801.8282,395.6978,805.5134,391.77454,806.9764,73.17484989357041
600,8,805.209,495.52554,801.2177,498.3559,804.2516,506.39807,75.32694910287375
600,9,636.6073,277.18643,654.85236,288.37683,672.92017,302.4042,6.302415973635232
600,10,409.813,803.5632,417.59085,799.4312,430.63165,791.21564,4.231284516035707
601,1,243.0312,583.6107,246.75165,589.5442,256.57254,598.9993,13.998220976685984
601,2,613.3264,816.27264,626.2939,805.4442,641.7504,798.4597,15.546184129747504
601,4,687.2301,762.8409,663.56885,778.8551,638.405,794.3884,2.4041174442466935
601,5,622.89136,799.8336,622.3168,795.05615,624.0953,794.0106,66.40793669166804
601,6,234.37689,489.7545,249.06026,506.4021,266.02454,526.09125,0.6647021579412311
601,8,805.48334,497.4859,801.30676,498.3325,804.23047,504.65198,103.36902512893552
601,9,635.1458,276.5599,653.99713,287.88336,672.3667,301.63126,5.8193502432755135
602,1,232.38638,573.8811,246.91959,590.0026,266.63715,608.68494,4.510323345837058
602,2,611.68585,821.4689,622.4136,807.63,632.17444,798.749,9.919882327477614
602,4,686.8429,763.52594,662.6198,779.4364,637.8142,795.1819,0.8924096934287667
602,5,625.07,795.5815,621.7829,795.2429,619.37885,799.5452,66.68486488498513
602,6,233.24417,489.11322,248.74298,506.4452,265.7811,526.21075,1.042301593272564
602,7,390.6894,799.2901,409.0851,801.3888,422.3295,792.23676,41.1534637747986
602,8,805.6421,499.7093,801.1909,498.18573,803.8409,503.63202,134.8410429492096
602,9,633.62787,275.73413,652.45355,286.77115,670.97754,300.34732,5.8555807238899265
603,1,262.30807,601.00696,248.04422,590.7429,240.40411,580.0428,18.734241055823603
603,2,616.81757,818.26044,621.2442,806.8492,624.98145,802.29144,18.148795020973523
603,4,685.6063,763.98944,661.70276,780.1439,637.5043,795.73016,1.2659410108615226
603,5,614.1314,805.85425,621.1802,796.1523,630.14124,789.79816,18.660691648757965
603,6,232.56975,488.71414,248.17542,506.3689,265.6564,526.62335,0.6783969395175264
603,7,386.2444,806.8393,402.4688,806.3633,416.90555,795.1969,36.04034246083949
603,8,804.14264,486.66537,801.2723,497.47424,804.38873,513.3019,26.01103570843561
603,9,632.5928,274.5918,650.8829,285.48633,669.4837,299.60858,6.426539312894867
603,10,387.08347,800.5712,408.8217,801.5472,428.62296,792.0519,28.189724300505596
604,1,263.02505,601.57385,248.76334,590.3022,240.66196,578.9112,16.258330692048858
604,2,614.9691,818.0836,621.12537,806.679,626.09406,800.56256,10.728236710243955
604,4,684.14233,763.7508,661.36597,780.35913,636.96277,796.5232,2.579671294880995
604,5,617.90674,802.7015,621.19165,796.37305,627.3547,793.78485,39.78718653210825
604,6,231.30002,488.60095,247.30127,506.81454,264.99246,526.7977,0.21939690831971592
604,7,391.4694,803.759,393.29886,806.9086,388.2192,799.20856,176.737691863347
604,9,632.52167,273.69928,649.98474,284.58444,668.11523,298.6425,5.853036125152103
604,10,387.6376,800.84143,407.19235,799.8469,428.2771,790.8563,20.18212224580732
605,1,233.29414,573.08624,249.6662,591.0435,271.12384,612.2272,3.012009254495574
605,2,609.86505,821.5632,620.40137,808.0334,627.69366,799.4947,2.588609257616152
605,4,685.0657,762.57697,658.843,784.3858,632.4903,810.8098,5.327742787713037
605,5,617.1441,803.9953,620.7303,798.54016,627.0586,793.73474,19.467941236630363
605,6,228.59834,489.90964,245.65073,507.17676,263.15073,528.0915,4.721279466438815
605,7,384.0502,801.0619,388.1219,807.63837,384.77112,798.1192,167.62936430113075
605,9,632.87305,273.79593,649.64594,284.05557,667.5609,297.501,5.43541553158447
605,10,383.334,798.6787,405.88544,799.68317,429.8438,791.22656,21.99185572282073
606,1,236.25381,577.9661,250.94331,592.676,269.92557,609.05774,4.245516657300837
606,2,606.05493,823.26,619.68,808.4877,629.69116,798.8272,3.3348956447507203
606,4,680.14667,763.84485,659.2425,780.7505,636.35474,796.6644,4.152137424728067
606,5,621.5187,800.76184,620.8299,797.9893,620.7952,797.4648,10.170283227556533
606,6,228.68329,491.88443,245.0022,508.13626,262.17517,529.0483,5.725122412642357
606,7,380.95834,801.44305,379.9722,803.4289,375.69904,794.1272,128.91767414490906
606,8,807.7434,511.1437,801.6899,494.58337,802.5414,474.98,22.566751679751288
606,9,632.3029,272.91315,649.1791,283.3289,667.2573,297.26147,5.938513913898269
606,10,382.31342,799.6588,399.61197,800.6485,418.5102,790.46405,31.595129419498416
607,1,266.84363,606.1146,251.44826,593.91187,241.43391,582.9155,9.274744673359454
607,2,609.92566,820.3149,620.521,807.63086,624.3849,797.99054,18.03180773996581
607,4,678.99176,763.5439,659.9446,780.11273,636.7625,796.76935,5.321781150818208
607,5,631.7388,789.934,621.0029,796.6559,609.45667,804.72705,2.9033312308324666
607,6,229.42004,491.16602,245.00264,508.46606,261.84045,529.2573,3.0078468047218445
607,7,381.99414,798.8305,381.4395,803.1019,377.32736,796.9431,138.87129624886794
607,8,807.3057,471.90393,804.50354,488.948,803.9743,498.19583,6.06100403848898
607,9,632.373,273.3075,649.1542,283.5143,666.51227,297.14886,6.839940341988283
607,10,381.20126,799.99567,389.95416,800.5012,400.39655,790.6242,46.7118458098537
608,1,275.95346,616.1625,253.04669,594.64874,235.30724,575.4037,4.127395747351412
608,2,600.5948,802.47815,614.32104,807.315,620.22504,804.98956,40.90969506686195
608,4,677.91016,763.77405,659.7303,780.2658,636.9933,796.3855,6.8773170774395656
608,5,633.9371,787.6504,621.1887,796.8578,606.5453,806.2022,3.2952682088833285
608,6,232.21103,491.12616,245.82242,509.52545,262.36908,529.22186,3.539888594313516
608,7,402.46835,804.3677,387.62033,803.465,376.47498,793.58124,38.08799833821999
608,8,808.99506,470.05948,805.40405,482.49808,801.4703,489.7582,12.346957095316316
608,9,631.61475,273.03897,648.20465,283.35736,665.57324,297.29608,6.867584900831502
608,10,403.20163,803.4748,385.93073,802.0063,371.541,792.63477,28.214720467442838
609,1,279.002,615.4991,253.63174,596.53436,235.78468,575.9956,12.232384823219844
609,2,601.37445,799.66956,612.9946,808.4611,616.69946,807.5769,50.53374641469601
609,4,637.34467,796.61774,657.9161,781.0521,677.2946,764.5974,3.2217282360940853
609,5,633.5519,788.3908,621.833,798.0549,608.55835,807.39197,4.38932088111692
609,6,236.14873,489.52277,247.5031,508.05927,264.9533,527.8008,9.9853847209785
609,7,402.42548,804.4388,393.42343,805.6174,383.69614,800.25446,36.328111858770534
609,8,807.61566,470.88684,802.15656,483.33514,797.9593,486.57883,28.62335601523099
609,9,630.6959,272.54468,647.5852,283.09772,665.18713,297.18414,6.670856304250148
609,10,405.19772,803.50464,388.37863,803.8276,372.1846,793.0984,34.626024575993156
610,1,244.72601,584.1645,254.14258,596.17236,271.156,608.1632,16.720795569342663
610,2,610.3351,820.6589,620.8015,806.7129,625.5251,794.18427,16.23058128969369
610,4,637.1589,796.09406,655.881,780.84406,677.653,765.2148,3.4913246287842514
610,5,636.3654,786.70447,624.8234,797.0704,609.89923,808.9125,3.495808111486273
610,6,240.5516,487.93344,248.73163,507.77985,265.20346,527.4374,17.561170326285698
610,7,391.21832,804.1919,393.62643,805.3329,392.82153,799.9979,123.93181453648917
610,8,806.65497,474.6606,801.7253,484.1762,798.94446,485.20578,42.29639019616324
610,9,629.6717,271.7739,646.8548,282.8794,665.02295,296.25546,3.4872845720223262
610,10,391.4492,804.1818,389.19025,804.2537,387.1905,798.6075,72.32018065895659
611,1,243.25847,582.9304,254.22668,596.0617,271.04477,609.333,11.851619060825564
611,2,610.6193,820.1616,621.1122,806.86786,621.2378,792.354,37.78842729023983
611,4,637.4564,796.28503,655.3954,780.5172,677.70447,765.79193,7.887397883478425
611,5,636.0715,785.5149,625.5651,796.8757,609.6186,807.9977,12.34349091059734
611,6,245.35443,487.07568,248.63782,506.92874,265.45428,527.3514,30.07799939984272
611,8,806.5988,474.8131,801.5519,485.6195,799.0538,488.87137,12.4976959927257
611,9,628.2146,271.01688,645.58856,282.12762,664.4265,294.75034,1.2257305767623683
611,10,388.57144,800.13794,386.7774,802.6999,379.67523,795.4789,100.47325874862946
612,1,275.69672,609.82983,256.2466,597.7779,242.27196,584.6075,11.519193908917568
612,2,602.25745,804.87384,621.8332,801.9391,628.4461,791.5782,48.92550296544599
612,4,637.60266,798.3515,656.32263,780.92944,676.7814,765.5362,5.985334078651305
612,5,635.06067,785.4472,624.4834,797.7946,608.6879,806.3938,20.851134532175898
612,6,249.26775,487.6468,247.96895,506.93042,265.712,526.9077,45.46342740007057
612,8,808.44086,470.80414,805.8212,486.93524,805.4048,500.36346,7.4477945026957215
612,9,626.6481,270.0434,644.40607,281.70013,663.45746,294.07108,0.28530527306726555
613,1,277.9302,614.511,255.48932,597.5558,238.52945,580.2456,8.512808156638123
613,2,611.58606,801.50024,619.9434,802.66534,629.32965,796.94745,39.28535532566276
613,4,676.7466,766.06744,657.60034,781.52,635.96234,797.08386,3.1794615099925294
613,5,631.35364,788.83234,623.17255,798.9971,614.0655,803.56,24.558797536271005
613,6,252.93701,487.935,248.64719,505.5731,266.07422,525.9354,54.228156857565466
613,8,808.1569,471.93304,805.4031,489.33664,805.64185,502.73627,10.012449065116625
613,9,623.58453,270.79147,643.0359,281.65607,662.4721,293.37958,1.9118244779993043
614,1,275.07257,609.9137,255.11018,597.95703,241.59784,584.91644,13.062235014532968
614,2,592.26434,806.7731,597.8297,812.00555,600.7799,810.8786,64.14068658061832
614,4,674.9203,765.9629,653.9533,786.3776,629.96136,808.06665,2.1213564098457507
614,5,631.5572,783.48346,620.18164,797.0437,606.1154,809.5957,8.262962710250116
614,6,253.59935,487.60574,249.83151,506.13074,267.0279,526.1003,52.22942746096249
614,8,807.24554,481.30554,804.319,492.7798,806.29724,503.13474,25.12435308375757
614,9,621.9997,270.17218,641.79193,280.69458,660.73505,293.18216,5.396410611904728
615,1,280.39044,618.82654,256.1062,599.28406,236.8447,579.12415,7.480524272059852
615,2,576.3113,818.50275,572.00555,822.682,562.0056,823.4284,39.8774339093191
615,4,674.12646,765.60974,651.24097,786.39166,626.27057,808.63007,0.55496647188144
615,5,623.4969,784.82104,616.14746,796.30725,602.7335,805.5832,22.722500878330152
615,6,257.33832,488.92474,249.45523,505.65628,266.40552,525.85126,65.23534191678691
615,8,806.2083,474.7395,803.42914,496.46872,806.0161,513.605,15.87342250067868
615,9,622.1638,271.1978,641.08563,280.47876,659.4804,292.70203,7.476430999969774
616,1,279.1401,621.11847,257.67694,599.9619,239.30115,579.9666,2.8290237808186864
616,2,557.71606,824.0687,579.807,818.26495,593.3607,804.5129,30.69602165825888
616,4,649.8585,783.93604,644.5015,790.59283,636.4425,792.7186,36.398170435497754
616,5,624.4553,780.5349,616.2605,794.70325,597.76245,800.45135,42.69316042339588
616,6,257.83682,488.8229,249.87514,506.1164,266.29382,526.3652,63.75750066735661
616,9,625.8088,272.2572,640.8912,280.1396,656.7929,291.44202,7.811429073670701
617,1,277.82535,621.8685,257.0868,599.8376,239.02144,579.4456,1.731218499409493
617,2,594.85614,805.83453,609.3964,800.1153,616.40106,792.59375,25.566405064284456
617,4,652.03186,792.30084,639.86847,798.89575,620.6487,810.5779,2.825839089088003
617,5,626.2229,781.08594,616.05756,794.72034,597.48846,801.0673,34.422422011198535
617,6,259.02774,488.55917,250.50883,506.04575,266.3711,526.12427,64.2830162374133
617,8,801.9,497.89722,801.3806,498.44586,800.74164,499.6444,15.368768304230041
617,9,643.9085,280.91702,640.64453,280.74838,641.7968,283.10944,118.9717840054225
618,1,276.6835,622.96326,257.07028,601.6918,239.17693,581.48926,1.146029766758023
618,2,654.2646,780.84735,653.48883,783.0937,661.93054,773.8958,156.5066216574593
618,4,642.15643,796.76324,632.5738,802.4806,619.54785,811.4997,3.876765988036167
618,5,628.23773,781.1703,616.42114,794.02484,597.7515,799.4449,31.220397481467046
618,6,258.7145,489.57928,251.84941,507.41028,266.7482,527.3385,57.83978214024341
618,8,792.1143,482.92987,800.4377,496.62845,801.6809,519.04126,28.108293290358052
618,9,622.33545,270.63138,640.6374,280.1237,659.4679,291.84064,4.477678137431076
619,1,274.28482,624.37976,257.19275,602.7013,241.23332,584.132,2.4240625126508295
619,2,672.28906,766.51276,654.2735,781.8718,635.6334,797.96155,0.35054452113734796
619,4,636.533,793.3834,625.55536,802.4107,610.772,811.815,6.969534456260891
619,5,630.4656,781.9519,615.6142,793.8253,595.1775,800.90546,19.533477135158705
619,6,261.06693,488.5103,252.36772,506.53375,266.75876,527.5867,60.11991382317244
619,8,790.7712,483.6059,798.49426,493.27457,799.1082,510.4976,36.575381336384766
619,9,620.8919,269.257,639.62524,279.34723,658.8977,291.49152,3.9085588675780896
620,1,217.1798,619.1726,220.55351,624.3437,223.389,637.4357,20.900777838784812
620,2,673.6207,765.9277,654.67676,781.17664,633.25665,797.53864,1.4576367695391774
620,4,639.1687,788.42676,625.7868,800.57544,608.79816,810.83484,11.106915674853251
620,5,630.2979,785.5672,616.61633,793.0483,602.667,798.20135,8.394916449466356
620,6,261.6022,488.32584,252.70197,506.94208,266.79193,527.91504,59.44581825984864
620,8,783.99133,486.94525,800.74365,490.42743,799.5341,509.92133,81.808039898043
620,9,620.16296,269.10544,638.9822,278.8809,658.57794,291.29562,4.906722074849827
621,1,217.15257,621.4523,221.7647,627.3146,223.91237,638.94836,27.7341953100393
621,2,673.54645,765.62885,654.47644,780.4675,633.60986,796.4788,0.3881583003657882
621,4,639.3799,787.1002,625.3428,797.9695,608.6072,810.787,0.30261197902173986
621,5,633.77747,782.2251,617.1171,792.16156,599.868,802.7534,0.7393990682009577
621,6,262.22778,491.49646,253.45752,507.0484,267.35403,526.8926,64.4229666330628
621,8,780.9213,488.49414,799.9779,491.2331,799.50745,513.2781,83.04359490671246
621,9,620.07715,269.0763,638.7967,279.10828,658.15436,291.14584,3.688120237947382
622,1,224.41263,637.5638,219.72937,625.46094,215.05942,618.46265,12.56093234102316
622,2,673.94446,765.93256,654.0246,780.5128,633.64874,797.48157,3.5850663792654305
622,4,637.42004,787.2797,624.2801,797.8587,609.40125,810.5189,1.5565799790277037
622,5,634.6216,781.405,618.56696,791.10767,603.154,802.68524,5.765683986021265
622,6,264.94968,482.39487,252.46155,501.5868,264.27924,522.3734,62.6711923601788
622,8,780.5009,487.86646,798.55774,490.73953,799.06744,509.319,79.38783261473567
622,9,620.3444,269.7658,638.606,279.19708,657.5176,291.0559,4.776226891468593
623,1,222.93842,635.51556,221.64868,627.40137,217.27408,620.7301,24.222901963316726
623,2,675.0064,766.1539,655.4065,779.10297,635.3945,794.05914,3.3213067205676237
623,4,638.3856,787.3924,625.66614,797.8092,611.30493,811.37854,4.05965331504937
623,5,634.781,780.95135,619.71576,790.9904,605.50183,803.15125,6.870525978046801
623,6,266.8594,481.88254,254.10802,495.7549,262.65372,506.10684,82.1292763943147
623,8,781.04144,488.03067,799.3487,491.54572,800.451,512.10474,76.06227569643455
623,9,620.4186,268.78812,637.4637,278.61847,656.1792,290.0036,1.339836941241175
624,1,223.3797,635.2808,220.60583,625.777,217.2537,622.56165,29.92256606572615
624,2,644.9112,791.32056,655.213,780.34753,668.2118,770.7659,10.412478924679824
624,4,643.1785,790.51056,630.8686,799.5085,617.4763,814.30554,11.688064093517351
624,5,637.8321,777.70337,623.85614,788.5851,608.0425,802.2267,2.878208314858011
624,6,264.36865,488.8999,255.12761,494.8134,264.98874,494.21207,150.87370381077187
624,8,779.64276,488.67215,798.67633,490.89365,800.47894,510.56305,78.10658803786603
624,9,618.7311,266.81448,636.9129,278.32733,656.68475,290.02094,1.7410253793135095
625,1,222.12123,632.105,220.47551,624.71106,216.98251,619.5702,21.646179735519365
625,2,635.89,797.92633,654.3762,780.9715,675.44727,766.0883,7.291052960479225
625,4,649.16003,787.76764,635.511,796.4695,620.5015,812.4972,14.3598454958779
625,5,638.21716,777.4001,623.97504,788.7232,608.3372,803.2073,4.320283619008661
625,6,265.14008,484.86923,256.7607,493.70755,266.67007,495.10196,125.4632282831775
625,8,776.88293,489.80307,796.25476,490.91156,801.04895,507.69003,70.77853535556491
625,9,618.2669,265.22394,636.569,277.49634,656.70886,289.80853,2.4049314428529214
626,1,224.18198,636.8837,220.76624,623.3905,216.56923,618.92444,29.015371963096484
626,2,635.63043,798.57855,653.5771,781.7778,674.31335,767.0608,7.74706650096162
626,4,658.97107,783.98193,642.086,793.17944,623.27814,810.24304,13.638472469967258
626,5,637.9904,777.71045,623.88165,788.83856,608.1294,802.8908,3.4714158010642078
626,6,268.64944,478.3319,254.6831,497.32028,261.77145,521.67676,52.56157385943043
626,8,774.893,489.6531,794.07886,492.85336,801.8732,509.36194,55.2561712167957
626,9,619.3328,263.47528,635.588,276.54034,656.05695,288.73523,8.005060381176872
627,1,225.39322,640.10736,224.11076,632.5987,218.19043,619.2796,14.272726022163027
627,2,635.4065,799.413,653.81244,781.48114,675.2743,766.25397,8.89686641527489
627,4,663.2394,779.03467,648.324,786.4431,637.45795,792.0272,0.7855917804701177
627,5,638.5257,777.8957,624.95404,788.36487,609.2208,802.8946,5.076090663154634
627,6,269.33652,477.435,256.25873,496.0833,260.0393,520.4101,43.87498766316581
627,8,775.3335,490.00525,794.6389,495.03418,801.2333,512.3966,54.602221959724496
627,9,619.7973,261.4634,634.6729,275.51056,654.9748,287.55722,12.67536688015198
628,1,223.61127,634.92346,222.60724,627.8493,221.25319,620.19104,1.9488302471334318
628,2,663.7529,779.6234,647.1576,788.0084,633.4811,796.9757,6.445854506258332
628,4,634.5631,798.30786,653.803,781.12805,675.7401,766.12506,7.393959737846756
628,5,637.72034,778.65564,623.22253,789.88525,607.7049,804.96857,6.426478290217021
628,6,270.1138,476.22833,257.55905,495.23978,259.03223,519.8126,36.870755964377736
628,8,780.0561,490.96066,798.28986,497.67816,804.00665,517.2879,53.52280357450066
628,9,628.29376,265.78235,634.3093,274.42963,644.7351,279.0175,31.423353986703027
629,1,223.37363,629.8049,222.978,627.8599,223.50154,624.90515,21.545635921623944
629,2,651.66077,788.70294,636.97095,796.08405,620.77594,812.4961,18.70348736403016
629,4,633.55194,797.235,653.6836,780.78033,675.8102,766.5641,6.540319505582072
629,5,637.46594,779.2841,623.9567,789.6238,609.1893,804.2226,7.24131667802145
629,6,272.99542,475.4317,259.2984,494.6027,260.43082,518.9697,38.205322400193374
629,8,775.6785,489.54062,796.53687,495.72803,802.68304,516.36865,56.89555452587301
629,9,620.04987,261.36078,634.48395,274.19553,651.9494,287.10004,5.184250822013785
630,1,248.78241,595.21313,266.4178,616.28375,285.41382,637.63794,1.7271441970334092
630,2,639.57904,796.10376,626.00946,803.9201,616.3362,819.4497,28.13872945761503
630,4,635.69,797.5412,653.84033,781.08563,674.51636,766.99365,7.91946162239395
630,5,639.02,778.7407,625.105,789.4807,610.3491,804.0919,7.05591200472816
630,6,274.4371,474.83133,260.6213,494.3978,261.5421,519.00037,37.36916369524985
630,8,774.56683,488.97,795.1613,495.25555,802.6569,514.8647,52.108120844758176
630,9,621.6858,261.451,633.9337,273.9736,650.23047,284.9132,11.762861866795214
631,1,250.27414,597.97485,267.67285,617.6564,284.65338,638.0154,1.647226191567818
631,2,628.8318,795.785,619.9671,805.62115,612.141,820.7471,14.66927095325073
631,4,635.03876,796.16693,654.1875,780.48114,675.27985,766.0908,5.018953739180338
631,5,636.4046,779.4971,623.2325,790.9994,609.6253,805.1821,5.057994649471924
631,6,273.04535,478.93707,259.94168,494.91095,261.80554,516.5541,44.28471532023679
631,8,776.73926,490.356,795.2209,496.01343,803.6985,514.508,48.35412082084941
631,9,619.097,260.55084,633.0671,273.96228,651.5192,287.10934,8.361540626313
632,2,630.62976,795.0399,621.68774,806.2404,612.5729,821.8274,8.28441654664189
632,4,634.5924,796.1618,654.1322,780.443,676.0521,766.0711,5.563944577909223
632,5,634.7152,780.9224,622.4524,792.13684,609.63104,805.3802,3.4844200344926897
632,6,275.2425,474.93027,260.4514,493.8243,261.5674,518.0322,40.69500626738481
632,8,771.68634,489.72058,793.5254,493.6823,804.8799,512.27356,48.30377500769262
632,9,621.7207,261.92053,632.4655,273.76147,648.2748,283.93423,15.01849113501916
633,1,223.70782,629.86066,221.84972,626.4291,221.03676,630.8468,141.13862636259626
633,2,638.78094,792.913,626.9989,803.41754,616.1111,818.2318,11.96658662771431
633,4,634.8756,796.50006,653.9908,780.7958,675.8812,766.4155,6.103516978493417
633,5,635.9526,782.0304,623.0994,789.7369,610.64386,801.3287,11.996806054203063
633,6,277.13483,474.1021,261.27103,492.2896,261.1989,517.0813,40.929460933110676
633,8,772.5154,488.63635,792.03687,493.85254,804.41864,511.2334,39.57461993631693
633,9,638.51215,273.84955,632.4635,273.33557,633.77374,271.40594,119.32004408440699
634,2,651.8399,786.4804,635.5572,797.0413,616.3497,813.7582,8.06669632340604
634,4,673.32715,766.92975,655.58734,780.7959,636.6351,795.6057,0.027976455118293345
634,5,640.291,777.7326,626.95984,785.7623,612.3214,797.7148,8.170414994236115
634,6,278.73694,473.20053,261.99228,491.3294,261.32712,516.4414,41.209696739401565
634,8,771.1847,488.3624,790.6574,493.14423,804.66125,509.30533,35.293691460565725
634,9,622.8477,260.17453,632.0835,272.7287,647.84076,283.01633,20.519237581554634
635,1,220.03987,625.30096,220.22226,627.6764,221.02303,630.5703,11.076435708710285
635,2,655.4611,784.96436,642.59094,791.8995,626.67816,802.2606,4.750853346686826
635,4,670.8745,769.67096,651.0672,784.7979,629.1612,801.0745,0.7558876673281345
635,5,647.11505,772.7288,633.66705,784.5019,614.8857,794.6103,12.910827509408918
635,6,279.48468,471.96848,262.3963,490.23563,261.48883,515.01184,40.992819291666045
635,8,768.70776,487.83722,788.9545,493.0453,804.69495,508.46652,29.987711988465055
635,9,619.2699,254.4725,631.2778,271.65436,649.12573,284.85535,18.563511730096046
635,10,362.223,783.4119,378.1266,790.67206,397.1893,799.133,0.603607366199768
636,2,665.16614,773.19135,649.5335,786.3851,632.0204,798.933,4.542906915586137
636,4,623.39465,789.306,617.7001,799.50507,606.3652,807.9433,24.157678465833154
636,5,654.08887,772.87463,638.4111,784.0982,615.9361,791.60425,17.13055255232951
636,6,280.99954,470.5557,263.42953,487.95822,260.6252,512.5109,38.758496681307115
636,8,766.73773,487.98178,787.1274,493.45932,803.82684,508.55978,27.084331474612178
636,9,619.1614,253.78195,631.178,270.73672,648.7046,284.39618,16.741851933629114
637,1,222.78653,632.4317,221.81262,628.0755,222.96048,624.2066,29.12729950621992
637,2,668.0028,770.82666,648.2162,787.73193,624.08215,803.0672,8.077154458756153
637,4,545.46747,824.1583,568.8186,818.17816,586.11115,808.08984,15.894323208458886
637,5,666.26196,771.322,645.9544,784.2484,620.9204,792.8405,13.534907346827275
637,6,282.17487,469.33508,265.20535,485.69153,260.8868,507.94934,35.07358861884018
637,8,766.4263,488.291,786.88,494.17462,803.00616,509.69168,27.84905788783941
637,9,618.1254,252.54816,630.4348,270.11234,647.89233,284.4006,15.677385612938345
638,2,666.9278,772.51605,645.89685,789.0243,623.89294,804.36,3.255519772753442
638,4,546.0426,822.14014,550.9601,827.90875,556.0977,828.8183,39.51454398700971
638,5,665.66516,772.1281,644.775,781.9776,622.07245,790.80695,3.9916953213897863
638,6,282.18716,468.87097,264.80316,485.17084,257.62515,509.19333,30.20710775997161
638,8,771.9594,490.10623,788.6374,495.1713,802.3064,508.65155,27.708242729814692
638,9,617.32544,252.15779,629.80695,269.74423,647.0577,283.9887,15.088221445267559
639,1,230.1373,653.6692,229.59084,651.4363,228.11287,648.61053,13.85939891000807
639,2,665.7412,775.91876,643.671,791.84,625.7499,807.1438,4.689222563477954
639,4,553.224,821.19684,552.5206,825.6504,549.75867,829.9991,23.44578713939099
639,5,651.83527,774.22546,635.22565,781.1158,621.3751,787.6637,2.772128617733483
639,6,282.3986,467.21387,264.99265,484.74792,256.6833,508.1063,25.207730165092574
639,8,766.9525,488.97015,786.28265,494.02457,801.4326,508.3258,28.69578014058961
639,9,616.7257,250.92339,629.05774,268.7846,646.13525,283.51215,14.603126311679365
640,1,230.30148,652.2841,231.23601,656.9677,231.47527,659.3988,5.663408492321847
640,2,663.8899,775.4159,639.14465,793.9601,617.4806,814.567,6.719306307011938
640,4,554.9095,828.6021,557.94586,828.4491,557.0639,826.0089,106.9864900126644
640,5,628.7477,776.7899,613.84106,781.8142,596.78784,776.24176,36.72219008506389
640,6,284.50964,465.11624,266.48837,482.7276,256.9051,507.21228,24.283751026512398
640,8,768.0254,488.95255,786.1323,494.06137,800.6117,508.12854,28.4164535318818
640,9,616.0753,250.25648,628.08325,267.68088,644.4498,283.011,12.300395064549882
641,1,234.50484,665.3591,235.35066,664.6872,237.25952,668.7929,103.52659609521322
641,2,654.1844,776.2252,635.5051,794.06287,611.77057,803.387,22.232270207034052
641,4,543.7999,825.0444,559.16473,822.36896,574.74396,812.8266,21.610025632107543
641,5,618.13824,768.7185,608.1138,767.4488,591.7264,760.88257,14.616665568184695
641,6,286.3549,463.48935,269.54028,480.69464,258.20953,503.9378,18.353407217711144
641,8,766.5712,488.7656,785.3861,493.74426,800.32666,507.97147,28.777495064422965
641,9,615.3955,249.46135,627.8871,267.54358,644.342,283.25925,11.678805583623204
642,1,232.92001,659.1199,230.98965,657.14484,229.34737,655.0278,6.542507874310661
642,2,643.44434,775.1586,631.2179,793.09467,614.0577,802.9178,25.930585704559235
642,4,546.32355,824.5265,565.94403,820.4135,582.5738,809.1414,22.291189992369173
642,5,613.8378,764.93414,608.46295,767.078,597.9522,768.8094,12.39132589475045
642,6,285.19125,464.4146,270.91437,479.71835,260.2848,500.3993,15.809606225862053
642,8,763.02167,490.33914,783.9184,493.14252,800.5603,506.9875,32.117395553541684
642,9,619.625,251.81833,627.5453,267.91235,638.1428,281.16467,12.445399309852498
643,1,233.52554,661.30225,231.53711,655.258,229.59372,648.79663,1.4702023703873583
643,2,636.8839,774.78076,629.7444,790.1942,622.1158,798.41724,17.99883516086482
643,4,552.57556,824.7894,568.1741,819.81433,582.09515,808.97473,20.21603748398725
643,5,616.049,769.705,608.3337,767.9448,593.4699,762.6209,6.854892484837443
643,6,285.3226,464.07858,271.48538,479.22345,260.89,499.5127,14.842332067610863
643,8,761.5765,489.45483,783.35016,492.74924,800.1644,506.75613,31.19180423048045
643,9,622.6326,255.88115,626.8011,267.2593,636.27374,280.26276,15.951721612037376
643,10,352.22116,779.4526,347.20938,777.002,345.08112,770.475,45.883659081693445
644,1,233.5006,655.6449,231.72939,654.7462,227.9341,649.5557,26.923260335953668
644,2,633.89105,775.6605,628.3614,786.479,627.7966,794.1572,22.86582285611657
644,4,548.0335,822.56573,566.6085,817.37476,580.93915,809.50946,13.146405580090688
644,5,606.32654,761.0917,605.63196,767.1039,596.3609,770.8313,61.50739904780908
644,6,284.85257,464.7351,271.54553,479.03815,261.80505,499.3731,17.339509499684628
644,8,762.096,489.36618,782.9488,492.91104,799.83856,506.4982,29.167567533991853
644,9,619.8177,253.0196,626.13306,266.43848,637.41345,281.70172,11.263217493745898
645,1,229.8225,651.1134,231.55743,657.3326,230.62839,660.78296,30.657311790239024
645,2,628.88696,779.2217,626.1931,777.7096,627.5454,777.17914,129.2757594747499
645,4,550.0773,822.3475,568.0946,817.61304,580.4459,809.734,17.811374519893768
645,5,605.7726,763.5499,607.6867,766.65845,599.9263,771.75116,88.34887527011227
645,6,286.7715,461.566,272.43347,478.0092,260.95395,499.82166,13.33054861055248
645,8,764.6108,490.4323,783.09033,493.53915,799.69617,506.0385,27.42560207257494
645,9,613.2607,248.63242,625.8714,265.58234,641.35895,282.21057,6.316648166610099
646,1,231.60776,657.5483,231.78905,657.8044,230.81714,658.5447,87.99753243628348
646,2,627.546,783.00775,628.5088,775.4536,633.9099,770.333,39.264040624557154
646,4,550.4168,821.7462,566.8115,816.87866,577.9591,811.6305,8.674551016651344
646,5,616.44403,772.93915,615.9553,776.1734,610.8909,782.34125,30.79665656619007
646,6,287.35324,458.35785,273.14636,478.08752,259.40735,500.585,4.344695181114327
646,8,764.6197,490.20306,782.81757,493.4635,799.5167,505.74573,26.17679654853741
646,9,626.5572,262.8918,625.0664,265.34747,629.4806,273.5115,59.66065115880788
647,2,623.8931,785.5202,627.5185,774.5735,636.97614,767.0975,33.35057224419381
647,4,547.6877,821.784,565.1769,815.31946,581.6502,812.17755,9.487754660162096
647,5,632.07874,784.8034,630.54834,789.7343,623.6606,793.3793,44.86981401836697
647,6,286.73798,458.7351,272.65906,477.99933,259.1586,500.40744,5.092468441585896
647,8,761.29956,489.76297,780.57404,492.6697,798.9847,504.0376,23.11777630389582
647,9,623.02496,257.99564,624.9145,264.22595,632.6029,277.03268,14.106661306524206
648,1,235.03706,654.9256,234.06429,657.60455,232.25635,652.75757,139.58745726758457
648,2,622.674,784.8424,626.4663,774.1681,635.6366,767.4693,34.29354244227864
648,4,536.55493,821.85754,559.2212,817.5195,579.9015,811.62726,5.068558488557302
648,5,659.28625,784.8834,637.1911,796.6065,626.99384,804.0003,7.99578532759196
648,6,286.43454,459.42032,272.18744,478.09787,259.87234,499.4636,7.377169296446305
648,7,342.2909,771.44354,361.79776,781.3183,383.91498,794.0622,3.10109874638638
648,8,755.9012,487.21408,777.43774,491.5604,797.29877,502.49338,17.422005816655876
648,9,614.0824,245.55319,623.9183,262.24918,638.32056,278.73026,10.64615895601708
649,1,234.9719,650.7081,232.93233,654.9761,233.92686,652.93335,179.58175341068633
649,2,621.8254,786.0297,627.5356,774.97906,641.7323,764.5754,26.438420975287862
649,4,559.209,817.4562,558.86053,818.7134,571.3205,815.60645,119.49276505564075
649,5,657.0493,781.8097,634.8751,797.45593,611.7105,814.85486,1.7031832516505654
649,6,286.6399,460.37073,272.72443,477.63367,260.35126,498.96155,8.752167170562737
649,7,340.44128,770.6686,361.05795,781.0021,383.63272,794.3831,4.036092582002877
649,8,757.23395,486.95584,777.52423,490.67322,794.8721,500.68814,19.615869131924214
649,9,611.6499,241.33047,623.277,260.77222,639.3764,279.61008,9.636841389804573
649,3,557.5698,728.6923,575.55554,745.3844,594.5058,766.3307,5.000533966253609
650,1,236.96135,656.5616,233.5522,655.742,232.87312,654.71265,43.06905376105986
650,2,621.02344,784.5662,629.47266,772.9109,646.486,762.2163,21.90738083005282
650,4,562.7691,816.03424,554.2296,816.20465,562.75116,816.08264,179.67735935709095
650,5,655.9839,783.701,632.6554,797.771,609.7365,815.4071,6.483103284010562
650,6,288.64554,457.02454,273.5997,476.98926,259.28787,499.14276,4.138720493275123
650,7,339.1746,770.7453,360.21967,781.0904,382.91226,794.3248,4.073666769010742
650,8,754.0999,487.88992,775.1097,490.49283,793.953,498.72003,16.524197312763036
650,9,610.9807,241.32167,622.966,260.49286,638.96576,279.03677,8.77527665159438
650,3,558.72003,729.90656,576.4662,746.2119,595.04297,767.476,6.281662947817086
651,1,233.36284,653.10205,233.26358,657.72217,230.92584,657.0395,105.04838077488907
651,2,626.46,782.10504,629.8277,772.4818,642.55444,764.9487,40.09067071371793
651,4,528.6414,822.50964,554.17004,819.9268,577.8343,811.39575,14.047282440474003
651,5,650.99207,787.58484,631.2193,798.11145,612.469,811.06976,6.61843952899212
651,6,288.69333,456.92673,273.81918,476.19672,259.789,498.9537,6.009162441082437
651,7,339.55203,771.01807,359.0944,780.51544,381.885,793.814,4.344785339855395
651,8,752.86566,488.3427,774.13434,490.83783,793.36206,497.9982,13.734225227184561
651,9,611.24695,241.62674,623.1946,260.5758,638.8823,278.49152,8.974807853801217
651,3,558.47095,729.70544,578.3635,747.1725,597.5381,768.052,6.152049829517755
652,1,238.55615,653.3043,235.87979,662.0176,236.69601,660.53394,168.2575092423669
652,2,641.6834,768.96735,630.3691,772.2641,629.55585,779.5952,67.42513764319249
652,4,563.329,816.4038,554.752,818.9062,557.10205,816.9172,156.02115518941903
652,5,650.6042,789.03796,630.6769,798.35846,612.3659,809.50073,6.253979601161269
652,6,287.53714,458.14313,272.73816,477.04126,260.20386,499.4199,8.810998680355823
652,7,337.444,769.1307,358.0961,779.8506,381.99948,793.86664,2.9532016137678405
652,8,753.59656,488.5633,774.6563,491.27197,792.8784,499.14078,16.02692707682005
652,9,610.539,240.86993,622.4402,259.49017,638.4515,277.95963,8.337458041023053
652,3,559.7868,731.61743,578.9068,747.8654,597.2282,768.8244,8.483968040825168
653,1,231.05573,655.4671,233.89445,662.21136,236.56102,669.3216,2.269175042887778
653,2,648.2398,763.8454,631.32544,772.8381,626.9023,783.732,39.90408580113376
653,4,576.4316,813.4438,556.5837,818.27936,535.64075,823.12067,0.675796016895392
653,5,652.73505,788.3407,625.6235,801.2985,601.8019,818.7708,10.713513357677538
653,6,287.59293,458.72366,273.3525,477.22476,260.5499,499.0602,7.201652157093329
653,7,335.7311,766.8772,356.86722,779.05176,381.28314,793.6431,0.9211110621981214
653,8,753.6151,488.5686,774.421,491.61475,792.55444,499.63925,15.54126489099769
653,9,608.6088,239.40834,621.4609,258.51004,637.4957,277.1762,6.730126197531396
653,3,560.8945,734.0311,580.37933,748.6226,597.5044,769.71893,14.10364842799403
654,1,230.41577,653.12665,235.29353,664.0077,236.76775,667.35693,0.38866207707076406
654,2,651.7113,762.88385,634.28516,771.82196,625.7744,782.5533,24.42904594743287
654,4,540.16364,821.30896,556.8387,822.11255,572.3992,813.1151,32.79652281728487
654,5,652.65955,788.0966,623.39514,802.6418,596.39575,821.40424,8.367738259531132
654,6,288.7483,458.44086,273.46103,475.90628,260.6958,498.37167,11.589253613171673
654,7,335.99146,766.87537,356.4997,778.8303,380.09436,793.0346,0.8091504160220787
654,8,751.65894,488.44858,772.2008,491.24344,791.4387,501.15356,19.50669908005638
654,9,608.0273,239.17162,620.6947,257.73462,635.71783,276.15662,4.887559794579268
654,3,559.9818,733.44165,581.25397,748.67664,598.83154,769.93414,14.803058881335154
655,2,650.32465,764.8399,636.3486,771.26935,629.74677,779.93835,28.005276944428495
655,4,567.3431,812.7032,553.5351,821.1875,539.98505,820.0668,36.29682640392777
655,5,626.7487,800.31995,628.2227,799.2597,631.9188,798.3458,21.83920823567981
655,6,289.92728,458.48874,274.67383,476.2756,261.41724,497.99612,9.218529431669754
655,8,749.3582,488.16748,770.7566,490.99454,791.0349,500.98877,18.71044047059995
655,9,610.22766,241.74252,619.90314,256.95044,631.88885,272.78278,4.662200436638668
655,3,562.582,735.6628,580.86005,748.23584,596.8828,768.0337,16.492949835948817
656,1,235.90369,668.23267,235.37178,663.0155,232.99619,662.62726,74.89681085041582
656,2,654.2256,762.16705,636.14636,771.51373,627.40027,783.65924,26.903719411865808
656,4,540.07135,822.37573,554.5879,821.06,569.7066,814.48425,18.327229134104794
656,5,612.8841,807.83295,625.55566,800.02673,639.11584,792.9517,4.081543222834403
656,6,273.1278,482.48346,276.1978,475.27618,287.56863,462.45856,18.50495888259012
656,8,749.4835,488.35934,770.7224,491.21103,790.83575,500.45538,17.036935639198454
656,9,610.7714,243.96109,619.3487,256.50342,631.1122,271.6789,3.4146645751722557
656,3,589.8798,757.39923,580.87146,748.2965,571.2932,742.43585,13.837254887808443
657,1,236.50192,650.1148,235.96507,660.8645,241.18893,666.0988,47.801772137867026
657,2,655.24194,763.0915,635.1491,770.8576,631.58954,784.4266,54.16862146404509
657,4,570.6868,815.4804,551.71735,819.89453,536.3286,823.57623,0.35608270981587586
657,5,649.37573,789.1201,623.327,800.52875,595.71216,818.13947,8.874535972837261
657,6,270.05695,487.20276,277.43457,474.92307,291.4706,458.61682,9.723726672850635
657,8,747.8726,487.70642,769.9865,490.8655,790.56256,500.6562,17.316439571811603
657,9,615.14124,250.1069,619.0036,256.02435,625.79755,267.83978,3.233677132723338
657,3,581.2183,751.4596,582.1131,748.5771,579.57324,754.098,172.54083248329178
658,2,656.522,763.44604,636.67847,769.9524,631.36365,784.32465,51.55230883794566
658,4,572.2526,816.61774,552.1097,821.6267,528.6367,824.0578,8.05154463193106
658,5,647.5862,789.4276,622.6319,800.5624,596.3778,817.62396,8.971633013823926
658,6,270.42282,487.6227,277.6779,475.24634,291.39603,458.5119,8.964425275605102
658,8,746.09216,488.07492,768.8184,490.24515,789.7728,499.29684,17.908074491371693
658,9,616.5741,254.91559,618.5055,255.71014,623.2747,264.08633,37.98199416798435
658,3,566.1406,737.8996,582.44806,749.57056,595.45197,768.24646,19.560077153285377
659,2,657.95276,764.0197,637.86914,769.771,633.1755,784.63245,56.492460129204076
659,4,572.8003,816.7252,551.3362,821.2174,527.73615,823.58093,6.101653772184424
659,5,641.88513,793.6434,620.39905,801.5352,598.2912,815.2367,11.620508069705014
659,6,273.88638,483.78662,278.50977,473.95093,289.93494,459.38818,12.939470107502816
659,8,745.235,488.04922,768.33057,490.28735,789.4438,499.0058,16.902468865272258
659,9,613.7397,251.53824,617.9407,255.56114,625.48987,267.23456,13.349760502744223
659,3,564.0889,737.54425,582.1621,749.9207,597.88477,766.62866,12.33697124847885
660,2,659.995,764.4493,640.2894,769.63025,631.45966,783.77716,43.2989480718194
660,4,572.07404,815.1471,548.7405,819.92944,526.1051,823.1982,3.365575748441414
660,5,641.8125,792.34784,618.89935,802.3736,594.8364,817.3513,8.267785143798374
660,6,292.02768,460.9238,279.54434,472.00354,278.6761,475.91388,35.890019606092366
660,8,743.61755,486.73935,767.00006,489.95898,787.5538,498.1486,13.884767650619834
660,9,605.9189,241.38303,617.5778,254.97163,630.38464,274.3892,7.222598119488464
660,3,567.2825,739.7972,582.5159,750.6837,596.3619,764.5763,9.544952074409691
661,2,661.2469,764.4564,642.1611,770.1602,630.6904,784.1312,33.97413612966505
661,4,570.62744,814.75037,547.8222,819.24884,526.0041,823.005,1.3905793259355423
661,5,640.0064,794.18896,616.691,802.98376,595.25476,816.2788,11.140795701157314
661,6,279.35605,477.50156,280.3989,471.7148,290.19977,460.16495,30.101145735976182
661,8,742.04114,485.876,764.3891,489.414,784.3969,496.72842,11.085249138137348
661,9,603.49225,238.14653,616.51843,254.08357,630.0794,273.57642,4.4350001104811865
661,10,331.79404,760.63086,351.05374,774.0377,373.25018,787.34784,3.8930469533009098
661,3,570.9669,741.89825,583.1757,751.61176,594.4323,763.5964,8.287899955300144
662,2,661.6738,764.7163,642.46484,770.33563,631.8271,784.7728,37.309987414524564
662,4,570.0211,815.2354,547.82166,819.993,526.17645,822.67847,5.023635906881983
662,5,639.60516,795.4444,615.16077,803.7558,593.3484,816.54407,11.603796159578572
662,6,270.7773,485.36316,280.2932,471.9541,293.14374,458.55807,8.447408505321928
662,7,330.7846,760.09436,350.51428,773.47833,373.13455,787.1618,2.9810433606794935
662,8,741.3343,485.4253,762.59314,488.916,781.7551,496.06537,11.1359518246187
662,3,574.0116,743.3516,583.7358,751.45123,593.3434,761.1816,5.571617900140493
663,2,662.6457,766.1558,642.7606,769.70404,632.4258,784.9251,45.70702405448154
663,4,568.68353,815.9854,546.14905,818.62994,524.2502,822.6739,3.7693064898544244
663,5,638.961,794.34924,610.97784,806.12994,584.4182,823.9087,10.967221523926622
663,6,265.65472,488.6369,278.09583,469.9363,290.31534,450.02567,2.0965784908281497
663,7,329.9522,759.5742,350.03058,773.3135,372.5286,786.9095,3.2376704649241077
663,8,740.03314,485.07263,760.9389,488.42172,780.1405,496.05533,12.578915531488194
663,9,599.18134,235.67915,614.2009,252.50342,628.9024,273.2685,6.458254052266669
663,3,572.3406,741.1534,584.33545,750.56476,595.81134,760.68945,3.302271389498143
664,2,662.72974,766.22925,642.49414,769.22095,631.9929,784.53925,47.15813561980404
664,4,569.91797,816.42487,547.762,822.1879,525.31104,823.7488,10.603353590266504
664,5,638.7171,793.9576,610.7189,805.4538,582.7882,822.63,9.26649830441713
664,6,274.20468,472.96887,278.76614,469.0082,283.15604,460.32846,22.204028897573007
664,7,329.71765,758.94336,349.2079,773.3871,372.52985,786.6188,6.972882848348845
664,8,739.482,485.32016,759.83435,487.87152,778.6089,495.41473,14.743903676827593
664,9,596.4116,235.57513,614.46686,251.63887,628.5458,273.38226,15.417323950687795
664,3,586.0528,750.7358,584.237,750.19196,580.28253,744.5692,38.20858563155245
665,2,663.04236,768.32043,642.1862,769.94653,632.9915,785.9597,55.67755863301262
665,4,533.68036,822.9847,543.33435,823.13214,559.087,818.1977,18.26808705964799
665,5,639.21826,793.31067,610.1175,804.9108,582.8072,823.4819,12.482536827594632
665,6,293.71246,446.44485,281.13837,466.9633,265.22104,487.95596,5.669841618541513
665,7,328.31113,758.0503,347.9207,772.4168,372.01514,786.51416,5.896245207899327
665,8,738.9905,485.90576,759.2347,487.78812,777.9297,495.01007,15.809518479609395
665,9,595.9952,235.46849,614.37146,251.21472,628.43384,273.26337,16.878184533725772
665,3,575.80853,743.4747,584.1892,749.89136,592.1967,754.0984,9.722776290733108
666,2,665.9196,769.16034,646.54205,770.9219,633.33453,784.5622,40.72930595017203
666,4,529.1089,823.649,542.12354,823.4345,560.4272,818.0819,15.356547953574578
666,5,638.7395,792.86487,608.2428,805.5386,579.2736,824.6374,10.829474058061946
666,6,294.73077,445.48764,281.29736,466.06522,265.03763,487.4528,4.106417620472369
666,7,327.07443,757.4905,346.76816,772.0244,371.27985,786.66003,5.5863366623916795
666,8,737.0168,486.09293,758.4671,487.93192,777.8685,495.48166,16.362531656938252
666,9,596.87164,235.79869,614.41986,251.67859,629.05725,273.3667,13.841580837269198
666,3,566.1245,733.62445,585.0045,749.32745,607.1576,766.86993,1.3762926936075142
667,2,666.5022,769.74207,647.4099,770.9062,634.58203,784.61725,43.41681319856165
667,4,526.0303,826.72345,541.1166,824.13965,561.9921,815.7358,12.20960493522031
667,5,637.7585,793.6928,605.81323,806.13275,576.1776,825.8467,12.355610388973846
667,6,295.2393,445.08878,281.78015,465.80716,265.191,487.76385,4.063703388824273
667,7,331.0551,761.0675,349.093,773.6604,371.25098,787.2932,3.318240077022115
667,8,736.6336,486.8069,757.9161,488.51093,777.53375,495.34647,14.632490941206193
667,9,596.16516,235.94443,613.42303,251.55975,628.6286,272.6774,12.105042369947178
667,3,566.6291,735.7461,584.7895,749.07196,604.67474,764.381,1.3208616513041742
668,2,665.9948,770.4129,646.7389,771.16534,635.2187,785.44415,48.86551880353413
668,4,529.9269,824.8189,541.5485,825.2504,557.8773,816.5258,30.24239889847453
668,5,631.6596,795.26447,605.78174,805.89984,579.9697,820.73627,7.547900594694942
668,6,295.956,444.31772,281.82053,464.94406,265.26123,487.8949,1.3876209479914283
668,7,331.45923,761.3909,348.84152,773.5779,370.39713,787.27185,2.6075946059317183
668,8,735.99445,487.41208,757.1295,489.08685,776.93744,495.7125,13.9640562439479
668,9,595.8633,235.60191,614.1575,251.19916,628.697,273.1446,16.024057093649365
668,10,330.21133,761.15686,329.42834,762.1717,330.4149,761.7774,149.43676507092178
668,3,598.31116,754.60736,585.46796,750.9848,572.64343,740.24835,24.183784369798687
669,2,665.9347,771.2261,646.703,771.1909,635.6295,785.818,52.97704909300098
669,4,563.7953,818.0193,540.5286,823.8002,522.83575,825.3653,8.898036675673868
669,5,635.84247,795.3069,604.57837,807.4686,572.9585,824.1679,6.583651427573162
669,6,295.08163,444.0438,281.6769,464.92172,265.3933,487.31,3.3268431029335175
669,7,330.37003,758.9729,346.78647,772.1631,368.74176,786.1999,6.188683759075333
669,8,734.98706,487.29007,756.4177,488.6061,776.71625,496.66953,18.15094381951265
669,9,596.32495,235.93153,614.18176,250.98647,628.3309,273.11002,17.2651133896484
669,10,325.43573,759.5823,337.92325,768.7917,352.37064,776.4708,8.416666260360174
669,3,610.10205,758.55896,586.28925,750.7495,567.51215,732.94855,25.31436607375729
670,2,666.8588,772.54767,647.2771,771.48,635.69824,785.61804,53.80398588015862
670,4,561.2076,818.13727,539.67804,823.2311,522.8374,825.77924,4.707026478142958
670,5,632.95557,795.1913,605.1947,808.76886,571.63495,823.6015,2.2184968132024068
670,6,294.02704,443.8722,281.2488,464.82117,265.256,486.7596,4.709606006636738
670,7,326.98773,758.14,344.76187,771.569,367.42365,784.2001,7.938128708406884
670,8,734.56134,486.98157,756.3283,488.71176,776.62646,496.2817,15.907648241514487
670,9,595.13837,234.98999,613.3288,251.12282,627.52924,273.04132,15.492461772272039
670,3,567.07745,732.317,587.85876,750.3486,617.7367,758.331,25.98933953913071
671,2,667.8897,772.7272,648.5975,771.5457,636.169,785.6831,52.18506590198398
671,4,564.67535,818.7363,538.98346,823.0728,514.50305,824.8567,5.412726888732045
671,5,598.905,809.0881,608.33014,805.73755,615.1333,809.0026,45.207730646954204
671,6,293.857,443.2498,281.66827,464.16898,264.9106,486.08813,7.171104022738519
671,7,324.61612,756.8781,342.6204,770.3159,365.3653,782.7231,8.124388891161912
671,8,732.6201,486.55786,755.1344,488.78574,776.2293,496.09637,13.463014534864245
671,9,597.8233,235.742,613.8343,252.80847,627.39966,273.90436,10.4299618852457
671,3,566.94836,732.29297,588.3592,750.985,618.10675,758.723,26.540666834193416
672,2,667.7328,774.47253,648.3263,772.0342,636.531,786.0517,57.08195127095738
672,4,564.71,819.5351,538.06287,823.40015,511.7332,824.9871,4.8037101353621345
672,5,582.0927,817.92145,607.8392,805.9982,630.29816,798.2097,5.722965236367075
672,6,294.15063,442.35205,282.11487,463.09732,265.49905,485.34344,6.635396065271601
672,7,324.85513,756.89056,342.37646,769.5284,364.5037,781.546,7.295142085014295
672,8,732.4066,486.07593,754.76215,488.61514,775.9316,495.77924,12.216611138211368
672,9,602.95715,238.2769,615.8081,254.54817,628.2005,273.58878,5.243702261269821
672,3,568.29425,732.26227,588.50934,751.2874,617.54584,759.65393,27.189363560952874
673,2,670.4147,774.72864,650.37286,772.6632,637.86896,786.6142,54.0148623465674
673,4,551.14307,822.00195,537.9462,824.05853,525.5643,824.18774,8.259801668803874
673,5,591.76825,815.6216,605.86035,808.43085,615.7658,803.4162,0.1834539611091176
673,6,292.42877,440.6147,281.6289,462.37775,265.51666,484.826,9.276143079164552
673,8,730.9226,487.15152,753.5916,488.54083,775.02966,495.02637,13.32477084859369
673,3,612.66156,752.5671,588.6642,752.6884,575.7064,738.6413,47.59971699788187
674,2,672.31537,774.6928,650.10223,772.9653,637.40704,787.5947,53.496122719457006
674,4,561.00574,820.6909,536.75824,823.1472,511.71155,825.53986,0.3286493810354792
674,5,628.68866,797.62366,600.43134,810.1483,567.6599,825.0255,0.5120549030071944
674,6,291.18457,436.86557,281.9149,460.38376,266.0263,484.07474,12.336315898787529
674,7,323.34488,755.37463,341.1026,768.05133,363.36633,781.1302,5.089774540802699
674,8,728.61273,487.3392,752.38434,488.28638,774.1172,494.78027,14.35472218678973
674,9,613.9399,244.17958,618.30707,257.36206,628.6989,269.40018,22.47285060461778
674,3,614.514,758.8095,588.9775,752.55927,571.57806,737.46,27.19833093920424
675,2,671.16187,775.9506,649.92694,773.3324,636.00433,791.8942,60.156642952591284
675,4,560.93494,820.84705,536.2291,823.11646,510.83032,826.4494,2.227477252379825
675,5,618.10846,805.16864,598.2321,811.6302,571.6806,822.45685,4.174950626257735
675,6,292.3968,436.16376,282.6968,459.48633,266.81827,483.11667,11.316683518609457
675,7,321.456,754.26404,340.04858,766.9788,362.84338,781.1748,2.4531178718061577
675,8,727.30206,486.67667,751.0949,487.8684,772.86304,493.59607,11.874162596945732
675,9,616.0945,240.86128,617.53986,256.78125,629.61017,274.64664,28.85631657314651
675,3,616.206,761.5837,590.9058,752.9544,571.8866,737.3848,20.471297703121365
676,2,670.9139,776.5819,650.09644,774.50226,635.7862,792.12537,56.627747883123085
676,4,558.9181,820.1514,535.06,823.666,511.76752,827.22034,0.2967354455961293
676,5,618.2083,800.7634,595.4236,811.44934,573.1943,825.095,6.417623885861179
676,6,293.65894,435.78458,283.26474,458.66605,267.31345,481.7014,10.27092382858898
676,7,320.44806,754.10016,339.45642,766.6004,362.73578,781.29614,1.066245024003968
676,8,725.90283,485.92468,748.28925,487.58203,769.66187,491.85388,7.06893901165242
676,9,620.69073,242.94662,616.84064,256.32855,630.7358,271.73892,58.09117427717286
676,3,619.3875,760.6039,592.9422,754.6476,573.586,739.43787,25.466585279609834
677,2,672.9646,777.13104,651.7914,774.71625,636.7471,787.27026,46.350401896375814
677,4,556.95105,820.87085,533.83417,823.491,511.92947,828.1726,5.5974116877750735
677,5,626.29865,800.2218,595.3354,809.90393,565.1622,825.72546,10.30625905904082
677,6,293.967,434.00095,283.7967,457.29132,267.68185,480.25464,11.470112196231183
677,7,319.90417,753.6639,338.95184,766.3728,362.31226,781.54407,0.7102429337162223
677,8,725.8423,486.07678,747.26404,487.1523,767.772,491.7745,9.827132782039333
677,9,623.0089,244.24629,616.9985,255.90031,630.5115,271.22446,68.68814483464048
677,3,575.52985,739.07556,596.6802,754.71423,621.6684,764.0814,15.930234817421743
678,2,673.6892,777.82855,651.2681,774.561,637.25745,787.44165,50.88551712070788
678,4,554.5144,821.18726,531.1687,823.56683,510.4359,827.9646,6.155968219944705
678,5,625.5949,801.29895,593.716,809.5336,563.1129,826.219,14.116494318579491
678,6,295.58685,432.37695,284.81955,456.04453,268.7141,478.9758,10.619043368194896
678,7,319.84695,755.0714,338.95123,766.6897,361.89444,781.4879,1.5158156547800794
678,8,725.5153,485.59882,747.0757,487.3591,766.8743,491.36987,6.784372727844841
678,9,624.2669,244.50388,618.1447,255.52414,631.0124,271.40106,68.0774284535865
678,3,575.48047,738.29736,596.8143,753.661,622.70306,763.124,15.681088173250494
679,2,672.6529,778.6781,650.60443,773.29425,636.4418,792.0317,66.63834804800577
679,4,553.95654,821.1677,530.4199,823.7122,512.5954,827.1465,4.7354896527955
679,5,625.6577,800.94135,592.61,809.99005,561.02454,826.78955,12.69469807185816
679,6,295.64252,432.10693,285.4592,455.83603,270.0553,478.03424,11.531227129946595
679,7,358.9321,781.07886,339.61612,765.89685,317.29816,759.2808,21.65457534096386
679,8,725.17615,485.8274,746.12585,487.5111,765.98846,491.11322,5.684031017074287
679,9,624.9173,244.50627,617.8386,255.90465,630.87915,271.24268,72.21279063829257
679,3,576.4232,738.0709,597.12775,753.46387,622.683,762.8107,16.53919970891606
680,2,674.2288,779.932,652.4555,773.63477,637.3756,792.0415,66.80446419263326
680,4,552.32825,821.4486,530.3477,824.6058,508.44147,826.433,3.4057082821978075
680,5,624.8244,800.8056,591.37646,810.9838,558.9673,827.96423,10.726750595078194
680,6,296.31027,431.89877,286.32565,455.2604,271.13788,477.17807,11.578334880673673
680,7,358.87463,781.339,339.2914,764.65826,316.1816,761.5802,32.83717965085752
680,8,723.6034,486.39047,744.68353,487.7212,765.2412,491.1488,5.853839801728617
680,9,625.12213,244.23694,617.65076,256.06363,630.74445,271.27448,73.00446116180917
680,3,578.11566,737.67316,599.2359,754.0895,626.3798,763.7082,18.344891361393497
681,2,677.93976,779.2215,655.6844,774.73425,640.4566,785.7123,47.18806265897832
681,4,554.16876,821.07117,531.3686,824.4774,509.3588,825.9408,4.693022491027376
681,5,623.66956,801.36554,590.9437,810.70123,559.7394,827.49854,12.371719633272658
681,6,296.5022,431.49048,286.59274,453.8638,271.665,476.36957,9.666499274964673
681,7,317.66187,763.7021,339.81067,764.7345,359.15073,781.73004,38.63941622135095
681,8,723.02747,487.49417,743.83453,488.74252,764.31573,492.026,5.674506270245541
681,9,623.514,243.41582,617.6496,257.29507,629.3124,272.85794,59.753252921601515
681,3,577.0754,738.2785,599.221,754.25256,628.02234,764.24634,16.667356973401045
682,2,678.4831,779.04816,656.35803,774.1481,641.35834,785.6776,50.03559111060115
682,4,551.8418,821.2131,527.4104,823.98126,503.83527,826.8348,0.43700725397602724
682,5,621.1832,801.58484,590.0009,811.08276,557.6853,827.0817,9.398938875849451
682,6,296.77777,430.8934,286.00647,453.58755,271.56003,475.99796,7.416720319075996
682,7,317.58466,765.2217,340.3319,765.93146,360.1126,781.67755,36.73374854845584
682,8,722.01715,488.21262,743.0221,489.0736,764.06775,492.77512,7.627893987573155
682,9,622.5507,242.26234,620.67615,256.78455,631.7069,272.9193,41.71426999598376
682,3,577.4395,738.4859,599.42487,754.43225,628.27264,764.02,17.569419716786662
683,2,678.1819,776.0037,656.24725,772.8883,642.443,781.33295,39.53962424508021
683,4,551.04297,820.9606,527.05426,823.8812,502.6983,827.4684,1.436676945136486
683,5,618.8995,802.2415,588.7949,811.6501,557.6114,826.2636,7.753625374949779
683,6,295.52194,430.87793,285.1428,452.97034,271.07947,475.34134,6.990723340078919
683,7,361.02768,781.67474,341.37802,766.19653,327.05487,763.7619,28.580960254354014
683,8,721.13983,488.33704,742.33905,488.8508,763.763,492.63873,8.638428323925808
683,9,621.7348,240.83058,621.1737,256.79816,631.5898,274.4136,32.60849813165705
683,10,360.1857,781.7185,341.7973,766.4332,324.2248,768.14996,45.31468508444649
683,3,578.30725,738.88275,600.3649,755.2404,628.98425,764.74304,18.19212912536975
684,2,678.56165,776.559,657.1754,772.29926,642.7032,782.18695,45.60650023480354
684,4,551.36945,821.36035,527.33356,823.5126,501.7898,827.2177,3.1363762100171586
684,5,616.59094,802.70337,586.9996,812.05536,556.38586,826.84033,8.239880862000806
684,6,295.25327,429.02457,285.57117,451.34265,270.84677,474.21506,9.319580290571228
684,7,352.0354,780.9829,339.80518,766.03485,326.68936,764.03827,42.0550876120962
684,8,720.37964,487.85056,741.99896,489.03485,763.3172,492.63147,6.440741901835198
684,9,621.894,241.87762,621.26636,256.8835,631.5597,273.39627,34.33262992783888
684,10,357.46188,781.7355,342.7141,766.2859,327.32938,768.47864,54.44296296765467
684,3,579.6169,739.9378,601.72064,756.0703,629.7765,765.23773,18.02885076077032
685,2,679.066,776.5659,658.5205,772.8828,643.42993,783.86993,46.22079436067753
685,4,550.828,821.3605,526.9956,823.9488,501.2385,828.6021,4.042395308153975
685,5,614.39417,803.5105,584.68506,813.16907,555.1309,827.257,7.476745946161009
685,6,295.37314,427.75742,285.66882,450.49863,271.03592,473.8196,8.997175324072156
685,7,327.34238,760.4278,341.74698,767.83215,350.39532,779.2719,25.70666795345126
685,8,717.3298,487.27563,740.18225,488.35794,762.59,492.1271,6.836699290274223
685,9,621.3082,240.62115,621.2244,256.87103,631.4945,274.29083,30.817527918544958
685,10,357.5089,782.3963,345.7276,769.7727,328.42142,763.9076,28.255008290463845
685,3,579.9493,739.91925,601.3666,756.62506,629.506,765.3253,20.773973055893904
686,2,683.3478,780.9218,662.2891,774.1516,645.0275,784.8436,49.59672883272976
686,4,550.50275,821.33844,526.93036,823.7969,501.10562,828.1429,3.5986398418114596
686,5,612.8456,804.77246,582.8413,814.37714,554.0108,828.1734,7.822075722599964
686,6,295.065,425.45047,286.2115,449.4618,271.72372,473.06775,11.29877886339194
686,7,328.93777,760.39197,344.53528,769.3244,354.93597,782.0937,21.037823421918525
686,8,717.4588,487.21292,740.0426,488.0528,761.96906,491.95862,7.970531502026522
686,10,358.36066,785.03253,351.41376,775.0149,342.73022,771.5903,33.73664196118818
686,3,582.8827,741.05206,602.6365,757.2752,627.601,764.19946,23.8930792547386
687,2,678.9145,782.2034,663.86707,775.7974,651.5644,785.1201,60.21451501717666
687,4,548.67804,820.8806,525.2016,823.4506,501.95496,827.24146,3.0143481089125084
687,5,608.8627,808.13934,582.06665,814.7268,554.3698,826.30725,8.878962266201844
687,6,297.60635,423.355,287.11493,447.99948,272.6399,472.2826,7.738955243038716
687,7,329.71585,766.33844,346.28058,771.26605,356.4286,784.278,35.48289398378222
687,8,716.9595,487.17487,739.81964,487.79694,761.3501,491.61905,8.507615787597656
687,9,620.90094,240.6069,621.75964,256.48987,631.5054,273.67395,26.464518747413223
687,10,355.94418,789.1885,355.52188,783.1413,354.8431,781.2246,15.50626386957572
687,3,582.08716,740.9012,604.1096,757.9665,631.492,766.614,20.24583272891279
688,2,654.50653,782.4535,665.1994,776.6033,679.1684,785.7323,61.849140816754705
688,4,548.2032,820.6646,524.14624,824.0976,500.27417,827.4558,0.11364091540157657
688,5,612.40125,804.34625,582.75653,811.79193,552.3569,826.0459,11.022194430154268
688,6,297.43683,423.24643,287.18408,447.21945,273.38086,471.0013,6.975948459631962
688,7,338.73227,769.94403,349.57312,774.27594,358.59677,786.0998,30.86886521597286
688,8,715.2087,487.39633,737.6553,488.45093,760.15155,491.28873,4.499627487987373
688,9,620.94604,241.9358,621.50867,256.30475,631.688,272.53702,29.849703372000604
688,10,356.7502,790.7407,355.3087,783.4495,353.79355,780.61163,16.913952741164472
688,3,582.3336,741.0154,604.66486,758.63116,632.64484,767.82477,20.078425784859903
689,2,668.8399,782.6908,665.3404,777.02295,664.26855,785.64703,141.2228452676611
689,4,544.87585,820.1161,522.475,824.6649,498.84457,827.7122,4.130621005557395
689,5,612.57196,805.85657,582.67554,811.05115,554.84454,824.7404,16.33437163263637
689,6,298.12552,422.37244,287.835,446.5966,274.4737,470.0437,6.6605000239406245
689,7,338.36356,770.5848,349.3776,774.14343,358.49585,785.9944,34.519169322511125
689,8,713.50885,486.73306,735.94275,487.40298,757.461,490.72247,7.059108473545532
689,9,621.07776,242.23444,621.1139,256.1866,631.7038,272.05624,33.56705349683071
689,10,356.81494,790.5727,355.1423,783.5308,353.69135,780.7745,14.400905046348898
689,3,583.2868,742.6346,604.41425,758.63654,631.0798,767.91095,17.962371494211222
690,2,671.6431,782.71246,666.312,776.7934,661.2269,785.5479,107.84137253997528
690,4,542.2867,821.3357,519.987,825.68384,495.58783,828.41064,4.656608974798153
690,5,611.5389,806.35724,580.0325,812.00037,549.8422,828.2468,18.131694538881554
690,6,298.61157,421.39883,288.63757,445.63898,276.48224,468.18515,5.964928176655989
690,7,337.9661,771.12787,348.99045,774.4371,358.61182,785.95856,33.42710682249065
690,8,722.73596,486.45825,733.2067,487.43274,744.28644,490.10352,8.235614406686798
690,9,620.3318,242.2774,620.1856,256.7735,630.1785,272.68402,32.70944399297935
690,10,356.94073,788.8736,353.87875,783.2699,352.77563,781.4489,2.553589745715059
690,3,583.0556,744.0095,606.1453,759.1742,632.4188,769.47504,11.887515967672675
691,2,686.72046,777.5539,664.89886,776.27905,647.49054,780.62006,17.345375429809117
691,4,541.08514,821.7166,518.1603,824.87646,494.2068,827.442,1.7344936184359316
691,5,611.35364,806.49664,578.59344,812.4699,549.22327,829.15326,19.26479077905492
691,6,299.60703,420.6691,289.48965,443.9741,277.59686,466.03217,4.864578424753065
691,7,327.42227,770.29095,343.42105,771.02765,357.72723,783.1032,37.53061020208073
691,8,710.24457,485.3301,731.1161,487.94714,750.83606,491.284,2.4572633669889363
691,9,620.7232,242.31345,620.7519,256.26715,631.59283,271.76297,34.85901530698976
691,10,332.9925,775.63446,336.34525,766.88135,328.50555,762.1126,79.64724506496515
691,3,583.98016,743.8343,607.85443,758.7229,633.8513,770.9477,6.763903426716131
692,2,677.4153,776.64514,662.35944,777.99115,647.3697,784.3309,17.816576516702764
692,4,541.74426,821.1091,518.61316,824.59357,494.50378,826.2296,4.684541507625096
692,5,546.85004,828.43176,577.6215,813.01666,610.5929,806.0316,14.647381253658125
692,6,301.7859,418.40558,290.61322,442.21692,277.82672,464.49078,4.721652873587292
692,7,329.95032,769.9164,343.07648,772.2355,356.07526,783.73584,31.48058381836095
692,8,709.8802,485.28528,729.76074,488.02057,748.92096,490.9322,0.806243231322819
692,9,620.3779,242.20694,621.063,256.38953,631.73773,272.15707,31.332894098586035
692,3,584.259,743.7778,608.1233,757.7625,633.96515,770.2951,4.498626171473907
693,2,674.819,776.7852,662.1288,778.44604,648.39954,784.94116,17.86197022393377
693,4,541.298,828.6428,521.3502,834.42035,510.7494,838.6659,5.672917262766869
693,5,543.7841,827.9457,576.664,814.10144,610.14124,805.1166,7.810398798053655
693,6,302.0354,418.0551,291.13858,441.4585,277.82065,463.67905,5.969363015878505
693,9,619.8849,241.99245,621.88715,257.06952,631.5781,273.92593,22.330456782934217
693,3,585.2399,743.6341,608.8621,758.12286,635.07764,770.2618,6.6768802924711865
694,2,684.629,773.9074,663.8063,776.1532,645.0895,781.73975,10.463468498038226
694,4,538.5724,829.4471,526.60156,833.7038,518.8777,837.4888,6.531588753146737
694,5,541.9685,827.8617,575.6934,814.6156,609.83136,804.90515,5.565106813294148
694,6,300.73053,418.47882,290.47458,440.58887,277.33026,462.4224,6.164274634836782
694,9,619.4578,242.94873,621.74176,257.86188,629.96454,274.65582,17.38048498305932
694,10,357.40308,784.8601,341.71106,767.2589,321.16336,767.46906,48.86795368211853
694,3,585.8436,743.7596,609.71704,758.66254,637.0231,770.8939,7.845052503171388
695,2,695.3093,772.8873,673.57306,776.8322,652.5253,780.5011,0.3986039287160313
695,4,538.9926,821.0573,516.4546,825.6826,492.7237,825.17224,12.829398774548524
695,5,541.41614,827.54926,575.17004,814.8004,608.28235,804.78644,3.864877668602909
695,6,300.0835,418.10922,289.78836,439.93024,275.91504,461.49026,7.502317553230132
695,7,321.78403,766.5836,341.71384,768.0534,357.32617,785.74536,44.35525447943236
695,8,708.2341,485.01334,727.9326,489.25696,747.824,491.3887,6.040333576021041
695,9,619.03973,243.34126,621.65375,258.38593,629.74854,275.23215,15.808026720695398
695,3,585.97064,744.17004,609.32574,758.394,635.95544,770.63885,6.648653038900173
696,2,694.6647,772.5401,673.5407,776.65375,653.383,781.0403,1.2570992016754137
696,4,538.218,819.5889,516.2783,823.694,492.6175,825.20294,6.948732944503938
696,5,540.6836,827.4622,574.4675,815.13196,606.61774,804.69867,2.071693299207344
696,6,300.22873,416.85074,289.56573,439.23364,275.49258,460.97897,7.437459580342078
696,7,323.4685,764.9888,342.74802,770.5976,357.5689,786.7455,31.232735794388127
696,8,706.273,486.2378,726.716,488.54276,746.9469,491.46298,1.7804823230929823
696,9,620.0459,243.33829,621.3347,258.28238,629.55414,275.22543,20.94983120183922
696,3,586.21326,744.4245,609.5198,758.6232,635.9251,770.8956,6.422876930344931
697,2,695.45886,772.5029,673.71045,776.641,652.9615,781.3673,2.0592805412675808
697,4,530.7225,820.89856,508.8599,826.9508,488.2084,824.0053,23.591019813931048
697,5,541.19464,827.5697,574.415,815.2082,605.2279,804.24316,0.8218674891944954
697,6,300.39996,414.6557,290.1467,437.93954,276.20953,460.09998,8.399897439817416
697,7,325.3138,763.79736,343.25314,772.09564,356.9294,787.6866,23.918917646414208
697,8,728.142,488.79642,725.9045,489.47058,725.2408,489.49298,14.834330831218711
697,9,616.52484,243.11382,620.1912,258.50763,628.5913,273.25757,16.264818839841013
697,10,356.29312,789.53516,353.8469,784.1396,354.49606,780.57904,34.72130959842862
697,3,586.15326,744.6943,610.477,759.3067,637.531,772.92755,4.271363711462168
698,2,696.14764,771.3753,674.994,777.03064,653.6718,781.28046,3.6955455025267745
698,4,531.77826,819.99207,509.70874,826.43097,488.5613,824.7378,20.84253612218785
698,5,539.70074,828.1198,572.83575,815.9915,603.09155,804.38727,0.8793776328341717
698,6,300.46347,411.13675,291.00018,436.34622,276.8723,459.53052,10.781547260954454
698,7,325.96588,762.5279,342.53998,772.3764,355.09146,787.6441,19.857335190795848
698,8,746.1708,491.4948,725.1005,488.61108,703.71246,485.1514,1.3953557850941454
698,9,617.4811,243.23941,622.30255,258.7006,630.3957,276.7767,6.799590710826478
698,10,359.648,779.2173,355.79498,785.2467,356.01956,791.44543,34.65501912175402
698,3,586.1563,744.9254,610.57153,759.6703,636.8406,773.8721,2.731941499153879
699,2,696.451,770.5774,674.8097,775.8587,653.99866,781.48627,1.4172030467131902
699,4,485.67056,822.99896,509.9018,826.5233,532.8433,822.05756,19.290795882939623
699,5,599.9248,805.46814,570.0477,816.85333,538.12616,827.4121,2.557419427692401
699,6,301.29108,409.40027,291.66074,435.1603,277.97052,458.74295,9.637881758329693
699,8,745.4917,491.6747,724.3468,488.47052,703.9011,485.12558,0.6749268154597327
699,3,586.1248,746.3596,609.677,760.9086,633.6211,775.61414,0.14935344105781187
700,2,696.9051,770.4186,675.24603,775.23596,654.08325,781.74554,4.558101793211551
700,4,484.9364,823.7329,506.693,825.9933,527.6914,823.0647,13.871056231273696
700,5,597.917,805.62964,568.6231,817.53357,536.032,827.1742,5.636490255425203
700,6,300.9367,408.82742,291.87732,434.28525,278.84302,457.93045,9.276969311652284
700,8,739.74963,490.62027,723.82526,488.58887,711.1871,486.67868,1.3250034052527089
700,9,610.34625,252.63461,623.34705,259.37616,628.7103,275.74158,44.44602641506571
700,10,361.7357,782.6148,347.25284,768.51135,338.7505,755.34705,12.903412406012366
700,3,586.06555,746.79224,609.6526,761.20776,632.4617,776.65564,2.6767144514792367
701,2,697.3226,769.55994,675.553,775.0624,654.76306,781.6981,3.5171937059644307
701,4,521.7406,821.48315,505.6122,825.6028,487.02216,826.0944,12.813655612125057
701,5,594.31396,807.7516,564.21173,819.2134,532.23865,827.0373,7.0946174812210465
701,6,301.23795,408.0612,292.73355,433.09988,279.74112,456.91867,9.851074938285432
701,7,361.09518,784.00446,350.26407,770.5918,338.07983,759.95483,9.95682558744555
701,8,742.9515,491.32312,722.9438,488.43698,705.24927,485.81778,0.2130624551327921
701,9,612.18756,263.06876,621.8743,257.47977,623.17474,273.59076,115.36904179489366
701,3,586.6408,746.9069,610.15247,761.4675,632.95233,777.63794,3.575879310516131
702,2,697.8908,768.9286,675.5398,774.5598,654.6845,781.41205,4.0474304342004865
702,4,524.80975,821.5067,504.84286,826.1128,481.42816,826.1307,12.94633140381207
702,5,593.6545,807.1595,564.61804,818.45685,533.55554,826.3576,6.9892640898371505
702,6,301.67435,406.09665,293.80798,431.9672,281.27402,454.77457,11.878560060669791
702,7,361.72025,784.5188,349.24112,771.46783,342.6053,758.33167,16.915889458723743
702,9,623.2463,265.58804,621.8662,260.75702,610.50726,274.16116,123.7784609051954
702,10,360.54892,781.7634,347.74734,769.9378,341.06815,758.2205,17.584969065541664
702,3,586.41547,746.961,609.5379,761.39526,632.3641,777.64557,3.4730510366050056
703,2,696.3382,768.1905,676.0741,774.61365,659.26355,780.19336,0.7750597492201806
703,4,522.68365,823.7448,504.18225,828.3571,482.4952,824.88214,23.10149662171597
703,5,579.9309,807.13684,564.7957,816.6328,547.5855,825.1425,5.794203008257804
703,6,301.92484,406.45932,294.0317,431.99017,282.19092,453.6075,11.53197879499247
703,7,362.00812,783.96515,346.97025,772.1656,335.1348,763.39777,1.5884385760862239
703,8,740.0915,490.7229,720.42236,487.93256,704.313,485.28513,1.2581883841177435
703,9,623.03296,265.47098,620.6959,261.0287,607.6117,270.03006,96.77793935821215
703,10,361.28415,784.3273,348.37015,771.75635,344.06116,761.32056,23.335298779245736
703,3,586.1326,746.9583,608.91425,761.0064,631.459,776.41394,2.6898452358759823
704,1,205.72574,592.7834,218.26794,618.96704,224.42715,617.4483,78.25682942276674
704,2,699.894,767.8691,676.79626,774.17633,654.57086,780.71094,1.1104747329176856
704,4,517.62006,824.7259,501.78537,827.4681,480.9482,823.8032,19.800019064622575
704,5,597.4868,807.9254,566.1881,815.80505,532.9957,827.07605,4.624740141847461
704,6,302.50378,406.10342,294.70337,431.24838,282.84827,453.31708,11.009451278141823
704,7,361.59888,783.11475,347.78934,770.07336,348.13104,758.3804,48.312565045783174
704,8,716.41675,487.84406,718.824,487.99225,723.5794,488.43158,1.7552428299292626
704,9,618.4779,256.61435,619.71893,260.50067,612.25354,264.87225,77.35758771748338
704,10,361.52658,782.8381,348.5611,771.7779,342.1647,762.23663,15.696609431713656
704,3,585.91595,747.58026,609.22205,760.9325,631.36633,776.33856,5.01805582606342
705,1,200.41486,586.0069,216.26361,607.14307,226.51463,609.1158,42.24306850437087
705,2,698.2596,768.77496,676.14417,774.3068,654.8864,780.6626,2.602334782100387
705,4,513.5122,824.6941,500.17786,828.22485,479.6856,823.9468,26.622847500210973
705,5,596.97577,808.2195,564.34674,816.0097,531.37067,827.8059,6.255108084395107
705,6,303.73657,404.31012,295.06784,430.20224,283.27332,452.8077,9.042875566821348
705,7,362.1018,782.47186,347.28574,770.06476,350.2846,758.4317,64.51238206851299
705,8,740.0827,490.62094,718.3663,486.79468,696.1196,483.54974,1.6938506201323271
705,9,616.3228,264.22015,620.48706,259.48975,620.61346,265.87653,137.5082547652604
705,10,361.98883,782.15216,347.44028,771.6679,343.1882,762.34454,29.70586208607812
705,3,585.9195,747.8035,609.0237,760.89325,630.8102,776.14935,5.468090007700077
706,2,698.17004,768.172,676.7041,773.96564,656.0588,780.61414,2.746091658409295
706,4,508.16714,824.7788,497.4185,829.44617,478.81815,824.56055,38.18883698736104
706,5,596.23004,807.41583,564.2877,816.13965,531.03375,826.6244,2.22413583450566
706,6,303.92892,403.96472,294.51822,429.44897,282.75986,452.18427,7.079421033027038
706,7,345.22058,765.33057,350.48773,772.7643,362.5868,781.9149,17.579994723054877
706,8,737.13434,490.22153,716.0246,486.41672,695.0514,483.06116,1.1274380798633696
706,9,624.73376,273.93842,623.45404,261.86188,623.9314,270.65567,177.0582882693341
706,10,362.79053,781.8947,350.13474,772.6618,349.21796,764.3584,47.58724303117863
706,3,587.0691,749.5521,610.40125,762.0971,632.1052,778.92334,9.519442257866185
707,2,699.3612,767.36835,677.7214,773.42316,656.3864,781.126,4.220161325214198
707,4,517.92096,825.478,497.4679,826.9164,475.38474,823.58,12.61407127228538
707,5,528.4977,825.774,563.7072,815.4098,596.4418,806.2675,0.7984389935003304
707,6,304.56537,403.53207,294.49933,429.0202,282.60684,451.59695,6.227810873897957
707,7,345.29434,767.0595,353.7163,774.09,362.88153,782.6383,3.150637681228381
707,8,735.1566,490.72125,713.9512,487.21002,693.8598,483.38812,1.3687361034873018
707,9,624.1215,275.84613,622.95374,261.77664,626.2086,270.0503,163.26990086794464
707,10,349.04684,766.8773,352.78207,773.9853,363.00308,782.3092,23.119028807403364
707,3,589.35706,752.31647,613.57965,763.8882,633.5392,783.12195,18.404206120600385
708,2,699.63043,767.27637,678.24475,773.49725,657.10565,781.1174,3.6038050164987987
708,4,524.3481,822.6161,499.22406,824.0532,475.32547,825.29895,0.28939100670166956
708,5,527.98267,825.6258,563.21045,815.3964,596.0846,805.8588,0.03426402009603798
708,6,302.23413,408.25186,294.69263,428.23886,284.85358,449.96393,3.69278928758649
708,7,350.16904,767.27673,353.19638,773.07166,361.74765,780.92975,19.835738240231446
708,8,692.02216,483.06757,712.5274,486.43234,733.29254,490.3989,1.4956711734959287
708,9,622.81177,276.9201,622.09674,263.0164,628.8174,268.8112,133.71315492001906
708,10,354.599,765.56476,352.12466,772.8458,363.9315,780.76556,74.9165939294685
708,3,590.0532,753.42456,614.66644,763.9328,633.82947,782.8162,21.459621244583055
709,2,702.2019,766.28186,680.43097,773.0203,658.9853,781.1031,3.4530369819976356
709,4,522.124,824.9174,500.7747,825.2432,477.20154,824.57007,2.509986535568709
709,5,528.959,826.0151,562.7751,815.64716,595.59314,806.47565,1.4316282740651007
709,6,304.20255,402.95755,294.96362,427.44202,283.48764,451.00073,5.298311530730178
709,7,349.61417,769.8139,353.41702,771.41034,359.35428,778.6383,27.826730439517817
709,8,689.7609,482.92462,711.4104,486.7131,732.2699,490.05038,0.8360307708405762
709,9,622.90814,276.4082,620.97095,264.3318,616.2499,266.4051,104.59588668220317
709,10,358.26166,761.2478,352.3413,763.43054,354.84952,774.46625,82.56659682729546
709,3,591.8452,754.34357,615.9746,763.4173,634.40314,781.6165,24.03278732306233
710,2,701.429,765.702,681.0157,772.3048,660.289,781.11536,5.105494560757264
710,4,484.88168,825.51697,495.5496,824.7923,499.27734,823.846,10.357499868471718
710,5,527.92444,827.6943,561.84436,816.3352,594.75574,807.405,3.3334863842618807
710,6,304.5381,403.1934,295.44986,427.08115,284.2807,451.0993,4.110088170302751
710,7,343.09344,767.8833,352.75198,770.93207,362.95486,779.97614,24.035948480723974
710,8,690.12823,482.95743,711.2628,487.03275,731.6666,489.6858,3.505763313982458
710,9,622.0596,272.03854,621.219,265.88815,614.42957,268.69452,104.6750137114952
710,10,360.25928,761.86865,352.3406,760.91144,360.54102,769.2831,141.30051607258613
710,3,593.53235,754.2572,617.8305,763.289,635.57367,781.146,24.79275148166935
711,1,196.53256,588.21924,217.31596,611.50305,223.22043,602.6249,104.62148036770589
711,2,701.5239,763.62036,681.7149,771.7238,660.28253,781.18085,1.5609740088633592
711,4,487.6431,824.6006,490.93674,826.1511,484.34293,830.5413,121.13458040535748
711,5,528.6143,826.5974,562.0126,816.4578,593.9851,807.2008,0.7409852181029042
711,6,306.32166,404.60757,296.67294,427.01532,287.2977,447.38358,1.419410642249573
711,7,355.7997,773.47174,352.87567,770.15875,354.95944,776.15906,157.71936430160483
711,8,691.2002,482.88132,711.4836,486.96857,731.66327,489.7076,3.663189540464645
711,9,624.5873,280.46323,622.303,269.3031,611.73334,264.03174,51.92558765782465
711,10,361.07236,779.12085,355.48157,767.17194,367.99295,767.9832,118.78452967857802
711,3,595.2498,753.50616,619.52826,763.68823,636.86633,781.6386,23.241507959431146
712,2,702.23334,762.385,682.9592,770.9577,660.82745,781.1881,0.8303944450886759
712,4,481.65823,826.71844,492.52676,824.43396,499.51257,825.77893,22.768096092447156
712,5,529.00635,825.93036,561.4393,816.9657,592.61176,807.5319,1.3863511395663073
712,6,308.36057,403.86288,297.14594,426.21805,288.3122,446.35687,2.956580290349441
712,7,361.50656,772.3928,352.46048,770.34406,356.51184,776.49786,136.12004577542584
712,8,689.57025,482.56577,710.39886,486.75018,731.41693,490.00952,2.544528858711845
712,9,629.249,283.35626,625.85474,270.6623,622.43414,268.48508,42.552849157784124
712,10,364.37003,774.9102,354.37466,765.94135,368.3853,772.48425,163.1306160322347
712,3,595.393,754.3749,618.90875,765.8568,637.34564,783.3826,17.524143299916958
713,1,199.38567,577.2962,217.67462,611.126,227.99153,616.2787,35.06406063809819
713,2,704.3788,761.69934,684.42694,770.37,661.2833,781.0036,1.1882798426997871
713,4,480.38275,825.58496,492.57095,824.7181,499.7759,825.18335,7.763112054045968
713,5,529.0647,825.7911,560.62933,817.1422,590.7311,807.6065,2.25420402682804
713,6,308.48007,401.8734,297.44803,425.48886,287.72195,448.3354,1.9798157070746534
713,7,362.46463,777.796,354.29593,766.6435,372.09558,771.45233,141.33938985978853
713,8,688.2452,482.96262,709.23456,485.9839,730.9434,490.13876,2.6438244934320814
713,9,623.2952,280.72333,623.27,265.2981,612.5661,265.99454,93.62902419583675
713,3,595.54944,755.6062,618.36786,768.2989,637.71747,785.6963,12.874093198637729
714,2,705.76886,760.84344,685.5115,770.1904,661.8953,781.03217,0.1083523598284494
714,4,485.09982,824.8367,489.92245,824.07306,491.476,826.2264,63.18810370671272
714,5,526.4618,825.9349,558.9882,817.383,588.912,807.8937,2.8638902019101935
714,6,308.6748,402.04044,298.0309,425.06662,289.38065,446.70346,3.017658385801969
714,8,686.76776,481.9725,708.601,485.73178,730.6921,490.17206,1.595813458034869
714,9,624.04004,280.45636,623.34216,263.08945,619.813,269.91284,150.35009012688545
714,10,369.9957,775.9146,353.43585,766.1606,364.9578,772.4724,178.21556511689423
714,3,595.4139,755.9085,618.83984,768.8987,639.0068,786.99554,12.894049633628944
715,2,705.2401,760.4137,686.6319,769.88196,664.2106,780.1329,2.398493328989486
715,4,501.2734,824.6266,488.80545,822.9528,474.13504,827.7503,25.754652519672465
715,5,523.6732,826.88666,556.03345,818.32794,586.09424,808.7113,2.9253627903722204
715,6,310.5808,400.75504,298.14862,422.2339,290.45694,445.5968,11.839857065032712
715,8,685.956,480.64822,707.4481,485.2494,730.086,490.14996,0.13122123336572936
715,9,622.0811,280.97687,622.84656,264.44122,626.5653,270.57132,146.10704587551152
715,10,371.0702,766.70575,354.09756,765.721,366.6871,779.3746,135.99875518890855
715,3,596.01776,755.62885,619.26337,768.7913,639.7405,787.1724,12.39240804766591
716,1,203.46446,579.0924,221.04001,613.6586,0.0,0.0,172.85754130784048
716,2,707.42285,759.1867,688.3025,769.106,665.6252,779.7953,2.181936620068548
716,4,514.8142,824.4904,490.714,822.849,467.47784,828.8309,18.33293017327474
716,5,524.0126,827.218,553.8397,819.19556,581.937,810.897,1.4005351909852592
716,6,311.65115,399.56332,298.97705,420.8375,290.83752,444.1928,11.570539293343524
716,8,684.3465,479.47025,706.9351,484.88654,729.89606,490.13153,0.6164379845665297
716,9,621.03436,280.9022,623.73267,264.56454,632.2846,271.61264,120.11546330038584
716,10,375.0076,766.7708,354.7233,764.95557,364.9779,781.1378,127.47600988766972
716,3,596.362,755.4732,620.2337,769.079,641.8918,787.9134,11.329867701742787
717,2,708.223,758.70886,688.9163,768.74176,666.3827,779.30334,2.346519749171374
717,4,513.63696,830.2226,502.56897,830.7282,503.16693,835.9368,93.93341329847816
717,5,530.57074,826.5813,552.58844,819.6296,572.6458,813.28345,0.03956468264845247
717,6,311.71164,399.5389,299.1984,420.37115,290.74854,442.72797,10.287554754455998
717,7,366.43723,773.3355,359.92758,767.2283,373.73795,773.26483,160.43709748987837
717,8,686.0912,479.5677,707.21063,484.90125,729.73895,489.6776,2.202826266791126
717,10,355.19705,771.121,354.15103,770.80347,366.36932,782.71606,152.61074380443256
717,3,598.5203,756.8845,619.7689,768.75995,638.2156,784.01715,10.394134053345121
718,1,198.49995,594.63995,221.83926,626.07477,227.61172,621.46545,92.0147250392585
718,2,709.7013,757.6477,690.8192,768.0098,668.9984,778.9113,2.2109852643003185
718,5,519.48456,828.89905,551.8196,819.58636,582.13043,811.2896,0.7584719438827634
718,6,311.60107,399.0206,299.50482,419.27173,290.04773,441.48224,7.786412999871752
718,7,374.07776,769.6646,359.74567,766.9136,368.41232,778.85455,136.83754353315098
718,9,624.9961,277.40372,620.9212,262.04935,612.9382,279.0651,140.00303332021323
718,10,359.80112,770.9874,354.64984,770.50183,365.43402,782.7453,136.7591363799623
718,3,602.6077,759.6411,619.5001,768.1323,632.105,777.5752,10.151466706655855
719,1,202.07465,581.5728,223.89062,617.8761,228.58167,615.83246,82.53702617592246
719,2,710.607,756.806,692.44946,767.05975,671.90076,777.9509,1.529439155289961
719,4,582.10626,810.99176,550.9699,819.5387,518.57227,829.26385,1.3591233191145933
719,6,311.79977,397.86703,299.46503,418.5844,289.5917,441.11792,7.107573908071895
719,7,378.4268,767.18207,360.59042,766.78894,364.06854,781.8022,104.30625028437392
719,9,629.10626,275.74738,620.2587,263.85272,607.743,281.30063,107.70456588649574
719,10,359.6477,770.4519,354.94513,770.68713,363.6634,783.3151,121.75725471847203
719,3,605.5505,761.41724,619.5969,767.85,628.9636,774.138,9.26817360541815
720,1,207.16336,598.0321,220.39738,617.365,225.49678,610.2313,110.04850379790922
720,2,710.095,757.05316,692.33545,767.0711,672.96936,777.7498,0.5546137735257471
720,4,629.4887,780.2591,637.70465,784.19434,640.661,794.71655,48.713256669915424
720,5,517.8099,829.5116,549.5541,819.207,581.2438,811.216,3.8315477562752305
720,6,312.73514,397.24915,300.4687,417.8209,290.06323,441.78076,7.3319759372867646
720,7,368.80457,772.9293,357.8079,767.51447,367.08722,777.9869,157.75932810038088
720,9,630.65155,275.69727,619.1127,265.43967,605.919,283.20108,95.02983030669378
720,10,358.92865,773.7196,354.8715,771.4889,364.68997,781.4622,163.35467315871003
720,3,614.52606,765.9893,618.6942,767.26904,619.5693,765.87506,74.94954159909595
721,1,203.33295,592.0858,220.27684,613.0486,226.69357,599.94586,114.9597539499455
721,2,688.4881,767.4319,670.55237,773.3941,652.68066,778.97815,1.0364653272202609
721,4,709.65393,756.6567,692.41754,766.2014,673.6401,777.4346,1.9132570727496523
721,5,518.61646,829.3659,549.0464,819.38574,580.3898,811.95526,4.821254767039087
721,6,314.98984,396.6577,301.4884,416.74042,291.03378,442.12952,11.53192754663829
721,7,369.78656,759.5183,357.95154,760.643,364.32608,769.22815,121.16561819138435
721,9,630.91156,276.25327,618.14954,265.9726,605.8251,284.07236,94.60211075160895
721,10,364.82764,781.04364,357.07523,767.5463,371.61478,768.71967,124.48539080578783
721,3,613.9341,765.9595,619.2476,767.92,619.3431,766.8513,105.14787676326394
722,5,525.0406,827.18286,548.67303,819.7819,573.1119,814.35016,4.8581306588865925
722,6,316.25232,392.86752,302.31573,415.89484,291.02008,441.09125,7.036284684198543
722,7,361.98575,778.9237,358.41107,764.586,376.2375,761.11676,92.9867626882188
722,9,631.01904,276.1993,617.52454,266.1058,605.2613,284.0967,92.51569818732436
722,10,361.28622,782.2615,357.96585,767.61383,376.9606,764.48334,93.41344456048895
722,3,597.9952,756.4243,619.97974,770.32684,639.98126,787.6433,8.576316011664474
723,5,541.8556,822.0185,546.671,819.90314,551.12164,820.2547,28.23178480529023
723,6,316.91623,392.61227,302.87564,415.16675,291.7381,440.4524,8.131104069542506
723,7,374.55103,770.9121,359.16187,766.7999,360.58524,782.13965,110.26192126485631
723,10,375.01044,766.3445,358.83923,765.3196,362.91156,779.211,109.96517186220163
723,3,596.5898,758.7084,619.5187,773.14166,637.5181,793.2952,16.041875061001452
724,2,630.4076,789.0472,632.0852,793.17786,626.74945,803.97455,48.402504776349716
724,5,513.15375,830.11505,544.9893,819.2382,575.4447,812.7782,6.887348839846075
724,6,316.38977,390.11792,303.38217,412.70676,294.723,437.22034,10.479891061483176
724,7,360.21112,783.9219,358.0552,768.2633,369.69293,766.62366,89.81968852461692
724,10,364.04828,781.02496,359.69183,766.2871,370.42114,762.3497,86.31533692203382
724,3,595.7187,760.5048,617.6973,775.525,632.90967,793.99506,16.175642280676836
725,1,203.82559,596.6219,224.51682,621.1419,225.52937,612.78796,132.92969900171127
725,2,591.4837,761.7718,609.89136,783.1273,621.27075,806.9534,15.230841658787737
725,5,509.9563,831.9594,542.2076,819.85236,572.56476,813.41,8.59454858471418
725,6,317.41425,387.85724,304.289,411.41727,294.58136,436.6624,8.088618622151417
725,7,381.8737,765.3854,362.74664,764.9958,361.0928,778.2469,84.05269497477867
725,10,382.44745,770.7277,363.60657,765.2418,358.59363,781.6167,89.21274427366045
725,3,596.082,760.5071,617.97516,775.6846,632.4685,794.8423,18.15977762269769
726,5,509.1344,831.6701,540.7197,819.87177,569.8296,813.7874,8.676973508769809
726,6,318.28314,388.06622,304.21616,411.4298,293.54337,436.9133,8.32720671772591
726,7,378.9271,773.87415,367.6715,764.0423,369.82858,766.9422,167.78096828303174
726,10,376.3798,774.08105,368.40167,768.36914,372.85388,778.1973,149.9713920953168
726,3,630.4939,796.7575,621.1742,775.36224,596.50836,760.79956,35.904662346639626
727,1,202.73969,589.5529,225.75256,629.583,0.0,0.0,169.8324248468827
727,5,506.96933,831.07544,538.9986,819.7879,567.83,813.7225,7.53270198507139
727,7,360.89963,782.792,364.095,770.5244,371.68262,773.2305,95.0291249351092
727,10,370.17258,771.6676,372.4061,768.62756,380.4024,778.8645,105.70101765115533
727,3,631.31915,795.72864,620.1637,774.68646,596.53,759.9211,30.07430593674764
728,5,504.3404,832.75366,534.99896,821.3075,565.7582,814.836,8.591508679301754
728,6,319.48264,384.2779,307.56644,407.8129,296.46857,429.55774,0.18130822512890998
728,7,359.44675,783.39453,366.59164,769.59204,380.49576,772.3796,73.9680636581377
728,10,367.35693,774.1752,371.97498,768.106,387.01047,776.9281,83.13465491823528
728,3,631.47534,796.72614,619.82837,775.862,596.06104,760.9193,28.670606273680335
729,1,225.58008,634.8298,223.82208,623.65857,204.88655,587.2706,18.54833735388836
729,5,498.62857,833.6644,528.07684,824.3207,556.34265,819.0946,7.128739810607743
729,6,317.325,386.4563,305.44308,411.06247,293.5762,435.31512,0.29739412811819066
729,8,677.05786,468.73593,695.64667,480.00397,718.1524,489.1487,9.109748716725946
729,10,393.47113,773.99365,371.58606,766.7867,361.13657,779.6645,69.17017136253489
729,3,632.2513,798.67566,622.79535,775.2126,596.4462,760.9491,39.62202610137231
730,1,205.96619,588.8737,229.14069,631.25696,0.0,0.0,171.28127041877948
730,5,505.95792,839.17535,520.7401,832.1828,529.689,826.637,6.471145088264984
730,6,316.74762,386.23306,305.341,410.45462,293.69693,433.47055,1.6183411798968044
730,10,395.05515,773.51996,372.70035,766.9738,358.32236,779.3546,57.053122961473
730,3,633.2083,795.36487,621.24445,773.47687,596.1713,760.6419,34.231256115006936
731,5,501.84995,840.57495,513.51843,830.3598,519.23706,829.97516,37.35243804817149
731,6,318.75925,383.92416,305.2439,408.44803,293.27612,431.95972,1.8828398520327096
731,9,631.27026,275.64825,613.20605,272.98782,599.937,292.3564,63.96380442983175
731,3,633.0661,797.25183,622.65393,773.33856,596.16797,761.30896,42.0440434340428
732,1,204.69064,586.09546,229.48822,636.1472,0.0,0.0,173.48118326426075
732,5,511.35495,820.26794,505.9363,828.29126,497.37103,838.4276,6.164401849467684
732,6,318.53772,384.49255,305.8918,407.91467,293.93823,432.28476,2.2371216582842695
732,8,676.6942,467.68408,694.28033,479.52386,717.01276,489.08063,11.148234250330887
732,9,630.54535,274.70737,612.51904,273.79626,599.93365,292.72787,59.278203946369715
732,3,633.2158,796.68536,622.8992,772.9902,596.3894,761.7114,43.42453921104948
733,5,511.3521,819.17487,503.3524,827.6628,492.682,837.7193,3.3925181239348765
733,6,319.06622,383.5316,306.37888,406.9321,294.0746,431.3311,1.7041022205772125
733,9,630.244,274.47952,611.58716,274.3204,599.8183,294.5175,60.25925112079691
733,3,633.6718,797.33246,623.99396,772.97894,597.26697,762.65247,47.202608850596505
734,5,509.798,840.57043,497.69742,828.3208,487.17532,820.9034,10.16929679734993
734,6,318.77542,383.3664,306.379,407.1176,293.98676,431.0287,0.1666890263349369
734,9,629.7784,273.7697,610.587,275.20032,598.434,296.4221,55.9385959082521
734,3,634.3736,795.84106,623.1851,772.301,597.9408,763.34393,45.04296413666683
735,5,510.6953,832.8901,492.8398,827.39703,476.48764,813.9102,22.414939225952075
735,6,318.76416,383.5452,306.4668,406.97482,294.50528,431.10852,1.3285432050483057
735,8,675.9706,472.87598,691.6492,479.61826,711.547,488.12503,0.12354070345060089
735,9,629.1666,273.28357,610.07196,276.59717,596.7406,296.9167,46.88686831132402
735,3,636.85284,797.79034,625.6395,774.12103,600.8878,764.5637,43.537848574844496
736,1,204.19377,597.3109,227.02539,639.0647,0.0,0.0,170.88684385391585
736,2,600.50024,762.8849,622.8728,770.09796,638.0922,786.70886,29.63343425262567
736,5,501.61142,831.7263,489.92184,826.17804,476.2831,808.76276,26.543173592246305
736,6,318.64877,383.22162,306.99417,406.46185,294.993,430.98904,0.5598809208410898
736,8,687.34045,476.4757,691.9834,479.8577,703.1633,486.59564,4.993594366459339
736,9,627.7185,273.58087,609.54474,277.43805,597.1154,296.56454,44.99966290246832
736,10,397.01157,771.3482,378.69788,765.098,372.48132,766.7689,33.88850772826572
736,3,633.4953,792.78326,625.54175,773.7249,608.5202,767.55005,47.408802055250646
737,1,205.87975,599.70856,220.41953,610.01526,220.36693,591.5219,125.49435006868688
737,2,602.1377,764.1258,624.4545,771.54645,637.5012,792.5491,39.759043658494704
737,5,484.08475,828.8692,488.36902,827.0892,481.01254,811.6058,92.85142721226153
737,6,318.4277,381.73428,307.71722,405.23276,295.50018,429.99323,1.7589183238214339
737,8,671.0154,471.0903,690.47437,478.86902,712.5264,488.59836,2.018000048745348
737,9,627.7344,272.26678,608.9061,277.56915,596.077,298.1567,42.3428080393057
738,2,603.0548,763.2931,627.2389,771.75616,637.37317,796.5358,48.46944971339621
738,5,488.40457,822.4373,489.32303,824.0817,485.43854,808.7943,165.07215803260993
738,6,319.25406,380.27332,307.6969,404.4408,295.79474,428.68225,0.5921525719660353
738,7,342.7869,744.88904,346.98734,743.4909,339.72314,744.1575,166.83257440985486
738,9,625.41315,272.91135,607.966,277.9936,595.4175,298.0072,41.67179821395309
738,10,402.33994,778.0095,379.65692,767.9522,359.22308,774.4868,41.64571846468614
739,1,165.42023,518.37695,189.50401,545.18866,198.74237,551.96497,11.808090388188306
739,2,679.488,770.0241,668.1133,770.8397,655.6026,783.4833,41.201334768788016
739,5,485.13348,818.6759,487.96716,821.0029,485.47565,817.7724,167.0338214592658
739,6,319.87543,377.95163,308.13284,402.6437,296.12936,427.0169,0.7855917804701177
739,7,339.1107,737.7674,328.88345,715.3938,317.86484,695.289,4.159630152965249
739,9,624.7526,273.65625,607.44977,278.91782,595.0528,298.91333,41.28777996430291
739,10,403.94583,779.08386,381.41034,770.0196,359.58136,775.5465,36.11930154095602
739,3,637.4961,798.2637,625.82166,773.7873,602.4326,763.44836,40.65295121485023
740,2,710.1888,768.84406,699.2744,772.7925,687.7323,779.8495,11.553892504124605
740,5,491.3323,821.6352,486.79388,819.9372,483.14572,805.4147,55.38591404002364
740,6,321.66403,374.4645,310.07196,399.91498,297.25616,425.66165,1.9743713445606406
740,7,338.35196,740.1296,329.95416,715.74634,317.96777,696.2131,12.530793747401487
740,9,618.5108,279.76877,607.80255,280.21875,600.22906,296.46625,62.601981735482276
740,10,369.437,775.6467,383.52542,770.6248,395.32837,780.5175,59.58719330862256
740,3,636.6359,801.167,624.7828,776.3518,603.2541,764.3663,35.36245903558155
741,2,701.09576,767.574,695.5654,773.25366,687.5817,781.16516,1.0237378150939407
741,5,488.45474,825.4655,487.7848,820.6921,478.85822,805.88275,23.090910317027586
741,6,322.59067,374.10837,310.896,399.26044,298.22766,423.68808,2.475041558279085
741,7,337.87674,740.8744,329.90564,716.0144,317.53754,696.3807,14.430617467053487
741,9,622.77423,276.82065,607.92303,280.90445,596.6782,299.881,43.975320999466646
741,10,361.68896,773.48126,380.84055,770.02313,397.4843,781.4972,44.817413734722244
741,3,636.64636,803.28796,623.84937,778.2996,603.4295,765.5052,30.812207934692616
742,2,684.70886,770.8589,678.7412,769.68115,671.1653,779.1986,62.64412236618377
742,5,475.36414,832.6376,487.9622,824.99316,488.24625,814.5971,57.18577748297178
742,6,322.25433,374.48578,311.18036,398.67114,299.14825,422.40027,2.2857611607532244
742,7,323.36716,708.40436,328.74857,717.2434,330.4688,731.0407,24.227021846020673
742,10,387.32913,775.5311,375.4905,769.1941,357.77145,774.99445,46.28539456200521
742,3,634.26587,798.75684,623.74054,777.25244,603.45557,765.67847,34.21282048166427
743,2,682.1617,770.2894,672.4578,771.0095,656.0422,782.525,30.805513444898647
743,5,473.99164,832.5199,487.81583,825.08325,485.84412,815.8771,73.81077191641748
743,6,322.2937,374.4088,311.10657,398.47787,299.23804,421.8653,1.9779366208945297
743,7,318.9466,697.73535,331.78754,720.0983,334.1577,748.30615,25.06165412724599
743,8,665.56195,470.93137,685.833,478.00836,707.56415,486.83795,2.867374025754244
743,9,597.21375,298.17484,607.21173,282.52737,618.7639,280.9421,49.60965245862333
743,10,382.35132,773.70905,372.15036,769.2062,357.79132,775.57513,47.737141230947515
743,3,634.90753,800.5225,623.60126,778.1604,603.71576,767.08,34.051909361699494
744,2,680.69696,769.9498,671.1619,771.5612,656.1993,783.0839,28.00764060300923
744,5,473.97754,839.63525,481.7944,827.025,476.98795,819.3392,63.81445125131279
744,6,321.9492,376.59375,311.08386,399.1996,299.5005,421.35355,1.9323919242865395
744,7,319.47226,698.14435,332.1746,721.72296,333.66037,749.7285,25.275473684765185
744,8,665.36145,471.93225,685.46106,478.10266,706.9984,486.65472,4.590986975497773
744,9,595.8536,297.46652,606.2716,283.631,620.45087,277.29425,28.940510582372877
744,3,606.24554,766.8569,623.8788,778.0526,635.642,799.71716,29.086903350070795
745,2,679.43616,768.8398,671.50397,770.9043,657.90515,783.2802,27.71575549427891
745,5,476.51627,837.24036,478.89673,827.911,471.87973,817.6579,48.700943444985086
745,6,321.0845,378.54623,311.04623,400.11777,299.44873,421.58588,3.423940573663992
745,7,320.48782,702.08405,331.2378,722.26483,332.09958,750.334,26.28493101103323
745,8,663.53125,471.87823,684.4564,477.92444,706.25116,486.78094,5.998518342190532
745,10,367.85892,772.73724,391.5356,771.3843,411.69693,781.4229,29.739950634322987
745,3,606.41235,766.594,625.61865,780.7098,639.138,806.82697,26.317779990905873
746,2,677.4041,767.5942,669.15045,774.1425,651.0263,786.93646,3.2094909214509344
746,5,476.6388,832.8481,481.01364,830.73987,476.20453,821.0173,90.58933373412628
746,6,320.10962,379.83325,310.57254,400.28577,299.4309,421.3005,2.9318465286909565
746,7,319.22925,698.69916,330.88013,722.52686,334.26184,749.5619,18.92706044689811
746,8,660.99554,470.69882,682.5364,477.4423,705.4415,487.1406,5.565318102823806
746,10,368.211,772.2615,391.7875,771.71606,411.7992,781.22723,26.74605894457764
746,3,628.5137,779.72974,626.4371,789.27826,615.1752,798.11316,39.61645640610874
747,2,673.8086,765.0758,663.2882,774.0323,648.6881,787.0226,1.2513263478905619
747,5,476.4794,830.23584,485.85754,831.46436,485.36105,821.8076,100.4063282346293
747,6,321.99304,379.89304,310.4012,400.4837,301.0273,421.75647,5.597201605927189
747,7,331.04596,752.6234,330.54047,723.57983,317.98947,699.3966,26.43201554897953
747,8,662.22504,470.51746,683.078,477.50845,705.08466,486.89667,4.569604177332811
747,10,368.2026,771.10266,392.3089,772.01685,412.73444,781.3717,22.43589635661056
747,3,641.01166,814.9785,634.9247,797.23157,629.33,790.4399,20.548767424478193
748,2,673.4119,767.0929,660.3446,773.6367,645.4583,784.8278,10.334167057731834
748,5,471.05493,830.057,493.3425,831.8362,508.46323,820.4704,41.495185500127114
748,7,329.76596,749.93146,327.44666,726.43384,313.56964,704.58246,26.781088863331576
748,8,662.04724,470.98987,682.7928,477.59213,704.4603,486.57443,4.862846425723588
748,10,405.24823,777.5234,391.06213,772.004,377.50763,774.5081,31.726323004656315
748,3,647.01654,810.8312,636.6075,800.0598,631.5,793.0003,8.13462854075021
749,2,674.1068,768.9482,660.49835,773.9686,644.0285,783.7301,10.404615351097181
749,5,477.04337,834.3897,499.43506,831.21265,518.2166,819.40063,24.090866738151668
749,7,328.22726,755.7639,330.7765,726.60706,318.91254,701.0921,29.934250495414744
749,8,660.8351,470.831,682.7528,477.6909,704.50085,486.20633,4.003647869798511
749,9,619.30444,273.67917,602.3629,286.1637,591.32214,306.58176,25.21113781681052
749,10,370.85403,773.01733,392.4064,772.6957,409.72296,781.7279,28.401343472749137
749,3,648.8142,812.3861,636.415,801.8923,631.7657,792.11237,24.33172061591549
750,2,672.18567,773.322,661.59607,776.62177,653.66315,782.2793,18.188223622559573
750,5,492.22943,834.0627,509.0374,829.89105,529.3716,819.0601,14.103087822880235
750,6,324.30173,396.49213,312.28513,397.59213,312.675,406.15436,87.37672723021501
750,7,333.2984,736.2097,334.10168,725.5956,334.70306,723.01483,8.789345842982113
750,8,671.09406,477.7581,679.93256,477.99554,688.31226,482.92096,28.907174960855148
750,9,619.23645,274.52097,602.1058,287.17456,590.4495,307.31717,23.491159443123863
750,10,377.9661,775.8823,394.155,775.1606,404.11966,782.8315,40.142145498615804
750,3,640.3635,812.25024,635.2827,796.7209,631.17175,794.72406,45.97588484592885
751,2,661.4423,784.0777,661.92706,781.94904,653.1623,788.01605,137.51985399341083
751,5,506.15973,830.3351,516.697,825.5136,535.64325,816.9008,0.1412742076966625
751,6,334.0843,389.9812,312.59534,396.96405,306.17676,418.1624,55.15279020752384
751,7,323.37527,706.28564,330.77014,729.4657,330.1361,757.455,18.991327088587987
751,9,619.28094,275.77032,602.1939,288.58737,590.33295,308.0157,21.722284127002364
751,10,370.73114,772.71173,395.3016,774.6626,416.66736,786.17755,23.78251823762267
751,3,636.0849,810.5175,635.7386,796.8302,632.38434,791.797,32.231085452072996
752,2,667.8624,775.3964,665.5873,782.19904,652.1896,796.20886,25.227953285846286
752,5,528.30133,815.5598,516.9716,820.80505,511.0125,826.8994,20.80049330521966
752,6,335.97354,386.00723,313.51822,396.3708,304.72723,421.5517,45.981014052701525
752,7,323.23502,707.38324,332.6956,731.6938,332.48026,761.82214,21.673253009082327
752,9,618.8051,277.98386,602.20264,289.3356,591.3241,306.94193,23.927154113232486
752,10,414.77838,783.901,393.61353,774.90295,371.0083,772.61316,17.24830576854338
752,3,647.22955,777.4781,646.1818,784.9485,646.00305,798.9375,7.251550816028385
753,2,673.5673,771.90027,670.25446,780.42993,656.74567,793.7726,24.128655619456076
753,5,514.65045,816.99,512.59314,818.54584,510.8084,823.14813,31.705658693874906
753,6,334.6933,382.83658,314.64246,397.0463,305.45123,421.77032,34.282648899964485
753,7,325.31757,711.03375,334.03668,732.81226,332.0316,763.8104,25.51989002603423
753,9,613.82635,283.83945,602.27203,290.26727,595.37256,301.2831,28.85234655681125
753,10,417.40906,784.3814,396.11945,775.44916,377.86166,774.57,20.00414411593075
753,3,649.90875,772.0135,656.14185,779.462,653.20685,789.00464,57.01961171633803
754,2,679.295,769.6655,673.07526,783.71484,656.43964,796.4025,28.788602230407577
754,5,485.32593,821.74255,506.02243,817.60846,522.82556,815.52673,4.23373695512703
754,6,335.58368,381.95724,315.34366,396.38922,305.72287,421.41852,33.48372689846498
754,7,331.7229,758.93146,333.37665,734.40753,326.2419,713.2593,22.500557524156797
754,9,586.4635,308.75745,601.6692,292.2647,618.0502,275.8983,2.350603329730488
754,10,382.09567,774.9508,398.9649,776.0078,413.87646,784.77563,26.86962338465944
754,3,668.2564,766.10803,666.82086,778.0009,657.13837,791.1491,29.485734513282537
755,2,680.0262,770.24207,671.1571,782.268,658.9713,794.8144,7.756080368327343
755,5,475.29404,830.8337,498.50214,830.77045,515.4486,818.78955,35.10362591886605
755,6,336.24902,381.421,316.01752,395.8572,306.69455,420.94684,34.105811369956946
755,7,324.29688,708.94025,331.79495,733.608,332.98965,762.5397,14.542713495857722
755,9,586.20483,308.67047,601.30206,291.58246,617.61206,275.76532,4.418363415269916
755,10,378.22763,772.89294,400.92798,776.0256,421.69897,786.5383,18.988031615818535
755,3,666.41614,772.55493,661.4452,780.50055,648.09796,791.0021,19.773547408082212
756,2,676.99646,770.22614,665.08295,781.02216,654.29987,791.00006,0.5964328905051877
756,5,472.13016,832.28125,494.535,829.67645,508.5356,819.043,30.585109115290283
756,6,336.89655,380.5527,316.1137,394.85257,306.85526,420.3861,35.53901864631165
756,7,324.42087,708.9281,332.0388,734.30383,332.6714,763.3081,15.460581658102658
756,10,379.32248,773.0257,402.17703,777.219,422.4735,788.77625,19.261260834664267
756,3,672.0695,774.4452,661.6688,779.902,644.4731,787.9113,2.708988676935078
757,2,619.42786,784.1383,625.0261,787.1007,626.6854,792.3438,44.55262558320566
757,5,465.56747,831.8615,499.07004,828.2676,528.98956,818.6314,11.729277029145283
757,6,336.17737,379.40915,316.2704,394.07486,306.74078,419.1792,32.83372820421809
757,7,324.99313,710.1617,332.179,735.93195,332.77695,764.6772,14.389036245129073
757,9,613.8932,277.90854,599.14716,293.82574,585.58624,312.04807,6.156382213606863
757,10,380.2831,773.7004,402.24594,777.1058,421.5758,788.3648,21.405769729808124
757,3,678.5484,771.41077,665.3263,781.9291,655.79596,791.6238,6.987271162322295
758,2,608.4139,777.63605,622.9844,778.91315,613.8592,784.9097,141.68006480879572
758,5,474.30484,829.48267,498.1438,828.6745,522.42426,819.4311,18.899846275555134
758,6,336.8212,378.17447,316.63593,392.63284,305.542,417.1695,30.057114337962734
758,7,333.162,759.898,331.31604,739.4148,330.57825,720.66437,2.896243063396122
758,10,380.63162,772.99036,402.8392,776.5537,422.77466,788.47504,21.763474496407213
758,3,678.621,772.25793,666.9246,782.2742,662.5269,790.5185,21.348280497924733
759,2,620.5214,781.488,621.83405,771.2198,603.1677,758.6192,63.26375076129759
759,5,469.22375,828.8079,498.37653,827.50757,525.92365,818.40784,15.726133018921969
759,6,336.92746,376.67252,317.40076,391.2041,304.2519,414.27997,23.668799938978392
759,7,332.3913,745.38104,332.35675,742.8461,334.62344,742.2059,75.0077127852938
759,10,416.43936,785.2309,402.90216,776.5746,389.71017,777.526,36.72179599144561
759,3,683.36475,772.4024,673.8709,782.49524,662.9868,794.8556,1.8822160980625586
760,2,613.528,776.7656,621.7956,773.4536,606.5885,771.3209,150.18556248898832
760,5,473.3026,827.01685,497.02185,827.71295,522.6142,818.8332,20.816240040797148
760,6,337.14734,375.73706,318.02277,390.3931,304.27505,412.26114,20.379193819931977
760,7,328.63284,716.66455,333.33026,742.5753,338.1644,769.5616,0.12033130429241841
760,10,385.8523,775.45746,406.20303,779.2572,417.43277,790.9092,35.48109361474865
760,3,674.6005,780.0898,674.6525,778.644,674.04645,773.49725,8.776149636923721
761,2,611.5446,780.02637,621.17664,773.8414,600.8714,765.2387,124.33353246571541
761,5,469.62885,828.7965,494.7857,828.50867,521.95575,819.1405,18.368531084502624
761,6,323.12558,386.01047,318.88696,389.21747,319.65927,397.82797,58.013666472562534
761,7,329.6481,728.8003,334.0156,745.0009,342.5316,759.32697,15.64138970263049
761,10,385.92413,775.57086,406.1993,780.41125,419.87128,790.99994,24.329930198134644
761,3,678.2015,771.9123,670.90393,782.51935,660.63226,793.4097,8.79772305429469
762,2,611.6871,779.6796,619.56696,773.2176,600.5906,764.6066,116.2386880528183
762,5,475.9656,829.29675,495.88257,827.16144,522.5687,819.23706,10.419316969998237
762,6,323.058,384.8275,320.19907,390.2307,320.0566,398.13272,26.851460257151228
762,7,328.5454,723.86584,334.42984,745.1474,338.14374,767.4172,5.988313698411384
762,10,419.6287,786.2518,405.0559,780.05695,388.9237,781.0199,26.446128591088975
762,3,622.60315,783.59827,628.3685,776.9182,639.07306,764.06824,1.0007332864504324
763,2,610.232,781.0159,619.58954,773.93146,600.6232,764.4365,116.27760439594125
763,5,482.55957,827.3394,496.4115,827.18677,518.4011,819.0712,19.625815587619933
763,6,339.0394,374.1185,321.4203,390.91925,305.75903,410.58966,7.835764618274521
763,7,339.3337,753.6436,335.62946,745.25244,329.26416,725.7462,5.7462404927233415
763,10,426.31528,789.67993,406.11523,779.1876,382.84735,774.3271,15.649165071015402
763,3,606.3536,774.35596,616.07886,770.1005,600.69653,761.2336,126.40680237070097
764,2,608.5597,779.1743,618.6187,773.5934,600.8001,765.7421,127.1983538736119
764,5,522.4008,817.9081,498.10797,826.60095,484.66995,829.3674,8.056395278364555
764,6,339.8062,373.78043,322.40475,390.23608,306.80264,410.11465,8.472757028171996
764,7,340.65564,771.88715,335.21762,748.1198,330.27954,723.8743,1.375723832730469
764,8,647.8878,472.4038,670.5654,476.43155,692.4716,480.66644,0.8702065365154388
764,10,428.21262,789.4355,407.7041,779.35504,384.4315,774.1611,13.594169757394619
764,3,604.7643,774.8136,615.6475,771.48193,600.4956,762.66046,132.77114218092484
765,2,610.68616,764.8098,625.349,773.73694,620.51544,783.20374,85.71379143757298
765,5,511.88242,815.2631,497.44397,825.20496,498.9274,828.11444,82.46519601492213
765,6,337.73877,374.47583,323.49722,390.01782,311.5108,407.32114,7.788630924330247
765,7,338.00327,761.60394,334.4736,752.18646,332.1273,740.329,9.353051438163673
765,9,610.2748,281.9949,596.81665,297.26602,583.4974,315.508,5.254266645239362
765,10,429.34747,789.61206,408.76044,779.9023,386.18362,774.0758,10.779922338404523
765,3,601.42413,770.86316,619.2601,773.97107,605.921,775.82983,162.18253058442863
766,2,608.8778,763.8373,625.55524,774.78186,621.1492,783.6332,83.1885722322898
766,5,514.1579,819.6532,499.57373,821.67303,491.48917,807.472,68.23245545547725
766,6,337.91083,374.30173,323.9717,389.90262,312.69293,406.55762,7.674321044265644
766,7,329.5648,721.6008,335.78375,748.5892,340.68127,775.1044,2.5113118753850716
766,9,608.18317,283.09232,595.255,299.66302,580.73737,319.54016,1.8174694258565338
766,10,431.6311,790.3561,410.94107,780.94946,389.25385,773.9217,6.493741225006594
766,3,604.95135,779.26733,619.84784,774.6911,602.0891,765.36694,135.2213654230792
767,2,609.515,762.9239,625.0552,775.09106,621.86414,782.22296,76.04609530583383
767,5,471.4364,817.34247,491.25342,815.7479,519.5154,812.26013,2.434777817249264
767,6,335.88196,374.77533,324.46942,389.33984,314.9045,405.65237,7.696333746079019
767,7,330.09677,722.1576,335.0854,749.15533,340.83948,776.58563,1.3784238314434403
767,9,608.1381,283.73755,594.3218,301.6149,580.3552,322.43475,3.8434880652476062
767,10,429.42365,790.16925,412.3273,781.1913,390.5819,775.656,13.424440708386536
767,3,600.79663,778.12604,619.32275,775.428,603.1355,763.3033,134.87975516597325
768,2,619.6087,782.3449,623.89624,779.2339,613.0389,765.26306,91.88787567564906
768,5,476.6942,813.79663,486.1198,812.393,500.1953,809.7371,2.2153185590028968
768,6,330.96158,378.95862,325.1412,388.69693,320.62177,401.09235,10.833653824065106
768,7,336.789,754.272,335.76068,750.1187,340.63876,763.0526,173.24218845118077
768,8,643.1124,471.85123,666.6721,475.02567,689.627,479.70782,3.8548327113332492
768,10,430.72455,791.0821,413.42224,781.09503,392.04648,776.60846,18.140186398259527
768,3,598.5359,776.5059,617.9368,776.0357,604.4658,762.48834,133.44969007397245
769,2,619.80023,781.84845,623.6675,778.9154,612.6276,765.3037,91.86617305730672
769,5,491.2656,814.44354,482.17114,809.32983,476.90253,795.0308,40.42460994815012
769,6,328.50415,380.88434,325.17136,388.59448,322.87933,398.5113,10.362931018538092
769,7,338.4513,756.3922,336.6154,752.23126,343.43726,760.5264,164.3746161166029
769,8,647.376,473.10303,665.04315,475.10223,682.5566,477.56503,1.5485129450637267
769,10,392.1334,776.14667,414.53516,781.2227,432.68408,792.15466,18.295358644846
769,3,599.50116,776.193,617.83295,776.2058,604.731,762.9574,134.72155322542443
770,2,618.32544,781.3535,623.3001,778.91003,615.76917,765.5094,93.17574044289489
770,5,480.5817,814.69794,481.8102,806.1653,483.9057,793.4429,1.160284056103486
770,6,331.1814,379.30685,325.90277,387.86142,320.7461,399.76422,8.253047751006038
770,7,335.0614,742.1522,336.47134,751.9866,347.38617,774.1564,18.053485293619264
770,8,647.6249,473.16867,663.4545,475.20108,680.28827,477.35855,0.027976455118293345
770,10,422.05902,785.1582,434.06924,792.0876,441.68356,801.0197,19.57048925417215
770,3,599.2519,775.73706,617.0598,776.67456,605.03906,763.09546,134.53007146946763
771,2,620.66077,780.1485,621.9027,775.43396,611.57367,762.1331,52.58991266637187
771,5,473.983,810.3479,480.1049,805.7042,486.08215,788.3074,33.856498111932886
771,6,329.65833,380.0734,325.54727,387.66556,321.60297,399.12183,9.436756072480755
771,7,348.31143,779.29376,337.4199,756.97235,335.57724,740.79553,19.51130087643893
771,8,641.54913,471.64282,663.3103,474.8124,684.66693,478.29156,0.9653004670461279
771,10,455.40204,809.01215,466.85608,815.52527,470.93503,811.3247,75.46542089514337
771,3,599.6165,775.6138,614.072,777.7893,602.1104,764.29504,140.1131976313806
772,2,617.3042,773.91205,620.76117,769.25104,608.81805,756.5544,79.81183638227618
772,5,467.0184,814.176,486.55725,810.9744,507.08234,807.5822,0.08156468806857739
772,6,328.3333,382.07904,326.61926,386.96338,324.94086,393.6428,5.232105555670456
772,7,339.6805,757.66895,337.99478,754.8168,345.92773,765.1067,172.95427070781406
772,8,642.225,471.4851,663.023,474.6362,683.3476,477.93082,0.5921525719660353
772,10,500.52234,818.43115,486.16702,826.91956,465.45068,825.6133,34.204176534131065
772,3,600.14056,775.13135,612.52167,778.17316,598.91406,765.17175,150.10820836744784
773,2,616.22845,773.7146,620.5249,769.4486,608.7823,756.96277,88.44676113288736
773,5,456.45575,816.5904,485.36038,821.2466,510.0785,814.9689,23.401303496585346
773,6,336.59558,374.36935,326.73257,385.94446,316.39307,399.1581,2.3911376582530695
773,7,339.70312,747.63617,338.44235,755.2531,346.97864,771.5306,37.072084369673405
773,8,639.6781,470.5013,661.70593,474.33572,683.34576,478.21622,0.29208307983949505
773,10,537.44336,817.7524,521.6918,827.6917,512.38354,836.9579,12.618136534778554
773,3,594.2405,770.3166,612.91327,775.82947,603.58777,760.1658,137.21627059429983
773,4,546.6581,383.55948,572.2769,403.8322,601.07635,426.29904,0.3966354943421774
774,2,608.56934,757.3334,618.9157,770.1625,613.07935,773.11444,102.05562063422984
774,5,471.5727,819.8685,482.22513,825.8246,485.84875,819.6233,88.91150033754319
774,6,319.29605,389.78192,327.9668,383.34143,333.88196,383.05856,33.866531556949106
774,7,349.28503,775.8999,338.0334,757.0701,337.26154,740.4888,28.195095241676608
774,8,639.06476,470.77252,661.0323,474.28226,682.6477,478.2334,1.2814582868936724
774,10,534.1002,807.49536,526.54803,817.93317,519.3744,823.0782,18.464167214216065
774,3,594.0687,768.69086,612.3632,776.31256,603.9825,759.8946,139.65974925929572
774,4,546.83246,384.50125,572.3448,404.0838,600.73285,427.04532,1.4585762354821061
775,5,465.28146,819.31055,479.31696,825.35876,485.5193,819.6665,65.85684297915284
775,6,312.02542,395.7664,326.67767,382.5348,339.59747,375.09796,12.1580019265172
775,7,340.97107,754.78564,337.23755,756.1935,345.65622,762.12445,124.17476162478435
775,8,639.1039,471.88882,660.5288,474.8489,681.9218,478.00464,0.5256317082635238
775,10,523.42346,813.5245,514.6502,814.66974,514.9954,813.8371,119.95634814349253
775,3,591.76654,765.8703,610.92285,774.8724,605.6248,758.1289,132.72873737583936
775,4,546.12823,384.41666,572.51587,404.05814,599.1242,426.94138,4.033617288868972
776,2,609.81757,756.25366,615.35345,772.0646,603.8247,770.17175,118.6205213711531
776,5,453.7895,819.1123,478.65308,825.51764,495.29575,821.3044,28.652877088255178
776,6,306.88992,400.7972,323.8931,382.6667,340.9902,366.53534,3.5026343869534418
776,7,336.60626,739.9273,337.72076,756.89355,350.78015,777.331,28.819980433232836
776,8,638.52325,471.8947,660.2458,474.52658,681.47955,478.02295,2.4423227024178598
776,9,581.10626,326.78732,592.4746,305.49228,605.92883,289.41757,11.83318071220463
776,10,517.9472,810.9762,516.2939,813.55426,522.88293,817.0292,94.86603512137266
776,3,590.42126,765.21893,610.5968,774.4321,606.26227,757.7651,129.12164894467742
776,4,547.4632,384.2417,573.3323,404.99655,601.4247,426.82184,0.8961295264989276
777,2,610.8607,756.3896,615.7139,772.23486,604.73267,770.6351,115.31793013208824
777,5,450.83035,819.82635,475.32092,826.07623,494.62106,823.08295,23.131906738495626
777,6,306.13727,398.9647,322.7034,382.6265,337.79178,363.06845,7.747902494374646
777,7,333.84888,732.602,339.1865,758.02374,354.47562,782.538,20.093312152684096
777,8,676.19257,477.6955,658.79584,475.30286,642.8726,472.66397,1.5786757848338833
777,9,579.60504,329.4928,591.6611,307.2026,605.4974,290.23834,10.793699121224822
777,10,517.7357,811.15405,517.2644,812.84985,522.5687,816.4408,71.43481055221193
777,3,589.43713,764.93475,609.8712,773.8966,606.7533,758.41736,125.06945784292343
777,4,548.0712,384.32617,574.3782,404.7843,602.83496,427.65155,0.91364548278049
778,2,609.26184,756.0199,615.57697,771.8849,607.3839,770.78503,119.35103500117984
778,5,451.74728,820.0429,475.13403,826.0487,495.60974,822.6617,23.79515867573952
778,6,306.03455,398.941,323.1546,382.59976,336.24832,362.3637,13.428441218894738
778,7,334.1495,733.0735,339.72617,759.1392,355.30945,784.6754,19.31720091378337
778,8,669.72687,476.91776,658.2741,475.3465,648.55194,473.67648,1.9350233453943366
778,9,579.5019,331.31482,591.0211,308.40945,605.13153,291.02554,12.36798923091872
778,10,514.37396,809.7285,517.259,813.0783,525.8183,818.2041,18.347842510578154
778,3,590.2846,764.545,608.8377,773.13245,604.5019,758.5634,131.41073176492472
778,4,548.4943,384.9616,574.54083,404.56326,603.01483,427.94965,2.433410820344105
779,2,609.9215,755.69366,615.9367,771.5364,608.29083,770.94055,115.24680797586868
779,5,451.65985,819.98303,476.4507,825.7887,498.30997,821.5039,24.27067712542586
779,6,306.31705,399.13412,323.6319,382.9496,337.4811,362.7903,12.443830395721577
779,7,335.15845,734.40906,340.7947,759.51886,356.26016,784.6653,18.941005866410574
779,8,633.85693,470.7114,656.9816,474.42203,680.25854,478.01123,0.35054452113734796
779,9,579.03906,331.94928,590.2101,309.9387,604.0478,292.15967,10.985068236975131
779,10,513.64124,808.4642,519.8,812.428,525.6541,818.58093,13.660122686944899
779,3,589.4972,764.65027,607.9181,772.5114,603.5881,758.1938,129.9370915780895
779,4,549.1528,385.09518,574.35675,404.71234,602.6228,427.53757,1.026600965551142
780,2,609.32495,756.062,615.67554,771.8676,608.7538,771.8452,112.07535183909371
780,5,471.5616,816.99066,479.47095,825.79193,492.09006,821.3035,67.6349058456249
780,6,306.86462,399.38034,324.0929,383.03036,337.61703,362.67,12.904651096068177
780,7,335.9784,735.9419,341.89096,761.1446,358.124,786.1995,19.736243750328388
780,8,633.21295,470.50723,656.0322,474.3213,679.09564,477.91638,0.6283844681494187
780,9,579.6469,331.52063,589.8981,310.4925,603.1772,293.39386,11.844483381716392
780,10,510.82477,809.196,518.7425,813.1991,527.9001,819.5952,8.111716491792436
780,3,592.20276,766.12195,608.6199,772.45264,602.09216,758.14996,135.61925675782777
780,4,549.40607,385.76138,574.375,404.72968,602.8832,426.10312,0.362076891766538
781,2,605.9988,757.32526,609.0201,771.89136,588.34247,765.2072,119.6318196419395
781,5,480.4271,821.0891,480.32538,826.36487,483.90228,823.0359,134.04844218718202
781,6,307.29984,399.91855,325.7561,383.34912,337.869,361.4765,19.106229853394904
781,7,336.38287,737.63934,342.76962,761.846,357.97205,786.9418,16.426260462225542
781,8,637.78156,472.315,655.7884,474.54865,674.8165,476.5556,1.0501570584074513
781,9,578.3267,332.53946,589.03925,311.5153,601.5549,294.1801,8.828104996574513
781,10,524.2401,811.56,512.97424,815.79083,503.9894,819.62585,2.5310314177600275
781,3,584.71893,761.9244,603.32513,771.15234,601.03143,758.2381,126.45094932193005
781,4,549.9063,386.86642,574.90674,405.82034,602.3033,428.9243,2.974074426308992
782,2,609.81433,757.0041,605.1175,771.3851,584.02594,759.84894,100.58960727757358
782,5,456.74924,819.1312,477.32535,826.57715,494.85468,823.14685,30.96602015060391
782,6,306.6985,400.75116,325.557,383.5032,335.39404,360.52634,24.376929107705863
782,7,335.93118,740.66736,343.8595,763.5748,358.93585,786.97705,13.699919838873106
782,8,635.8942,471.33923,654.0496,474.13776,671.21466,477.4229,2.0721655960781087
782,10,524.3676,817.22144,502.33942,815.689,497.2182,807.5877,53.72172236600919
782,3,584.8104,761.3048,599.2139,773.60736,597.96387,761.8612,136.57656372787434
782,4,550.02795,387.28192,574.955,406.19464,600.84656,430.34335,5.816890939731975
783,2,583.73224,757.8367,603.9705,769.9816,611.9086,756.566,90.35487165746495
783,5,452.76105,819.22217,475.97943,825.8179,495.5172,824.8213,18.77840286879076
783,6,306.70578,399.8668,324.024,382.766,332.6015,360.476,24.314449528548938
783,7,335.2174,742.1702,344.12714,765.0594,359.74503,787.82166,13.186451688458614
783,8,630.13104,470.323,653.4565,474.02762,675.4338,478.4369,2.3200966430957775
783,10,514.8317,817.7348,494.12302,811.37006,489.21927,801.22235,47.12383231114859
783,3,602.2845,760.01917,613.0333,770.9915,615.2712,755.28516,127.48058438277225
783,4,550.24524,387.7045,575.07245,406.7961,598.5271,431.78607,9.255654603431285
784,2,582.6658,755.59235,601.7005,769.0665,613.95056,758.8493,75.12363147291148
784,5,464.29306,820.199,476.34244,824.45557,485.23938,824.1757,21.25800148990149
784,6,306.34515,399.90048,323.5445,381.39996,329.77744,358.1242,27.921317205168187
784,7,335.74887,739.5725,342.63547,762.6226,358.1908,787.2603,15.632406613889188
784,8,643.06903,472.08627,651.6514,473.34222,658.24475,474.622,2.6591795622396854
784,10,503.80634,809.0912,489.2928,805.28864,487.47406,797.7976,61.671863345210554
784,3,598.43414,757.9434,609.862,769.6153,616.8993,756.1701,107.977406562022
784,4,550.5209,388.52298,575.0978,406.9975,598.31854,432.76617,11.044963600070309
785,2,579.2621,753.14966,599.17456,767.2877,610.20074,761.7411,62.0794482046156
785,5,495.35544,822.0779,480.15082,824.2057,467.54507,829.70386,15.598570328193311
785,6,307.4818,399.20685,324.4391,380.31512,324.52112,360.75815,41.670930131207996
785,7,335.1253,739.92847,342.8544,762.97266,358.95535,787.54755,14.690347702208598
785,8,648.7722,472.49368,649.5004,473.5442,654.0375,473.3501,57.719907449183935
785,10,500.8502,806.01184,486.16177,803.86554,480.38837,810.64996,57.91623203508289
785,3,598.16785,759.3089,609.7217,769.6411,617.23083,755.8251,103.28070225176117
785,4,551.5673,389.30966,575.94495,407.95972,597.30524,434.57584,13.834113103296005
786,2,580.00494,751.34247,595.97974,767.84326,606.90924,770.1622,33.94915126097962
786,5,459.6277,820.5378,484.8162,826.1019,508.4239,832.79425,3.370400589838244
786,6,306.65076,399.18317,323.99686,379.89737,325.45142,355.00626,38.624575735595954
786,7,335.1862,740.0142,343.3158,763.86847,359.59296,788.1473,15.019690380829163
786,8,628.1648,468.97556,647.65454,472.66928,668.1683,477.13138,1.5400225057963053
786,10,475.8515,808.09686,478.16306,800.7433,476.56015,792.42267,28.35426482434496
786,3,590.76917,756.3049,604.8331,767.7402,617.04626,756.1547,82.60347921249993
787,2,579.97314,752.18835,595.60693,768.5329,606.31995,769.49084,41.163509633791676
787,5,478.86865,815.1224,491.9796,821.63196,509.15924,832.78876,6.5961795377090215
787,6,306.79077,398.65445,324.30063,379.32715,326.02304,354.2149,38.25177498129382
787,7,334.82233,741.80493,343.04645,765.1595,359.94092,788.6774,16.292840174336863
787,8,626.12665,468.23343,646.6042,472.68417,667.6891,477.4514,0.47724394835903455
787,10,458.38443,810.11066,471.84766,808.4656,487.29944,809.5914,11.133582163849665
787,3,587.0821,755.5942,602.4338,768.0982,617.07214,757.09814,76.08618044989561
788,2,581.93994,759.7511,594.4233,769.4755,599.6307,762.7119,90.32515124650769
788,5,485.5188,813.82776,495.99487,819.8848,508.9327,829.9447,7.831354677549284
788,6,307.53903,396.80307,326.50128,377.36984,326.8993,351.68216,43.40953334336008
788,7,337.3911,752.432,343.98184,766.64154,359.7528,786.3074,13.84476377523358
788,8,626.32245,467.8417,645.52954,472.919,666.2592,477.31802,2.8260468956814813
788,9,578.07025,339.3955,587.97186,315.9359,600.24115,297.31348,10.495482084275938
788,10,455.89435,815.5988,466.3634,813.5149,479.74445,810.3604,2.0069135872730697
788,3,579.20667,751.9706,597.6596,766.45795,612.7124,759.75085,62.15175729371256
788,4,552.67914,392.05972,576.98914,409.59128,597.59534,438.37973,18.60778597311956
789,2,581.21204,752.6226,595.4523,770.1106,609.1718,770.27747,50.14766881363005
789,5,493.8286,817.3832,500.53293,822.0618,509.30014,830.6249,9.415549390527506
789,6,308.52234,397.03943,326.06036,377.25916,328.2694,353.6851,36.208189683475545
789,7,335.0345,744.72046,345.99417,767.06976,362.8292,789.7996,10.403272663544215
789,8,625.8569,467.65277,644.3764,472.6483,665.52515,477.19745,2.9563154355340493
789,9,579.39624,340.80914,587.72473,317.36057,599.64276,298.50757,12.745198814229195
789,10,452.6412,815.9279,455.1294,818.1465,446.72717,822.105,113.05226565572045
789,3,581.5597,751.2229,597.8969,769.0102,615.8823,760.8447,71.85152190425833
789,4,554.35876,394.4227,579.1547,410.99255,600.20953,439.94028,20.217381496296568
790,2,580.93036,749.3811,596.39764,768.8196,616.42883,761.65015,71.18354755858498
790,5,491.88126,816.7059,500.3343,819.2321,512.4663,828.0817,19.4694679735393
790,6,310.17783,394.40268,327.8198,375.6341,329.6623,347.85837,39.43256198146993
790,7,333.94913,745.90076,347.2327,768.7646,365.03665,790.8238,8.750977558951256
790,8,623.70013,467.25238,643.6753,473.08646,665.7764,477.4659,5.073001889602648
790,9,578.9513,341.63748,587.6273,318.20734,599.3362,299.1665,11.269510329610412
790,10,460.5705,816.232,451.65073,815.8973,438.69635,820.00244,19.732127313241545
790,4,555.82855,394.1505,580.32526,411.3586,601.73895,441.0062,19.073640192788798
791,2,581.48663,748.9354,596.5682,769.1558,616.99286,761.8167,73.04695543028498
791,5,495.30658,816.3146,501.10077,817.71735,510.25278,826.3209,29.621400268755846
791,6,311.87262,394.28137,328.2996,376.06345,329.65985,348.7276,39.192002718280904
791,7,334.10803,746.801,347.95193,769.143,365.54898,791.8998,5.929694125290233
791,8,623.5149,467.37375,643.3435,473.4629,665.5012,477.3889,7.023504643892873
791,9,579.96277,341.99817,587.8757,318.7295,599.1764,299.7113,11.937546666085915
791,10,447.48398,810.7986,446.68954,811.9358,444.28268,817.5255,11.6414281496682
791,4,556.299,394.30035,581.66364,411.71933,602.3774,442.67697,21.734479346195393
791,1,466.11737,820.9065,480.55237,822.373,495.8634,833.9946,31.398919056100997
792,2,580.18463,749.29034,595.8099,767.76587,615.918,762.1128,65.48035747955667
792,5,496.20233,807.47284,499.50024,812.77185,512.2129,823.3931,18.224992965629212
792,6,322.16763,368.8667,329.23886,373.9347,320.21396,373.12097,149.52266640346136
792,7,335.17853,746.8939,349.1326,770.1211,366.49652,793.6873,5.387361098399646
792,8,632.0705,469.625,642.9667,473.0114,658.4245,475.8276,6.939467911882508
792,9,580.3077,342.87283,588.0313,318.76456,599.3373,299.50168,12.645933416994094
792,10,439.50476,811.7774,443.17667,814.3966,431.29755,823.81085,106.1024585299729
792,4,556.3928,394.27515,581.10175,411.8973,602.461,442.52386,19.611626684920182
792,1,467.2011,821.45435,481.34424,823.116,496.10095,833.2663,27.82079659688196
793,2,578.0204,748.5383,593.9305,767.3541,615.38385,762.06445,63.634021352501364
793,5,496.02692,807.2936,499.20587,812.6465,511.38727,823.6414,17.225590257271097
793,6,322.95786,366.27283,329.6896,373.08115,320.9315,374.87018,123.13094094760326
793,7,336.1967,747.7871,350.31165,770.9779,367.3628,794.278,4.870253459501043
793,8,663.7869,476.867,641.7188,472.67578,626.04987,467.80988,6.498269169418575
793,9,580.1756,342.11673,588.2081,317.9514,599.68225,299.41385,13.369373606159634
793,10,439.84296,811.9478,443.4522,814.6035,435.75595,820.5067,106.16524536925508
793,4,555.3538,395.82043,581.1308,413.53546,602.897,441.959,18.05736386859219
793,1,466.59528,821.3867,480.32758,822.75397,495.05496,832.32025,27.320158726695464
794,2,575.1447,746.4238,591.66315,766.19147,615.2756,763.51654,56.580036339381955
794,5,496.50546,809.187,498.67215,812.5042,510.8343,822.4411,17.598720553323805
794,6,317.8459,383.28745,330.42392,371.74612,326.42584,356.0755,61.77385669748985
794,7,337.0121,748.62665,350.494,771.325,368.69827,793.9354,8.129945007787422
794,8,659.3087,476.35706,640.681,472.50345,631.9069,469.37634,7.927934068119194
794,10,442.50467,812.793,442.8546,814.2269,432.29218,820.0667,74.77759929670219
794,4,553.9908,397.25412,581.67285,416.11267,601.8101,443.76804,19.6748871085117
794,1,466.32455,820.8946,479.84372,822.5257,494.46017,832.59436,27.681782569538605
795,2,573.9132,743.39905,590.4689,763.71576,615.39246,763.32056,51.73256365373964
795,5,491.75558,808.8281,496.60754,812.60315,509.80142,821.93335,2.617858272162664
795,6,317.8931,386.17773,329.6185,372.10342,326.87668,353.1037,48.009483019890524
795,7,337.62445,749.3683,350.45422,771.16144,369.39215,792.8008,10.705555896978392
795,8,651.88654,474.36157,639.6111,472.24435,638.79224,471.3676,37.169614344368895
795,10,432.98865,811.6498,442.43262,812.89825,436.71747,820.95935,117.80512362762016
795,4,553.1284,398.47836,581.72845,417.35107,601.6712,445.27762,21.048627788846872
795,1,466.00522,820.72485,479.23218,822.14575,493.4624,832.43555,29.7390212298291
796,2,575.0105,742.3993,590.7259,762.1861,615.2493,762.3023,51.270623273375904
796,5,489.66757,807.7395,495.55182,812.71185,509.3891,821.86115,6.725811984225925
796,6,314.98685,390.34427,327.95856,371.9697,328.96948,346.5158,32.946194267418754
796,7,340.3611,752.5246,350.25165,770.7043,366.37143,789.07654,12.715567494433273
796,10,448.72632,813.09265,440.70712,810.0784,422.02853,806.5741,9.974152181153036
796,4,552.6495,398.48676,582.2626,417.48148,602.02515,446.0923,22.688358201190287
796,1,465.78415,820.1117,477.03473,821.4336,491.20853,831.59686,28.940976368696226
797,2,576.1297,743.6012,590.3525,761.67883,613.0718,761.36035,52.608836502245474
797,5,488.02298,805.91425,492.86008,812.05756,508.866,821.3799,21.566140880884976
797,6,314.20996,389.52505,327.5584,371.6558,328.42783,346.27975,34.79768805118662
797,7,345.90338,766.4874,351.24255,772.4934,362.54456,778.763,19.345086828639307
797,8,661.4247,477.24,638.92786,471.9207,618.6692,466.56732,1.4988080305885445
797,9,598.33417,299.55853,588.9896,315.47775,576.76385,331.1318,7.576937907688822
797,10,454.94577,812.241,444.34933,812.262,425.08444,809.0756,9.505183383196718
797,4,552.8126,398.50302,582.50696,417.4542,602.30756,446.80002,23.44480005152937
797,1,465.79483,818.89496,476.03793,820.0366,490.82254,829.21405,25.469873220290225
798,2,575.82434,741.7875,589.5569,761.1413,612.9461,761.8339,52.94610397007289
798,5,472.92746,809.20325,483.20956,809.75397,499.40436,820.5514,30.626368410992992
798,6,314.28854,388.93338,327.11185,370.6984,328.17093,345.22766,32.734847194883784
798,7,373.13583,796.9755,353.65744,774.72186,339.89334,753.55,8.166929902999964
798,8,624.0225,470.2088,639.5635,471.9675,654.63324,475.51935,6.805789458709145
798,9,599.438,298.85944,588.67413,316.6236,575.0515,328.51535,17.667963912778607
798,10,455.81824,815.05273,449.75702,815.4597,437.13586,816.56244,1.1516507044722515
798,4,553.57745,398.37408,583.59485,418.32822,603.34375,449.57285,24.090038437563276
798,1,465.17603,818.957,475.3303,820.0273,490.11343,830.32227,28.836305720371428
799,2,574.8725,736.8823,588.2654,758.7031,614.108,762.76953,49.51744218834173
799,5,464.69995,819.9591,471.8502,815.69147,477.85574,816.5906,39.34565401948849
799,7,372.4299,796.15027,354.10336,775.36005,340.06714,756.71436,4.424122525935679
799,8,625.0046,469.29593,638.1452,471.97302,654.15796,476.13144,3.042660304556934
799,9,599.65656,298.66946,588.3725,316.7905,573.5844,328.9347,18.695913841406067
799,10,442.39062,816.3726,457.6734,816.74396,461.51038,821.6935,50.82451622417089
799,4,553.6851,398.38,584.1509,418.35272,603.57,450.27246,25.436761287535944
799,1,463.7123,820.04877,473.68735,818.896,489.86444,827.1598,33.651627678536144
800,2,574.9485,736.04675,588.0457,758.5578,613.6949,762.69476,50.64623438454099
800,5,443.62216,819.3185,456.68686,815.6016,468.093,813.35846,4.754933727315154
800,7,372.48096,793.3633,354.48026,775.8484,341.8517,759.26465,8.494378326194754
800,8,648.8386,475.48776,636.57825,472.34012,626.82007,469.66504,0.9314623631069848
800,9,599.2364,298.26044,587.8621,316.78894,572.3527,328.66992,21.00115751488936
800,10,464.65204,819.0196,464.11362,809.88403,468.92184,807.7251,69.19244396229357
800,4,554.09015,398.75763,584.6188,418.36673,604.142,450.10446,25.689144597532316
800,1,455.845,818.55585,467.74506,816.6358,484.12378,822.1726,27.84328928723124
801,2,574.2965,735.3762,587.74506,757.9405,613.44653,762.6031,48.92219585902934
801,5,457.8204,811.33826,446.38663,811.2081,424.48135,804.50275,16.367719311264747
801,7,375.78198,797.21216,355.8211,777.1879,340.4397,757.1682,7.3736576322327485
801,8,657.0005,476.06998,634.04535,472.4375,614.3586,469.56705,0.6966123983234287
801,9,595.9746,299.92075,586.8189,316.69467,572.2395,326.99258,26.138186553923504
801,10,471.98724,797.8106,474.95508,799.11884,483.85654,803.606,2.9644489070816418
801,4,554.5316,399.21646,585.0849,418.63556,604.49976,450.62076,26.303179153844813
801,1,460.3523,815.62885,463.83493,817.4382,467.51703,818.073,17.671013047107323
802,2,573.2732,733.5976,586.67487,756.6641,612.1555,762.52216,46.895990073803304
802,5,460.53937,813.08185,440.9177,804.7184,418.36456,795.81616,1.545097035814303
802,7,377.9254,799.7505,357.4278,779.27765,340.88107,757.911,7.279823039650869
802,8,651.0696,475.26755,631.8971,472.4367,615.46124,470.3909,1.3043131715531373
802,9,596.8482,299.49203,586.2555,317.32156,569.9367,328.18515,25.632884308367345
802,10,481.17746,812.3114,483.84885,808.2098,498.31738,819.98364,96.06100510995189
802,4,555.38055,400.2299,586.14685,419.7648,605.1686,453.05853,27.84603115465021
802,1,462.60376,814.00024,465.4513,818.2038,468.5549,822.8409,0.31959391287887345
803,2,573.31134,733.5505,586.0403,755.85065,611.28955,762.14343,46.28774277710143
803,5,457.60175,804.4925,435.1533,793.129,412.06332,781.3444,0.19077407530073984
803,7,378.56802,801.56464,358.8375,780.9336,342.33426,759.4992,6.127687301314579
803,10,484.7651,820.3377,491.34702,818.1897,504.93008,826.2545,48.77345303560577
803,4,557.07336,401.3089,587.32465,420.67712,605.3455,454.3765,29.23497637964018
803,1,472.85184,818.99554,468.89954,816.83386,466.6343,824.1883,101.55684826824285
804,2,573.3321,733.8438,585.47614,755.56116,610.0058,761.9375,46.21545871266068
804,5,459.4753,815.7776,439.8435,801.2396,417.0991,788.0017,6.320371848451922
804,7,378.38373,800.20984,358.5363,779.9802,341.7773,759.36475,5.344928049879857
804,8,647.9505,474.74988,630.54456,472.88223,614.9953,470.1042,4.005310562051393
804,10,485.30756,820.20776,492.7159,819.16534,506.6719,825.97534,34.02005950459241
804,4,560.0909,402.60916,588.54724,422.51584,605.6607,455.3828,27.519750721319323
804,1,470.2598,817.95447,469.0216,816.37915,469.35287,825.6782,143.87310964330837
805,2,573.14276,733.41815,584.0018,755.4667,608.9015,762.22736,48.58899957582363
805,5,421.92944,805.75275,444.67487,810.1469,455.84402,816.5243,18.791352016468686
805,6,322.39716,376.18936,328.76187,354.47882,327.8223,334.7224,19.061984294131136
805,7,379.22702,800.1205,360.17044,781.7571,344.81873,761.77155,8.531889063837315
805,8,648.19226,474.8021,630.1427,473.52173,613.6229,470.20914,7.281170461882758
805,9,583.20807,318.69864,584.30164,318.5381,578.58295,315.47067,143.43934461476408
805,10,485.5009,819.8573,492.45245,819.18805,506.56815,825.61194,29.968841442538647
805,4,562.14075,403.8995,589.3694,423.49988,606.1083,455.0057,26.27050611396735
805,1,469.5638,817.56757,469.8424,815.8897,476.0939,821.60754,123.01961418295673
806,2,572.50964,733.05035,583.6264,755.1073,608.2918,763.78345,43.872252906958614
806,5,429.74857,800.72504,449.19742,812.2065,461.49405,821.455,6.39249053199024
806,7,379.24677,797.4655,357.94846,778.8726,341.9855,759.8801,8.833243826380103
806,8,649.7001,474.8367,629.38043,473.3837,609.86115,469.81354,6.274980046474457
806,9,581.24036,321.69565,584.0144,319.57495,580.37164,313.13553,82.09960983420063
806,10,487.259,819.2399,490.3481,819.43835,502.97275,825.90375,23.442868679246228
806,4,564.062,404.906,590.14417,424.65982,606.47296,455.52078,24.97714179815304
806,1,476.81635,829.7286,467.14038,815.2084,459.01358,805.301,5.682686094302413
807,2,573.57135,731.9861,583.61957,753.3607,608.595,762.90137,43.914830724528805
807,5,438.70184,802.099,449.68286,814.5598,453.32892,822.50793,16.745491186001615
807,7,378.53693,796.8817,358.9876,779.1539,342.76855,761.55817,5.128736178639332
807,8,646.2573,474.5375,627.95483,472.8315,613.08295,469.84814,6.018029052986061
807,10,493.62982,817.8206,486.56476,819.58844,492.26035,825.9178,117.93496722914537
807,4,564.8596,405.38226,590.5203,425.73352,606.3539,456.5005,24.35076929996876
807,1,469.4267,824.93933,467.7867,814.6301,467.43073,812.8423,2.222199034135719
808,2,576.35065,734.3132,584.4269,752.27844,606.40015,759.1967,48.317261415682026
808,5,425.93716,811.8541,443.3652,806.32513,451.16806,807.50934,26.231128034743282
808,7,381.17526,798.9206,360.3028,780.5891,343.45148,761.97864,6.548349946461581
808,8,645.7381,475.21692,627.76276,472.57053,612.92664,470.3612,0.09487278508118449
808,9,564.58624,330.5734,581.0928,318.453,593.2432,303.51526,14.585845929218396
808,10,497.66278,813.13165,479.59827,811.4366,473.9894,822.92175,69.33173761997291
808,4,564.13245,406.60544,589.6396,427.13254,605.2629,457.4304,23.896131340762405
808,1,475.75702,819.2169,469.7334,813.4859,461.49597,820.49146,83.95369904101261
809,2,570.31366,729.3298,583.46375,750.00714,608.5986,760.7986,34.30916516094804
809,5,414.00952,784.7049,435.23102,801.08105,451.11075,812.75836,1.3273643204734906
809,7,380.9723,798.9824,360.65768,780.89417,343.9909,762.9716,5.397136824078499
809,8,641.4235,475.01505,627.2653,472.13687,617.8475,471.47952,7.498209940081759
809,10,484.29355,803.69366,472.83395,803.9685,474.8017,818.4791,96.34871572077758
809,4,564.4708,406.95297,589.8902,428.43002,604.86163,457.33612,22.424099624943146
809,1,464.05188,827.41187,468.9345,813.8897,470.02954,809.994,4.153835073047311
810,2,569.75793,729.2346,582.80896,750.1721,607.64075,759.8913,36.687958926339576
810,5,408.38782,779.2394,429.99338,788.38025,450.65756,798.27637,2.6576333143590274
810,7,383.1431,800.4494,361.80554,782.15924,344.5349,764.2056,5.508332309059972
810,8,635.1862,474.36874,626.5828,471.7229,624.0703,472.33902,30.872698933803154
810,10,467.99515,797.9856,460.6055,792.3235,449.1899,790.28174,27.31963785866297
810,1,469.84668,818.2383,468.51404,816.3364,465.29642,824.8018,124.16949051208063
811,2,567.3587,726.5703,580.85455,747.57153,606.5956,760.95966,29.79498630128997
811,5,450.94293,799.47534,430.78656,788.41644,408.64166,779.4604,6.731728751054082
811,7,384.1671,800.8844,363.10352,783.10767,345.63644,765.75287,4.652400452068083
811,8,636.8959,475.18445,625.922,471.70648,620.6696,472.84766,29.843067740959484
811,10,469.23898,801.0371,460.9134,794.5558,450.10803,792.82825,28.816650595079228
811,1,471.222,819.7078,469.42328,815.7308,468.8946,823.3691,151.70469168728323
812,2,566.32996,722.1555,579.2335,744.63873,604.3067,761.7776,25.792941036472964
812,5,449.22263,800.83813,432.0675,788.26733,408.6318,779.9587,16.71199765359325
812,7,378.98535,795.99854,364.2995,782.2398,349.34885,769.44257,2.5707022773943122
812,10,471.0952,804.11707,463.43695,794.16223,452.87527,791.4417,37.984396935416
812,4,563.9613,407.6519,590.05396,429.61575,606.22,461.01068,22.665477777844146
812,1,477.2765,815.75146,468.06293,813.5173,467.39844,825.4108,100.43274937807999
813,2,567.0432,723.2094,579.60693,745.71356,604.38196,761.47626,28.360175142462467
813,5,449.12817,802.43176,433.2129,788.48676,409.25348,780.45294,22.68812799997856
813,7,381.2715,797.824,363.97046,781.43646,347.3105,768.305,5.201343767928355
813,10,464.13162,790.37854,467.59036,798.00366,472.7698,808.03345,2.9131585204944277
813,4,563.7127,407.83743,589.89185,429.4879,606.3189,460.9721,22.85524764024081
813,1,460.07175,830.2951,465.16907,813.53534,476.08978,806.10205,38.84184031732309
814,2,568.91565,726.6434,578.5324,745.2564,602.2355,759.7296,31.26760587900714
814,5,448.834,802.51465,434.34894,788.2137,410.35248,780.9392,27.76897413838098
814,7,384.7225,800.58496,365.0417,783.7457,346.69357,767.6713,0.6696879171269656
814,10,477.50314,785.18054,473.67755,801.32764,484.22794,814.16364,52.746889379780406
814,4,564.30615,407.4291,590.53644,430.03314,607.92377,460.83377,19.801501037491036
814,1,461.36093,828.9874,457.17105,813.0965,446.65436,802.93164,31.203895630125757
815,2,566.7739,720.0239,578.2688,741.6577,601.0318,761.03955,21.60342235930055
815,5,410.92575,782.7658,433.55182,788.0564,445.9666,801.0063,33.047682487465096
815,7,387.6719,802.09454,365.52182,784.5834,346.57324,767.32916,3.9916462620132207
815,8,647.8312,476.708,624.52356,472.13507,603.31635,469.09006,2.9293750416771314
815,10,484.71436,808.10114,472.02228,807.48895,470.16824,818.68744,83.36074999161411
815,1,453.7179,818.79297,445.04938,809.4844,426.2163,800.06836,20.475359440813055
816,2,568.2288,718.9258,578.0666,740.58966,599.4767,760.3114,22.927292499859426
816,5,419.93036,787.5811,432.28723,788.77454,439.39304,799.5483,51.07673366270033
816,6,326.91763,364.37418,325.30405,342.33707,321.9925,319.33392,4.004185875073321
816,7,389.6899,803.8257,367.20166,786.9274,347.53537,768.4309,6.322170844996067
816,10,460.1348,824.3504,469.416,811.2558,484.9013,815.381,69.58854780018845
816,4,565.7098,407.47052,590.97546,429.08704,608.4079,460.44336,20.379046714998065
816,1,449.68628,807.7366,439.21008,804.55585,419.96597,803.90314,14.946470279045199
817,2,568.43005,718.6369,577.44904,741.0495,598.1328,760.50885,24.826877395297753
817,5,424.33066,794.30695,432.04446,788.11804,432.46097,795.2066,125.37793468898818
817,6,327.78818,363.92645,324.7746,340.80826,322.41516,317.73398,1.5885617712730478
817,7,390.14047,806.21063,368.18784,786.711,348.02853,768.683,0.19179700087998583
817,8,646.7211,476.9357,623.9206,472.12912,601.8202,468.27158,2.0031067699570184
817,9,551.34,331.61105,573.90515,324.28967,591.7627,312.8001,14.781349558550845
817,10,459.14993,823.8654,465.34683,814.4406,480.2704,820.2698,78.01038876468844
817,4,566.0747,407.36172,591.3369,428.9292,609.003,460.24695,20.084144912821934
817,1,451.65213,808.8193,439.68958,803.74176,417.36157,802.29333,19.287218820961925
818,2,567.4582,717.44385,577.13257,740.1708,597.2291,760.3669,21.80002087966494
818,5,423.74445,794.41425,431.1566,787.8117,433.83493,798.25446,117.30872567552154
818,6,323.98456,324.8666,325.02322,341.5527,327.2452,359.7179,3.4118539101950462
818,7,392.38184,802.9934,368.9536,785.7833,349.78656,768.9468,4.995869418751689
818,8,646.9328,477.4167,623.4072,472.37448,601.18915,467.07828,1.3107486310239769
818,9,551.35034,331.53653,573.8678,322.74377,591.9238,312.6595,7.853404765984845
818,10,480.10236,818.0354,460.39423,817.0419,448.6539,820.5232,19.402459874467667
818,4,566.2573,407.27805,591.51465,428.76633,609.11743,460.313,20.448553342732332
818,1,451.15967,807.4181,439.74835,804.7341,418.57904,803.2879,9.327695862034707
819,2,567.4005,715.55383,577.66534,737.9646,596.80396,760.47577,15.761374497276146
819,5,433.2406,797.66144,432.94623,789.0966,427.34393,795.5698,137.15667354013092
819,6,323.13092,314.55634,326.2947,341.65826,327.89645,371.35825,3.571441397984103
819,7,395.08472,802.5315,370.65637,786.5022,350.99332,770.23096,6.335925620465945
819,10,476.74493,814.4394,459.23468,813.48676,453.92462,826.7688,71.32292676444666
819,4,566.27637,407.63818,591.5714,428.32034,608.58014,459.98325,22.48542675373904
819,1,440.44598,805.17944,440.08636,805.7731,427.1051,807.2671,52.22725862055961
820,2,568.2108,714.9025,578.26495,736.39246,597.7853,759.1762,15.516122472983984
820,5,439.47272,802.8406,431.0555,790.3297,418.18042,790.01526,54.668581922468746
820,6,323.7097,317.00394,325.6387,343.73874,326.94565,372.78864,1.5509122241273128
820,7,401.20288,801.74585,372.89575,787.2517,351.8644,771.0351,10.520817866264045
820,8,638.1022,474.9198,624.2139,471.2354,611.1619,469.06323,5.4087792276907765
820,10,459.14307,820.50604,456.65637,813.7596,465.46338,818.7044,139.54617983259132
820,4,566.5555,408.54547,591.1212,428.73074,607.5536,459.89932,22.791963301268055
820,1,430.56934,802.1578,439.86145,806.5397,436.58493,811.0355,100.83687314870058
821,2,568.5461,713.6774,578.4697,735.86615,597.7101,758.24927,16.58608989374671
821,5,441.84125,806.8044,432.04416,791.02924,415.522,786.6825,43.41814980294833
821,6,325.13937,359.44528,324.36148,347.20386,324.53912,342.5227,5.809304367367898
821,7,401.51855,800.9403,373.26437,787.2618,352.9057,771.09924,12.612945279381567
821,10,454.07126,821.6873,454.33542,815.5916,461.2412,807.8871,39.38941060363064
821,4,565.494,408.196,591.2534,429.30594,608.2158,461.46756,22.857595157768774
821,1,427.3352,800.95135,439.29306,807.75244,440.02768,813.72766,53.361724715170496
822,2,568.2814,711.40875,577.812,734.88324,597.15137,757.9659,17.860177552847894
822,5,437.34552,805.4488,432.145,791.17554,420.0865,788.6637,58.21382663542748
822,6,323.83554,320.77844,325.43872,342.49945,326.36154,364.01785,1.7655814433589854
822,7,403.82278,799.7225,375.12128,787.84656,353.6888,772.0403,13.930007993375062
822,8,643.3935,477.47446,625.2837,471.15887,606.3965,468.86765,12.308776212061462
822,10,458.15445,821.6203,453.00223,816.0612,450.6135,806.2407,29.15360603206726
822,4,566.0553,408.77588,591.4882,429.5155,607.1957,461.83344,24.882907097215423
822,1,425.22195,801.0926,439.47516,808.06586,441.37344,815.1064,48.84076133980993
823,2,567.2234,708.9668,576.90955,733.49963,595.7241,757.7325,16.280748023887373
823,5,434.52637,803.4506,432.75272,790.0695,425.60217,794.30237,113.0734356446178
823,7,403.51572,800.3346,376.40442,787.3242,354.88754,772.92,8.16409266926229
823,8,616.19556,472.94693,626.33923,470.69577,634.0027,475.95224,46.95948666883836
823,9,541.521,329.2817,565.7287,325.00922,585.7618,314.41782,17.85596798864777
823,10,458.89252,821.3516,452.65524,815.0555,445.51376,809.4401,7.091049643259193
823,4,566.2891,409.671,592.42444,430.37326,606.8754,463.9069,28.303448432152248
823,1,426.97568,802.3752,439.54733,807.57794,437.70343,813.69293,84.2979240933979
824,2,567.9262,709.4531,576.4718,733.5173,594.95734,757.1439,18.48886586677678
824,5,430.3132,802.6216,433.70737,790.6599,428.34265,796.7142,154.29712717256717
824,7,404.04504,800.51556,377.25613,786.1416,355.14584,772.9214,2.659621182352578
824,8,610.58234,471.3544,627.847,468.28436,648.4999,482.49564,44.61495779232022
824,9,540.26556,330.27408,563.97864,326.13208,585.4818,315.9813,15.362130788632813
824,10,474.77222,810.89575,457.01938,811.9649,453.20276,825.54236,70.85289810873748
824,4,573.93677,420.0076,594.2017,433.532,602.5929,464.67963,41.204123975277994
824,1,432.2108,803.96826,436.5509,806.24,426.57614,808.8796,137.54906061856246
825,2,566.85834,707.20807,575.7194,732.171,593.8039,756.49243,17.089774764659452
825,5,436.7635,802.45605,433.64233,788.60925,416.97272,794.8468,97.81264813917842
825,7,403.69794,801.324,378.06564,786.2185,355.46848,773.1221,0.4163710263473779
825,8,610.5431,472.51913,628.2457,467.1419,647.2881,481.2462,53.422893199630124
825,9,540.22656,330.8777,563.31885,326.95532,585.1897,317.51184,13.713914271414925
825,10,478.1418,808.48126,455.17865,809.8503,446.98523,819.9807,47.622503219686266
825,4,604.3713,465.02798,595.5246,434.2794,573.66565,416.737,35.20097435340835
825,1,445.31033,807.0131,435.79886,805.5438,425.60382,801.0487,15.011821093971232
826,2,564.9737,703.57684,574.7073,730.1859,593.28076,755.8482,15.803237121950657
826,5,413.85648,792.4114,433.83386,788.0177,439.29218,803.68445,83.19533441617538
826,7,405.93512,800.56,378.9728,787.17957,355.9539,773.74634,3.8731274807541354
826,8,611.0851,471.4316,628.80145,467.04147,645.24603,481.54288,55.324581258360844
826,9,575.89136,320.14716,563.7906,327.97464,554.40265,328.981,26.778648231777215
826,10,452.6586,817.37054,451.04333,812.0887,442.96475,817.4687,106.65764321413097
826,4,591.3978,447.6381,595.4099,435.37616,590.3487,441.2918,157.5689003904209
826,1,438.85748,808.9178,433.5041,804.7209,426.84656,799.6508,0.8045425226480974
827,2,565.1208,704.3121,574.35077,729.016,592.38794,754.04846,15.287792754626436
827,5,414.32748,792.6708,433.6672,787.9728,437.59512,800.891,86.74135874242161
827,7,407.43234,799.4114,379.9809,788.3277,356.4887,775.1801,7.247247731791573
827,8,609.3259,470.59482,628.77716,466.1613,645.7224,482.52823,56.845545676638864
827,9,584.49,319.82895,564.34326,327.7486,545.058,331.4041,10.726677201402623
827,10,453.29196,816.742,449.2125,813.1963,440.12067,821.0485,81.81171358869838
827,4,595.4599,453.51367,595.17474,434.99872,584.3647,434.68674,87.46452179460509
827,1,445.00146,805.8283,437.21964,801.3725,426.23578,798.7537,16.384967670749425
828,2,565.1402,704.01227,574.5472,728.72723,591.89166,752.7723,14.966385149190451
828,5,413.5151,792.0298,433.0042,787.6211,437.12177,799.5834,83.7524759679181
828,7,407.88422,799.57275,380.8308,788.5045,356.84723,776.4292,4.473695701192249
828,8,610.1044,469.30893,629.3625,468.3137,647.0006,482.3159,41.403002533133524
828,10,464.8488,811.6038,450.385,813.9378,436.4945,825.1083,29.638897126550667
828,4,604.16797,453.8876,594.8177,436.90738,577.23456,429.666,38.776614895017104
828,1,457.01633,812.1928,442.21686,808.46954,417.8846,806.5204,9.541532693861482
829,2,565.3331,704.3243,573.91583,728.17456,590.73175,751.3126,16.216658690227383
829,5,418.47504,794.29346,433.5191,788.1922,432.10077,795.0423,123.77344026547836
829,7,409.25406,799.17053,381.7811,789.42316,357.14832,777.5723,6.157592189948746
829,8,610.67114,469.1346,630.1328,469.39502,648.0778,481.08798,32.321655188056674
829,10,472.91135,806.24927,449.23013,812.9598,432.73154,827.2291,25.034906512170906
829,1,450.8174,818.4668,441.59833,811.0126,421.56683,808.1518,30.830091260155047
830,2,566.54333,704.5047,572.6181,728.5958,588.6736,750.92584,21.563910960514118
830,5,414.12012,793.1832,433.57434,788.4192,436.6149,797.5832,85.4045406412798
830,7,408.7566,800.8519,382.23697,790.16,357.47632,778.7133,2.8528643575855708
830,8,610.34595,469.3975,630.37036,469.79395,648.7079,480.7162,29.64474573785836
830,10,468.05176,808.50433,449.42606,816.2284,435.5482,824.89935,9.4736352693877
830,4,572.46655,415.14075,593.2188,435.62195,607.6048,466.2185,20.19452163112591
830,1,456.06708,812.48444,445.02774,812.76215,436.55438,809.9532,19.781662001537565
831,2,566.9591,703.48816,572.4961,727.8158,587.8866,750.9391,20.824992916578168
831,5,410.50476,792.26294,433.43646,788.70166,439.12787,799.2438,70.46405605219681
831,7,407.73566,800.621,382.73523,790.83905,358.9053,779.3709,4.330245651046782
831,8,610.8298,468.38318,629.89734,470.33026,648.9166,480.4693,22.231196089221534
831,10,468.21906,806.247,449.7042,817.21313,434.6589,826.7939,1.8510776845581394
831,4,571.93884,416.1918,592.5628,436.71823,607.7798,467.0361,18.483071225406714
831,1,450.97952,811.93976,445.37177,812.3209,444.89218,808.409,86.89915049476434
832,2,566.6732,701.6746,573.7571,725.6903,588.14606,750.5223,13.655913952461834
832,5,412.9305,793.44324,434.04575,789.11676,436.67566,798.1121,85.2825563581536
832,7,408.35916,800.2859,383.93134,791.3554,360.30673,779.52325,6.521854224028858
832,8,612.7571,464.50162,629.1265,472.18378,648.28754,481.7505,1.3914234217044723
832,9,534.8375,330.43124,556.7754,325.88718,579.9236,319.29285,4.198573082632362
832,10,433.73883,826.90533,450.44897,817.56134,468.73126,806.53186,1.8890660681329658
832,4,610.3582,466.86664,594.3424,439.15805,572.48956,416.66528,14.144974978535023
832,1,445.7563,808.86096,443.0938,806.31335,440.12485,803.0926,3.592486344907593
833,2,567.89856,700.8791,574.0221,724.60016,588.6328,749.80707,15.623190233986774
833,5,413.2351,793.1004,434.04868,789.4059,436.63663,798.0531,83.4039978932716
833,7,409.3557,808.3629,388.746,796.2754,365.71777,781.3542,2.5498310805564897
833,8,613.6147,464.50027,629.4215,472.4807,648.5663,481.9029,0.583832999605756
833,9,544.9799,328.82224,557.0566,326.86255,565.7466,321.3126,23.347676231577637
833,10,431.80756,827.0323,450.3316,816.16376,471.66092,806.72284,6.525761790372403
833,4,610.7085,468.8537,593.9601,440.6401,572.5806,417.13843,11.598157961150676
833,1,451.07605,808.2255,441.5188,806.28186,430.7672,803.3352,3.830985545233665
834,2,567.6174,700.1068,572.7807,723.5544,588.3093,749.32635,18.65185205251877
834,5,416.21912,795.451,434.76697,789.6258,435.02304,795.7058,105.02386985260223
834,7,418.25302,808.2486,403.5752,802.51166,389.07474,790.13116,19.142296938447544
834,8,614.75183,462.67596,628.3682,473.06537,648.0432,482.3211,12.150118731937274
834,9,535.5035,330.56012,555.55383,327.24344,573.4987,320.19955,12.038778099390482
834,10,437.44952,826.3327,449.929,817.0381,465.04227,806.1256,0.8471909430260578
834,4,612.57074,468.56934,595.677,440.21338,572.2107,417.48282,15.127058932791078
834,1,442.33145,809.399,442.85565,803.7776,442.5202,799.0277,9.367162097432495
835,2,564.96954,698.40295,572.4975,722.4925,587.1367,748.72705,11.808123765684968
835,5,417.5456,795.56055,435.50342,790.03735,435.066,795.0733,112.06013990663183
835,7,412.8357,809.87933,393.53027,798.595,372.1834,782.6497,6.4512062406088395
835,8,615.6794,460.69757,627.78143,472.51465,648.18,482.30737,18.673175502440237
835,10,437.7418,825.22986,449.70267,815.9168,464.25446,805.8384,3.1991044544390648
835,4,600.0114,466.00674,605.84863,456.73294,599.8286,445.458,60.28665572049939
835,1,445.39896,812.42596,445.69174,809.4748,447.6128,804.9462,17.321269292134954
836,2,564.8377,695.3327,572.728,721.1466,586.3186,748.9369,9.064144378896492
836,5,417.73132,794.66675,435.56305,789.9546,436.5211,796.85724,96.90067830261872
836,6,325.34564,367.6305,326.6026,344.08823,327.81827,325.4591,0.6778198191621191
836,7,407.3871,800.86884,382.61987,790.7953,359.5736,778.03894,6.831964032612885
836,8,616.29126,458.15625,630.10516,470.40262,647.7529,482.10052,8.01917330227091
836,10,456.29562,815.28296,450.27606,816.07104,449.81284,817.991,68.97691949410245
836,4,604.2874,475.5795,610.39026,475.07907,618.5631,473.39185,6.976735739724423
836,1,439.7418,811.0692,443.50275,803.7731,446.99817,797.96497,3.7704491949824703
837,2,564.1709,693.73224,572.2178,720.1739,586.10297,748.21924,9.413566014324049
837,5,428.09702,800.8322,436.31235,790.3558,428.08817,790.6422,130.09727989887466
837,6,334.23102,354.83585,330.91522,345.91083,333.1019,341.8279,48.55293450578416
837,7,407.44815,801.5634,382.77817,790.94714,358.5909,778.107,4.67843240041536
837,8,616.5256,459.06287,628.84534,470.4582,647.65894,482.44852,10.257411936889742
837,9,552.4984,328.8741,553.2453,327.6526,552.3953,325.39673,52.08886552425743
837,10,451.22012,817.6229,450.2091,817.24554,456.62305,814.1491,133.76130064085243
837,4,598.94727,471.56958,609.3254,473.51352,616.9051,476.0049,7.586075097777333
837,1,443.39633,811.06256,442.83652,800.304,441.18768,793.393,10.440162613347912
838,2,563.42316,693.6501,571.9988,719.901,585.41406,747.54175,7.798276634609605
838,5,433.52484,803.7196,437.22406,790.8471,424.54852,787.92944,93.07066967127427
838,6,329.894,329.83926,325.5556,345.80072,326.6539,366.1049,18.30218944006729
838,7,407.14233,800.401,382.24728,789.44775,357.6995,777.8758,1.4910847637935285
838,8,616.40936,456.70532,630.05096,469.7868,647.31146,482.26227,7.9407494979745055
838,9,557.7195,327.4156,552.6713,327.41214,546.4291,326.57898,7.563276412226246
838,10,432.9464,827.21515,450.5222,815.8333,470.8223,806.2162,7.577429990040889
838,4,601.87744,475.86508,610.5558,474.02518,618.4509,473.47623,7.992642145145649
838,1,452.36353,812.80383,441.3306,801.60815,427.209,793.5296,15.646848050745469
839,2,563.7932,692.54047,571.6176,718.5713,584.8589,746.25037,8.83591217817489
839,5,437.63263,804.44904,437.40845,790.91187,421.72098,786.4437,73.15310989362877
839,6,326.01343,372.23203,325.94763,345.32736,332.72055,325.40286,18.914516903731233
839,7,407.85944,797.98773,382.28928,787.8397,356.93097,777.114,1.280083192060246
839,8,615.7113,455.62335,629.3385,468.90897,647.05066,481.98904,7.827694557708156
839,10,470.2999,805.25385,451.3903,813.54596,436.0545,827.8809,19.389996439847092
839,4,601.3886,470.51767,606.76355,472.16608,619.11664,478.50522,10.115285454630103
839,1,453.73828,813.19214,439.30923,804.3351,419.12524,798.8734,16.40178718628432
840,2,564.15344,690.9092,571.80414,717.773,584.3308,745.6343,8.312384962916681
840,5,431.86737,801.0288,436.82465,790.07666,425.82184,789.8065,112.94650633852507
840,6,334.4431,351.87262,328.74805,347.16632,332.02466,348.37003,160.60177600682732
840,7,405.72995,798.28735,381.83206,786.1829,356.62842,776.4797,5.80616569861153
840,8,615.1477,455.19684,628.7992,468.2848,647.05096,481.84564,7.180700060701631
840,10,469.10394,804.70605,451.1009,813.0701,438.84787,827.70435,25.141833715072714
840,4,606.23016,469.13858,609.83954,471.95554,621.76263,478.77783,8.192612814463985
840,1,452.88205,814.14905,437.67926,805.22614,415.6981,799.38135,15.519403062054693
841,2,564.01935,691.26746,571.5293,718.0719,584.3892,745.2297,9.687242812906515
841,5,438.49136,807.0729,436.47696,791.2186,420.04443,785.6041,63.895170159916184
841,6,326.33652,371.02838,326.60245,342.91315,339.27,323.64688,32.78295217776746
841,7,403.94016,798.2459,381.45715,785.6861,356.3858,775.9408,7.948038684808781
841,8,615.7567,455.94168,627.32904,468.78094,646.8447,481.21518,15.46804870691897
841,10,468.2342,803.4008,451.48053,809.9274,439.53165,825.83954,31.81194396514618
841,4,601.5832,461.6795,607.91266,469.8559,621.4112,484.07037,5.776178745709434
841,1,449.0275,818.6587,438.8717,804.4153,414.75702,797.39246,38.27354163278708
841,3,735.9757,723.26764,723.6162,737.48175,706.38324,753.17633,6.667239310601347
842,2,563.6263,691.06586,571.14233,717.7723,583.51965,744.1992,9.37817140890214
842,5,439.86218,806.37164,436.6681,790.4874,418.33856,784.9427,61.79952822396716
842,6,327.81912,366.44962,324.85565,342.40482,338.34955,328.38074,50.92238354992999
842,7,399.4347,801.1881,380.4503,785.3465,355.6821,775.8429,18.851541179296444
842,8,614.6413,453.77402,628.18945,467.355,646.40405,480.9281,8.37669798697591
842,9,526.83435,331.6324,548.1406,327.45844,570.801,323.16998,0.3685048161428836
842,10,467.96378,803.2599,451.43436,810.2794,442.598,827.515,39.84720692820381
842,4,600.7343,461.19962,606.5227,468.93246,620.91846,484.44818,6.039165116783634
842,1,443.5469,812.20074,436.54605,803.1909,414.981,798.3321,39.4546334029976
842,3,738.71765,720.55963,725.8218,735.2056,707.85767,751.3906,6.618291375851105
843,2,564.1835,690.6583,570.6498,716.98895,582.44183,744.18134,9.646384131338916
843,5,443.58035,806.36285,436.64725,790.18585,417.0223,784.86176,51.622527838623526
843,6,324.54175,356.39142,326.79868,337.77136,340.75333,326.59583,44.39954836546899
843,7,394.439,799.96405,378.99936,784.94696,354.93842,776.906,25.72597406801331
843,8,614.6596,452.61118,627.4393,466.8653,645.31934,480.47287,10.849032548127141
843,10,447.0232,830.8052,450.6673,813.2528,468.10526,804.62164,51.93749511028425
843,4,603.7176,457.23117,607.13214,469.2414,620.4285,488.00644,19.449683201871974
843,1,448.2721,812.0338,436.47928,802.48676,412.37112,795.7892,23.46642975007595
843,3,735.9273,724.0616,726.5986,734.46936,711.77484,746.36896,9.373957929248498
844,2,564.76587,690.102,570.79205,715.8316,582.3093,744.121,8.970647492064332
844,5,444.01648,807.7897,437.89685,791.2484,418.61905,784.8045,51.21445266713891
844,6,329.92554,370.6893,327.2412,344.05203,340.97235,326.33936,43.53785353263758
844,7,355.0265,778.211,378.8429,783.84436,393.91034,794.82635,22.778903656174386
844,8,614.78827,450.9295,626.671,466.59167,644.36804,480.52405,14.600362795028383
844,9,525.63324,329.4057,548.79877,328.28564,569.6837,323.08633,11.211519861181266
844,10,450.11157,829.71356,452.1747,812.41956,467.58673,804.62665,56.37396654636876
844,4,603.48206,455.45914,607.3607,469.4792,621.0684,489.35138,19.133484267933255
844,1,449.12964,810.35736,436.9897,802.9729,412.14957,795.103,13.731894779158978
844,3,737.4167,722.54205,726.8155,734.40436,710.79297,746.41406,11.359780319135709
845,2,564.9394,689.50696,571.5722,715.2077,582.6478,743.9164,6.625280607991303
845,5,444.88065,807.1427,438.47067,791.73004,419.1578,785.2713,48.92673968989739
845,6,329.04422,371.21106,327.76178,344.5608,340.02698,328.5996,40.29509089131879
845,7,355.60608,779.876,380.47162,784.7391,395.13916,796.49884,27.655048931986833
845,8,614.3665,451.08908,623.19763,466.42667,641.81647,480.4325,23.11547118189017
845,9,523.0092,328.33478,547.3036,329.04025,569.52484,322.45782,18.16377667656183
845,10,454.0192,830.88293,451.67746,812.9031,466.9345,804.8385,69.56050918875324
845,4,604.8663,456.97644,609.14557,470.39835,622.0445,487.17337,19.87419872955871
845,1,447.28256,806.2199,436.77103,802.3932,414.64554,795.20624,2.008863004110929
845,3,739.67694,718.9958,727.5331,733.19836,709.70557,748.012,9.743320441858739
846,2,565.5311,688.8264,571.37463,714.6585,582.5294,743.1712,8.620082797500004
846,5,441.00378,803.97894,438.47214,791.07227,423.57037,787.85864,66.73263495879308
846,6,329.1549,366.0972,328.6996,344.55154,338.52725,332.22617,39.777825211427526
846,7,355.71738,781.52325,379.28705,785.5049,393.5148,795.139,24.51481750777484
846,8,613.4491,451.77954,622.3651,466.4057,639.9306,479.97906,20.939475075740912
846,10,465.6028,802.903,452.53894,810.4581,457.22168,828.6359,74.40404709361243
846,4,604.34326,459.54535,610.3879,469.82,624.16614,481.5221,19.189793110605738
846,1,442.95114,807.5492,438.04718,803.0016,420.0919,796.386,22.614553885178967
846,3,739.81415,719.18494,727.261,732.98914,710.2692,747.7564,6.724062193903347
847,2,566.30414,686.9338,570.7388,714.1606,582.0918,742.0535,12.896452158539375
847,5,441.28058,804.1563,438.42316,791.68506,422.6457,788.8392,66.8702222471992
847,6,329.41052,368.61337,327.6985,343.87106,341.1152,333.53195,56.33990195337826
847,7,355.50766,782.3796,378.19867,786.62085,389.5404,798.042,34.61264964611261
847,8,618.069,461.0482,621.72784,466.49042,632.2612,469.7659,38.81290077780772
847,9,567.14685,322.06357,545.66125,328.85168,522.3597,329.01263,17.137530930053128
847,10,462.63843,798.10614,453.07715,806.80255,460.879,824.4248,71.59234661807342
847,4,619.26855,453.17215,618.13727,457.13513,613.0131,459.73462,47.169140508407395
847,1,442.55234,808.30786,437.58185,801.1866,418.83417,793.09924,31.751518319326532
847,3,740.1727,719.5303,727.41394,732.5433,710.51465,747.10583,4.812755014102298
848,2,565.83264,685.9937,570.67255,713.0625,581.871,740.988,11.713996630546337
848,5,447.48303,810.33374,440.5866,791.5576,418.4754,782.69855,47.99785716886236
848,6,333.6622,366.20013,327.08,344.08026,337.00967,342.9908,100.31020539537845
848,7,391.904,796.30634,378.4496,785.6542,355.33194,782.83374,31.413553232267475
848,8,623.3186,467.4001,620.64465,466.02267,625.39655,464.41638,134.06908595890354
848,10,455.8317,805.1253,454.1768,805.4502,464.06503,808.57336,151.3644488254332
848,4,627.46606,459.8154,617.9319,458.25793,604.38116,454.3347,6.869298302074802
848,1,446.05734,815.7664,437.5999,798.17957,415.9004,790.7303,45.370382145410105
848,3,740.5376,719.1571,727.61755,732.1264,710.68164,746.55237,4.684666953880093
849,2,568.23035,682.9301,570.0319,711.2948,581.88464,740.35944,18.55166515148959
849,5,447.23276,813.3821,437.25757,794.08234,414.47678,784.39886,39.63857601970547
849,6,333.3854,362.5926,326.69763,343.49606,339.854,343.9478,111.26730809045243
849,7,389.5924,796.483,377.47003,785.7898,355.3627,782.9298,34.0442726661892
849,8,615.9615,459.43845,620.2603,465.49097,633.30145,477.25378,12.565830796681299
849,10,455.3093,798.70154,455.0829,803.86523,465.12018,810.51764,58.97543060594335
849,4,621.27106,454.94254,617.4761,459.75757,610.5565,466.15347,9.008545603738932
849,1,442.11792,812.6969,437.20908,797.7873,419.64023,792.44415,54.86050411124805
849,3,742.9492,717.51715,729.2428,731.29565,712.3863,746.084,3.8895746915138423
850,2,568.4639,680.47,569.9451,709.4192,582.1525,739.2639,19.317056379847617
850,5,447.20093,809.9776,439.3867,791.1761,417.36014,782.81396,46.6426896105296
850,6,336.01263,358.22006,326.75638,343.89645,337.71066,348.26566,144.61647451321505
850,7,390.11496,797.41656,377.71637,786.1506,355.4734,783.1429,34.55906849823392
850,8,630.3863,485.60822,621.0712,465.49435,611.119,446.4664,2.7613037903850084
850,10,454.25815,802.5475,453.89874,803.26587,461.4747,804.9969,103.70820444979549
850,4,598.6673,443.03543,604.26,462.76904,606.54846,477.6369,7.073100393545181
850,1,445.4224,814.7487,437.30713,797.23334,416.97498,790.4379,46.66000952156626
850,3,744.80005,715.75714,730.27155,730.16125,712.5955,745.23755,4.2920390072336145
851,2,571.80707,679.9268,570.42816,707.96356,583.3751,738.4284,25.84018868982484
851,5,441.6847,808.4635,435.80182,791.5414,416.3754,784.3241,50.44930860072946
851,6,334.39197,363.51575,326.54834,344.74927,336.46536,343.7305,106.81757576725414
851,7,387.5575,798.5515,376.40393,787.3213,355.31616,783.20935,34.1624788311684
851,8,624.28986,487.73474,620.1894,466.20828,609.1886,447.2789,19.378184032627196
851,9,523.3356,328.37088,541.81476,329.4408,557.55426,325.45667,17.518505560368148
851,10,447.9899,825.14087,448.8805,810.567,456.58044,797.2482,26.536424715954315
851,4,580.8186,425.6623,598.17957,450.18372,615.4589,478.79535,4.169317723997803
851,1,442.6696,817.5293,432.1321,798.5137,412.47406,791.6573,41.77916736321059
851,3,746.29553,713.8672,731.1263,729.30896,714.6008,742.9101,6.054272803617422
852,2,572.33514,682.1779,569.88354,708.006,583.3689,735.3785,31.64991337912551
852,5,432.87555,805.7548,428.91647,793.51483,405.5273,794.3422,74.1019795989947
852,6,333.9046,363.73346,326.11856,346.64624,336.54688,345.41272,107.75114854951758
852,7,387.2907,808.09753,376.94952,790.69507,355.5131,783.0818,39.72683940463287
852,8,609.2652,448.52252,618.4534,467.39355,624.80756,488.1014,8.902848594969978
852,9,527.27997,328.4966,541.8044,329.25208,552.8474,326.55215,16.716248760230346
852,10,445.31573,811.5737,446.3396,812.92255,452.19397,805.0071,106.31138629036131
852,4,590.51764,436.1877,599.7353,449.61484,606.9243,464.6132,8.860024506418437
852,1,409.01166,792.606,427.63992,800.5201,438.98395,816.1779,31.059049027984493
852,3,747.6828,712.78424,732.8665,727.84503,716.3546,742.08563,4.692897267626616
853,5,404.20404,800.0274,413.19016,801.04395,421.0157,810.5057,43.952745778510014
853,6,333.29996,366.90213,328.98825,350.09256,343.3614,344.56738,83.3591289004975
853,7,355.75064,783.3845,376.61273,791.6254,387.3084,809.8753,38.07186307890994
853,8,620.8355,464.8543,617.78534,465.56613,613.1546,467.90643,13.675211607496024
853,9,522.9769,328.41034,540.9882,329.21326,556.4582,325.5272,15.95455457031453
853,10,431.5776,815.3964,438.682,806.28156,450.4188,803.8661,40.43680581262498
853,4,609.2072,462.9266,599.70264,449.44974,586.14417,430.6717,0.637350892340222
853,1,434.68127,810.6175,425.97565,801.55597,412.87418,800.966,43.569227323211145
853,3,747.1137,710.53705,734.4269,725.49176,717.82965,740.6993,7.192356702238523
854,5,389.9253,815.5328,394.94073,797.60583,401.99725,785.08624,13.777168397273828
854,6,329.36865,364.9027,327.08588,344.9414,342.22845,335.58942,64.82471030429016
854,7,355.82013,783.28754,376.61166,791.3132,387.51233,808.91394,37.12203964913019
854,8,625.1716,483.08542,619.7067,464.52484,611.35205,450.52344,14.418484591585612
854,10,437.2621,816.034,425.84595,794.30206,404.3412,782.3225,33.165666558989585
854,4,610.4693,466.02222,599.61066,450.44424,585.39935,431.542,2.05852008628964
854,1,407.22495,780.4464,426.57367,799.0052,434.65332,823.77277,28.12650356390635
854,3,746.62555,710.5743,734.5469,725.43976,717.63336,739.3762,11.417096488968014
855,5,391.48227,815.6282,395.33994,796.5669,403.0754,783.8134,19.797296796229887
855,6,328.9913,361.3988,327.6854,338.5351,348.87262,329.32184,69.76722074493986
855,7,385.03506,807.84015,377.39075,789.33527,356.53854,783.1469,51.025180446956995
855,8,609.5195,443.43655,619.92145,464.04044,626.9183,486.33948,9.366742441512885
855,10,397.1074,785.8751,402.16428,779.59564,405.1275,778.4063,29.286672382178516
855,4,593.2312,442.9365,600.2209,458.26828,596.2905,467.6824,47.168339541594214
855,1,405.82092,785.86084,426.23743,797.79596,436.38306,818.71747,33.81971910703731
855,3,747.27734,710.4614,734.7207,725.0967,717.8162,739.77234,8.408379419390243
856,5,394.45978,816.96704,397.61972,797.0077,403.60904,784.4522,16.506128860736908
856,6,327.33527,360.609,327.78204,337.72018,349.84555,328.237,65.62308966028337
856,7,386.60797,811.99396,376.41388,791.52014,355.80972,782.3136,39.45438619149801
856,8,607.8407,442.31363,617.2202,463.57938,626.9953,485.69754,0.044234660174789026
856,10,395.73608,792.21313,400.63483,780.52686,403.6568,776.7626,16.01473856809841
856,4,595.9212,446.20535,599.61237,458.51154,591.96936,463.16476,75.36231734454879
856,1,405.29263,786.33215,425.98172,798.6507,437.5909,819.939,30.624873462364725
856,3,747.13464,711.41254,734.67706,724.41864,719.22107,738.7347,3.4267413367379365
857,5,394.1218,816.1835,397.01865,797.1729,400.1313,783.4652,4.129198407529523
857,6,328.22446,361.173,329.973,338.6113,351.4799,327.8483,58.98302607642253
857,7,356.16754,782.2814,375.9825,791.92865,385.76978,812.746,38.859463133877576
857,8,607.2448,440.97476,617.3993,462.72382,627.4651,486.49258,2.075562962367715
857,10,401.51657,781.8341,402.38248,778.2919,401.0246,780.3299,160.06222921722807
857,4,593.4126,444.89688,599.78827,458.12482,594.80035,464.76743,62.63616081442976
857,1,405.12378,781.61694,426.2014,798.23016,434.45862,823.98444,33.97838323266715
857,3,748.00757,710.4648,735.5167,723.3114,719.89935,737.3204,3.911914190492024
858,5,392.5017,809.5447,395.40485,795.9492,400.95587,783.6076,12.163578759330024
858,6,353.0344,327.9853,331.6501,339.36758,329.26248,361.48145,55.81254012212884
858,7,357.16406,782.28986,376.67764,792.2267,386.07272,812.9084,38.58271966831529
858,8,620.74585,461.81628,616.0659,469.26895,616.80493,480.7165,35.82062632442023
858,10,397.54987,775.8173,403.4076,777.74164,406.15002,784.3925,49.405804729951434
858,4,618.51056,469.87964,601.41833,451.6375,581.9829,425.93848,6.036924940113011
858,1,415.6408,781.9608,424.39633,801.2137,429.88394,820.4767,8.553270137807282
858,3,747.55817,710.8,736.35376,722.6617,722.2262,735.4881,4.395920045161974
859,2,575.62634,695.9388,568.3765,700.09064,572.41205,699.12085,163.71358840127272
859,5,393.05106,807.6817,395.0623,793.33295,400.40436,785.8836,27.666032092113724
859,6,353.93045,327.8522,332.4179,339.1748,330.32733,360.32806,56.59681035826726
859,7,357.42383,782.92426,376.66772,792.3033,384.47095,812.50134,42.89315875537254
859,8,622.58545,476.37204,614.26056,472.7832,611.6005,477.77496,85.26825229607006
859,10,401.95853,778.3996,402.01678,776.6646,401.37515,778.65436,164.0502418658494
859,1,438.14554,817.43506,440.48785,804.47845,444.48468,792.3394,7.97698160256262
859,3,749.61444,708.9788,736.6941,722.1479,721.47095,736.32697,2.579747170344017
860,2,579.2514,715.11316,567.3977,700.27844,569.0207,679.9205,43.18475753684017
860,5,396.8873,805.002,397.95114,791.0867,405.10724,784.02167,40.99518806501208
860,6,355.35388,327.85068,332.56586,338.39044,330.79898,360.40274,60.58966776095743
860,7,360.0886,785.7901,376.97623,791.88556,379.39032,811.46375,63.12396156328882
860,8,623.97687,484.8094,613.04364,472.99783,602.4883,470.71277,34.99634872315475
860,10,400.70502,779.08655,400.3656,774.99347,401.40915,777.3826,161.14539398833534
860,1,443.76068,810.35236,448.51578,803.3143,458.9307,802.407,50.97740973640153
860,3,751.97314,706.9314,738.1178,721.57855,720.8722,737.058,4.680525456192755
861,2,576.19495,696.72064,566.2615,699.32007,572.1035,694.0248,152.47503900075765
861,5,395.87582,801.8792,395.5149,788.2711,403.57867,777.161,37.49168171005841
861,6,359.02322,328.3143,334.3569,336.81207,330.56094,359.54306,61.51008211747166
861,7,356.98416,783.54193,376.84766,791.88275,381.58026,813.3669,54.79919956694847
861,8,618.51514,477.58203,611.14154,471.6504,600.8167,473.85696,50.87821019169601
861,10,399.79367,782.7306,400.70065,776.07306,400.54913,776.04846,88.53712510811596
861,1,443.45605,814.30975,444.60706,806.70233,449.4794,800.6552,30.255848829685654
861,3,751.5858,709.9155,738.14545,721.8406,721.7718,736.73364,0.7077590450788085
862,2,570.2351,673.83795,566.3259,696.29675,573.3879,712.3446,33.62616659787094
862,5,388.57034,799.4439,393.92252,786.08405,405.05252,777.3146,29.933155469810487
862,6,360.8599,327.23337,336.698,336.29333,331.28467,358.55792,55.779976630210726
862,7,355.9899,782.9893,376.62296,791.6298,381.19385,813.16235,55.292778270240554
862,8,617.61505,482.57794,609.25745,470.3715,596.4776,464.46817,30.807687297547346
862,10,395.94748,770.2638,397.81177,770.56537,401.0385,771.8214,12.080149561098754
862,1,434.9406,819.1537,441.03046,807.2856,448.73334,795.5994,6.227086774048281
862,3,739.2651,723.74506,738.43134,722.0073,733.4731,724.62836,92.23078019409378
863,2,567.27075,685.2186,563.8202,696.1024,567.7103,687.8621,172.31916054617764
863,5,388.8698,796.4552,396.64713,784.87964,410.98288,781.8841,44.3014061987784
863,6,359.92355,328.43814,335.46094,336.33054,330.59946,358.2833,59.63195465837514
863,7,354.14664,782.14374,378.01172,791.2649,383.28625,814.6148,56.35434331102561
863,10,396.54303,772.8774,397.3526,769.6262,400.56854,770.4003,89.55135267869129
863,4,608.617,479.79968,606.6154,467.02667,599.19165,456.5697,26.466204620899173
863,1,427.52423,800.72266,436.44504,804.4771,438.15234,810.31915,50.88475565082507
863,3,754.09094,708.7582,740.62006,719.90424,724.6158,734.37115,2.5067872467800933
864,2,567.421,684.0094,564.639,697.21674,566.7958,689.68427,175.9169696398875
864,5,394.63977,780.581,392.18903,769.4148,395.47687,773.34717,152.4800718925654
864,6,362.19562,328.22784,337.77832,335.45068,330.12115,356.83044,53.81635454914094
864,7,353.06006,782.3723,377.42114,788.8917,391.32574,808.00665,38.9849042098773
864,8,623.74066,495.05948,610.37933,472.89957,593.21405,452.85568,9.488355464284927
864,10,396.59244,771.82825,396.729,768.908,398.5692,770.537,128.83796963443484
864,1,435.7594,812.3858,441.16797,805.5048,443.59805,797.6456,20.98620131200504
864,3,755.54315,706.73126,741.8096,718.70166,724.65686,733.07715,1.1095933061144505
865,2,565.81055,675.47974,563.817,695.33466,566.3043,695.42847,93.57361842505938
865,5,394.09393,778.7341,390.75693,769.09454,394.41937,776.0947,171.47654002149739
865,6,364.15964,326.7799,341.40356,334.87466,329.47452,354.9942,39.75452067272961
865,7,352.53928,782.8768,376.99994,788.97375,392.34763,807.09155,35.73572921047889
865,8,625.22504,498.3998,612.3019,475.372,595.87885,453.66098,7.804189155661125
865,10,394.7287,771.01404,395.55502,768.31555,398.37213,772.0043,125.6051880792779
865,4,608.16614,469.04684,618.92737,476.57153,629.08655,487.93484,13.239402940682826
865,1,432.94348,819.1504,443.14108,807.4548,453.44424,795.1857,1.0633045822277734
865,3,756.21075,706.70386,742.5074,717.9259,726.04895,732.13446,1.488983415211398
866,2,572.8589,687.7476,565.41547,696.62054,565.5695,687.5561,140.98065991346417
866,5,393.84933,779.5468,389.73102,769.6432,393.7838,775.33594,167.1315485107789
866,6,363.5464,326.76974,340.44226,334.65546,328.5487,355.3822,41.306274264586065
866,7,352.3577,783.59985,376.03143,789.40326,391.78696,806.1432,32.96123054161184
866,8,625.2519,498.18542,609.10504,470.20374,592.00616,443.3669,2.5155949586743267
866,10,394.7051,772.526,395.32245,769.29315,397.85764,771.04144,113.77958253395195
866,1,453.95007,796.3078,442.22787,807.63196,432.0285,819.5812,5.506802268175131
866,3,756.84186,704.7076,742.6392,717.3083,725.20325,732.33563,0.82281929218417
867,2,576.07825,727.12604,568.6959,698.28955,567.35895,670.14154,11.64029416540205
867,5,375.08502,777.51465,385.05356,777.80396,398.80432,789.68024,39.15420592838795
867,6,363.65396,326.2532,341.38812,333.85532,327.3309,353.28842,35.26817814707064
867,7,352.81113,783.8511,377.76413,790.8043,393.62915,810.6526,35.79343081812088
867,8,625.92584,498.18347,609.65076,468.77228,592.1662,440.97455,3.211015512416433
867,10,391.10367,768.8315,392.99252,768.0522,399.594,773.45593,61.72251255830561
867,1,452.22302,794.8739,442.566,806.83984,431.2121,818.2396,5.9795015345049745
867,3,749.25775,712.03735,741.7185,717.7281,728.4536,731.1772,8.348990540156423
868,2,569.67285,672.5224,572.3854,695.00476,584.11456,716.69635,21.521649613848197
868,5,393.32642,777.03,388.39252,768.3462,393.9472,776.9171,176.657246890961
868,6,363.1386,325.45715,341.7307,332.80542,325.39474,351.61572,30.082237517018566
868,7,353.17615,784.0429,378.4807,790.35065,397.15903,809.1863,31.243245924384112
868,8,626.95917,498.63818,610.5303,468.48978,591.9403,440.7266,5.218455975168911
868,10,392.35397,769.08496,392.8643,767.95856,398.37888,773.2034,109.19122264450381
868,1,430.532,817.73016,442.58582,806.8647,451.8031,795.87915,7.970063544955227
868,3,747.12744,715.2151,742.0338,717.8958,731.1658,729.64667,19.477724703931308
869,2,575.09106,726.00305,568.79297,701.1841,567.7866,674.07947,12.112563859188313
869,5,391.8574,775.2638,387.72513,768.4022,395.04807,777.1314,171.06437539413503
869,6,363.6781,325.44067,342.0088,332.1036,324.91006,350.97568,30.73063110649993
869,7,353.54694,783.8373,379.64642,789.2379,399.68652,807.062,29.959665411087876
869,10,390.72327,766.42395,391.15338,767.06177,399.18933,773.4304,17.608556030217105
869,1,431.67172,817.2206,441.98557,806.52783,450.05103,794.4016,10.337745472259467
869,3,743.6048,716.73083,740.6772,718.52814,729.1878,730.7027,15.112159172970248
870,2,572.4708,708.41754,566.4643,695.8297,570.0912,680.1445,38.52872145736363
870,5,389.72318,773.97266,386.98438,767.8094,395.3892,777.0055,161.53326660814295
870,6,364.5327,325.45004,342.96158,332.43958,325.04474,350.6624,27.53163326147946
870,7,354.4248,783.79614,380.39133,789.5058,399.67648,807.54474,30.686513945493523
870,8,593.092,445.8548,611.8546,473.10028,622.8233,504.9951,15.57510810989701
870,10,389.4596,764.0782,390.2594,766.5809,399.66486,773.96234,34.152169082849724
870,4,617.4294,497.02118,625.04755,490.79044,629.5448,489.9011,28.092980450222694
870,1,437.97095,816.85675,441.4375,807.1873,445.79208,792.9014,2.7709279458108727
870,3,742.6081,717.2974,741.2823,718.25037,730.8826,730.3867,13.699443983569294
871,2,579.0629,680.74115,569.539,694.92194,573.2599,711.80347,46.315531665098725
871,5,389.5591,773.2836,386.5356,768.285,394.602,778.76996,173.59613984337926
871,6,366.21082,324.83307,344.74554,333.2703,326.65723,351.37808,23.572811543214083
871,7,354.60712,785.35236,380.06543,790.95245,398.7503,808.4976,30.792354015385495
871,8,601.7348,453.82257,614.2786,472.95416,624.69977,504.88824,15.17803909788028
871,10,387.96268,764.1951,389.19626,767.4643,399.58755,775.57806,31.343032642332524
871,4,617.5852,486.02448,622.7391,486.05145,628.37463,487.64468,15.486234123341543
871,1,444.10495,793.5519,440.52243,807.81256,440.33942,816.0656,12.83147489946456
871,3,742.66644,718.82306,742.51086,717.5489,735.5127,724.0286,125.83571732410317
872,2,583.8105,677.3219,572.3322,699.6811,580.0505,726.1657,43.421463843434104
872,5,387.07388,771.96674,386.4808,768.2238,394.97775,778.1222,148.36046240367023
872,6,367.19208,324.34918,345.83725,333.67673,327.47015,351.5864,20.68243370132218
872,7,357.72812,784.24286,383.10306,791.6067,400.25262,809.8805,30.63501502750681
872,8,590.9076,439.73593,610.759,467.25797,624.4317,501.71893,14.161385972664256
872,10,387.37854,762.6001,389.17447,767.21564,399.47757,775.1354,31.19016227056013
872,1,444.84488,794.57434,439.3211,806.9637,435.28683,816.9704,2.0724489225591483
872,3,743.39594,720.4367,741.0433,720.0141,732.4606,726.1931,45.934973030634794
873,2,578.1991,692.35706,572.2814,705.9588,581.20764,724.00256,49.83411145074451
873,5,386.86975,770.2918,387.21207,767.60095,394.17825,778.1181,139.231026011711
873,6,368.72168,323.8403,346.79193,333.11954,327.97888,351.34546,21.156940029870054
873,7,353.92337,785.94446,380.1024,790.80804,399.151,807.61835,30.90370566343288
873,8,590.16016,440.53497,612.0647,468.61288,626.09235,504.42377,16.568003220581396
873,10,387.22516,762.5984,389.8524,767.09143,397.9213,774.93005,15.513173194825342
873,1,433.60687,815.5065,438.3596,805.98987,444.84265,795.95447,6.3250853778722735
873,3,732.3515,725.9313,738.2857,721.7163,736.78986,722.02106,156.12970494998623
874,2,571.52313,693.5826,571.5804,706.7123,581.1925,727.1616,24.925832487544085
874,5,387.90866,769.8297,387.82584,768.2714,392.50195,777.79034,156.88013622588642
874,6,369.51962,323.69348,347.47778,332.84,328.46393,350.72885,20.71728293370102
874,7,354.56433,786.40674,380.54593,791.1211,399.4588,806.87476,29.508525856696114
874,8,591.0774,441.38715,612.99554,470.9425,627.7952,507.37186,14.450707288291415
874,10,386.5163,762.173,390.5468,767.8647,396.91016,774.3201,9.284571464347106
874,1,431.23126,815.3292,436.87802,805.34534,447.48004,797.2802,23.247236508645784
874,3,740.84875,720.5644,745.5817,715.52,747.52856,712.3491,11.627067586442411
875,2,574.9778,693.41833,571.51105,705.5017,579.9284,726.6999,37.665256793880744
875,5,390.302,770.52954,388.24432,769.2108,390.77383,776.7585,141.18296933813804
875,6,370.00296,324.00623,347.9096,332.46188,328.40588,349.9695,20.969879910467093
875,7,355.0058,786.58636,381.29294,791.21045,401.11755,806.28656,27.27540503973945
875,8,591.72504,442.04016,613.48,471.70587,628.59625,508.11017,13.70411531586003
875,10,387.8005,763.57227,390.53165,769.04504,394.7245,772.21466,26.39114031734379
875,1,432.4118,815.0728,437.87677,804.97217,446.1979,795.90594,14.130587803224369
875,3,762.59766,700.5868,749.6124,710.8871,734.9231,723.8665,3.0410513981414007
876,2,575.664,696.06244,572.0922,705.37036,580.03253,727.0695,41.092496763626194
876,5,390.83478,769.59143,388.3493,769.6761,391.32877,775.6237,114.65779283586431
876,6,370.80124,323.09027,348.794,332.10876,328.46774,349.02197,17.479731109723602
876,7,365.44214,786.7412,388.7,793.92017,405.75183,811.57996,28.849664213246378
876,8,592.2847,444.26315,614.2474,472.77713,628.90247,508.63623,15.375840945441505
876,10,387.77325,761.7508,390.45752,769.1537,395.81506,771.55835,45.897219383742936
876,1,433.52786,814.9929,438.86597,805.62506,445.2983,796.4671,5.407438542731401
876,3,764.83685,697.70795,749.9368,709.905,734.2105,723.59845,1.7436087869883723
877,2,590.3137,693.5144,574.76117,702.1316,577.44104,723.29956,68.22579570937326
877,5,389.73682,768.5946,388.7604,769.6524,390.5806,775.35925,60.39877411423031
877,6,372.59515,321.26523,350.41885,331.45737,328.86484,348.20435,13.163032269341821
877,7,405.82867,811.5635,389.0779,793.8037,366.02332,786.5788,29.274606482973716
877,8,595.987,453.74448,613.26984,475.7431,629.0244,507.3728,11.67667965834117
877,10,385.3593,761.0049,390.73343,769.01166,395.64014,772.35876,21.830843472701986
877,1,448.7238,797.68835,437.86838,805.66486,430.20865,816.39246,18.164105328084425
877,3,758.995,704.23364,750.701,709.7052,745.00684,712.1569,10.117696337284375
878,2,594.4201,696.7987,577.2292,699.7187,576.0413,717.75586,76.59210396910669
878,5,384.45346,765.3927,385.65298,768.54095,391.90143,777.228,14.869265242863664
878,6,373.22382,321.21606,350.9152,331.12692,329.40585,347.00293,12.477242644630067
878,7,406.1087,810.6776,389.1315,793.81573,367.42758,786.4232,25.99551901497723
878,8,623.11633,503.97665,615.11255,478.82138,604.96454,458.86575,9.304848975180855
878,10,381.44208,757.28864,386.90454,766.4395,396.87567,774.11804,21.56660541999142
878,1,448.60492,796.2778,438.80722,805.6509,429.0263,817.1893,5.981337103174821
878,3,760.7597,700.4163,750.97363,707.95026,741.5357,716.58136,4.851956987691148
879,2,597.3562,691.45856,577.81805,695.96173,569.64496,709.20087,45.33221471170094
879,5,387.09378,768.5529,384.55182,766.95337,389.24118,775.952,149.70528932132237
879,6,372.89194,321.1587,350.72308,330.74554,330.63455,345.98428,13.797259150449893
879,7,405.78745,807.96747,391.78885,792.39655,368.25842,786.1623,33.20452539283669
879,8,605.89825,478.30075,614.62854,475.88446,618.4941,482.47256,75.06846598607436
879,10,377.0292,755.90137,384.6732,762.9711,394.2823,770.7479,3.7812876954908714
879,4,600.1842,448.314,615.56573,460.77573,620.988,482.65927,37.07015815735861
879,1,449.01096,795.9259,438.51382,805.88544,429.30472,818.7607,10.930865462108756
879,3,761.1417,699.32965,751.7957,707.0955,742.2772,716.65375,5.395103184384905
880,2,598.6272,691.2742,578.38654,695.7118,570.3924,709.1457,46.87825518408374
880,5,383.32855,759.2946,386.44583,765.2915,393.5861,772.1997,18.480205569045395
880,6,374.0288,319.38452,352.45947,329.36935,331.00296,343.80356,9.089191068755182
880,7,407.78943,809.12866,386.4334,791.22943,359.46075,784.7934,26.54696388256221
880,8,597.8181,462.5518,615.2358,478.50064,627.8667,503.34598,20.572601179333592
880,10,377.44714,755.60187,385.67892,763.28674,393.73434,771.19183,1.4286179051011836
880,4,604.58435,452.5963,614.0994,456.43173,615.66144,466.45828,59.19140281751619
880,1,447.60898,794.7301,438.18448,806.3151,430.55392,819.06726,8.233373042540226
880,3,765.40436,695.006,753.18585,706.28784,739.10736,719.69086,0.8744685144186445
881,2,601.05334,693.9145,580.3521,696.98694,575.10736,716.4541,66.47952132000877
881,5,376.43192,754.37177,384.34445,758.72986,392.7301,769.7072,23.778376758388955
881,6,375.40366,318.74454,353.6311,328.30624,332.03772,342.6297,9.84802042744329
881,7,358.74197,784.2436,385.47314,790.0797,406.55838,807.30524,26.931080572140228
881,8,596.3717,457.22363,614.0435,480.27945,630.68884,510.59967,8.70332850671927
881,9,494.22717,333.28973,511.60867,329.3792,528.7109,328.6644,10.285986574700171
881,10,381.3176,757.06415,384.94604,760.63666,392.72833,770.88525,8.233826133088776
881,4,608.0271,452.45514,612.3051,455.69766,613.2355,465.9189,47.63883411460992
881,1,440.33093,793.0977,431.2698,805.01746,425.41125,820.16223,16.09303321110767
881,3,765.7088,695.4029,752.3888,706.9353,737.1089,720.49835,0.7077590450788085
882,2,600.4338,694.24976,578.73737,700.3186,578.65497,723.6868,74.17078101832698
882,5,421.3759,790.1905,406.98267,781.4201,391.71512,777.9901,18.693889473655464
882,6,376.71777,318.19745,354.77142,327.56616,332.3919,341.31628,8.449593490504737
882,7,358.68747,783.9018,385.63226,790.5809,406.75598,807.7554,25.19073358547661
882,8,595.9389,456.21365,613.35046,480.3072,630.8702,511.0429,6.170663937274193
882,9,492.06573,332.88358,511.45322,329.7466,530.1707,328.5437,5.51384406001588
882,10,377.43945,754.1243,383.43805,760.0416,393.67157,769.1848,2.8297848069573575
882,4,607.001,455.43933,611.5347,453.82147,610.0881,457.2752,132.36600970456297
882,1,441.05328,793.9234,430.21255,805.9177,424.1561,821.0931,20.351088123958174
882,3,756.1978,701.95483,752.2867,706.6478,743.9564,713.4778,10.84398736146671
883,2,580.14905,702.7382,574.6426,707.5137,579.82513,722.6841,67.92807356809558
883,5,430.6919,798.38086,427.1031,792.86694,424.31238,791.49475,30.758027591477035
883,6,377.95468,318.13007,356.0623,327.79193,332.75595,341.40106,6.468144520732901
883,7,358.02673,784.27844,385.73456,791.02,407.07333,807.92316,24.709004202346936
883,8,598.6032,468.49365,614.1243,481.5783,628.9456,502.6938,14.802738082976042
883,9,487.99216,332.71136,510.5552,331.49374,531.46466,329.246,3.046710983984437
883,10,380.59964,760.24365,382.84186,760.6809,391.67133,772.5667,42.358097459886324
883,4,622.2435,470.68475,610.87244,452.9287,594.8221,440.292,19.150252071456546
883,1,439.14774,793.60046,428.9243,805.8217,423.2687,821.74854,20.363663733636155
883,3,740.6551,715.02734,753.78973,706.72064,757.4558,697.16266,36.704732250681666
884,2,582.77655,700.6704,574.40967,704.63434,579.5542,721.5349,81.58032590741226
884,5,438.40393,793.90936,427.86066,806.4783,423.78778,822.1248,25.400591784329784
884,6,378.60648,319.2229,356.20013,328.65417,333.24902,342.1293,7.590988605673304
884,7,358.7015,784.758,386.20312,791.8786,407.37552,809.2439,24.84209901677202
884,8,630.31476,511.32156,614.01514,482.64236,596.97797,457.52277,4.535312020810928
884,10,380.95456,767.2202,383.00452,763.30554,390.16318,771.06104,109.65238120469557
884,4,622.0224,469.05316,609.6386,451.79468,594.1618,438.97998,14.714205264080256
884,1,435.27866,792.4624,427.15494,805.2929,424.4114,821.2559,22.588179845863145
884,3,744.1575,712.0249,755.2234,706.6146,755.7066,693.91425,61.766459098375684
885,2,605.4327,693.8161,580.43994,695.83026,576.1797,719.2837,75.097128358869
885,5,430.72333,804.0669,427.36008,807.5918,433.3088,816.4492,77.54131837384568
885,6,379.3809,319.22278,357.0609,328.63705,333.89218,342.21872,7.509742209968291
885,7,359.2283,786.21405,387.1428,792.79895,408.22906,810.0475,26.00994545914194
885,8,614.54456,497.0323,614.09375,482.19244,615.11774,472.59857,7.8323070327070266
885,10,378.6966,760.7879,381.35535,765.5528,390.08142,773.4421,18.722126298514535
885,4,620.1481,467.5232,609.20874,451.3348,595.4012,439.57358,15.526842514420231
885,1,429.38776,797.78357,425.61725,806.2954,430.98752,820.1757,45.04337917594254
885,3,740.7654,716.52277,755.94086,704.43427,758.6873,686.8663,42.57451885789333
886,2,607.09717,694.75934,583.19666,694.90216,574.06836,716.6107,66.85120724948835
886,5,427.97815,808.20337,427.51883,808.15247,438.2866,813.4981,159.92186269948644
886,6,380.26315,318.60825,357.87692,328.39417,334.50693,342.0394,6.6676510994428835
886,7,372.14343,789.30676,390.12177,792.90186,402.1772,805.4775,34.90172602205922
886,8,602.25806,478.21646,615.0875,481.6819,627.74304,500.3385,40.73372322561584
886,10,379.1635,760.79846,381.5046,765.64526,389.5964,773.44684,20.264723082591885
886,4,604.58154,452.2575,608.6743,451.24,608.3515,453.89474,110.89449119465908
886,1,425.80444,797.0459,424.42188,805.2407,434.63953,819.67114,44.87724398506356
886,3,740.20215,716.69006,755.03107,704.46875,757.47723,687.0492,42.5126568079958
887,2,607.70215,694.71375,584.71246,695.55695,573.6763,716.66766,60.299961074842216
887,5,435.55392,795.20776,424.57462,805.45557,424.73663,819.80786,47.62045057926354
887,6,381.50406,318.16418,359.07837,327.90375,334.9469,341.10333,5.202549098814496
887,7,401.35684,805.68774,398.59753,792.23096,397.84445,784.6456,5.917980278729297
887,8,637.585,514.8229,617.4817,484.67178,599.0301,458.0223,1.004636417009117
887,10,377.2257,758.4032,380.7135,763.3951,390.43582,773.2743,9.599661882982321
887,4,631.09393,505.62677,615.9816,483.93854,607.024,462.1464,12.523661370128675
887,1,424.55942,821.02637,423.97995,804.04675,435.20618,790.47296,41.547099963057605
887,3,740.54083,715.98425,754.5439,704.3979,755.1505,687.16156,48.379388618000476
888,2,610.4245,694.17194,586.88916,696.76764,576.3784,717.2011,56.48553802624578
888,5,429.6502,784.6846,424.50058,797.88257,431.77493,814.74866,44.645417759357755
888,6,382.16556,318.16327,359.48148,327.6808,335.3781,340.67325,5.564719428385653
888,7,413.66574,802.9442,404.24854,781.6296,389.4417,765.08673,17.99368413707737
888,8,639.0375,515.00745,617.8453,485.40747,601.41534,458.0457,4.617321994368859
888,10,374.51367,754.5329,379.42557,759.6083,389.9753,771.6099,2.7459490917789657
888,1,434.1362,793.6538,423.0952,803.59515,421.8274,818.1897,43.03521115135203
888,3,740.7097,716.3071,753.66846,701.8711,751.1727,685.5438,50.60401244323283
889,2,612.06067,695.20123,589.68176,696.9678,576.84674,716.3455,51.96770401743289
889,5,415.70224,805.5724,410.43628,784.35565,405.39008,764.74927,0.49416424971684314
889,6,382.53732,316.36798,359.81757,326.77795,335.8262,339.81885,3.910211848569982
889,7,413.29187,804.33856,404.93948,780.9231,388.2826,763.08545,23.407992303659203
889,8,619.9118,496.1591,618.2486,485.23444,619.7721,479.49316,23.51790157788738
889,10,374.35263,754.72266,379.04056,756.4295,388.12463,768.48816,33.00211475942641
889,1,423.96106,801.8345,420.178,802.6862,428.0358,806.9475,138.84050639246925
889,3,743.3116,710.2059,751.28613,696.4587,748.9971,679.9045,37.9901619411815
890,2,614.2274,696.84503,592.1063,696.9926,577.0469,715.78564,50.91145500241308
890,5,388.65427,782.16516,395.81927,789.249,387.89618,803.9321,73.67786907142747
890,6,382.87314,314.90997,360.73334,326.27063,336.58783,339.4108,1.3917046732141638
890,7,411.4431,804.6295,405.07913,781.2712,389.30286,762.9626,25.51070122526511
890,8,619.0266,496.5825,618.6688,485.71152,621.10944,481.44113,31.633905797687422
890,10,373.9517,754.03375,379.3193,756.49176,387.16666,767.70074,30.399724185905733
890,1,421.8247,804.61755,418.70306,802.758,426.82968,803.8383,156.79010092228236
890,3,743.20013,710.5181,751.77216,696.9175,749.41473,679.52075,39.93893720181492
891,2,616.6718,695.45233,592.41,695.97363,577.9518,713.32654,48.96853002231559
891,5,404.54968,807.7402,386.36865,791.919,361.38412,785.1041,25.77278628336052
891,6,383.67715,314.33127,361.1231,325.93082,337.23422,338.809,1.1120595408487872
891,7,410.18167,802.81934,404.2435,780.9135,389.40155,763.6156,25.463161905914014
891,8,632.4193,508.66208,619.6224,487.49802,610.99677,467.71606,7.60054795343653
891,10,373.51486,751.81006,379.37445,756.4431,386.2296,766.3736,17.049379928355826
891,1,425.1811,797.2856,417.18463,803.3768,420.68954,809.0857,84.24945296763603
891,3,743.37305,710.4378,750.88074,697.4435,749.3423,679.15234,34.825684501721206
892,2,619.8163,700.30774,593.4031,695.0494,578.077,713.7269,61.888348561521724
892,5,404.8181,806.51544,387.1045,791.8534,362.5313,786.5389,27.411926580529215
892,6,384.26556,314.32535,362.1552,324.92648,338.47,337.80475,2.9180597650743922
892,7,409.13678,803.42957,404.2773,780.47174,388.52133,762.30524,28.984067273841813
892,8,636.3855,511.29926,620.37836,488.6928,608.3823,466.12634,7.306966194478943
892,10,373.15073,751.0515,379.92215,756.6957,385.84622,764.94324,14.498855350996052
892,1,424.1442,801.6284,416.24524,803.8155,422.13895,805.0079,153.0861991515644
892,3,741.39044,708.9907,750.7984,700.81006,746.9406,683.5891,61.618280712128524
893,2,621.70496,700.31506,594.2006,695.30835,578.3119,713.64087,59.40142747847793
893,5,363.2006,787.22217,387.16275,791.65784,404.81232,805.3008,27.21627990904087
893,6,385.01923,313.5814,362.98776,324.75272,339.53775,337.24435,1.1560600759623432
893,7,408.54028,803.1976,404.43497,780.4383,386.65213,762.362,34.30607504869197
893,8,638.33246,510.87927,620.45886,487.94247,606.8921,465.48184,6.7946853906083975
893,10,382.44348,766.219,383.55887,761.8117,376.18445,750.4266,47.13418634310805
893,1,424.0994,797.1318,417.02283,803.2902,419.931,807.6398,82.73556181950086
893,3,734.1169,719.91956,748.73676,708.0134,748.67816,688.33997,51.0119699366798
894,2,620.1293,699.3562,594.9621,695.12177,578.1004,713.4932,57.0043640225506
894,5,366.20477,788.716,386.77765,791.633,401.78683,802.67053,28.260151459581436
894,6,385.5138,313.05273,364.00327,324.10617,340.81485,336.51306,0.9518273372088624
894,7,408.8669,803.9983,404.87393,780.7591,386.52823,762.7773,35.824494933201464
894,8,634.09216,511.6494,622.17145,490.9373,614.75806,475.52417,4.235679390787388
894,10,393.5322,774.98676,387.5003,768.84467,380.321,764.8533,16.446344339672013
894,1,425.10715,792.89056,418.32983,801.3086,412.6429,809.59814,4.385928270212903
894,3,734.4778,719.5196,748.60944,707.7383,749.342,688.60645,47.989883272299444
895,2,622.03107,699.5951,595.7886,695.23914,578.83813,712.6681,55.22195118606135
895,5,367.14474,788.26184,387.944,792.22076,400.37567,804.26587,33.31844888787726
895,6,386.23273,312.59784,364.7284,323.31406,341.85126,335.3083,1.1790217677972654
895,7,407.75027,802.56726,404.19894,779.8848,387.24765,762.61066,35.56108054677892
895,8,636.49536,505.6636,622.4723,489.1906,613.9484,478.4355,2.0085707121511986
895,9,520.03534,331.67883,500.0223,330.14,481.17444,337.2247,24.99749891986745
895,10,392.79825,771.68243,388.31183,769.6152,384.90656,767.7106,4.47934008695744
895,1,426.4099,791.55396,417.4273,801.65674,410.48236,812.18365,8.226836244305892
895,3,734.6016,718.7466,749.3477,706.71704,748.58887,686.33026,52.924901866417066
896,2,621.2407,699.0974,596.76306,694.6063,578.04456,711.7827,52.93679186629311
896,5,372.78998,789.46484,389.86218,793.413,397.63184,802.9368,37.770438243930315
896,6,387.68988,312.6351,365.14084,323.17932,341.41208,335.01642,1.4507737305648056
896,7,409.1731,802.94006,404.2909,778.58673,386.38715,761.393,34.82290368311525
896,8,580.15234,433.4397,596.0369,445.92163,614.80865,461.02145,0.6528207819485592
896,9,519.7771,331.88123,499.786,330.33466,483.43378,341.23468,38.110270309849696
896,10,393.86487,775.7401,389.0191,773.56067,387.2796,777.62134,91.02719466653019
896,4,643.61945,516.0004,622.92096,489.40167,604.896,463.59155,2.960087381403317
896,1,425.51016,792.94147,417.16934,801.6851,412.9878,812.3188,22.182710189796122
896,3,736.94324,719.05554,750.2824,703.9045,747.4258,684.29663,49.65005754621048
897,2,621.41284,696.90137,596.5698,694.1172,576.5777,709.33875,43.67933876520562
897,5,372.8468,786.66016,391.10883,793.6422,402.12347,805.58563,26.39346818922608
897,6,387.94824,312.71323,365.8025,323.26117,341.64966,335.05728,0.5623220397583895
897,7,411.31528,801.2653,402.86148,777.6019,383.7699,759.8348,27.39852680106956
897,9,519.46906,331.8435,498.96042,330.65222,483.14993,343.14032,41.62825771476779
897,10,390.4253,778.115,386.0514,772.6805,382.06827,771.3009,32.06773324261637
897,4,643.2619,517.96234,623.0375,490.68735,607.54614,464.416,6.0304594970551415
897,1,422.69925,795.95056,416.03806,802.6975,416.86417,810.8839,50.39591318107615
897,3,739.6243,718.0491,751.0756,699.8934,746.2304,680.0665,45.973334325143114
898,2,622.5589,697.02997,597.9704,693.1616,576.3462,708.4256,44.15797970261921
898,5,370.97165,782.6339,391.9043,794.0848,408.63873,809.7287,14.390822672527602
898,6,388.66898,312.14685,366.36307,323.08017,341.77277,335.0643,0.1282042487280194
898,7,413.1788,799.27026,402.25824,776.8582,383.26706,758.9472,20.698382230284235
898,8,579.57117,432.92737,594.7869,445.4315,613.39606,461.47778,1.3573944395527873
898,9,519.37646,331.91425,498.4795,330.01984,484.21143,344.30154,50.20735042790151
898,10,384.87167,771.83875,383.9003,772.35834,382.5567,775.5912,39.28933558501835
898,4,626.08575,492.95596,622.95703,489.76688,625.2723,493.7135,165.94499523538164
898,1,416.45648,807.2679,415.0664,802.6675,424.11407,795.6594,69.05261559497286
898,3,740.5063,716.13245,750.033,697.3697,744.3245,681.3682,46.55281717334092
899,2,624.1518,696.58496,598.63617,693.4101,576.3614,708.31354,40.87815036105889
899,5,370.20312,782.6551,391.2861,793.39453,408.09955,809.6807,17.09359769719377
899,6,389.66837,311.50974,367.32455,322.7254,342.0501,334.521,1.6361401014497894
899,7,415.2324,799.18304,401.64557,776.5674,381.6529,756.66943,14.139859317426923
899,8,579.0662,432.50824,594.644,445.36295,612.98444,460.5752,0.145369962588823
899,9,519.59937,331.98816,499.13937,330.64505,484.33795,344.80392,47.48479970660745
899,10,383.5727,769.40906,383.5095,773.4964,384.48187,780.3727,8.934767079133977
899,4,609.3818,466.71036,622.9846,489.58566,639.9148,517.874,0.16432452156180907
899,1,418.71436,803.8351,415.968,803.1536,422.312,799.9965,139.60737918181184
899,3,739.4833,716.93427,748.8765,695.69464,744.2998,676.6085,37.34200097512404
900,2,624.1548,698.4148,600.265,694.5707,578.97205,710.6233,46.1535057208609
900,5,370.16928,783.20886,391.7995,793.39087,408.67065,810.5681,20.307275531514545
900,6,389.98517,310.61868,367.82828,322.21136,342.5948,333.78976,2.9708474176805812
900,7,415.1288,799.3538,401.0425,776.08136,381.25958,756.17065,13.629968148876296
900,8,579.4352,430.8949,594.27386,444.6148,612.2984,460.80072,0.8329824948644731
900,9,519.38354,332.2727,498.61176,330.73737,484.10675,345.57477,49.87634791171023
900,10,384.1877,768.7473,384.48428,773.8037,385.21616,783.8781,0.7984389935003304
900,4,613.3671,472.7799,623.2222,490.38538,636.4998,515.7433,1.601933264300488
900,1,416.4211,808.0261,416.28098,803.63226,425.48868,796.73785,55.00215856595233
900,3,738.79913,715.73895,748.5082,695.84314,744.5351,676.4481,37.58904204649408
901,2,624.7999,698.57996,601.3786,695.15186,580.41345,711.06165,45.52077712302445
901,5,370.62152,785.2949,394.08102,795.4303,411.96216,813.5761,22.054787227315682
901,6,390.26825,310.49933,368.1674,321.9653,343.07666,333.1956,3.307662032047876
901,7,416.63043,796.3241,400.53384,775.34143,380.37833,756.02386,8.722941568606293
901,8,577.0338,428.96826,593.4084,444.46512,612.17206,461.10724,1.8517119238705733
901,9,519.2058,332.58347,497.797,331.11935,483.17883,347.57437,52.2953005368124
901,10,390.70386,772.53894,382.65793,770.41815,376.85168,775.12866,53.818309322518544
901,4,619.4116,491.22104,622.36115,490.42566,626.14233,496.5182,73.26675619830259
901,1,417.2065,806.2689,417.16257,803.9764,424.94147,798.892,57.92920994339605
901,3,737.9679,714.91833,747.82745,695.9274,744.5619,675.6303,36.57698603640733
902,2,626.01654,699.55225,602.10913,695.20166,580.2826,710.83875,45.932396982892016
902,5,381.46405,792.4667,394.8377,797.9468,403.43988,809.6033,31.29141620348142
902,6,391.04288,309.87833,368.8202,321.65372,343.69467,332.63272,4.314567751979877
902,7,414.5991,796.712,400.73676,774.8929,381.4165,757.04456,14.838758703208489
902,8,577.14825,428.96164,593.4643,445.12088,612.45105,461.29294,4.3005181692641665
902,9,519.60095,332.99265,497.90857,331.37158,483.115,347.82364,52.3120811635613
902,10,395.46716,777.6646,382.6539,769.16943,374.8194,768.4138,28.035358093441605
902,4,635.39734,517.34845,622.5942,488.86053,604.2877,463.8377,11.988555395269573
902,1,418.70975,812.75946,417.9433,804.41547,428.09772,794.86584,52.00634683654229
902,3,738.2434,716.40106,747.2153,696.9064,743.82776,677.9026,34.819955205450746
903,2,626.9672,700.6509,603.66113,694.9431,580.5731,710.819,48.274460098277835
903,5,396.32373,803.7948,394.92798,799.0805,391.12253,797.463,50.47992451894023
903,6,392.192,309.286,370.05588,321.2388,344.9559,331.9291,5.298015655169386
903,7,414.81625,797.2671,400.92468,775.44904,381.02814,757.0554,14.762839258845753
903,8,577.52936,429.24435,593.80225,445.0365,612.1336,460.9919,3.1051363107256216
903,9,519.84686,333.54395,498.32495,331.63235,483.19165,347.44797,51.338686154871546
903,10,400.13754,781.32355,383.7583,768.86804,373.6223,762.25446,4.127158496707959
903,4,615.9804,480.56592,624.186,491.20706,628.3513,508.54364,24.126433301709305
903,1,420.72144,816.577,420.03403,804.5372,432.2086,792.7973,49.30906613331381
903,3,738.18207,718.1012,746.5413,699.0224,743.71063,683.7425,34.15569721006424
904,5,387.45966,795.3498,395.19492,797.40985,402.0874,804.1705,29.533733036546472
904,6,392.31653,309.6636,369.9769,320.73743,346.2173,331.2465,2.507645992939069
904,7,415.16992,797.38043,400.7306,775.19653,381.1811,756.40564,13.073729072784651
904,8,578.6854,430.35513,594.40216,445.63867,612.1763,461.03018,3.308549757242166
904,9,483.43088,347.59372,498.38123,331.51996,519.8683,333.60425,52.61430383594091
904,10,376.8712,767.4424,383.4597,770.05695,398.67136,774.66125,4.804892638115477
904,4,629.5253,502.93848,624.7869,492.3171,617.6798,486.18002,25.14637488926542
904,1,420.30853,816.226,418.98093,803.76495,429.6842,791.6873,47.628933467419465
904,3,737.7275,718.5437,745.4976,701.37665,743.9123,691.24054,33.241699325579226
905,5,386.10007,791.6026,395.63788,799.0635,405.3754,807.8608,4.0620163480118014
905,6,392.29025,309.54697,370.58618,320.37375,347.09793,329.97342,4.281896778373081
905,7,416.37073,796.12305,400.1021,773.7964,379.70453,754.72345,10.84269847073708
905,8,577.52826,428.8561,593.4269,444.72565,611.1155,460.22427,3.722942987786264
905,9,483.52664,348.40964,497.8919,331.81128,519.5633,333.54892,53.70926668657307
905,10,379.42828,758.1597,371.60913,750.25226,368.0399,748.7141,22.008402047130335
905,4,640.26404,522.5195,624.8002,492.82272,606.8436,465.43787,5.746138164610731
905,1,423.62137,808.77875,419.13235,804.42163,431.01697,803.8492,133.09657786414533
905,3,737.9768,717.54803,745.73254,701.0949,744.6185,688.4307,30.26555328062764
906,5,379.78946,785.1881,398.75467,800.23456,419.35458,819.7623,5.042049214098403
906,6,392.241,309.46625,370.93674,320.1336,347.98706,329.00732,5.458297369676199
906,7,417.24487,794.7953,399.79712,773.1524,379.9051,754.2286,7.554241694132441
906,8,576.0117,427.68707,592.3922,443.9214,610.24084,459.70285,3.2605673368282515
906,9,483.1078,349.15622,497.71655,332.53464,519.6084,333.8431,52.108138154535474
906,10,380.5915,755.23395,371.2194,748.9877,366.75238,742.9065,20.017856367370683
906,4,620.63477,490.3255,624.6398,492.95868,628.05896,501.90808,35.76643943000407
906,1,428.24042,790.72864,418.96164,803.34607,426.16882,823.82367,55.72027172665223
906,3,738.67676,715.6934,746.3326,699.86163,745.0703,689.5056,32.75650283665622
907,5,381.9694,787.34467,402.146,802.5846,424.41507,822.51996,4.770276006764231
907,6,390.64377,309.74692,369.65277,319.69708,348.64102,327.82175,4.221785279189441
907,7,417.30945,791.5125,398.22733,771.00287,378.89487,753.61646,5.09865902605619
907,8,574.68585,427.00858,591.45544,443.46066,609.15784,459.06613,3.054796244371465
907,9,482.5566,349.2036,497.6582,332.86954,519.5192,333.92026,49.99694422269234
907,10,379.3399,753.79926,370.89,748.3234,366.4249,743.1904,16.03578128477874
907,4,607.5711,466.07126,624.74084,494.55832,642.08734,529.0844,4.402464847543195
907,1,427.65073,788.07654,423.40765,803.29346,430.6833,822.7759,36.05850073119995
907,3,739.4215,711.3499,746.9591,697.589,745.3738,688.50085,38.606955643583355
908,5,418.05713,812.89355,404.3084,804.161,392.96655,798.6835,6.643607274139324
908,6,393.06448,307.0472,372.71133,318.55048,349.57306,328.22894,6.775462974985757
908,7,416.23172,789.04504,396.9213,769.7978,378.3918,753.1537,2.9743377011540244
908,8,573.0389,425.92212,590.4357,441.67047,607.5865,458.08112,1.5841207102371038
908,9,481.82855,350.34445,496.94647,333.56998,518.95386,333.91663,48.87580634336683
908,10,379.23083,753.812,369.89386,747.46765,364.97916,742.5633,10.744002688130852
908,4,608.13245,469.75143,626.24634,497.7008,642.9085,532.6087,7.431177833056858
908,1,423.84448,803.44684,425.8835,801.3974,433.24823,797.3346,16.262148271981122
908,3,739.556,710.60925,746.7441,697.9003,745.26733,689.58636,39.56405853267861
909,2,624.65765,707.3419,607.2173,693.76306,587.06946,701.1561,58.05405451480755
909,5,420.55872,814.55664,404.20605,803.00653,388.52838,791.7974,0.32924422366624956
909,6,394.01077,306.14755,373.4801,318.389,349.82233,328.6419,7.374455883762256
909,7,416.16605,786.95374,396.34982,768.89124,377.82114,753.31903,2.3041823604943867
909,8,573.4203,425.2371,589.9779,440.25928,606.6818,456.83237,2.558414206623228
909,9,481.55103,351.0635,496.62268,333.64877,517.7594,333.82858,49.61271484197122
909,10,378.62067,753.5354,368.69547,746.4233,364.38867,742.6436,5.6459747876628
909,4,609.29553,473.80704,627.1443,500.38852,643.32086,533.9815,8.167362615312637
909,1,425.05096,811.3785,426.28143,800.26575,438.16565,791.11066,46.072495898591264
909,3,739.50543,712.36975,746.3928,698.7494,745.7993,689.4321,30.46909107349754
910,2,594.00397,708.11597,592.3738,702.6744,582.8783,702.50696,72.31276619384464
910,5,384.72498,790.2822,407.60245,803.07404,427.2968,824.2146,17.81682206820773
910,6,393.6672,306.95782,373.35535,318.94727,349.59622,329.11728,7.378818140836535
910,7,415.0747,784.99286,395.21375,768.27014,378.0787,752.2735,2.9349829868644863
910,8,573.2554,424.96445,589.01776,439.90967,606.556,455.91623,1.0900216280965886
910,9,479.95914,352.5421,495.344,334.5136,516.8017,333.40762,46.57321938675815
910,10,378.26108,753.8898,368.482,746.42706,364.32788,742.93005,2.7429534821468584
910,4,613.79803,477.77716,626.95386,502.7207,639.97455,532.0079,3.8389510355159215
910,1,434.90222,786.5789,426.45297,798.6011,429.5498,813.11505,47.14432900097412
910,3,739.60486,715.7755,744.868,702.3922,744.0392,697.40106,30.895871811344946
911,5,385.74695,789.7458,408.94046,803.34424,430.21646,825.6332,15.948701735350985
911,6,393.6809,307.42352,373.32364,318.90955,349.33167,328.91605,6.792808895255908
911,7,411.66263,781.8162,393.71283,768.4445,379.81384,752.6902,11.895918520465637
911,8,572.5006,425.05084,588.3721,439.85916,606.365,455.7285,1.6038866719053864
911,9,479.92194,352.3211,494.7817,334.0833,515.7847,332.37985,46.190723086664704
911,10,377.74713,752.0511,367.32574,746.9121,361.39862,739.492,25.133633546514165
911,4,642.2119,529.2838,627.71295,503.77646,613.3731,478.54126,0.0
911,1,435.82797,783.74457,425.644,796.82117,427.9932,812.90137,46.222832944438025
911,3,740.0007,717.0102,744.595,703.2671,742.628,699.4525,45.76253415643458
912,5,386.52615,789.7786,410.9358,804.4067,432.08215,826.92163,15.862243661535322
912,6,394.6734,306.86682,373.70035,318.6387,349.30676,328.66226,6.96660681906323
912,7,387.79388,763.05896,392.93878,768.80853,405.50787,770.7192,39.533384936289416
912,8,571.76666,424.8234,588.0173,439.7256,606.2508,455.68185,1.3319266870374915
912,9,479.4671,351.55728,494.37784,334.11554,515.2341,331.08115,41.1953255237003
912,10,376.11725,750.9455,365.5355,747.36426,362.8097,741.37897,46.81708158599574
912,4,613.80505,476.55072,628.55255,504.7423,644.3517,535.9393,0.7564052289376826
912,1,439.52872,787.97034,427.29865,794.70886,425.63425,807.4572,53.70776678697635
912,3,740.9525,716.10815,743.88605,705.1759,741.532,701.79376,49.859753999601786
913,5,388.8784,791.08167,411.3115,805.645,433.44797,827.02277,11.009808928388798
913,6,395.61337,305.09756,374.49176,317.43582,349.60437,327.12146,9.026543077476106
913,7,375.10403,748.8385,392.1097,766.2051,413.04086,783.25104,6.442781341479494
913,8,571.7195,424.66714,587.59015,439.57632,605.8789,455.26508,2.586491178149615
913,9,479.28156,352.2759,494.21692,335.7211,514.5874,330.33444,33.13202248561447
913,10,370.3582,746.6083,365.966,749.3512,365.32816,742.1742,116.90604554690863
913,4,613.4206,476.646,628.38196,504.64856,642.9794,536.04913,3.182292637492868
913,1,441.62326,788.9847,427.89297,793.78735,426.30273,808.3323,64.48129452862598
913,3,741.1213,713.9595,742.9247,707.8167,740.57794,704.28455,49.961027714581434
914,5,393.9551,794.96045,413.66644,807.30023,432.03186,823.65753,9.642490680779224
914,6,395.76022,302.78525,374.92834,316.281,349.28143,325.7517,12.669015321292703
914,7,371.58566,746.616,387.99374,766.2817,411.11917,782.6934,14.797283470573992
914,8,572.6807,425.5833,588.1613,440.1498,606.1313,454.82275,4.024917467486731
914,9,479.32596,353.56366,494.91882,337.01978,514.86554,331.26944,30.613575419407468
914,10,368.8805,747.9909,367.6253,752.9,364.04465,741.9971,147.47681763181743
914,4,613.9895,476.67957,628.44293,505.34872,643.8926,537.06714,0.7845948205955995
914,1,439.8432,788.1022,428.51422,796.4067,431.83554,809.5412,67.94826870042955
914,3,740.7966,714.2195,743.3791,706.45636,741.1894,699.9583,37.02315466731897
915,5,438.38156,828.6609,416.28748,808.68744,391.39377,790.7538,6.344769952763566
915,6,396.03394,301.84332,375.14606,315.49014,348.97916,324.27386,14.602151011283334
915,7,366.65057,746.23206,386.3191,764.7693,409.54874,784.0387,3.6275781703976575
915,8,576.61755,424.457,588.3247,440.5646,606.14026,454.78235,15.398300328074201
915,9,478.53305,354.9041,494.47137,337.93823,514.87354,331.5962,29.52076802767823
915,10,375.46423,753.7022,369.41357,753.0367,364.83722,742.4407,60.36388988999593
915,4,614.0282,476.6668,628.8033,505.48157,644.3908,536.9094,0.7666830973785231
915,1,437.41006,790.8722,426.60382,802.10974,431.11914,811.7964,68.871151238143
915,3,739.2841,713.019,748.02954,694.81146,745.03394,675.5211,34.48286115993871
916,5,412.28058,807.25275,413.50687,805.9846,409.1872,810.27264,178.82830374387083
916,6,394.52847,302.34845,374.05093,315.67612,350.03873,323.16998,15.725414803612908
916,7,379.21658,756.54865,386.9314,765.1346,399.28036,777.197,3.731453667142538
916,8,577.84485,422.18347,587.02466,439.83545,605.7776,454.8006,23.933123462504025
916,9,478.00958,355.9452,493.52374,338.45004,514.3356,331.579,30.163712679894385
916,10,369.04315,747.6296,366.995,753.1611,362.0675,739.85004,139.36823139329
916,4,613.8615,477.0878,627.903,505.1177,642.8768,536.0698,0.7917943418847807
916,1,435.23795,795.7867,432.3005,807.12616,442.18243,819.0476,54.17899147035229
916,3,757.3883,672.08264,749.9615,683.7931,742.8512,686.6386,35.80579038478437
917,5,435.0799,824.7745,416.349,807.6921,395.08615,792.93677,7.605916612499368
917,6,396.65686,300.3229,375.773,314.18445,349.2612,323.81302,13.613974040852204
917,7,377.07983,754.51886,388.6131,765.4541,402.41953,779.40826,1.8295967082728672
917,8,577.6359,421.2707,586.862,439.76105,605.9448,455.29752,24.331231578897
917,9,477.52963,356.82422,492.5169,339.0324,513.2224,331.60626,30.15958010252786
917,10,374.65173,749.0031,367.59247,754.31116,366.1888,748.7974,112.65779423800468
917,4,638.77386,525.82764,627.75446,503.60327,616.31244,483.64624,3.453717321341904
917,1,435.86063,793.0125,431.7698,804.294,440.8951,815.8852,58.14335000860826
917,3,755.20276,668.20886,748.19324,678.98724,740.7852,686.9829,9.778028752376825
918,5,439.97247,827.8009,419.93536,810.3356,395.637,794.3169,7.68214247599517
918,6,397.55728,298.45184,377.26904,313.42017,349.957,323.6262,15.929475797792922
918,7,369.54675,748.1841,387.04886,764.3843,407.61053,782.49194,1.4189969796417923
918,8,578.0439,421.1883,587.1295,439.43475,606.02985,455.2235,23.655117087191016
918,9,483.13214,354.9829,491.6892,340.12457,505.08325,335.02127,39.20444717549857
918,10,374.6365,754.47644,363.67203,746.5523,360.82275,746.0024,24.931909271932366
918,4,634.03986,522.6755,628.6086,505.32108,618.344,494.9329,27.278959514201098
918,1,434.3389,803.7974,424.3172,795.0092,425.6577,778.57733,53.41575696488903
918,3,755.98206,664.72375,749.8016,678.7817,741.6639,687.70953,18.616613655971054
919,2,596.4007,698.08435,625.10004,697.94604,650.2433,711.4513,28.517784170706747
919,5,440.70822,826.8684,420.62,811.77905,397.38763,794.8793,0.8791550857246911
919,6,397.53555,298.35657,377.24103,313.52606,350.19714,323.38547,16.746569774441955
919,7,368.29535,743.9303,383.99597,763.79834,406.2847,781.9744,12.485917626904525
919,8,578.79895,419.97845,587.26544,438.73935,606.27075,454.98895,25.180565807665545
919,9,472.92862,361.3794,489.0076,342.51367,508.11847,330.86047,18.18603531165067
919,10,366.34213,739.88324,359.11877,738.65173,354.5754,734.8335,30.368347849492025
919,4,612.7665,479.4177,628.855,505.8672,642.5202,540.8585,9.978784656864628
919,1,437.02585,806.04126,424.10513,794.4127,422.76907,777.87103,43.39533356979481
919,3,756.6222,665.07477,750.8342,679.64343,741.93604,688.0132,25.085499573200263
920,5,442.6007,823.3144,419.68277,811.2492,398.3031,793.34357,12.18176702061404
920,6,397.751,299.42673,377.2436,313.70255,352.09323,322.69318,15.172194417177627
920,7,364.2603,741.4207,382.3016,760.80206,405.01767,780.1494,6.62965994323087
920,8,579.7879,419.75858,587.11896,438.73544,606.14813,454.67438,28.92797412328804
920,9,474.01105,360.03235,488.7627,342.68542,507.61926,331.58746,19.14372368202134
920,10,365.2547,740.9472,355.24554,732.968,350.8614,729.82495,2.9240910974110714
920,4,612.72363,480.00934,629.2826,507.82642,644.0758,541.46515,7.026157426820601
920,1,434.69305,808.02655,424.41458,793.8028,416.9208,778.2559,10.118318408271872
920,3,756.7269,665.15137,750.8077,679.8387,741.8741,688.2685,24.71161026856489
921,2,600.3872,695.2187,626.19635,697.9556,651.32153,711.475,22.230455912141668
921,5,443.50323,822.76935,419.93005,812.107,398.32608,793.6035,16.241903928534924
921,6,398.7352,298.8709,378.65912,313.1003,353.53958,323.8222,12.213512108021655
921,7,362.8322,739.9465,379.2835,758.89703,401.29175,776.8702,9.8012270615259
921,8,581.438,417.34622,586.74414,437.26605,606.07086,454.5723,33.24108878372604
921,9,474.0242,359.30792,488.16397,342.47513,506.7699,331.93353,20.434638822897455
921,10,364.25674,738.9669,354.52658,731.3623,343.607,727.19495,17.120543852571043
921,4,613.2066,481.64252,629.99457,508.76978,644.6086,541.18665,7.485113434873158
921,1,433.90015,807.6296,425.0203,794.90515,417.73123,779.3654,9.78022035851992
921,3,756.59503,665.35986,750.7053,680.9777,741.7675,688.94617,27.619452951008164
922,2,601.2515,696.7537,626.76587,699.0914,651.6337,711.9992,22.197024257540978
922,5,444.3193,823.8666,419.74448,811.8161,397.8424,793.3893,13.953424028360358
922,6,400.5299,298.66608,380.75574,313.08954,355.9164,325.2144,10.088923070922721
922,7,363.01053,739.07275,378.8488,757.95667,399.93942,774.8068,11.390099611502906
922,8,583.9503,415.42606,587.1087,436.25168,606.3786,454.32925,38.20486409329223
922,10,361.7207,738.1432,356.1787,736.4106,353.48395,733.9725,24.776572494685045
922,4,613.38385,482.44208,630.1536,509.69376,645.59045,539.91003,4.5453208172497055
922,1,436.10736,808.61096,423.6487,797.11835,418.0979,780.78186,28.542945609267978
922,3,758.7337,665.651,751.30316,683.2129,744.57874,692.21875,13.814175027564778
923,2,602.33594,699.2736,628.31494,701.6842,651.98755,713.396,21.022168617978814
923,5,443.50677,825.75995,420.75525,811.7077,398.105,793.93756,6.4146900913580085
923,6,401.65778,298.49713,382.11575,313.0765,357.75366,325.5098,9.687202222146109
923,7,360.95557,738.50555,377.92188,758.1298,400.1709,775.75854,10.763604922094988
923,8,583.3514,415.88928,587.0481,436.24744,606.137,453.90277,36.94242315995962
923,10,360.68842,739.7125,353.6331,743.9906,350.45813,743.32275,43.10988155158118
923,4,615.7062,483.40414,632.74097,511.11908,647.7147,541.9275,5.655616736854395
923,1,435.9389,812.0032,426.61282,797.6939,417.82623,780.2553,6.352645292416408
923,3,758.79297,666.6819,751.9598,686.6888,746.16974,702.2517,1.5500287111835502
924,2,602.5223,699.18396,628.62573,701.3862,653.1049,712.8808,20.330643015139522
924,5,442.5716,821.94214,421.72684,811.27264,402.39038,799.4704,4.29244967416525
924,6,403.23578,297.98306,384.1956,312.87418,359.39157,325.02734,11.925174076606066
924,7,360.3753,736.8531,377.27112,757.0459,399.9746,775.49695,10.97931378508849
924,8,583.65295,413.64777,586.3324,434.96295,604.93146,453.1351,38.50034611312597
924,10,354.51947,737.98346,357.4599,740.4338,358.93164,737.40326,103.90203609163615
924,4,648.3547,539.03546,632.8449,512.4782,619.5332,490.1688,0.5385033194598222
924,1,439.2557,808.0999,424.4918,799.2853,418.0608,781.21515,39.5709478372294
924,3,749.02704,690.6484,750.47974,692.08435,747.6517,697.87036,71.37998691021993
925,2,612.8686,702.4013,629.30634,701.541,646.0871,710.6545,31.50187062741401
925,5,447.2465,828.0933,424.05292,813.3005,401.05115,794.18097,7.204266907188741
925,6,403.2726,297.7852,384.6376,312.48572,360.07782,324.6053,12.00367186113771
925,7,359.84995,737.63464,376.93335,758.164,400.38208,775.58093,13.630895618993982
925,8,583.79846,412.2642,585.13,433.62503,602.91223,451.7347,40.910326069407965
925,9,472.3867,362.4268,486.78766,344.3939,504.35364,332.86865,18.12000371712137
925,10,353.33786,739.2656,357.42535,738.9736,359.13538,735.3798,60.466526213920275
925,4,654.66315,541.9484,634.46545,514.4215,620.0849,487.5414,8.122842169966946
925,1,437.791,813.1019,423.38007,801.82715,419.57782,782.23,40.98105184596663
925,3,757.39594,671.0687,751.5813,690.2143,742.79913,711.5836,5.4473001447980876
926,2,605.8456,697.8508,631.1342,700.87134,657.27374,712.16077,16.547871059499276
926,5,401.73825,795.8932,424.6523,813.8404,449.25354,830.1752,4.48593807746302
926,6,403.4667,297.06223,384.4755,311.47662,360.1355,323.92365,10.114274270079262
926,7,406.2828,779.08234,411.01257,787.9829,414.93384,792.899,10.591115964026892
926,8,583.48883,411.63602,583.84406,431.68243,599.4463,448.5385,41.77262135164881
926,9,471.55414,362.02786,487.3952,344.54214,505.0315,333.6268,16.071273978724577
926,10,354.3145,732.8508,373.92398,754.9327,399.28738,775.6066,9.210019800278731
926,4,655.2621,543.01685,635.05035,515.0812,621.0566,487.88818,8.655283018112325
926,1,442.37323,809.2886,427.81717,801.39935,420.55093,784.3835,38.41901050092323
926,3,761.84656,667.879,754.0841,685.4203,747.8236,699.6773,0.16432452156180907
927,2,606.3897,697.5464,634.34894,701.63873,659.81494,714.5046,18.47650974742856
927,5,401.47607,792.9354,424.0097,812.63135,448.6773,825.1548,14.239303851389597
927,6,404.2427,296.23273,385.09048,309.5616,359.98328,322.3078,7.920229963761209
927,7,401.67935,796.3549,425.49948,813.932,451.04797,831.6679,1.6551669413631542
927,8,583.26636,410.33646,583.334,430.01538,597.75604,447.09586,39.97949344171182
927,9,472.0286,361.6987,487.10477,344.6032,503.6683,334.22067,16.510816010118774
927,10,354.10425,733.00323,374.63202,754.4866,399.71716,775.037,6.977747827111023
927,4,644.0834,530.1884,635.9543,515.94727,629.0113,511.74435,29.093091759291166
927,1,433.0534,783.14484,434.02704,797.39404,443.1707,817.7203,20.311457212107126
927,3,762.5453,667.2257,756.0814,679.46124,749.7662,689.8703,3.3986299682255687
928,2,609.4068,698.7659,635.5038,701.81287,659.1016,714.1576,20.956019614551433
928,5,403.94537,793.1164,423.49686,811.7627,442.58087,813.31415,38.9948099917456
928,6,404.4953,295.15576,385.68768,308.73273,359.95792,321.16418,10.037266438467867
928,7,432.05032,818.52045,439.121,824.9126,452.63293,832.93085,11.428977240361068
928,8,583.2854,409.9087,583.87134,428.69666,597.4281,446.47183,35.545727755712264
928,9,471.4694,362.8753,486.8232,344.73526,504.14038,334.5216,19.223188976808544
928,10,352.3564,733.5244,373.57184,754.1576,398.9957,775.6064,4.050235770924955
928,4,626.2793,503.93774,636.31165,514.41504,649.3294,538.8794,15.73921909948531
928,1,441.88852,804.625,425.33752,797.0503,421.48,784.48285,48.34477882289942
928,3,765.2754,663.71704,761.3221,674.61017,756.83154,680.6705,16.590838805521656
929,2,609.54785,698.3288,636.15924,702.5094,660.6935,715.0953,18.229371214106393
929,5,403.8809,795.64594,424.1347,810.8448,443.5464,825.8027,0.7308814719463294
929,6,405.32828,294.66705,386.57416,308.14966,360.52167,321.18146,9.13809113063124
929,7,439.53842,815.9521,441.69775,824.53986,455.2503,834.39923,39.850378114685284
929,8,583.4956,409.2359,584.50195,427.8762,597.7989,446.083,33.051408404596174
929,9,479.58942,358.38348,485.93903,345.8857,492.39154,343.19653,40.442097111818214
929,10,358.3458,739.25916,375.20618,756.495,398.71765,774.62866,7.989006308874426
929,4,656.26697,546.7532,635.372,514.60455,620.0598,486.376,4.5448036603135336
929,1,436.78284,805.29535,419.767,799.9786,413.7942,782.6527,53.62725949795067
929,3,766.5827,663.67346,761.29456,675.55054,756.5796,681.9341,12.449502922282258
930,2,611.2346,698.6213,637.59143,703.1222,661.2183,716.2713,19.406458470750415
930,5,404.4922,797.9229,425.99036,812.15735,444.43658,827.65796,6.531258496774641
930,6,407.87433,292.07983,388.17035,307.64215,362.10034,321.15372,10.905099481066523
930,7,433.8261,814.55493,444.51965,822.91864,459.56555,833.9985,1.6617748827970182
930,8,583.62213,408.25333,584.89026,427.34012,597.7978,445.48712,31.6221900797154
930,9,471.99945,364.12912,484.90448,347.39175,498.21924,337.78262,16.549058079068903
930,10,358.38263,737.04724,376.1278,755.6804,398.84064,775.3783,5.464540853156704
930,4,656.491,546.9743,635.0546,515.23895,620.29425,486.6094,6.76399041397839
930,1,446.13898,804.85016,419.06903,798.7144,409.85516,782.41296,47.75308718091465
930,3,769.3193,665.5959,763.1259,675.74225,757.91595,681.5423,10.532183426926087
931,2,660.689,715.0943,637.52875,702.3634,612.12714,698.4281,19.9905626989945
931,5,404.41925,798.16,427.27722,811.64777,445.7075,828.9471,12.643452882292026
931,6,408.5035,290.46536,389.37045,307.27106,363.73227,321.24875,12.695941243808662
931,7,435.56787,812.59546,445.07428,822.43384,459.23917,834.8651,4.712516684321102
931,8,583.5086,407.30597,584.3221,426.6203,597.29565,445.1923,32.52470046471927
931,9,480.4425,358.11047,484.64313,347.15616,488.03604,346.36462,55.888119419956155
931,10,354.21317,733.80347,373.7977,752.79694,397.4115,773.9373,2.285504265918207
931,4,657.51355,547.1309,636.02405,515.7039,620.8712,486.89728,6.618765454281186
931,1,433.3821,793.0913,418.32956,796.5647,415.55487,786.42786,87.68539674830372
931,3,770.1772,665.95776,764.68604,674.8626,760.16754,679.6152,11.893797717999108
932,2,660.1658,714.4145,637.37036,701.422,612.92554,697.49695,20.559467197584876
932,5,407.05783,798.5122,426.7908,812.2216,446.09134,825.93286,0.6010083749552667
932,6,407.3432,290.9633,388.7458,307.29614,364.11325,320.66986,12.791817630890833
932,7,437.25797,817.138,441.95963,822.2138,454.31708,830.6751,12.791462865894138
932,8,583.76263,406.97287,584.013,426.40054,597.2806,445.80432,33.62451998129967
932,9,481.4935,357.9828,483.962,347.247,486.01703,347.36172,80.24595253218537
932,10,353.01578,732.4523,372.6005,751.5411,395.8128,772.42444,2.288670621339212
932,4,656.6301,546.6047,635.8815,515.0084,621.09894,487.18378,5.311535138773331
932,1,427.73138,782.8946,419.1262,795.08777,417.77905,786.81616,135.5377694674015
932,3,769.65405,664.4186,761.66925,678.05304,753.3961,685.9805,15.867553005564465
933,2,662.66534,716.66895,639.77264,702.68915,613.645,697.6046,20.398661543210558
933,5,408.92212,799.04254,430.10654,814.1156,453.82623,828.7718,3.720891217388735
933,6,408.13617,289.84225,389.7838,306.1469,365.77554,319.7958,12.000042335401703
933,7,413.37085,798.7688,433.73398,814.2766,455.40115,826.2721,8.321569044111477
933,8,588.0887,407.00085,583.5198,424.32635,596.2778,442.57895,49.725504622436006
933,10,351.87433,731.3597,370.73514,750.0245,392.65866,770.0416,2.30316282376145
933,4,657.8071,547.4818,636.5237,515.75507,620.60236,487.1959,4.716048669001209
933,1,429.76236,780.42395,421.25128,794.3066,420.40433,786.9866,141.8886230212499
933,3,767.8626,672.1549,759.329,679.50867,754.6838,684.3014,5.142699444670875
934,2,664.52356,718.4298,641.51556,705.5653,612.9781,699.3111,16.849566376901315
934,5,409.89554,798.60913,430.5231,813.65393,453.66165,829.40765,1.8565672295785907
934,6,410.20587,287.88162,391.84915,305.38153,367.67365,319.74667,12.912279462072737
934,7,427.40186,788.9218,425.01965,796.1837,434.34155,796.84607,104.09738052572747
934,8,587.5711,403.33002,584.44147,423.67615,596.56866,444.10922,39.434169577168475
934,10,351.47964,731.01544,369.5554,749.4748,390.1652,769.43176,1.523542028737924
934,4,659.8662,548.4919,636.95856,517.21094,620.2294,487.6846,6.680815001427013
934,1,417.15417,778.98474,422.10706,793.2788,432.53632,787.6228,99.36074899913147
934,3,766.9275,670.17163,760.2283,677.516,756.23737,681.96063,0.4484978345989087
935,2,665.2638,720.4096,641.91364,707.2275,613.0409,700.5512,16.42680391006646
935,5,411.71402,799.568,431.88275,813.09283,456.07596,828.58655,1.2088513344880139
935,6,410.95663,286.54633,392.95947,304.48352,369.5571,319.83597,11.63866916221158
935,7,397.3432,775.5506,409.27475,784.04443,418.74222,786.8539,18.918182848158033
935,8,587.66876,402.16623,584.2944,423.06766,596.3124,444.00348,39.02843587791621
935,9,495.35626,342.79227,481.8502,349.54938,468.4767,364.8336,22.23563666051283
935,10,349.52847,730.8292,367.81213,749.0226,389.30215,768.0923,3.2730924158023575
935,4,660.6184,549.2143,637.9382,518.57855,621.0268,488.08307,7.502579108893932
935,1,411.53186,777.35626,421.55417,791.57556,435.61194,790.0834,60.88143016383495
935,3,767.7789,669.8725,760.63525,677.65204,754.8574,682.0726,10.021048843017203
936,2,631.6079,710.66956,642.37177,706.7297,653.58716,710.46155,38.50872235100993
936,5,412.4414,799.63763,433.62146,814.1403,457.09692,827.97064,3.896717142521446
936,6,410.58676,287.14838,393.56107,304.59094,371.28043,319.61346,11.70344522159676
936,7,390.42966,767.1412,401.61267,777.19226,408.70605,786.132,9.62067077555652
936,8,589.0107,401.43744,583.8784,422.1513,595.8693,443.28137,43.489969937869695
936,9,497.62756,340.58615,481.6955,351.47546,469.73395,367.10446,18.219630683720823
936,10,349.40988,731.14844,367.15466,749.94476,388.8829,768.1815,6.641186313808553
936,4,660.3556,549.40027,638.24036,519.1927,621.65576,489.16962,7.292156172633905
936,1,409.11765,777.45605,420.56674,791.3314,436.46786,789.50336,57.03083917555544
936,3,768.47156,669.7934,760.2362,678.0675,753.13226,682.4454,13.490695475233185
937,2,624.9407,703.38513,644.73157,706.179,667.63727,715.7627,14.668947294141946
937,5,411.30396,799.59424,432.81915,812.0078,455.20297,826.2812,2.540602717698133
937,6,411.3549,286.57565,394.8098,304.40634,372.5705,319.61053,12.78286842683745
937,7,390.29147,766.85254,400.15375,776.07025,405.69128,784.771,14.460393216081414
937,8,588.16205,401.11777,583.9912,422.31696,595.79,443.59244,40.14198657940891
937,9,468.75565,367.5691,481.46082,351.82416,497.43277,341.41052,17.994502206035182
937,10,347.55286,730.14557,366.26562,749.0128,388.53918,767.1882,6.02086231886195
937,4,659.857,550.3528,639.01263,519.8385,621.8607,489.98508,4.458038012730174
937,1,408.76425,779.4604,423.82468,791.3649,438.24695,790.2026,42.93242647198888
937,3,768.04395,665.4527,761.65063,675.91406,749.0975,680.31665,39.242867375151604
938,2,645.3449,712.5193,647.9078,706.9372,652.0055,707.5601,73.98284301801756
938,5,411.9461,798.52277,432.17426,810.8062,452.75888,825.0741,3.459042022289437
938,6,412.5129,285.99884,395.69632,303.58392,373.02225,319.01904,12.035077112968446
938,7,389.3818,766.5162,400.29208,776.3911,407.39783,784.5942,6.951498771286907
938,8,587.8382,400.18335,584.0977,422.11777,595.5588,443.6156,37.740810391677904
938,9,499.50464,339.9743,481.23776,352.85718,466.71393,369.74017,14.10205064585969
938,10,345.6027,729.83984,365.57376,748.2199,388.2713,766.7851,3.3433387473395966
938,1,412.54324,787.48816,429.187,793.7746,445.44205,798.9657,2.9806493273467822
938,3,770.5845,664.11346,763.0193,674.88275,753.3849,681.7107,19.587416676333223
939,2,658.52783,716.0696,649.2123,706.88934,638.43207,702.94446,24.48134707090459
939,5,457.48007,826.56323,436.2164,814.01373,414.64975,800.0003,2.46624783792214
939,6,412.67743,285.4034,395.23422,302.43607,372.50235,318.3143,9.383409438775626
939,7,387.50964,765.8531,401.4647,777.5384,411.8765,787.69226,4.34018486073203
939,8,587.5226,398.60397,584.3339,421.81458,595.4532,443.76358,34.688853292113635
939,9,466.05225,370.37894,480.38818,353.40768,498.19803,340.1106,13.066027188306432
939,10,340.21387,725.5921,362.8588,745.77997,387.89474,766.99963,1.4336771749697164
939,1,411.8703,788.2719,430.71808,796.0183,451.32147,804.5601,0.1747129721695325
939,3,769.767,665.5722,759.9572,678.0567,752.3622,684.0758,13.444167181285911
940,5,453.49854,820.4155,438.20468,812.28613,416.9962,800.57544,0.9134312840115117
940,6,411.4728,284.84918,394.4907,301.31683,372.26248,317.18088,8.60382170215941
940,7,402.3852,782.50336,422.45956,790.9487,437.9739,795.3418,7.006615154497653
940,8,586.83514,398.8871,584.4214,422.02838,595.55524,443.7536,33.08917257574165
940,9,463.72314,369.70093,479.90573,353.4277,497.54324,340.2577,8.4111348179958
940,10,343.6592,729.0336,363.54782,746.6422,387.27667,766.19226,2.0355743950065
940,1,408.6854,791.2041,427.02158,794.2766,445.5443,795.0448,7.137567992639768
940,3,762.2372,672.13104,754.2779,690.49963,743.03625,708.9936,7.865941589621965
941,2,672.06714,718.3254,650.19684,707.11383,624.5847,700.30054,12.244676982613424
941,5,442.58273,811.234,442.64166,815.7273,436.71353,807.16516,146.0539737499779
941,6,411.27548,283.56857,394.5769,300.32178,372.48032,316.40872,9.037833235116645
941,7,445.60162,812.06964,442.95132,805.1572,443.811,796.5081,26.653673195851294
941,8,587.0329,399.68933,584.18353,422.0063,595.8331,443.67688,35.53742051762682
941,9,466.41458,366.71976,478.90155,354.21738,493.09708,345.0133,12.076787526313527
941,10,343.45386,728.1517,362.67227,745.887,386.24762,765.0107,3.6537699388268536
941,1,408.1808,791.5426,428.2463,795.4438,444.37216,793.5826,17.58611071096427
941,3,748.758,694.8109,753.1482,690.5206,749.10913,689.355,119.56163630353339
942,5,428.7069,806.06213,443.91803,816.0948,453.18683,816.66364,29.89528628194234
942,6,411.70697,282.63327,394.99487,299.5851,372.90646,315.9401,8.890548788200439
942,7,443.13858,822.53955,451.49872,826.896,459.77536,829.4268,10.52134154688742
942,8,587.2304,400.49005,584.3387,422.34125,596.14685,443.57812,36.613573958591424
942,9,491.60858,342.35318,477.21942,356.3915,465.4023,374.29623,12.282251377711964
942,10,341.03055,726.09064,361.3986,744.19336,385.02167,764.1601,1.4250519992957573
942,4,643.1515,537.09937,646.5464,534.3967,641.6927,548.96893,146.94470952325776
942,1,407.09808,798.60205,427.49515,797.1788,445.691,791.3131,13.875813305991617
942,3,740.863,708.8329,751.82416,691.63007,746.6693,674.3774,49.13957233800671
943,5,430.07446,809.52625,443.74554,817.1592,452.6055,815.2564,41.29657776491356
943,6,411.8356,281.03574,395.33698,298.7831,373.4151,315.5461,9.684238641494007
943,7,425.49356,808.00775,443.90918,819.7225,465.93103,827.97534,11.917767599149661
943,8,587.27844,401.73352,584.6047,423.1051,596.74365,443.63385,37.727635482349
943,9,487.56155,346.62433,477.5981,356.9226,469.11383,370.59955,12.240457454228277
943,10,340.20236,723.6286,359.95084,742.338,382.77277,762.02856,2.6650618177454932
943,4,618.99835,499.71805,635.82404,523.0313,644.2572,550.98193,19.029342630554588
943,1,410.17358,799.9866,427.84744,798.5315,445.59937,791.62195,16.560863819428786
943,3,744.0533,685.59204,749.858,689.89935,742.1666,704.548,81.12508215760589
944,2,655.45416,713.0093,650.683,707.18054,646.16895,708.90466,71.60174041640092
944,5,420.1576,803.39386,442.38785,817.55865,465.74637,828.08844,8.239332781088741
944,6,413.1266,279.94846,396.44043,298.54465,373.88483,315.35785,11.39748122259447
944,7,443.15088,812.55286,440.63617,806.6549,440.49875,801.5186,21.55938540537258
944,8,588.29944,403.2512,585.6801,423.40717,598.245,443.46698,39.46606820559419
944,10,339.0993,722.6794,358.07935,740.6223,381.16568,759.5732,4.009464281013917
944,4,618.9,500.071,632.40533,521.6342,639.95856,546.22736,14.986313778989821
944,1,420.6588,795.96484,427.5737,798.0597,438.78882,797.56213,19.39432660812836
944,3,746.2447,690.8605,751.58386,690.5913,743.0934,703.6417,125.93367284710511
945,2,676.8,721.4689,651.4547,708.0542,625.2218,699.303,9.442669665693165
945,5,421.48764,802.0803,441.6668,817.2603,465.3026,829.84766,8.91499934620136
945,6,414.1791,279.76614,397.13745,298.46887,374.46957,315.3402,11.00093581308625
945,7,438.19806,787.69543,441.68033,803.90955,457.49127,815.303,42.102149336020915
945,8,591.5191,404.677,586.378,423.002,599.4238,442.90063,48.92101341484818
945,10,339.17386,721.9167,357.2015,739.48267,379.5846,757.92834,4.765263312021872
945,4,620.56177,506.49,636.43304,524.79474,634.9843,549.3532,44.30320556229053
945,1,427.3292,790.87164,428.60583,797.38776,436.15314,802.30756,45.8161775246313
945,3,758.48236,689.06964,752.1842,695.54144,742.75433,709.5437,10.262492939280598
946,2,677.7168,722.79834,652.90265,709.03284,627.0245,698.7899,7.424785091392122
946,5,422.85193,803.33655,443.35403,818.54443,469.23566,829.36847,13.871640269673678
946,6,414.8987,279.7974,397.75647,298.7534,375.59366,315.76648,10.36507611674944
946,7,439.7754,797.94135,447.17282,805.9131,460.22784,807.92053,38.39821536390522
946,8,593.0065,404.68378,587.0543,423.09622,600.32275,443.20496,51.33254105778682
946,10,338.67194,722.1524,356.03683,738.961,378.73618,756.9925,5.6051092687713915
946,4,626.1712,508.9426,636.1734,527.0974,645.61816,547.90485,4.438134628104935
946,1,421.82785,795.2017,425.5951,795.5453,432.72028,796.2864,0.7271236511272319
946,3,748.93506,697.5252,749.54596,697.548,746.14966,700.6818,135.1672970631561
947,2,680.3163,724.8233,655.4088,710.28235,628.8242,698.7186,6.768338358310575
947,5,424.1824,804.298,444.722,818.54865,469.78674,829.5241,11.105656929165301
947,6,416.8062,279.53964,399.02106,298.40292,377.29565,316.1938,7.371102649629354
947,7,433.73898,800.41174,450.83218,810.7879,471.00095,817.3009,13.362622321957256
947,8,592.0096,406.23376,587.3862,422.87994,600.21045,441.41553,50.200447584020594
947,10,337.66476,722.48987,354.674,739.8798,378.60745,757.31287,9.564641392038242
947,4,627.396,508.05634,637.4683,529.33765,644.21967,550.1559,7.360074183337639
947,1,411.7785,796.7275,419.9124,794.4829,432.44305,799.2578,36.28669473692737
947,3,755.00464,692.91565,748.5793,699.14496,741.5412,709.741,12.294767086443578
948,2,681.386,725.06616,656.80963,710.3617,630.7259,698.4035,6.263596555470751
948,5,424.08328,805.0145,445.9995,819.8052,472.8242,831.52655,10.41077816872954
948,6,418.24646,279.71176,400.45953,297.7696,378.75842,315.44437,6.271417100601195
948,7,434.32016,799.0815,452.12195,809.2923,474.18585,817.95044,8.412232057747739
948,8,592.4793,407.56897,587.25885,422.99414,600.0623,440.83636,54.3607355416792
948,10,337.11438,722.8389,354.0587,740.85443,378.16516,757.42,12.258871143159153
948,4,621.65247,501.7268,637.4681,527.39386,635.82764,557.8298,34.72584213173652
948,1,415.53345,802.18134,421.4991,795.73865,437.8426,792.2477,35.14438045670521
948,3,755.3011,693.2996,748.1338,699.874,741.24585,710.4064,14.286682378059702
949,2,681.0731,724.8458,656.47845,710.2246,630.8733,698.49286,6.114684338983042
949,5,473.78967,832.2013,447.0979,819.2114,423.81342,804.7534,5.886962778910387
949,6,418.40137,279.66672,401.30673,297.38797,380.75998,315.01157,5.410373124590992
949,7,434.06967,798.80255,453.23547,809.65234,476.08234,818.50244,8.339624534010957
949,8,591.7083,404.23938,587.2993,423.2011,600.752,443.89532,46.116573106179054
949,10,335.65353,721.3366,353.3812,738.6934,378.39847,756.47327,8.992894138451053
949,4,618.975,501.91644,636.3576,526.3319,633.6486,556.9326,40.508050732390274
949,1,422.03482,801.74475,427.6212,796.0025,441.7787,793.6207,36.23867460087379
949,3,755.62085,693.6782,748.12225,700.64496,741.3321,710.94476,13.710773589625969
950,2,682.35754,726.7496,658.04785,710.9759,631.576,698.901,8.458443915653378
950,5,473.8859,833.08826,448.40353,819.04803,423.9419,804.9589,1.086425266123751
950,6,419.07153,279.17322,403.03815,296.56665,383.04678,314.28107,5.785570542334191
950,7,434.36395,798.9789,453.31525,809.78595,474.23856,819.17316,5.530913406207104
950,8,589.1633,404.49542,586.6365,423.3303,599.91956,443.2575,41.32771480146726
950,10,332.406,719.9108,352.24496,737.8002,377.76904,756.5448,5.748695822820089
950,4,618.9032,502.32266,636.2504,527.02856,635.3962,556.76843,36.71989972206849
950,1,420.99878,801.25903,428.06943,796.12494,443.02563,793.1677,24.79938803317747
950,3,756.2844,694.7046,748.0548,701.33344,742.1373,711.40356,20.70936538222801
951,2,677.878,724.7446,655.0767,711.1581,630.52435,699.88513,6.127719294380903
951,5,472.43265,832.5967,448.18008,817.1456,423.57544,805.34796,6.883531645409051
951,6,419.7375,278.98917,403.64484,295.9007,383.90063,313.51584,4.682910401189444
951,7,463.73517,815.6792,452.83008,808.2649,444.1128,802.04126,1.3134331835629713
951,8,582.6782,407.36102,585.9261,426.59683,597.71075,444.48785,23.788860413614362
951,10,377.28748,756.411,351.30762,737.2193,330.56467,718.8719,5.039367309793538
951,4,638.60925,519.95605,638.5074,539.35425,637.3899,562.9251,2.4133807626433987
951,1,413.88086,802.4585,422.6908,796.5814,440.4874,791.9389,19.086448543711946
951,3,753.9811,696.2318,748.60583,701.6306,742.3792,710.7895,10.665053187004865
952,2,676.88574,729.39343,655.2482,713.95416,630.4312,703.1706,12.023360847314807
952,5,473.29086,832.8116,449.05444,817.428,424.15616,805.717,7.21444454780797
952,6,420.2384,277.31708,404.60556,293.86282,383.78787,312.0403,5.498397276976703
952,7,463.0828,816.8461,451.60773,806.643,443.99738,799.2056,2.699288884673789
952,8,578.3245,410.75012,584.9821,427.19165,595.9733,444.82715,9.888710199155364
952,10,333.63388,721.1176,352.24454,737.759,376.84537,755.9928,5.257211933935918
952,4,622.95544,511.713,637.34766,535.1154,633.8674,569.4423,37.38027494919291
952,1,414.27505,801.0602,424.0747,796.39026,440.9267,791.6191,9.67162322552949
952,3,759.9793,694.1813,749.41626,700.7447,742.78174,710.3271,23.447606711642383
953,2,677.0046,731.58435,656.2375,714.06396,630.79724,704.51154,19.572619968272466
953,5,470.6623,830.6687,448.188,817.74255,425.8383,805.93854,2.064690679302917
953,6,421.81766,276.1665,404.90082,293.0881,383.60153,311.08743,4.807990234279107
953,7,461.20157,814.65466,450.25714,805.96484,443.77838,793.58777,23.92086331033402
953,8,576.34753,412.62238,584.6002,427.8111,595.73236,445.09973,4.2603449723870535
953,10,332.43765,720.1228,351.15735,736.9631,375.9868,755.5913,5.095622347372974
953,4,619.2512,503.758,637.17145,528.3255,634.92053,560.7182,40.08306568447409
953,1,414.58975,801.1705,425.41006,796.4841,443.1258,790.3245,4.246024067383126
953,3,754.43634,695.481,747.81104,701.788,740.48267,710.054,4.850785931049329
954,2,676.61224,730.01764,656.3389,713.7696,631.1687,704.3979,18.28847097082572
954,5,457.88538,821.02875,445.75217,813.79803,434.59787,805.51575,5.802045739399026
954,6,422.58685,275.71063,405.16376,292.55573,383.6096,310.66516,3.99728414984777
954,7,465.93387,815.53796,451.9608,807.4037,443.03055,794.4472,25.218152215232802
954,8,580.57806,423.22443,585.5589,428.9856,591.57654,438.25787,7.861898012796065
954,10,331.02084,718.3772,350.46655,735.61224,375.09644,754.7839,3.6542522112752374
954,4,619.78094,503.59003,637.69147,529.85767,635.1029,565.6343,38.426363204149055
954,1,426.79626,796.6555,427.19818,796.5344,436.1301,796.9428,19.384934827112286
954,3,753.73016,696.33673,748.421,702.33655,741.90186,711.2277,5.2555344395985495
955,2,677.22266,730.3823,657.0154,713.78784,631.96027,706.3356,22.82896976342867
955,5,443.49582,814.90283,437.35675,814.2,432.96518,806.9888,52.1280590111153
955,6,424.0548,275.41574,405.89005,292.0839,384.5223,310.84723,1.2530453793716232
955,7,467.80396,816.8087,452.8345,807.5247,442.50134,793.7631,21.291198215233397
955,8,582.9159,430.78088,585.20526,428.7121,585.10205,433.75665,133.27463914930973
955,10,329.91763,717.7355,349.8964,735.1987,374.59717,754.42865,3.255219075971434
955,4,621.13104,504.84088,638.4453,532.0294,635.3275,567.5507,37.5060490509581
955,1,429.3169,796.7289,427.00525,796.59204,434.07632,796.91345,179.21490654122692
955,3,752.8082,699.8928,748.037,702.9285,742.70404,708.92926,15.90543023481943
956,2,677.9269,731.6718,657.9392,714.2104,632.8957,707.6295,26.417611502832283
956,5,420.05347,805.82556,420.4743,814.49164,426.0214,813.5032,97.3235950530399
956,6,424.6736,275.71664,406.33856,292.60178,385.96103,311.43002,0.09278741380920028
956,7,455.21387,813.2513,454.96487,808.3675,454.11148,804.4327,9.318335986543218
956,8,582.03644,433.4258,585.25684,426.10587,583.78796,440.2353,162.1880449269118
956,10,329.13437,717.1125,349.12012,734.61566,373.6774,753.9315,3.024009147875096
956,4,623.25494,506.3811,638.9436,535.47784,638.9297,571.484,28.355242765186645
956,1,432.91443,795.57043,427.1409,796.3436,429.20752,798.49414,126.23265766945903
956,3,752.2574,698.16766,747.3863,704.0583,741.15686,711.71313,0.44936955579338983
957,2,676.4794,732.5863,658.1486,714.0064,634.64606,706.8481,28.447246636588897
957,5,433.153,814.6349,420.50302,811.22174,407.6359,801.5647,21.789332657487098
957,6,425.2067,275.36566,407.1469,292.44992,386.9117,311.2354,0.5381398315483229
957,7,451.95844,810.6389,456.61035,810.3546,460.14334,810.4534,5.099312252741125
957,8,570.1465,429.50485,584.7523,425.80032,591.2043,445.84692,86.391325949598
957,10,328.4787,715.963,348.44672,734.0562,372.1,752.769,3.8315477562752305
957,4,626.83636,507.88394,639.04443,536.48645,637.46545,570.7631,25.75117054465137
957,1,426.05966,800.14453,427.85086,797.54034,440.4039,794.8094,43.20558281607057
957,3,752.7063,697.3967,747.36176,704.29425,740.80115,712.91064,0.4845678561238727
958,2,677.065,731.7702,659.13824,713.2476,636.1473,706.2142,28.92647026193127
958,5,433.8204,814.18805,421.61566,812.5038,411.4039,804.61176,29.8409402127016
958,6,426.4817,275.23737,407.86548,292.0548,387.69012,310.8298,0.8471909430260578
958,7,461.08704,813.5905,456.92648,810.15735,450.78076,806.193,6.704053199450886
958,8,565.3506,429.32516,584.1377,426.45193,593.9744,446.53854,72.60350175599247
958,10,327.78232,715.11835,347.73257,732.6667,370.58524,751.50146,1.8402621842042761
958,4,631.9614,525.11804,639.88165,535.47046,633.90686,555.1184,54.33230293468326
958,1,426.97513,798.666,427.48013,796.10443,437.71616,796.5894,81.56007330401054
958,3,751.30066,702.01227,747.6265,703.76227,741.7728,710.69794,24.367072605837276
959,2,677.37665,731.08636,659.8401,712.8059,637.1459,705.62103,28.622286662870692
959,5,433.2922,813.18805,421.51196,812.7692,411.67477,806.0574,32.2692928242007
959,6,428.31238,273.94763,408.70105,291.27875,388.69208,310.73312,2.7268495798954797
959,7,465.7774,813.3971,457.21442,810.4782,448.34512,806.2111,6.86978368843986
959,8,564.543,429.0509,583.9561,426.48187,594.1795,446.4431,70.41863739668337
959,10,328.06866,714.4175,346.77924,731.7116,369.6141,750.41437,3.4281694170045602
959,4,629.3591,511.99063,640.4929,538.7518,638.3406,572.5898,26.22904950922351
959,1,429.03516,796.7956,427.01907,795.29144,435.58902,798.2802,162.50050782583372
959,3,747.6715,710.92053,747.39636,702.95416,742.3939,705.47595,114.77508580511929
960,2,677.6055,731.5681,660.7911,712.8646,637.7382,705.3148,29.910822705245135
960,5,409.8235,803.9903,420.0812,811.6655,432.86835,814.5174,24.232580563476763
960,6,428.84036,273.94495,409.72534,291.01242,389.82733,310.25897,2.2854186278929323
960,7,456.78314,811.8919,455.01187,808.9872,454.28824,807.83246,0.6996954274295021
960,8,563.46204,428.88004,583.4068,426.3205,593.8147,446.02283,69.46730615480054
960,10,327.4206,714.203,346.25757,731.6629,369.14325,750.37585,3.555452147721424
960,4,629.60785,513.2859,641.6187,538.13885,638.1618,571.9304,31.634491807059607
960,1,437.15637,794.4102,426.1297,795.7077,430.45758,801.2103,121.47446446050584
960,3,738.9773,709.84973,739.5172,699.15247,726.7948,710.69617,135.10848931949576
961,2,677.645,733.9646,660.37695,714.2291,637.14374,706.69214,30.84148425229926
961,5,409.43924,801.8509,420.14908,810.8985,432.75006,815.7821,19.0067056759439
961,6,429.05435,274.66183,409.64392,291.36636,390.709,309.6967,3.35543852958266
961,7,469.85898,818.553,454.1492,808.1444,439.2244,799.09894,2.307832003825972
961,8,561.34863,430.0129,582.42773,426.5089,593.73175,445.81247,69.08511164763459
961,10,326.8955,714.1578,345.4469,731.7755,368.42764,750.773,3.9417850676799384
961,4,631.2184,513.20795,641.4492,540.4472,637.45087,573.6124,27.46008177249858
961,1,434.09644,794.86053,426.23956,795.62744,432.16122,801.2691,130.8121475049652
961,3,729.8312,708.6175,732.2354,702.77673,721.51196,713.37897,157.04790228241535
962,2,677.9042,736.9033,661.2926,717.4326,636.65454,709.25116,31.161042485181294
962,5,409.20728,802.19037,419.91397,811.012,434.38953,813.2399,30.736779028071716
962,6,430.69827,272.50797,411.62378,288.62283,391.59625,308.2201,4.185491921411172
962,7,472.01102,819.1498,453.5182,808.3397,436.27853,798.6393,0.9425307061990166
962,8,559.2117,430.46234,579.9459,427.7951,592.30756,445.54242,62.47164109569936
962,10,326.9539,714.4665,345.08032,732.4989,368.76468,750.3891,7.785127324403708
962,4,631.6617,513.696,640.2759,542.2181,637.722,576.65155,21.047077839719417
962,1,423.42117,803.54315,426.89404,796.9747,443.91473,792.33575,46.88837466529887
962,3,724.4228,704.7517,723.3469,711.50714,708.6304,722.1534,45.068386992388874
963,2,678.62024,738.66046,661.1639,718.908,636.0277,710.04877,29.11609985812127
963,5,407.79596,806.2708,420.78735,811.06714,435.73642,810.7999,21.287802689508442
963,6,431.82535,271.21994,413.1243,287.25592,393.21664,306.86377,3.952550787670497
963,7,471.7546,817.583,455.25156,808.5586,439.8753,799.8662,0.8086666109849003
963,8,558.4351,431.03598,578.7564,427.94962,591.86426,444.7191,60.62304777331263
963,10,325.18967,714.52625,343.24295,732.0852,367.85147,750.0307,8.10377413335311
963,4,630.4803,512.1074,638.9037,541.3399,637.2535,574.57227,18.917224290844672
963,1,422.52975,803.2724,427.11832,796.8501,443.55856,792.0822,38.28237875776276
963,3,733.9046,709.3845,733.9196,701.7788,722.0384,713.8896,135.66129329460648
964,2,678.7295,741.04626,661.8539,719.987,636.94684,710.62555,30.69443610899642
964,5,412.8681,806.9974,420.7561,811.7315,433.08344,812.06116,29.439047523041452
964,6,432.35165,270.56082,414.0287,286.24966,393.85074,305.7906,3.5097263411991886
964,7,464.748,811.3507,456.91788,809.27527,449.16513,808.11084,6.303660235377864
964,8,556.922,431.57037,577.4657,427.31296,591.57574,443.21158,60.11897838680254
964,10,324.56976,714.13116,343.40518,731.2769,367.78625,749.7283,5.193275946388185
964,4,629.36847,516.18384,638.32245,543.09503,636.84985,577.5312,20.852141936586317
964,1,421.32672,804.90436,426.7186,795.81104,443.91592,791.83765,46.324503738725255
964,3,725.8743,713.59436,732.75085,702.6028,729.3868,710.039,172.31070758716916
965,2,678.22766,742.2286,662.38055,720.49585,637.22235,710.7754,32.77595680907068
965,5,410.74316,807.7293,421.0339,810.5749,434.12778,808.3465,25.115511949851822
965,6,433.35962,270.34088,415.22885,285.52798,394.11334,304.67654,2.2522930698890584
965,7,462.59894,807.7252,456.08032,810.3581,453.84106,807.86707,70.04051985729792
965,8,555.76166,431.20572,575.53625,426.6658,591.48645,441.10663,55.08682370892028
965,10,320.44986,710.51196,341.2648,729.3657,367.31625,749.53485,4.4225284446501165
965,4,637.6293,545.69165,638.14703,543.3187,638.1241,550.7207,167.86888002399974
965,1,419.76154,805.8977,426.93594,796.54443,443.9093,789.2464,29.243799727692487
965,3,721.2531,716.8943,734.56744,703.6682,746.3014,706.2572,57.251914766317995
966,2,678.66187,743.2597,663.20795,721.1388,638.1875,710.74725,32.50722901198108
966,5,410.42572,802.75287,421.07297,808.1645,435.51044,812.14905,11.51380570885218
966,6,433.39966,269.83258,415.4022,285.2005,393.98038,303.95078,0.7016503021699302
966,7,464.46088,812.7582,454.10483,806.53516,445.25763,802.3235,5.545351128408192
966,8,555.22015,430.15143,574.3032,426.42755,592.14514,438.73993,45.65078805880141
966,10,320.94424,710.87494,340.97372,729.15265,366.87897,749.00806,4.912866969148027
966,4,645.05896,578.67944,639.2792,543.90076,631.69165,514.8904,5.221496459871816
966,1,422.84708,805.341,427.1438,795.89343,442.90027,788.30164,39.818384790885275
966,3,714.79596,722.73737,727.9359,708.1081,745.1716,707.7921,47.019673404113355
967,2,678.7134,745.82574,663.89526,722.52747,638.3472,711.25604,33.73654972377315
967,5,407.75146,805.4921,421.88126,805.71,438.8169,805.59955,1.2572548569279975
967,6,432.86462,269.56335,414.64688,285.15887,393.8895,303.8056,1.3684501322777551
967,7,433.60318,795.64136,452.8043,803.9533,473.1469,816.7021,8.668208605652692
967,10,322.07855,711.27905,341.11624,728.8314,366.13275,748.5401,4.443427387627851
967,4,644.7562,582.05835,639.76526,545.7417,631.8167,514.4276,6.417654439192105
967,1,438.2115,785.36664,425.57672,794.52625,420.56055,805.65234,29.791556580913635
968,2,679.3666,746.5943,664.7777,722.8933,639.69183,711.29736,33.57736694511727
968,5,419.2076,816.19446,426.7096,811.89197,440.7033,810.0785,22.45092463954233
968,6,432.84766,268.38824,415.02036,284.59418,394.20355,303.44702,0.10279207254188717
968,7,432.45892,795.2611,452.4832,803.71716,474.96753,815.7517,5.263656003385521
968,8,552.8166,431.44006,572.3409,430.0021,590.3888,438.83597,30.292449434092077
968,10,320.5739,710.9067,340.1589,727.9429,364.4946,747.6118,2.0723544847008806
968,4,646.89966,583.5944,640.1695,548.8751,634.1261,516.8719,0.27553639103081884
968,1,419.5223,807.01556,424.4256,794.8061,437.0861,784.5092,28.9980257638633
968,3,719.4983,721.58966,729.4745,707.34863,740.8833,704.09766,39.08272950608319
969,2,679.51,746.0706,665.43463,723.0886,641.13434,711.5687,33.15056887666093
969,5,417.3031,813.5799,424.33002,809.3401,434.5376,808.1173,24.274407267110067
969,6,433.46143,267.54587,415.84406,284.21054,395.25574,303.09424,0.8807117346402176
969,7,449.09506,801.4925,451.3071,803.2423,454.48126,808.5026,20.546977123824266
969,10,319.91827,708.6467,338.77298,727.005,362.86252,746.5495,5.182360738098113
969,4,646.96344,584.9595,640.6995,550.7513,634.7141,518.12787,0.03956468264845247
969,1,437.2007,784.38684,425.03424,794.4978,417.18246,805.53564,14.845504723647057
969,3,720.72046,721.0518,728.9054,706.53864,739.2819,695.7696,14.515065275809162
970,2,681.15106,746.3653,668.2889,723.60236,645.069,712.46655,34.90996789893337
970,5,408.24734,799.3106,421.129,807.3288,433.12988,813.4816,4.75608714076163
970,6,434.23978,266.6417,416.03177,283.8074,396.452,302.761,0.7569224366742412
970,7,442.79236,800.1917,452.645,804.2769,462.0395,811.1224,13.559181779766991
970,10,319.53036,707.9834,337.95938,726.4218,361.3787,745.27313,6.182313007680585
970,4,640.1489,555.8225,639.9068,553.4455,641.10614,564.0346,179.35380708247334
970,1,436.66315,785.0691,424.77853,795.0268,417.16525,805.91626,15.082526516342384
971,2,682.2492,746.4193,670.3627,723.5,648.1091,713.3513,38.072405814007396
971,5,408.12695,801.239,423.12964,808.5788,435.8627,816.45264,5.66237020906524
971,6,435.98987,265.15527,417.11,282.41953,397.15363,301.86588,1.8179000909240197
971,7,460.73862,811.7768,453.72998,805.0076,443.6618,800.1939,18.451212466351095
971,10,318.7556,707.0378,336.85202,725.46375,359.7736,744.11194,6.386414396636969
971,4,645.35535,581.03766,638.17664,556.1969,634.1364,531.40845,6.861584643300073
971,1,436.89697,785.0842,425.4231,795.71576,417.41772,806.88855,11.560438177137229
972,2,683.6085,747.6489,671.7219,723.4114,649.9712,713.50543,39.38975502451722
972,5,415.30353,802.76855,426.40973,808.6513,437.3377,819.6003,17.14565344281492
972,6,438.76657,262.5129,419.63568,280.93784,399.2792,300.93655,0.5688951365682918
972,7,441.1669,799.1878,453.14734,803.6437,462.93277,812.5447,21.888600133973632
972,10,318.41922,706.39496,336.0146,724.08466,358.77066,742.7574,5.78221565322783
972,1,437.67703,785.0733,426.2774,795.77875,419.21747,807.0405,14.715374966097244
972,3,718.8463,724.7756,728.48615,713.118,744.1665,707.6126,31.066005328073878
973,2,683.84906,749.511,672.07874,725.5191,651.6309,713.08673,32.567790645473444
973,5,415.0708,802.1119,427.32248,809.90924,437.23727,822.4571,19.211672313538326
973,6,438.54102,262.3677,420.28134,280.38702,400.3003,299.90677,0.28939100670166956
973,7,445.00394,801.6587,453.24936,803.8144,458.9086,810.36255,34.51323882468285
973,10,318.14462,706.43945,335.01266,723.6997,357.8158,742.4239,6.268227491852903
973,4,638.34875,517.94684,640.93335,552.0034,647.4953,591.29895,5.140451093107983
973,1,437.54477,786.87335,426.89786,796.48737,419.8742,806.13434,11.861259638296161
973,3,701.3236,724.35254,708.8802,725.76263,709.11755,727.6353,72.20607112964633
974,2,683.5947,750.3563,671.16724,727.3867,651.38715,713.29736,26.122538447118227
974,5,414.99857,801.18225,430.4025,812.36554,440.1428,827.0913,20.53778975498438
974,6,438.16187,262.60275,420.2464,280.07205,400.6592,299.16025,0.03426402009603798
974,7,459.63248,811.4461,453.36832,804.3518,444.06668,801.6456,32.334389173801355
974,8,544.0479,432.20224,565.8395,429.47754,586.74176,436.78802,26.40404492959935
974,10,316.5255,706.65796,333.31985,724.9839,356.5679,742.4228,10.622638031592876
974,4,647.59515,589.00714,641.7529,553.9835,638.8295,522.67053,4.136401205784078
974,1,437.72916,784.4027,426.4852,797.47644,424.9074,808.4115,32.48652563790166
975,2,674.808,743.6413,669.4394,730.10144,657.90906,723.60333,38.96738343549561
975,5,416.32098,802.86487,435.95166,815.27325,449.81375,833.8385,20.955809542740734
975,6,436.94543,262.8373,420.4666,280.10196,401.65738,297.9753,2.795613781454213
975,7,462.16995,813.65643,452.91602,804.79736,439.5539,799.10645,20.682027585295952
975,8,543.8882,432.17776,565.7865,429.0906,586.4297,436.6561,28.151819082647457
975,10,315.85623,706.014,332.77142,724.8328,356.8057,742.28357,12.066859246409496
975,1,437.35742,785.07794,426.83173,797.81683,426.9919,808.69904,40.409050004378415
975,3,716.9951,729.48157,728.472,713.3468,741.737,709.71686,39.27106027961105
976,2,682.503,753.6607,669.439,731.1583,649.3614,716.09753,22.98770593877887
976,5,427.03085,805.06494,441.6601,816.91516,453.4938,834.6889,17.33567039872692
976,6,437.8602,262.38956,420.89185,279.38287,402.02472,297.346,1.4482085985336743
976,7,436.90714,797.74084,453.27994,804.16534,464.7353,815.67346,23.707196338737578
976,8,544.6814,431.4007,565.6769,429.6254,586.0515,436.09155,22.44072791697471
976,10,315.00055,705.7504,332.51974,724.47565,356.75916,742.30524,10.569019423344148
976,4,648.03033,590.075,641.28644,555.8673,636.9244,523.5672,3.4614750626187005
976,1,427.36765,805.7939,426.9931,797.1251,436.51944,787.0346,45.826615604681756
976,3,717.09576,730.7273,727.823,713.0493,739.9181,709.8718,44.03055673531965
977,2,683.2913,755.596,670.2538,731.81976,650.0685,715.93976,23.0696106330348
977,5,451.427,834.6515,451.12518,819.67834,441.04132,813.28436,56.46723479210351
977,6,438.55377,262.58752,421.3293,279.2448,402.3105,297.0993,0.8499580917804045
977,7,459.57443,812.7768,451.9903,804.3051,439.7297,800.47864,30.831084133813615
977,8,542.13165,431.46097,564.07465,429.54367,585.7912,435.34637,19.953658451303752
977,10,313.9186,705.6421,332.29187,723.85944,356.34006,742.14935,7.500983478289925
977,4,647.4822,593.1307,640.9362,558.84,637.3172,526.98755,4.325493901424271
977,1,427.14972,806.6837,427.78964,799.026,436.3898,788.06476,33.340762267763004
977,3,737.2397,718.76984,727.4414,713.05,720.61383,727.23285,94.56870837445311
978,2,673.20496,743.3313,671.80115,731.7368,664.6811,725.8526,43.52518985679171
978,5,461.68356,823.8753,461.31924,818.05426,462.37354,816.3991,36.077410819979484
978,6,440.2215,262.18866,422.2873,278.58478,402.66483,297.02652,0.7883269195167886
978,7,461.7685,816.1921,450.74835,804.1351,434.77124,797.28485,24.365251515742365
978,10,309.54022,702.3081,330.76154,722.0231,355.9913,742.2628,4.155484900720219
978,1,420.52676,801.0013,427.5333,805.5401,437.3107,803.118,46.848663758817075
978,3,745.20654,713.06195,727.08356,714.62225,716.168,732.94666,54.29772044887683
979,2,684.4523,757.004,671.84784,733.20123,653.2976,716.77045,20.56440674948483
979,5,474.32013,822.7635,477.23724,822.67523,475.1344,825.40985,129.2922036269329
979,6,442.45065,261.50348,423.58087,277.82745,403.44644,296.9852,2.713537053208578
979,7,462.1197,816.46277,450.7944,804.02344,434.64084,796.8054,23.607074436718122
979,10,306.69235,700.68774,329.0066,720.04755,355.26984,741.94824,1.1204739976456768
979,4,647.47406,597.0258,641.4208,560.804,636.75885,528.12646,1.368164101306388
979,1,415.5013,800.1388,429.54538,811.5609,441.03918,823.357,6.621934985228732
979,3,745.2359,713.4886,727.00385,716.1035,716.0627,734.0236,50.43177607929697
980,5,484.19635,815.8551,497.8841,821.4499,508.18158,826.6745,4.669799137979594
980,6,443.53613,260.9488,424.3433,277.11398,403.9935,296.8872,4.070925658300917
980,7,461.9955,816.2727,449.792,803.65656,434.14423,796.2961,20.76087420950444
980,10,307.29498,701.0984,328.73782,719.6714,354.5934,741.37933,0.8820438187623479
980,4,640.41223,553.4686,641.4203,564.1099,645.6325,582.69904,7.355914263964603
980,1,416.3425,800.13885,428.74176,812.52875,439.7418,824.5687,2.6059426616257553
981,5,519.3885,816.96857,514.34265,821.13324,526.4442,827.5086,112.68358689204662
981,6,443.15405,260.27496,424.23474,276.98822,404.51776,296.76633,3.6314084300273057
981,7,435.46973,797.75854,449.13736,803.1462,459.2824,815.3794,28.81712529563317
981,10,310.47653,703.2274,329.7133,720.99695,353.70056,740.9027,3.0420168440078044
981,4,642.00745,561.12854,641.7354,565.03796,645.33826,581.32086,16.457004205373693
981,1,416.87216,800.2978,429.52908,812.8641,440.58228,824.89795,2.6381175146549167
982,2,656.9476,717.778,674.4061,734.4551,685.3662,755.71643,19.040693261342913
982,5,529.97906,817.1796,527.7738,821.13196,536.87604,827.2052,85.44774428028917
982,6,442.743,260.19943,424.12625,277.2735,405.07993,296.70963,3.0553729450365945
982,7,434.7431,795.9119,448.9695,803.1352,459.4572,816.71826,25.4091412253746
982,10,309.0927,702.4199,328.77475,719.60284,352.04153,739.5544,0.5086040778529651
982,4,638.125,537.78656,642.21375,569.74854,647.9292,601.8587,2.802537170201885
982,1,416.9865,799.8502,430.90256,813.06464,442.26373,826.3269,5.89627845206443
982,3,714.9997,738.43085,724.7722,720.4458,742.9119,713.65295,40.952084786995066
983,5,518.4698,817.4465,516.2854,822.54047,520.30273,826.59656,67.93538475657463
983,6,444.84155,261.78265,425.05814,277.23682,405.6133,296.88867,7.307637447588696
983,7,434.69388,795.4177,449.6422,803.62555,459.1034,817.3909,26.72831163602704
983,10,304.53488,699.68726,326.9649,717.0902,350.79996,739.0481,4.84553289711652
983,4,647.3483,599.67334,641.7796,567.1289,638.6985,541.0605,2.9693314910030364
983,1,416.8877,800.576,431.04022,813.2246,442.479,826.53265,7.531373261445173
983,3,738.52875,719.32336,724.9576,719.7602,722.135,733.7836,76.77622884011761
984,6,449.1134,264.58835,426.77032,277.09088,406.23068,297.30707,15.315201690677393
984,7,461.79288,816.8627,449.41754,803.28345,434.35638,795.8712,21.451993419836857
984,10,304.46902,699.89075,326.1499,716.6047,348.326,737.47406,5.6323857864099445
984,4,647.98584,596.43536,642.89545,566.918,639.43256,542.9832,1.5521735133033023
984,1,416.7765,799.8034,431.16663,813.0683,442.88013,825.9782,5.111707741226087
984,3,721.99457,734.8513,725.31006,720.1024,739.67883,717.79944,68.22502527704712
985,6,449.4725,265.10715,426.86362,276.8623,406.75296,297.0146,17.58773827935049
985,7,462.66104,816.91815,449.27863,802.79565,434.0805,795.4127,20.63177472386866
985,10,304.145,699.49664,324.99536,715.9506,346.6337,735.87726,4.3632286205997035
985,4,643.6936,583.8846,642.0789,569.49133,641.1053,575.04156,163.64940117102134
985,1,416.56927,800.2218,433.10736,813.93115,445.6555,829.72876,11.882474942176549
986,5,462.7915,807.8376,459.19073,808.3067,454.41473,813.7042,41.073154155409696
986,6,451.35693,266.25613,427.7951,276.47534,408.4519,296.95407,23.186083301486853
986,7,462.8031,818.0826,449.56058,802.6078,434.26068,793.7842,19.47230596388583
986,10,303.7109,698.94525,323.50232,715.3956,345.22595,734.9772,2.2983138513239516
986,4,637.0622,570.01764,640.0372,571.46466,647.68616,573.2261,12.970150472337226
986,1,416.3914,801.19476,435.30975,814.22675,452.36905,830.9072,9.795608224726639
986,3,741.60114,715.42993,723.79,722.50903,714.9443,740.735,42.435550546007114
987,5,424.62338,804.0049,431.11047,803.2432,436.53522,796.18494,45.758916151094965
987,6,453.6605,267.4207,428.71017,275.53723,409.7077,296.44592,29.71431004455111
987,7,453.60324,818.49774,449.96368,804.0,436.13812,791.1041,32.900143508247496
987,10,304.35513,698.5472,321.5475,714.9694,344.251,733.646,4.245885688817973
987,1,434.51498,813.58026,435.68756,813.29553,429.78543,809.12463,131.103451190821
988,5,431.19385,810.2182,433.62268,809.26166,434.29337,801.6199,63.48833987546759
988,6,453.2489,266.4211,429.16315,275.02527,410.90668,295.17294,28.160974154356467
988,7,457.84888,824.21643,452.06537,813.6345,443.31152,800.6338,5.2950929988081805
988,10,302.76608,698.0518,320.8437,715.01855,344.02884,733.16187,5.139764960068132
988,1,438.5656,816.01,434.17624,813.90625,421.4027,802.56964,15.981629334360017
988,3,723.8927,734.1107,721.24866,726.20703,723.11176,733.2726,176.2752166407219
989,5,428.93085,806.77167,433.07742,808.9643,437.08875,807.2584,50.90730575852118
989,6,452.53522,264.27502,429.01926,274.32407,412.08997,294.1749,26.403200163862937
989,7,483.1084,817.1917,461.35056,822.9205,443.3225,829.15247,4.318515228970798
989,10,301.79486,697.5666,320.28687,714.3775,343.51575,732.7256,3.969113433168156
989,1,420.25327,803.5989,433.40588,812.80396,439.24506,818.12555,7.357887850651032
989,3,718.88934,740.1647,720.5342,728.2427,728.23254,727.60205,77.38774151545252
990,5,416.85968,799.1188,432.3412,812.27985,444.1478,823.685,3.6406706856004942
990,6,453.5878,263.0192,430.90213,272.83337,413.0346,291.87564,23.428889651843576
990,7,479.6188,818.29254,461.03683,822.85266,451.0086,827.2555,9.915361441470111
990,10,301.03113,696.8228,319.60956,713.918,343.18417,732.3786,4.555737645350465
990,1,422.97543,800.59845,432.6662,814.1094,439.65808,820.1393,13.574904582374929
990,3,718.61554,739.8768,719.94806,728.91675,728.73773,727.78625,75.73907585538001
991,5,420.98773,799.50964,431.45786,812.7954,438.99573,820.91425,4.634302618341645
991,6,453.359,262.08356,431.46497,271.73114,413.48566,289.89584,21.51326980729346
991,7,481.912,817.55286,462.23413,819.59064,445.74805,828.15076,21.527522936458553
991,9,466.11188,377.43982,456.07257,396.31467,444.4712,416.0723,2.412812986616904
991,10,297.7663,694.8335,317.98434,712.742,342.78937,732.26697,3.3259602549394334
991,4,647.19037,607.3197,643.0872,571.5978,638.0918,539.9546,2.4186466073311945
991,1,416.5116,798.41614,432.01984,811.2987,443.0023,825.1564,11.88642171358205
991,3,715.8274,743.97314,720.2329,729.73926,732.379,725.4066,53.17040521035778
992,5,421.42447,804.3817,432.51773,811.1316,435.64868,815.7557,24.579109637452465
992,6,455.0674,261.14337,433.35294,270.81424,413.71152,288.56766,18.103173700677996
992,7,479.81238,817.8058,461.73245,818.9838,450.1042,827.457,32.351643806310115
992,10,297.05957,694.49176,317.33133,712.26086,342.02994,732.1283,2.4230126113375015
992,4,647.7285,609.47375,642.4138,574.3582,637.92505,542.88086,0.4905875999576624
992,1,425.4649,805.8949,430.60962,809.43774,434.25238,810.7374,14.917139630709908
992,3,732.6861,724.963,721.2404,732.0165,716.3941,746.5546,39.92042105950393
993,5,417.30933,795.319,430.53238,812.91376,436.33932,823.4803,8.134604405695313
993,6,455.17078,261.07742,433.55505,271.7729,413.53766,288.6704,13.842908338086122
993,7,480.4648,818.59485,462.17035,819.0366,452.8329,826.6291,37.731915943655544
993,10,296.98627,693.91626,317.12473,711.7534,341.7594,731.8612,2.3094428006529157
993,4,647.56396,610.4264,641.6987,575.5598,637.40076,545.61334,1.3815435548050448
993,1,415.3406,796.30914,430.83664,810.7838,436.43652,824.83026,25.216164319490236
993,3,736.1723,721.8422,720.754,733.54956,711.433,751.69257,25.598016810748362
994,2,708.66504,743.6171,696.7844,754.30365,693.19916,770.11646,35.25406353823386
994,5,421.32077,804.8435,429.08618,812.75397,430.09116,818.56036,34.6503523497285
994,6,455.78842,260.7033,434.34586,272.9696,414.52258,290.07864,11.024891323606928
994,7,476.17374,817.1647,463.15204,818.93695,456.10953,828.71826,46.49580216659485
994,10,295.88013,693.38763,316.18607,710.8263,340.54465,731.19104,0.7587298874460644
994,4,639.10834,544.9095,642.4233,578.6803,649.6317,613.6953,6.0266224529908206
994,1,428.02673,811.94977,431.8201,810.68097,421.0159,809.68805,156.25522059078008
994,3,735.5818,722.57654,720.24524,734.02625,710.47235,751.21796,23.639604238323585
995,2,699.8219,755.64087,695.62317,762.6675,686.8414,770.3221,18.062882838335888
995,5,420.2209,807.6475,429.4339,811.8528,429.03818,813.91113,76.34820463332757
995,6,456.4193,261.0573,435.7891,272.85394,415.51572,289.98807,10.44146292180142
995,7,466.4851,812.3832,456.23035,818.8684,449.69925,829.24316,25.499113701859073
995,10,295.28217,690.93225,315.10516,709.6477,338.913,729.2989,3.8173650872375706
995,1,424.85184,807.21893,431.3273,810.2024,422.97803,812.2502,141.48225036921897
995,3,734.9954,722.846,719.06415,734.7311,707.51544,750.8007,17.572756881582006
996,2,701.728,759.0828,695.56006,760.2197,687.277,769.5524,37.966153759592764
996,5,428.94452,827.2057,431.27768,812.6568,421.40875,799.78424,46.58684995178252
996,6,458.39813,260.87735,436.35797,272.68307,416.43808,290.33157,13.364557933954082
996,7,469.58246,809.0765,458.25482,818.88403,448.67474,831.78204,12.510377884225253
996,10,295.36142,690.4929,314.02182,708.9441,336.46005,727.24835,5.470705590645611
996,1,424.0738,795.87354,432.7187,811.00793,427.6719,826.3766,47.914608210736645
996,3,733.65894,723.53357,718.08844,736.2319,705.48553,751.91815,12.021901671663707
997,2,707.6936,744.65717,696.71405,754.0102,689.3256,764.4037,14.165782350151078
997,5,423.1559,810.1561,429.3533,812.3388,430.09772,813.3147,33.26148672195792
997,6,458.8144,259.52106,437.12973,272.26434,416.6855,289.62442,9.89479341392643
997,7,446.2188,827.1865,459.24057,816.57367,470.8741,808.58636,4.707858738187903
997,10,293.07562,689.652,312.60806,707.6791,335.38022,726.0143,3.8652829776219537
997,4,641.7828,556.6977,643.10297,582.4481,649.08966,610.42975,9.141531076275712
997,1,426.24557,815.18567,431.52386,810.60297,426.49667,804.686,89.38679087857429
997,3,732.25775,724.522,716.8568,736.6573,705.1966,751.75653,14.086610296096852
998,2,694.08856,771.592,682.9094,749.5607,670.7741,730.25055,5.2426932425705015
998,5,432.64102,819.0764,432.84735,810.28864,422.533,798.5287,42.59820799068682
998,6,459.74948,257.90533,438.19836,271.72217,416.9123,289.22318,6.761670372461556
998,7,452.83838,819.4146,455.59262,817.8071,456.94937,815.07776,33.2988594013797
998,10,291.87653,688.8045,310.97903,706.2487,334.3731,725.15216,3.462153745827488
998,4,643.6089,565.62335,642.9865,582.7211,647.9077,606.5576,13.74990969827433
998,1,444.31577,824.8722,444.61887,805.7209,433.21732,789.4264,35.887893241286875
998,3,730.8143,726.3177,716.1692,737.7919,705.3197,753.70404,17.634299563706776
999,2,694.4884,766.5304,683.3742,751.10315,675.98486,735.4665,10.476191630488074
999,5,433.36493,820.7475,432.86447,810.1673,422.00464,797.6083,38.14194347129907
999,6,459.7467,256.7774,439.0866,271.11612,417.526,288.3426,3.862242124793724
999,7,465.34387,800.6815,456.6379,815.89,448.3011,829.6702,1.3850801672390336
999,10,292.07785,690.0276,311.0389,706.54755,333.02405,724.3871,2.0071086141242263
999,4,647.6379,597.40436,643.4322,581.9564,641.93677,572.972,5.779672778506307
999,1,446.60043,819.7485,447.54327,802.807,434.7795,788.2517,44.43339830101156
999,3,729.7484,725.78735,715.0783,738.7369,704.3799,756.0447,16.843320855699083
1000,2,697.47504,766.8441,683.83545,750.8438,674.8587,734.12067,12.219935278655846
1000,5,435.80634,819.50195,432.81766,810.52966,423.36734,798.7465,20.30735425311813
1000,6,460.3964,256.571,439.4633,270.60797,418.0535,287.43002,4.313024079812918
1000,7,465.96265,802.9695,455.40775,817.01056,443.5237,830.0399,5.435018931589896
1000,10,291.64166,690.32306,309.85538,707.2439,332.7353,724.4692,5.918079645679538
1000,4,645.15826,569.9341,643.7639,584.17053,646.4367,601.42,14.401742643836506
1000,1,447.67355,819.8517,447.88947,801.3081,437.1024,788.8021,41.44661793955778
1000,3,729.7453,725.69836,714.60724,737.83984,704.38916,755.45,21.144740035340384
1001,2,701.01447,768.23413,684.0608,750.95166,672.50073,731.297,13.987487054149451
1001,5,438.40778,824.4935,432.5211,811.81885,420.36884,798.23584,16.90565176116313
1001,6,460.57452,255.99709,440.08423,269.65598,419.09814,286.26364,4.669379642234184
1001,7,453.61398,816.5654,453.6603,818.76544,452.27667,820.95465,33.50023856439644
1001,10,291.33612,689.6706,308.5335,707.14197,332.6292,724.9618,8.96828180159946
1001,4,640.617,555.6809,643.41754,586.48303,652.16504,618.60187,10.039832989448385
1001,1,446.5685,822.15845,447.13147,802.4704,433.59647,787.7345,44.20549647064069
1001,3,729.21,725.8205,714.3865,738.0623,704.69293,755.246,21.020902424102168
1002,2,702.02057,767.2521,684.3959,751.2784,672.373,731.6286,16.352466924117014
1002,5,429.80988,811.14105,432.47626,810.3811,428.0367,805.9,118.82508719482826
1002,6,460.7561,255.70596,440.87814,269.01752,420.54916,285.1837,4.683872404315394
1002,7,468.2513,803.03265,455.0856,817.25696,442.04474,832.1642,1.6070558964322763
1002,10,287.14575,686.94196,307.0863,704.802,332.22018,724.3113,4.030606065060908
1002,4,641.1704,568.7511,644.58295,591.18463,653.1362,621.79315,6.963199084268164
1002,1,449.0698,821.87695,447.45407,803.2017,434.1218,788.011,36.32733360862315
1002,3,729.20416,726.3484,714.2489,738.71765,704.1896,755.1919,18.997738038821087
1003,2,703.1175,766.98004,685.1356,750.7862,671.6135,731.3171,13.213341830327069
1003,5,427.11032,815.9117,432.0042,809.0024,430.68268,805.25726,54.746439122965334
1003,6,461.62735,255.26668,442.08463,268.07068,422.16608,283.80945,5.082262593336493
1003,7,465.91898,805.44696,454.4201,816.40265,447.89328,828.812,18.64316866098362
1003,10,284.32867,685.6481,306.1463,703.78955,332.38083,724.11896,1.9712960805800144
1003,4,640.12286,553.93463,642.74133,587.56824,654.23224,619.3091,15.44972703079314
1003,1,449.73248,818.833,446.54105,801.9775,432.53818,788.2007,34.74478204392033
1003,3,730.5104,727.4196,715.1634,739.2345,704.3214,754.22095,16.52516986920832
1004,2,699.89874,759.5556,685.919,751.24854,676.66516,737.3703,25.58539862566042
1004,5,438.9676,822.7749,431.28574,809.814,419.1937,795.926,10.390461235231886
1004,6,462.88986,254.65225,443.46185,267.2408,423.3578,282.44302,4.154070802761532
1004,7,471.99402,802.45135,456.12238,815.167,444.5619,831.15607,15.432077187173848
1004,10,279.39578,682.75275,304.082,702.0983,331.763,724.158,0.46938920143871765
1004,4,640.1194,555.19275,642.8659,587.8876,654.3175,618.95276,15.433655699991359
1004,1,461.568,816.8504,447.45682,805.10803,431.48706,791.6854,0.2818552568026587
1004,3,730.4933,727.4731,714.8656,739.78815,704.1427,754.92645,16.449842094761316
1005,2,694.5831,754.42865,686.24677,751.6611,682.5576,741.9117,50.90788657935924
1005,5,431.73608,818.0163,431.40585,811.4548,425.90677,806.7274,46.4344161547451
1005,6,463.66367,253.95227,444.91684,267.16913,423.1794,281.71423,1.3968976140565905
1005,7,468.43597,806.3589,458.374,814.58997,449.9295,822.458,3.6917816964690227
1005,10,280.10388,681.96136,303.88965,702.09424,331.7695,723.84283,2.2882429913731053
1005,4,642.8993,564.7428,643.47766,588.5149,653.68353,614.2947,20.20423416905948
1005,1,460.1003,813.40924,449.3423,807.116,433.41074,794.6384,7.741389507350297
1005,3,730.633,727.9248,714.9762,740.587,704.3035,755.5992,15.626144616529523
1006,2,674.8226,734.5846,686.44714,752.39496,704.04877,760.5114,32.112712511833344
1006,5,438.2025,823.3608,432.13995,812.8074,422.1515,793.7642,2.1980231917147974
1006,6,464.39163,253.5377,445.35944,267.12143,423.2136,281.49442,2.5321911585347947
1006,7,473.53714,801.0905,457.21198,814.66266,444.70383,829.36444,9.870239059193212
1006,10,286.65738,685.5637,305.92596,703.90125,331.26492,723.1129,6.41282521497566
1006,4,642.33716,561.3498,644.8144,589.1897,656.35156,618.6827,16.279761269643988
1006,1,459.50653,817.4704,447.1759,808.01575,431.84653,794.1605,4.628804486968824
1006,3,730.64844,727.6428,715.0698,740.66705,703.499,754.8586,10.911848798467549
1007,2,673.48096,735.5038,687.31226,752.2594,705.676,761.8506,22.883701407958867
1007,5,432.7585,808.74414,432.20117,809.9363,430.4705,815.96826,9.047654513979621
1007,6,465.02985,252.91258,446.09436,266.89337,424.04962,281.53833,2.8426911050981842
1007,7,473.51172,802.13965,456.48553,815.84247,443.7764,832.34906,13.578352473801548
1007,8,555.0119,432.13202,532.50287,434.2123,511.06674,441.0016,12.293804785025623
1007,10,288.50278,685.8539,306.2815,703.64484,330.92487,722.53534,7.547536600449713
1007,4,641.83514,559.96027,644.51794,590.24866,656.89154,620.17474,17.401931130547297
1007,1,459.73312,821.0149,446.40802,809.5383,431.80426,794.9762,4.180810176794022
1007,3,703.02295,754.7997,714.6847,740.7148,730.2489,727.83484,10.767608879189567
1008,2,674.1172,736.6069,687.27484,752.7676,704.58435,761.1097,25.11719351787193
1008,5,422.0918,795.74774,431.1467,811.7747,438.19217,827.33716,5.108218549113573
1008,6,465.68402,251.57434,446.9894,266.39697,424.55157,281.3964,4.648061698687306
1008,7,474.46765,800.5533,456.91922,812.485,444.21817,826.59265,13.790512890688188
1008,8,553.2051,432.12372,531.3566,434.5106,510.63562,441.39975,12.155893746385601
1008,10,290.32053,686.9526,306.58826,703.574,331.0099,722.044,8.515945131419434
1008,4,652.07355,604.343,644.5859,590.4697,646.8585,586.5477,58.447172072663136
1008,1,447.67105,820.523,446.64743,802.09784,432.38446,787.99036,42.13418390095886
1008,3,702.46954,755.2381,714.0597,740.79736,729.9988,728.1146,12.740166891124334
1009,2,676.2283,738.7304,687.36444,753.61993,701.9098,758.45056,34.834719328013634
1009,5,423.90738,799.3244,430.5895,811.1378,435.58295,823.6149,7.682500129927334
1009,6,466.0115,250.693,447.4264,265.91147,425.22113,280.6164,5.7988355542609735
1009,7,477.48337,801.5558,461.69272,809.2112,451.74216,814.79974,3.455530905529402
1009,10,291.97507,688.57086,307.3519,704.13995,331.05692,721.9696,8.407445182497932
1009,4,656.8709,623.84125,645.1373,590.9282,639.7572,558.90063,10.085530345715917
1009,1,450.0913,819.6532,447.1816,802.0576,432.973,787.95197,35.81859559759856
1009,3,702.81573,755.4919,713.74457,740.6105,730.0669,728.46924,17.063188828680012
1010,2,683.46564,746.0899,687.03253,754.1918,692.9365,751.8817,87.6071735335011
1010,5,434.7684,816.0565,432.5859,813.5021,427.54288,804.28595,11.822984201786308
1010,6,466.10394,249.9521,447.99707,264.9944,426.07983,279.67618,5.901030446200083
1010,7,476.8327,801.29,462.0262,808.2692,451.24908,814.6375,5.3416274732438085
1010,10,289.5603,686.12,305.68552,702.8854,330.5945,721.7308,9.005011648646779
1010,4,657.40454,626.4618,645.00977,591.80023,640.442,560.5648,11.35702321220815
1010,1,450.29318,818.9105,448.75217,801.5878,433.48752,789.1781,45.80625201543162
1010,3,703.1546,755.23737,713.9263,741.04456,729.84406,728.8932,15.44570111039376
1011,2,693.8055,754.1982,686.4016,755.1959,683.31396,744.72925,81.2389675828515
1011,5,439.68594,832.99695,434.11438,817.00574,426.30856,803.80035,11.378611559622389
1011,6,467.7572,247.67528,449.75327,263.5683,426.4552,278.57172,8.655941098185586
1011,7,478.91257,801.10583,461.13654,806.8681,450.70294,816.9963,26.18840637282109
1011,10,286.0764,681.1974,304.4231,701.74445,329.5884,721.3628,10.298735524548905
1011,4,656.63385,628.2434,645.9376,593.4522,642.5056,567.016,9.692660167883503
1011,1,451.052,819.9791,449.88953,802.2512,434.83386,788.9765,44.84537300583988
1011,3,703.06714,754.38873,714.3527,740.75165,729.9214,729.16187,13.724872318736455
1012,2,681.3767,741.225,686.93304,755.9408,698.5109,754.4292,76.7530917200344
1012,5,442.0986,833.4829,432.98502,816.3987,422.6305,798.43286,1.87909422356164
1012,6,467.20258,247.23943,449.39722,263.42273,426.6587,278.52112,8.68351314962776
1012,7,480.79517,801.11017,463.9874,806.7337,451.6997,814.7427,14.596650207459483
1012,10,285.2761,681.653,304.95697,701.7839,329.95197,721.6765,7.13248142672013
1012,4,657.284,632.01514,647.13806,595.11127,641.14453,564.31604,4.359007042392203
1012,1,451.95752,818.24316,449.85175,801.14404,434.29785,788.1908,43.19186318603071
1012,3,702.81744,753.8463,713.96857,740.5106,729.90546,729.0292,14.327891990112626
1013,2,700.44556,751.2549,689.3461,756.54584,683.00775,743.2012,90.0800030189211
1013,5,436.15863,825.6125,435.05222,815.1273,429.17407,806.61774,28.611797942120045
1013,6,467.0492,248.1585,448.77972,263.79138,426.74707,278.29126,7.203803947312897
1013,7,479.48123,800.7509,463.79483,806.4475,452.9171,812.8113,10.370085963234615
1013,10,286.207,681.0642,304.48502,701.2601,329.13107,721.1502,8.949114412630404
1013,4,656.54895,626.7518,645.73987,594.308,640.16516,565.4237,7.5022913971650915
1013,1,452.29663,815.9203,449.6419,799.98785,435.45468,787.0778,38.2386282931628
1013,3,704.25256,751.51385,714.35065,739.989,729.9788,728.7681,13.097094373785419
1014,2,703.8843,751.89,690.3903,756.79846,681.40497,741.7199,79.1980983883427
1014,5,436.83044,826.6588,435.4511,815.3714,428.80118,806.4382,29.697081061783706
1014,6,467.88702,247.63873,449.30038,263.29657,427.11765,277.86884,6.809880436018679
1014,7,479.5721,801.47235,464.5525,806.3963,454.3002,813.82214,17.765296113652067
1014,10,284.4748,680.6986,304.25125,701.31757,329.29034,720.9504,8.095290519365884
1014,4,655.4693,627.23236,645.16144,595.2508,639.50543,566.43713,6.758740187927055
1014,1,454.04007,815.13776,449.87323,798.89014,434.56097,786.8364,37.406413249422094
1014,3,704.01733,751.2192,714.53345,739.853,730.0694,728.4312,10.901813560738129
1015,2,683.9916,741.4688,690.29987,757.0755,700.70154,752.00507,93.9787760886145
1015,5,432.46555,814.89966,434.1454,814.47,433.65952,817.1258,114.71543111864264
1015,6,468.4923,246.70825,450.29587,262.9366,427.69492,277.15137,9.560283168111004
1015,7,483.19687,803.41,461.08844,805.76227,448.43274,820.3799,43.041190818438274
1015,10,287.528,683.92426,303.6297,700.35596,325.77582,718.73047,5.898904151165157
1015,4,652.98694,616.87146,645.73413,597.14734,643.6454,587.49036,7.984385442329238
1015,1,455.35608,815.7123,449.77985,799.1796,434.92197,786.87366,31.728368641640945
1015,3,703.54285,751.5485,714.3603,739.8595,729.9868,728.0616,10.165175976754622
1016,2,677.5782,740.1166,690.9541,757.5084,707.53687,755.58246,59.06122902119802
1016,5,433.8908,820.8509,435.7785,815.5518,432.85352,812.3613,62.121560645825284
1016,6,468.54895,246.82373,450.67743,262.6659,428.5747,276.3125,9.863363361724305
1016,7,464.7478,810.9104,455.86926,809.91565,457.30142,813.2466,119.65839833986867
1016,8,547.3553,433.38196,524.0663,435.51395,502.90018,445.7726,20.627713376194208
1016,10,284.80258,679.789,302.92117,699.547,325.71683,717.92993,8.594845661076436
1016,4,656.34686,630.4695,645.9411,597.10364,639.71265,566.8417,5.69099195756091
1016,1,455.9387,814.2127,450.20145,798.7807,434.42734,787.6675,34.440523662493064
1016,3,702.86774,750.67114,714.771,740.43854,729.7491,727.9434,0.8481143290265576
1017,2,681.8081,743.77893,693.13684,759.7069,710.0883,755.49304,68.53761679349488
1017,5,425.0172,802.5608,436.01212,814.45825,441.79398,829.87714,22.186897713202676
1017,6,469.17377,245.57599,452.11667,261.7204,429.74927,275.369,12.033848661678896
1017,7,474.8436,801.8149,460.14355,811.39307,452.40506,822.86584,22.912700680246854
1017,8,546.8224,432.9086,523.50934,435.6737,503.01068,445.7016,19.303661828157594
1017,10,284.62723,679.6083,302.0456,698.96277,324.05728,717.36475,8.117958411216737
1017,4,656.369,630.3662,646.17584,597.42175,639.76276,567.1276,5.239627627547275
1017,1,456.37476,812.4587,449.55402,798.7572,434.21707,787.94635,28.355774867063804
1017,3,702.11053,750.1216,714.14404,740.3346,729.58777,727.784,0.027976455118293345
1018,2,703.9708,751.8557,694.9075,759.7823,690.6458,746.35583,113.56226905301543
1018,5,441.1599,832.1918,434.17654,812.52734,423.17593,797.9325,17.45519000473967
1018,6,469.601,245.37581,453.18622,261.23007,431.104,274.67676,12.666040843334471
1018,7,482.954,800.6639,462.1941,810.1975,453.16046,823.91583,31.968621156087845
1018,8,545.79535,432.5608,522.9795,435.81088,502.60632,445.2348,16.716450602302547
1018,10,283.4712,679.5505,300.24274,698.9053,322.84955,717.96277,8.959229511407873
1018,4,656.4655,632.4768,645.8169,598.3285,640.0304,567.323,6.747849709187152
1018,1,456.655,813.0149,449.42297,800.3429,433.38196,789.6311,26.55218235224884
1018,3,702.546,747.7628,714.9928,740.29083,729.3811,727.9042,9.747617768112832
1019,2,706.8487,752.1379,695.1002,759.78827,687.5893,746.65985,93.29704407142842
1019,5,442.5199,834.1267,435.26666,813.4388,423.22882,796.57623,16.20150051692703
1019,6,470.22943,245.36353,454.22302,261.13202,432.2395,274.59863,13.080264626037582
1019,7,477.36102,804.2303,464.06372,807.8262,453.1953,814.2461,15.438056737191303
1019,8,544.6807,432.74557,521.6622,436.10318,501.37222,446.0922,17.912716357043912
1019,10,280.15753,679.577,297.87045,699.6365,321.90424,719.2911,9.278812182863883
1019,4,655.9555,633.7238,646.48175,600.23047,639.40607,569.1038,2.987013166155772
1019,1,453.61945,816.1963,449.01163,800.39233,432.86508,790.5124,42.28322985904901
1019,3,701.5815,747.99,714.5389,740.73047,729.44684,727.9774,11.285227265814578
1020,2,706.3223,755.06506,694.6165,759.2865,679.2652,747.0842,58.3107542631163
1020,5,443.0809,834.3006,435.76093,813.4774,423.63165,796.7776,16.623208652288543
1020,6,471.39713,244.43286,455.02454,260.0508,432.65958,274.0613,11.583625440900382
1020,7,481.79196,802.3624,468.3324,808.1913,459.36563,822.2336,34.02385601696011
1020,8,542.9951,432.85165,520.00574,436.7291,499.0433,446.5705,15.575476959431477
1020,10,276.73096,679.20197,297.0746,698.7891,321.69916,720.0606,3.0932609829212225
1020,4,655.47974,635.7736,646.69336,601.57367,639.2831,570.3746,1.0471714480069467
1020,1,454.38965,817.2174,449.02917,800.3502,433.583,790.1536,38.93920165242866
1020,3,698.7294,746.6137,713.9075,741.5207,729.6747,729.1795,19.50152336919543
1021,2,710.2092,751.19434,696.5125,759.7224,688.7649,754.4306,66.24190969529437
1021,5,443.22766,834.83014,436.1117,814.03723,424.1939,797.1491,16.31775194136558
1021,6,472.1065,243.79112,455.13354,259.16916,432.29733,273.493,10.079892804818043
1021,7,486.99393,800.5699,468.82697,808.8419,456.15094,822.9563,23.59182193639972
1021,8,540.183,432.99225,518.30176,436.95078,498.47546,446.28705,14.961465079710822
1021,10,276.79443,680.72107,297.4626,698.9705,321.58655,720.022,0.33513458620547243
1021,4,647.2755,600.3529,647.81177,602.1902,645.1789,610.67444,33.51157843369208
1021,1,455.5168,815.8571,448.72134,800.2687,432.69012,789.5309,32.63177997930603
1021,3,697.84174,748.41754,713.45795,741.2302,729.71387,728.9312,12.396528925563189
1022,2,718.40753,750.97156,698.8018,759.6518,682.33136,750.17316,53.8010320054844
1022,5,442.74512,833.58276,437.23376,814.0963,425.77902,799.2962,21.946056902454348
1022,6,472.58475,242.4293,455.38867,258.3022,432.393,272.44177,11.122098170737553
1022,7,468.1674,808.6277,470.4593,809.81213,473.40707,815.7592,36.30400825520166
1022,8,537.8042,432.92566,516.732,437.63043,497.52197,446.67282,12.620965822352558
1022,10,275.90414,680.41187,297.66956,697.61035,321.6115,719.2014,3.729511578899493
1022,4,651.0015,638.988,647.70355,603.7005,640.5102,573.57056,8.088303088048175
1022,1,456.1121,816.81714,448.4462,799.1667,432.1003,788.9445,34.50338282177099
1022,3,697.3153,747.64197,713.69525,741.07605,729.52277,729.2313,14.966358701429787
1023,2,715.32825,751.239,699.6862,759.43115,685.6827,748.1071,66.60314040176347
1023,5,439.02542,820.4344,438.15894,814.73895,431.37698,814.4852,79.20700990253266
1023,6,473.5775,239.42322,456.66864,256.87775,432.65128,271.8312,14.002921588913996
1023,7,462.68515,808.44305,474.15433,802.2769,489.91763,800.2511,20.940459309100145
1023,8,536.8918,432.92325,516.0621,437.88568,497.0588,446.51733,11.028230282236933
1023,10,270.8279,681.55914,296.96307,694.9087,320.9541,718.3879,17.324813315731568
1023,4,650.9718,641.1096,648.2309,605.29675,640.9642,574.65533,8.964885515727428
1023,1,456.3402,816.3805,448.3523,799.3514,432.68448,788.968,31.336748930952034
1023,3,696.99976,746.9259,713.81934,740.99243,729.66296,729.37573,16.817820511275375
1024,2,688.16895,745.2846,701.38043,758.3839,712.22107,750.92267,79.29402607215908
1024,5,442.31628,824.6363,439.56958,815.82654,431.80573,811.9539,46.17349956652918
1024,6,473.27875,238.89899,456.6335,256.1339,432.80225,271.22244,13.657591813553804
1024,7,463.43723,811.0424,473.21027,803.6389,489.68915,799.7571,23.890321944375955
1024,8,536.9697,433.33026,515.89624,438.2044,497.94284,447.3661,14.0122758641331
1024,9,448.94333,409.3088,433.52673,424.86224,415.47037,441.74997,2.1688010274449168
1024,10,319.47638,718.51306,296.99683,696.3077,269.0899,687.6272,27.370082316149375
1024,4,652.1143,640.4261,648.084,606.123,641.3734,575.9429,5.834789868026179
1024,1,457.51617,816.698,449.38452,801.04706,436.1222,788.65607,19.49062551172324
1024,3,694.60535,747.2348,711.43207,742.24475,727.95435,729.69904,20.692168534542645
1025,2,690.73285,743.2945,703.4122,756.2735,711.9701,749.5065,84.00374373912717
1025,5,451.3663,829.466,442.11948,813.93085,430.61746,802.7914,15.155430950541186
1025,6,472.81546,239.1742,456.66037,255.86632,433.63702,270.98398,12.646838146995487
1025,7,471.546,801.7041,472.7404,805.0655,485.19708,805.94696,66.39077286009147
1025,10,262.21228,692.8331,295.76215,693.9933,317.7362,716.3777,43.549498142834246
1025,4,654.0901,639.49725,648.3375,606.46185,643.00323,577.17065,0.4432315062005585
1025,1,462.87695,815.39,450.35263,801.4102,436.6347,786.6063,0.9624582895215131
1025,3,694.3024,746.3837,711.1737,740.85156,727.59265,729.44995,16.622277486670818
1026,2,711.0265,749.3565,703.2063,754.9462,692.01416,743.43365,81.36502391848457
1026,5,453.55298,831.52356,444.57474,815.1451,431.05142,803.1011,19.581048886745258
1026,6,472.7123,239.0657,456.07007,255.58778,434.50116,270.0799,10.89531105463632
1026,7,483.3386,800.82416,472.83932,809.033,475.03845,824.0233,60.32584327627737
1026,9,447.59497,410.31143,432.16498,426.4388,414.16,443.24124,3.2446771515014516
1026,10,259.9205,695.03735,296.26508,694.0673,319.36664,717.9104,47.43379557531104
1026,4,655.54254,641.6747,649.3634,607.57404,642.68396,578.03156,2.4694203529723913
1026,1,464.10074,814.8104,452.16162,802.19745,438.1784,787.07916,0.6611601635285344
1026,3,693.27466,745.7354,710.98456,739.2334,727.9865,729.0576,10.740594775459714
1027,2,721.76526,746.1555,701.40314,754.9909,680.01306,750.32526,35.761390823408775
1027,5,453.603,832.274,445.5105,815.82117,432.25974,804.9867,24.538116068334357
1027,6,471.70276,240.08092,456.47977,255.30473,435.78784,269.32425,10.882511595184345
1027,7,458.61725,812.48004,463.3028,816.0834,474.45554,825.7212,3.2710581059903796
1027,9,446.75052,411.03772,430.99728,427.4902,412.02905,444.20355,4.859783712129557
1027,10,260.86807,695.2117,296.42935,694.3998,319.1489,717.63214,46.947266511832176
1027,4,656.2991,644.16656,648.3801,610.3728,642.39215,580.0001,2.035478247061344
1027,1,464.37067,817.2135,452.48126,802.07043,440.39694,787.6119,1.7516713517694917
1027,3,692.96625,745.37573,709.9233,738.72894,727.09265,729.56055,6.697936418945692
1028,2,722.5356,745.54474,702.3203,755.0568,680.1973,751.0385,35.49352983910443
1028,5,453.9583,829.9324,444.49734,814.3194,430.8933,804.3002,22.414222720523373
1028,6,472.4723,239.33838,457.99396,254.54892,437.3709,268.55124,12.23767049176038
1028,7,438.8555,803.28766,447.23822,811.2063,452.85995,819.98236,13.988080455331755
1028,9,445.6449,412.40186,429.36673,428.64774,410.38654,445.09573,4.031334792868372
1028,10,259.96332,693.81934,295.5322,694.5533,318.6098,717.46985,43.61728885914829
1028,4,656.47125,640.3235,646.8625,609.0155,642.5318,580.02496,8.565660645350109
1028,1,464.3007,816.88135,453.95322,801.159,440.11383,788.9844,15.311231786351629
1028,3,692.5558,745.821,709.7071,739.1519,726.93,730.03735,6.640388976041174
1029,2,719.9351,746.76013,702.9155,755.06586,682.7746,750.4833,38.83087233741815
1029,5,461.70898,832.9473,447.13138,817.78796,432.7529,804.44653,3.2633281742467686
1029,6,475.38235,236.41675,460.74374,253.31737,439.40125,267.8427,14.8637279927166
1029,7,423.66626,795.65204,431.73483,802.2327,441.0105,806.9214,12.384862868433933
1029,8,504.8159,441.06964,515.89813,438.588,527.0446,437.69342,8.033334903747448
1029,9,409.7881,444.93393,428.63458,429.42368,444.6911,414.07608,4.253167512305823
1029,10,262.856,692.6342,296.39142,696.9193,318.8335,719.99365,38.51415209557013
1029,4,656.8507,638.6304,646.9287,608.7782,641.703,578.91815,8.458676086466946
1029,1,471.68768,801.5701,453.91302,799.99207,441.07944,787.72534,38.63274324748898
1029,3,692.59283,746.63135,709.9529,739.319,726.7869,731.4126,2.3160438120187403
1030,2,716.3892,748.7219,703.44415,755.07776,686.8543,748.2755,48.44519378012816
1030,5,467.48532,831.8611,448.7444,821.5485,442.22528,808.1512,35.22994610775601
1030,6,476.76712,235.93979,462.10205,253.10916,440.8862,267.21927,15.871162371044674
1030,7,424.98264,797.3601,428.87573,798.60376,433.78604,792.5853,68.50585522368787
1030,8,496.10687,442.9421,513.5068,439.46497,532.0856,434.56583,3.4713029978396213
1030,9,409.08957,445.7266,427.68253,430.29398,444.26666,414.87592,3.2196615075425554
1030,10,263.35617,691.566,296.2154,696.6049,318.73477,720.0961,37.491659266180704
1030,4,659.6432,640.46234,649.1072,608.69147,642.83887,578.688,6.546373210862477
1030,1,473.78683,811.5146,456.5014,806.1889,440.03693,793.58856,20.302797759165017
1030,3,692.3294,746.8972,709.3744,739.3923,726.1483,731.99603,0.019782341029446364
1031,2,684.6727,748.96936,703.06885,755.0123,719.3537,747.6386,42.54575862270379
1031,5,462.30972,831.6363,447.38974,818.9672,433.05203,804.60657,4.710063517694459
1031,6,480.0564,231.79607,464.9939,251.45831,443.18088,267.0258,17.031013349008447
1031,7,426.7678,792.5555,430.99542,801.8506,435.4971,797.8932,106.8613527107163
1031,8,532.85675,433.71677,511.64514,439.63214,489.2215,445.06726,1.9575475972358347
1031,9,407.89777,446.81866,426.08096,431.07715,442.57596,416.3055,0.9620515787881101
1031,10,266.31335,690.9637,296.36774,696.5725,318.14102,719.4239,35.81287051182213
1031,4,662.4302,639.6441,650.0117,609.2901,644.2674,578.3042,11.747976777700174
1031,1,482.8259,809.0301,462.36343,808.61194,442.7505,791.8822,39.29331550645345
1031,3,692.9758,746.86993,708.8049,739.21924,724.2411,734.1639,7.662369117248393
1032,2,700.3266,746.4102,706.67365,754.6342,708.49445,750.9704,115.91416165750303
1032,5,461.0514,826.80005,444.8139,817.22784,431.32822,804.5313,12.753678989057391
1032,6,480.97546,231.27016,465.29614,250.357,443.59113,266.76773,13.5055899058686
1032,7,436.27124,796.4667,432.66318,805.8035,431.27002,795.0038,151.52133185961506
1032,9,408.0563,447.0177,425.74713,431.82144,441.83456,417.5254,0.9636773919290875
1032,10,265.37683,690.25397,295.0202,695.505,317.59302,718.90094,35.980641235356366
1032,4,660.0729,630.18036,649.3561,609.24475,648.19806,595.74585,22.204408443941986
1032,1,489.6683,804.4802,474.05713,810.95685,471.79367,824.1596,57.739738701843144
1032,3,717.47217,738.4774,708.35205,739.21155,699.81506,743.30774,21.030344763695314
1033,2,731.065,738.82306,712.1296,751.1165,687.3326,756.7607,20.169963167224246
1033,5,460.78854,822.7598,443.07306,820.2241,430.51324,803.5114,44.92897039976213
1033,6,481.22937,230.1501,465.06027,249.3451,443.29553,266.0759,12.340678923214845
1033,7,444.16483,807.531,436.27573,808.1781,433.97403,791.1764,86.97927962186789
1033,9,408.10046,447.77487,425.00745,432.38098,440.53888,417.36163,1.7218104635746363
1033,10,264.16876,689.2807,293.9772,694.73395,316.36255,718.084,35.841132245206154
1033,4,656.102,614.4422,649.3893,609.6446,652.3608,613.221,165.27537817716103
1033,1,490.01862,806.911,473.03082,809.8252,472.13248,824.15607,76.67894425234942
1033,3,721.1646,734.60547,707.76624,738.8057,692.23676,746.0262,7.530461257414756
1034,2,731.4457,737.6982,713.4445,750.06647,690.555,756.8795,17.916702102649044
1034,5,458.3704,820.7681,447.90137,824.3181,443.44067,810.9435,90.28699262224777
1034,6,481.75922,228.08789,465.69116,247.86131,443.41772,265.2554,12.914892572501481
1034,7,426.59955,794.9407,435.70227,811.0928,446.69257,810.86444,61.78620685167289
1034,9,406.7089,447.83124,424.62543,432.5796,440.81744,417.5191,2.5200261138960145
1034,10,264.34442,688.57684,293.81958,694.4674,315.3787,717.46655,35.54946370076112
1034,4,667.5161,639.328,650.1668,609.96344,646.7986,580.7419,24.00045733292
1034,1,495.7626,806.9026,472.42645,807.5509,466.3397,823.7254,67.78639973639625
1034,3,723.8616,732.273,707.46716,738.4193,688.19104,747.8217,5.450752635860812
1035,2,732.8265,736.41705,715.64905,749.4635,693.3657,757.29425,17.85470938753974
1035,5,462.8116,830.5074,447.41373,819.2959,432.36676,808.3398,0.0
1035,6,482.6281,227.28741,466.0648,247.10364,443.68796,265.07077,11.34732473934578
1035,7,421.88425,797.6436,435.9674,810.32007,446.96042,816.1917,13.883031320487813
1035,9,406.18948,447.134,424.7565,432.4685,440.41147,417.8674,4.701071535546804
1035,10,264.62048,688.3041,293.12592,694.211,314.748,716.7415,34.47151930128291
1035,4,649.05786,586.9338,651.129,612.1401,670.74475,635.18384,35.70831970112825
1035,1,497.30908,804.0898,475.1194,807.5013,461.1355,814.83936,18.94798012714123
1035,3,723.8363,731.6146,707.30225,738.3102,687.41376,748.45886,4.988491351852205
1036,2,734.3138,735.4098,716.4827,748.61804,694.00494,757.7681,14.379096996370478
1036,5,433.67075,809.16974,448.6421,822.57684,463.82275,839.37067,6.043221300838598
1036,6,484.48752,228.73355,467.4347,247.68124,444.2553,265.6644,10.207716954183985
1036,7,428.7015,800.4126,443.2382,814.8237,459.2186,828.8374,3.5030256554809633
1036,9,405.28702,447.30954,423.90768,432.48865,440.07162,418.65945,2.0311468808863564
1036,10,264.1104,688.7799,292.3889,695.6279,314.08603,717.7044,31.883603034743913
1036,4,647.122,580.19244,651.7792,613.1006,672.48926,637.75024,31.98119685558782
1036,1,498.158,804.919,477.52933,807.3388,467.41183,816.10913,34.22992656368494
1036,3,723.83136,731.73004,706.7192,738.60406,687.23267,750.44257,9.394148812384614
1037,2,735.56433,734.95917,716.8822,747.7941,693.8918,757.6138,11.361531346020284
1037,5,433.44467,811.2362,450.03217,823.4946,465.57336,840.59894,11.2763061918719
1037,6,484.27,232.2419,466.4665,248.82004,444.43164,265.30664,6.154853483748207
1037,7,438.29636,802.8525,447.02185,816.14655,456.71048,813.4713,72.15724621734618
1037,8,524.672,435.26254,504.8039,441.09793,485.12555,444.97552,5.220633291884205
1037,9,404.39444,448.29333,423.32654,433.0834,439.4904,419.31265,1.6509050162484415
1037,10,256.7264,690.0198,290.03516,694.5441,311.67447,717.0571,38.398429795338416
1037,4,647.1704,580.24347,651.9256,614.25885,672.2286,639.6958,30.63766889571262
1037,1,493.64462,802.9029,477.61258,807.38745,476.1205,813.2665,60.13169760067083
1037,3,722.5216,731.5963,705.83826,739.15704,685.64404,750.55786,5.067708003824895
1038,2,735.21985,735.007,716.6905,747.47156,694.34686,757.4313,9.903335470351442
1038,5,434.7528,803.073,449.1309,819.47705,463.45047,837.51385,2.7880414014613133
1038,6,486.42502,231.46983,467.50903,247.95158,445.16223,265.1171,3.536679098832228
1038,7,433.1171,803.5069,447.35495,816.584,460.70685,829.759,2.051186297488868
1038,8,524.4297,435.11423,504.25888,440.76675,484.5814,445.05283,3.3665645314201726
1038,9,402.70193,450.75165,422.0337,434.80597,438.61194,420.24908,1.7683503356016392
1038,10,258.05176,690.597,290.821,695.1849,311.48828,717.93616,39.77804405460233
1038,4,647.2686,579.9078,653.45795,615.2171,673.46844,643.11926,25.704518495995057
1038,1,484.7376,802.6237,479.48337,807.35077,492.6709,809.0222,130.80001979598535
1038,3,722.247,731.65027,705.90173,739.35736,685.88544,751.0699,5.089274088355276
1039,2,735.24194,733.59467,715.96454,747.13293,693.41833,757.79486,9.77078696123137
1039,5,434.14066,802.55994,449.70468,814.36334,464.4636,827.62177,4.758598968589091
1039,6,484.68976,233.55904,467.72186,248.17793,446.9284,264.37262,2.8343466762125438
1039,7,435.80963,800.91486,451.63477,816.38794,466.35385,835.7212,8.36116486558184
1039,8,523.5902,435.49612,502.73877,440.76056,482.89905,445.69653,0.19782350757194625
1039,9,401.83484,452.88376,420.61752,435.58347,437.91547,421.34952,3.197512964482835
1039,10,259.25775,689.70636,291.3551,695.5346,311.64185,718.25616,37.948558444911285
1039,4,648.1146,581.0451,654.58496,616.65204,674.63824,646.15405,23.905799478239256
1039,1,475.51712,804.7045,479.8913,806.1825,493.85327,805.56604,21.197419767940005
1039,3,721.36945,731.69836,704.96655,739.63116,684.9889,751.80975,5.557459793316896
1040,2,734.77637,733.8212,716.2172,747.1188,693.9549,757.5802,10.45189728093997
1040,5,435.25754,801.98944,452.76312,814.2839,469.1149,827.3968,3.6460986181349857
1040,6,479.0281,244.95676,472.59918,242.93646,474.13763,241.58652,121.28866435500022
1040,7,438.27164,800.93854,454.90802,817.3164,470.04968,835.95746,6.3624835193950044
1040,8,481.51065,445.8049,501.83533,440.79602,522.928,435.4281,0.4338616445003961
1040,9,401.5318,453.23444,419.69623,436.21167,436.9447,422.20596,4.065245214500726
1040,10,261.15015,687.7532,291.40915,695.99646,312.60358,718.2865,31.204330683751614
1040,4,654.25336,592.3377,655.1026,616.8477,672.7297,642.17737,32.84986787625965
1040,1,478.65088,804.5304,484.24487,805.55475,495.5146,806.0664,7.777358363215785
1040,3,721.2417,731.7206,704.39484,739.4963,685.0514,752.3777,8.885111180640976
1041,2,734.89545,733.43463,716.5026,746.6579,693.92505,757.33484,10.404237146588631
1041,5,437.40485,803.74176,453.42654,815.5273,469.62622,825.41425,4.941574509058776
1041,6,478.41412,243.60176,474.0724,241.7322,478.6399,239.66568,132.35930333295656
1041,7,452.25415,799.00946,458.65842,812.8187,471.4018,808.5299,83.72053645636788
1041,8,480.8244,445.86832,501.0831,440.8963,522.0792,435.53534,0.5337586698693221
1041,9,402.00024,453.79074,419.19775,437.06516,436.78186,423.9495,7.484379356841877
1041,10,262.46887,686.38904,290.51956,694.8078,311.32898,716.5977,29.612637948046952
1041,4,676.04694,648.72626,655.8656,616.1059,649.0255,583.059,20.04993618116576
1041,1,479.5152,793.5272,488.0173,804.2173,501.22205,803.7987,53.31940845827066
1041,3,720.92926,731.61487,703.90485,739.8577,683.44904,752.7827,6.451479790033638
1042,2,735.64496,733.08685,716.9178,746.1959,694.23846,757.33185,8.840313211779776
1042,5,439.02155,803.5739,454.5565,814.273,469.90082,824.629,0.5392295602369681
1042,6,482.93088,239.05516,475.75296,239.81311,474.88458,242.31775,64.85037900188
1042,7,452.15366,798.15955,462.51755,811.04724,473.6892,809.4064,59.550548631372564
1042,8,478.3204,443.36343,500.09464,441.0293,521.1179,435.54926,8.491325955597443
1042,9,401.1759,455.76657,418.24554,438.0248,436.38858,425.06647,10.570397140821825
1042,10,297.69064,706.21533,289.77423,695.0026,278.22165,696.7337,63.299080225676924
1042,4,676.6319,651.07086,656.5548,617.6009,648.4011,584.9134,16.951369592061507
1042,1,472.86377,796.7624,487.55988,805.3024,506.1487,802.4872,38.77315760487954
1042,3,719.236,731.9522,702.4291,740.51935,681.48816,753.3862,4.558402596985936
1043,2,736.2263,733.42676,717.2025,746.1529,694.5651,757.1563,7.8577524496238595
1043,5,437.27765,802.4372,453.8698,813.9563,469.12854,824.81946,0.6781084407334635
1043,6,486.17715,235.55045,474.62128,242.87567,464.27798,253.97578,14.650905738463443
1043,7,450.77344,797.94745,466.47586,809.12976,481.0859,814.7576,14.389201155214911
1043,8,493.969,437.77765,497.84406,442.76553,504.87872,437.22687,90.37127946204266
1043,9,401.14844,456.51947,417.06018,438.50183,434.572,425.52188,12.005346662196024
1043,10,293.0716,706.46265,287.28647,694.42645,275.4535,694.0118,62.32196581980373
1043,4,676.6438,650.8468,656.4804,619.11633,646.68195,587.3733,15.279812119547284
1043,1,465.30005,797.54285,485.05533,807.2346,506.29047,803.2115,36.860082681432104
1043,3,717.89557,732.63336,701.43713,740.5562,681.65216,753.59863,7.687684253340992
1044,2,734.5457,735.3832,717.063,746.78394,694.2297,760.3977,2.304522105892675
1044,5,453.62418,806.2253,455.4147,813.82654,457.6534,820.3076,5.801268699098987
1044,6,487.14792,233.04568,474.44025,243.81851,456.48187,255.95052,6.247863455549592
1044,7,456.8389,805.21045,466.96146,810.745,477.02258,809.696,34.62017021941953
1044,9,400.99173,456.90262,417.38538,439.05737,434.315,424.9771,7.677593717863496
1044,10,275.78998,699.8127,286.58316,698.0925,290.77063,709.6661,79.16448204938463
1044,4,676.70154,651.77155,656.5881,620.7241,645.8671,589.3055,14.095251080644877
1044,1,461.1767,802.1299,482.24835,807.3985,505.12793,809.422,8.983866445040306
1044,3,715.6271,734.0052,699.8008,741.4738,681.0502,754.6587,9.850535975105833
1045,2,733.56305,735.8182,716.3709,747.0993,692.72003,761.3894,2.131480802806511
1045,5,469.12646,827.7075,462.3772,814.36,450.99167,801.19507,14.03079704686512
1045,6,496.53226,225.83575,477.6284,242.04552,453.20517,257.0668,9.019313506777415
1045,7,476.63528,825.5852,468.2189,815.8281,452.67126,801.7043,6.966466036430698
1045,9,400.56137,457.09702,418.09747,439.82483,434.35748,424.649,1.5407847504840766
1045,10,252.91422,695.02216,283.48135,697.08075,305.36664,716.67194,37.98128940571541
1045,4,653.39105,606.03094,656.1969,622.8366,672.377,644.62036,27.12493481504089
1045,1,473.3128,807.66595,481.54886,809.3322,493.51517,804.2141,34.59414571264597
1045,3,713.3728,735.2091,697.8705,743.09607,679.2981,756.1041,8.04215196477069
1046,2,739.84705,731.0589,720.4893,745.24426,696.8971,756.98126,9.783938944260273
1046,5,476.20758,818.5708,456.13614,815.98584,439.02643,800.9326,34.00289119740452
1046,6,496.46255,226.41782,477.53354,241.53386,453.2174,256.3,7.341122271766195
1046,7,486.46637,813.13116,490.29333,825.5396,502.0372,836.63513,29.485408410028803
1046,10,254.02498,694.1055,286.4355,695.5966,307.62555,717.26465,43.00484213829335
1046,4,652.6343,608.0698,655.6226,623.8361,671.50616,644.0065,27.486849539420632
1046,1,488.65048,805.9775,481.2456,808.52826,471.82523,806.21796,32.787007496599095
1046,3,709.6613,736.4321,695.02106,745.1251,677.2138,758.737,6.693630852714444
1047,2,732.8981,734.8336,722.6081,744.0222,710.2771,748.27783,22.72342035069088
1047,5,476.89432,820.46375,452.1809,816.2958,435.5676,796.15466,40.90966377727081
1047,6,496.20715,227.43655,476.94034,240.88872,453.3874,255.69147,2.7740344999577666
1047,7,485.01114,816.6199,493.4639,827.6671,508.13492,838.17236,16.973984818014053
1047,10,256.50473,692.35266,288.05115,695.9493,306.77817,716.8101,41.581078090464125
1047,4,658.9748,625.9969,656.2059,623.3833,665.34216,629.4204,170.1091224793563
1047,1,471.8753,806.839,482.9571,808.5969,496.57697,806.4823,17.839187009176403
1047,3,708.78613,737.0272,693.986,746.0009,676.83496,759.7143,7.415053393957107
1048,2,700.14703,753.7287,722.3907,743.1407,742.9891,727.3255,12.062071855274965
1048,5,475.05692,821.9464,451.5013,816.03973,435.48425,796.4238,36.690251002589555
1048,6,497.76617,226.89417,478.1827,240.96452,453.90616,255.85995,4.164335667049778
1048,7,480.88605,821.1306,491.86676,829.425,502.93924,839.0021,3.792043624954849
1048,10,256.0128,691.93884,288.58304,695.6652,307.0908,716.4054,41.72860753988347
1048,4,670.6397,647.167,656.7279,622.61414,653.1029,608.0469,15.562193004855388
1048,1,473.54175,812.33167,481.15698,809.1111,490.78735,804.31506,3.5495548516506297
1048,3,704.47394,739.49817,690.8765,748.0668,676.0941,760.23035,7.231285183026316
1049,2,701.0351,753.6875,723.39526,742.83466,743.7908,725.97424,13.68930296922612
1049,5,472.33026,820.0008,448.25717,814.43713,434.88693,795.11566,42.303758127943944
1049,6,499.61206,225.31615,479.48712,241.02452,454.88882,256.63846,5.5679585475641575
1049,7,484.44598,824.6749,492.85107,828.70245,500.03635,838.42084,27.92001169773374
1049,9,401.46637,461.1589,416.67874,442.79025,430.81396,426.82974,1.8985732905504815
1049,10,255.9446,690.6335,289.9098,695.3023,309.85843,718.686,41.705677856975534
1049,4,674.0077,647.67676,657.76294,622.68695,650.5648,605.9451,9.760921529370421
1049,1,462.67975,808.89026,481.1566,809.2632,496.95355,809.0083,2.080742676659485
1049,3,705.4855,739.556,690.96814,747.689,675.38934,760.4531,10.069917052132704
1050,2,741.849,732.3935,724.0343,742.3719,705.65765,749.2929,8.616709927661423
1050,5,468.89166,820.35364,447.96057,815.02484,436.0155,794.4685,45.55621419630397
1050,6,500.85202,224.98332,480.5782,240.88126,456.6438,256.82672,4.429962592806761
1050,7,505.62766,813.8891,500.71875,817.42883,499.5676,825.6601,46.24395728412377
1050,9,402.72382,461.46924,415.16455,444.5425,429.10068,430.13412,7.730429318255077
1050,10,258.17175,687.82697,292.12885,694.6342,312.3855,718.61395,38.47524657963287
1050,4,678.27875,653.9367,658.36914,622.92084,646.3115,594.262,9.879140525355284
1050,1,463.44254,805.43115,480.89395,812.36096,499.44363,814.1316,16.205037434525465
1050,3,675.50555,760.7119,691.59894,747.1084,706.28503,738.5438,9.957734099697966
1051,2,743.91156,724.94586,724.4999,740.1229,702.516,754.2442,5.305666140485224
1051,5,434.97537,797.4864,449.46796,812.92346,463.2482,827.45215,0.29275223011984547
1051,6,499.9379,225.92082,480.05603,241.2988,456.8413,256.2994,4.85151282698795
1051,7,499.76205,806.04736,507.34006,814.6459,516.821,821.4434,12.970378707941048
1051,10,261.03928,686.0588,292.93445,693.8149,312.93066,717.3981,36.037741971741276
1051,4,679.6385,655.64325,658.978,624.26465,646.16003,593.90405,10.472829098087262
1051,1,463.90552,807.5524,481.0399,811.89703,501.8359,809.241,21.50634015229078
1051,3,674.511,761.34265,691.1238,747.3,706.2782,738.09406,8.929950219635856
1052,2,744.0143,723.83685,724.7906,739.0114,702.58997,753.49384,5.16827687094512
1052,5,435.54507,802.0812,450.9493,816.7772,461.13855,835.45624,17.735712403925266
1052,6,501.53003,225.87585,481.40784,240.75974,458.16013,256.14624,2.9906809749495373
1052,7,493.8615,804.9481,504.10095,813.3126,517.81055,818.93066,16.961767802472735
1052,10,265.8419,684.7384,294.61185,695.1904,315.0219,718.30853,28.594078198043416
1052,4,680.9915,657.8036,659.7165,625.7284,646.6494,594.46423,10.872902231961348
1052,1,465.29266,815.9004,475.55682,817.1429,477.8545,819.2422,35.51475797563188
1052,3,673.782,761.4763,689.94446,747.4352,704.994,738.3152,9.766680919227293
1053,2,744.3382,722.33716,725.99677,738.14417,703.2248,751.60486,10.167729919453794
1053,5,435.39032,801.53125,451.15964,815.99194,460.83005,836.7006,22.447374174109093
1053,6,503.52545,225.1883,482.84283,239.96086,459.5302,255.44534,1.9436012156915958
1053,7,496.95908,805.939,506.1482,812.1638,520.62634,817.5532,13.696588511206398
1053,10,268.9534,683.59717,296.6095,695.7937,316.54346,719.3144,25.92067327533571
1053,4,680.1431,658.74,660.35944,626.8647,647.9089,596.2649,9.685558154758326
1053,1,462.25693,809.63293,472.02744,816.0379,474.9487,825.03467,38.764813232320684
1053,3,672.38245,761.3226,689.54333,747.45544,705.3766,738.85364,10.426377032726366
1054,2,745.18207,721.0223,726.37555,737.5371,702.797,751.95703,9.839131056011984
1054,5,439.20825,808.15015,452.1667,819.59265,460.1051,836.60846,23.544418429533735
1054,6,503.72394,226.05634,483.1892,240.19641,460.57043,254.42528,2.378087069979508
1054,7,493.69678,806.7374,504.212,811.1124,521.3968,815.7663,7.437433197483033
1054,4,680.9919,659.7483,662.18665,628.05383,648.8136,598.33496,6.45494375025849
1054,1,465.24814,812.32465,473.07132,817.8437,475.62152,824.4634,33.72914540860023
1054,3,672.0855,762.02484,688.86444,748.04504,704.7127,739.3543,11.061102322849484
1055,2,744.6183,721.8999,725.0753,737.60443,702.5835,753.043,4.31892338312432
1055,5,448.5681,814.4985,456.66443,821.21545,458.97943,829.2532,34.25241962385506
1055,6,505.65082,225.48288,484.53625,239.28041,461.86038,253.52461,1.0273631248706372
1055,7,524.55365,817.0359,502.2623,812.3473,488.65567,807.19904,8.846844072954301
1055,4,681.9325,662.1269,663.092,631.2501,648.6478,600.892,5.946134000005897
1055,1,468.81522,813.58435,473.8238,814.2403,476.99478,815.55035,14.986194918355048
1055,3,671.66956,763.1034,688.6214,748.214,705.03375,739.30286,12.794115656772071
1056,2,742.2305,724.12885,724.0455,738.57697,702.98834,753.42896,3.2712975021461084
1056,5,452.46515,815.8168,459.82047,823.01544,457.81088,831.4919,58.95402374162737
1056,6,506.83603,223.9997,485.2675,238.17783,463.40353,253.22035,1.2091750448157443
1056,7,518.33984,815.2484,496.86777,812.27356,480.295,807.79114,7.246814576284768
1056,10,283.26053,680.5845,297.60687,699.251,315.9519,715.579,10.784814631018639
1056,4,682.1822,664.10016,663.9973,632.85297,649.07025,603.0981,3.5566084145471857
1056,1,469.3233,815.8795,481.9183,812.4432,497.63467,809.9543,6.262031279089681
1056,3,671.3412,762.78705,688.4964,748.7213,704.48206,739.3976,9.095566274704332
1057,2,743.3355,723.28534,724.83374,737.8678,703.5386,753.0572,2.744594339721657
1057,5,454.78238,817.96765,459.5385,824.2152,457.2205,832.10455,53.65493836244126
1057,6,506.6308,224.69879,485.50864,238.20515,464.19574,252.33478,0.9464670877203317
1057,7,464.02808,814.1816,485.2468,812.09186,509.81,813.1343,8.054689351672986
1057,8,458.715,441.405,480.76883,441.20364,504.72842,438.25958,6.482135336478227
1057,9,397.9766,468.10754,410.72528,450.215,423.71182,433.37167,2.162474855792959
1057,10,285.16714,685.25146,300.47916,702.5613,319.89746,718.73126,8.719698291817902
1057,4,681.61926,662.6987,663.7138,633.3591,648.5161,605.1385,3.091108450505158
1057,1,508.02612,812.2158,483.82886,810.8802,464.73883,808.8893,2.7945632880482223
1057,3,670.69867,762.91833,688.2571,748.77875,704.6166,739.67957,9.761163249729334
1058,2,743.14996,723.5845,724.73206,737.8157,703.881,753.10315,1.4446910388280814
1058,5,456.4025,821.52124,459.52884,825.94684,458.4398,832.2233,45.081791098655955
1058,6,470.7976,249.33353,487.72205,238.67596,504.57318,224.57495,7.723317234990223
1058,7,463.73886,814.6506,482.63672,811.8028,504.7869,812.12885,9.412939598955608
1058,8,456.74893,441.2483,478.3014,440.98975,501.49286,438.1009,6.413222692926571
1058,9,394.88953,468.35617,410.49506,450.27594,424.3877,433.56064,1.0675289207386247
1058,10,285.19888,685.93115,299.4648,702.71674,318.8442,718.43933,10.58646980652364
1058,4,681.2965,662.4381,664.73224,634.22797,648.0136,607.87537,1.9715938963284043
1058,1,506.4123,810.9818,483.6739,810.35266,466.62018,809.31744,1.8889624659723638
1058,3,670.4412,763.2569,688.352,748.7174,704.92926,739.3493,9.597224606463406
1059,2,743.06537,723.7669,724.6165,737.88696,704.18744,753.20087,0.5730077192207657
1059,5,449.3621,816.2176,455.785,825.3044,457.67606,836.4088,25.58962905229217
1059,6,504.00116,227.51744,486.11304,238.51341,465.6837,250.44348,1.2957331892225687
1059,7,482.5997,814.87585,483.12927,812.25696,483.33878,811.64264,7.399371348438029
1059,8,454.00302,441.49335,475.9984,441.2748,498.49722,438.198,7.217897344780265
1059,9,393.38574,468.95007,409.77014,450.5908,423.22693,434.0205,2.666603761257521
1059,10,284.93634,685.80914,299.13217,702.42834,319.11075,718.17865,11.24580671535046
1059,4,682.02893,665.6581,664.83905,635.77246,647.87146,610.03625,3.489529624748637
1059,1,481.1789,810.6638,484.08945,810.61224,491.97174,811.00543,3.8708010910440467
1059,3,669.70483,763.40314,688.2187,748.79474,704.9556,739.14185,8.301393324091755
1060,2,743.50366,722.73804,725.2942,737.2211,704.43805,752.66833,1.9715938963284043
1060,5,447.71063,818.3171,454.46155,824.9645,458.59915,834.05457,20.96870613367244
1060,6,507.77332,225.11807,486.68716,237.83408,463.8496,251.26556,0.630870692713884
1060,7,472.07422,814.5947,478.97882,814.18097,483.58316,813.39154,6.299646613084792
1060,8,452.52484,441.41284,472.7149,441.25012,493.16293,438.8795,6.151348717064942
1060,9,392.73486,470.75537,408.8901,451.77274,422.05612,434.88535,2.458457884671827
1060,10,285.5008,685.8716,299.2386,702.1816,319.13608,717.4939,12.312332094624082
1060,4,682.0864,666.6316,665.11,635.8029,647.58777,611.28296,6.70972600906273
1060,1,481.65042,810.6278,483.46097,810.7796,489.42294,809.92804,12.921109991299492
1060,3,669.53326,763.21216,688.12634,748.82227,704.9881,739.3341,8.371046492679453
1061,2,745.64514,720.7852,725.9822,736.35583,704.22626,752.35785,2.0394165974197658
1061,5,447.21817,814.4135,454.00345,824.7042,458.81235,837.6543,13.027193100477508
1061,6,507.974,223.34624,487.22247,237.10526,464.04572,251.00362,2.5960089359544987
1061,7,461.68634,814.1238,477.45395,812.59406,491.14325,812.5144,5.207969645146454
1061,8,451.94708,441.3977,471.59402,440.904,490.60535,439.99222,1.3061123029164043
1061,9,391.9904,472.49722,407.27515,454.02457,420.5854,435.915,3.289976297859602
1061,10,286.45786,686.1091,299.51248,702.2972,319.87253,716.39795,16.41084341310066
1061,4,682.43677,666.0328,664.98456,636.2007,648.28375,610.0682,2.2536830173668445
1061,1,513.145,810.3839,483.16132,810.92834,459.74786,809.5456,4.420047622214749
1061,3,669.69464,763.0976,688.21344,748.6576,705.1354,739.2305,8.823497548728183
1062,2,743.7125,723.1277,725.2175,737.2721,704.1762,752.7403,1.086785437801186
1062,5,441.1564,810.12665,451.5466,821.06244,458.587,836.29254,18.724839214154425
1062,6,507.24777,223.05534,488.17014,237.01723,464.31055,250.70853,6.349928627342342
1062,7,463.1085,813.25037,482.3852,813.72784,500.1663,816.9018,8.701861401975776
1062,8,450.3941,441.43005,470.39102,440.8651,489.29654,439.34402,2.981831271277577
1062,9,390.8374,474.5223,406.45804,455.58817,419.97076,437.61267,2.589214105148419
1062,10,293.41348,679.96356,300.07858,701.45996,320.28842,713.09375,42.84673142125397
1062,4,682.1846,666.1578,664.8633,637.10126,648.9159,609.69226,0.607485005666862
1062,1,513.8041,812.0592,485.257,810.6593,461.39688,809.7836,0.7055438033297335
1062,3,670.03577,763.0029,688.3044,748.6812,704.8768,739.3825,8.798124961392116
1063,2,744.69055,721.93207,725.0529,737.09424,703.41534,752.71814,1.8395176130339583
1063,5,435.82974,806.47296,449.1709,818.87024,458.3374,836.5235,19.659503990049284
1063,6,507.5368,223.10133,489.0639,236.52216,465.2881,250.00822,6.436265055598165
1063,7,463.532,811.54913,489.2476,812.3274,518.44366,816.75214,6.884300951050562
1063,9,391.5049,474.50354,405.9983,455.72937,419.27396,438.73645,0.3304306964646186
1063,10,296.34656,680.4306,299.44464,700.5324,320.0017,712.06903,51.93740835989773
1063,4,681.38776,668.20844,665.4631,637.84937,649.3495,610.221,2.5727572670374363
1063,1,515.7233,813.4342,486.5036,811.6615,462.2345,809.4417,1.7541275238982623
1063,3,670.0774,762.79755,688.1057,748.6615,704.7438,739.6363,9.622775294802532
1064,2,740.11145,731.742,722.659,738.5755,708.148,749.3889,15.310261787304
1064,5,434.6263,805.0577,449.07178,818.06396,457.94128,836.6049,22.4357889773951
1064,6,508.0001,223.17369,489.19952,236.56323,465.27197,249.21143,7.596906477074278
1064,7,473.46735,811.86426,495.72833,811.72186,524.6129,809.8563,3.3289609839291447
1064,8,450.51828,442.4847,471.63617,439.4483,493.7141,439.54623,8.436265653259015
1064,9,391.7818,473.65607,405.79355,455.6699,419.08646,438.90536,0.491384660766797
1064,10,295.05652,678.59894,299.26654,699.70447,319.58725,712.2447,47.039626115837635
1064,4,681.92316,669.92444,666.0559,638.89154,649.3118,611.1897,4.069578472675754
1064,1,515.2311,812.9315,487.34302,810.8194,464.5146,809.30475,0.5348573246345663
1064,3,670.13043,762.79706,688.3883,748.5514,705.09357,739.654,9.922835664420536
1065,2,737.6209,738.2036,722.18036,737.7248,710.40454,749.6755,47.19847109808218
1065,5,434.5619,807.281,449.83517,818.65466,457.72855,836.2655,29.183371998505606
1065,6,508.11597,223.31732,489.34824,236.33101,465.62912,248.50912,7.5603958145330825
1065,7,478.64914,809.909,498.1617,811.1336,526.2289,811.09296,3.6741308308086063
1065,8,450.75168,442.6157,471.6012,439.56628,492.8746,439.9264,9.290771437010894
1065,10,295.16458,676.9173,298.60117,698.538,319.40668,712.3998,47.29477786043567
1065,4,681.0782,668.37646,664.67084,637.77356,648.1352,610.2709,2.8182783991230487
1065,1,496.03842,811.18024,488.46777,810.9626,483.36044,810.6072,2.333890744396779
1065,3,670.4665,762.36597,689.2142,748.41986,705.7648,740.0214,9.739909490255519
1066,2,741.5334,735.3179,722.0651,740.8484,703.1124,754.36,19.62679166585493
1066,5,430.25037,806.6044,449.66547,818.2748,457.44043,840.2727,39.52445641083088
1066,6,506.5238,223.61583,488.91263,236.71828,465.81973,247.98955,10.632452379564892
1066,7,486.23883,812.68384,504.93506,812.64465,531.0701,815.64703,6.673442874488487
1066,8,449.70184,442.59818,470.8363,439.54782,492.6556,439.9716,9.325441067956772
1066,10,289.13126,682.6571,299.1838,699.27435,318.9851,713.3511,23.419319613158752
1066,4,681.0826,670.78253,665.2703,639.0618,648.2816,611.24835,4.921393270450426
1066,1,500.25406,810.3694,488.42953,811.3847,480.19012,811.5477,3.7742384233195483
1066,3,671.6737,763.4011,689.58856,748.91864,705.834,739.9985,10.181668676936177
1067,2,740.2512,736.9237,721.77106,741.157,704.0412,754.0793,23.18399279127541
1067,5,434.1287,808.23663,445.01926,817.43317,453.2875,830.56934,17.633206034881514
1067,6,506.057,223.72675,489.16626,236.75139,466.4259,248.04883,11.217964206450382
1067,7,474.1411,810.29443,501.28534,811.3598,531.0082,816.4813,7.528975758613246
1067,8,448.6151,443.03333,469.92035,439.80368,491.97147,440.08252,9.344263618543845
1067,9,388.73483,476.83417,403.9793,458.96277,418.14255,440.55402,2.8907631833765977
1067,10,291.66132,674.95667,298.1566,696.7687,316.773,713.3176,31.782019573440422
1067,4,681.59534,674.3138,665.81995,641.2923,649.0306,612.9414,5.098735880586633
1067,1,468.72284,823.7139,478.96603,818.21796,488.22485,811.5432,7.572378160002051
1067,3,673.6384,763.3736,690.4057,748.3807,706.6415,739.96155,14.393185919840787
1068,2,742.0245,737.2745,720.677,741.9327,703.3779,755.54425,25.887543754198177
1068,5,426.47397,798.68567,444.1328,812.8953,457.5799,832.12195,16.208267733919502
1068,6,505.8196,223.45567,489.54398,236.39336,467.3645,247.3799,12.13020989883111
1068,7,496.59543,811.04443,502.5908,814.9396,511.95642,813.2343,43.33065937045938
1068,8,447.98114,443.00992,469.53723,440.06052,491.53326,439.78485,7.073072659064668
1068,9,387.70786,475.92715,404.7543,458.83453,418.03564,440.3848,9.173696947315568
1068,10,290.6868,674.3071,296.20563,694.14844,306.0216,702.29474,34.76682727989782
1068,4,681.6319,674.2014,666.37823,641.91534,649.1367,614.37,6.755228103143421
1068,1,461.68484,814.9926,469.8308,814.844,475.253,807.92944,50.85230850590372
1068,3,677.2549,762.55035,691.8028,747.29956,707.2289,739.71515,20.169626415274443
1069,2,731.7879,740.2052,720.4738,741.44135,710.1624,753.28723,42.72640583651689
1069,5,426.16736,799.19226,444.64282,813.08325,458.09283,832.9024,18.89964595401247
1069,7,530.3692,814.64355,501.5447,815.4874,479.8728,810.11774,15.592943043801228
1069,8,447.4817,442.82538,468.8511,440.2329,491.1219,439.69135,5.524141643905271
1069,9,388.95804,475.20724,405.49332,458.1907,417.58856,440.15686,10.328606663261768
1069,10,288.91135,674.34875,295.7794,694.4166,302.37216,703.43994,17.260222397570054
1069,4,679.50275,673.2929,665.63586,642.13165,648.9927,615.6726,8.181293400850898
1069,1,452.93793,815.2176,463.72174,815.2976,471.85318,810.1127,32.94836689871288
1069,3,680.3402,761.2863,692.33966,746.9838,708.1607,739.3717,24.310119586562237
1070,2,741.09296,740.906,720.60205,741.62976,705.4028,752.89355,34.51830752713915
1070,5,426.04944,799.2756,443.50156,812.00574,456.16992,830.789,19.89403951657123
1070,6,504.11035,224.11282,489.65247,236.04976,468.93137,244.25316,17.94585301855349
1070,7,530.4612,815.8437,500.48746,814.72614,474.59198,807.35095,13.762002500960891
1070,8,446.77515,441.4199,468.84064,440.61084,491.30014,439.297,1.2483515370136242
1070,9,388.98935,473.98105,406.2375,457.3403,417.92828,441.10953,10.26212872381902
1070,10,299.78543,702.88336,295.08115,693.2722,294.90643,669.15424,25.66492434095911
1070,4,677.37366,674.01953,664.7187,643.0872,649.2362,617.01294,8.450778726502003
1070,1,453.85812,815.9908,462.8856,816.94885,469.4538,811.526,45.60183062322751
1070,3,683.42365,759.4894,692.1652,746.63617,708.6931,739.4925,32.40509832509251
1071,2,741.9034,741.43665,720.64014,742.1255,706.5732,752.9634,35.756966941610884
1071,5,425.66306,799.87384,443.46136,812.0285,455.70197,830.79535,22.556159456165123
1071,6,502.9169,224.8101,490.4864,236.32056,470.7334,243.86348,21.899214803121613
1071,7,529.9781,816.4358,500.7025,814.1456,474.1768,807.4953,9.60160716799834
1071,10,290.42578,671.60223,294.5724,692.0785,303.1846,701.9697,29.59776839580704
1071,1,447.29694,813.8387,460.3045,817.3245,471.6472,815.1476,25.866306979626287
1071,3,683.5695,758.924,692.60535,746.3146,708.91095,739.6235,32.06380926921569
1072,2,743.1466,741.19366,721.14386,742.0136,707.50507,752.4859,35.383997307018866
1072,5,426.0366,800.43066,444.40317,812.4571,456.68204,831.69354,24.232630486647295
1072,6,508.46683,223.46991,492.3648,236.62068,470.31235,243.5307,21.84095242353153
1072,7,527.1768,813.921,499.64612,814.7571,473.92566,809.0916,14.161679106089307
1072,8,442.65985,441.6575,466.20184,440.6247,490.4701,439.01843,1.2747215022803755
1072,9,385.13794,474.1262,405.42203,458.42313,417.59857,442.0163,15.673037491369026
1072,10,296.80817,668.9734,295.01974,691.1869,309.5533,711.3946,40.32703331707655
1072,4,656.83075,642.28687,669.6531,646.69617,665.2808,665.93634,83.82590288635562
1072,1,446.69696,814.1032,458.4384,815.6526,473.30167,812.71063,18.713293398267375
1072,3,682.8653,758.93176,692.5364,747.6189,709.39606,737.6674,18.92236413888713
1073,2,739.4275,741.0327,723.6139,740.7761,709.47516,748.13306,28.419316793604857
1073,5,425.84534,800.6818,444.40723,812.923,458.16083,832.18494,21.06810222075167
1073,6,506.81277,224.58647,491.91013,237.24521,472.7425,239.67816,33.11164771063854
1073,7,531.4098,812.769,500.43695,813.71124,474.0506,808.21063,13.517999367986327
1073,9,384.11884,474.9464,404.6579,459.12646,416.79242,442.98514,15.460556036099065
1073,10,305.601,701.73236,294.55197,691.582,298.0298,680.33563,64.61101932703419
1073,4,651.4204,626.3848,668.60236,648.68134,669.2234,679.4086,36.460407336952414
1073,1,446.81363,819.85846,457.46313,813.5667,475.6553,803.9419,2.693045252454075
1073,3,683.2901,757.83856,693.5567,747.18646,709.6342,736.93884,13.542799397810755
1074,2,741.68854,740.5979,724.3037,740.7041,710.1474,747.2975,24.624022896367187
1074,5,425.16153,800.9085,443.84158,812.2632,456.28888,831.356,25.6049164095222
1074,6,501.4238,223.97943,490.88303,236.27246,471.9657,243.80127,27.686464943067918
1074,7,530.79034,813.1594,501.42395,813.2499,476.75897,808.63837,10.766548613708004
1074,8,465.34216,438.7968,465.569,441.84552,469.09055,437.76624,134.9415414907113
1074,9,382.37115,475.77197,402.8815,459.9873,415.7289,443.96667,13.69113553275377
1074,10,308.4096,693.8898,296.07254,685.62115,301.00824,672.3515,76.57188275316142
1074,4,652.18066,631.1639,669.4629,651.8219,669.07166,679.06537,40.73815580474062
1074,1,444.62903,818.10443,457.65247,813.839,475.82547,807.4225,1.3123898433192869
1074,3,687.3441,754.86334,695.0626,745.36365,711.12915,739.4512,30.702537021562613
1075,2,741.89343,740.764,723.3306,741.3012,707.8733,748.3836,22.959032682011387
1075,5,424.97855,801.19916,443.8263,812.6218,456.91193,832.33716,25.20867633274222
1075,6,503.46115,223.57683,490.51816,235.80229,471.44858,243.25754,22.01399686094696
1075,7,531.5201,818.3452,505.7082,812.0744,480.3941,811.74695,12.913929908079048
1075,8,464.39154,437.7978,464.105,442.14468,468.12396,437.26944,144.27046938191924
1075,9,379.64108,476.86993,400.57144,461.3585,414.985,445.4244,11.326286163989687
1075,10,308.74887,704.31177,297.75595,680.77936,304.43088,656.0681,40.15496855613817
1075,4,653.54987,636.0677,670.35297,652.9732,667.7893,678.34973,50.59464301687957
1075,1,442.70688,810.8826,459.59354,813.9106,475.6489,815.5948,4.177342313730839
1075,3,692.0919,754.76263,695.93866,745.4804,710.8662,739.1836,44.61867258939952
1076,2,744.726,738.9508,726.16846,741.926,713.5523,748.5875,18.72629658490001
1076,5,424.9734,801.3054,443.83923,813.3339,457.72345,833.608,23.07479570286055
1076,7,539.1283,817.13275,509.3727,810.8034,481.1435,811.49146,13.404700470956918
1076,8,482.79852,439.0398,463.30493,441.94794,446.33914,437.32874,23.715544490567982
1076,9,380.28513,476.9711,399.99265,462.06763,413.89453,447.20166,9.82162872283271
1076,10,309.02783,708.7988,297.3286,680.6592,303.9921,651.00195,35.238482065849695
1076,4,673.15533,668.44226,677.09125,662.7046,666.6311,680.1571,176.48703956995064
1076,1,442.9619,808.8353,459.95746,813.5471,475.2233,818.53595,2.6018082152901196
1076,3,714.6973,739.82574,699.1352,745.28766,693.46954,754.2125,38.25217213598639
1077,2,745.9357,737.9701,727.46436,741.98676,714.0804,748.67664,14.289671289226346
1077,5,429.84906,816.92676,447.31653,824.04004,459.84982,840.2319,30.10069631390858
1077,6,503.29303,223.87108,490.2003,235.19252,471.4109,243.17105,17.842831985699423
1077,7,526.32697,812.20966,514.8257,812.35114,516.9692,813.1339,159.2336926634013
1077,8,483.3061,440.45908,461.98453,441.84723,441.5904,436.9692,17.176741736240523
1077,10,308.80682,708.5038,297.10864,679.3693,303.70938,649.79865,34.45985428793834
1077,4,672.55756,683.005,669.566,649.36334,654.33344,624.609,26.52435990405583
1077,1,442.34375,809.76654,459.78003,813.9334,471.9842,818.02966,5.113700499216222
1077,3,721.94904,739.94434,703.50507,744.94995,694.1359,754.20575,29.46723857798647
1078,2,745.6687,739.25244,729.0213,744.6707,719.3417,756.4029,32.44703142602427
1078,5,433.69467,819.4204,446.78326,825.5192,459.23746,837.7436,19.482599307438498
1078,7,517.3321,811.0449,516.37634,812.62256,529.4029,813.8134,115.98461087464241
1078,8,481.7722,440.41135,461.6725,440.5305,442.33,437.1192,10.341569975631025
1078,10,306.6029,707.7899,296.8027,677.961,303.26547,647.96014,30.34462903376626
1078,4,660.9693,650.6112,668.69653,650.4019,663.03613,671.1673,106.79916742419785
1078,1,442.22314,811.49536,462.02664,814.5357,477.2179,814.55975,8.637473308591753
1078,3,732.9874,739.00995,711.5602,742.4231,700.1804,752.10767,31.3483240022458
1079,2,745.05145,739.09894,728.3827,745.31415,721.1592,756.1607,35.88870884616027
1079,5,432.82336,819.22015,448.10086,825.541,459.96616,839.02057,26.16766786644744
1079,7,515.6009,811.8612,514.8852,812.1717,523.77936,814.0816,144.42820997235566
1079,8,481.56665,440.74942,460.93527,440.08057,441.57812,436.97302,7.263499527238081
1079,9,378.97092,478.56824,398.60718,463.8013,413.51062,449.1884,7.4920312260551505
1079,10,301.5631,664.7,297.98807,673.87555,299.70526,679.55664,38.10547811901164
1079,4,671.75903,685.56104,667.2923,649.1209,651.78973,623.445,24.134385972081105
1079,1,449.79553,817.2168,466.84082,814.4918,484.73904,814.63477,9.540399498781166
1079,3,745.3975,738.0944,726.3056,742.35345,714.29736,748.03107,12.729585735981447
1080,2,745.2045,738.1771,726.72906,742.55133,715.19,748.1275,12.471898809605127
1080,5,435.2766,822.8344,451.0991,826.92957,462.11465,837.9802,30.580316534155777
1080,7,546.13324,816.529,515.4296,811.47424,486.25647,811.9229,10.22987369486826
1080,8,480.45844,441.86713,461.1345,439.6773,441.88614,436.2768,3.553524201345772
1080,9,378.28302,478.87396,397.3309,464.00888,413.20853,449.1089,5.211956177176908
1080,10,304.53568,652.2922,299.08948,671.70935,302.4471,692.3383,24.912515429286234
1080,4,675.8399,687.3467,668.4379,650.5983,652.14514,623.6912,19.807417786471667
1080,1,454.87262,824.3083,469.23032,817.70294,484.58234,812.97394,7.584289935290367
1080,3,745.29285,739.09503,729.6525,745.60046,721.8766,755.6499,29.684043022674135
1081,2,744.6325,738.6268,724.4218,742.45557,709.1257,749.6454,14.448243751060556
1081,5,433.52737,821.37366,448.64938,826.7295,461.8032,837.3768,19.48540474514387
1081,7,546.77734,815.6317,514.9635,812.12665,491.27975,809.6146,0.23154652169551507
1081,8,478.03168,441.34424,459.46924,439.2847,441.7505,435.491,5.753671480883543
1081,10,305.16287,642.03436,299.6232,670.8526,302.42435,699.28436,16.507847632402743
1081,4,676.127,689.5041,668.94403,651.1944,652.4727,624.23914,20.807945103166514
1081,1,451.17825,823.7876,466.2295,815.3396,484.39612,809.9351,12.737239735268236
1081,3,744.5392,739.2695,726.4723,744.677,716.6597,755.6544,31.544150994956862
1082,2,737.11383,742.99884,716.98724,744.4362,704.033,757.97095,42.170487189657806
1082,5,432.25543,816.7014,446.8882,824.66504,462.16418,836.60144,9.447102453364947
1082,7,548.70856,816.89166,516.5304,811.01605,485.7936,811.34296,10.957362151835559
1082,8,463.47354,440.2161,457.81433,438.79736,453.83054,436.07153,20.30740345397195
1082,10,305.02316,638.91046,301.67505,669.45715,300.97385,701.24695,4.991396782802213
1082,4,676.8373,692.59534,669.4838,652.5543,652.2693,624.3861,21.024196280569257
1082,1,455.42026,818.16595,468.5569,812.43665,484.04306,804.52496,3.4982715807100297
1082,3,741.55286,741.5293,720.5113,745.4082,707.6198,755.2031,26.782581943193655
1083,2,714.9579,754.86664,702.74603,754.0635,703.7539,764.7007,99.17547326798538
1083,5,431.76007,814.0863,446.6985,824.4114,462.70895,838.4959,6.687064683501122
1083,7,550.05054,816.8516,518.0794,811.3031,486.77972,812.4828,12.00396743099589
1083,8,473.3158,440.83377,457.3151,439.00052,441.62048,434.90778,8.079730444733878
1083,9,374.90707,481.21283,395.3408,465.83102,411.5082,451.01587,5.529744006637187
1083,10,304.6801,639.43054,300.87094,668.5014,299.6106,696.95,4.928235519073587
1083,4,676.7119,690.077,669.619,654.0831,652.9507,626.7896,20.264910421950592
1083,1,468.02933,817.038,478.16034,813.4298,483.19946,808.6343,23.977517054875655
1083,3,741.2353,742.0716,719.2993,744.228,706.0938,756.4616,37.19755685947577
1084,2,686.3491,750.1623,696.8086,759.54987,705.96423,770.32196,7.728880454308064
1084,5,431.93665,820.48566,447.5596,826.60956,462.9973,837.05225,12.671771161561546
1084,7,541.3111,816.6191,516.0038,811.2597,492.15982,813.8835,18.236498707440784
1084,8,451.76056,438.73724,455.45593,438.2392,460.68643,438.0431,5.528609807932618
1084,10,304.5264,639.89215,299.05054,669.22864,298.7286,699.7614,9.968906041841805
1084,4,676.9642,691.0172,670.1967,654.9293,654.35834,629.1941,20.98848019239183
1084,1,482.524,820.5962,489.71622,826.6564,491.31073,831.6579,32.19992005562117
1084,3,741.464,742.19073,720.76196,744.0,707.037,755.4489,34.839023753464616
1085,2,688.651,752.0554,699.6978,761.46814,706.10016,774.5526,23.49360107828149
1085,5,431.0254,820.0825,446.72083,825.6646,462.5034,834.2731,9.031852717585735
1085,7,549.08936,815.58167,516.3944,811.29974,487.0368,813.4181,11.588437610312345
1085,8,465.46466,440.218,454.11777,438.18546,443.4731,436.5186,1.2558532652361512
1085,10,301.51923,670.6845,296.91986,677.2886,301.64923,688.4388,57.839342425504846
1085,4,677.93634,693.5874,670.87573,657.26794,655.4846,631.12036,19.48086875260853
1085,1,514.45166,823.4992,513.85,832.03296,503.7855,828.3636,105.99811366963971
1085,3,741.6506,741.4925,722.836,742.0074,710.24817,750.89026,33.64192611450017
1086,2,687.9382,751.5642,699.0818,760.7925,707.0274,773.7572,18.86844462120767
1086,5,430.7801,815.64716,446.47485,824.91003,463.27032,837.47235,6.2463256401784895
1086,7,546.91376,814.9543,515.72516,811.7658,486.72058,813.6067,9.468841134153116
1086,8,473.71094,439.8979,451.22614,438.50137,431.0728,434.61435,7.362712919811065
1086,9,371.41287,482.71207,392.4771,467.87363,409.34277,453.45377,5.367573859916098
1086,10,300.8386,642.5282,296.1498,671.8766,297.78534,699.6157,12.451340402054587
1086,4,679.1011,692.393,673.18854,658.79755,656.8835,640.5604,31.81719126074914
1086,1,537.31976,827.40515,533.44104,832.47955,538.05237,829.87256,156.87467485484663
1086,3,743.1239,739.2898,721.9797,741.4171,706.851,749.188,21.44221444733619
1087,2,688.34045,750.2019,698.2772,760.0217,706.1583,773.48096,14.987885294117305
1087,5,431.65274,813.7759,446.7864,824.8482,462.68002,839.17755,5.846669800022792
1087,7,516.2809,817.0342,517.3693,810.9894,520.106,812.7406,112.40789937442355
1087,8,458.95627,438.91946,450.15265,439.42923,445.9164,434.94415,49.948304792765484
1087,10,303.39627,643.6648,296.94363,670.9245,299.1656,702.38477,17.357284684855895
1087,4,659.1032,636.72546,674.4565,659.27997,677.1019,692.3932,29.676132167298498
1087,1,543.27484,830.93823,548.7863,824.1466,555.9298,818.1341,10.853785243448653
1087,3,740.7443,733.55237,722.09753,742.7399,705.68835,749.0285,5.26157092328742
1088,2,688.9858,750.06586,697.69916,758.8584,704.89545,772.8903,17.58982903859086
1088,5,425.59464,802.20386,444.64392,816.56305,460.89047,836.34186,13.591219925258285
1088,7,534.45667,816.82385,518.9081,810.6602,506.01898,811.52814,25.476273244172315
1088,8,456.32092,438.86002,449.22842,439.75916,446.68457,435.26993,67.68665564793643
1088,10,303.45456,641.87115,296.94632,669.5521,298.6673,701.9093,16.27536280528926
1088,4,672.6593,670.8024,673.5965,661.2901,664.58984,660.48364,90.51023153309828
1088,1,539.9009,830.53094,542.2763,827.55884,551.50214,820.9514,15.756986089848242
1088,3,739.06494,729.67566,722.7995,740.6851,704.289,750.30597,6.62942329603837
1089,2,702.37244,748.0718,695.94073,754.23334,699.73956,770.21643,59.59874390620154
1089,5,426.215,802.81537,444.96472,816.65875,460.40695,835.95074,14.885213504792203
1089,7,552.27155,812.9192,521.60504,811.43536,490.04504,813.89825,7.232397462952711
1089,8,463.35364,439.85837,448.283,439.2105,436.17783,434.85928,17.309577058439746
1089,10,303.63947,640.63513,297.56674,668.165,298.1448,700.44666,13.465361300388144
1089,4,678.0623,697.0975,670.87885,663.1257,659.3133,634.8199,10.285030251448454
1089,1,537.6898,830.616,532.3867,831.4258,538.68176,826.81616,152.46779046687098
1089,3,738.0702,721.94275,727.95337,738.5063,707.1677,746.69293,37.08636399462721
1090,2,708.4598,745.9428,697.913,748.32324,703.2365,762.00085,98.54786131488088
1090,5,426.62564,802.9618,444.99435,816.8829,459.03293,836.7785,17.63543811673502
1090,6,490.2191,231.09402,491.5239,234.00069,490.5068,235.65009,55.83521895073522
1090,7,551.20935,809.12177,520.539,811.8699,492.82928,814.38275,0.06561060592844098
1090,8,445.56888,438.5487,448.3117,438.32397,455.72302,437.20786,3.8802496941839557
1090,9,368.98666,483.47626,389.54034,469.3752,405.95972,457.2205,2.058900348872759
1090,10,301.0384,634.937,297.5424,664.70557,296.26788,697.79376,4.492221191891026
1090,4,678.23865,692.62335,671.39636,665.21655,660.53424,645.2237,14.497532144050503
1090,1,531.46234,837.641,528.4382,832.9565,531.9367,829.1685,75.57033739740736
1090,3,740.6168,725.9005,723.93787,739.8035,704.28754,751.098,9.924282283749806
1091,2,699.0179,763.5656,697.1111,747.3336,711.4587,740.4384,71.03180222808382
1091,5,426.4545,803.02295,444.58386,816.8206,458.6818,836.36914,16.928185527769802
1091,6,492.73148,230.7602,493.8437,234.36293,493.08347,236.9508,33.52702069320179
1091,7,551.6845,808.1147,521.05255,811.4734,493.15842,814.972,0.8917516416874579
1091,8,426.53842,436.38086,446.57327,438.21774,470.33044,440.1047,0.6968932372724796
1091,9,368.2993,482.9121,389.25687,469.65363,406.02554,457.44174,3.7452815432105977
1091,10,299.59546,632.2135,297.90128,662.9504,295.7759,696.2114,0.5016312176569806
1091,4,678.84753,698.74634,670.0964,665.122,657.9298,636.7522,8.624000974368844
1091,1,533.25616,836.91815,527.39655,833.6471,527.51385,830.73987,63.138809963234806
1091,3,729.7393,728.57886,722.02106,740.70447,709.4486,748.0686,27.163163165155257
1092,2,703.30743,756.9867,696.8835,746.95807,702.7942,748.8298,140.21314967508943
1092,5,426.5315,803.08386,444.3844,816.75305,458.8298,835.4926,14.933448748134879
1092,6,494.6683,237.12569,498.04132,235.4295,501.86966,227.16147,38.45813980252728
1092,7,551.35504,810.9649,521.25165,810.43823,491.3356,815.866,11.285855493891793
1092,8,441.71426,438.15262,446.20782,437.80457,458.3868,437.35443,2.312491761400542
1092,9,367.3486,482.43994,388.6271,469.55402,405.48425,457.3687,4.66316670269839
1092,10,298.78604,629.78265,297.8715,661.1299,295.24628,694.41595,2.838280576650524
1092,4,679.36633,698.3206,670.6516,665.12683,658.1014,636.3439,8.848131909374212
1092,1,545.72516,827.0879,532.6528,831.564,533.15704,826.5042,114.59322522177919
1092,3,708.4586,744.80426,721.7021,739.72736,731.2119,725.61926,35.04291032076455
1093,2,710.05493,738.9099,696.6098,747.7239,693.16,766.0698,46.10341355906531
1093,5,427.01904,803.13635,444.6477,817.2223,458.95673,836.5215,14.819464003269164
1093,6,495.90768,235.77861,498.49197,234.87866,502.21237,228.24806,41.503359743802584
1093,7,497.69843,814.16583,519.34735,811.1906,542.59674,816.9015,21.625821175279082
1093,8,458.27142,439.5207,446.33163,437.5479,440.2244,436.264,2.490179051062233
1093,9,366.95187,482.6945,388.02478,470.06302,404.83365,457.67374,5.45355618033148
1093,10,299.26437,627.86865,298.00476,658.76355,293.8771,691.11194,4.93701312751353
1093,4,682.3918,699.63544,671.7391,667.2185,658.9099,636.93274,4.766332032239962
1093,1,549.7505,826.2941,541.41504,827.8029,533.1823,822.30206,44.00956224604299
1093,3,704.7039,752.7011,721.92725,737.9755,739.3922,723.7783,1.4221653187231318
1094,2,709.03937,738.9844,697.5749,748.56006,689.394,766.71765,25.87578493674141
1094,5,426.5915,803.33624,444.6029,816.84973,458.5465,835.8658,16.86916036592415
1094,6,493.2717,235.18513,498.37592,233.34221,505.8726,227.12337,19.824704729529994
1094,7,500.75708,813.9071,519.3786,811.16003,540.77655,817.8744,25.812885056053588
1094,8,440.59274,440.36246,446.2589,437.62027,458.56335,437.10135,23.41007251598031
1094,9,366.96658,480.6307,388.13116,469.3662,403.7749,457.68448,8.726566316043197
1094,10,299.87448,627.32996,298.09595,657.7792,294.25513,689.66425,3.525756094905788
1094,4,684.99274,704.38513,673.32184,669.6222,659.5626,639.01996,5.651040589699447
1094,1,550.09045,821.9211,546.12024,830.21313,539.5943,827.3655,87.98952361140397
1094,3,705.7388,756.0432,721.9863,739.351,739.69824,724.46967,5.736784526566877
1095,2,708.1154,736.4383,697.4112,748.9463,686.4615,765.85126,7.624600108996631
1095,5,426.6187,803.87915,444.91846,817.3296,458.1004,836.9677,19.812647707213916
1095,6,494.42676,234.71233,496.70078,233.23187,502.08493,228.21976,9.885130106215781
1095,7,550.37054,816.9679,521.3529,810.4099,490.62787,813.9615,19.3285848559498
1095,8,423.3143,438.0193,444.0174,438.00458,468.1271,439.59354,3.8113587435578498
1095,9,364.4464,479.05988,386.88794,469.99512,403.04376,458.04163,14.502142394982037
1095,10,300.4884,626.48846,298.13733,657.8964,294.2631,689.2173,2.770433400362294
1095,4,684.41113,703.7181,673.10284,670.60516,659.8888,639.73804,4.3200569427139985
1095,1,553.38904,823.71747,544.3836,829.66943,540.3843,827.53723,61.52579254074654
1095,3,704.2429,757.9912,720.6353,740.8257,739.4061,725.1773,6.503397045014928
1096,2,707.3543,737.0719,696.6497,749.2135,684.59436,764.70575,3.512403040706482
1096,5,425.81134,804.8346,443.6489,816.9519,457.17502,835.78253,20.121296148502655
1096,6,502.06705,232.11816,494.25278,234.7415,489.57224,237.92514,15.665501332744073
1096,7,546.83606,816.7192,518.1538,810.66675,488.07397,815.31714,20.703995249293236
1096,8,457.8342,440.17773,443.31705,437.91693,434.24704,436.06232,2.7045774102479783
1096,9,362.66904,478.35358,385.90268,470.7502,402.46164,458.70135,17.91987676267709
1096,10,300.7519,624.9252,297.995,656.94366,293.9478,689.59717,2.144206015657766
1096,4,683.60626,703.46747,673.21075,671.9053,660.5656,641.31824,4.230867923176421
1096,1,546.34015,823.6704,542.4486,830.60156,547.2053,829.97107,126.86274506505472
1096,3,703.0741,760.5027,719.54584,742.34436,738.9752,725.2479,6.442811776008164
1097,2,706.76666,738.8859,695.7456,749.5205,684.0497,764.8275,8.63933776493501
1097,5,426.2235,805.362,443.755,817.8162,456.7523,836.55164,19.860190295647445
1097,6,498.41843,235.37476,494.56747,234.51176,493.27573,235.02121,34.154687468433266
1097,7,489.79315,816.19946,515.5431,811.96246,541.0621,811.94836,9.312280835054286
1097,8,442.13507,439.31757,442.84283,437.94772,450.08707,437.79105,61.43673261505747
1097,9,362.40594,479.11563,385.5071,470.87677,401.66193,459.3566,15.86467992843451
1097,10,301.01617,624.4194,296.82242,656.7073,294.09177,689.33777,2.6168860751100955
1097,4,685.9309,705.53955,674.9744,673.22784,662.4099,642.7076,3.644702100154987
1097,1,541.79834,818.9764,549.7742,825.6264,554.30133,839.00446,31.48366388230889
1097,3,701.65656,762.7107,718.0523,744.21985,736.12994,725.2985,2.1304705276024887
1098,2,694.3793,755.3406,695.7212,749.55334,695.93335,747.9624,5.459015373568261
1098,5,425.69257,805.1271,443.88467,814.9425,459.92133,829.47565,13.83551271188713
1098,6,503.74582,229.9472,492.6469,235.2668,486.76822,242.99707,27.139919190446996
1098,7,498.03714,814.82837,515.15393,811.3349,535.0851,813.44666,17.583454296465035
1098,8,419.55453,437.54846,442.14377,437.63815,466.8499,440.51767,6.420464726239094
1098,10,301.1122,624.5912,296.4191,656.2958,294.36957,688.9248,4.825884700920519
1098,4,686.5207,707.33655,675.0081,675.26575,663.10876,644.88324,1.640917489076681
1098,1,542.8891,814.8937,549.98444,825.23016,556.41895,836.80414,5.395393751132242
1098,3,729.9,724.982,715.98914,745.1746,700.6109,765.88776,2.028350657118146
1099,2,698.52234,746.18146,695.324,749.4848,691.18494,757.67126,17.25399450769772
1099,5,425.37534,804.3258,443.76382,814.07587,459.45068,828.5895,14.841518801133969
1099,6,509.0664,223.44978,495.40097,229.0483,484.37057,238.663,18.799068629081113
1099,7,490.24316,815.5897,515.9024,811.49634,542.0656,813.6831,13.841723585282086
1099,8,417.584,438.40216,441.2993,437.54825,465.86554,440.23218,8.297181945264635
1099,10,302.10086,624.5456,296.12665,655.80054,295.24905,688.51904,9.284783135149379
1099,4,686.4056,708.1893,674.8516,676.60736,663.3954,647.14276,1.1524999705138566
1099,1,541.2485,815.0833,548.69354,823.83545,557.21136,834.5111,1.8009192063127257
1099,3,698.4391,766.05664,713.6866,748.2495,726.5425,727.0114,9.384624247627762
1100,2,703.03107,736.6101,693.21375,749.70636,679.89417,765.6242,3.0652880031136993
1100,5,426.29184,806.53296,443.25906,814.61884,459.21442,820.13153,6.420067694780455
1100,6,509.21918,223.57784,496.20062,228.63396,485.52982,238.12642,20.430354102050405
1100,7,491.39905,815.0036,516.90326,811.61554,543.04346,815.1157,15.19360549237724
1100,8,417.9323,438.12088,440.6935,437.47977,464.9431,439.68835,6.817422164282437
1100,9,359.27768,478.56186,382.29468,473.31305,398.3158,462.75412,20.541332807837748
1100,10,300.7732,624.27405,295.79388,656.0454,293.73224,689.40204,5.370347719624016
1100,4,686.7105,708.8156,675.97705,677.3418,664.3776,649.5938,3.8554930302478296
1100,1,542.2366,816.53485,548.2427,824.3845,557.10657,835.2633,1.7515596257712136
1100,3,722.21704,729.59186,712.0107,748.852,697.5916,767.75745,9.412459319194882
1101,2,703.49176,735.76276,693.0161,749.2779,678.8483,765.8729,2.709133187108024
1101,5,426.9069,805.95087,443.8798,813.37317,460.08038,818.77814,5.169717300267235
1101,6,509.28958,223.79509,497.827,228.22392,488.17636,236.67786,20.093093458298693
1101,7,493.5193,814.4534,516.4146,811.507,540.7251,817.55774,21.309671738951916
1101,8,448.11893,439.7437,441.57178,437.3849,435.58734,436.97687,15.91281826726872
1101,9,373.04578,476.11072,381.72568,473.1416,383.02798,467.44308,58.24283765888592
1101,10,300.83212,625.0095,295.38483,656.26447,293.53516,689.38684,6.6902606296491625
1101,4,687.87573,710.5219,677.0712,678.98206,664.82806,650.9852,4.710313050492676
1101,1,545.94543,817.1202,544.42004,820.1971,548.1243,829.1546,48.83715510388018
1101,3,720.928,735.1181,710.3034,750.45715,696.6645,767.19,4.4750965215119995
1102,2,703.1697,735.78796,692.78925,749.37683,679.32544,765.64526,2.2354587776408352
1102,5,426.70694,806.25323,442.69806,814.1277,458.75305,818.26685,11.760164484875872
1102,6,509.35794,223.71701,499.21225,228.12137,490.31323,235.7245,17.043671564428927
1102,7,496.07855,812.343,522.5267,812.7737,546.5988,812.92865,0.5637122188148794
1102,8,459.37885,439.59464,440.61517,437.59546,420.96695,436.60187,3.1867803561864467
1102,9,360.29492,478.57846,381.33218,473.20404,396.20215,463.94193,17.586800184824025
1102,10,301.09982,624.8664,296.1714,655.83435,293.8597,688.83923,5.036100460111032
1102,4,688.9974,709.4501,677.0947,678.22894,664.8634,652.6572,4.6937737614323645
1102,1,526.39764,813.5295,545.08185,816.6501,561.4591,823.7405,13.927879929142081
1102,3,721.2628,735.4863,709.7212,750.8875,696.7622,767.31903,1.4138851918627924
1103,2,702.2639,739.0789,692.88116,749.2199,680.59064,762.507,0.027976455118293345
1103,5,427.8032,807.2428,443.99854,814.7182,459.7587,818.93396,9.801267184601368
1103,6,500.26678,233.14221,501.62866,229.30823,504.97318,222.18234,5.587213648260611
1103,7,500.016,811.83905,523.90027,810.6975,547.9669,817.92365,19.44898576900691
1103,8,461.46332,440.10883,438.59634,438.2889,415.66147,435.81073,1.6166473556624317
1103,9,358.24332,478.29932,380.4628,473.04172,397.5202,463.50305,15.901828447227688
1103,10,301.8483,621.196,296.5653,653.4227,294.48648,688.0315,5.872394248667885
1103,4,689.42084,709.9978,676.9022,679.38556,665.46063,652.69775,0.9642863652170506
1103,1,522.8711,813.20715,543.8411,816.5682,562.0867,824.30133,13.863304755507347
1103,3,720.7708,734.3578,708.93994,751.05316,696.827,767.727,0.6743467254428198
1104,2,693.8471,750.3019,691.67224,750.0273,685.8679,751.1432,18.078626627781016
1104,5,429.13812,807.4721,444.9268,814.7281,460.25012,818.5019,10.846673576788165
1104,6,497.68677,238.02766,502.48956,230.03392,507.9954,224.1638,12.167581502175883
1104,7,500.59982,810.873,522.60895,811.1908,544.07544,818.91187,18.9553724577133
1104,8,459.66348,440.0784,437.18146,438.48434,414.97723,434.90726,5.095968389200884
1104,9,356.6949,477.61218,379.1627,472.73193,396.72778,463.53882,15.371512711470405
1104,10,302.12225,619.2826,297.12888,651.6378,294.86203,686.1465,5.014931401090642
1104,4,690.46783,711.07996,677.5666,680.7417,665.93835,654.0695,0.5181329600058628
1104,1,540.01605,819.6968,545.6468,824.38025,552.66705,833.00616,11.106720667137143
1104,3,720.0266,734.9968,708.5477,751.7582,696.26666,767.8414,2.9601535130296215
1105,2,699.7815,737.314,689.5988,751.0271,675.2887,766.21387,6.701829558627321
1105,5,430.275,810.0596,444.82047,816.45294,458.0738,819.67426,10.066342143003185
1105,6,498.508,238.29349,502.4188,229.34271,510.43512,224.39423,34.71131341375626
1105,7,501.48187,810.7299,523.10535,812.13403,544.85834,820.3923,17.073334834050247
1105,8,458.2812,439.95047,436.52783,438.14862,414.6582,434.66486,4.315929358012896
1105,9,355.93393,477.61508,378.2263,473.3316,395.30234,464.31128,16.968181629963745
1105,10,302.66248,616.9554,297.1609,650.0149,294.69403,684.8057,5.392451041679416
1105,4,691.1456,712.46783,678.3357,681.1605,666.39233,653.97906,1.4675378469486848
1105,1,537.5104,819.6265,543.69086,825.2137,553.8561,833.73083,2.1549497701553877
1105,3,719.11426,736.5444,707.7229,751.1758,695.3843,766.8963,0.22381178101882981
1106,2,699.9645,739.56055,690.41815,751.7238,676.4044,766.9327,4.5314665847361
1106,5,429.05045,807.95154,443.30566,814.9068,456.57632,818.2806,11.744151929473206
1106,6,503.3661,234.36275,502.29593,228.46857,507.48892,228.52496,100.91285926997385
1106,7,501.3687,811.1879,523.88214,812.20966,547.1655,820.34674,16.66503495731885
1106,8,457.5434,439.9534,435.9586,437.56976,414.4099,434.4337,1.9787280324859047
1106,9,352.4676,479.94794,376.5969,473.9762,395.0087,464.72342,12.780861725421765
1106,10,303.22363,615.2028,297.1183,648.34894,294.2784,683.1081,5.765887949002605
1106,4,689.99805,712.66815,678.44305,681.68427,666.3137,655.2516,4.196986826849342
1106,1,534.51776,818.096,543.3937,824.8948,554.8669,836.0015,6.6188839686067125
1106,3,718.8815,738.37885,707.64197,750.9841,695.6304,766.01196,3.0869891414810224
1107,2,699.6041,739.3305,690.24066,752.0118,675.40686,766.8812,8.490238863687921
1107,5,429.9239,808.97455,444.00214,814.8224,456.7434,817.5761,10.361526025953394
1107,6,501.96848,235.77852,502.15176,228.28404,509.0438,226.86458,76.96126904757672
1107,7,504.16983,811.5928,525.46136,813.273,543.9322,821.01904,18.239314035250132
1107,8,456.88397,439.73895,435.2833,437.5413,413.89526,434.2902,2.8337941131715922
1107,9,350.64105,481.1964,374.96002,473.91086,394.37094,465.41245,6.967310689766216
1107,10,302.55035,615.66144,297.66776,648.06305,293.8307,680.84546,1.893515600581295
1107,4,689.4906,713.34076,678.808,682.3424,666.2586,656.02637,6.480229269058249
1107,1,532.41626,818.6409,541.70874,824.47894,553.4501,838.90125,18.711494399445872
1107,3,717.29663,740.4881,706.9203,751.7175,694.82135,766.6959,3.808994685033773
1108,2,697.8594,740.3554,688.7927,754.52026,672.0706,767.9972,18.51091901968808
1108,5,427.3888,805.4993,443.02167,814.9231,460.41943,819.0967,17.59240542707515
1108,6,499.17142,238.04227,502.3241,228.27226,513.336,223.7667,49.863497475547305
1108,7,542.51666,823.7344,526.33344,814.52466,507.22156,812.48334,23.547188242663225
1108,8,456.422,439.9188,434.43842,436.84494,413.08377,434.8729,2.6837984613682466
1108,9,349.82953,481.90527,373.92307,474.4614,393.42874,465.9341,6.444576733791316
1108,10,301.4868,615.4844,297.5452,647.16785,293.40414,678.3982,0.4622481497169438
1108,4,679.14624,680.4714,679.46124,684.01117,675.8273,691.6193,30.616378489772632
1108,1,529.1494,825.0313,539.4299,827.20703,553.39545,840.82385,32.32602381949791
1108,3,715.9579,740.9625,707.1883,751.68994,694.63727,766.6904,0.6537193754352586
1109,2,698.2535,741.158,688.09814,754.9069,671.3095,767.48486,16.709052136863676
1109,5,427.88248,806.16003,443.34836,815.1695,459.72943,820.06726,13.57628675173369
1109,6,504.03452,234.80647,504.50632,226.52898,513.18945,226.33977,85.48947741283652
1109,7,529.3183,824.7398,528.23126,817.2439,525.72217,814.605,35.30407548266922
1109,8,455.66986,439.72577,433.6262,436.82285,412.13913,434.96304,2.5551223068521867
1109,9,348.6061,482.60614,371.62558,475.47308,391.51324,466.7494,6.46793230692436
1109,10,299.6595,615.2731,297.5954,645.47,293.3442,677.2351,3.7124091019832113
1109,4,688.356,718.64557,678.1179,682.9726,666.7025,653.73944,5.316992300865835
1109,1,522.36554,827.0708,533.33655,828.6152,547.2028,839.6447,30.486718461098313
1109,3,715.61365,742.4466,707.1124,752.2875,694.2792,766.4691,1.3201206852371212
1110,2,698.0263,741.3314,687.40375,754.82904,670.214,767.0418,16.404870960247568
1110,5,426.54688,805.91156,443.4856,815.23566,460.75595,825.3919,1.6275054743496473
1110,6,502.04608,235.59987,506.22827,225.8473,518.218,225.32298,64.28490581406783
1110,7,509.8774,810.6766,530.82153,815.6796,552.4715,827.9419,16.091838121832065
1110,8,455.6493,439.82587,432.53568,436.9556,410.1561,434.73746,1.41830727390907
1110,9,346.30994,484.403,369.47345,476.37958,389.96335,467.73035,3.7804590506046023
1110,10,296.95218,615.7099,296.64978,645.5924,292.11102,676.7106,7.718614606517233
1110,4,688.20795,710.2978,677.6285,682.88873,667.3438,661.73535,4.822961048035112
1110,1,521.1118,828.00183,536.22925,828.56256,548.70087,836.2776,29.616991761656564
1110,3,713.65234,751.1071,707.83545,752.348,693.8611,759.4592,14.928160137678342
1111,2,697.3094,741.97675,686.21497,754.8441,669.60425,767.1373,12.727369259726652
1111,5,426.9113,804.4686,441.53717,815.8194,456.32275,823.1021,11.591327365423469
1111,6,503.94653,234.31389,505.71924,226.40683,515.53827,226.4103,77.38385962327165
1111,7,510.94342,811.0719,534.4855,817.3804,557.27576,831.2676,16.35503824802907
1111,8,455.1062,438.8247,432.01498,437.283,410.9835,432.44382,9.1380051155396
1111,9,346.5691,484.18707,368.95825,476.72415,388.5225,468.36572,4.698987611148994
1111,10,296.66132,618.203,295.41898,647.2938,291.8286,677.84937,4.256297634078115
1111,4,685.5581,705.8738,678.1512,683.4048,670.68146,669.768,10.46745434362789
1111,1,525.59546,819.7049,542.5767,826.5787,561.23926,841.89874,17.345146328001977
1111,3,713.9754,749.7876,707.485,751.6136,694.49786,759.784,16.461451869524943
1112,2,667.9522,767.7815,685.02295,754.8665,697.4105,742.3758,8.127964564162612
1112,5,426.2048,804.23895,441.4945,817.9459,456.61435,824.8062,17.470610315548456
1112,6,503.81946,231.78265,507.06897,226.7747,520.2331,221.37003,34.70049886867797
1112,7,509.93527,813.2337,525.5376,818.2673,539.0173,818.881,15.273772116507526
1112,8,454.60712,438.50275,431.11505,436.4706,409.51074,431.3658,8.350401596115695
1112,9,345.9803,484.80685,367.65955,477.2353,387.2647,469.31097,2.756408107614251
1112,10,296.76474,618.75323,295.80722,647.5272,291.48273,678.1781,6.124839251667569
1112,4,677.871,688.3087,679.0194,684.90015,680.2611,688.56525,142.66410254577886
1112,1,561.3709,837.5816,542.74786,824.3278,526.6359,814.69653,4.569089763150147
1112,3,713.8521,749.8207,707.56,750.90076,694.59845,758.7156,21.346516763780354
1113,2,697.8068,743.0917,685.25024,755.64966,668.24243,767.4403,10.271613325653812
1113,5,429.70575,809.5991,445.70233,820.2618,462.57617,825.0485,17.848292529024622
1113,6,502.66425,232.53107,507.189,226.60622,520.5678,220.42555,27.835669247178863
1113,7,488.7257,830.84064,507.5842,825.1325,525.5444,828.8387,28.499753246603692
1113,8,454.45847,438.57483,430.74323,436.57974,409.66827,429.56973,13.589519490305802
1113,9,345.8611,485.2209,367.2828,477.26608,387.1222,469.7872,0.2818552568026587
1113,10,296.40982,618.37646,295.82666,647.89886,291.3048,678.7232,7.213982237637749
1113,4,668.2339,662.4055,678.25696,684.6427,688.802,711.1457,2.565900905499353
1113,1,556.3614,835.37415,544.6824,823.26874,535.3939,817.96765,16.312864953373122
1113,3,713.1131,752.9166,707.4509,751.36505,694.87335,756.56573,37.78881742743835
1114,2,696.3746,744.6828,685.19635,756.75775,668.9741,768.6201,11.032603343372942
1114,5,430.01917,811.3079,449.05457,819.4078,470.09708,824.85114,8.546907347946235
1114,6,507.4392,229.53777,507.50806,226.92026,518.3924,222.77988,67.66659454088939
1114,7,476.47443,824.3868,496.79672,827.3444,514.89746,835.41504,15.750269142521102
1114,8,454.39444,438.99127,429.9917,436.0525,408.2449,427.74414,14.04235711091193
1114,9,345.70407,485.11615,366.9779,477.25104,386.9141,470.01465,0.340348762865499
1114,10,299.6912,613.7926,295.87784,644.81006,292.61795,677.6586,1.3411507818155937
1114,4,665.3775,656.14087,678.62946,685.45953,691.2457,716.22644,2.0262268109095776
1114,1,552.139,842.6785,547.5651,827.7064,535.29266,820.35266,42.082137410163256
1114,3,711.9011,754.06726,707.2797,750.8902,695.5164,754.9846,53.698605757302225
1115,2,697.489,744.33856,684.67584,757.2495,666.62177,768.7686,12.678541485876044
1115,5,429.73892,808.8512,448.74527,817.89655,470.93335,824.7548,8.274123700669374
1115,6,517.2337,226.53221,507.3326,225.50069,507.53943,230.79008,98.18693132053573
1115,7,478.34186,820.94794,497.3216,825.15076,513.563,830.625,6.140662834539919
1115,8,454.53854,438.61786,430.29782,436.03802,408.63873,428.19904,13.82163902881352
1115,9,344.85,485.3438,366.3784,477.53943,386.26474,470.19614,0.340348762865499
1115,10,304.09885,614.62683,296.75592,640.39075,293.4626,668.08215,9.12563208280504
1115,4,665.15894,656.3241,679.0659,686.7626,692.38696,718.5147,1.7955865697639204
1115,1,549.64557,842.7388,551.1993,832.3523,558.74414,829.3273,59.6444775149139
1115,3,711.00464,757.7516,707.2722,751.3901,695.2039,750.91205,57.33071819466981
1116,2,697.30414,744.93896,684.36255,758.15173,664.6063,768.2333,18.558973549897033
1116,5,428.6445,807.9755,443.63217,818.4714,457.7916,828.0276,0.9877435433523736
1116,6,514.7535,226.64407,503.40747,226.42253,498.4922,234.18573,58.77859756802322
1116,7,478.5129,821.8911,497.97543,826.1266,513.55884,830.0996,2.0258404179325584
1116,8,454.17776,438.1527,430.03226,435.66748,408.2696,427.11603,15.575337051990168
1116,9,342.95325,485.91614,365.1964,477.27502,385.7366,470.12625,2.0403760180006763
1116,10,303.3935,617.04846,295.95728,645.65216,293.53006,674.25037,9.721583127607184
1116,4,665.16455,656.93994,679.12195,685.885,691.6876,717.1157,3.8259731147431633
1116,1,558.51056,829.7921,550.06055,832.25085,549.8412,842.6914,72.57270722151775
1116,3,706.8509,760.4861,706.2963,751.94116,695.08093,748.11816,67.46397542364305
1117,2,683.533,756.8149,683.86066,758.14636,677.0583,760.4512,85.10643505263192
1117,5,427.14316,806.6648,442.3509,820.3515,458.96442,827.66156,18.236869743650907
1117,6,513.02124,224.95964,500.9611,226.75523,494.86325,235.3653,46.22465862403294
1117,7,478.39185,822.2475,498.69815,825.8789,516.8415,829.8334,2.1564024312643206
1117,8,448.88623,438.54813,429.48395,436.50595,412.89066,427.33633,22.916963382446134
1117,9,341.99405,486.3847,364.2443,477.8516,384.11548,470.8597,1.597039294875087
1117,10,295.1449,681.09546,298.08112,658.7503,303.18933,639.3301,7.251090859106693
1117,4,665.36865,656.87585,679.41974,685.7827,691.9096,717.4217,4.3811920920903535
1117,1,554.7767,840.46405,545.8892,827.3122,536.1079,823.6326,35.33542418935529
1117,3,697.8691,764.2224,705.45654,750.22626,702.0697,733.8203,40.126865674543254
1118,2,685.50354,754.3179,683.56305,757.92084,674.03357,762.32635,36.882632923251286
1118,5,429.50574,807.2648,447.16318,819.7947,466.14893,830.8636,5.117185963338554
1118,6,512.91504,224.7298,501.2699,226.98576,493.2579,234.80284,33.33064519139123
1118,7,480.48242,823.26404,501.62186,824.6592,522.0596,829.31805,9.065553315549517
1118,8,452.37088,437.38617,427.51395,435.67264,407.24188,423.32236,27.407386468506306
1118,9,340.0059,489.0693,361.9199,479.3329,382.0267,471.80594,3.4323930564587948
1118,10,295.28964,680.4105,297.745,659.8646,302.15903,641.56757,6.748198475453447
1118,4,665.24945,656.7634,679.6433,685.8058,692.27734,717.07794,4.364844316034275
1118,1,530.3582,813.842,541.67395,823.7475,554.98505,835.5784,0.4334104080658669
1118,3,694.64,757.8302,707.76636,739.75226,700.11163,712.7782,51.82622252818839
1119,2,663.6848,766.43713,682.1628,757.8462,694.2887,748.82654,11.707990039999512
1119,5,435.27908,813.3732,447.66498,827.28485,464.87845,838.0361,16.33230721532464
1119,6,512.70734,220.94775,501.47095,226.91199,493.5143,229.68607,8.738106026322754
1119,7,490.5473,826.3215,509.22668,826.08075,526.4856,833.2621,23.330246032248418
1119,8,450.415,438.049,426.04657,434.45996,407.1673,422.03113,24.979762091563874
1119,9,337.67404,490.2266,359.8277,479.7507,379.84732,471.87976,3.845525438825804
1119,10,296.55682,680.8777,296.85715,659.7027,298.98026,642.6793,6.296471247330662
1119,4,665.20764,656.0338,679.4017,685.4868,692.0852,716.8118,3.6873237882645022
1119,1,518.2589,809.0016,536.70215,817.448,553.1173,831.4131,15.782997361003005
1119,3,695.9681,757.21857,706.23724,737.42096,700.4105,711.8519,40.253562322596984
1120,2,660.7723,768.2147,679.7462,759.6284,692.001,748.9823,16.633662879340434
1120,5,436.32462,814.20984,447.46707,827.20514,463.70087,837.11566,17.98596598676145
1120,6,513.23627,220.05264,501.76254,226.80582,491.75702,229.71765,14.25387481231062
1120,7,495.8425,824.41766,511.32373,827.3495,526.897,837.0199,21.11513493842031
1120,8,449.17368,437.8987,425.01395,434.22363,406.39395,421.90735,24.833554192906632
1120,9,337.22852,490.39044,358.01596,480.02905,377.43018,472.01764,4.069819074188664
1120,10,297.068,672.5759,295.39304,655.1145,299.5174,648.63556,37.95921973392691
1120,4,665.3108,656.03394,679.15515,684.68616,691.72046,715.70966,3.739945006835822
1120,1,512.67303,810.2605,532.66754,816.41223,551.7021,828.26306,14.804609310933351
1120,3,695.70624,742.8144,702.3644,728.035,699.1852,711.0163,34.83287186958107
1121,2,692.0767,752.589,678.6856,759.96216,659.4068,766.4379,10.270004427934401
1121,5,436.53015,813.54553,447.3175,827.37506,463.903,837.6433,20.28289713431693
1121,6,512.48834,220.9865,502.51233,227.53333,493.93222,230.10123,16.613488606247625
1121,7,508.92096,827.16406,509.69504,824.922,506.15683,820.72815,59.200555604134884
1121,8,447.90512,437.90442,423.70114,434.08356,404.6147,421.06198,25.332697902009972
1121,9,337.00092,490.4444,356.68692,479.8138,376.27655,472.58246,8.108133701494058
1121,10,294.75778,678.0801,295.66736,649.63574,302.92105,623.66516,13.773726300598153
1121,4,665.82623,656.66144,678.8581,684.16956,690.96674,713.6723,3.0346717594614137
1121,1,521.90125,813.89233,528.5294,813.9174,532.0987,818.90076,54.17133413920681
1121,3,696.1611,741.07153,702.1348,728.56256,700.0396,711.59564,32.56687706122468
1122,2,667.5707,766.0945,679.77985,759.449,683.8318,753.97925,24.909515537487216
1122,5,438.23907,815.93774,447.96304,827.3731,462.7153,835.93335,19.498945249922905
1122,6,504.27216,229.6673,503.52145,228.26193,506.84882,223.30307,61.971071737623895
1122,7,508.98624,825.72375,507.7723,820.3594,502.4005,813.0984,23.74369378375038
1122,8,447.12332,437.75366,422.7689,433.90887,403.41156,420.55716,25.624823059031208
1122,9,337.5465,489.8043,357.50256,479.32776,376.85394,472.94022,9.431443201461626
1122,10,295.46936,674.5585,297.672,646.49225,307.25204,623.06537,17.753965623648323
1122,4,665.5478,656.31525,678.8332,683.9991,690.81934,714.45337,4.152656224106495
1122,1,514.1145,816.3517,522.252,812.9505,528.409,811.82635,12.336044158375433
1122,3,697.3982,738.53143,701.55035,725.9234,699.698,711.7569,25.67759278064744
1123,2,658.41455,768.127,679.69086,759.3906,693.6795,748.8775,14.602747035764
1123,5,440.75104,818.49396,448.73032,827.1109,462.13687,835.78296,14.303473225092423
1123,6,498.41452,238.27762,504.24817,228.85153,512.86884,222.41466,21.499371096258642
1123,7,501.33792,820.09357,501.28958,817.10144,492.2425,817.43164,91.16467879376496
1123,8,446.83264,437.43402,422.4668,432.79922,403.4893,419.84875,23.54012632193337
1123,9,337.20566,489.7217,357.66772,479.9441,377.25446,472.75943,5.396701108466347
1123,10,300.10687,656.63025,299.65408,644.9026,309.1982,638.11816,56.80397704096868
1123,4,665.6435,656.9913,678.60406,683.96844,690.5234,713.46313,3.6564484263569694
1123,1,534.1397,820.3804,523.3527,816.5303,505.44928,809.5548,1.6441343803664625
1123,3,697.07544,735.24304,701.6485,725.22516,700.8073,714.7674,29.134981203384122
1124,2,654.7682,768.47504,676.54706,760.6186,692.7926,749.9876,13.364247663532877
1124,5,444.7507,822.3345,449.23727,827.7027,459.1507,831.4501,29.405205256052163
1124,6,510.5751,226.44156,502.769,227.75096,497.78342,233.04315,37.18646111302109
1124,7,489.03745,819.0832,501.23077,817.1906,503.9514,817.5286,15.904931764884006
1124,8,446.03543,436.6953,421.82327,431.28958,403.56747,419.22992,20.862760029312707
1124,9,336.29437,489.5958,357.6393,480.79553,376.88147,472.9255,0.16071255014426922
1124,10,297.96255,656.93335,299.40344,645.72253,307.2207,643.67017,67.96550257203721
1124,4,666.15137,658.18933,678.6625,683.94543,690.2263,711.4992,3.1413657344248263
1124,1,512.3623,818.86554,520.043,816.48157,517.7332,808.76276,89.41604985770806
1124,3,695.1444,726.5328,702.454,727.03424,700.2612,724.1433,131.10461143545248
1125,2,654.0132,768.3985,675.2358,760.8643,692.6498,751.0476,9.865815241554765
1125,5,445.2912,823.6779,448.79053,827.7073,457.931,829.51935,37.81371781394374
1125,6,513.2616,223.40125,499.1202,227.58084,488.69467,235.08627,19.28497507781886
1125,7,479.84216,819.34686,507.2235,816.51886,517.9507,813.4901,9.86994021443772
1125,8,446.11203,435.74362,422.51126,430.57465,403.87634,419.10516,19.257916647599384
1125,9,335.4122,489.3447,357.43887,480.96487,376.46146,473.23294,1.291042948882604
1125,10,295.44653,673.6472,298.57797,646.17126,307.487,620.7039,12.778993671054954
1125,4,665.43414,655.8257,678.68164,683.4395,690.6936,712.7901,3.3716202396584474
1125,1,500.67545,816.033,520.5452,815.7668,522.8428,807.98944,72.77439186879946
1125,3,695.01086,735.1248,702.8187,728.0137,700.47284,717.78876,60.59542067577805
1126,2,654.09796,768.48517,674.61993,760.53204,692.0013,751.85254,5.352108949699656
1126,5,437.44385,814.3747,447.21558,827.52075,462.5544,836.7059,22.462046580913825
1126,6,511.3092,223.31114,497.27084,228.08432,486.3154,237.83035,22.877957113627364
1126,7,511.32938,828.4903,509.8462,820.22144,495.90356,811.69495,48.383495412836695
1126,8,445.61572,435.01715,422.43005,429.92804,404.87592,418.45145,20.796222996409824
1126,9,334.22998,489.28546,356.09055,480.99237,375.07556,473.53265,0.6763748639922953
1126,10,295.8449,669.56537,299.83203,643.85693,308.38007,619.15857,10.27484951952214
1126,4,665.58594,656.42303,678.6062,683.1387,690.3967,711.36786,3.31398927561596
1126,1,506.32037,816.3994,521.765,816.5027,516.3868,808.10706,123.02670545519445
1126,3,695.5528,749.2678,703.93,730.4141,699.12415,708.1347,36.12948529984061
1127,2,654.07697,768.6341,674.1979,760.46436,691.5628,752.1181,3.571934771311645
1127,5,464.14572,838.65234,446.4977,827.4208,435.09814,811.93353,21.171109718411664
1127,7,513.0013,825.7847,510.62494,824.7341,489.1311,818.5285,7.7476238398654065
1127,8,445.80658,435.8158,422.49658,429.8618,405.81097,416.9396,23.427481008777754
1127,9,332.23584,490.50955,353.82303,481.43842,373.24683,474.20065,2.3560924821266043
1127,10,297.0558,660.9945,300.3751,641.7113,306.91882,623.4335,9.931254835148588
1127,4,665.55316,658.4495,678.61,683.355,690.3816,710.87946,4.510670753682713
1127,1,506.7497,816.92505,521.8785,816.854,516.16595,807.6603,121.5857039214674
1127,3,696.01904,749.52313,703.6848,728.14026,698.8557,705.1155,31.568015347397054
1128,2,654.5116,767.22675,673.4824,759.841,690.25464,753.9062,1.7857504596156981
1128,5,436.46103,813.44366,447.0746,827.629,463.93954,838.0056,21.59304057746089
1128,7,518.3365,826.44904,510.93494,823.9487,486.3165,818.62573,6.464717935714216
1128,8,444.96518,436.28967,421.44647,429.22308,404.28745,416.33826,20.179360335375303
1128,9,329.92285,491.47025,351.93152,482.00784,371.9826,474.57306,2.9202726987064813
1128,10,296.13074,658.0311,300.4658,639.99335,307.6237,623.4748,9.914528424081691
1128,4,665.00214,656.30554,678.455,683.289,690.7449,712.9313,3.9798053454683724
1128,1,517.71655,821.58405,520.5864,817.1164,511.85428,802.97705,64.41392884209081
1128,3,695.92255,751.2955,703.6742,727.984,697.96106,704.79156,32.23175138693058
1129,2,688.3748,752.6471,673.1362,760.4293,654.0772,767.86694,5.735281065735967
1129,5,437.3352,814.84406,447.3573,828.6049,464.11832,837.4616,26.081570168450536
1129,7,515.6128,825.04517,510.8281,824.8318,487.9347,818.01385,14.030684357207555
1129,8,443.8202,435.81528,419.52948,427.8523,402.2843,414.45395,19.694616598811983
1129,9,328.16714,491.66568,349.8736,482.76898,369.88348,475.03482,1.1545356605332129
1129,10,294.1442,664.7493,299.3548,639.99304,308.16992,616.8018,8.926253347021175
1129,4,664.8301,657.06165,679.8182,682.93896,690.6379,714.55237,11.185829059123677
1129,1,495.08698,815.5094,517.0068,817.4151,515.3392,804.362,102.2491843950463
1129,3,695.0014,751.6358,703.39355,728.3943,698.2318,705.1831,32.39138825411348
1130,2,690.8559,751.6484,671.37305,761.15375,650.66644,769.63245,3.739526133348222
1130,5,453.79547,828.64734,448.57837,829.7764,449.27545,826.2732,113.46553270941499
1130,7,515.29565,824.81256,508.29593,827.29333,485.7911,818.25275,41.40105573766559
1130,8,443.12418,436.19974,418.8908,428.07574,402.14062,414.49026,20.511071487987486
1130,9,327.83838,492.03925,348.71783,483.15756,368.7189,475.74274,2.7030571129245633
1130,10,303.5301,643.9747,301.66592,634.9323,300.31995,640.26733,154.19143676025294
1130,4,664.3553,658.9206,680.42444,685.00104,692.52783,718.1959,11.606105003056243
1130,1,487.96994,815.1037,513.14545,816.8543,515.88666,801.4176,83.90825967419232
1130,3,694.78375,751.4732,703.3276,728.774,698.65015,704.3929,31.486024427712817
1131,2,689.9395,752.35944,671.4352,761.1142,651.0794,769.71423,2.4164606489430063
1131,5,437.9238,815.53546,447.79688,828.2897,463.8248,837.1345,23.36474109471413
1131,7,510.59146,832.00806,504.3771,828.82263,480.2663,826.5214,21.687313591719736
1131,8,442.6735,436.07614,419.84564,427.9313,403.91827,414.46277,20.58251197502865
1131,9,327.28085,492.6077,348.4636,483.08832,368.36194,475.66516,3.740573229243568
1131,10,318.5042,599.09174,303.26416,629.2802,293.0432,662.7807,9.819165918482533
1131,4,664.9841,660.9417,681.11707,687.34875,692.7977,720.3055,11.906665922138224
1131,1,517.284,826.5463,510.64148,818.2398,501.4453,803.172,7.25198369015384
1131,3,694.9062,752.3189,702.03845,727.5869,699.6744,702.73346,21.520281124484313
1132,2,689.8379,752.6864,670.5396,761.916,649.3796,770.7497,2.9009704310524063
1132,5,441.333,820.15814,448.70987,828.7789,461.7451,834.3192,26.41909291568227
1132,7,504.28354,829.9103,500.64194,828.3009,479.94717,828.1107,23.316082487165094
1132,8,441.29425,436.26886,419.28427,427.51306,403.46936,413.84177,19.148804973765667
1132,9,325.61682,492.83224,347.16574,483.21426,367.6343,475.9938,4.622028597223319
1132,10,318.8331,599.294,303.42688,629.0825,293.37372,661.9655,10.347693877965838
1132,4,664.9865,662.538,680.1696,687.9876,693.0097,718.6727,8.113386309595626
1132,1,518.68,825.27594,512.36774,817.5518,503.85806,803.0438,8.862352358476747
1132,3,694.6487,752.8391,701.5033,725.86566,697.579,701.7793,23.51215824935445
1133,2,689.6063,752.56494,670.0477,762.09705,648.74634,770.5249,4.396677424281899
1133,5,464.72012,838.2965,448.1695,827.9227,436.75656,813.5966,19.37821491031015
1133,7,505.46094,830.98254,502.60336,827.5799,480.00418,827.65173,50.15829541887061
1133,8,439.25238,435.9427,417.43878,426.8933,401.73657,413.3448,18.257875960890058
1133,10,318.47552,599.285,303.2837,629.0686,293.11826,662.28595,10.009325418650604
1133,4,665.98315,663.75104,679.7755,690.77686,693.3455,720.3523,2.3901551928021187
1133,1,522.5575,825.3189,512.88367,817.873,500.4721,807.5672,2.1187715706055905
1133,3,693.77264,753.0186,701.61707,725.94324,696.8833,702.5107,27.578629377712257
1134,2,688.7782,752.7152,669.7631,762.2476,648.4527,770.2906,5.947485466282496
1134,5,464.4659,838.38904,447.39603,827.4087,435.96463,812.6069,19.56971439378172
1134,6,499.79105,231.8526,496.21072,235.41203,494.28424,236.98485,5.603535621069337
1134,7,505.91122,827.2917,503.87738,826.83466,478.60425,821.2512,0.20747905542313175
1134,8,436.85754,435.58408,414.51813,425.2522,399.4278,410.77524,18.991232640028887
1134,9,325.83603,492.52277,346.3553,484.36325,366.25223,477.41483,2.435179729211405
1134,10,318.1351,599.9448,303.70084,628.276,293.4865,660.70325,9.514092495801915
1134,4,667.1251,664.0126,680.36145,691.1436,692.11237,720.05786,3.8890712083593497
1134,1,521.0619,827.9329,514.9092,816.4332,506.10104,803.1031,5.3072539922913915
1134,3,693.80444,754.4766,700.8036,725.9792,695.6841,700.9882,25.37617048354475
1135,2,687.9129,753.4868,668.8349,762.72327,647.50726,770.21875,6.469841981681008
1135,5,464.32687,838.77844,447.04617,827.1927,435.46274,812.4852,17.936739962456777
1135,6,496.21606,237.05849,496.63168,235.37065,498.1415,231.32916,6.651218719809004
1135,7,504.29666,827.01843,503.00372,827.05963,480.26474,820.9772,16.800555220917808
1135,8,435.35257,435.3349,413.43677,424.8766,398.38608,410.37073,18.43328138627882
1135,9,325.50568,492.59677,347.07175,484.24933,366.77954,477.04932,1.090380611976408
1135,10,319.57007,598.1561,304.1462,627.76245,293.53607,662.40045,10.4873611018591
1135,4,667.68445,664.3452,680.1027,690.88495,691.5632,720.13196,3.6777529573794734
1135,1,525.11523,826.4336,514.46954,820.08673,505.51794,811.06213,14.429671872956465
1135,3,692.94794,752.5566,700.7859,725.98193,697.28925,701.66986,24.617284657485882
1136,2,686.3805,754.71826,666.4616,763.5172,645.8807,770.689,4.621096137088564
1136,5,434.03912,809.7123,446.33163,825.6694,462.3844,839.41345,11.821684023658726
1136,6,495.49084,238.96352,496.63986,235.18213,498.7246,228.72897,1.0015151293491533
1136,7,491.30298,826.09644,498.73376,828.404,484.03235,824.50885,177.58791720739578
1136,8,433.63858,435.31876,412.44214,424.1729,397.77444,409.78268,16.715916309303015
1136,9,324.50662,493.04547,346.27872,484.37796,366.14688,477.5798,2.8184867627136057
1136,10,320.1137,594.45233,305.36118,625.27466,293.40878,661.3013,7.223222848803399
1136,4,667.94073,666.6252,679.962,691.14777,689.91187,721.0872,7.731216327641482
1136,1,538.7463,810.99365,524.3737,822.9917,517.6717,825.72473,17.669482917906326
1136,3,692.77325,751.31226,699.752,724.45807,697.38403,698.8451,19.849662658161048
1137,2,684.7487,755.28265,665.2005,763.8081,645.30054,771.00775,3.6734912617689406
1137,5,434.55917,810.8866,446.7291,826.87933,462.82266,839.6176,14.368008793466226
1137,7,490.9824,829.51044,497.45636,830.07764,484.1369,830.3795,173.69462930401954
1137,8,432.52835,435.68863,411.84766,422.82904,397.1191,409.09406,11.126824127246968
1137,9,323.16763,494.2896,344.2135,484.8541,364.9396,478.42264,6.90873176648156
1137,10,320.551,591.1205,305.87955,623.37085,293.0106,659.8354,5.023089878294446
1137,4,690.2989,718.8306,680.3534,690.9631,669.23834,670.0254,8.321521850925409
1137,1,538.14343,822.58154,522.99396,829.4983,519.7626,842.51013,51.513340980482205
1137,3,691.85583,751.5072,699.3625,725.53754,698.2978,698.6344,18.388493520149826
1138,2,682.7224,754.6333,664.8597,763.0992,644.23914,770.4678,5.694228315363079
1138,5,435.29272,813.3361,445.95236,827.5546,460.72757,838.8315,15.789173607209111
1138,7,492.49005,828.2301,499.01468,827.4156,482.1786,819.95557,148.9861978395432
1138,8,432.78418,434.97256,411.98218,421.9605,397.19235,408.78174,9.676500679908083
1138,10,321.382,593.82495,306.1927,623.81775,293.1978,657.5143,5.7702374475944564
1138,4,691.57416,723.9778,679.7993,690.49084,668.0845,664.06726,4.537082419565252
1138,1,536.44525,824.0796,522.6688,828.23773,519.31793,842.3896,59.88338387308433
1138,3,692.8919,738.67334,698.30927,716.54974,696.0145,692.5448,19.21972430086619
1139,2,683.51385,754.50415,664.9019,762.9537,643.62994,770.6855,4.442325248378268
1139,5,436.51535,814.93146,447.36285,828.39276,464.1321,838.4278,20.24005867856665
1139,7,493.777,829.005,498.21796,827.10034,481.6439,819.94196,133.42650317549405
1139,8,433.2497,434.41272,413.05997,422.16028,397.33585,408.9792,8.720058715014172
1139,9,320.25922,497.05304,342.14572,485.78397,363.47214,479.2365,10.17627714048115
1139,10,321.43066,590.8358,306.77933,621.38904,293.42728,655.15765,4.045591401955931
1139,4,691.6148,724.1794,679.7344,690.23645,668.24994,663.7358,4.139477530696063
1139,1,535.195,824.5774,522.6093,828.6299,518.39526,841.79913,54.407630393117216
1139,3,692.83826,729.0615,696.99854,713.6123,692.64954,692.5976,26.763818103135087
1140,2,683.47,754.4846,664.5697,762.9072,643.59735,770.942,3.056974321031575
1140,5,437.56174,816.7457,448.21,829.1086,465.08286,838.2182,20.896833499290892
1140,7,495.4642,829.64124,498.7671,827.0004,480.8718,819.7597,119.32703002731532
1140,8,432.7253,434.41272,412.72037,421.6896,396.80328,408.25125,7.717165114570624
1140,9,322.14117,496.3683,342.97775,485.88208,362.76758,479.38458,8.537986934675402
1140,10,321.1152,590.5145,307.43204,620.1261,293.95566,652.4752,2.1848946870810377
1140,4,692.82587,724.8185,679.9343,691.2324,668.45605,663.31635,1.3527732938613595
1140,1,532.6008,826.16516,521.3921,827.2226,518.96747,840.3274,74.12845169976906
1140,3,691.9479,731.7243,696.5258,713.6715,694.1272,693.30145,20.945246066636983
1141,2,682.4845,755.39465,662.29016,764.1977,642.9058,771.8585,1.9888893397418004
1141,5,438.07184,821.54517,446.61545,828.4664,459.16656,835.0736,11.247522726882101
1141,7,493.2431,825.9626,499.98413,827.0334,487.80832,823.8985,174.5876713688415
1141,8,431.73392,434.4562,411.81064,421.16367,395.09863,407.75375,5.0333375450731825
1141,9,317.9367,497.95673,340.30093,486.84796,361.71317,478.83618,5.900166730931817
1141,10,320.6813,587.1915,307.61032,617.959,293.8681,649.5012,0.5241405410628864
1141,4,693.382,724.6855,680.5111,692.5661,668.6164,663.52356,0.43566191667554527
1141,1,536.5103,821.65015,521.46936,825.47797,516.16315,840.1391,55.82532093237685
1141,3,688.80945,720.27734,691.164,708.3185,691.4635,694.8524,9.864280395547972
1142,2,682.2725,755.50854,661.7884,764.7054,641.19403,772.2178,4.1379159895234405
1142,5,432.70438,815.89417,442.80035,827.79736,456.08746,838.44727,10.98332966673074
1142,7,494.65088,824.02466,499.80264,827.35077,489.25824,827.9223,144.05014317038209
1142,8,430.42883,434.18143,410.66336,420.36023,394.7905,406.40836,6.351194490282948
1142,9,319.2351,498.54443,339.4629,487.09763,359.80597,478.42487,6.415576482613483
1142,10,320.9725,587.0608,306.22998,617.16907,293.92694,649.1143,5.025585525929083
1142,4,674.5643,709.9997,681.06866,693.9377,674.9216,682.35693,50.00522722103784
1142,1,534.6331,822.1656,521.2259,824.7033,516.0759,839.32385,59.87747345176815
1142,3,685.10095,717.0843,685.7553,701.7777,687.6589,689.1735,6.140343568226169
1143,2,680.3529,756.12177,660.9272,764.91113,641.3505,772.8089,2.374462922538928
1143,5,424.2678,816.0463,437.06183,827.8335,454.0032,835.4709,18.387952221782584
1143,7,499.50644,825.764,498.84775,827.44904,487.46964,827.2677,69.56246994410984
1143,8,429.27466,433.95667,409.25644,419.20294,394.03918,404.62134,7.3871896807233215
1143,9,320.64212,498.3156,339.12292,487.76257,358.3615,479.19257,5.716523125499846
1143,10,322.79642,587.21027,306.03098,615.9893,295.00107,649.6061,12.05819809049889
1143,4,667.15704,690.0815,680.853,693.9084,681.84937,702.7899,67.9879504354007
1143,1,527.9269,821.5269,521.66064,825.0181,520.396,839.15186,55.762731795385626
1143,3,693.2587,724.4055,680.64856,695.303,668.38446,666.0197,0.702764932089279
1144,2,679.72064,756.4085,659.76996,765.48126,639.1801,772.3237,6.071248398851992
1144,5,425.34348,814.84845,437.81808,827.54626,454.90744,835.63135,20.188901744571307
1144,7,495.7852,827.23944,499.65158,827.79834,491.0725,826.09,176.9635225401881
1144,8,427.708,433.84888,408.0132,418.31262,393.54327,402.98953,8.372102038550564
1144,10,322.94632,586.3669,308.21228,615.0217,295.7575,648.1672,6.6175209262881545
1144,4,679.48553,679.28534,685.06366,699.7592,692.9407,726.1476,1.3802681564483228
1144,1,509.4985,826.3114,518.0605,829.11676,522.50714,842.5012,53.48067327110359
1144,3,694.062,725.3124,681.4383,695.40607,668.11426,666.2617,1.6836528524054755
1145,2,679.1943,756.84924,659.0022,766.0013,637.49695,771.5127,10.007851665552677
1145,5,426.60995,816.6067,438.73117,830.19885,457.21893,836.91925,28.297599289178113
1145,7,495.6424,826.3518,500.6663,828.077,493.7759,824.9292,174.39961299663491
1145,8,426.3353,432.64032,405.9916,416.61118,390.63312,402.04428,5.249677662578241
1145,10,323.62537,586.848,307.26865,615.35803,295.5541,648.36566,10.303719996347864
1145,4,690.1245,694.5059,697.5554,709.503,692.4825,730.11646,40.18363731640876
1145,1,498.36194,825.82874,514.3109,828.21356,521.9241,841.9131,52.433661901508145
1145,3,693.1162,726.43536,681.3915,695.4767,668.37946,667.50354,4.2032816713092345
1146,2,675.7628,757.5093,657.3281,766.75366,637.5053,770.1903,16.79675028970075
1146,5,423.25464,827.20886,438.36975,832.5538,458.31894,840.02844,1.0656943090981057
1146,7,493.51227,825.89496,503.0699,828.05383,506.849,829.7767,11.779133745125112
1146,8,425.5812,431.318,405.28207,416.1299,390.78683,401.8746,7.717521155205206
1146,9,318.46048,500.669,336.70148,488.2952,356.44794,479.97168,11.294681939250005
1146,10,324.07483,586.39813,307.77286,614.62665,294.87885,647.9377,8.84606684030318
1146,4,689.8729,691.9493,697.6938,714.24774,696.4356,741.2451,21.995840684845756
1146,1,502.51367,828.05005,512.70483,829.4105,520.25195,839.6682,46.05236850538733
1146,3,691.31573,728.87067,680.8283,697.9294,667.82275,669.4729,5.838081074215921
